track,quarter_region,year,activity,predicted_eok,actual_eok,abs_error_eok,ape_pct
recursive_no_target_actual,강원,2021,건설업,43753.66991739202,45223.479999999996,1469.8100826079753,3.2501038898553927
recursive_no_target_actual,강원,2021,"공공 행정, 국방·사회보장",113838.29298770576,118373.08,4534.78701229424,3.830927616561333
recursive_no_target_actual,강원,2021,"광업, 제조업",58649.799273495315,56256.520000000004,2393.279273495311,4.2542255964203095
recursive_no_target_actual,강원,2021,교육 서비스업,37504.435400834736,37042.25,462.18540083473636,1.2477249649649693
recursive_no_target_actual,강원,2021,금융 및 보험업,21538.631209721836,21017.8,520.8312097218368,2.478048176887385
recursive_no_target_actual,강원,2021,기타산업 및 순생산물세,73049.49975652201,71769.41,1280.0897565220075,1.7836147134580143
recursive_no_target_actual,강원,2021,도매 및 소매업,28113.430727614177,27361.489999999998,751.9407276141792,2.7481717099989043
recursive_no_target_actual,강원,2021,문화 및 기타서비스업,21632.82123911395,24249.260000000002,2616.4387608860525,10.78976744397995
recursive_no_target_actual,강원,2021,보건 및 사회복지업,33931.51676647173,33911.31,20.206766471732408,0.05958710079832484
recursive_no_target_actual,강원,2021,부동산업,30749.05381343225,31374.010000000002,624.9561865677533,1.9919550818264968
recursive_no_target_actual,강원,2021,사업서비스업,22614.65495956186,23138.75,524.0950404381401,2.265010168821307
recursive_no_target_actual,강원,2021,서비스업,361282.07315960823,370015.11,8733.036840391753,2.360183842327886
recursive_no_target_actual,강원,2021,숙박 및 음식점업,20041.839792614726,21031.660000000003,989.8202073852772,4.7063341998932895
recursive_no_target_actual,강원,2021,운수 및 창고업,21776.540497725982,23092.23,1315.6895022740173,5.697541996914189
recursive_no_target_actual,강원,2021,정보통신업,9540.85576481123,9423.24,117.61576481122938,1.2481456994752271
recursive_no_target_actual,강원,2022,건설업,45671.78878777394,40129.18,5542.608787773941,13.811916385467985
recursive_no_target_actual,강원,2022,"공공 행정, 국방·사회보장",121727.38580866474,117832.94999999998,3894.4358086647553,3.305048213309398
recursive_no_target_actual,강원,2022,"광업, 제조업",57618.65981991064,57979.57,360.91018008936226,0.6224781937661185
recursive_no_target_actual,강원,2022,교육 서비스업,38526.88580315379,38790.950000000004,264.06419684621505,0.6807366069823374
recursive_no_target_actual,강원,2022,금융 및 보험업,21592.612257461762,21950.71,358.09774253823707,1.6313720264093376
recursive_no_target_actual,강원,2022,기타산업 및 순생산물세,71002.05787479339,73597.88,2595.822125206614,3.527033829244285
recursive_no_target_actual,강원,2022,도매 및 소매업,28363.787407937307,27109.08,1254.707407937305,4.628365875704026
recursive_no_target_actual,강원,2022,문화 및 기타서비스업,25639.82567447194,25280.17,359.6556744719419,1.4226790186614329
recursive_no_target_actual,강원,2022,보건 및 사회복지업,35865.242021823826,35580.59,284.6520218238293,0.8000205219301572
recursive_no_target_actual,강원,2022,부동산업,30754.890917481658,32091.46,1336.569082518341,4.164874650509328
recursive_no_target_actual,강원,2022,사업서비스업,23741.016289285355,23145.95,595.0662892853543,2.570930505273511
recursive_no_target_actual,강원,2022,서비스업,385837.09378756955,378781.99,7055.103787569562,1.8625763562754294
recursive_no_target_actual,강원,2022,숙박 및 음식점업,23936.0833360833,22192.09,1743.9933360832983,7.858625916185895
recursive_no_target_actual,강원,2022,운수 및 창고업,26046.63482224784,25259.71,786.9248222478418,3.115335933183088
recursive_no_target_actual,강원,2022,정보통신업,9642.72944895802,9671.23,28.500551041979634,0.29469417066887704
recursive_no_target_actual,강원,2023,건설업,39897.18950247014,40879.91,982.7204975298664,2.403920403762793
recursive_no_target_actual,강원,2023,"공공 행정, 국방·사회보장",120315.98708405915,122505.76000000001,2189.7729159408627,1.7874856789924514
recursive_no_target_actual,강원,2023,"광업, 제조업",58750.10565272177,59510.81,760.7043472782243,1.2782624657238313
recursive_no_target_actual,강원,2023,교육 서비스업,39245.89199515758,40036.99,791.0980048424171,1.9759177821370117
recursive_no_target_actual,강원,2023,금융 및 보험업,22085.00612243229,21909.14,175.86612243228956,0.8027066440412064
recursive_no_target_actual,강원,2023,기타산업 및 순생산물세,70989.3951082589,73935.65,2946.2548917410895,3.9848907688524946
recursive_no_target_actual,강원,2023,도매 및 소매업,26220.838349267113,27236.800000000003,1015.9616507328901,3.730106513000389
recursive_no_target_actual,강원,2023,문화 및 기타서비스업,26566.675291464497,26629.37,62.694708535502286,0.23543444150388196
recursive_no_target_actual,강원,2023,보건 및 사회복지업,36769.687763403395,36587.34,182.34776340339886,0.4983903268272547
recursive_no_target_actual,강원,2023,부동산업,32367.942337091852,32071.78,296.16233709185326,0.9234359212112745
recursive_no_target_actual,강원,2023,사업서비스업,24302.74859667047,26434.71,2131.9614033295293,8.065007724047396
recursive_no_target_actual,강원,2023,서비스업,389639.0862387705,389730.16000000003,91.07376122951973,0.02336841501553786
recursive_no_target_actual,강원,2023,숙박 및 음식점업,21877.977282817497,22663.83,785.8527171825044,3.467431220506439
recursive_no_target_actual,강원,2023,운수 및 창고업,29804.688549492406,23618.84,6185.848549492406,26.190314805860094
recursive_no_target_actual,강원,2023,정보통신업,10081.642866914272,9788.16,293.48286691427165,2.99834562281646
recursive_no_target_actual,강원,2024,건설업,38682.699846310265,40034.0,1351.3001536897355,3.375381310110744
recursive_no_target_actual,강원,2024,"공공 행정, 국방·사회보장",122824.56522310845,124111.01000000001,1286.444776891556,1.036527522329853
recursive_no_target_actual,강원,2024,"광업, 제조업",61233.69982583523,57208.0,4025.6998258352323,7.036952569282675
recursive_no_target_actual,강원,2024,교육 서비스업,39683.68807607454,40605.479999999996,921.7919239254552,2.2701170480571964
recursive_no_target_actual,강원,2024,금융 및 보험업,22884.22770763117,22231.71,652.5177076311702,2.935076553405789
recursive_no_target_actual,강원,2024,기타산업 및 순생산물세,75193.17768866275,70299.32,4893.857688662742,6.961458074790398
recursive_no_target_actual,강원,2024,도매 및 소매업,25838.518532653317,26787.84,949.3214673466828,3.5438522379806763
recursive_no_target_actual,강원,2024,문화 및 기타서비스업,26596.843396267253,26699.76,102.91660373274499,0.3854589094911153
recursive_no_target_actual,강원,2024,보건 및 사회복지업,38118.96043668708,38063.43,55.53043668707687,0.14588920832168006
recursive_no_target_actual,강원,2024,부동산업,32997.14088323424,33232.270000000004,235.12911676576186,0.7075325181390312
recursive_no_target_actual,강원,2024,사업서비스업,24206.730677946805,27170.519999999997,2963.7893220531914,10.908106734995105
recursive_no_target_actual,강원,2024,서비스업,397347.9466388887,394443.01,2904.93663888867,0.7364654881040154
recursive_no_target_actual,강원,2024,숙박 및 음식점업,21549.112960333492,21975.86,426.7470396665085,1.941890054207246
recursive_no_target_actual,강원,2024,운수 및 창고업,32519.991458580254,23894.61,8625.381458580254,36.09760300996858
recursive_no_target_actual,강원,2024,정보통신업,10128.167286372069,9554.099999999999,574.0672863720702,6.0085961667982355
recursive_no_target_actual,강원,2025,건설업,35128.40627519743,34959.83,168.57627519742528,0.4821999283103644
recursive_no_target_actual,강원,2025,"공공 행정, 국방·사회보장",125019.07390665085,126451.44,1432.3660933491483,1.132740041038005
recursive_no_target_actual,강원,2025,"광업, 제조업",62582.88898158554,56626.65,5956.238981585535,10.518437840814412
recursive_no_target_actual,강원,2025,교육 서비스업,39554.65498316251,41325.44,1770.7850168374935,4.284975590913233
recursive_no_target_actual,강원,2025,금융 및 보험업,23978.4486810368,23147.41,831.0386810368,3.5902015864271637
recursive_no_target_actual,강원,2025,기타산업 및 순생산물세,75053.26083566668,71247.34,3805.9208356666786,5.341842706923064
recursive_no_target_actual,강원,2025,도매 및 소매업,26301.531171108974,26608.11,306.5788288910262,1.1522006970469763
recursive_no_target_actual,강원,2025,문화 및 기타서비스업,26360.785297385413,25072.88,1287.9052973854123,5.136646836683349
recursive_no_target_actual,강원,2025,보건 및 사회복지업,40314.44094465441,39880.06,434.380944654411,1.089218382957325
recursive_no_target_actual,강원,2025,부동산업,33120.05518632408,33449.270000000004,329.2148136759206,0.9842212211983118
recursive_no_target_actual,강원,2025,사업서비스업,24193.45331738002,25605.28,1411.8266826199797,5.513810755515971
recursive_no_target_actual,강원,2025,서비스업,403849.49728528276,397056.19,6793.307285282761,1.7109183678216326
recursive_no_target_actual,강원,2025,숙박 및 음식점업,21419.85416033917,21689.940000000002,270.08583966083097,1.2452124794297768
recursive_no_target_actual,강원,2025,운수 및 창고업,33248.63228955057,24762.1,8486.532289550574,34.27226402264176
recursive_no_target_actual,강원,2025,정보통신업,10338.567347689932,9274.75,1063.817347689932,11.470037981508202
recursive_no_target_actual,경기도,2021,건설업,314652.7926627817,321703.91000000003,7051.117337218311,2.1918034310550687
recursive_no_target_actual,경기도,2021,"공공 행정, 국방·사회보장",239466.31521533275,246036.05,6569.734784667235,2.670232587731446
recursive_no_target_actual,경기도,2021,"광업, 제조업",2014307.417924483,2048077.23,33769.81207551691,1.6488544270138146
recursive_no_target_actual,경기도,2021,교육 서비스업,204708.83715109632,202571.1,2137.737151096313,1.0553021389015083
recursive_no_target_actual,경기도,2021,금융 및 보험업,174481.49843773543,172622.02,1859.4784377354372,1.077196546382343
recursive_no_target_actual,경기도,2021,기타산업 및 순생산물세,459863.4169609273,464763.85,4900.433039072668,1.0543920399731324
recursive_no_target_actual,경기도,2021,도매 및 소매업,409824.987527662,416927.52,7102.532472338004,1.703541294740631
recursive_no_target_actual,경기도,2021,문화 및 기타서비스업,153343.4858448514,155714.59,2371.1041551485832,1.5227244634870651
recursive_no_target_actual,경기도,2021,보건 및 사회복지업,244734.93189382847,248464.96000000002,3730.0281061715505,1.5012290289027275
recursive_no_target_actual,경기도,2021,부동산업,432373.59245852684,433766.64,1393.0475414731773,0.32115137795593895
recursive_no_target_actual,경기도,2021,사업서비스업,315041.9115002975,313329.0,1712.9115002974868,0.5466814435617152
recursive_no_target_actual,경기도,2021,서비스업,2688033.957644549,2705518.78,17484.822355450597,0.6462650521853187
recursive_no_target_actual,경기도,2021,숙박 및 음식점업,106197.0225224164,102843.45,3353.5725224164053,3.260851831027066
recursive_no_target_actual,경기도,2021,운수 및 창고업,158162.97490927868,159450.36,1287.3850907213055,0.8073892656757284
recursive_no_target_actual,경기도,2021,정보통신업,249698.4001835231,253793.1,4094.699816476903,1.6134007648265076
recursive_no_target_actual,경기도,2022,건설업,324892.9489900279,341027.97,16135.021009972086,4.731289638785959
recursive_no_target_actual,경기도,2022,"공공 행정, 국방·사회보장",253007.88533263706,252200.29,807.5953326370509,0.32021982712115477
recursive_no_target_actual,경기도,2022,"광업, 제조업",2097666.573019156,2104812.86,7146.286980843637,0.3395212523000091
recursive_no_target_actual,경기도,2022,교육 서비스업,210690.11044470436,209468.67,1221.440444704349,0.5831136678837693
recursive_no_target_actual,경기도,2022,금융 및 보험업,177343.1148070187,183202.6,5859.485192981316,3.1983635565113793
recursive_no_target_actual,경기도,2022,기타산업 및 순생산물세,459794.6364030552,456110.37,3684.266403055226,0.8077576493284346
recursive_no_target_actual,경기도,2022,도매 및 소매업,432200.59235847084,429176.89,3023.702358470822,0.7045352228706495
recursive_no_target_actual,경기도,2022,문화 및 기타서비스업,164643.92299528487,169398.86,4754.937004715117,2.80694746394109
recursive_no_target_actual,경기도,2022,보건 및 사회복지업,262781.23506118683,268780.83,5999.594938813185,2.2321513549955125
recursive_no_target_actual,경기도,2022,부동산업,425206.64397884,426869.29,1662.646021160006,0.389497689365287
recursive_no_target_actual,경기도,2022,사업서비스업,321484.3359326728,329861.86,8377.524067327206,2.5397067934217086
recursive_no_target_actual,경기도,2022,서비스업,2803958.208875012,2816434.87,12476.661124987993,0.4429948392517947
recursive_no_target_actual,경기도,2022,숙박 및 음식점업,117045.77997432045,115514.17,1531.609974320454,1.3259065743366845
recursive_no_target_actual,경기도,2022,운수 및 창고업,179850.33490468242,179881.49000000002,31.15509531760472,0.017319789444486318
recursive_no_target_actual,경기도,2022,정보통신업,259704.2530851939,252945.71,6758.543085193902,2.6719342601991163
recursive_no_target_actual,경기도,2023,건설업,339055.36232983315,321393.35,17662.012329833175,5.495450459641799
recursive_no_target_actual,경기도,2023,"공공 행정, 국방·사회보장",257514.41720127835,258742.18,1227.7627987216401,0.4745120407973838
recursive_no_target_actual,경기도,2023,"광업, 제조업",2137343.027570265,2126228.3200000003,11114.707570264582,0.5227428995144124
recursive_no_target_actual,경기도,2023,교육 서비스업,211903.5747963416,210853.29,1050.2847963415843,0.4981116473646602
recursive_no_target_actual,경기도,2023,금융 및 보험업,184309.1487582925,189524.28,5215.13124170751,2.751695583123972
recursive_no_target_actual,경기도,2023,기타산업 및 순생산물세,439944.7276049821,431151.43,8793.2976049821,2.039491694364113
recursive_no_target_actual,경기도,2023,도매 및 소매업,415114.5268729435,409637.37,5477.156872943509,1.3370745137201494
recursive_no_target_actual,경기도,2023,문화 및 기타서비스업,178118.8398287684,174002.03,4116.809828768397,2.3659550574027195
recursive_no_target_actual,경기도,2023,보건 및 사회복지업,277770.8699572711,282148.49,4377.6200427289,1.5515305585115486
recursive_no_target_actual,경기도,2023,부동산업,430465.40520610975,430654.95999999996,189.5547938902164,0.044015467484739154
recursive_no_target_actual,경기도,2023,사업서비스업,346220.95380302577,341337.5,4883.453803025768,1.4306818919766413
recursive_no_target_actual,경기도,2023,서비스업,2889940.0066418233,2891300.76,1360.7533581764437,0.047063708383504314
recursive_no_target_actual,경기도,2023,숙박 및 음식점업,113881.26260014864,111458.24,2423.02260014863,2.1739286392362103
recursive_no_target_actual,경기도,2023,운수 및 창고업,211715.33912591875,213557.27,1841.9308740812412,0.8624997285651952
recursive_no_target_actual,경기도,2023,정보통신업,262925.66849172494,272502.74,9577.071508275054,3.514486316091741
recursive_no_target_actual,경기도,2024,건설업,328734.3538690836,297256.66000000003,31477.693869083596,10.589399029472911
recursive_no_target_actual,경기도,2024,"공공 행정, 국방·사회보장",262883.5709865507,264243.48,1359.9090134492726,0.5146424098900274
recursive_no_target_actual,경기도,2024,"광업, 제조업",2227696.783197465,2317830.08,90133.29680253519,3.8886930314812025
recursive_no_target_actual,경기도,2024,교육 서비스업,214267.40320899634,214868.4,600.9967910036503,0.2797045963965154
recursive_no_target_actual,경기도,2024,금융 및 보험업,190979.00654418816,192684.24,1705.233455811831,0.8849885469677391
recursive_no_target_actual,경기도,2024,기타산업 및 순생산물세,438484.6293595991,432798.8,5685.829359599098,1.3137350102632213
recursive_no_target_actual,경기도,2024,도매 및 소매업,409061.84054484894,407435.74,1626.100544848945,0.3991060148157216
recursive_no_target_actual,경기도,2024,문화 및 기타서비스업,178321.10480051767,174029.65000000002,4291.4548005176475,2.465933132956164
recursive_no_target_actual,경기도,2024,보건 및 사회복지업,287963.7398744479,298892.19,10928.450125552074,3.6563183954562595
recursive_no_target_actual,경기도,2024,부동산업,438833.1971497423,435358.21,3474.9871497422573,0.7981903338270013
recursive_no_target_actual,경기도,2024,사업서비스업,344853.066739945,332474.65,12378.41673994495,3.723115954838948
recursive_no_target_actual,경기도,2024,서비스업,2934474.6533293263,2944164.2800000003,9689.626670673955,0.3291129756751873
recursive_no_target_actual,경기도,2024,숙박 및 음식점업,112169.42773605295,108860.75,3308.6777360529522,3.0393670225980918
recursive_no_target_actual,경기도,2024,운수 및 창고업,231003.28690207217,241081.8,10078.513097927818,4.1805366883472
recursive_no_target_actual,경기도,2024,정보통신업,264139.00884196436,281827.48,17688.471158035623,6.276347202918475
recursive_no_target_actual,경기도,2025,건설업,298529.1612325033,263385.56,35143.60123250331,13.343025043781182
recursive_no_target_actual,경기도,2025,"공공 행정, 국방·사회보장",267580.516408199,268274.55,694.0335918010096,0.2587027326300648
recursive_no_target_actual,경기도,2025,"광업, 제조업",2276780.610415786,2452497.47,175716.85958421417,7.1648130827313
recursive_no_target_actual,경기도,2025,교육 서비스업,213570.70421032247,214185.27000000002,614.565789677552,0.28693186495857154
recursive_no_target_actual,경기도,2025,금융 및 보험업,200110.76476258482,196417.5,3693.2647625848185,1.8803134968039092
recursive_no_target_actual,경기도,2025,기타산업 및 순생산물세,437668.71239328646,434304.63,3364.0823932864587,0.7745904972936758
recursive_no_target_actual,경기도,2025,도매 및 소매업,416392.0132032713,417229.31,837.2967967286822,0.20068024385168007
recursive_no_target_actual,경기도,2025,문화 및 기타서비스업,176738.43048227028,179569.28,2830.8495177297154,1.5764664856537354
recursive_no_target_actual,경기도,2025,보건 및 사회복지업,304549.1548661762,318407.07,13857.915133823815,4.352263639693621
recursive_no_target_actual,경기도,2025,부동산업,440467.8501880531,434445.49,6022.360188053106,1.3862176790126435
recursive_no_target_actual,경기도,2025,사업서비스업,344663.91527746187,332145.25,12518.66527746187,3.769033360393343
recursive_no_target_actual,경기도,2025,서비스업,2981375.2467506733,2994846.6500000004,13471.403249327093,0.4498194673616123
recursive_no_target_actual,경기도,2025,숙박 및 음식점업,111496.59792389777,105013.9,6482.69792389778,6.173180811204784
recursive_no_target_actual,경기도,2025,운수 및 창고업,236179.1316478982,246030.5,9851.368352101796,4.004124834970378
recursive_no_target_actual,경기도,2025,정보통신업,269626.1677805383,291937.61,22311.442219461664,7.642537807808204
recursive_no_target_actual,경남,2021,건설업,56496.3824622133,53527.61,2968.772462213303,5.546245128847156
recursive_no_target_actual,경남,2021,"공공 행정, 국방·사회보장",101936.71594806126,97631.08,4305.635948061259,4.410107875546658
recursive_no_target_actual,경남,2021,"광업, 제조업",427052.7159243432,399848.78,27203.935924343183,6.803556065456341
recursive_no_target_actual,경남,2021,교육 서비스업,58885.02290822499,58903.61,18.58709177500714,0.03155509785394671
recursive_no_target_actual,경남,2021,금융 및 보험업,44919.4718100124,43578.11,1341.3618100124004,3.0780632983220255
recursive_no_target_actual,경남,2021,기타산업 및 순생산물세,147011.96999961277,143587.82,3424.1499996127677,2.384707839155694
recursive_no_target_actual,경남,2021,도매 및 소매업,60289.65583072913,60312.5,22.844169270872953,0.03787634283253547
recursive_no_target_actual,경남,2021,문화 및 기타서비스업,34684.52928770998,35233.41,548.8807122900253,1.5578415835708925
recursive_no_target_actual,경남,2021,보건 및 사회복지업,67674.36745579063,67001.92,672.447455790636,1.003624158517601
recursive_no_target_actual,경남,2021,부동산업,70518.23733537353,72950.53,2432.2926646264677,3.334167228978964
recursive_no_target_actual,경남,2021,사업서비스업,49420.43282502751,50572.979999999996,1152.5471749724893,2.278978171688695
recursive_no_target_actual,경남,2021,서비스업,571087.5959794507,572636.13,1548.5340205492685,0.27042199040938414
recursive_no_target_actual,경남,2021,숙박 및 음식점업,23724.943469802518,24944.850000000002,1219.9065301974842,4.890414374900968
recursive_no_target_actual,경남,2021,운수 및 창고업,39127.03113261968,41806.119999999995,2679.088867380313,6.40836525221741
recursive_no_target_actual,경남,2021,정보통신업,19907.187976099096,19700.98,206.2079760990964,1.0466889266376413
recursive_no_target_actual,경남,2022,건설업,54058.247421198845,54597.32,539.072578801155,0.9873608792540641
recursive_no_target_actual,경남,2022,"공공 행정, 국방·사회보장",100397.62719170777,101433.27,1035.6428082922357,1.021008992702528
recursive_no_target_actual,경남,2022,"광업, 제조업",409530.18814190995,414604.77,5074.581858090067,1.2239564581203604
recursive_no_target_actual,경남,2022,교육 서비스업,61264.47607923342,61814.4,549.9239207665814,0.8896372378710808
recursive_no_target_actual,경남,2022,금융 및 보험업,44769.92111400732,44532.11,237.81111400731606,0.5340216621384346
recursive_no_target_actual,경남,2022,기타산업 및 순생산물세,142052.5918459608,149984.31,7931.718154039205,5.288365265699595
recursive_no_target_actual,경남,2022,도매 및 소매업,62521.925136143676,61653.27,868.6551361436796,1.4089360323364513
recursive_no_target_actual,경남,2022,문화 및 기타서비스업,37253.84270607719,35780.84,1473.00270607719,4.116735957225124
recursive_no_target_actual,경남,2022,보건 및 사회복지업,70862.47506870239,70553.9,308.5750687023974,0.4373607535549381
recursive_no_target_actual,경남,2022,부동산업,71510.91499952263,73134.43,1623.5150004773604,2.2199051807436807
recursive_no_target_actual,경남,2022,사업서비스업,51889.28467072305,51856.93,32.35467072304891,0.06239218311428947
recursive_no_target_actual,경남,2022,서비스업,596174.7457623265,591779.91,4394.835762326489,0.7426470023841277
recursive_no_target_actual,경남,2022,숙박 및 음식점업,28389.64877775325,26898.48,1491.1687777532497,5.543691605448522
recursive_no_target_actual,경남,2022,운수 및 창고업,47154.778964241224,44094.7,3060.0789642412274,6.939788600991112
recursive_no_target_actual,경남,2022,정보통신업,20159.851054214574,20015.75,144.1010542145741,0.7199383196461492
recursive_no_target_actual,경남,2023,건설업,54281.32391145361,57979.09,3697.7660885463847,6.377758065099651
recursive_no_target_actual,경남,2023,"공공 행정, 국방·사회보장",103568.30226281473,102533.68000000001,1034.6222628147225,1.009056012438764
recursive_no_target_actual,경남,2023,"광업, 제조업",420572.53180250333,443218.75,22646.218197496666,5.109490110131095
recursive_no_target_actual,경남,2023,교육 서비스업,62536.84586131303,62154.59,382.25586131303135,0.6150082581399562
recursive_no_target_actual,경남,2023,금융 및 보험업,44801.341266184274,45215.24,413.898733815724,0.9153965207653967
recursive_no_target_actual,경남,2023,기타산업 및 순생산물세,144668.50733512413,145903.06,1234.5526648758678,0.8461458346904224
recursive_no_target_actual,경남,2023,도매 및 소매업,59633.130509248105,58745.44,887.6905092481029,1.5110798544501547
recursive_no_target_actual,경남,2023,문화 및 기타서비스업,37602.93974638758,38186.39,583.45025361242,1.5279010495949474
recursive_no_target_actual,경남,2023,보건 및 사회복지업,72913.47525465461,72594.66,318.81525465460436,0.43917177193832757
recursive_no_target_actual,경남,2023,부동산업,73757.04586757904,72730.81,1026.2358675790456,1.4110056901319339
recursive_no_target_actual,경남,2023,사업서비스업,54440.78973610283,52782.2,1658.5897361028328,3.14232778494044
recursive_no_target_actual,경남,2023,서비스업,608286.1677022146,599837.28,8448.887702214532,1.4085299436898173
recursive_no_target_actual,경남,2023,숙박 및 음식점업,26519.105116641662,25250.86,1268.2451166416613,5.022581871039882
recursive_no_target_actual,경남,2023,운수 및 창고업,51673.875995516275,50337.59,1336.2859955162785,2.6546483363948865
recursive_no_target_actual,경남,2023,정보통신업,20839.3160857725,19808.56,1030.7560857725002,5.203589184536888
recursive_no_target_actual,경남,2024,건설업,52628.97427893019,57725.79,5096.815721069812,8.829356377920183
recursive_no_target_actual,경남,2024,"공공 행정, 국방·사회보장",105727.69259199378,106016.69,288.99740800622385,0.2725961431225818
recursive_no_target_actual,경남,2024,"광업, 제조업",438351.7592226311,468504.22,30152.460777368862,6.435899505316914
recursive_no_target_actual,경남,2024,교육 서비스업,63234.45737271324,62101.61,1132.8473727132368,1.8241835802859812
recursive_no_target_actual,경남,2024,금융 및 보험업,46422.631239449285,46045.89,376.7412394492858,0.8181864645232958
recursive_no_target_actual,경남,2024,기타산업 및 순생산물세,148384.63874869057,152692.68,4308.04125130942,2.8213803381468057
recursive_no_target_actual,경남,2024,도매 및 소매업,58763.63399595147,57979.270000000004,784.3639959514694,1.352835239131968
recursive_no_target_actual,경남,2024,문화 및 기타서비스업,37645.64021284472,38033.81,388.1697871552751,1.0205913821288877
recursive_no_target_actual,경남,2024,보건 및 사회복지업,75589.05303786244,74543.14,1045.9130378624395,1.403097639651938
recursive_no_target_actual,경남,2024,부동산업,75190.80478695458,72385.25,2805.5547869545844,3.875865299842971
recursive_no_target_actual,경남,2024,사업서비스업,54225.699195897454,54523.590000000004,297.89080410254974,0.5463521461124436
recursive_no_target_actual,경남,2024,서비스업,620237.1057540518,607522.59,12714.515754051856,2.092846581071472
recursive_no_target_actual,경남,2024,숙박 및 음식점업,26120.476512894285,24783.53,1336.9465128942866,5.394495912786785
recursive_no_target_actual,경남,2024,운수 및 창고업,56381.53216113856,52548.9,3832.6321611385574,7.293458399963762
recursive_no_target_actual,경남,2024,정보통신업,20935.484646352037,19145.870000000003,1789.6146463520345,9.347262079769862
recursive_no_target_actual,경남,2025,건설업,47793.25118625399,52078.25,4284.99881374601,8.228000775268004
recursive_no_target_actual,경남,2025,"공공 행정, 국방·사회보장",107616.73114924469,108122.03,505.2988507553091,0.4673412539103355
recursive_no_target_actual,경남,2025,"광업, 제조업",448010.1571575818,464728.5,16718.342842418177,3.5974429892761424
recursive_no_target_actual,경남,2025,교육 서비스업,63028.84801509068,62659.520000000004,369.3280150906794,0.589420434581496
recursive_no_target_actual,경남,2025,금융 및 보험업,48642.352935626164,47028.87,1613.4829356261616,3.430835007573351
recursive_no_target_actual,경남,2025,기타산업 및 순생산물세,148108.52976746572,154089.47999999998,5980.950232534262,3.8814786269213593
recursive_no_target_actual,경남,2025,도매 및 소매업,59816.64735611465,57940.83,1875.8173561146468,3.237470633600946
recursive_no_target_actual,경남,2025,문화 및 기타서비스업,37311.51942537258,36499.880000000005,811.6394253725739,2.2236769692738
recursive_no_target_actual,경남,2025,보건 및 사회복지업,79942.64218770232,77623.0,2319.642187702324,2.9883439028410703
recursive_no_target_actual,경남,2025,부동산업,75470.89042836991,66670.9,8799.990428369914,13.199147496688832
recursive_no_target_actual,경남,2025,사업서비스업,54195.95646980243,54090.82,105.13646980243357,0.1943702643118251
recursive_no_target_actual,경남,2025,서비스업,631004.5915097726,606507.15,24497.441509772558,4.039101848967907
recursive_no_target_actual,경남,2025,숙박 및 음식점업,25963.797142585565,24644.52,1319.2771425855644,5.353227178235017
recursive_no_target_actual,경남,2025,운수 및 창고업,57644.813133939446,53809.41,3835.4031339394423,7.127755412927668
recursive_no_target_actual,경남,2025,정보통신업,21370.39326592417,17843.2,3527.1932659241684,19.767716922548466
recursive_no_target_actual,경북,2021,건설업,57097.16035275722,56017.2,1079.9603527572253,1.9279084866027318
recursive_no_target_actual,경북,2021,"공공 행정, 국방·사회보장",94394.27308491251,92456.93,1937.3430849125143,2.0954006204970406
recursive_no_target_actual,경북,2021,"광업, 제조업",484702.38805076666,462046.31,22656.078050766664,4.903421488371299
recursive_no_target_actual,경북,2021,교육 서비스업,49164.27405997289,49070.39,93.88405997289374,0.19132527777524028
recursive_no_target_actual,경북,2021,금융 및 보험업,33786.03353986644,32990.88,795.1535398664419,2.410222279206987
recursive_no_target_actual,경북,2021,기타산업 및 순생산물세,169474.273041262,165896.67,3577.6030412619875,2.1565249267884563
recursive_no_target_actual,경북,2021,도매 및 소매업,43127.90082822035,44004.75,876.8491717796496,1.992623913963037
recursive_no_target_actual,경북,2021,문화 및 기타서비스업,32420.613104645134,32458.83,38.21689535486803,0.11773959614338542
recursive_no_target_actual,경북,2021,보건 및 사회복지업,48583.29174211233,48195.74,387.5517421123295,0.8041203270503358
recursive_no_target_actual,경북,2021,부동산업,52443.437707854755,52855.369999999995,411.93229214524035,0.7793575035899671
recursive_no_target_actual,경북,2021,사업서비스업,43412.03777813955,42905.99,506.047778139553,1.1794338695822029
recursive_no_target_actual,경북,2021,서비스업,464628.93377378426,464966.37,337.4362262157374,0.0725721789762424
recursive_no_target_actual,경북,2021,숙박 및 음식점업,18759.39987026822,20120.29,1360.8901297317825,6.763769954268961
recursive_no_target_actual,경북,2021,운수 및 창고업,34257.204423489835,35905.69,1648.4855765101674,4.591154149969454
recursive_no_target_actual,경북,2021,정보통신업,14280.467634302284,14001.52,278.9476343022834,1.9922667989067142
recursive_no_target_actual,경북,2022,건설업,56572.50653588164,59991.76,3419.2534641183593,5.699538510152659
recursive_no_target_actual,경북,2022,"공공 행정, 국방·사회보장",95076.82830824974,98101.07,3024.2416917502705,3.082781555542942
recursive_no_target_actual,경북,2022,"광업, 제조업",473233.61336860363,451529.03,21704.583368603606,4.806907624212689
recursive_no_target_actual,경북,2022,교육 서비스업,51037.142526584124,50696.729999999996,340.4125265841285,0.6714684094696611
recursive_no_target_actual,경북,2022,금융 및 보험업,33893.14784981331,33959.44,66.29215018669493,0.1952097861057041
recursive_no_target_actual,경북,2022,기타산업 및 순생산물세,164122.91761316557,163812.81,310.1076131655718,0.18930608245202057
recursive_no_target_actual,경북,2022,도매 및 소매업,45616.73063120078,43712.229999999996,1904.5006312007827,4.356905678801523
recursive_no_target_actual,경북,2022,문화 및 기타서비스업,34320.16713062194,32021.550000000003,2298.6171306219403,7.1783443669089735
recursive_no_target_actual,경북,2022,보건 및 사회복지업,50972.72501477812,50535.28,437.44501477812446,0.8656230157983185
recursive_no_target_actual,경북,2022,부동산업,51812.31543264071,52201.15,388.8345673592921,0.7448773970674825
recursive_no_target_actual,경북,2022,사업서비스업,44022.74830189321,42871.84,1150.9083018932142,2.6845320888798203
recursive_no_target_actual,경북,2022,서비스업,484477.711323345,481251.48,3226.2313233450404,0.6703836678788064
recursive_no_target_actual,경북,2022,숙박 및 음식점업,22898.83348292497,23369.5,470.66651707503115,2.0140204842852056
recursive_no_target_actual,경북,2022,운수 및 창고업,40499.42924544264,39589.84,909.589245442643,2.2975320068043796
recursive_no_target_actual,경북,2022,정보통신업,14327.643399195522,14337.1,9.456600804478512,0.06595895128358253
recursive_no_target_actual,경북,2023,건설업,59654.09932598968,65788.88,6134.780674010326,9.32495077285147
recursive_no_target_actual,경북,2023,"공공 행정, 국방·사회보장",100165.78504322503,98848.43000000001,1317.3550432250195,1.3327020401082945
recursive_no_target_actual,경북,2023,"광업, 제조업",460322.7603281648,461852.22,1529.4596718351822,0.33115780451053856
recursive_no_target_actual,경북,2023,교육 서비스업,51287.69622517555,51559.009999999995,271.31377482444805,0.5262199076833478
recursive_no_target_actual,경북,2023,금융 및 보험업,34170.10100666047,35343.7,1173.598993339525,3.320532353261048
recursive_no_target_actual,경북,2023,기타산업 및 순생산물세,158006.89222140834,161647.63,3640.7377785916615,2.2522679600014315
recursive_no_target_actual,경북,2023,도매 및 소매업,42279.95312670403,41853.91,426.0431267040258,1.017929093611626
recursive_no_target_actual,경북,2023,문화 및 기타서비스업,33646.60333083707,32193.62,1452.983330837069,4.513264835818616
recursive_no_target_actual,경북,2023,보건 및 사회복지업,52225.89214435261,50838.49,1387.4021443526144,2.729038852949044
recursive_no_target_actual,경북,2023,부동산업,52626.307895085054,53193.84,567.5321049149425,1.0669132082115946
recursive_no_target_actual,경북,2023,사업서비스업,44996.84601230381,49811.13,4814.283987696188,9.665076836635082
recursive_no_target_actual,경북,2023,서비스업,496044.22255072556,493526.08999999997,2518.132550725597,0.5102329140746332
recursive_no_target_actual,경북,2023,숙박 및 음식점업,23135.52041746565,22718.28,417.24041746565126,1.836584536618315
recursive_no_target_actual,경북,2023,운수 및 창고업,46565.67700740695,42277.899999999994,4287.777007406956,10.141887386570659
recursive_no_target_actual,경북,2023,정보통신업,14943.840341509283,15038.52,94.67965849071697,0.62958095936779
recursive_no_target_actual,경북,2024,건설업,57838.199823232404,65068.439999999995,7230.240176767591,11.111746611364268
recursive_no_target_actual,경북,2024,"공공 행정, 국방·사회보장",102254.23317659399,100251.6,2002.633176593983,1.9976071968866163
recursive_no_target_actual,경북,2024,"광업, 제조업",479782.3836360859,460793.39,18988.993636085885,4.120934468284339
recursive_no_target_actual,경북,2024,교육 서비스업,51859.8211346925,51669.44,190.38113469249947,0.36845983756065376
recursive_no_target_actual,경북,2024,금융 및 보험업,35406.66314033406,35874.51,467.84685966594407,1.3041205570917738
recursive_no_target_actual,경북,2024,기타산업 및 순생산물세,164396.9988164196,165951.14,1554.1411835804174,0.9365052771438733
recursive_no_target_actual,경북,2024,도매 및 소매업,41663.47917150369,41433.4,230.0791715036903,0.5552987963905697
recursive_no_target_actual,경북,2024,문화 및 기타서비스업,33684.81113231788,31822.71,1862.1011323178827,5.851485094506039
recursive_no_target_actual,경북,2024,보건 및 사회복지업,54142.334012493,52991.67,1150.6640124929982,2.171405453900581
recursive_no_target_actual,경북,2024,부동산업,53649.30762956259,53805.729999999996,156.42237043740897,0.2907169374663423
recursive_no_target_actual,경북,2024,사업서비스업,44819.06762291527,49280.65,4461.582377084735,9.053416253813078
recursive_no_target_actual,경북,2024,서비스업,506088.2325313904,500969.58999999997,5118.642531390418,1.0217471546307668
recursive_no_target_actual,경북,2024,숙박 및 음식점업,22787.753018814034,22319.440000000002,468.31301881403124,2.0982292513344025
recursive_no_target_actual,경북,2024,운수 및 창고업,50807.959829181666,47336.52,3471.4398291816688,7.333534085694658
recursive_no_target_actual,경북,2024,정보통신업,15012.802662981749,15051.0,38.197337018251346,0.2537860409158949
recursive_no_target_actual,경북,2025,건설업,52523.83597031578,55647.69,3123.8540296842257,5.613627501310882
recursive_no_target_actual,경북,2025,"공공 행정, 국방·사회보장",104081.2113729132,102529.75,1551.461372913196,1.5131816598725696
recursive_no_target_actual,경북,2025,"광업, 제조업",490353.64081902563,475547.24,14806.400819025643,3.1135499428039246
recursive_no_target_actual,경북,2025,교육 서비스업,51691.196860001946,52326.51,635.3131399980557,1.2141324540812213
recursive_no_target_actual,경북,2025,금융 및 보험업,37099.65072555818,36306.899999999994,792.7507255581877,2.1834712563126786
recursive_no_target_actual,경북,2025,기타산업 및 순생산물세,164091.09459181517,167487.85,3396.7554081848357,2.028060786609199
recursive_no_target_actual,경북,2025,도매 및 소매업,42410.066766843636,41166.08,1243.9867668436345,3.021873267611671
recursive_no_target_actual,경북,2025,문화 및 기타서비스업,33385.84435800493,30778.4,2607.4443580049265,8.471669605973432
recursive_no_target_actual,경북,2025,보건 및 사회복지업,57260.68870051545,54374.57,2886.1187005154497,5.3078464813890935
recursive_no_target_actual,경북,2025,부동산업,53849.1512245539,51116.87,2732.2812245538953,5.345165352561483
recursive_no_target_actual,경북,2025,사업서비스업,44794.48442210993,51769.380000000005,6974.895577890078,13.473013541769435
recursive_no_target_actual,경북,2025,서비스업,514494.39351175935,504971.94,9522.453511759348,1.8857391386458717
recursive_no_target_actual,경북,2025,숙박 및 음식점업,22651.064440717993,22572.96,78.1044407179943,0.34600885625099365
recursive_no_target_actual,경북,2025,운수 및 창고업,51946.35969982719,47968.770000000004,3977.5896998271855,8.292040216639252
recursive_no_target_actual,경북,2025,정보통신업,15324.674940713034,14475.970000000001,848.7049407130326,5.8628536858879405
recursive_no_target_actual,광주,2021,건설업,22835.946690966703,23493.58,657.6333090332992,2.799204331708063
recursive_no_target_actual,광주,2021,"공공 행정, 국방·사회보장",28942.903691842756,28993.96,51.05630815724362,0.17609291092780574
recursive_no_target_actual,광주,2021,"광업, 제조업",122461.03745259806,120800.86,1660.1774525980582,1.3743092992864936
recursive_no_target_actual,광주,2021,교육 서비스업,29406.786672482976,29073.85,332.9366724829779,1.145141329693102
recursive_no_target_actual,광주,2021,금융 및 보험업,25887.9269394442,24817.690000000002,1070.2369394441994,4.312395470505914
recursive_no_target_actual,광주,2021,기타산업 및 순생산물세,37040.51837651366,36594.71,445.80837651366164,1.2182317512931833
recursive_no_target_actual,광주,2021,도매 및 소매업,34943.939382312805,34981.009999999995,37.07061768718995,0.105973548754567
recursive_no_target_actual,광주,2021,문화 및 기타서비스업,17227.307201773132,16556.62,670.687201773133,4.050870297036068
recursive_no_target_actual,광주,2021,보건 및 사회복지업,45250.05354944583,44400.85,849.2035494458323,1.9125839920763505
recursive_no_target_actual,광주,2021,부동산업,44132.8515699582,45014.770000000004,881.9184300418055,1.9591756884280547
recursive_no_target_actual,광주,2021,사업서비스업,30573.320726101207,30800.62,227.2992738987923,0.7379698002793201
recursive_no_target_actual,광주,2021,서비스업,294263.28819855244,293850.43,412.85819855245063,0.14049943658494923
recursive_no_target_actual,광주,2021,숙박 및 음식점업,10041.077811523879,10841.96,800.8821884761201,7.3868764363281185
recursive_no_target_actual,광주,2021,운수 및 창고업,12643.238715263893,12826.25,183.01128473610697,1.4268495057877943
recursive_no_target_actual,광주,2021,정보통신업,15213.881938403549,15542.880000000001,328.9980615964523,2.116712357017826
recursive_no_target_actual,광주,2022,건설업,23726.481090834826,21008.260000000002,2718.2210908348243,12.93882068688613
recursive_no_target_actual,광주,2022,"공공 행정, 국방·사회보장",29815.55144873715,29589.4,226.15144873714962,0.7642988662735628
recursive_no_target_actual,광주,2022,"광업, 제조업",123725.7687424902,125911.36,2185.5912575098046,1.7358173698622623
recursive_no_target_actual,광주,2022,교육 서비스업,30239.134676436435,30812.0,572.8653235635647,1.859227974696757
recursive_no_target_actual,광주,2022,금융 및 보험업,25496.426663781665,25482.399999999998,14.026663781667594,0.05504451614317174
recursive_no_target_actual,광주,2022,기타산업 및 순생산물세,36203.44262731546,35203.61,999.8326273154598,2.84014232436804
recursive_no_target_actual,광주,2022,도매 및 소매업,36262.43938344888,35139.6,1122.8393834488816,3.1953675723368553
recursive_no_target_actual,광주,2022,문화 및 기타서비스업,17506.046596803764,16995.88,510.16659680376324,3.001707453828594
recursive_no_target_actual,광주,2022,보건 및 사회복지업,46959.16709122344,46374.92,584.2470912234421,1.259834175936998
recursive_no_target_actual,광주,2022,부동산업,44126.442826296974,41356.78,2769.6628262969753,6.696998234139542
recursive_no_target_actual,광주,2022,사업서비스업,31602.299394612688,30113.42,1488.8793946126898,4.9442387965654175
recursive_no_target_actual,광주,2022,서비스업,304718.8210203489,297554.06,7164.761020348931,2.407885484859098
recursive_no_target_actual,광주,2022,숙박 및 음식점업,12339.19772868747,11893.800000000001,445.39772868746877,3.744789122799011
recursive_no_target_actual,광주,2022,운수 및 창고업,14467.232046833778,14318.83,148.4020468337785,1.0364118215928153
recursive_no_target_actual,광주,2022,정보통신업,15904.883163486713,15370.01,534.8731634867127,3.4799792809940437
recursive_no_target_actual,광주,2023,건설업,20886.678739752817,18876.48,2010.1987397528173,10.649224536316185
recursive_no_target_actual,광주,2023,"공공 행정, 국방·사회보장",30215.032513302685,30050.83,164.20251330268366,0.5464159003351443
recursive_no_target_actual,광주,2023,"광업, 제조업",127886.963482923,127714.23,172.73348292300943,0.13524998970201632
recursive_no_target_actual,광주,2023,교육 서비스업,31167.225088269606,30977.09,190.13508826960606,0.6137926069543849
recursive_no_target_actual,광주,2023,금융 및 보험업,25637.02557668178,26374.02,736.9944233182214,2.794395482062353
recursive_no_target_actual,광주,2023,기타산업 및 순생산물세,33955.90986489087,35039.16,1083.2501351091341,3.0915413928562616
recursive_no_target_actual,광주,2023,도매 및 소매업,33988.22716694156,34090.99,102.76283305844117,0.30143692822778445
recursive_no_target_actual,광주,2023,문화 및 기타서비스업,17859.743368187308,17844.11,15.633368187307497,0.08761080371790746
recursive_no_target_actual,광주,2023,보건 및 사회복지업,47928.03967304486,47546.91,381.1296730448594,0.8015866289625537
recursive_no_target_actual,광주,2023,부동산업,41706.815409985225,41715.39,8.574590014774003,0.020554979864203602
recursive_no_target_actual,광주,2023,사업서비스업,31612.140495231535,30997.940000000002,614.2004952315328,1.9814235888950456
recursive_no_target_actual,광주,2023,서비스업,304682.81442691135,301858.58999999997,2824.224426911387,0.9356117468485451
recursive_no_target_actual,광주,2023,숙박 및 음식점업,11726.325693930597,11448.39,277.93569393059806,2.427727339220607
recursive_no_target_actual,광주,2023,운수 및 창고업,16835.43102382301,16296.43,539.0010238230097,3.3074791461872923
recursive_no_target_actual,광주,2023,정보통신업,16006.808417513186,14520.46,1486.348417513187,10.236235060825809
recursive_no_target_actual,광주,2024,건설업,20250.878183440607,18753.9,1496.9781834406058,7.98222334256131
recursive_no_target_actual,광주,2024,"공공 행정, 국방·사회보장",30845.013381768487,30519.01,326.0033817684889,1.0681977618818204
recursive_no_target_actual,광주,2024,"광업, 제조업",133293.24001288952,132521.41,771.8300128895207,0.5824191071386282
recursive_no_target_actual,광주,2024,교육 서비스업,31514.901961007905,31129.27,385.63196100790447,1.2388082374174032
recursive_no_target_actual,광주,2024,금융 및 보험업,26564.789151099263,26746.96,182.17084890073602,0.681089921623751
recursive_no_target_actual,광주,2024,기타산업 및 순생산물세,35635.12032343646,36332.29,697.1696765635425,1.9188707250865344
recursive_no_target_actual,광주,2024,도매 및 소매업,33492.65289870477,34103.54,610.8871012952295,1.7912718189819283
recursive_no_target_actual,광주,2024,문화 및 기타서비스업,17880.024212657707,17704.05,175.97421265770754,0.9939771558355718
recursive_no_target_actual,광주,2024,보건 및 사회복지업,49686.77079502243,48781.619999999995,905.1507950224332,1.8555160632681595
recursive_no_target_actual,광주,2024,부동산업,42517.551765941964,44701.28,2183.728234058035,4.885158174571366
recursive_no_target_actual,광주,2024,사업서비스업,31487.243843123306,31403.21,84.03384312330672,0.2675963480271817
recursive_no_target_actual,광주,2024,서비스업,309988.8754680017,307847.49,2141.3854680017103,0.6955994567315492
recursive_no_target_actual,광주,2024,숙박 및 음식점업,11550.058477601146,11387.2,162.85847760114484,1.430188963056281
recursive_no_target_actual,광주,2024,운수 및 창고업,18369.19289349747,17580.02,789.1728934974708,4.489032967524899
recursive_no_target_actual,광주,2024,정보통신업,16080.67608757725,14068.83,2011.8460875772507,14.300024149678764
recursive_no_target_actual,광주,2025,건설업,18390.16095266909,16614.85,1775.3109526690932,10.68508564729199
recursive_no_target_actual,광주,2025,"공공 행정, 국방·사회보장",31396.12178249692,30945.32,450.8017824969211,1.456768850659554
recursive_no_target_actual,광주,2025,"광업, 제조업",136230.148846942,133975.51,2254.638846941991,1.68287386772552
recursive_no_target_actual,광주,2025,교육 서비스업,31412.430001621142,31802.46,390.0299983788573,1.2264145552855261
recursive_no_target_actual,광주,2025,금융 및 보험업,27834.99803971026,27214.85,620.1480397102605,2.2787119521520807
recursive_no_target_actual,광주,2025,기타산업 및 순생산물세,35568.81172942496,36237.26,668.4482705750415,1.8446435259593066
recursive_no_target_actual,광주,2025,도매 및 소매업,34092.82359223394,34525.59,432.7664077660593,1.2534656403150803
recursive_no_target_actual,광주,2025,문화 및 기타서비스업,17721.33152643489,17052.16,669.1715264348895,3.9242625358599117
recursive_no_target_actual,광주,2025,보건 및 사회복지업,52548.50510085422,50541.32,2007.1851008542217,3.9713745126843176
recursive_no_target_actual,광주,2025,부동산업,42675.929586095845,44595.26,1919.3304139041575,4.303888830122657
recursive_no_target_actual,광주,2025,사업서비스업,31469.97313047228,30195.61,1274.3631304722803,4.220358954405228
recursive_no_target_actual,광주,2025,서비스업,315828.3940670178,309886.52999999997,5941.864067017857,1.9174321862321213
recursive_no_target_actual,광주,2025,숙박 및 음식점업,11480.777356776029,11491.08,10.302643223971245,0.08965774517252725
recursive_no_target_actual,광주,2025,운수 및 창고업,18780.77184459343,18237.03,543.7418445934309,2.9815262934448805
recursive_no_target_actual,광주,2025,정보통신업,16414.732105728872,13700.19,2714.5421057288713,19.81390116289534
recursive_no_target_actual,대구,2021,건설업,36719.8454828078,41049.64,4329.7945171921965,10.54770399251296
recursive_no_target_actual,대구,2021,"공공 행정, 국방·사회보장",47405.11050125853,44834.84,2570.2705012585357,5.732752701378071
recursive_no_target_actual,대구,2021,"광업, 제조업",120977.94710885553,121066.7,88.75289114446787,0.07330908593731213
recursive_no_target_actual,대구,2021,교육 서비스업,44463.7091235161,44774.55,310.84087648390414,0.6942356237726658
recursive_no_target_actual,대구,2021,금융 및 보험업,41563.01856650099,39905.149999999994,1657.868566500998,4.154522828509599
recursive_no_target_actual,대구,2021,기타산업 및 순생산물세,55762.65726882565,58235.92,2473.262731174349,4.246971166892099
recursive_no_target_actual,대구,2021,도매 및 소매업,55003.40996402922,54537.880000000005,465.52996402921417,0.853590135937103
recursive_no_target_actual,대구,2021,문화 및 기타서비스업,21483.155063447433,20811.28,671.8750634474345,3.2284177784712647
recursive_no_target_actual,대구,2021,보건 및 사회복지업,55969.286266397445,57710.119999999995,1740.8337336025506,3.016513799663821
recursive_no_target_actual,대구,2021,부동산업,71841.38057719177,71741.26,100.12057719177392,0.13955787393722097
recursive_no_target_actual,대구,2021,사업서비스업,40515.174842060405,43003.32,2488.1451579395944,5.785937360044747
recursive_no_target_actual,대구,2021,서비스업,439450.89174212876,436117.9,3332.991742128739,0.7642409866984912
recursive_no_target_actual,대구,2021,숙박 및 음식점업,16878.792400492333,16246.710000000001,632.0824004923325,3.890525530968008
recursive_no_target_actual,대구,2021,운수 및 창고업,21782.1503479365,20771.95,1010.2003479364976,4.863290870315486
recursive_no_target_actual,대구,2021,정보통신업,22545.70408929802,21780.83,764.8740892980168,3.5116847672839677
recursive_no_target_actual,대구,2022,건설업,41456.56356672509,41365.55,91.013566725087,0.2200226196075889
recursive_no_target_actual,대구,2022,"공공 행정, 국방·사회보장",46105.31906891687,45615.51,489.80906891686755,1.0737774693670366
recursive_no_target_actual,대구,2022,"광업, 제조업",123998.03519079875,126425.64,2427.6048092012497,1.9201839193388697
recursive_no_target_actual,대구,2022,교육 서비스업,46569.10529000405,46314.15,254.95529000405077,0.5504911350074453
recursive_no_target_actual,대구,2022,금융 및 보험업,40996.518430326294,41970.58,974.0615696737077,2.3208198925859675
recursive_no_target_actual,대구,2022,기타산업 및 순생산물세,57613.2667418032,57432.76,180.50674180319766,0.31429229903490213
recursive_no_target_actual,대구,2022,도매 및 소매업,56535.72525020482,55923.090000000004,612.6352502048176,1.0954960646931662
recursive_no_target_actual,대구,2022,문화 및 기타서비스업,22004.686791092037,20792.23,1212.4567910920377,5.831297513984973
recursive_no_target_actual,대구,2022,보건 및 사회복지업,61035.32360032438,60651.5,383.8236003243801,0.6328344728891785
recursive_no_target_actual,대구,2022,부동산업,70325.50888689436,68076.38,2249.128886894352,3.3038315005797196
recursive_no_target_actual,대구,2022,사업서비스업,44122.61160984213,41827.53,2295.0816098421346,5.487012046473064
recursive_no_target_actual,대구,2022,서비스업,451902.76732729125,445405.07,6497.697327291244,1.4588287751846298
recursive_no_target_actual,대구,2022,숙박 및 음식점업,18490.32528533992,19220.35,730.0247146600777,3.7981863736096266
recursive_no_target_actual,대구,2022,운수 및 창고업,23429.49971466554,23577.14,147.6402853344589,0.6262009952626099
recursive_no_target_actual,대구,2022,정보통신업,22288.143399680877,21563.71,724.4333996808782,3.3595026073012404
recursive_no_target_actual,대구,2023,건설업,41127.124705932816,40149.520000000004,977.6047059328121,2.4349100709866818
recursive_no_target_actual,대구,2023,"공공 행정, 국방·사회보장",46575.23775784221,46156.03,419.2077578422104,0.9082405004117781
recursive_no_target_actual,대구,2023,"광업, 제조업",128391.85053155037,124030.87999999999,4360.970531550382,3.5160361125796915
recursive_no_target_actual,대구,2023,교육 서비스업,46901.56959833313,46902.9,1.330401666869875,0.0028365019367030076
recursive_no_target_actual,대구,2023,금융 및 보험업,42266.65852031284,42718.49,451.8314796871564,1.0576953438362555
recursive_no_target_actual,대구,2023,기타산업 및 순생산물세,55397.20562328436,52747.05,2650.1556232843577,5.02427268119138
recursive_no_target_actual,대구,2023,도매 및 소매업,54090.723918859556,53908.06,182.66391885955818,0.3388434287183738
recursive_no_target_actual,대구,2023,문화 및 기타서비스업,21849.115726865155,22167.59,318.47427313484513,1.4366662011289686
recursive_no_target_actual,대구,2023,보건 및 사회복지업,62680.9607152291,62227.15,453.8107152290977,0.729280893033182
recursive_no_target_actual,대구,2023,부동산업,68658.9635626314,69860.54,1201.576437368596,1.719964428228863
recursive_no_target_actual,대구,2023,사업서비스업,43897.98622296949,41828.69,2069.2962229694895,4.947073941281664
recursive_no_target_actual,대구,2023,서비스업,456049.772128419,454620.36,1429.4121284190333,0.3144188545403099
recursive_no_target_actual,대구,2023,숙박 및 음식점업,18949.28699908273,19580.940000000002,631.6530009172711,3.2258563731734586
recursive_no_target_actual,대구,2023,운수 및 창고업,27717.4468543754,28745.699999999997,1028.253145624596,3.5770676853393595
recursive_no_target_actual,대구,2023,정보통신업,22461.822251918038,21299.79,1162.0322519180372,5.455604266136132
recursive_no_target_actual,대구,2024,건설업,39875.19523005181,31555.25,8319.94523005181,26.36627892363968
recursive_no_target_actual,대구,2024,"공공 행정, 국방·사회보장",47546.32751982636,46897.04,649.2875198263573,1.3844957375270535
recursive_no_target_actual,대구,2024,"광업, 제조업",133819.47058963688,123123.4,10696.070589636889,8.687276821170379
recursive_no_target_actual,대구,2024,교육 서비스업,47424.766353844214,47101.24,323.5263538442159,0.6868743876896148
recursive_no_target_actual,대구,2024,금융 및 보험업,43796.22231741555,43097.89,698.3323174155521,1.6203399224777641
recursive_no_target_actual,대구,2024,기타산업 및 순생산물세,53644.193338433884,52288.7,1355.4933384338874,2.5923255663917586
recursive_no_target_actual,대구,2024,도매 및 소매업,53302.03991975531,53298.770000000004,3.269919755308365,0.006135075453539293
recursive_no_target_actual,대구,2024,문화 및 기타서비스업,21873.92675067089,21846.68,27.246750670889014,0.12471803803089994
recursive_no_target_actual,대구,2024,보건 및 사회복지업,64981.0538781741,63443.29,1537.763878174097,2.423840059640818
recursive_no_target_actual,대구,2024,부동산업,69993.62115696806,70535.43000000001,541.8088430319476,0.7681371518284464
recursive_no_target_actual,대구,2024,사업서비스업,43724.549327281595,42820.729999999996,903.8193272815988,2.110705089057564
recursive_no_target_actual,대구,2024,서비스업,464115.02688133053,459849.72,4265.306881330558,0.9275436508541439
recursive_no_target_actual,대구,2024,숙박 및 음식점업,18664.44602178624,19485.54,821.0939782137611,4.213863091368066
recursive_no_target_actual,대구,2024,운수 및 창고업,30242.595337346385,31303.59,1060.9946626536148,3.389370556711274
recursive_no_target_actual,대구,2024,정보통신업,22565.478298261856,21096.47,1469.008298261855,6.963289584759227
recursive_no_target_actual,대구,2025,건설업,36211.33126460625,25481.89,10729.441264606248,42.10614387161332
recursive_no_target_actual,대구,2025,"공공 행정, 국방·사회보장",48395.83859624072,47705.94,689.8985962407169,1.4461482076251235
recursive_no_target_actual,대구,2025,"광업, 제조업",136767.97409442771,121818.03,14949.944094427716,12.272357461721976
recursive_no_target_actual,대구,2025,교육 서비스업,47270.5628364812,46989.54,281.0228364811992,0.5980540275159093
recursive_no_target_actual,대구,2025,금융 및 보험업,45890.36093672631,43932.46,1957.9009367263134,4.456615761389901
recursive_no_target_actual,대구,2025,기타산업 및 순생산물세,53544.37408695201,52494.3,1050.0740869520087,2.0003582997620857
recursive_no_target_actual,대구,2025,도매 및 소매업,54257.18439164621,53863.76,393.42439164620737,0.7304064767223962
recursive_no_target_actual,대구,2025,문화 및 기타서비스업,21679.786510533646,20116.68,1563.1065105336456,7.7702011988739965
recursive_no_target_actual,대구,2025,보건 및 사회복지업,68723.67003408061,67234.14,1489.5300340806134,2.21543702958142
recursive_no_target_actual,대구,2025,부동산업,70254.34729671717,68077.62,2176.727296717174,3.197419793343501
recursive_no_target_actual,대구,2025,사업서비스업,43700.56646835024,42385.78,1314.7864683502412,3.1019518063610985
recursive_no_target_actual,대구,2025,서비스업,472679.2644750425,460143.43,12535.834475042531,2.7243319490712996
recursive_no_target_actual,대구,2025,숙박 및 음식점업,18552.49042065427,19290.510000000002,738.0195793457315,3.8258168360801834
recursive_no_target_actual,대구,2025,운수 및 창고업,30920.20897772417,31124.27,204.0610222758296,0.6556331193497216
recursive_no_target_actual,대구,2025,정보통신업,23034.248005887992,20119.44,2914.808005887993,14.4875205566755
recursive_no_target_actual,대전,2021,건설업,24228.713730980136,26241.43,2012.7162690198638,7.669994619271373
recursive_no_target_actual,대전,2021,"공공 행정, 국방·사회보장",44535.11646009523,44281.79,253.3264600952316,0.5720781840463802
recursive_no_target_actual,대전,2021,"광업, 제조업",84965.76728059488,82264.2,2701.5672805948852,3.28401331392621
recursive_no_target_actual,대전,2021,교육 서비스업,31361.456106924183,31436.31,74.85389307581863,0.238112848091327
recursive_no_target_actual,대전,2021,금융 및 보험업,24379.53313254733,24080.42,299.1131325473325,1.2421425064319167
recursive_no_target_actual,대전,2021,기타산업 및 순생산물세,38998.02574839094,37241.63,1756.3957483909398,4.716216095780287
recursive_no_target_actual,대전,2021,도매 및 소매업,36569.107882552154,37236.350000000006,667.2421174478513,1.7919106395977353
recursive_no_target_actual,대전,2021,문화 및 기타서비스업,15302.821787409344,14755.59,547.2317874093442,3.7086405044416666
recursive_no_target_actual,대전,2021,보건 및 사회복지업,35747.33521348084,34806.37,940.9652134808348,2.703428175592096
recursive_no_target_actual,대전,2021,부동산업,41834.407477027955,41070.08,764.3274770279531,1.86103235500869
recursive_no_target_actual,대전,2021,사업서비스업,66642.13177384372,63067.17,3574.9617738437228,5.668498798731135
recursive_no_target_actual,대전,2021,서비스업,337361.62759647495,331763.55,5598.077596474963,1.6873696934081406
recursive_no_target_actual,대전,2021,숙박 및 음식점업,11776.54618262076,12186.26,409.71381737924094,3.362096470773157
recursive_no_target_actual,대전,2021,운수 및 창고업,11681.925470394925,11449.699999999999,232.22547039492565,2.028223188336163
recursive_no_target_actual,대전,2021,정보통신업,17531.246109578547,17393.550000000003,137.69610957854457,0.7916504082176701
recursive_no_target_actual,대전,2022,건설업,26501.55022823906,24259.28,2242.27022823906,9.242938076641433
recursive_no_target_actual,대전,2022,"공공 행정, 국방·사회보장",45536.57692263009,43127.81,2408.766922630093,5.585182560000365
recursive_no_target_actual,대전,2022,"광업, 제조업",84256.0341456672,83121.76000000001,1134.2741456671938,1.3645935139814096
recursive_no_target_actual,대전,2022,교육 서비스업,32696.27121476837,32414.02,282.2512147683701,0.8707689289028948
recursive_no_target_actual,대전,2022,금융 및 보험업,24739.01337785514,24590.91,148.10337785513912,0.6022687971089281
recursive_no_target_actual,대전,2022,기타산업 및 순생산물세,36843.44581642293,36785.19,58.25581642292673,0.15836758332069706
recursive_no_target_actual,대전,2022,도매 및 소매업,38600.408356990556,37263.409999999996,1336.9983569905598,3.587965666562883
recursive_no_target_actual,대전,2022,문화 및 기타서비스업,15601.716774462402,14420.59,1181.126774462402,8.190557906870675
recursive_no_target_actual,대전,2022,보건 및 사회복지업,36811.86380882154,36522.82,289.0438088215378,0.7914060546845446
recursive_no_target_actual,대전,2022,부동산업,40259.588035816116,39791.979999999996,467.6080358161198,1.17513136017891
recursive_no_target_actual,대전,2022,사업서비스업,64708.68405606561,68432.28,3723.595943934386,5.441285814142662
recursive_no_target_actual,대전,2022,서비스업,343536.46447153535,342119.48000000004,1416.9844715353101,0.4141782489366902
recursive_no_target_actual,대전,2022,숙박 및 음식점업,13869.118215640014,14347.629999999997,478.5117843599837,3.3351277134968202
recursive_no_target_actual,대전,2022,운수 및 창고업,12914.55585960918,13399.240000000002,484.684140390822,3.617250981330448
recursive_no_target_actual,대전,2022,정보통신업,17798.66784887632,17981.739999999998,183.07215112367703,1.0181003124485009
recursive_no_target_actual,대전,2023,건설업,24118.417996220276,26948.850000000002,2830.432003779726,10.502978805328338
recursive_no_target_actual,대전,2023,"공공 행정, 국방·사회보장",44031.80158658933,45414.03,1382.2284134106667,3.043615405659147
recursive_no_target_actual,대전,2023,"광업, 제조업",84328.6168085818,83155.27,1173.3468085818022,1.4110312053364773
recursive_no_target_actual,대전,2023,교육 서비스업,32787.68431348898,32766.92,20.764313488980406,0.06336974451361437
recursive_no_target_actual,대전,2023,금융 및 보험업,24730.690335885447,25391.14,660.4496641145524,2.6011028418359805
recursive_no_target_actual,대전,2023,기타산업 및 순생산물세,35481.43488701541,35590.09,108.65511298458296,0.3052959770109684
recursive_no_target_actual,대전,2023,도매 및 소매업,36042.44369517618,37198.880000000005,1156.4363048238229,3.1087933422291822
recursive_no_target_actual,대전,2023,문화 및 기타서비스업,15153.592872508822,15639.32,485.7271274911782,3.1058072057556094
recursive_no_target_actual,대전,2023,보건 및 사회복지업,37732.68996041741,37131.59,601.099960417414,1.6188371152902798
recursive_no_target_actual,대전,2023,부동산업,40143.492600907084,40873.61,730.1173990929165,1.7862806810871767
recursive_no_target_actual,대전,2023,사업서비스업,71817.920813608,68684.98,3132.940813608002,4.561318666188739
recursive_no_target_actual,대전,2023,서비스업,351065.2366277706,350151.93,913.3066277705948,0.260831527551653
recursive_no_target_actual,대전,2023,숙박 및 음식점업,14145.67926828482,14209.76,64.08073171517935,0.45096280102675457
recursive_no_target_actual,대전,2023,운수 및 창고업,15753.943917579873,14959.42,794.5239175798724,5.311194669177498
recursive_no_target_actual,대전,2023,정보통신업,18725.297263324657,18255.14,470.15726332465783,2.5754788148688963
recursive_no_target_actual,대전,2024,건설업,23384.24174108491,26989.59,3605.3482589150917,13.358292063403304
recursive_no_target_actual,대전,2024,"공공 행정, 국방·사회보장",44949.8609198507,46085.61,1135.749080149304,2.4644332149434587
recursive_no_target_actual,대전,2024,"광업, 제조업",87893.51356928762,86649.57999999999,1243.9335692876339,1.4355909968491873
recursive_no_target_actual,대전,2024,교육 서비스업,33153.43774563314,33181.75,28.312254366857815,0.08532477752637463
recursive_no_target_actual,대전,2024,금융 및 보험업,25625.655065518593,25743.33,117.67493448140885,0.4571084412211196
recursive_no_target_actual,대전,2024,기타산업 및 순생산물세,36195.42076556437,37278.8,1083.3792344356334,2.9061537239278983
recursive_no_target_actual,대전,2024,도매 및 소매업,35516.91738361041,36693.63,1176.7126163895882,3.2068580197423593
recursive_no_target_actual,대전,2024,문화 및 기타서비스업,15170.800715526462,15858.61,687.8092844735384,4.337134745564324
recursive_no_target_actual,대전,2024,보건 및 사회복지업,39117.30023452881,38936.630000000005,180.67023452880676,0.46401096994990765
recursive_no_target_actual,대전,2024,부동산업,40923.83961581832,42890.67,1966.8303841816814,4.585683516209193
recursive_no_target_actual,대전,2024,사업서비스업,71534.17483087876,67999.06,3535.114830878767,5.198770146056089
recursive_no_target_actual,대전,2024,서비스업,355925.9203998312,355081.73,844.1903998312191,0.23774537761523779
recursive_no_target_actual,대전,2024,숙박 및 음식점업,13933.04492972126,14367.93,434.8850702787404,3.0267760928591687
recursive_no_target_actual,대전,2024,운수 및 창고업,17189.17883634033,16424.739999999998,764.4388363403305,4.654191398709085
recursive_no_target_actual,대전,2024,정보통신업,18811.710122404387,17588.64,1223.0701224043878,6.95375038891232
recursive_no_target_actual,대전,2025,건설업,21235.62077057593,24650.440000000002,3414.8192294240725,13.852974751866793
recursive_no_target_actual,대전,2025,"공공 행정, 국방·사회보장",45752.980881508636,46716.979999999996,963.9991184913597,2.0634876622833063
recursive_no_target_actual,대전,2025,"광업, 제조업",89830.11017713201,85072.04000000001,4758.070177132002,5.5929893971415305
recursive_no_target_actual,대전,2025,교육 서비스업,33045.63802185785,33965.08,919.441978142153,2.707021382379058
recursive_no_target_actual,대전,2025,금융 및 보험업,26850.958780731933,26397.53,453.42878073193424,1.717693968836987
recursive_no_target_actual,대전,2025,기타산업 및 순생산물세,36128.06958395378,36625.21,497.1404160462189,1.3573721926678888
recursive_no_target_actual,대전,2025,도매 및 소매업,36153.36183017629,37751.630000000005,1598.2681698237138,4.233640162884924
recursive_no_target_actual,대전,2025,문화 및 기타서비스업,15036.153519915082,15335.95,299.7964800849186,1.9548608340853912
recursive_no_target_actual,대전,2025,보건 및 사회복지업,41370.280620283476,41062.74,307.54062028347835,0.7489529931112204
recursive_no_target_actual,대전,2025,부동산업,41076.28086046853,41806.99,730.709139531471,1.7478157110365302
recursive_no_target_actual,대전,2025,사업서비스업,71494.93842821402,66293.29000000001,5201.648428214015,7.8464176815089655
recursive_no_target_actual,대전,2025,서비스업,361406.8812407137,357994.14,3412.741240713687,0.953295280395843
recursive_no_target_actual,대전,2025,숙박 및 음식점업,13849.469857689393,14390.32,540.8501423106063,3.7584302663916187
recursive_no_target_actual,대전,2025,운수 및 창고업,17574.318468586567,16752.54,821.7784685865663,4.90539624789176
recursive_no_target_actual,대전,2025,정보통신업,19202.499971281926,18376.16,826.3399712819264,4.496804399188549
recursive_no_target_actual,부산,2021,건설업,54382.75883230077,53707.43,675.3288323007728,1.2574216124301103
recursive_no_target_actual,부산,2021,"공공 행정, 국방·사회보장",64156.16918038992,64321.759999999995,165.59081961007178,0.2574413691572988
recursive_no_target_actual,부산,2021,"광업, 제조업",163325.59296175244,157250.18,6075.412961752445,3.863533232046186
recursive_no_target_actual,부산,2021,교육 서비스업,57385.33949565017,57138.649999999994,246.6894956501783,0.43173840412781594
recursive_no_target_actual,부산,2021,금융 및 보험업,64864.74476670866,63681.229999999996,1183.514766708664,1.858498597952119
recursive_no_target_actual,부산,2021,기타산업 및 순생산물세,99375.69579270933,98959.73999999999,415.95579270934104,0.42032829988169035
recursive_no_target_actual,부산,2021,도매 및 소매업,92766.67641524551,93659.2,892.5235847544827,0.952948119089724
recursive_no_target_actual,부산,2021,문화 및 기타서비스업,31222.578216161368,30798.7,423.87821616136716,1.3762860645461241
recursive_no_target_actual,부산,2021,보건 및 사회복지업,88468.75791299818,88405.18000000001,63.57791299816745,0.07191650194950956
recursive_no_target_actual,부산,2021,부동산업,99282.32208965142,98182.45,1099.8720896514278,1.1202328824055907
recursive_no_target_actual,부산,2021,사업서비스업,82982.03970410099,79739.78,3242.2597041009867,4.066050475811429
recursive_no_target_actual,부산,2021,서비스업,708636.0268821532,697673.99,10962.036882153247,1.571226251698626
recursive_no_target_actual,부산,2021,숙박 및 음식점업,26903.95690097163,27079.25,175.29309902837122,0.6473336559482674
recursive_no_target_actual,부산,2021,운수 및 창고업,71649.26188191152,66518.77,5130.491881911512,7.712848391381128
recursive_no_target_actual,부산,2021,정보통신업,28954.180318363833,28149.04,805.1403183638322,2.8602762949067966
recursive_no_target_actual,부산,2022,건설업,54239.8196728352,48016.26,6223.559672835196,12.961358658161204
recursive_no_target_actual,부산,2022,"공공 행정, 국방·사회보장",66144.42265055631,67576.59,1432.1673494436836,2.119324679513547
recursive_no_target_actual,부산,2022,"광업, 제조업",161057.62330992476,162280.52,1222.8966900752275,0.7535696151794606
recursive_no_target_actual,부산,2022,교육 서비스업,59428.756022755995,58998.06,430.69602275599755,0.7300172628659274
recursive_no_target_actual,부산,2022,금융 및 보험업,65422.85804273994,62927.14,2495.7180427399435,3.9660439720285137
recursive_no_target_actual,부산,2022,기타산업 및 순생산물세,97901.67129358463,97514.01,387.66129358463513,0.3975442027095749
recursive_no_target_actual,부산,2022,도매 및 소매업,97090.15465761189,95590.73999999999,1499.4146576118947,1.5685773094882358
recursive_no_target_actual,부산,2022,문화 및 기타서비스업,32564.827683487332,32508.67,56.157683487334,0.1727467887407698
recursive_no_target_actual,부산,2022,보건 및 사회복지업,93498.98829278196,93153.95,345.03829278195917,0.3703957725699868
recursive_no_target_actual,부산,2022,부동산업,96244.90509383389,95187.54,1057.3650938338978,1.1108230067022404
recursive_no_target_actual,부산,2022,사업서비스업,81815.24921318304,82724.61,909.3607868169638,1.0992627064871794
recursive_no_target_actual,부산,2022,서비스업,726862.7799217165,716600.6799999999,10262.09992171661,1.4320527747359395
recursive_no_target_actual,부산,2022,숙박 및 음식점업,30818.80214412894,34911.850000000006,4093.0478558710674,11.723950050974286
recursive_no_target_actual,부산,2022,운수 및 창고업,75029.14926282318,65815.06,9214.089262823181,13.99997092279971
recursive_no_target_actual,부산,2022,정보통신업,28804.66685781416,28642.35,162.3168578141631,0.5667023055516154
recursive_no_target_actual,부산,2023,건설업,47740.33424943299,46630.23,1110.1042494329886,2.3806536005355077
recursive_no_target_actual,부산,2023,"공공 행정, 국방·사회보장",68999.0634415255,69133.64,134.57655847449496,0.19466146795466716
recursive_no_target_actual,부산,2023,"광업, 제조업",165326.32900080268,158838.2,6488.12900080267,4.084740950730158
recursive_no_target_actual,부산,2023,교육 서비스업,59683.66364650823,60201.07,517.4063534917732,0.8594637163289178
recursive_no_target_actual,부산,2023,금융 및 보험업,63291.4814061496,63615.03999999999,323.55859385039366,0.5086196500865104
recursive_no_target_actual,부산,2023,기타산업 및 순생산물세,94057.88026069106,94812.76,754.8797393089335,0.7961794797545536
recursive_no_target_actual,부산,2023,도매 및 소매업,92458.63071120506,93540.35,1081.7192887949495,1.1564199714828407
recursive_no_target_actual,부산,2023,문화 및 기타서비스업,34160.4641603097,34407.49,247.02583969030093,0.7179420518331937
recursive_no_target_actual,부산,2023,보건 및 사회복지업,96268.44103194635,93462.81,2805.631031946352,3.0018689058742742
recursive_no_target_actual,부산,2023,부동산업,96003.22319825971,96022.86,19.63680174028559,0.020450132125085202
recursive_no_target_actual,부산,2023,사업서비스업,86850.58182048757,87073.35,222.7681795124372,0.2558396794339912
recursive_no_target_actual,부산,2023,서비스업,743099.681108467,750236.66,7136.978891532985,0.9512970069381819
recursive_no_target_actual,부산,2023,숙박 및 음식점업,34420.34081531543,33790.68,629.6608153154302,1.8634156380263143
recursive_no_target_actual,부산,2023,운수 및 창고업,81101.52823522329,80684.93000000001,416.59823522328224,0.5163271942149323
recursive_no_target_actual,부산,2023,정보통신업,29862.262641536556,29623.77,238.4926415365553,0.8050718782131893
recursive_no_target_actual,부산,2024,건설업,46287.09549125024,48353.17999999999,2066.084508749751,4.27290306190772
recursive_no_target_actual,부산,2024,"공공 행정, 국방·사회보장",70437.68806955068,71185.35,747.6619304493215,1.0503030896797185
recursive_no_target_actual,부산,2024,"광업, 제조업",172315.3123023095,163912.5,8402.812302309496,5.1264011605640185
recursive_no_target_actual,부산,2024,교육 서비스업,60349.44731738087,60924.4,574.9526826191286,0.9437149690749989
recursive_no_target_actual,부산,2024,금융 및 보험업,65581.90042702679,65141.3,440.60042702678766,0.676376472417326
recursive_no_target_actual,부산,2024,기타산업 및 순생산물세,96425.37408993547,97696.88,1271.5059100645303,1.3014805693534228
recursive_no_target_actual,부산,2024,도매 및 소매업,91110.51337540452,91440.89,330.37662459547573,0.361300753520089
recursive_no_target_actual,부산,2024,문화 및 기타서비스업,34199.25548258066,33370.15,829.1054825806568,2.4845722377054247
recursive_no_target_actual,부산,2024,보건 및 사회복지업,99801.0349886812,97133.86,2667.174988681203,2.745875628417529
recursive_no_target_actual,부산,2024,부동산업,97869.42426325937,95369.48,2499.944263259371,2.6213252533822886
recursive_no_target_actual,부산,2024,사업서비스업,86507.4431802975,87221.42000000001,713.9768197025114,0.8185796788248934
recursive_no_target_actual,부산,2024,서비스업,758249.8579791267,768660.19,10410.332020873204,1.3543477542232552
recursive_no_target_actual,부산,2024,숙박 및 음식점업,33902.94279832474,33789.899999999994,113.04279832474276,0.33454611681225094
recursive_no_target_actual,부산,2024,운수 및 창고업,88490.13809044429,92562.55,4072.4119095557107,4.399632367037977
recursive_no_target_actual,부산,2024,정보통신업,30000.06998617611,29438.66,561.4099861761097,1.9070500701326407
recursive_no_target_actual,부산,2025,건설업,42034.085060652564,47872.520000000004,5838.43493934744,12.195796125517186
recursive_no_target_actual,부산,2025,"공공 행정, 국방·사회보장",71696.19949058845,72586.73,890.5305094115465,1.2268502926244873
recursive_no_target_actual,부산,2025,"광업, 제조업",176112.01169152252,156972.61000000002,19139.401691522507,12.19282885818265
recursive_no_target_actual,부산,2025,교육 서비스업,60153.21868490182,59889.2,264.01868490182096,0.44084523570497014
recursive_no_target_actual,부산,2025,금융 및 보험업,68717.73231263255,70463.82,1746.087687367457,2.4779918082321633
recursive_no_target_actual,부산,2025,기타산업 및 순생산물세,96245.9491034361,93975.4,2270.549103436104,2.416110070759054
recursive_no_target_actual,부산,2025,도매 및 소매업,92743.1657713104,93644.79,901.6242286895867,0.9628130178834154
recursive_no_target_actual,부산,2025,문화 및 기타서비스업,33895.722799693736,32130.9,1764.8227996937349,5.492603069611293
recursive_no_target_actual,부산,2025,보건 및 사회복지업,105549.12529551274,102431.58,3117.5452955127403,3.0435392049138947
recursive_no_target_actual,부산,2025,부동산업,98233.98773012735,97581.32,652.6677301273448,0.6688449491432835
recursive_no_target_actual,부산,2025,사업서비스업,86459.99395924833,86625.43000000001,165.43604075167968,0.1909786084198135
recursive_no_target_actual,부산,2025,서비스업,772244.8541249214,787085.47,14840.615875078598,1.8855151620418806
recursive_no_target_actual,부산,2025,숙박 및 음식점업,33699.58158756612,33795.490000000005,95.90841243388422,0.28379056623793353
recursive_no_target_actual,부산,2025,운수 및 창고업,90472.84241658234,98443.85999999999,7971.017583417648,8.097018527531985
recursive_no_target_actual,부산,2025,정보통신업,30623.28407675741,28344.92,2278.3640767574107,8.037997908469704
recursive_no_target_actual,서울,2021,건설업,148381.36608259284,138521.41,9859.956082592835,7.118001529577872
recursive_no_target_actual,서울,2021,"공공 행정, 국방·사회보장",182570.2930444163,180309.09999999998,2261.1930444163154,1.2540648499805698
recursive_no_target_actual,서울,2021,"광업, 제조업",209692.7856805425,203349.93,6342.855680542503,3.1191826230490975
recursive_no_target_actual,서울,2021,교육 서비스업,194669.06894839875,198711.1,4042.031051601254,2.034124440759099
recursive_no_target_actual,서울,2021,금융 및 보험업,568281.0843540588,580055.72,11774.635645941133,2.0299145823337685
recursive_no_target_actual,서울,2021,기타산업 및 순생산물세,482051.56237978564,488149.3,6097.73762021435,1.2491542280639039
recursive_no_target_actual,서울,2021,도매 및 소매업,762772.0616492426,754908.37,7863.6916492426535,1.0416749849048108
recursive_no_target_actual,서울,2021,문화 및 기타서비스업,130387.3753335838,129660.7,726.6753335838002,0.5604437841102202
recursive_no_target_actual,서울,2021,보건 및 사회복지업,257044.47854882097,256285.21,759.2685488209827,0.2962592140299406
recursive_no_target_actual,서울,2021,부동산업,499236.9833986433,492852.7,6384.283398643311,1.2953735261353567
recursive_no_target_actual,서울,2021,사업서비스업,725725.6972260093,724334.5700000001,1391.1272260092665,0.19205589290171066
recursive_no_target_actual,서울,2021,서비스업,4081512.146507653,4083866.49,2354.3434923472814,0.057649864365357385
recursive_no_target_actual,서울,2021,숙박 및 음식점업,105687.09001376107,103760.8,1926.2900137610704,1.8564718214981673
recursive_no_target_actual,서울,2021,운수 및 창고업,117159.91452098195,125313.06,8153.145479018043,6.506221681138458
recursive_no_target_actual,서울,2021,정보통신업,537978.0994697358,537675.1699999999,302.9294697358273,0.05634060983992013
recursive_no_target_actual,서울,2022,건설업,139894.57772548127,129316.89,10577.687725481272,8.179664485807903
recursive_no_target_actual,서울,2022,"공공 행정, 국방·사회보장",185418.45431688157,183243.44,2175.0143168815703,1.186953441215451
recursive_no_target_actual,서울,2022,"광업, 제조업",208273.5908295433,201889.53999999998,6384.050829543325,3.1621503667517024
recursive_no_target_actual,서울,2022,교육 서비스업,206675.44399567912,207430.06,754.6160043208802,0.3637929836788748
recursive_no_target_actual,서울,2022,금융 및 보험업,595919.8390390562,590653.27,5266.569039056194,0.8916515503344618
recursive_no_target_actual,서울,2022,기타산업 및 순생산물세,482930.05125916295,473265.57,9664.481259162945,2.0420841641116945
recursive_no_target_actual,서울,2022,도매 및 소매업,782562.4848327495,795536.23,12973.745167250512,1.6308176394745106
recursive_no_target_actual,서울,2022,문화 및 기타서비스업,137096.01392646116,143951.16999999998,6855.156073538819,4.7621398794735885
recursive_no_target_actual,서울,2022,보건 및 사회복지업,271052.10033374664,268641.43,2410.670333746646,0.8973561277374997
recursive_no_target_actual,서울,2022,부동산업,483126.6725803922,480348.88,2777.7925803922117,0.5782864696993176
recursive_no_target_actual,서울,2022,사업서비스업,743187.5600875907,741694.21,1493.3500875907484,0.2013430963133376
recursive_no_target_actual,서울,2022,서비스업,4214672.1974034235,4238956.32,24284.12259657681,0.5728797553775409
recursive_no_target_actual,서울,2022,숙박 및 음식점업,118089.81288316824,119446.48999999999,1356.67711683175,1.1358032511727638
recursive_no_target_actual,서울,2022,운수 및 창고업,141345.50848253877,147719.02,6373.511517461215,4.314618061683062
recursive_no_target_actual,서울,2022,정보통신업,550198.3069251596,558006.48,7808.173074840335,1.3992979212069967
recursive_no_target_actual,서울,2023,건설업,128559.43224450729,133215.08,4655.647755492697,3.494835386123476
recursive_no_target_actual,서울,2023,"공공 행정, 국방·사회보장",187104.7217876957,184963.94,2140.7817876956833,1.1574049448209653
recursive_no_target_actual,서울,2023,"광업, 제조업",205035.53308466132,195550.31,9485.223084661324,4.850528278201821
recursive_no_target_actual,서울,2023,교육 서비스업,209835.01440263435,208319.14,1515.8744026343338,0.7276692879177274
recursive_no_target_actual,서울,2023,금융 및 보험업,594105.2078643611,581314.25,12790.957864361117,2.200351679725917
recursive_no_target_actual,서울,2023,기타산업 및 순생산물세,456491.90628677566,452574.82,3917.0862867756514,0.8655113173940281
recursive_no_target_actual,서울,2023,도매 및 소매업,769469.8305186704,769912.48,442.64948132960126,0.05749348047061158
recursive_no_target_actual,서울,2023,문화 및 기타서비스업,151282.7551406866,154888.03999999998,3605.2848593133676,2.3276715615443053
recursive_no_target_actual,서울,2023,보건 및 사회복지업,277626.3726056227,280576.69,2950.3173943773145,1.051519067523861
recursive_no_target_actual,서울,2023,부동산업,484292.0206528638,482997.64,1294.3806528637651,0.26798902223699583
recursive_no_target_actual,서울,2023,사업서비스업,778569.0039372909,783720.89,5151.886062709149,0.6573623503527064
recursive_no_target_actual,서울,2023,서비스업,4326362.786954618,4311555.84,14806.946954618208,0.34342468250667973
recursive_no_target_actual,서울,2023,숙박 및 음식점업,117733.50518176683,124269.15,6535.644818233166,5.259265729453501
recursive_no_target_actual,서울,2023,운수 및 창고업,174472.57079392084,156018.97,18453.600793920836,11.827792988199343
recursive_no_target_actual,서울,2023,정보통신업,581871.7840691046,582156.71,284.92593089537695,0.04894316702033323
recursive_no_target_actual,서울,2024,건설업,124646.02123461466,139276.62,14630.598765385337,10.504705502894412
recursive_no_target_actual,서울,2024,"공공 행정, 국방·사회보장",191005.8393878164,188157.22999999998,2848.6093878164247,1.5139515966601045
recursive_no_target_actual,서울,2024,"광업, 제조업",213703.1780121507,194954.02,18749.1580121507,9.61722051802302
recursive_no_target_actual,서울,2024,교육 서비스업,212175.76759422862,211073.82,1101.947594228608,0.5220673952973457
recursive_no_target_actual,서울,2024,금융 및 보험업,615604.9395543596,615723.38,118.44044564035721,0.01923598315210269
recursive_no_target_actual,서울,2024,기타산업 및 순생산물세,460272.3971139033,462026.31,1753.9128860966885,0.3796132055978995
recursive_no_target_actual,서울,2024,도매 및 소매업,758250.3736662556,753291.9400000001,4958.433666255558,0.6582353272299126
recursive_no_target_actual,서울,2024,문화 및 기타서비스업,151454.5460765814,155126.94,3672.3939234185964,2.3673476208701056
recursive_no_target_actual,서울,2024,보건 및 사회복지업,287813.9401571881,283663.35,4150.590157188126,1.463209877902142
recursive_no_target_actual,서울,2024,부동산업,493706.14503957075,495092.89,1386.7449604292633,0.2800979348399173
recursive_no_target_actual,서울,2024,사업서비스업,775492.9495953941,782509.88,7016.930404605926,0.8967209979004899
recursive_no_target_actual,서울,2024,서비스업,4376392.8341302965,4349295.75,27097.084130296484,0.6230223394280898
recursive_no_target_actual,서울,2024,숙박 및 음식점업,115963.76436364847,122542.18,6578.415636351521,5.368286769789408
recursive_no_target_actual,서울,2024,운수 및 창고업,190367.5826893173,160669.05000000002,29698.532689317275,18.484289718098957
recursive_no_target_actual,서울,2024,정보통신업,584556.9860059366,579492.65,5064.33600593661,0.8739258394280944
recursive_no_target_actual,서울,2025,건설업,113193.13522357673,135669.75,22476.614776423274,16.567152793031074
recursive_no_target_actual,서울,2025,"공공 행정, 국방·사회보장",194418.54410517047,191425.97,2992.574105170468,1.5633062249445402
recursive_no_target_actual,서울,2025,"광업, 제조업",218411.7945279491,186841.57,31570.22452794909,16.89678829392682
recursive_no_target_actual,서울,2025,교육 서비스업,211485.869632094,205382.5,6103.369632093993,2.9717087055099594
recursive_no_target_actual,서울,2025,금융 및 보험업,645040.4024766176,659971.67,14931.267523382441,2.2624103733698813
recursive_no_target_actual,서울,2025,기타산업 및 순생산물세,459415.9382262129,459929.17,513.2317737870617,0.11158930706375107
recursive_no_target_actual,서울,2025,도매 및 소매업,771837.820859775,767912.79,3925.03085977491,0.5111297677142361
recursive_no_target_actual,서울,2025,문화 및 기타서비스업,150110.323693452,154317.28,4206.956306548003,2.7261731845895696
recursive_no_target_actual,서울,2025,보건 및 사회복지업,304390.7273596069,304610.20999999996,219.48264039307833,0.07205360594875608
recursive_no_target_actual,서울,2025,부동산업,495545.1997311106,520986.58999999997,25441.390268889372,4.883310003984819
recursive_no_target_actual,서울,2025,사업서비스업,775067.5927123945,784223.75,9156.157287605456,1.1675439933571836
recursive_no_target_actual,서울,2025,서비스업,4454498.031244667,4476813.48,22315.4487553332,0.49846724361036365
recursive_no_target_actual,서울,2025,숙박 및 음식점업,115268.17484903312,125756.36,10488.185150966878,8.340083277670313
recursive_no_target_actual,서울,2025,운수 및 창고업,194632.94646769422,166377.95,28254.996467694204,16.982416520755425
recursive_no_target_actual,서울,2025,정보통신업,596700.429357719,596765.98,65.5506422809558,0.010984312859281255
recursive_no_target_actual,세종,2021,건설업,13265.803469238825,12461.099999999999,804.7034692388261,6.457724191594852
recursive_no_target_actual,세종,2021,"공공 행정, 국방·사회보장",37472.118927834636,39718.58,2246.461072165366,5.6559450820380945
recursive_no_target_actual,세종,2021,"광업, 제조업",31594.25593868395,31937.66,343.4040613160505,1.0752323786903941
recursive_no_target_actual,세종,2021,교육 서비스업,9454.201581783102,9476.380000000001,22.178418216899445,0.23403892854549357
recursive_no_target_actual,세종,2021,금융 및 보험업,4651.886158861438,4782.3,130.41384113856202,2.7270108763264957
recursive_no_target_actual,세종,2021,기타산업 및 순생산물세,14178.071651453427,14470.850000000002,292.7783485465752,2.0232284112306824
recursive_no_target_actual,세종,2021,도매 및 소매업,3470.8763701392554,3572.81,101.93362986074453,2.8530380809711273
recursive_no_target_actual,세종,2021,문화 및 기타서비스업,3056.0285158070183,3261.75,205.72148419298173,6.307089267815797
recursive_no_target_actual,세종,2021,보건 및 사회복지업,3908.3217565766577,4645.35,737.0282434233427,15.865935686726354
recursive_no_target_actual,세종,2021,부동산업,11802.584134160654,11746.970000000001,55.61413416065261,0.47343386558961675
recursive_no_target_actual,세종,2021,사업서비스업,6008.161876119651,7326.74,1318.5781238803484,17.996791531845655
recursive_no_target_actual,세종,2021,서비스업,86568.78558136073,91538.03,4969.244418639268,5.428611931717634
recursive_no_target_actual,세종,2021,숙박 및 음식점업,2398.14335633919,2610.7599999999998,212.6166436608096,8.143860165653281
recursive_no_target_actual,세종,2021,운수 및 창고업,2096.6648861898984,2258.25,161.58511381010157,7.155324424226794
recursive_no_target_actual,세종,2021,정보통신업,2249.7980175492285,2138.16,111.6380175492286,5.22121906448669
recursive_no_target_actual,세종,2022,건설업,12584.62642452694,12575.77,8.856424526939009,0.07042451099963666
recursive_no_target_actual,세종,2022,"공공 행정, 국방·사회보장",40844.07116036521,40840.03,4.041160365210089,0.009895096465918584
recursive_no_target_actual,세종,2022,"광업, 제조업",32710.955330419667,33713.54,1002.5846695803339,2.9738338649110534
recursive_no_target_actual,세종,2022,교육 서비스업,9856.191474578496,10160.66,304.4685254215037,2.9965427976283405
recursive_no_target_actual,세종,2022,금융 및 보험업,4913.092651456665,5159.66,246.56734854333445,4.778751866272864
recursive_no_target_actual,세종,2022,기타산업 및 순생산물세,14316.128963543857,13580.52,735.6089635438566,5.416647989501556
recursive_no_target_actual,세종,2022,도매 및 소매업,3703.6907479368792,3468.36,235.3307479368791,6.785072712661866
recursive_no_target_actual,세종,2022,문화 및 기타서비스업,3448.792536588064,3452.54,3.747463411935769,0.10854221564227406
recursive_no_target_actual,세종,2022,보건 및 사회복지업,4913.009908083153,5192.799999999999,279.790091916846,5.388039052473541
recursive_no_target_actual,세종,2022,부동산업,11515.15380590028,10607.59,907.5638059002795,8.555796424072568
recursive_no_target_actual,세종,2022,사업서비스업,7517.440592640167,7504.0,13.44059264016687,0.17911237526874826
recursive_no_target_actual,세종,2022,서비스업,94417.86942583352,93835.75,582.1194258335163,0.6203599649744541
recursive_no_target_actual,세종,2022,숙박 및 음식점업,2971.2970590325085,2816.53,154.7670590325083,5.494955105484703
recursive_no_target_actual,세종,2022,운수 및 창고업,2547.169029900585,2570.82,23.65097009941519,0.9199776763606627
recursive_no_target_actual,세종,2022,정보통신업,2187.9604593515064,2243.16,55.19954064849344,2.460793730652002
recursive_no_target_actual,세종,2023,건설업,12503.037154653133,12255.989999999998,247.0471546531353,2.0157258177685793
recursive_no_target_actual,세종,2023,"공공 행정, 국방·사회보장",41699.72281696205,43055.1,1355.3771830379483,3.148006120152893
recursive_no_target_actual,세종,2023,"광업, 제조업",34209.229772338396,32451.010000000002,1758.2197723383943,5.418074113373957
recursive_no_target_actual,세종,2023,교육 서비스업,10279.379484183408,10382.9,103.5205158165918,0.9970289207889106
recursive_no_target_actual,세종,2023,금융 및 보험업,5191.061653427683,5073.32,117.74165342768356,2.320800844963132
recursive_no_target_actual,세종,2023,기타산업 및 순생산물세,13099.193890579623,13023.59,75.60389057962311,0.5805149776645542
recursive_no_target_actual,세종,2023,도매 및 소매업,3354.7163293590484,3617.26,262.54367064095186,7.2580812725917365
recursive_no_target_actual,세종,2023,문화 및 기타서비스업,3628.141819234433,3761.31,133.16818076556683,3.5404734192493263
recursive_no_target_actual,세종,2023,보건 및 사회복지업,5366.512999854442,5452.2,85.68700014555816,1.5716041257759834
recursive_no_target_actual,세종,2023,부동산업,10698.122406426122,10631.58,66.5424064261224,0.625893859860175
recursive_no_target_actual,세종,2023,사업서비스업,7877.642833143566,7591.22,286.4228331435661,3.773080389496893
recursive_no_target_actual,세종,2023,서비스업,96230.02302680706,97287.72,1057.696973192942,1.087184459860856
recursive_no_target_actual,세종,2023,숙박 및 음식점업,2776.8780596084416,2705.96,70.91805960844158,2.6208096057754577
recursive_no_target_actual,세종,2023,운수 및 창고업,3022.0505266647683,2832.86,189.19052666476819,6.678428396206243
recursive_no_target_actual,세종,2023,정보통신업,2335.794097943095,2404.85,69.05590205690487,2.8715263761525613
recursive_no_target_actual,세종,2024,건설업,12122.438684328083,10516.05,1606.3886843280834,15.275590020284074
recursive_no_target_actual,세종,2024,"공공 행정, 국방·사회보장",42569.158505421,42893.36,324.2014945789997,0.7558314260738718
recursive_no_target_actual,세종,2024,"광업, 제조업",35655.386213851845,33569.45,2085.936213851848,6.213793237160122
recursive_no_target_actual,세종,2024,교육 서비스업,10394.048098493131,10635.259999999998,241.21190150686743,2.2680395355343217
recursive_no_target_actual,세종,2024,금융 및 보험업,5378.917998158488,5003.9,375.0179981584888,7.494514242060969
recursive_no_target_actual,세종,2024,기타산업 및 순생산물세,13245.100530181197,13796.47,551.3694698188028,3.996453221866194
recursive_no_target_actual,세종,2024,도매 및 소매업,3305.802007293991,3690.55,384.747992706009,10.42522097535622
recursive_no_target_actual,세종,2024,문화 및 기타서비스업,3632.26179892482,3778.05,145.78820107518004,3.858821378096638
recursive_no_target_actual,세종,2024,보건 및 사회복지업,5563.4385051270765,6053.410000000001,489.97149487292427,8.094140242820561
recursive_no_target_actual,세종,2024,부동산업,10906.08258487908,10347.75,558.3325848790791,5.3956907045403995
recursive_no_target_actual,세종,2024,사업서비스업,7846.518992715472,7624.42,222.09899271547238,2.9129952536123715
recursive_no_target_actual,세종,2024,서비스업,97975.30749096228,98067.27,91.96250903772307,0.09377492514854657
recursive_no_target_actual,세종,2024,숙박 및 음식점업,2735.136718080903,2689.34,45.79671808090279,1.7028980374702636
recursive_no_target_actual,세종,2024,운수 및 창고업,3297.3690414963235,3073.83,223.53904149632353,7.272329357717361
recursive_no_target_actual,세종,2024,정보통신업,2346.573240371993,2548.03,201.45675962800715,7.906373144272521
recursive_no_target_actual,세종,2025,건설업,11008.589184342194,9268.380000000001,1740.209184342193,18.775764312017774
recursive_no_target_actual,세종,2025,"공공 행정, 국방·사회보장",43329.74241484943,43560.55,230.80758515057096,0.5298546165063824
recursive_no_target_actual,세종,2025,"광업, 제조업",36440.99708761324,33458.08,2982.917087613241,8.915386321071745
recursive_no_target_actual,세종,2025,교육 서비스업,10360.251436966762,10962.48,602.2285630332372,5.493543094566532
recursive_no_target_actual,세종,2025,금융 및 보험업,5636.113694819528,4963.2300000000005,672.8836948195276,13.557374830896968
recursive_no_target_actual,세종,2025,기타산업 및 순생산물세,13220.454507220538,13558.23,337.7754927794613,2.4912949019116897
recursive_no_target_actual,세종,2025,도매 및 소매업,3365.04023752282,3654.2799999999997,289.23976247717974,7.915095791159402
recursive_no_target_actual,세종,2025,문화 및 기타서비스업,3600.0239576847703,3823.04,223.0160423152297,5.833473945217149
recursive_no_target_actual,세종,2025,보건 및 사회복지업,5883.867516184939,6204.59,320.7224838150614,5.169116473692241
recursive_no_target_actual,세종,2025,부동산업,10946.70772707259,10815.68,131.0277270725892,1.2114608334620587
recursive_no_target_actual,세종,2025,사업서비스업,7842.215187164592,7732.02,110.19518716459152,1.4251797999047016
recursive_no_target_actual,세종,2025,서비스업,99449.26268031509,100307.59000000001,858.3273196849186,0.8556952865530102
recursive_no_target_actual,세종,2025,숙박 및 음식점업,2718.7304515839796,2643.16,75.57045158397978,2.8590948555509232
recursive_no_target_actual,세종,2025,운수 및 창고업,3371.2496795485135,3200.13,171.11967954851343,5.3472727529354565
recursive_no_target_actual,세종,2025,정보통신업,2395.320376917165,3109.3900000000003,714.0696230828353,22.96494241902223
recursive_no_target_actual,울산,2021,건설업,25561.751893205466,23503.54,2058.2118932054655,8.757029337731531
recursive_no_target_actual,울산,2021,"공공 행정, 국방·사회보장",20228.24867608198,20652.489999999998,424.24132391801686,2.0541897074784536
recursive_no_target_actual,울산,2021,"광업, 제조업",346526.6685927541,366258.45999999996,19731.79140724585,5.387395394838348
recursive_no_target_actual,울산,2021,교육 서비스업,21663.377136296232,21484.47,178.90713629623133,0.832727715862813
recursive_no_target_actual,울산,2021,금융 및 보험업,16135.558572566913,15668.19,467.3685725669129,2.982913613933153
recursive_no_target_actual,울산,2021,기타산업 및 순생산물세,142085.7227480544,138846.53,3239.1927480543964,2.332930285009209
recursive_no_target_actual,울산,2021,도매 및 소매업,20603.825650487837,19839.059999999998,764.7656504878396,3.8548482160336213
recursive_no_target_actual,울산,2021,문화 및 기타서비스업,11589.345222802438,11018.24,571.1052228024382,5.18327085634764
recursive_no_target_actual,울산,2021,보건 및 사회복지업,21763.940329756064,21407.86,356.0803297560633,1.6633158557467362
recursive_no_target_actual,울산,2021,부동산업,25290.500747185637,24416.199999999997,874.3007471856399,3.5808223523137914
recursive_no_target_actual,울산,2021,사업서비스업,25826.075399939087,25514.559999999998,311.51539993908955,1.220931891198945
recursive_no_target_actual,울산,2021,서비스업,199198.9777333481,195493.61000000002,3705.3677333480737,1.8953907155062886
recursive_no_target_actual,울산,2021,숙박 및 음식점업,9233.4324572094,9137.46,95.97245720940009,1.050318767024973
recursive_no_target_actual,울산,2021,운수 및 창고업,19652.63568669964,19182.5,470.13568669963934,2.4508572224665155
recursive_no_target_actual,울산,2021,정보통신업,7212.037854322858,7172.59,39.44785432285789,0.549980611227714
recursive_no_target_actual,울산,2022,건설업,23736.509526558442,26504.16,2767.6504734415576,10.442324802753824
recursive_no_target_actual,울산,2022,"공공 행정, 국방·사회보장",21237.7224875472,21691.55,453.8275124528009,2.092185724177391
recursive_no_target_actual,울산,2022,"광업, 제조업",375126.5472939563,385251.17,10124.622706043709,2.6280576139570737
recursive_no_target_actual,울산,2022,교육 서비스업,22345.56339549885,22131.82,213.7433954988519,0.9657741455463306
recursive_no_target_actual,울산,2022,금융 및 보험업,16096.69406346325,16435.3,338.60593653674914,2.0602358127734153
recursive_no_target_actual,울산,2022,기타산업 및 순생산물세,137361.99529540841,138367.72999999998,1005.7347045915667,0.7268564025669618
recursive_no_target_actual,울산,2022,도매 및 소매업,20565.813174998006,20497.21,68.60317499800658,0.33469518533501186
recursive_no_target_actual,울산,2022,문화 및 기타서비스업,11650.072469789551,11059.87,590.2024697895504,5.3364322527258485
recursive_no_target_actual,울산,2022,보건 및 사회복지업,22641.367694782115,22558.14,83.22769478211558,0.3689475053444813
recursive_no_target_actual,울산,2022,부동산업,23934.34801081013,24144.34,209.99198918987167,0.8697358850557592
recursive_no_target_actual,울산,2022,사업서비스업,26178.643417529103,26052.49,126.15341752910172,0.484227870461141
recursive_no_target_actual,울산,2022,서비스업,204025.86053117274,200998.75999999998,3027.100531172764,1.5060294556905547
recursive_no_target_actual,울산,2022,숙박 및 음식점업,10399.312087295342,9999.560000000001,399.75208729534097,3.99769677161136
recursive_no_target_actual,울산,2022,운수 및 창고업,21636.685240508214,19197.09,2439.5952405082135,12.708151290160194
recursive_no_target_actual,울산,2022,정보통신업,7339.63848895098,7522.360000000001,182.7215110490206,2.429045021097376
recursive_no_target_actual,울산,2023,건설업,26189.04272861292,33223.72,7034.677271387081,21.173659275322212
recursive_no_target_actual,울산,2023,"공공 행정, 국방·사회보장",22147.376328658527,21939.420000000002,207.9563286585253,0.9478661179672266
recursive_no_target_actual,울산,2023,"광업, 제조업",392053.0258004317,410694.33999999997,18641.314199568296,4.5389751900569895
recursive_no_target_actual,울산,2023,교육 서비스업,22381.99605324178,22496.699999999997,114.70394675821808,0.5098700998733952
recursive_no_target_actual,울산,2023,금융 및 보험업,16535.918707619403,16805.29,269.3712923805979,1.6028958285194592
recursive_no_target_actual,울산,2023,기타산업 및 순생산물세,133463.6467137761,133312.02,151.62671377611696,0.11373821638597703
recursive_no_target_actual,울산,2023,도매 및 소매업,19825.60204053258,19501.84,323.7620405325797,1.6601615054404082
recursive_no_target_actual,울산,2023,문화 및 기타서비스업,11620.7221688391,11716.57,95.84783116089966,0.8180536723708361
recursive_no_target_actual,울산,2023,보건 및 사회복지업,23313.782688583495,23744.13,430.3473114165063,1.8124366376721583
recursive_no_target_actual,울산,2023,부동산업,24358.20023479152,24667.97,309.76976520848257,1.2557570209809827
recursive_no_target_actual,울산,2023,사업서비스업,27355.681626034784,27168.71,186.971626034785,0.6881873524167508
recursive_no_target_actual,울산,2023,서비스업,207936.02362789543,207604.78999999998,331.23362789544626,0.15955008932859704
recursive_no_target_actual,울산,2023,숙박 및 음식점업,9858.448030448075,10016.59,158.14196955192529,1.5788004655469103
recursive_no_target_actual,울산,2023,운수 및 창고업,22774.98444204908,21318.879999999997,1456.1044420490834,6.830116976356561
recursive_no_target_actual,울산,2023,정보통신업,7763.311307097081,7454.25,309.0613070970812,4.146108690976036
recursive_no_target_actual,울산,2024,건설업,25391.835659762615,34918.65,9526.814340237386,27.282882758174747
recursive_no_target_actual,울산,2024,"공공 행정, 국방·사회보장",22609.147249064597,22456.15,152.99724906459596,0.6813155819879897
recursive_no_target_actual,울산,2024,"광업, 제조업",408626.6234069637,425105.1,16478.476593036263,3.8763300165150367
recursive_no_target_actual,울산,2024,교육 서비스업,22631.67187043093,23234.91,603.2381295690684,2.5962576552655827
recursive_no_target_actual,울산,2024,금융 및 보험업,17134.32755971384,16951.82,182.50755971384206,1.0766251630435084
recursive_no_target_actual,울산,2024,기타산업 및 순생산물세,135579.4452053179,136611.42,1031.9747946821153,0.7554088777366601
recursive_no_target_actual,울산,2024,도매 및 소매업,19536.529645690316,18967.03,569.4996456903173,3.0025768171944542
recursive_no_target_actual,울산,2024,문화 및 기타서비스업,11633.91821841727,11942.66,308.74178158273025,2.585201132601366
recursive_no_target_actual,울산,2024,보건 및 사회복지업,24169.287638611604,24515.19,345.90236138839464,1.410971570640059
recursive_no_target_actual,울산,2024,부동산업,24831.697870654923,25256.920000000002,425.22212934507843,1.6835866342573773
recursive_no_target_actual,울산,2024,사업서비스업,27247.60185042624,28030.539999999997,782.938149573758,2.7931611362954767
recursive_no_target_actual,울산,2024,서비스업,212153.43607589026,214545.93,2392.493924109731,1.1151430018316968
recursive_no_target_actual,울산,2024,숙박 및 음식점업,9710.258287385159,10067.46,357.2017126148403,3.5480817665512485
recursive_no_target_actual,울산,2024,운수 및 창고업,24849.85871584784,24393.74,456.11871584783876,1.8698187151615075
recursive_no_target_actual,울산,2024,정보통신업,7799.137169647536,7642.7,156.4371696475364,2.0468835574801627
recursive_no_target_actual,울산,2025,건설업,23058.750363161827,33756.35,10697.599636838171,31.69062898340067
recursive_no_target_actual,울산,2025,"공공 행정, 국방·사회보장",23013.10528364371,22869.18,143.9252836437081,0.6293416888743195
recursive_no_target_actual,울산,2025,"광업, 제조업",417630.07429462235,433066.58999999997,15436.51570537762,3.5644670038798467
recursive_no_target_actual,울산,2025,교육 서비스업,22558.084087621686,24209.55,1651.465912378313,6.821547333090922
recursive_no_target_actual,울산,2025,금융 및 보험업,17953.614136502663,17346.6,607.0141365026648,3.4993263031525763
recursive_no_target_actual,울산,2025,기타산업 및 순생산물세,135327.16368341405,137299.75,1972.5863165859482,1.4367005887381064
recursive_no_target_actual,울산,2025,도매 및 소매업,19886.61396364712,19457.46,429.1539636471207,2.2056011609281
recursive_no_target_actual,울산,2025,문화 및 기타서비스업,11530.66233288719,11157.28,373.3823328871895,3.3465354717923135
recursive_no_target_actual,울산,2025,보건 및 사회복지업,25561.32979543175,26002.86,441.53020456825107,1.6980063137987556
recursive_no_target_actual,울산,2025,부동산업,24924.1959100793,24587.329999999998,336.8659100793011,1.370079264724153
recursive_no_target_actual,울산,2025,사업서비스업,27232.656575941983,29005.3,1772.6434240580165,6.11144661168137
recursive_no_target_actual,울산,2025,서비스업,215680.07256861727,219141.43,3461.3574313827266,1.5795084623581799
recursive_no_target_actual,울산,2025,숙박 및 음식점업,9652.012904562547,10012.42,360.4070954374529,3.5996002508629568
recursive_no_target_actual,울산,2025,운수 및 창고업,25406.64304733428,25407.46,0.8169526657184178,0.0032154047107362084
recursive_no_target_actual,울산,2025,정보통신업,7961.154530965041,8091.280000000001,130.12546903495968,1.60821858883835
recursive_no_target_actual,인천,2021,건설업,64274.84661905681,74224.24,9949.393380943198,13.404506911681679
recursive_no_target_actual,인천,2021,"공공 행정, 국방·사회보장",60359.0280073912,60623.60999999999,264.58199260879337,0.43643391181883334
recursive_no_target_actual,인천,2021,"광업, 제조업",255751.4688605448,252167.50999999998,3583.958860544808,1.4212611531694976
recursive_no_target_actual,인천,2021,교육 서비스업,46641.3112942037,46969.65,328.33870579630457,0.6990443952558825
recursive_no_target_actual,인천,2021,금융 및 보험업,38852.877983118946,37210.67,1642.2079831189476,4.413271739312804
recursive_no_target_actual,인천,2021,기타산업 및 순생산물세,109082.28639914586,110762.71,1680.4236008541484,1.5171383950917672
recursive_no_target_actual,인천,2021,도매 및 소매업,73358.9175348898,75072.11,1713.1924651102017,2.2820624931285423
recursive_no_target_actual,인천,2021,문화 및 기타서비스업,33561.628354874134,30105.04,3456.588354874133,11.481759714898677
recursive_no_target_actual,인천,2021,보건 및 사회복지업,55509.58325163292,56095.33,585.7467483670844,1.0441987744204095
recursive_no_target_actual,인천,2021,부동산업,84596.46922689112,88211.55,3615.080773108886,4.098194366960887
recursive_no_target_actual,인천,2021,사업서비스업,49662.423531086395,52310.71,2648.286468913604,5.062608534492466
recursive_no_target_actual,인천,2021,서비스업,568465.9166497674,560661.29,7804.626649767393,1.3920395056643544
recursive_no_target_actual,인천,2021,숙박 및 음식점업,21708.413756120968,21013.85,694.5637561209696,3.3052665557285774
recursive_no_target_actual,인천,2021,운수 및 창고업,85702.90119871909,74372.88,11330.021198719085,15.234076183037532
recursive_no_target_actual,인천,2021,정보통신업,18512.362510839237,18675.84,163.47748916076307,0.8753420952458528
recursive_no_target_actual,인천,2022,건설업,74960.02215249292,79674.53,4714.507847507077,5.917208231422359
recursive_no_target_actual,인천,2022,"공공 행정, 국방·사회보장",62341.469216611375,63190.39,848.9207833886248,1.3434333660365523
recursive_no_target_actual,인천,2022,"광업, 제조업",258273.16348482348,261514.44,3241.2765151765198,1.2394254463258396
recursive_no_target_actual,인천,2022,교육 서비스업,48852.184472756024,48977.92,125.7355272439745,0.25671879745806786
recursive_no_target_actual,인천,2022,금융 및 보험업,38228.35650895574,38246.45,18.09349104425928,0.04730763520342223
recursive_no_target_actual,인천,2022,기타산업 및 순생산물세,109578.44499193957,110117.34,538.8950080604263,0.4893825151065458
recursive_no_target_actual,인천,2022,도매 및 소매업,77822.19493116264,78874.86,1052.665068837363,1.3346015052671574
recursive_no_target_actual,인천,2022,문화 및 기타서비스업,31831.400859541813,32009.81,178.40914045818863,0.5573576989622514
recursive_no_target_actual,인천,2022,보건 및 사회복지업,59327.480617648645,59899.8,572.3193823513575,0.9554612575523749
recursive_no_target_actual,인천,2022,부동산업,86470.78190021774,87242.78,771.9980997822568,0.8848848005327854
recursive_no_target_actual,인천,2022,사업서비스업,53672.264876088666,52130.880000000005,1541.3848760886613,2.9567597479433707
recursive_no_target_actual,인천,2022,서비스업,585460.8893810512,614421.52,28960.63061894884,4.713479211950265
recursive_no_target_actual,인천,2022,숙박 및 음식점업,23915.81383577635,24037.74,121.92616422365245,0.5072280681280872
recursive_no_target_actual,인천,2022,운수 및 창고업,83888.09768648849,105023.27,21135.172313511517,20.124275613882062
recursive_no_target_actual,인천,2022,정보통신업,19110.844475803693,19311.879999999997,201.03552419630432,1.0409940627028769
recursive_no_target_actual,인천,2023,건설업,79213.33903888472,71611.20000000001,7602.139038884707,10.61585204393266
recursive_no_target_actual,인천,2023,"공공 행정, 국방·사회보장",64519.113577765005,63803.229999999996,715.8835777650092,1.1220177689515238
recursive_no_target_actual,인천,2023,"광업, 제조업",266859.67129234475,269154.08999999997,2294.418707655219,0.8524554494621349
recursive_no_target_actual,인천,2023,교육 서비스업,49548.78302083656,49592.11,43.3269791634375,0.08736667821441253
recursive_no_target_actual,인천,2023,금융 및 보험업,38489.328782198085,39432.03,942.701217801914,2.390699179834044
recursive_no_target_actual,인천,2023,기타산업 및 순생산물세,106214.51810202253,108126.29,1911.7718979774654,1.7680916435563132
recursive_no_target_actual,인천,2023,도매 및 소매업,76290.46028033677,80680.88,4390.41971966323,5.441710253610558
recursive_no_target_actual,인천,2023,문화 및 기타서비스업,33644.62771096874,33654.630000000005,10.00228903126117,0.02972039517671467
recursive_no_target_actual,인천,2023,보건 및 사회복지업,61903.339257298794,62642.240000000005,738.9007427012111,1.1795567059881817
recursive_no_target_actual,인천,2023,부동산업,88009.57730948259,86922.45,1087.1273094825883,1.250686456125648
recursive_no_target_actual,인천,2023,사업서비스업,54725.19951706701,55648.119999999995,922.9204829329828,1.658493553660003
recursive_no_target_actual,인천,2023,서비스업,632361.258368386,680302.39,47941.13163161406,7.0470326631682205
recursive_no_target_actual,인천,2023,숙박 및 음식점업,23693.680272282083,22967.16,726.5202722820832,3.1633004354133605
recursive_no_target_actual,인천,2023,운수 및 창고업,121438.37120905885,155085.44,33647.06879094115,21.69582701699215
recursive_no_target_actual,인천,2023,정보통신업,20098.777431091523,18172.53,1926.247431091524,10.599775766453675
recursive_no_target_actual,인천,2024,건설업,76802.0468628618,65911.27,10890.776862861792,16.52339101167644
recursive_no_target_actual,인천,2024,"공공 행정, 국방·사회보장",65864.33163061565,64888.21,976.1216306156493,1.5043127720978116
recursive_no_target_actual,인천,2024,"광업, 제조업",278140.8616374031,289896.84,11755.978362596943,4.055228184824968
recursive_no_target_actual,인천,2024,교육 서비스업,50101.50999219458,49786.33,315.1799921945785,0.6330653257522266
recursive_no_target_actual,인천,2024,금융 및 보험업,39882.196965798175,39775.09,107.10696579817886,0.2692815171459797
recursive_no_target_actual,인천,2024,기타산업 및 순생산물세,109965.34603788401,111481.89,1516.5439621159894,1.360350064136865
recursive_no_target_actual,인천,2024,도매 및 소매업,75178.08719770513,80469.01,5290.922802294866,6.575106121343939
recursive_no_target_actual,인천,2024,문화 및 기타서비스업,33682.83326901087,35068.51,1385.6767309891293,3.951341904714883
recursive_no_target_actual,인천,2024,보건 및 사회복지업,64174.89741091503,66958.0,2783.1025890849705,4.15649002223031
recursive_no_target_actual,인천,2024,부동산업,89720.39035756057,85658.06999999999,4062.320357560573,4.74248410869002
recursive_no_target_actual,인천,2024,사업서비스업,54508.98530004277,57039.5,2530.5146999572316,4.436425108840771
recursive_no_target_actual,인천,2024,서비스업,649144.0805446475,696983.11,47839.02945535246,6.863728656975986
recursive_no_target_actual,인천,2024,숙박 및 음식점업,23337.52275327706,22964.49,373.03275327705705,1.624389452049913
recursive_no_target_actual,인천,2024,운수 및 창고업,132501.79708822185,165626.9,33125.10291177814,19.99983270337013
recursive_no_target_actual,인천,2024,정보통신업,20191.528579305843,18110.51,2081.0185793058445,11.490668011590202
recursive_no_target_actual,인천,2025,건설업,69745.2224297809,62956.79,6788.4324297809,10.782685123845894
recursive_no_target_actual,인천,2025,"공공 행정, 국방·사회보장",67041.13081110979,66488.38,552.750811109785,0.8313494946181346
recursive_no_target_actual,인천,2025,"광업, 제조업",284269.2620992334,277365.43,6903.832099233405,2.489074467295151
recursive_no_target_actual,인천,2025,교육 서비스업,49938.60293624093,49354.05,584.5529362409288,1.1844072294795032
recursive_no_target_actual,인천,2025,금융 및 보험업,41789.1844745319,40511.25,1277.934474531903,3.1545175094125786
recursive_no_target_actual,인천,2025,기타산업 및 순생산물세,109760.72634193298,107264.83,2495.896341932981,2.3268543304762437
recursive_no_target_actual,인천,2025,도매 및 소매업,76525.23891089138,83697.07,7171.831089108629,8.568795883904453
recursive_no_target_actual,인천,2025,문화 및 기타서비스업,33383.884049061235,35511.34,2127.455950938762,5.990919945399869
recursive_no_target_actual,인천,2025,보건 및 사회복지업,67871.08258365824,71989.33,4118.247416341765,5.720635844703326
recursive_no_target_actual,인천,2025,부동산업,90054.59868466297,83887.46,6167.138684662961,7.3516812699573455
recursive_no_target_actual,인천,2025,사업서비스업,54479.08719188487,58328.31,3849.222808115126,6.599235959545418
recursive_no_target_actual,인천,2025,서비스업,660361.9523592454,704146.01,43784.05764075462,6.218036745071469
recursive_no_target_actual,인천,2025,숙박 및 음식점업,23197.536472102445,22645.5,552.0364721024453,2.4377314349537227
recursive_no_target_actual,인천,2025,운수 및 창고업,135470.62380696164,162828.99,27358.366193038353,16.801901303347982
recursive_no_target_actual,인천,2025,정보통신업,20610.98243814007,16664.08,3946.902438140067,23.685090554894515
recursive_no_target_actual,전남,2021,건설업,68930.78163639274,61727.44,7203.341636392739,11.66959400291465
recursive_no_target_actual,전남,2021,"공공 행정, 국방·사회보장",85346.37312518315,84745.78,600.5931251831498,0.7086997431413692
recursive_no_target_actual,전남,2021,"광업, 제조업",221254.57834217887,223911.40000000002,2656.8216578211577,1.1865504203096213
recursive_no_target_actual,전남,2021,교육 서비스업,37329.0620691075,36682.97,646.0920691075007,1.7612861475161383
recursive_no_target_actual,전남,2021,금융 및 보험업,25628.774169721855,25700.3,71.52583027814399,0.27830737492614477
recursive_no_target_actual,전남,2021,기타산업 및 순생산물세,184911.67234527553,186941.71,2030.0376547244668,1.0859201270409191
recursive_no_target_actual,전남,2021,도매 및 소매업,34166.89538453419,33235.06,931.8353845341917,2.803772234905524
recursive_no_target_actual,전남,2021,문화 및 기타서비스업,20953.2853428169,20945.93,7.3553428168997925,0.035115856955980435
recursive_no_target_actual,전남,2021,보건 및 사회복지업,41996.38340804186,41150.130000000005,846.2534080418554,2.0565023926822477
recursive_no_target_actual,전남,2021,부동산업,35080.60160093349,35435.43,354.8283990665077,1.0013379238420634
recursive_no_target_actual,전남,2021,사업서비스업,29066.25694769332,32375.12,3308.8630523066786,10.220388533870079
recursive_no_target_actual,전남,2021,서비스업,374769.06828999554,376478.36,1709.2917100044433,0.45402123776900305
recursive_no_target_actual,전남,2021,숙박 및 음식점업,13992.55647398247,13916.699999999999,75.85647398247056,0.5450751541850479
recursive_no_target_actual,전남,2021,운수 및 창고업,38532.80830340372,39868.91,1336.1016965962845,3.351237083221699
recursive_no_target_actual,전남,2021,정보통신업,12676.0714645771,12422.03,254.04146457709976,2.0450881585143468
recursive_no_target_actual,전남,2022,건설업,62339.341835183186,57787.45,4551.891835183189,7.876955697445015
recursive_no_target_actual,전남,2022,"공공 행정, 국방·사회보장",87147.20106563141,88698.69,1551.4889343685936,1.7491678111239226
recursive_no_target_actual,전남,2022,"광업, 제조업",229332.86750352476,223472.35,5860.517503524752,2.6224799191151624
recursive_no_target_actual,전남,2022,교육 서비스업,38153.205930355674,38417.15,263.9440696443271,0.6870475025979988
recursive_no_target_actual,전남,2022,금융 및 보험업,26403.195993801783,26233.12,170.07599380178362,0.648325451954566
recursive_no_target_actual,전남,2022,기타산업 및 순생산물세,184942.94592407605,180338.16,4604.7859240760445,2.553417382142551
recursive_no_target_actual,전남,2022,도매 및 소매업,34452.53097484042,33297.92,1154.6109748404197,3.467516814384862
recursive_no_target_actual,전남,2022,문화 및 기타서비스업,22147.058191429765,20806.3,1340.7581914297662,6.444001054631368
recursive_no_target_actual,전남,2022,보건 및 사회복지업,43521.14421492691,42814.8,706.3442149269104,1.649766470769244
recursive_no_target_actual,전남,2022,부동산업,34736.14273537882,34546.25,189.89273537881672,0.5496768401167036
recursive_no_target_actual,전남,2022,사업서비스업,33217.79078471496,29657.41,3560.380784714962,12.005029382926432
recursive_no_target_actual,전남,2022,서비스업,393297.88702662673,380766.69,12531.19702662673,3.2910434015713745
recursive_no_target_actual,전남,2022,숙박 및 음식점업,15838.560225531379,14875.26,963.3002255313786,6.475854711321877
recursive_no_target_actual,전남,2022,운수 및 창고업,44969.712302842345,38384.89,6584.822302842345,17.154724952559057
recursive_no_target_actual,전남,2022,정보통신업,12711.34460717327,13614.380000000001,903.0353928267305,6.632952751625343
recursive_no_target_actual,전남,2023,건설업,57444.12521875985,55183.93,2260.195218759851,4.095748923209802
recursive_no_target_actual,전남,2023,"공공 행정, 국방·사회보장",90567.74933083466,90821.68,253.9306691653328,0.2795925699297049
recursive_no_target_actual,전남,2023,"광업, 제조업",227411.37778777746,236608.05,9196.672212222533,3.8868805233898565
recursive_no_target_actual,전남,2023,교육 서비스업,38865.87304799826,39220.72,354.8469520017388,0.9047435947166161
recursive_no_target_actual,전남,2023,금융 및 보험업,26393.800786224932,27502.77,1108.969213775068,4.032209169385731
recursive_no_target_actual,전남,2023,기타산업 및 순생산물세,173946.5442936184,177247.28,3300.735706381587,1.8622207948023728
recursive_no_target_actual,전남,2023,도매 및 소매업,32206.876567175248,32319.84,112.96343282475209,0.3495173021424366
recursive_no_target_actual,전남,2023,문화 및 기타서비스업,21862.072850788747,21292.100000000002,569.9728507887448,2.676921725845477
recursive_no_target_actual,전남,2023,보건 및 사회복지업,44246.89348308389,43537.43,709.4634830838913,1.6295483750048898
recursive_no_target_actual,전남,2023,부동산업,34811.48067649162,34920.19,108.7093235083812,0.3113079382110498
recursive_no_target_actual,전남,2023,사업서비스업,31207.023834546086,31232.870000000003,25.84616545391691,0.08275309138710886
recursive_no_target_actual,전남,2023,서비스업,395570.59072484606,390206.47000000003,5364.120724846027,1.374687796654429
recursive_no_target_actual,전남,2023,숙박 및 음식점업,14665.772686073604,14193.34,472.4326860736037,3.328551884712151
recursive_no_target_actual,전남,2023,운수 및 창고업,46513.213546330306,41197.11,5316.103546330305,12.904069111474822
recursive_no_target_actual,전남,2023,정보통신업,14229.833915298672,13721.6,508.2339152986715,3.703896887379544
recursive_no_target_actual,전남,2024,건설업,55695.498391774534,56474.15,778.6516082254675,1.3787752595222196
recursive_no_target_actual,전남,2024,"공공 행정, 국방·사회보장",92456.07923262485,93456.67,1000.5907673751499,1.0706467150767836
recursive_no_target_actual,전남,2024,"광업, 제조업",237024.9362060722,251311.41999999998,14286.483793927793,5.684773017448946
recursive_no_target_actual,전남,2024,교육 서비스업,39299.42993858771,39524.84,225.41006141228718,0.5702997441919744
recursive_no_target_actual,전남,2024,금융 및 보험업,27348.9508634696,27596.11,247.15913653040116,0.8956303498224972
recursive_no_target_actual,전남,2024,기타산업 및 순생산물세,180261.97402568534,181902.71,1640.7359743146517,0.9019854483282035
recursive_no_target_actual,전남,2024,도매 및 소매업,31737.275748969158,31779.370000000003,42.094251030845044,0.13245778953719045
recursive_no_target_actual,전남,2024,문화 및 기타서비스업,21886.898588211003,21409.27,477.62858821100235,2.230942896282789
recursive_no_target_actual,전남,2024,보건 및 사회복지업,45870.54404651997,44667.25,1203.2940465199717,2.6939067135764385
recursive_no_target_actual,전남,2024,부동산업,35488.179022114055,36050.979999999996,562.8009778859414,1.5611253227677624
recursive_no_target_actual,전남,2024,사업서비스업,31083.727761007987,30402.190000000002,681.537761007985,2.2417390359312432
recursive_no_target_actual,전남,2024,서비스업,404662.6236765152,397131.52,7531.103676515166,1.8963752049988796
recursive_no_target_actual,전남,2024,숙박 및 음식점업,14445.32043238661,13816.6,628.7204323866099,4.5504714067615035
recursive_no_target_actual,전남,2024,운수 및 창고업,50750.71677820105,45171.78,5578.936778201052,12.350491342606054
recursive_no_target_actual,전남,2024,정보통신업,14295.501264423167,13004.75,1290.7512644231665,9.925229354068064
recursive_no_target_actual,전남,2025,건설업,50578.012987179856,46608.87,3969.1429871798537,8.515853285393646
recursive_no_target_actual,전남,2025,"공공 행정, 국방·사회보장",94107.99363878393,94397.8,289.80636121607677,0.3070054187873835
recursive_no_target_actual,전남,2025,"광업, 제조업",242247.41132159208,246748.06,4500.648678407917,1.8239854361602346
recursive_no_target_actual,전남,2025,교육 서비스업,39171.64627631986,39952.990000000005,781.3437236801474,1.9556576959074836
recursive_no_target_actual,전남,2025,금융 및 보험업,28656.65484272467,27572.45,1084.20484272467,3.9322034956076446
recursive_no_target_actual,전남,2025,기타산업 및 순생산물세,179926.54880632611,179475.21,451.3388063261227,0.2514769623760979
recursive_no_target_actual,전남,2025,도매 및 소매업,32305.99100883804,31507.9,798.0910088380369,2.5329869932240388
recursive_no_target_actual,전남,2025,문화 및 기타서비스업,21692.643217595185,20376.190000000002,1316.4532175951827,6.460742747271117
recursive_no_target_actual,전남,2025,보건 및 사회복지업,48512.48087245363,45903.64,2608.8408724536275,5.683298475793265
recursive_no_target_actual,전남,2025,부동산업,35620.372438745704,36294.05,673.6775612542988,1.8561652977672614
recursive_no_target_actual,전남,2025,사업서비스업,31066.678376407748,28856.47,2210.208376407747,7.6593165290409635
recursive_no_target_actual,전남,2025,서비스업,411973.43979580665,396272.48,15700.959795806673,3.9621625493162367
recursive_no_target_actual,전남,2025,숙박 및 음식점업,14358.672560241674,12949.06,1409.6125602416741,10.885829243525585
recursive_no_target_actual,전남,2025,운수 및 창고업,51887.83406473868,45885.36,6002.474064738679,13.081457930674793
recursive_no_target_actual,전남,2025,정보통신업,14592.472498957506,12719.25,1873.222498957506,14.727460337343052
recursive_no_target_actual,전북,2021,건설업,38838.27896294487,37744.04,1094.2389629448662,2.899103972295669
recursive_no_target_actual,전북,2021,"공공 행정, 국방·사회보장",64265.03520039271,64339.11,74.0747996072896,0.11513183755151354
recursive_no_target_actual,전북,2021,"광업, 제조업",128077.00991214253,125555.05,2521.959912142527,2.0086487259114842
recursive_no_target_actual,전북,2021,교육 서비스업,38642.86300482908,37806.47,836.3930048290786,2.2123012405788707
recursive_no_target_actual,전북,2021,금융 및 보험업,27703.661669075736,27349.17,354.4916690757382,1.2961697524120044
recursive_no_target_actual,전북,2021,기타산업 및 순생산물세,95167.43114574306,94235.85999999999,931.5711457430734,0.9885527077941174
recursive_no_target_actual,전북,2021,도매 및 소매업,32453.37106632286,32107.13,346.2410663228584,1.0783930744443941
recursive_no_target_actual,전북,2021,문화 및 기타서비스업,19630.66005480595,19726.65,95.98994519405096,0.4866003360634013
recursive_no_target_actual,전북,2021,보건 및 사회복지업,43545.41672610701,42451.83,1093.5867261070089,2.576064980254111
recursive_no_target_actual,전북,2021,부동산업,34926.192523316866,34525.44,400.7525233168635,1.1607455931535224
recursive_no_target_actual,전북,2021,사업서비스업,25361.193715103043,25166.45,194.74371510304263,0.7738227485523093
recursive_no_target_actual,전북,2021,서비스업,326389.57984823326,324703.87,1685.7098482332658,0.5191529895326673
recursive_no_target_actual,전북,2021,숙박 및 음식점업,12182.699437472402,12638.720000000001,456.0205625275994,3.6081229944772835
recursive_no_target_actual,전북,2021,운수 및 창고업,17356.311131653623,18429.93,1073.618868346377,5.825409365886777
recursive_no_target_actual,전북,2021,정보통신업,10322.175319154008,10162.94,159.2353191540078,1.5668233715244586
recursive_no_target_actual,전북,2022,건설업,38118.185176761086,35788.759999999995,2329.4251767610913,6.508817787375398
recursive_no_target_actual,전북,2022,"공공 행정, 국방·사회보장",66162.24372455262,66205.66,43.41627544738003,0.06557789084404571
recursive_no_target_actual,전북,2022,"광업, 제조업",128595.04978885432,126372.48000000001,2222.5697888543073,1.7587450913793152
recursive_no_target_actual,전북,2022,교육 서비스업,39321.7563943006,39175.85,145.906394300604,0.3724396389627896
recursive_no_target_actual,전북,2022,금융 및 보험업,28097.16146652565,28107.09,9.928533474350843,0.035323946642469364
recursive_no_target_actual,전북,2022,기타산업 및 순생산물세,93228.29859686637,94844.7,1616.4014031336264,1.7042611797323692
recursive_no_target_actual,전북,2022,도매 및 소매업,33283.29251312178,31504.48,1778.8125131217785,5.646220833106208
recursive_no_target_actual,전북,2022,문화 및 기타서비스업,20857.870094216385,19970.64,887.2300942163856,4.442672314038938
recursive_no_target_actual,전북,2022,보건 및 사회복지업,44897.857299506315,44243.21,654.6472995063159,1.4796559732133268
recursive_no_target_actual,전북,2022,부동산업,33844.12039597613,34594.740000000005,750.619604023872,2.1697506731482066
recursive_no_target_actual,전북,2022,사업서비스업,25821.48306104067,24676.239999999998,1145.2430610406736,4.641076035249591
recursive_no_target_actual,전북,2022,서비스업,337857.38055002014,332944.68,4912.7005500201485,1.475530574634846
recursive_no_target_actual,전북,2022,숙박 및 음식점업,14384.084161675277,14295.529999999999,88.55416167527801,0.6194535052235071
recursive_no_target_actual,전북,2022,운수 및 창고업,20787.84320568391,19902.43,885.413205683908,4.448769349692013
recursive_no_target_actual,전북,2022,정보통신업,10399.668233420785,10368.89,30.77823342078591,0.2968324808227873
recursive_no_target_actual,전북,2023,건설업,35584.04001692751,35040.67,543.3700169275107,1.55068386799542
recursive_no_target_actual,전북,2023,"공공 행정, 국방·사회보장",67599.63239070424,67026.5,573.1323907042388,0.8550832740844871
recursive_no_target_actual,전북,2023,"광업, 제조업",128271.08058192469,121443.86,6827.220581924688,5.621709143570279
recursive_no_target_actual,전북,2023,교육 서비스업,39635.48147512878,39423.48,212.00147512877447,0.5377543411407985
recursive_no_target_actual,전북,2023,금융 및 보험업,28279.276362685243,28998.46,719.1836373147562,2.480075277496654
recursive_no_target_actual,전북,2023,기타산업 및 순생산물세,91483.17699129762,89135.26,2347.9169912976213,2.6341057302100443
recursive_no_target_actual,전북,2023,도매 및 소매업,30472.209777521814,30623.12,150.91022247818546,0.49279832518105754
recursive_no_target_actual,전북,2023,문화 및 기타서비스업,20986.421378622323,21151.25,164.82862137767734,0.7792854860950409
recursive_no_target_actual,전북,2023,보건 및 사회복지업,45726.549671011715,44859.66,866.8896710117115,1.9324481527762611
recursive_no_target_actual,전북,2023,부동산업,34874.897337289796,35434.86,559.9626627102043,1.5802592777570006
recursive_no_target_actual,전북,2023,사업서비스업,25902.67434073019,25323.5,579.174340730191,2.2871022596804984
recursive_no_target_actual,전북,2023,서비스업,341802.17581043986,337919.55,3882.625810439873,1.1489793385555447
recursive_no_target_actual,전북,2023,숙박 및 음식점업,14092.8831609854,13839.920000000002,252.96316098539864,1.8277790694266918
recursive_no_target_actual,전북,2023,운수 및 창고업,23439.541207687824,21340.28,2099.261207687825,9.837083710653397
recursive_no_target_actual,전북,2023,정보통신업,10792.608708072552,10117.3,675.3087080725527,6.674791773225591
recursive_no_target_actual,전북,2024,건설업,34500.844707587195,35979.65,1478.805292412806,4.110115836070684
recursive_no_target_actual,전북,2024,"공공 행정, 국방·사회보장",69009.07899986196,68294.26,714.8189998619637,1.0466750790797994
recursive_no_target_actual,전북,2024,"광업, 제조업",133693.59522718092,122352.04000000001,11341.555227180914,9.269608604140082
recursive_no_target_actual,전북,2024,교육 서비스업,40077.62350765563,39711.54,366.0835076556323,0.9218567390124691
recursive_no_target_actual,전북,2024,금융 및 보험업,29302.658831205626,29375.53,72.87116879437235,0.2480675882081867
recursive_no_target_actual,전북,2024,기타산업 및 순생산물세,90651.30885445862,90868.81999999999,217.51114554137166,0.23936829546303307
recursive_no_target_actual,전북,2024,도매 및 소매업,30027.901723798394,29689.15,338.75172379839205,1.1409950227554244
recursive_no_target_actual,전북,2024,문화 및 기타서비스업,21010.25275957757,21271.6,261.34724042243033,1.2286205100811898
recursive_no_target_actual,전북,2024,보건 및 사회복지업,47404.496579662155,45866.28,1538.2165796621557,3.353698140904725
recursive_no_target_actual,전북,2024,부동산업,35552.82843568841,36448.7,895.8715643115866,2.457897165911505
recursive_no_target_actual,전북,2024,사업서비스업,25800.335262922563,25922.260000000002,121.9247370774392,0.4703476358829793
recursive_no_target_actual,전북,2024,서비스업,348483.5913475591,343642.69,4840.90134755912,1.4087019710965247
recursive_no_target_actual,전북,2024,숙박 및 음식점업,13881.042440398145,13827.89,53.1524403981457,0.3843857623841794
recursive_no_target_actual,전북,2024,운수 및 창고업,25574.95873849786,23846.010000000002,1728.9487384978565,7.250473930430526
recursive_no_target_actual,전북,2024,정보통신업,10842.414068290784,9887.01,955.4040682907835,9.663225467464718
recursive_no_target_actual,전북,2025,건설업,31330.793727967262,32798.21,1467.4162720327367,4.474074262079354
recursive_no_target_actual,전북,2025,"공공 행정, 국방·사회보장",70242.06543733373,69426.44,815.6254373337288,1.174805214459691
recursive_no_target_actual,전북,2025,"광업, 제조업",136639.32526451047,127037.74,9601.58526451046,7.558057365087303
recursive_no_target_actual,전북,2025,교육 서비스업,39947.30951799209,39213.72,733.5895179920917,1.8707470701379305
recursive_no_target_actual,전북,2025,금융 및 보험업,30703.780349453882,29524.69,1179.0903494538834,3.9935740204347057
recursive_no_target_actual,전북,2025,기타산업 및 순생산물세,90482.628047971,89838.5,644.1280479709967,0.7169844197877265
recursive_no_target_actual,전북,2025,도매 및 소매업,30565.985901761334,29725.61,840.3759017613338,2.827110702728502
recursive_no_target_actual,전북,2025,문화 및 기타서비스업,20823.77798700554,21004.31,180.532012994463,0.8594998502424644
recursive_no_target_actual,전북,2025,보건 및 사회복지업,50134.78216558507,47442.659999999996,2692.122165585075,5.674475599776815
recursive_no_target_actual,전북,2025,부동산업,35685.262671294135,34789.19,896.0726712941323,2.5757215712528296
recursive_no_target_actual,전북,2025,사업서비스업,25786.183812295574,24948.95,837.2338122955734,3.35578776780415
recursive_no_target_actual,전북,2025,서비스업,354902.5684707127,343363.62,11538.948470712698,3.360562330602379
recursive_no_target_actual,전북,2025,숙박 및 음식점업,13797.779296721705,13875.080000000002,77.30070327829708,0.5571189735720231
recursive_no_target_actual,전북,2025,운수 및 창고업,26147.989614320366,24585.26,1562.7296143203675,6.35636806086398
recursive_no_target_actual,전북,2025,정보통신업,11067.651716949249,9293.4,1774.2517169492494,19.09152427474605
recursive_no_target_actual,제주,2021,건설업,15199.37311574656,12793.18,2406.1931157465606,18.808405070096416
recursive_no_target_actual,제주,2021,"공공 행정, 국방·사회보장",26249.27985046523,26235.39,13.889850465231575,0.05294318272086512
recursive_no_target_actual,제주,2021,"광업, 제조업",7848.370225927092,7924.200000000001,75.82977407290855,0.9569391745906028
recursive_no_target_actual,제주,2021,교육 서비스업,12805.356517201491,12992.19,186.83348279850907,1.4380445698416437
recursive_no_target_actual,제주,2021,금융 및 보험업,11739.878809871912,11323.97,415.90880987191304,3.672818012339427
recursive_no_target_actual,제주,2021,기타산업 및 순생산물세,40660.64255584901,39949.64,711.0025558490088,1.779747091210356
recursive_no_target_actual,제주,2021,도매 및 소매업,16284.753727833191,16531.57,246.81627216680863,1.4929995890699348
recursive_no_target_actual,제주,2021,문화 및 기타서비스업,9275.422733990152,9708.66,433.2372660098481,4.462379628186054
recursive_no_target_actual,제주,2021,보건 및 사회복지업,13980.17958562776,13850.55,129.62958562776112,0.9359165204830214
recursive_no_target_actual,제주,2021,부동산업,23471.82699057441,24232.059999999998,760.2330094255885,3.1373024391058317
recursive_no_target_actual,제주,2021,사업서비스업,13586.384189526534,14048.83,462.4458104734658,3.2917033694155733
recursive_no_target_actual,제주,2021,서비스업,161749.51695923723,162796.89,1047.3730407627882,0.6433618239038769
recursive_no_target_actual,제주,2021,숙박 및 음식점업,13408.224754313527,14429.8,1021.575245686472,7.079621655785057
recursive_no_target_actual,제주,2021,운수 및 창고업,9742.580296630387,9809.9,67.3197033696124,0.6862425036912956
recursive_no_target_actual,제주,2021,정보통신업,11205.629503202643,9633.96,1571.6695032026437,16.31384709094333
recursive_no_target_actual,제주,2022,건설업,12919.998321314295,12962.41,42.41167868570483,0.3271897639845124
recursive_no_target_actual,제주,2022,"공공 행정, 국방·사회보장",26978.81283973228,27762.68,783.8671602677205,2.8234563819765257
recursive_no_target_actual,제주,2022,"광업, 제조업",8116.065867985053,7819.71,296.355867985053,3.789857526494627
recursive_no_target_actual,제주,2022,교육 서비스업,13512.91445827457,13383.78,129.13445827456962,0.9648578972051963
recursive_no_target_actual,제주,2022,금융 및 보험업,11633.66260196751,11840.85,207.18739803249082,1.7497679476768206
recursive_no_target_actual,제주,2022,기타산업 및 순생산물세,39522.50201523408,41750.71,2228.207984765919,5.336934353370084
recursive_no_target_actual,제주,2022,도매 및 소매업,17137.17211236488,18463.19,1326.0178876351201,7.181954405685692
recursive_no_target_actual,제주,2022,문화 및 기타서비스업,10265.406188762609,10092.63,172.7761887626093,1.711904516093519
recursive_no_target_actual,제주,2022,보건 및 사회복지업,14648.603309201915,14367.74,280.8633092019154,1.9548189847666746
recursive_no_target_actual,제주,2022,부동산업,23753.851655555933,24252.0,498.14834444406733,2.0540505708562895
recursive_no_target_actual,제주,2022,사업서비스업,14414.503598531803,13121.25,1293.2535985318027,9.856176801233135
recursive_no_target_actual,제주,2022,서비스업,169690.7410413573,171105.59,1414.8489586426876,0.8268864615368134
recursive_no_target_actual,제주,2022,숙박 및 음식점업,16422.506206019432,16788.39,365.88379398056713,2.1793858373588364
recursive_no_target_actual,제주,2022,운수 및 창고업,11064.960918734174,12140.89,1075.9290812658255,8.862028082503222
recursive_no_target_actual,제주,2022,정보통신업,9858.347152212202,8858.869999999999,999.4771522122028,11.28221942767196
recursive_no_target_actual,제주,2023,건설업,12887.440995171455,14564.05,1676.6090048285441,11.511969574593223
recursive_no_target_actual,제주,2023,"공공 행정, 국방·사회보장",28347.091337984228,28822.67,475.57866201577053,1.6500159840006863
recursive_no_target_actual,제주,2023,"광업, 제조업",7934.8454543728085,7717.58,217.26545437280856,2.815201842712464
recursive_no_target_actual,제주,2023,교육 서비스업,13540.219859299814,13482.93,57.28985929981354,0.4249065989351984
recursive_no_target_actual,제주,2023,금융 및 보험업,11912.983753445948,11945.02,32.03624655405292,0.26819751288865923
recursive_no_target_actual,제주,2023,기타산업 및 순생산물세,40270.96498214807,44086.9,3815.9350178519308,8.655485003145902
recursive_no_target_actual,제주,2023,도매 및 소매업,17858.23805263063,17213.06,645.1780526306284,3.74818918095114
recursive_no_target_actual,제주,2023,문화 및 기타서비스업,10605.684409793086,11707.17,1101.485590206914,9.408640945735938
recursive_no_target_actual,제주,2023,보건 및 사회복지업,14848.079494638483,14489.98,358.0994946384835,2.47135948178316
recursive_no_target_actual,제주,2023,부동산업,24459.13438575655,24418.100000000002,41.034385756549455,0.1680490527786742
recursive_no_target_actual,제주,2023,사업서비스업,13774.831141023009,13961.6,186.7688589769914,1.337732487515696
recursive_no_target_actual,제주,2023,서비스업,175414.05501850552,175054.86,359.19501850553206,0.20518997216388743
recursive_no_target_actual,제주,2023,숙박 및 음식점업,16552.37330534027,15698.08,854.2933053402685,5.442024154165787
recursive_no_target_actual,제주,2023,운수 및 창고업,14288.763937285557,16105.26,1816.4960627144428,11.278899332978435
recursive_no_target_actual,제주,2023,정보통신업,9226.655341307933,7421.13,1805.5253413079326,24.329520454539033
recursive_no_target_actual,제주,2024,건설업,12495.141086877478,11725.2,769.9410868774776,6.566549712392773
recursive_no_target_actual,제주,2024,"공공 행정, 국방·사회보장",28938.12579117306,29632.56,694.4342088269404,2.3434836842545512
recursive_no_target_actual,제주,2024,"광업, 제조업",8270.282058547207,7463.62,806.6620585472074,10.80791972993276
recursive_no_target_actual,제주,2024,교육 서비스업,13691.26382563104,13572.36,118.90382563103958,0.8760733257225684
recursive_no_target_actual,제주,2024,금융 및 보험업,12344.095871192058,12146.01,198.0858711920573,1.630871958709546
recursive_no_target_actual,제주,2024,기타산업 및 순생산물세,44836.74797533134,43327.58,1509.1679753313365,3.4831577838673113
recursive_no_target_actual,제주,2024,도매 및 소매업,17597.851324853942,17069.25,528.6013248539421,3.0968046332085013
recursive_no_target_actual,제주,2024,문화 및 기타서비스업,10617.72782114469,12463.869999999999,1846.1421788553089,14.811949890806861
recursive_no_target_actual,제주,2024,보건 및 사회복지업,15392.933398260673,15154.86,238.07339826067255,1.5709376283296088
recursive_no_target_actual,제주,2024,부동산업,24934.594074702658,25289.12,354.525925297341,1.4018911108703704
recursive_no_target_actual,제주,2024,사업서비스업,13720.408053376364,14654.670000000002,934.2619466236374,6.375182427332975
recursive_no_target_actual,제주,2024,서비스업,178400.3127448242,179888.22999999998,1487.9172551757947,0.8271343017693791
recursive_no_target_actual,제주,2024,숙박 및 음식점업,16303.562139564068,15360.08,943.4821395640683,6.142429854298078
recursive_no_target_actual,제주,2024,운수 및 창고업,15590.5162512463,16559.39,968.8737487537,5.850902410980719
recursive_no_target_actual,제주,2024,정보통신업,9269.234193679333,8328.81,940.4241936793333,11.291219197932637
recursive_no_target_actual,제주,2025,건설업,11347.04646546566,9825.15,1521.896465465661,15.489803875418302
recursive_no_target_actual,제주,2025,"공공 행정, 국방·사회보장",29455.163797526395,30284.809999999998,829.6462024736029,2.739479635083076
recursive_no_target_actual,제주,2025,"광업, 제조업",8452.50483620273,7454.58,997.9248362027301,13.38673454712043
recursive_no_target_actual,제주,2025,교육 서비스업,13646.74613579563,13519.4,127.3461357956312,0.9419510909924347
recursive_no_target_actual,제주,2025,금융 및 보험업,12934.335086277479,12002.34,931.9950862774785,7.765111522232153
recursive_no_target_actual,제주,2025,기타산업 및 순생산물세,44753.31731222967,44559.0,194.3173122296721,0.4360899307203306
recursive_no_target_actual,제주,2025,도매 및 소매업,17913.195548740998,16802.050000000003,1111.1455487409949,6.613154637326961
recursive_no_target_actual,제주,2025,문화 및 기타서비스업,10523.491050015076,12277.01,1753.518949984924,14.282947965220552
recursive_no_target_actual,제주,2025,보건 및 사회복지업,16279.497062357748,15453.7,825.7970623577476,5.343685087440209
recursive_no_target_actual,제주,2025,부동산업,25027.475402341483,23185.08,1842.3954023414808,7.946469895042332
recursive_no_target_actual,제주,2025,사업서비스업,13712.882427248996,13458.25,254.63242724899646,1.8920173666635443
recursive_no_target_actual,제주,2025,서비스업,181100.18176380146,176110.28,4989.901763801463,2.8333960764819994
recursive_no_target_actual,제주,2025,숙박 및 음식점업,16205.767911018696,15162.87,1042.8979110186956,6.877971723154625
recursive_no_target_actual,제주,2025,운수 및 창고업,15939.836352730126,17125.57,1185.7336472698735,6.923761645713827
recursive_no_target_actual,제주,2025,정보통신업,9461.790989748837,7247.31,2214.4809897488367,30.55590266938818
recursive_no_target_actual,충남,2021,건설업,64312.684764573074,66947.53,2634.845235426925,3.935687000591246
recursive_no_target_actual,충남,2021,"공공 행정, 국방·사회보장",73220.41716157286,71069.19,2151.227161572853,3.026947628885109
recursive_no_target_actual,충남,2021,"광업, 제조업",620774.8356889999,632224.58,11449.744311000104,1.8110248593941263
recursive_no_target_actual,충남,2021,교육 서비스업,44937.5358650228,44513.52,424.01586502280406,0.9525552349551418
recursive_no_target_actual,충남,2021,금융 및 보험업,27789.94984825129,27571.050000000003,218.89984825128704,0.7939481748112133
recursive_no_target_actual,충남,2021,기타산업 및 순생산물세,201468.14889378825,200828.65999999997,639.4888937882788,0.31842511611055857
recursive_no_target_actual,충남,2021,도매 및 소매업,43027.31425083926,42494.94,532.3742508392606,1.252794452325996
recursive_no_target_actual,충남,2021,문화 및 기타서비스업,24798.83250330865,25023.91,225.07749669134864,0.8994497530216047
recursive_no_target_actual,충남,2021,보건 및 사회복지업,40847.17875432293,40512.84,334.3387543229328,0.8252661485171932
recursive_no_target_actual,충남,2021,부동산업,45871.46361992164,44869.24,1002.2236199216422,2.2336541022795178
recursive_no_target_actual,충남,2021,사업서비스업,41817.66675379203,41126.38,691.286753792032,1.6808840306198405
recursive_no_target_actual,충남,2021,서비스업,404238.46677249257,398531.83,5706.636772492551,1.4319149294781677
recursive_no_target_actual,충남,2021,숙박 및 음식점업,18150.127805589043,18400.32,250.1921944109563,1.3597165397718969
recursive_no_target_actual,충남,2021,운수 및 창고업,32010.681147387775,31400.32,610.3611473877754,1.9438055006693415
recursive_no_target_actual,충남,2021,정보통신업,11767.299062484326,11550.130000000001,217.16906248432497,1.880230460473821
recursive_no_target_actual,충남,2022,건설업,67611.1884938789,68231.04,619.8515061210928,0.9084597070792017
recursive_no_target_actual,충남,2022,"공공 행정, 국방·사회보장",73083.05215517562,73787.86,704.8078448243759,0.9551813060093841
recursive_no_target_actual,충남,2022,"광업, 제조업",647532.5445758244,649025.2,1492.6554241755512,0.22998420156498567
recursive_no_target_actual,충남,2022,교육 서비스업,46297.60285737429,46189.7,107.90285737429076,0.23360804979095073
recursive_no_target_actual,충남,2022,금융 및 보험업,28325.068639601184,28384.49,59.42136039881734,0.2093444708670733
recursive_no_target_actual,충남,2022,기타산업 및 순생산물세,198681.41789429792,202069.48,3388.062105702091,1.6766817560485088
recursive_no_target_actual,충남,2022,도매 및 소매업,44051.622973297024,44784.31,732.6870267029735,1.6360350906444099
recursive_no_target_actual,충남,2022,문화 및 기타서비스업,26458.886807465755,25860.77,598.1168074657544,2.3128344881678093
recursive_no_target_actual,충남,2022,보건 및 사회복지업,42847.12369668364,42622.69,224.43369668363448,0.5265592028181104
recursive_no_target_actual,충남,2022,부동산업,43983.814141729075,46329.72,2345.905858270926,5.063501049155759
recursive_no_target_actual,충남,2022,사업서비스업,42196.82882356282,43867.96,1671.1311764371785,3.8094572358440617
recursive_no_target_actual,충남,2022,서비스업,415422.13486041786,416277.51,855.3751395821455,0.20548194870824163
recursive_no_target_actual,충남,2022,숙박 및 음식점업,20941.330106285703,19261.21,1680.1201062857035,8.72281703115071
recursive_no_target_actual,충남,2022,운수 및 창고업,35417.66770935823,32996.42,2421.2477093582347,7.337910322872101
recursive_no_target_actual,충남,2022,정보통신업,11819.13694988449,12165.74,346.6030501155092,2.8490091857586073
recursive_no_target_actual,충남,2023,건설업,67828.14912736932,73093.14,5264.990872630675,7.2031258646579905
recursive_no_target_actual,충남,2023,"공공 행정, 국방·사회보장",75349.09746856772,75002.63,346.4674685677164,0.4619404260460152
recursive_no_target_actual,충남,2023,"광업, 제조업",660991.5799863668,649406.0900000001,11585.489986366709,1.7840131413560822
recursive_no_target_actual,충남,2023,교육 서비스업,46692.45446807775,47385.340000000004,692.8855319222566,1.4622360669402321
recursive_no_target_actual,충남,2023,금융 및 보험업,28572.439760116915,28998.53,426.090239883084,1.4693511701561561
recursive_no_target_actual,충남,2023,기타산업 및 순생산물세,194907.65433787522,191305.57,3602.084337875218,1.8828956929352436
recursive_no_target_actual,충남,2023,도매 및 소매업,43316.92488762441,41923.42,1393.504887624411,3.3239294113514855
recursive_no_target_actual,충남,2023,문화 및 기타서비스업,27171.95057431209,26824.55,347.4005743120906,1.2950844443321161
recursive_no_target_actual,충남,2023,보건 및 사회복지업,44046.961730474155,43736.2,310.76173047415796,0.7105366503586457
recursive_no_target_actual,충남,2023,부동산업,46776.504179632866,46964.25,187.745820367134,0.39976326752185753
recursive_no_target_actual,충남,2023,사업서비스업,46090.50932882041,45355.880000000005,734.6293288204033,1.619700309685102
recursive_no_target_actual,충남,2023,서비스업,429011.82361561863,421071.97000000003,7939.853615618602,1.8856286291435171
recursive_no_target_actual,충남,2023,숙박 및 음식점업,18966.501192050946,18722.01,244.49119205094757,1.3059024754871278
recursive_no_target_actual,충남,2023,운수 및 창고업,39373.76288441431,34152.03,5221.732884414312,15.289670583020431
recursive_no_target_actual,충남,2023,정보통신업,12654.717141527019,11967.03,687.687141527018,5.746514728608668
recursive_no_target_actual,충남,2024,건설업,65763.42761342511,71373.87,5610.442386574883,7.860639175898523
recursive_no_target_actual,충남,2024,"공공 행정, 국방·사회보장",76920.11976816194,77737.59,817.4702318380587,1.0515765048003916
recursive_no_target_actual,충남,2024,"광업, 제조업",688934.2503576353,654741.09,34193.16035763535,5.222394146308329
recursive_no_target_actual,충남,2024,교육 서비스업,47213.31850085449,47510.020000000004,296.7014991455144,0.6245029977792356
recursive_no_target_actual,충남,2024,금융 및 보험업,29606.43135022498,29594.86,11.571350224978232,0.039099188930031205
recursive_no_target_actual,충남,2024,기타산업 및 순생산물세,194559.37315545225,192542.63,2016.7431554522482,1.0474268246217724
recursive_no_target_actual,충남,2024,도매 및 소매업,42685.33109345524,41991.84,693.4910934552463,1.6514901310712897
recursive_no_target_actual,충남,2024,문화 및 기타서비스업,27202.806006677187,27010.64,192.1660066771874,0.7114455883947488
recursive_no_target_actual,충남,2024,보건 및 사회복지업,45663.27574941593,45811.95,148.6742505840666,0.3245315918315344
recursive_no_target_actual,충남,2024,부동산업,47685.78992034927,50901.07,3215.280079650729,6.3167239503034605
recursive_no_target_actual,충남,2024,사업서비스업,45908.40997651615,43657.03,2251.379976516153,5.156970083663852
recursive_no_target_actual,충남,2024,서비스업,437240.8387339586,430699.66,6541.17873395863,1.5187332012192976
recursive_no_target_actual,충남,2024,숙박 및 음식점업,18681.401455279825,17927.47,753.9314552798241,4.20545372704472
recursive_no_target_actual,충남,2024,운수 및 창고업,42960.83921719506,37100.0,5860.839217195062,15.797410288935476
recursive_no_target_actual,충남,2024,정보통신업,12713.115695828552,12014.4,698.7156958285523,5.815652016151887
recursive_no_target_actual,충남,2025,건설업,59720.86778928096,65958.68,6237.812210719036,9.45715137222127
recursive_no_target_actual,충남,2025,"공공 행정, 국방·사회보장",78294.45291124066,79190.6,896.1470887593459,1.1316331594398146
recursive_no_target_actual,충남,2025,"광업, 제조업",704113.8430043516,647228.01,56885.83300435159,8.789148820112342
recursive_no_target_actual,충남,2025,교육 서비스업,47059.802514610274,47593.399999999994,533.5974853897205,1.1211585753270845
recursive_no_target_actual,충남,2025,금융 및 보험업,31022.077905791593,30223.07,799.0079057915937,2.643701999140371
recursive_no_target_actual,충남,2025,기타산업 및 순생산물세,194197.34383245287,189607.07,4590.273832452862,2.4209402278368954
recursive_no_target_actual,충남,2025,도매 및 소매업,43450.22973684911,41847.15,1603.0797368491112,3.830797884322137
recursive_no_target_actual,충남,2025,문화 및 기타서비스업,26961.36973642081,26021.38,939.9897364208082,3.6123746566124013
recursive_no_target_actual,충남,2025,보건 및 사회복지업,48293.274854567106,48210.33,82.9448545671039,0.17204788800886428
recursive_no_target_actual,충남,2025,부동산업,47863.41942031381,48346.77,483.3505796861864,0.9997577494550026
recursive_no_target_actual,충남,2025,사업서비스업,45883.22927283437,44639.3,1243.9292728343644,2.7866236093181667
recursive_no_target_actual,충남,2025,서비스업,444297.8323529253,432365.46,11932.372352925304,2.759788525412114
recursive_no_target_actual,충남,2025,숙박 및 음식점업,18569.344149776505,17510.8,1058.544149776506,6.045093027026213
recursive_no_target_actual,충남,2025,운수 및 창고업,43923.41700957452,37281.06,6642.3570095745235,17.816974650330554
recursive_no_target_actual,충남,2025,정보통신업,12977.214840946597,11993.83,983.3848409465973,8.199089373007599
recursive_no_target_actual,충북,2021,건설업,38406.69346779874,38452.119999999995,45.42653220125794,0.11813791333548827
recursive_no_target_actual,충북,2021,"공공 행정, 국방·사회보장",59848.418937063354,59611.38,237.03893706335657,0.3976404120544711
recursive_no_target_actual,충북,2021,"광업, 제조업",360444.81013353035,367467.87,7023.0598664696445,1.9112037921763458
recursive_no_target_actual,충북,2021,교육 서비스업,36095.26318411987,36470.39,375.1268158801322,1.028579118238473
recursive_no_target_actual,충북,2021,금융 및 보험업,21773.882057735158,21623.73,150.15205773515845,0.6943855557536024
recursive_no_target_actual,충북,2021,기타산업 및 순생산물세,83469.4749361412,82416.04000000001,1053.4349361411878,1.2781916434485177
recursive_no_target_actual,충북,2021,도매 및 소매업,29776.996707392642,29772.34,4.656707392641692,0.01564105271081041
recursive_no_target_actual,충북,2021,문화 및 기타서비스업,21974.928693890284,22515.71,540.7813061097149,2.4017954846181397
recursive_no_target_actual,충북,2021,보건 및 사회복지업,30812.815108672803,30472.309999999998,340.50510867280536,1.117424667420374
recursive_no_target_actual,충북,2021,부동산업,33372.035568641404,33579.17,207.13443135859416,0.6168539346225478
recursive_no_target_actual,충북,2021,사업서비스업,37266.467354473934,36761.0,505.4673544739344,1.3750098051574615
recursive_no_target_actual,충북,2021,서비스업,312899.45755832474,313923.54000000004,1024.082441675302,0.32622034068400924
recursive_no_target_actual,충북,2021,숙박 및 음식점업,13175.862994501482,13057.25,118.61299450148181,0.9084071646133896
recursive_no_target_actual,충북,2021,운수 및 창고업,19335.878709694356,20213.86,877.9812903056445,4.343461814347405
recursive_no_target_actual,충북,2021,정보통신업,9466.908242139438,9846.41,379.50175786056207,3.8542144584733125
recursive_no_target_actual,충북,2022,건설업,38833.30454593455,44883.57,6050.265454065448,13.479911366376266
recursive_no_target_actual,충북,2022,"공공 행정, 국방·사회보장",61300.576584769224,61429.26,128.68341523077834,0.2094822812952302
recursive_no_target_actual,충북,2022,"광업, 제조업",376365.26079723967,381258.56,4893.299202760332,1.2834594986563272
recursive_no_target_actual,충북,2022,교육 서비스업,37932.10576513796,38221.17,289.0642348620386,0.7562935275451761
recursive_no_target_actual,충북,2022,금융 및 보험업,22215.10375723606,22478.23,263.12624276394126,1.17058257151004
recursive_no_target_actual,충북,2022,기타산업 및 순생산물세,81534.85505720736,83042.47,1507.614942792643,1.8154745912454713
recursive_no_target_actual,충북,2022,도매 및 소매업,30862.973458546934,29638.72,1224.253458546933,4.130588158148978
recursive_no_target_actual,충북,2022,문화 및 기타서비스업,23806.86658753939,22663.14,1143.7265875393896,5.046637789553388
recursive_no_target_actual,충북,2022,보건 및 사회복지업,32228.0906610226,32377.67,149.57933897739713,0.46198302403291264
recursive_no_target_actual,충북,2022,부동산업,32916.524208030714,33776.33,859.8057919692874,2.5455867821320055
recursive_no_target_actual,충북,2022,사업서비스업,37717.826591424164,37730.350000000006,12.52340857584204,0.033191869611180494
recursive_no_target_actual,충북,2022,서비스업,326716.2328705718,326297.57999999996,418.65287057182286,0.12830400721078683
recursive_no_target_actual,충북,2022,숙박 및 음식점업,14860.42310937153,15750.48,890.0568906284698,5.650982640709805
recursive_no_target_actual,충북,2022,운수 및 창고업,22799.99676521906,22503.670000000002,296.32676521905887,1.3167930618386194
recursive_no_target_actual,충북,2022,정보통신업,10075.745382274135,9872.25,203.4953822741354,2.061286761114593
recursive_no_target_actual,충북,2023,건설업,44625.78226547755,44923.93,298.14773452244845,0.6636724225205775
recursive_no_target_actual,충북,2023,"공공 행정, 국방·사회보장",62724.69944846624,62600.41,124.28944846623926,0.19854414446525073
recursive_no_target_actual,충북,2023,"광업, 제조업",386721.0254215365,366204.45999999996,20516.565421536565,5.60248922733944
recursive_no_target_actual,충북,2023,교육 서비스업,38659.388296739795,39212.979999999996,553.591703260201,1.4117562686136098
recursive_no_target_actual,충북,2023,금융 및 보험업,22619.87161876572,23244.03,624.1583812342797,2.6852416781181216
recursive_no_target_actual,충북,2023,기타산업 및 순생산물세,80099.24624996993,83008.85,2909.6037500300736,3.5051729424393585
recursive_no_target_actual,충북,2023,도매 및 소매업,28667.573267520478,29287.22,619.646732479523,2.1157581104643013
recursive_no_target_actual,충북,2023,문화 및 기타서비스업,23822.29759619617,23366.63,455.66759619617005,1.950078364728547
recursive_no_target_actual,충북,2023,보건 및 사회복지업,33462.08117032179,33278.72,183.36117032179027,0.5509862468321807
recursive_no_target_actual,충북,2023,부동산업,34065.52808436759,34113.04,47.51191563241446,0.13927787037571104
recursive_no_target_actual,충북,2023,사업서비스업,39613.39465448506,40324.520000000004,711.1253455149417,1.7635060392905897
recursive_no_target_actual,충북,2023,서비스업,335873.0289510295,334766.37,1106.6589510295307,0.3305765005694959
recursive_no_target_actual,충북,2023,숙박 및 음식점업,15527.833047220061,14965.33,562.5030472200615,3.758707941756456
recursive_no_target_actual,충북,2023,운수 및 창고업,26425.926455189132,25037.32,1388.6064551891322,5.5461465332117506
recursive_no_target_actual,충북,2023,정보통신업,10284.435311757448,9679.17,605.2653117574482,6.253277003683665
recursive_no_target_actual,충북,2024,건설업,43267.35196912523,46546.03,3278.6780308747693,7.0439477456504225
recursive_no_target_actual,충북,2024,"공공 행정, 국방·사회보장",64032.50411872115,64007.02,25.48411872114957,0.03981456834133127
recursive_no_target_actual,충북,2024,"광업, 제조업",403069.2187513454,341791.63,61277.58875134541,17.928346797534335
recursive_no_target_actual,충북,2024,교육 서비스업,39090.641807019245,39559.04,468.398192980756,1.1840484323703406
recursive_no_target_actual,충북,2024,금융 및 보험업,23438.449143803515,23615.059999999998,176.61085619648293,0.7478738406613531
recursive_no_target_actual,충북,2024,기타산업 및 순생산물세,84420.69837462109,84984.71,564.0116253789165,0.6636624698477132
recursive_no_target_actual,충북,2024,도매 및 소매업,28249.57819015457,29197.14,947.5618098454288,3.245392561892805
recursive_no_target_actual,충북,2024,문화 및 기타서비스업,23849.349290194008,22749.63,1099.719290194007,4.834009564964384
recursive_no_target_actual,충북,2024,보건 및 사회복지업,34689.98041180658,34731.51,41.52958819342166,0.119573229593017
recursive_no_target_actual,충북,2024,부동산업,34727.7259009923,36072.0,1344.2740990077,3.726641436592648
recursive_no_target_actual,충북,2024,사업서비스업,39456.885784997605,39730.3,273.4142150023981,0.6881755612275722
recursive_no_target_actual,충북,2024,서비스업,341994.846014024,342655.82,660.9739859760157,0.19289734695766023
recursive_no_target_actual,충북,2024,숙박 및 음식점업,15294.422516223243,14855.3,439.122516223244,2.955998978298951
recursive_no_target_actual,충북,2024,운수 및 창고업,28833.413279282737,29500.47,667.0567207172644,2.2611731972991085
recursive_no_target_actual,충북,2024,정보통신업,10331.895570829016,9667.86,664.0355708290153,6.868485588630942
recursive_no_target_actual,충북,2025,건설업,39291.805496052286,43703.439999999995,4411.634503947709,10.094478841820482
recursive_no_target_actual,충북,2025,"공공 행정, 국방·사회보장",65176.57400459656,65594.5,417.92599540344236,0.6371357284580907
recursive_no_target_actual,충북,2025,"광업, 제조업",411950.22088747006,370075.14,41875.080887470045,11.315291507413884
recursive_no_target_actual,충북,2025,교육 서비스업,38963.53702768001,39496.67,533.1329723199888,1.349817522135382
recursive_no_target_actual,충북,2025,금융 및 보험업,24559.17049673336,24390.679999999997,168.49049673336413,0.6907986851263029
recursive_no_target_actual,충북,2025,기타산업 및 순생산물세,84263.61127167653,90659.39,6395.778728323465,7.054733909331912
recursive_no_target_actual,충북,2025,도매 및 소매업,28755.79574734745,29438.28,682.4842526525499,2.3183564143440103
recursive_no_target_actual,충북,2025,문화 및 기타서비스업,23637.676349569698,23178.61,459.0663495696972,1.9805603078428653
recursive_no_target_actual,충북,2025,보건 및 사회복지업,36687.96710775514,36558.9,129.06710775513784,0.35303881614364174
recursive_no_target_actual,충북,2025,부동산업,34857.08663082402,34866.31,9.223369175975677,0.026453528279808437
recursive_no_target_actual,충북,2025,사업서비스업,39435.243734016825,41230.04,1794.7962659831755,4.353127636992774
recursive_no_target_actual,충북,2025,서비스업,347301.7132546831,347885.98,584.2667453168542,0.16794776993222155
recursive_no_target_actual,충북,2025,숙박 및 음식점업,15202.681445270942,14655.140000000001,547.541445270941,3.736173419502925
recursive_no_target_actual,충북,2025,운수 및 창고업,29479.452877364613,29859.82,380.3671226353872,1.2738426508779597
recursive_no_target_actual,충북,2025,정보통신업,10546.527833524478,9605.880000000001,940.6478335244774,9.792417077086922
