quarter_region,province_full,city,activity,year,predicted_eok,actual_eok,table_id,table_name,latest_change_date,abs_error_eok,ape_pct
강원,강원특별자치도,강릉시,건설업,2022,11447.59571675779,7141.29,211_DT_2020Y32GRDP2,강원특별자치도 경제활동별 지역내총부가가치 및 요소소득,2025-03-19,4306.305716757791,60.30151018594386
강원,강원특별자치도,강릉시,"광업, 제조업",2021,5593.462997095485,4973.84,211_DT_2020Y32GRDP2,강원특별자치도 경제활동별 지역내총부가가치 및 요소소득,2025-03-19,619.6229970954846,12.457638305524195
강원,강원특별자치도,강릉시,운수 및 창고업,2021,3808.223533422267,4393.45,211_DT_2020Y32GRDP2,강원특별자치도 경제활동별 지역내총부가가치 및 요소소득,2025-03-19,585.2264665777329,13.320430790784757
강원,강원특별자치도,강릉시,운수 및 창고업,2022,4955.545123178003,4440.87,211_DT_2020Y32GRDP2,강원특별자치도 경제활동별 지역내총부가가치 및 요소소득,2025-03-19,514.6751231780036,11.589511135836077
강원,강원특별자치도,고성군,건설업,2021,2037.306682600112,1601.0,211_DT_2020Y32GRDP2,강원특별자치도 경제활동별 지역내총부가가치 및 요소소득,2025-03-19,436.306682600112,27.2521350780832
강원,강원특별자치도,동해시,건설업,2022,1981.1462597198079,1463.25,211_DT_2020Y32GRDP2,강원특별자치도 경제활동별 지역내총부가가치 및 요소소득,2025-03-19,517.8962597198079,35.39355952296654
강원,강원특별자치도,동해시,운수 및 창고업,2021,4509.73197624924,5454.66,211_DT_2020Y32GRDP2,강원특별자치도 경제활동별 지역내총부가가치 및 요소소득,2025-03-19,944.9280237507601,17.32331664578104
강원,강원특별자치도,동해시,정보통신업,2021,810.5320437534684,1067.47,211_DT_2020Y32GRDP2,강원특별자치도 경제활동별 지역내총부가가치 및 요소소득,2025-03-19,256.9379562465316,24.069805825599932
강원,강원특별자치도,동해시,정보통신업,2022,1092.3327307329446,1295.34,211_DT_2020Y32GRDP2,강원특별자치도 경제활동별 지역내총부가가치 및 요소소득,2025-03-19,203.00726926705534,15.672122320553317
강원,강원특별자치도,삼척시,건설업,2021,3375.5785138197452,5232.03,211_DT_2020Y32GRDP2,강원특별자치도 경제활동별 지역내총부가가치 및 요소소득,2025-03-19,1856.4514861802545,35.48243198491321
강원,강원특별자치도,삼척시,건설업,2022,5283.8949203455295,7199.08,211_DT_2020Y32GRDP2,강원특별자치도 경제활동별 지역내총부가가치 및 요소소득,2025-03-19,1915.1850796544704,26.603192069743226
강원,강원특별자치도,삼척시,"광업, 제조업",2022,4531.792736609215,4075.1,211_DT_2020Y32GRDP2,강원특별자치도 경제활동별 지역내총부가가치 및 요소소득,2025-03-19,456.69273660921544,11.206908704307022
강원,강원특별자치도,삼척시,운수 및 창고업,2021,1201.2064046617786,1526.53,211_DT_2020Y32GRDP2,강원특별자치도 경제활동별 지역내총부가가치 및 요소소득,2025-03-19,325.32359533822137,21.311313589527973
강원,강원특별자치도,삼척시,운수 및 창고업,2022,1721.8332510634962,1561.94,211_DT_2020Y32GRDP2,강원특별자치도 경제활동별 지역내총부가가치 및 요소소득,2025-03-19,159.8932510634961,10.236836950426783
강원,강원특별자치도,속초시,건설업,2021,2557.657569389743,2878.66,211_DT_2020Y32GRDP2,강원특별자치도 경제활동별 지역내총부가가치 및 요소소득,2025-03-19,321.00243061025685,11.151106091384772
강원,강원특별자치도,속초시,건설업,2022,2907.19605036704,2123.04,211_DT_2020Y32GRDP2,강원특별자치도 경제활동별 지역내총부가가치 및 요소소득,2025-03-19,784.1560503670398,36.935528787353974
강원,강원특별자치도,속초시,도매 및 소매업,2022,1686.77720738591,1511.38,211_DT_2020Y32GRDP2,강원특별자치도 경제활동별 지역내총부가가치 및 요소소득,2025-03-19,175.39720738590995,11.605103110131797
강원,강원특별자치도,양구군,"공공 행정, 국방·사회보장",2022,6662.798767283177,6049.37,211_DT_2020Y32GRDP2,강원특별자치도 경제활동별 지역내총부가가치 및 요소소득,2025-03-19,613.428767283177,10.140374407304844
강원,강원특별자치도,양양군,건설업,2021,1010.482509668647,1202.46,211_DT_2020Y32GRDP2,강원특별자치도 경제활동별 지역내총부가가치 및 요소소득,2025-03-19,191.977490331353,15.965395134254196
강원,강원특별자치도,영월군,건설업,2021,889.3491915142249,1078.85,211_DT_2020Y32GRDP2,강원특별자치도 경제활동별 지역내총부가가치 및 요소소득,2025-03-19,189.500808485775,17.56507470786254
강원,강원특별자치도,원주시,숙박 및 음식점업,2022,3642.500905243962,3272.48,211_DT_2020Y32GRDP2,강원특별자치도 경제활동별 지역내총부가가치 및 요소소득,2025-03-19,370.0209052439618,11.307048637240314
강원,강원특별자치도,인제군,건설업,2021,2115.9497050211157,1294.75,211_DT_2020Y32GRDP2,강원특별자치도 경제활동별 지역내총부가가치 및 요소소득,2025-03-19,821.1997050211157,63.42534891068667
강원,강원특별자치도,정선군,"광업, 제조업",2022,1395.653607388571,1229.98,211_DT_2020Y32GRDP2,강원특별자치도 경제활동별 지역내총부가가치 및 요소소득,2025-03-19,165.67360738857087,13.469617992859304
강원,강원특별자치도,정선군,문화 및 기타서비스업,2021,2129.749887229588,2660.85,211_DT_2020Y32GRDP2,강원특별자치도 경제활동별 지역내총부가가치 및 요소소득,2025-03-19,531.1001127704121,19.95979152415251
강원,강원특별자치도,철원군,"공공 행정, 국방·사회보장",2021,9766.902301632677,10883.36,211_DT_2020Y32GRDP2,강원특별자치도 경제활동별 지역내총부가가치 및 요소소득,2025-03-19,1116.4576983673232,10.258391694911527
강원,강원특별자치도,춘천시,"광업, 제조업",2021,6690.644898293449,5928.599999999999,211_DT_2020Y32GRDP2,강원특별자치도 경제활동별 지역내총부가가치 및 요소소득,2025-03-19,762.0448982934495,12.85370742322723
강원,강원특별자치도,춘천시,문화 및 기타서비스업,2021,4132.9589215127935,4756.22,211_DT_2020Y32GRDP2,강원특별자치도 경제활동별 지역내총부가가치 및 요소소득,2025-03-19,623.2610784872068,13.10412635427307
강원,강원특별자치도,홍천군,건설업,2022,1395.2553533050404,1736.29,211_DT_2020Y32GRDP2,강원특별자치도 경제활동별 지역내총부가가치 및 요소소득,2025-03-19,341.0346466949595,19.641571782073246
강원,강원특별자치도,화천군,"공공 행정, 국방·사회보장",2021,10643.048576165795,11862.61,211_DT_2020Y32GRDP2,강원특별자치도 경제활동별 지역내총부가가치 및 요소소득,2025-03-19,1219.561423834206,10.28071751355061
경기도,경기도,가평군,건설업,2021,1500.348013785241,1898.56,210_DT_GRDP008_2020,경기도 경제활동별 지역내총부가가치 및 요소소득,2026-05-13,398.211986214759,20.97442199428825
경기도,경기도,가평군,건설업,2022,1917.3803552294635,2759.78,210_DT_GRDP008_2020,경기도 경제활동별 지역내총부가가치 및 요소소득,2026-05-13,842.3996447705367,30.524159344967234
경기도,경기도,가평군,문화 및 기타서비스업,2023,1848.0452661824843,1570.93,210_DT_GRDP008_2020,경기도 경제활동별 지역내총부가가치 및 요소소득,2026-05-13,277.1152661824842,17.640204603800562
경기도,경기도,가평군,숙박 및 음식점업,2022,1739.3644028137298,1996.71,210_DT_GRDP008_2020,경기도 경제활동별 지역내총부가가치 및 요소소득,2026-05-13,257.3455971862702,12.888481411234991
경기도,경기도,고양시,건설업,2021,19021.469344159454,16986.62,210_DT_GRDP008_2020,경기도 경제활동별 지역내총부가가치 및 요소소득,2026-05-13,2034.8493441594546,11.97913030467188
경기도,경기도,고양시,사업서비스업,2022,17519.962109811328,14916.75,210_DT_GRDP008_2020,경기도 경제활동별 지역내총부가가치 및 요소소득,2026-05-13,2603.2121098113275,17.451603799831247
경기도,경기도,고양시,운수 및 창고업,2021,11438.030026163386,13376.51,210_DT_GRDP008_2020,경기도 경제활동별 지역내총부가가치 및 요소소득,2026-05-13,1938.4799738366146,14.49167214644638
경기도,경기도,고양시,정보통신업,2021,9369.366016482092,10803.73,210_DT_GRDP008_2020,경기도 경제활동별 지역내총부가가치 및 요소소득,2026-05-13,1434.3639835179074,13.27656266417161
경기도,경기도,고양시,정보통신업,2022,11055.362579745972,9594.45,210_DT_GRDP008_2020,경기도 경제활동별 지역내총부가가치 및 요소소득,2026-05-13,1460.912579745971,15.22664227491905
경기도,경기도,고양시,정보통신업,2023,9990.664813481933,8922.98,210_DT_GRDP008_2020,경기도 경제활동별 지역내총부가가치 및 요소소득,2026-05-13,1067.6848134819338,11.965563225311879
경기도,경기도,과천시,건설업,2022,4676.523165205555,6120.58,210_DT_GRDP008_2020,경기도 경제활동별 지역내총부가가치 및 요소소득,2026-05-13,1444.0568347944445,23.593463933065895
경기도,경기도,과천시,"광업, 제조업",2023,467.83895962376954,3118.78,210_DT_GRDP008_2020,경기도 경제활동별 지역내총부가가치 및 요소소득,2026-05-13,2650.941040376231,84.99929589058
경기도,경기도,과천시,교육 서비스업,2023,1028.103864631993,1198.56,210_DT_GRDP008_2020,경기도 경제활동별 지역내총부가가치 및 요소소득,2026-05-13,170.45613536800693,14.22174404018213
경기도,경기도,과천시,금융 및 보험업,2021,2001.8793517129525,1728.91,210_DT_GRDP008_2020,경기도 경제활동별 지역내총부가가치 및 요소소득,2026-05-13,272.9693517129524,15.78852292559777
경기도,경기도,과천시,문화 및 기타서비스업,2021,3978.0223717135577,3142.79,210_DT_GRDP008_2020,경기도 경제활동별 지역내총부가가치 및 요소소득,2026-05-13,835.2323717135578,26.576143226673043
경기도,경기도,과천시,문화 및 기타서비스업,2022,3323.0108671920298,8952.87,210_DT_GRDP008_2020,경기도 경제활동별 지역내총부가가치 및 요소소득,2026-05-13,5629.859132807971,62.88328918891898
경기도,경기도,과천시,문화 및 기타서비스업,2023,9408.227580033652,8245.11,210_DT_GRDP008_2020,경기도 경제활동별 지역내총부가가치 및 요소소득,2026-05-13,1163.1175800336514,14.106756368728268
경기도,경기도,과천시,보건 및 사회복지업,2022,1267.8417960999368,1421.81,210_DT_GRDP008_2020,경기도 경제활동별 지역내총부가가치 및 요소소득,2026-05-13,153.96820390006314,10.829028062825776
경기도,경기도,과천시,부동산업,2021,4751.724313474483,5392.14,210_DT_GRDP008_2020,경기도 경제활동별 지역내총부가가치 및 요소소득,2026-05-13,640.4156865255172,11.876837146763942
경기도,경기도,과천시,사업서비스업,2021,4200.125325132116,5349.06,210_DT_GRDP008_2020,경기도 경제활동별 지역내총부가가치 및 요소소득,2026-05-13,1148.9346748678845,21.47918839698722
경기도,경기도,과천시,사업서비스업,2023,5957.435898790169,11991.94,210_DT_GRDP008_2020,경기도 경제활동별 지역내총부가가치 및 요소소득,2026-05-13,6034.504101209832,50.321333338974604
경기도,경기도,과천시,정보통신업,2021,5879.357106080435,5276.1,210_DT_GRDP008_2020,경기도 경제활동별 지역내총부가가치 및 요소소득,2026-05-13,603.2571060804348,11.433769376631126
경기도,경기도,과천시,정보통신업,2022,5398.987063449173,6657.03,210_DT_GRDP008_2020,경기도 경제활동별 지역내총부가가치 및 요소소득,2026-05-13,1258.042936550827,18.897961050961573
경기도,경기도,과천시,정보통신업,2023,6931.940380458871,7783.49,210_DT_GRDP008_2020,경기도 경제활동별 지역내총부가가치 및 요소소득,2026-05-13,851.5496195411288,10.940460121887853
경기도,경기도,광명시,건설업,2022,5179.156846942084,4320.7,210_DT_GRDP008_2020,경기도 경제활동별 지역내총부가가치 및 요소소득,2026-05-13,858.4568469420838,19.868466844309573
경기도,경기도,광명시,건설업,2023,4295.7109293593785,8080.18,210_DT_GRDP008_2020,경기도 경제활동별 지역내총부가가치 및 요소소득,2026-05-13,3784.469070640622,46.83644511187401
경기도,경기도,광명시,"광업, 제조업",2021,22379.942533566817,29661.18,210_DT_GRDP008_2020,경기도 경제활동별 지역내총부가가치 및 요소소득,2026-05-13,7281.237466433184,24.548037085622294
경기도,경기도,광명시,문화 및 기타서비스업,2021,5255.20624495816,2828.43,210_DT_GRDP008_2020,경기도 경제활동별 지역내총부가가치 및 요소소득,2026-05-13,2426.77624495816,85.79940974173518
경기도,경기도,광명시,문화 및 기타서비스업,2022,2990.6241355903358,5521.75,210_DT_GRDP008_2020,경기도 경제활동별 지역내총부가가치 및 요소소득,2026-05-13,2531.1258644096642,45.83919707356661
경기도,경기도,광명시,사업서비스업,2023,3947.597681775019,5206.91,210_DT_GRDP008_2020,경기도 경제활동별 지역내총부가가치 및 요소소득,2026-05-13,1259.312318224981,24.185405897643346
경기도,경기도,광명시,정보통신업,2022,941.6121597476657,1659.68,210_DT_GRDP008_2020,경기도 경제활동별 지역내총부가가치 및 요소소득,2026-05-13,718.0678402523343,43.265439135998164
경기도,경기도,광명시,정보통신업,2023,1728.218561526684,1941.85,210_DT_GRDP008_2020,경기도 경제활동별 지역내총부가가치 및 요소소득,2026-05-13,213.63143847331594,11.00143875548142
경기도,경기도,광주시,건설업,2021,6592.24470147157,8305.76,210_DT_GRDP008_2020,경기도 경제활동별 지역내총부가가치 및 요소소득,2026-05-13,1713.5152985284303,20.63044560074491
경기도,경기도,구리시,건설업,2021,2284.038200367374,3387.6,210_DT_GRDP008_2020,경기도 경제활동별 지역내총부가가치 및 요소소득,2026-05-13,1103.561799632626,32.57650843171053
경기도,경기도,구리시,"광업, 제조업",2023,1993.6985777520902,1547.66,210_DT_GRDP008_2020,경기도 경제활동별 지역내총부가가치 및 요소소득,2026-05-13,446.0385777520901,28.820191628141195
경기도,경기도,구리시,금융 및 보험업,2021,3313.6027237525686,2987.59,210_DT_GRDP008_2020,경기도 경제활동별 지역내총부가가치 및 요소소득,2026-05-13,326.0127237525685,10.912231054213212
경기도,경기도,구리시,문화 및 기타서비스업,2022,1913.9833751455453,2403.69,210_DT_GRDP008_2020,경기도 경제활동별 지역내총부가가치 및 요소소득,2026-05-13,489.70662485445473,20.373119031757618
경기도,경기도,구리시,보건 및 사회복지업,2021,4530.862697333149,3560.72,210_DT_GRDP008_2020,경기도 경제활동별 지역내총부가가치 및 요소소득,2026-05-13,970.1426973331495,27.24568899922346
경기도,경기도,구리시,사업서비스업,2022,3146.0892211816845,2413.65,210_DT_GRDP008_2020,경기도 경제활동별 지역내총부가가치 및 요소소득,2026-05-13,732.4392211816844,30.345709658885273
경기도,경기도,구리시,사업서비스업,2023,2533.8316396877626,3086.24,210_DT_GRDP008_2020,경기도 경제활동별 지역내총부가가치 및 요소소득,2026-05-13,552.4083603122372,17.89907331614642
경기도,경기도,구리시,숙박 및 음식점업,2021,1490.736621983775,1263.08,210_DT_GRDP008_2020,경기도 경제활동별 지역내총부가가치 및 요소소득,2026-05-13,227.65662198377504,18.023927382570783
경기도,경기도,구리시,정보통신업,2021,342.1940973910732,1192.57,210_DT_GRDP008_2020,경기도 경제활동별 지역내총부가가치 및 요소소득,2026-05-13,850.3759026089267,71.30616254047366
경기도,경기도,구리시,정보통신업,2023,1284.459751286028,1080.94,210_DT_GRDP008_2020,경기도 경제활동별 지역내총부가가치 및 요소소득,2026-05-13,203.51975128602794,18.82803405240142
경기도,경기도,군포시,건설업,2021,2784.9525612497214,2383.59,210_DT_GRDP008_2020,경기도 경제활동별 지역내총부가가치 및 요소소득,2026-05-13,401.36256124972124,16.838573800432172
경기도,경기도,군포시,건설업,2022,2407.2184397234732,1734.97,210_DT_GRDP008_2020,경기도 경제활동별 지역내총부가가치 및 요소소득,2026-05-13,672.2484397234732,38.74697774160206
경기도,경기도,군포시,건설업,2023,1724.9356796608515,1559.03,210_DT_GRDP008_2020,경기도 경제활동별 지역내총부가가치 및 요소소득,2026-05-13,165.90567966085155,10.64159635548075
경기도,경기도,군포시,금융 및 보험업,2021,2186.871045011626,1978.13,210_DT_GRDP008_2020,경기도 경제활동별 지역내총부가가치 및 요소소득,2026-05-13,208.74104501162583,10.552443217160947
경기도,경기도,군포시,운수 및 창고업,2023,8043.249273808775,6860.29,210_DT_GRDP008_2020,경기도 경제활동별 지역내총부가가치 및 요소소득,2026-05-13,1182.959273808775,17.24357532711846
경기도,경기도,군포시,정보통신업,2021,2851.566572750884,2481.97,210_DT_GRDP008_2020,경기도 경제활동별 지역내총부가가치 및 요소소득,2026-05-13,369.5965727508842,14.89125866754571
경기도,경기도,군포시,정보통신업,2022,2539.778230486333,2868.3,210_DT_GRDP008_2020,경기도 경제활동별 지역내총부가가치 및 요소소득,2026-05-13,328.5217695136671,11.45353587538497
경기도,경기도,군포시,정보통신업,2023,2986.750036167808,2604.86,210_DT_GRDP008_2020,경기도 경제활동별 지역내총부가가치 및 요소소득,2026-05-13,381.8900361678079,14.660674130963198
경기도,경기도,김포시,건설업,2021,12756.452157962647,9489.17,210_DT_GRDP008_2020,경기도 경제활동별 지역내총부가가치 및 요소소득,2026-05-13,3267.282157962647,34.43169590135541
경기도,경기도,김포시,건설업,2023,9548.245808844009,8162.59,210_DT_GRDP008_2020,경기도 경제활동별 지역내총부가가치 및 요소소득,2026-05-13,1385.6558088440088,16.9756879721266
경기도,경기도,김포시,운수 및 창고업,2022,5480.104595798646,6791.94,210_DT_GRDP008_2020,경기도 경제활동별 지역내총부가가치 및 요소소득,2026-05-13,1311.8354042013534,19.314590591220675
경기도,경기도,김포시,정보통신업,2021,863.5464942896691,3328.43,210_DT_GRDP008_2020,경기도 경제활동별 지역내총부가가치 및 요소소득,2026-05-13,2464.8835057103306,74.05544072461583
경기도,경기도,김포시,정보통신업,2022,3405.9533578961978,1316.1,210_DT_GRDP008_2020,경기도 경제활동별 지역내총부가가치 및 요소소득,2026-05-13,2089.853357896198,158.79138043432854
경기도,경기도,김포시,정보통신업,2023,1370.4499956770392,1546.69,210_DT_GRDP008_2020,경기도 경제활동별 지역내총부가가치 및 요소소득,2026-05-13,176.24000432296089,11.394655963571296
경기도,경기도,남양주시,건설업,2021,16586.07856172704,14794.81,210_DT_GRDP008_2020,경기도 경제활동별 지역내총부가가치 및 요소소득,2026-05-13,1791.2685617270417,12.107411732405092
경기도,경기도,남양주시,건설업,2022,14941.470405650818,10097.24,210_DT_GRDP008_2020,경기도 경제활동별 지역내총부가가치 및 요소소득,2026-05-13,4844.230405650818,47.97578749886918
경기도,경기도,남양주시,건설업,2023,10038.841906257017,9012.82,210_DT_GRDP008_2020,경기도 경제활동별 지역내총부가가치 및 요소소득,2026-05-13,1026.0219062570177,11.384027488144861
경기도,경기도,남양주시,사업서비스업,2022,6039.980753122185,5431.21,210_DT_GRDP008_2020,경기도 경제활동별 지역내총부가가치 및 요소소득,2026-05-13,608.7707531221849,11.208750041375401
경기도,경기도,남양주시,운수 및 창고업,2021,5603.730373923474,5011.8,210_DT_GRDP008_2020,경기도 경제활동별 지역내총부가가치 및 요소소득,2026-05-13,591.9303739234738,11.810734145885187
경기도,경기도,남양주시,운수 및 창고업,2023,6734.53101588284,8226.34,210_DT_GRDP008_2020,경기도 경제활동별 지역내총부가가치 및 요소소득,2026-05-13,1491.8089841171604,18.134540805718707
경기도,경기도,남양주시,정보통신업,2022,1520.7438533393452,1845.63,210_DT_GRDP008_2020,경기도 경제활동별 지역내총부가가치 및 요소소득,2026-05-13,324.88614666065496,17.602994460463634
경기도,경기도,남양주시,정보통신업,2023,1921.8475993628253,1675.82,210_DT_GRDP008_2020,경기도 경제활동별 지역내총부가가치 및 요소소득,2026-05-13,246.0275993628254,14.681027757326289
경기도,경기도,동두천시,건설업,2022,850.5385983959959,1072.37,210_DT_GRDP008_2020,경기도 경제활동별 지역내총부가가치 및 요소소득,2026-05-13,221.831401604004,20.68608797374078
경기도,경기도,동두천시,건설업,2023,1066.1678731032277,1493.31,210_DT_GRDP008_2020,경기도 경제활동별 지역내총부가가치 및 요소소득,2026-05-13,427.1421268967722,28.603714359159998
경기도,경기도,동두천시,"광업, 제조업",2023,3227.232412082181,2901.67,210_DT_GRDP008_2020,경기도 경제활동별 지역내총부가가치 및 요소소득,2026-05-13,325.5624120821808,11.21982899785919
경기도,경기도,부천시,건설업,2023,8414.361854689407,6350.15,210_DT_GRDP008_2020,경기도 경제활동별 지역내총부가가치 및 요소소득,2026-05-13,2064.211854689407,32.50650543198834
경기도,경기도,부천시,사업서비스업,2023,14925.592670985068,13503.0,210_DT_GRDP008_2020,경기도 경제활동별 지역내총부가가치 및 요소소득,2026-05-13,1422.5926709850683,10.535382292713235
경기도,경기도,부천시,정보통신업,2022,4192.373163813818,3705.86,210_DT_GRDP008_2020,경기도 경제활동별 지역내총부가가치 및 요소소득,2026-05-13,486.51316381381775,13.128212177843137
경기도,경기도,성남시,건설업,2022,20710.436621304514,14854.39,210_DT_GRDP008_2020,경기도 경제활동별 지역내총부가가치 및 요소소득,2026-05-13,5856.046621304515,39.42300304020909
경기도,경기도,성남시,건설업,2023,14768.478596515994,11387.6,210_DT_GRDP008_2020,경기도 경제활동별 지역내총부가가치 및 요소소득,2026-05-13,3380.878596515993,29.689123226281154
경기도,경기도,성남시,"광업, 제조업",2023,67478.87501892564,78012.61,210_DT_GRDP008_2020,경기도 경제활동별 지역내총부가가치 및 요소소득,2026-05-13,10533.734981074362,13.502605516049728
경기도,경기도,성남시,사업서비스업,2021,46015.48064696011,40246.04,210_DT_GRDP008_2020,경기도 경제활동별 지역내총부가가치 및 요소소득,2026-05-13,5769.440646960109,14.335424421781893
경기도,경기도,수원시,건설업,2021,18834.6638291895,22006.85,210_DT_GRDP008_2020,경기도 경제활동별 지역내총부가가치 및 요소소득,2026-05-13,3172.186170810499,14.41453988558335
경기도,경기도,수원시,건설업,2023,20937.382759586744,15595.87,210_DT_GRDP008_2020,경기도 경제활동별 지역내총부가가치 및 요소소득,2026-05-13,5341.512759586743,34.24953375211991
경기도,경기도,수원시,문화 및 기타서비스업,2022,11400.729553876869,13169.57,210_DT_GRDP008_2020,경기도 경제활동별 지역내총부가가치 및 요소소득,2026-05-13,1768.8404461231312,13.431269556432984
경기도,경기도,수원시,운수 및 창고업,2023,12152.773424538074,10615.13,210_DT_GRDP008_2020,경기도 경제활동별 지역내총부가가치 및 요소소득,2026-05-13,1537.6434245380751,14.48539419242228
경기도,경기도,시흥시,건설업,2021,12488.293151695165,10779.25,210_DT_GRDP008_2020,경기도 경제활동별 지역내총부가가치 및 요소소득,2026-05-13,1709.0431516951649,15.854935655960894
경기도,경기도,시흥시,"광업, 제조업",2022,88331.81668485548,78848.71,210_DT_GRDP008_2020,경기도 경제활동별 지역내총부가가치 및 요소소득,2026-05-13,9483.106684855476,12.026964911481084
경기도,경기도,시흥시,문화 및 기타서비스업,2021,4875.697808393539,4235.47,210_DT_GRDP008_2020,경기도 경제활동별 지역내총부가가치 및 요소소득,2026-05-13,640.2278083935389,15.115862192236962
경기도,경기도,시흥시,문화 및 기타서비스업,2023,5065.636462994438,5779.98,210_DT_GRDP008_2020,경기도 경제활동별 지역내총부가가치 및 요소소득,2026-05-13,714.3435370055613,12.358927487734583
경기도,경기도,시흥시,사업서비스업,2021,7898.953774135203,6519.65,210_DT_GRDP008_2020,경기도 경제활동별 지역내총부가가치 및 요소소득,2026-05-13,1379.3037741352036,21.156101541266843
경기도,경기도,안산시,건설업,2022,7951.075055901432,10509.79,210_DT_GRDP008_2020,경기도 경제활동별 지역내총부가가치 및 요소소득,2026-05-13,2558.7149440985686,24.346013993605663
경기도,경기도,안산시,금융 및 보험업,2021,11874.323116260248,10733.57,210_DT_GRDP008_2020,경기도 경제활동별 지역내총부가가치 및 요소소득,2026-05-13,1140.7531162602481,10.627900281642065
경기도,경기도,안산시,정보통신업,2021,1383.9498670737282,1181.06,210_DT_GRDP008_2020,경기도 경제활동별 지역내총부가가치 및 요소소득,2026-05-13,202.88986707372828,17.178624885588224
경기도,경기도,안산시,정보통신업,2023,1197.8967939570773,1005.1,210_DT_GRDP008_2020,경기도 경제활동별 지역내총부가가치 및 요소소득,2026-05-13,192.79679395707728,19.18185195075886
경기도,경기도,안성시,건설업,2022,6356.028621105659,8540.57,210_DT_GRDP008_2020,경기도 경제활동별 지역내총부가가치 및 요소소득,2026-05-13,2184.5413788943406,25.578402599526033
경기도,경기도,안성시,건설업,2023,8491.175016075827,11773.05,210_DT_GRDP008_2020,경기도 경제활동별 지역내총부가가치 및 요소소득,2026-05-13,3281.874983924172,27.876166192483442
경기도,경기도,안성시,"공공 행정, 국방·사회보장",2023,2533.1031427289554,2976.06,210_DT_GRDP008_2020,경기도 경제활동별 지역내총부가가치 및 요소소득,2026-05-13,442.95685727104456,14.884002918995066
경기도,경기도,안성시,문화 및 기타서비스업,2021,3881.6201739946273,5005.78,210_DT_GRDP008_2020,경기도 경제활동별 지역내총부가가치 및 요소소득,2026-05-13,1124.1598260053725,22.457235955343073
경기도,경기도,안성시,문화 및 기타서비스업,2022,5292.832591032973,3904.03,210_DT_GRDP008_2020,경기도 경제활동별 지역내총부가가치 및 요소소득,2026-05-13,1388.802591032973,35.57356349805132
경기도,경기도,안성시,사업서비스업,2023,6884.969554013473,8011.8,210_DT_GRDP008_2020,경기도 경제활동별 지역내총부가가치 및 요소소득,2026-05-13,1126.8304459865276,14.064635237855757
경기도,경기도,안성시,숙박 및 음식점업,2021,1794.0913638714615,2018.28,210_DT_GRDP008_2020,경기도 경제활동별 지역내총부가가치 및 요소소득,2026-05-13,224.18863612853852,11.107905549702645
경기도,경기도,안성시,운수 및 창고업,2021,4073.172545933985,3685.81,210_DT_GRDP008_2020,경기도 경제활동별 지역내총부가가치 및 요소소득,2026-05-13,387.3625459339851,10.509563594813217
경기도,경기도,안성시,운수 및 창고업,2022,4157.370123811746,4693.11,210_DT_GRDP008_2020,경기도 경제활동별 지역내총부가가치 및 요소소득,2026-05-13,535.7398761882532,11.415455341729754
경기도,경기도,안성시,운수 및 창고업,2023,5516.845032789417,7171.29,210_DT_GRDP008_2020,경기도 경제활동별 지역내총부가가치 및 요소소득,2026-05-13,1654.444967210583,23.070395524523242
경기도,경기도,안양시,건설업,2022,10028.950779227278,8834.11,210_DT_GRDP008_2020,경기도 경제활동별 지역내총부가가치 및 요소소득,2026-05-13,1194.8407792272774,13.525310180960815
경기도,경기도,안양시,건설업,2023,8783.017306955582,10492.82,210_DT_GRDP008_2020,경기도 경제활동별 지역내총부가가치 및 요소소득,2026-05-13,1709.8026930444175,16.294977832883987
경기도,경기도,안양시,"광업, 제조업",2023,47181.41600493586,56823.560000000005,210_DT_GRDP008_2020,경기도 경제활동별 지역내총부가가치 및 요소소득,2026-05-13,9642.143995064143,16.96856725461084
경기도,경기도,안양시,숙박 및 음식점업,2023,4779.639974150876,4159.08,210_DT_GRDP008_2020,경기도 경제활동별 지역내총부가가치 및 요소소득,2026-05-13,620.5599741508759,14.920606820519824
경기도,경기도,안양시,정보통신업,2022,15287.326882750644,11447.55,210_DT_GRDP008_2020,경기도 경제활동별 지역내총부가가치 및 요소소득,2026-05-13,3839.7768827506443,33.54234646496975
경기도,경기도,안양시,정보통신업,2023,11920.290895838227,13990.45,210_DT_GRDP008_2020,경기도 경제활동별 지역내총부가가치 및 요소소득,2026-05-13,2070.159104161774,14.796944373924884
경기도,경기도,양주시,건설업,2021,6945.571567964631,9780.24,210_DT_GRDP008_2020,경기도 경제활동별 지역내총부가가치 및 요소소득,2026-05-13,2834.668432035369,28.98362854117454
경기도,경기도,양주시,건설업,2022,9877.19115826174,12530.69,210_DT_GRDP008_2020,경기도 경제활동별 지역내총부가가치 및 요소소득,2026-05-13,2653.498841738261,21.175999420129784
경기도,경기도,양주시,건설업,2023,12458.217877986039,10807.51,210_DT_GRDP008_2020,경기도 경제활동별 지역내총부가가치 및 요소소득,2026-05-13,1650.7078779860385,15.273711317278805
경기도,경기도,양주시,금융 및 보험업,2023,1235.815668352442,1427.37,210_DT_GRDP008_2020,경기도 경제활동별 지역내총부가가치 및 요소소득,2026-05-13,191.554331647558,13.420089510607482
경기도,경기도,양주시,문화 및 기타서비스업,2023,3366.2460832865213,2996.81,210_DT_GRDP008_2020,경기도 경제활동별 지역내총부가가치 및 요소소득,2026-05-13,369.43608328652135,12.327644504874229
경기도,경기도,양주시,운수 및 창고업,2021,2119.7916599826613,2778.19,210_DT_GRDP008_2020,경기도 경제활동별 지역내총부가가치 및 요소소득,2026-05-13,658.3983400173388,23.698823335241244
경기도,경기도,양주시,운수 및 창고업,2022,3133.6298138733564,2773.19,210_DT_GRDP008_2020,경기도 경제활동별 지역내총부가가치 및 요소소득,2026-05-13,360.43981387335634,12.997299639525467
경기도,경기도,양평군,건설업,2021,1629.7211573242926,2867.34,210_DT_GRDP008_2020,경기도 경제활동별 지역내총부가가치 및 요소소득,2026-05-13,1237.6188426757076,43.162612130954386
경기도,경기도,양평군,건설업,2022,2895.7638356247107,3226.29,210_DT_GRDP008_2020,경기도 경제활동별 지역내총부가가치 및 요소소득,2026-05-13,330.5261643752892,10.244775403800936
경기도,경기도,양평군,건설업,2023,3207.630526137633,2871.18,210_DT_GRDP008_2020,경기도 경제활동별 지역내총부가가치 및 요소소득,2026-05-13,336.450526137633,11.718196913381712
경기도,경기도,양평군,문화 및 기타서비스업,2021,1217.280053869968,2803.74,210_DT_GRDP008_2020,경기도 경제활동별 지역내총부가가치 및 요소소득,2026-05-13,1586.4599461300318,56.58370412841533
경기도,경기도,양평군,문화 및 기타서비스업,2022,2964.5183065941346,1404.15,210_DT_GRDP008_2020,경기도 경제활동별 지역내총부가가치 및 요소소득,2026-05-13,1560.3683065941345,111.12547139508844
경기도,경기도,양평군,문화 및 기타서비스업,2023,1475.5673606903988,1338.53,210_DT_GRDP008_2020,경기도 경제활동별 지역내총부가가치 및 요소소득,2026-05-13,137.03736069039883,10.237899837164562
경기도,경기도,양평군,숙박 및 음식점업,2022,1300.1160230570317,1486.14,210_DT_GRDP008_2020,경기도 경제활동별 지역내총부가가치 및 요소소득,2026-05-13,186.02397694296837,12.517257926101738
경기도,경기도,양평군,숙박 및 음식점업,2023,1465.2176825762513,1294.16,210_DT_GRDP008_2020,경기도 경제활동별 지역내총부가가치 및 요소소득,2026-05-13,171.05768257625118,13.21766107562057
경기도,경기도,여주시,건설업,2021,2942.4455873513903,3841.32,210_DT_GRDP008_2020,경기도 경제활동별 지역내총부가가치 및 요소소득,2026-05-13,898.8744126486099,23.40014402988061
경기도,경기도,여주시,건설업,2022,3879.3988634280945,4652.18,210_DT_GRDP008_2020,경기도 경제활동별 지역내총부가가치 및 요소소득,2026-05-13,772.7811365719058,16.611161575259466
경기도,경기도,여주시,문화 및 기타서비스업,2021,3075.0246871397085,4093.05,210_DT_GRDP008_2020,경기도 경제활동별 지역내총부가가치 및 요소소득,2026-05-13,1018.0253128602917,24.87204683207612
경기도,경기도,여주시,문화 및 기타서비스업,2022,4327.762793556151,3201.34,210_DT_GRDP008_2020,경기도 경제활동별 지역내총부가가치 및 요소소득,2026-05-13,1126.4227935561512,35.18597817027092
경기도,경기도,여주시,사업서비스업,2023,2457.2177838824828,1861.32,210_DT_GRDP008_2020,경기도 경제활동별 지역내총부가가치 및 요소소득,2026-05-13,595.8977838824828,32.01479508534174
경기도,경기도,여주시,운수 및 창고업,2021,3316.319493915511,3711.53,210_DT_GRDP008_2020,경기도 경제활동별 지역내총부가가치 및 요소소득,2026-05-13,395.2105060844892,10.64818298880756
경기도,경기도,연천군,건설업,2022,1200.56433227798,1415.14,210_DT_GRDP008_2020,경기도 경제활동별 지역내총부가가치 및 요소소득,2026-05-13,214.57566772202017,15.162857930806856
경기도,경기도,연천군,"광업, 제조업",2022,2333.5046452216084,2021.86,210_DT_GRDP008_2020,경기도 경제활동별 지역내총부가가치 및 요소소득,2026-05-13,311.64464522160847,15.4137598657478
경기도,경기도,연천군,운수 및 창고업,2023,2332.3964073628777,1219.43,210_DT_GRDP008_2020,경기도 경제활동별 지역내총부가가치 및 요소소득,2026-05-13,1112.9664073628776,91.26939696111114
경기도,경기도,오산시,건설업,2021,3576.4883231980807,5021.73,210_DT_GRDP008_2020,경기도 경제활동별 지역내총부가가치 및 요소소득,2026-05-13,1445.2416768019189,28.779756713362108
경기도,경기도,오산시,건설업,2022,5071.510224204899,6885.47,210_DT_GRDP008_2020,경기도 경제활동별 지역내총부가가치 및 요소소득,2026-05-13,1813.9597757951015,26.344748808652152
경기도,경기도,오산시,건설업,2023,6845.647402683852,7937.61,210_DT_GRDP008_2020,경기도 경제활동별 지역내총부가가치 및 요소소득,2026-05-13,1091.9625973161474,13.756818454372882
경기도,경기도,오산시,금융 및 보험업,2021,2126.940098841694,1830.42,210_DT_GRDP008_2020,경기도 경제활동별 지역내총부가가치 및 요소소득,2026-05-13,296.5200988416941,16.199566156493816
경기도,경기도,오산시,금융 및 보험업,2023,2002.4833774188332,2229.27,210_DT_GRDP008_2020,경기도 경제활동별 지역내총부가가치 및 요소소득,2026-05-13,226.78662258116674,10.173133921919137
경기도,경기도,오산시,사업서비스업,2021,5629.553375555126,4461.56,210_DT_GRDP008_2020,경기도 경제활동별 지역내총부가가치 및 요소소득,2026-05-13,1167.9933755551256,26.17903548434013
경기도,경기도,오산시,사업서비스업,2022,4577.685607855563,4059.3,210_DT_GRDP008_2020,경기도 경제활동별 지역내총부가가치 및 요소소득,2026-05-13,518.3856078555627,12.770320199432481
경기도,경기도,오산시,사업서비스업,2023,4261.422648264883,3761.77,210_DT_GRDP008_2020,경기도 경제활동별 지역내총부가가치 및 요소소득,2026-05-13,499.6526482648828,13.282381651852262
경기도,경기도,오산시,운수 및 창고업,2022,2123.3458203422347,2444.12,210_DT_GRDP008_2020,경기도 경제활동별 지역내총부가가치 및 요소소득,2026-05-13,320.7741796577652,13.12432203237833
경기도,경기도,오산시,운수 및 창고업,2023,2873.112132794942,3392.7,210_DT_GRDP008_2020,경기도 경제활동별 지역내총부가가치 및 요소소득,2026-05-13,519.5878672050576,15.314878038289786
경기도,경기도,용인시,건설업,2022,16750.73957818007,18619.21,210_DT_GRDP008_2020,경기도 경제활동별 지역내총부가가치 및 요소소득,2026-05-13,1868.4704218199295,10.035175616043482
경기도,경기도,용인시,건설업,2023,18511.52449673373,23040.51,210_DT_GRDP008_2020,경기도 경제활동별 지역내총부가가치 및 요소소득,2026-05-13,4528.985503266267,19.656620028229703
경기도,경기도,용인시,"광업, 제조업",2022,111123.13936844669,100129.21,210_DT_GRDP008_2020,경기도 경제활동별 지역내총부가가치 및 요소소득,2026-05-13,10993.929368446683,10.979742443235779
경기도,경기도,용인시,문화 및 기타서비스업,2021,12475.463185498467,14561.03,210_DT_GRDP008_2020,경기도 경제활동별 지역내총부가가치 및 요소소득,2026-05-13,2085.5668145015334,14.322934672214352
경기도,경기도,용인시,문화 및 기타서비스업,2022,15396.021028293064,13920.47,210_DT_GRDP008_2020,경기도 경제활동별 지역내총부가가치 및 요소소득,2026-05-13,1475.5510282930645,10.599865006663315
경기도,경기도,용인시,사업서비스업,2022,29564.78215610244,34705.65,210_DT_GRDP008_2020,경기도 경제활동별 지역내총부가가치 및 요소소득,2026-05-13,5140.867843897562,14.812769228922559
경기도,경기도,용인시,사업서비스업,2023,36433.73067591805,30709.89,210_DT_GRDP008_2020,경기도 경제활동별 지역내총부가가치 및 요소소득,2026-05-13,5723.840675918051,18.638427802633128
경기도,경기도,용인시,숙박 및 음식점업,2021,8651.17822082461,7595.14,210_DT_GRDP008_2020,경기도 경제활동별 지역내총부가가치 및 요소소득,2026-05-13,1056.0382208246092,13.904131073615616
경기도,경기도,용인시,정보통신업,2022,14937.64779036766,11328.91,210_DT_GRDP008_2020,경기도 경제활동별 지역내총부가가치 및 요소소득,2026-05-13,3608.7377903676606,31.854236553804917
경기도,경기도,용인시,정보통신업,2023,11796.751508643392,20042.3,210_DT_GRDP008_2020,경기도 경제활동별 지역내총부가가치 및 요소소득,2026-05-13,8245.548491356607,41.14072981322806
경기도,경기도,의왕시,건설업,2021,2879.9372469335426,3532.95,210_DT_GRDP008_2020,경기도 경제활동별 지역내총부가가치 및 요소소득,2026-05-13,653.0127530664572,18.48349829650737
경기도,경기도,의왕시,건설업,2022,3567.9720029959194,3066.59,210_DT_GRDP008_2020,경기도 경제활동별 지역내총부가가치 및 요소소득,2026-05-13,501.38200299591927,16.349821886718445
경기도,경기도,의왕시,건설업,2023,3048.854162257083,5606.86,210_DT_GRDP008_2020,경기도 경제활동별 지역내총부가가치 및 요소소득,2026-05-13,2558.005837742917,45.62278775897591
경기도,경기도,의왕시,"광업, 제조업",2023,10019.715095592117,12096.76,210_DT_GRDP008_2020,경기도 경제활동별 지역내총부가가치 및 요소소득,2026-05-13,2077.044904407883,17.17025802287458
경기도,경기도,의왕시,문화 및 기타서비스업,2023,1489.5648376297543,1347.59,210_DT_GRDP008_2020,경기도 경제활동별 지역내총부가가치 및 요소소득,2026-05-13,141.97483762975435,10.535462390619873
경기도,경기도,의왕시,정보통신업,2021,2436.3194351867787,1934.19,210_DT_GRDP008_2020,경기도 경제활동별 지역내총부가가치 및 요소소득,2026-05-13,502.12943518677866,25.960708885206657
경기도,경기도,의왕시,정보통신업,2022,1979.2397392492098,6222.2,210_DT_GRDP008_2020,경기도 경제활동별 지역내총부가가치 및 요소소득,2026-05-13,4242.9602607507895,68.1906763001959
경기도,경기도,의왕시,정보통신업,2023,6479.153531723785,1232.27,210_DT_GRDP008_2020,경기도 경제활동별 지역내총부가가치 및 요소소득,2026-05-13,5246.8835317237845,425.7900891625849
경기도,경기도,의정부시,건설업,2022,7035.114295755603,5971.16,210_DT_GRDP008_2020,경기도 경제활동별 지역내총부가가치 및 요소소득,2026-05-13,1063.9542957556032,17.818217829627798
경기도,경기도,의정부시,건설업,2023,5936.625378515876,4835.0,210_DT_GRDP008_2020,경기도 경제활동별 지역내총부가가치 및 요소소득,2026-05-13,1101.625378515876,22.784392523596196
경기도,경기도,의정부시,"광업, 제조업",2021,3706.650430923287,3127.77,210_DT_GRDP008_2020,경기도 경제활동별 지역내총부가가치 및 요소소득,2026-05-13,578.8804309232869,18.50776850354364
경기도,경기도,의정부시,문화 및 기타서비스업,2021,3325.5127049750336,3004.05,210_DT_GRDP008_2020,경기도 경제활동별 지역내총부가가치 및 요소소득,2026-05-13,321.4627049750334,10.700977179974812
경기도,경기도,의정부시,문화 및 기타서비스업,2022,3176.314928960642,4315.6,210_DT_GRDP008_2020,경기도 경제활동별 지역내총부가가치 및 요소소득,2026-05-13,1139.2850710393582,26.399227709689455
경기도,경기도,의정부시,문화 및 기타서비스업,2023,4535.098459420636,4053.9,210_DT_GRDP008_2020,경기도 경제활동별 지역내총부가가치 및 요소소득,2026-05-13,481.1984594206356,11.870013059538605
경기도,경기도,의정부시,사업서비스업,2021,5167.834702880386,4397.68,210_DT_GRDP008_2020,경기도 경제활동별 지역내총부가가치 및 요소소득,2026-05-13,770.1547028803861,17.512749969992953
경기도,경기도,의정부시,사업서비스업,2023,4566.313880678246,5694.18,210_DT_GRDP008_2020,경기도 경제활동별 지역내총부가가치 및 요소소득,2026-05-13,1127.866119321754,19.807349246454343
경기도,경기도,의정부시,운수 및 창고업,2022,3430.06355360464,3902.5,210_DT_GRDP008_2020,경기도 경제활동별 지역내총부가가치 및 요소소득,2026-05-13,472.4364463953598,12.105994782712614
경기도,경기도,의정부시,정보통신업,2022,1291.3321837814008,1153.28,210_DT_GRDP008_2020,경기도 경제활동별 지역내총부가가치 및 요소소득,2026-05-13,138.0521837814008,11.970396068725792
경기도,경기도,의정부시,정보통신업,2023,1200.9061401218873,1001.9,210_DT_GRDP008_2020,경기도 경제활동별 지역내총부가가치 및 요소소득,2026-05-13,199.00614012188737,19.862874550542706
경기도,경기도,이천시,건설업,2021,12857.064762659176,15376.81,210_DT_GRDP008_2020,경기도 경제활동별 지역내총부가가치 및 요소소득,2026-05-13,2519.745237340823,16.386657813557058
경기도,경기도,이천시,건설업,2023,16769.57777395456,9842.02,210_DT_GRDP008_2020,경기도 경제활동별 지역내총부가가치 및 요소소득,2026-05-13,6927.557773954559,70.38756041904567
경기도,경기도,이천시,"광업, 제조업",2021,145510.85477405114,162539.62000000002,210_DT_GRDP008_2020,경기도 경제활동별 지역내총부가가치 및 요소소득,2026-05-13,17028.765225948882,10.476685761876938
경기도,경기도,이천시,"광업, 제조업",2023,165927.80434393935,139041.33,210_DT_GRDP008_2020,경기도 경제활동별 지역내총부가가치 및 요소소득,2026-05-13,26886.474343939364,19.33703765919052
경기도,경기도,이천시,문화 및 기타서비스업,2021,3265.961627176211,3872.17,210_DT_GRDP008_2020,경기도 경제활동별 지역내총부가가치 및 요소소득,2026-05-13,606.208372823789,15.655520620835063
경기도,경기도,이천시,문화 및 기타서비스업,2022,4094.216600413951,3571.63,210_DT_GRDP008_2020,경기도 경제활동별 지역내총부가가치 및 요소소득,2026-05-13,522.5866004139507,14.631599589373778
경기도,경기도,이천시,운수 및 창고업,2021,9597.422650768141,8253.71,210_DT_GRDP008_2020,경기도 경제활동별 지역내총부가가치 및 요소소득,2026-05-13,1343.7126507681423,16.280104956051794
경기도,경기도,파주시,건설업,2022,13525.956198305927,17350.08,210_DT_GRDP008_2020,경기도 경제활동별 지역내총부가가치 및 요소소득,2026-05-13,3824.123801694075,22.040957745982006
경기도,경기도,파주시,문화 및 기타서비스업,2021,5698.031794381004,6410.58,210_DT_GRDP008_2020,경기도 경제활동별 지역내총부가가치 및 요소소득,2026-05-13,712.5482056189958,11.115190912819054
경기도,경기도,파주시,운수 및 창고업,2023,10121.286646715827,9110.81,210_DT_GRDP008_2020,경기도 경제활동별 지역내총부가가치 및 요소소득,2026-05-13,1010.4766467158279,11.090963884833819
경기도,경기도,파주시,정보통신업,2022,3385.334038829368,3881.85,210_DT_GRDP008_2020,경기도 경제활동별 지역내총부가가치 및 요소소득,2026-05-13,496.5159611706317,12.790704462321617
경기도,경기도,파주시,정보통신업,2023,4042.1558511655007,3442.55,210_DT_GRDP008_2020,경기도 경제활동별 지역내총부가가치 및 요소소득,2026-05-13,599.6058511655006,17.417491428316232
경기도,경기도,평택시,건설업,2022,45217.075476136655,60003.5,210_DT_GRDP008_2020,경기도 경제활동별 지역내총부가가치 및 요소소득,2026-05-13,14786.424523863345,24.642603387907947
경기도,경기도,평택시,건설업,2023,59656.465561093224,51645.1,210_DT_GRDP008_2020,경기도 경제활동별 지역내총부가가치 및 요소소득,2026-05-13,8011.365561093226,15.512343980538764
경기도,경기도,평택시,"광업, 제조업",2023,206515.84268566064,230963.27,210_DT_GRDP008_2020,경기도 경제활동별 지역내총부가가치 및 요소소득,2026-05-13,24447.42731433935,10.584984926105069
경기도,경기도,평택시,사업서비스업,2021,12756.377357249476,14887.39,210_DT_GRDP008_2020,경기도 경제활동별 지역내총부가가치 및 요소소득,2026-05-13,2131.012642750524,14.314212516435209
경기도,경기도,평택시,사업서비스업,2022,15274.879401270593,17199.26,210_DT_GRDP008_2020,경기도 경제활동별 지역내총부가가치 및 요소소득,2026-05-13,1924.3805987294054,11.188740670990528
경기도,경기도,평택시,사업서비스업,2023,18055.653954473986,15051.9,210_DT_GRDP008_2020,경기도 경제활동별 지역내총부가가치 및 요소소득,2026-05-13,3003.7539544739866,19.955978676937708
경기도,경기도,포천시,건설업,2021,2882.1943282889015,3796.17,210_DT_GRDP008_2020,경기도 경제활동별 지역내총부가가치 및 요소소득,2026-05-13,913.9756717110986,24.076257694231256
경기도,경기도,포천시,건설업,2023,4043.975329268237,3562.72,210_DT_GRDP008_2020,경기도 경제활동별 지역내총부가가치 및 요소소득,2026-05-13,481.25532926823735,13.508087339679722
경기도,경기도,포천시,금융 및 보험업,2021,1475.9943730483294,1331.11,210_DT_GRDP008_2020,경기도 경제활동별 지역내총부가가치 및 요소소득,2026-05-13,144.8843730483295,10.884477845431972
경기도,경기도,포천시,문화 및 기타서비스업,2022,4037.4583622399496,3296.9,210_DT_GRDP008_2020,경기도 경제활동별 지역내총부가가치 및 요소소득,2026-05-13,740.5583622399495,22.462263406228562
경기도,경기도,포천시,사업서비스업,2021,1499.0447315502147,1859.53,210_DT_GRDP008_2020,경기도 경제활동별 지역내총부가가치 및 요소소득,2026-05-13,360.4852684497853,19.385826980462014
경기도,경기도,포천시,사업서비스업,2023,1958.429878856963,2477.95,210_DT_GRDP008_2020,경기도 경제활동별 지역내총부가가치 및 요소소득,2026-05-13,519.5201211430369,20.965722518333177
경기도,경기도,포천시,운수 및 창고업,2021,2320.8925947031425,2020.5,210_DT_GRDP008_2020,경기도 경제활동별 지역내총부가가치 및 요소소득,2026-05-13,300.39259470314255,14.867240519828881
경기도,경기도,하남시,건설업,2021,13319.352477988457,10714.87,210_DT_GRDP008_2020,경기도 경제활동별 지역내총부가가치 및 요소소득,2026-05-13,2604.4824779884566,24.307177576475087
경기도,경기도,하남시,건설업,2022,10821.086110967008,6114.31,210_DT_GRDP008_2020,경기도 경제활동별 지역내총부가가치 및 요소소득,2026-05-13,4706.776110967007,76.97967736289144
경기도,경기도,하남시,건설업,2023,6078.9474604789375,4345.61,210_DT_GRDP008_2020,경기도 경제활동별 지역내총부가가치 및 요소소득,2026-05-13,1733.3374604789378,39.88709204182929
경기도,경기도,하남시,"광업, 제조업",2021,8186.076049499724,9329.9,210_DT_GRDP008_2020,경기도 경제활동별 지역내총부가가치 및 요소소득,2026-05-13,1143.8239505002757,12.259766455163247
경기도,경기도,하남시,"광업, 제조업",2023,9732.645473271463,8675.0,210_DT_GRDP008_2020,경기도 경제활동별 지역내총부가가치 및 요소소득,2026-05-13,1057.6454732714628,12.191878654426084
경기도,경기도,하남시,교육 서비스업,2022,3739.8149594193023,4178.01,210_DT_GRDP008_2020,경기도 경제활동별 지역내총부가가치 및 요소소득,2026-05-13,438.1950405806979,10.488128094013605
경기도,경기도,하남시,금융 및 보험업,2022,2204.6813665180953,2465.75,210_DT_GRDP008_2020,경기도 경제활동별 지역내총부가가치 및 요소소득,2026-05-13,261.0686334819047,10.5877981742636
경기도,경기도,하남시,사업서비스업,2021,5234.927056994242,6069.26,210_DT_GRDP008_2020,경기도 경제활동별 지역내총부가가치 및 요소소득,2026-05-13,834.3329430057584,13.746864411901258
경기도,경기도,하남시,운수 및 창고업,2023,3622.8470832782596,3274.29,210_DT_GRDP008_2020,경기도 경제활동별 지역내총부가가치 및 요소소득,2026-05-13,348.5570832782596,10.64527220491342
경기도,경기도,하남시,정보통신업,2021,1446.9018000046776,2528.91,210_DT_GRDP008_2020,경기도 경제활동별 지역내총부가가치 및 요소소득,2026-05-13,1082.0081999953222,42.78555583216968
경기도,경기도,하남시,정보통신업,2022,2587.8115226449927,2903.15,210_DT_GRDP008_2020,경기도 경제활동별 지역내총부가가치 및 요소소득,2026-05-13,315.3384773550074,10.861942281832059
경기도,경기도,화성시,문화 및 기타서비스업,2022,13339.021272830541,11889.25,210_DT_GRDP008_2020,경기도 경제활동별 지역내총부가가치 및 요소소득,2026-05-13,1449.7712728305414,12.193967431339583
경기도,경기도,화성시,사업서비스업,2021,22677.083898309687,28245.69,210_DT_GRDP008_2020,경기도 경제활동별 지역내총부가가치 및 요소소득,2026-05-13,5568.606101690311,19.71488783488848
경기도,경기도,화성시,사업서비스업,2022,28980.869605463064,32208.98,210_DT_GRDP008_2020,경기도 경제활동별 지역내총부가가치 및 요소소득,2026-05-13,3228.110394536936,10.022392495934165
경기도,경기도,화성시,사업서비스업,2023,33812.745263841214,28502.98,210_DT_GRDP008_2020,경기도 경제활동별 지역내총부가가치 및 요소소득,2026-05-13,5309.765263841215,18.628807457470113
경기도,경기도,화성시,운수 및 창고업,2023,15138.770750413676,16854.97,210_DT_GRDP008_2020,경기도 경제활동별 지역내총부가가치 및 요소소득,2026-05-13,1716.199249586325,10.182155468602584
경기도,경기도,화성시,정보통신업,2022,2231.3991737131405,2776.41,210_DT_GRDP008_2020,경기도 경제활동별 지역내총부가가치 및 요소소득,2026-05-13,545.0108262868594,19.630055585697335
경남,경상남도,거제시,정보통신업,2021,878.8399633538158,1090.73,217_DT_2020Y38GRDP2,경상남도 경제활동별 지역내총부가가치 및 요소소득,2025-10-28,211.89003664618417,19.426442533549473
경남,경상남도,거창군,보건 및 사회복지업,2021,1216.683607202227,1402.69,217_DT_2020Y38GRDP2,경상남도 경제활동별 지역내총부가가치 및 요소소득,2025-10-28,186.00639279777306,13.260691442711723
경남,경상남도,고성군,보건 및 사회복지업,2021,1346.998369877401,1520.0,217_DT_2020Y38GRDP2,경상남도 경제활동별 지역내총부가가치 및 요소소득,2025-10-28,173.00163012259895,11.381686192276247
경남,경상남도,김해시,사업서비스업,2021,4705.2644500083725,5540.9,217_DT_2020Y38GRDP2,경상남도 경제활동별 지역내총부가가치 및 요소소득,2025-10-28,835.6355499916272,15.08122416920766
경남,경상남도,김해시,정보통신업,2021,1941.256097093171,2489.59,217_DT_2020Y38GRDP2,경상남도 경제활동별 지역내총부가가치 및 요소소득,2025-10-28,548.333902906829,22.025068501513463
경남,경상남도,남해군,보건 및 사회복지업,2021,946.8100998229771,1122.71,217_DT_2020Y38GRDP2,경상남도 경제활동별 지역내총부가가치 및 요소소득,2025-10-28,175.89990017702291,15.66743862413472
경남,경상남도,밀양시,건설업,2021,3251.971276799842,2809.55,217_DT_2020Y38GRDP2,경상남도 경제활동별 지역내총부가가치 및 요소소득,2025-10-28,442.42127679984196,15.747051193245962
경남,경상남도,밀양시,문화 및 기타서비스업,2021,1261.8914884579358,1099.53,217_DT_2020Y38GRDP2,경상남도 경제활동별 지역내총부가가치 및 요소소득,2025-10-28,162.36148845793582,14.7664446134199
경남,경상남도,밀양시,운수 및 창고업,2022,1675.7456493534385,1505.25,217_DT_2020Y38GRDP2,경상남도 경제활동별 지역내총부가가치 및 요소소득,2025-10-28,170.49564935343847,11.326733057860054
경남,경상남도,사천시,"광업, 제조업",2021,19085.50062666822,17336.65,217_DT_2020Y38GRDP2,경상남도 경제활동별 지역내총부가가치 및 요소소득,2025-10-28,1748.8506266682198,10.087592624112615
경남,경상남도,사천시,교육 서비스업,2021,2028.9593071937577,1810.42,217_DT_2020Y38GRDP2,경상남도 경제활동별 지역내총부가가치 및 요소소득,2025-10-28,218.53930719375762,12.071193822083142
경남,경상남도,사천시,금융 및 보험업,2021,1622.5657821885445,1407.51,217_DT_2020Y38GRDP2,경상남도 경제활동별 지역내총부가가치 및 요소소득,2025-10-28,215.05578218854453,15.279165490017444
경남,경상남도,사천시,보건 및 사회복지업,2022,2665.696682279343,3102.43,217_DT_2020Y38GRDP2,경상남도 경제활동별 지역내총부가가치 및 요소소득,2025-10-28,436.73331772065694,14.077136880466504
경남,경상남도,사천시,사업서비스업,2021,971.4096964626187,1241.57,217_DT_2020Y38GRDP2,경상남도 경제활동별 지역내총부가가치 및 요소소득,2025-10-28,270.1603035373812,21.759570828658973
경남,경상남도,사천시,운수 및 창고업,2022,1861.7202888530546,1569.92,217_DT_2020Y38GRDP2,경상남도 경제활동별 지역내총부가가치 및 요소소득,2025-10-28,291.80028885305455,18.586952765303614
경남,경상남도,양산시,운수 및 창고업,2022,7238.99065440437,6172.59,217_DT_2020Y38GRDP2,경상남도 경제활동별 지역내총부가가치 및 요소소득,2025-10-28,1066.4006544043696,17.27638891299065
경남,경상남도,의령군,보건 및 사회복지업,2021,936.9632494008857,1055.24,217_DT_2020Y38GRDP2,경상남도 경제활동별 지역내총부가가치 및 요소소득,2025-10-28,118.27675059911428,11.208516602774182
경남,경상남도,진주시,사업서비스업,2021,6740.166020693681,5955.67,217_DT_2020Y38GRDP2,경상남도 경제활동별 지역내총부가가치 및 요소소득,2025-10-28,784.4960206936812,13.172254686604216
경남,경상남도,진주시,운수 및 창고업,2021,3646.9015365581763,4789.72,217_DT_2020Y38GRDP2,경상남도 경제활동별 지역내총부가가치 및 요소소득,2025-10-28,1142.818463441824,23.85981776475084
경남,경상남도,창녕군,건설업,2021,1161.8153792327641,1046.04,217_DT_2020Y38GRDP2,경상남도 경제활동별 지역내총부가가치 및 요소소득,2025-10-28,115.77537923276418,11.067968646778725
경남,경상남도,창녕군,교육 서비스업,2021,1413.7167119044902,1213.97,217_DT_2020Y38GRDP2,경상남도 경제활동별 지역내총부가가치 및 요소소득,2025-10-28,199.7467119044902,16.454007257550863
경남,경상남도,창녕군,보건 및 사회복지업,2021,1385.698290064761,1660.53,217_DT_2020Y38GRDP2,경상남도 경제활동별 지역내총부가가치 및 요소소득,2025-10-28,274.8317099352389,16.550842799301364
경남,경상남도,통영시,"광업, 제조업",2021,1672.5999996873252,1485.8300000000002,217_DT_2020Y38GRDP2,경상남도 경제활동별 지역내총부가가치 및 요소소득,2025-10-28,186.76999968732503,12.570078655520819
경남,경상남도,통영시,부동산업,2021,2232.373357624516,2901.88,217_DT_2020Y38GRDP2,경상남도 경제활동별 지역내총부가가치 및 요소소득,2025-10-28,669.5066423754843,23.071479260875165
경남,경상남도,통영시,사업서비스업,2021,1810.7433594717309,1623.19,217_DT_2020Y38GRDP2,경상남도 경제활동별 지역내총부가가치 및 요소소득,2025-10-28,187.5533594717308,11.55461526202914
경남,경상남도,통영시,운수 및 창고업,2022,1315.1885577568387,1026.11,217_DT_2020Y38GRDP2,경상남도 경제활동별 지역내총부가가치 및 요소소득,2025-10-28,289.0785577568388,28.172277607355824
경남,경상남도,하동군,보건 및 사회복지업,2021,1044.6016991813617,1274.26,217_DT_2020Y38GRDP2,경상남도 경제활동별 지역내총부가가치 및 요소소득,2025-10-28,229.65830081863828,18.022876086406093
경남,경상남도,함안군,부동산업,2021,952.5451869670052,1175.05,217_DT_2020Y38GRDP2,경상남도 경제활동별 지역내총부가가치 및 요소소득,2025-10-28,222.50481303299478,18.93577405497594
경남,경상남도,함안군,운수 및 창고업,2021,1789.6752570807894,1555.84,217_DT_2020Y38GRDP2,경상남도 경제활동별 지역내총부가가치 및 요소소득,2025-10-28,233.83525708078946,15.02951827185247
경남,경상남도,함안군,운수 및 창고업,2022,1754.8931533180676,1424.95,217_DT_2020Y38GRDP2,경상남도 경제활동별 지역내총부가가치 및 요소소득,2025-10-28,329.9431533180675,23.154717942248325
경남,경상남도,함양군,보건 및 사회복지업,2021,968.3864423160665,1218.36,217_DT_2020Y38GRDP2,경상남도 경제활동별 지역내총부가가치 및 요소소득,2025-10-28,249.97355768393345,20.517216396133612
경남,경상남도,합천군,보건 및 사회복지업,2021,1006.2508080637431,1216.51,217_DT_2020Y38GRDP2,경상남도 경제활동별 지역내총부가가치 및 요소소득,2025-10-28,210.2591919362569,17.283803005010803
경북,경상북도,경산시,건설업,2022,5264.504591453946,6719.24,216_DT_GRDP202037_02,경상북도 경제활동별 지역내총부가가치 및 요소소득,2025-09-09,1454.7354085460538,21.650296886940396
경북,경상북도,경산시,건설업,2023,6680.378805515012,5829.82,216_DT_GRDP202037_02,경상북도 경제활동별 지역내총부가가치 및 요소소득,2026-06-22,850.558805515012,14.589795319838556
경북,경상북도,경산시,"광업, 제조업",2021,31345.48059305553,27810.85,216_DT_GRDP202037_02,경상북도 경제활동별 지역내총부가가치 및 요소소득,2025-09-09,3534.630593055532,12.709538158867966
경북,경상북도,경산시,금융 및 보험업,2022,3402.3446564027017,3946.28,216_DT_GRDP202037_02,경상북도 경제활동별 지역내총부가가치 및 요소소득,2025-09-09,543.9353435972985,13.783495940412196
경북,경상북도,경산시,도매 및 소매업,2022,7436.614530681605,5835.1,216_DT_GRDP202037_02,경상북도 경제활동별 지역내총부가가치 및 요소소득,2025-09-09,1601.5145306816048,27.446222527147857
경북,경상북도,경산시,도매 및 소매업,2023,5643.908144899315,7914.62,216_DT_GRDP202037_02,경상북도 경제활동별 지역내총부가가치 및 요소소득,2026-06-22,2270.711855100685,28.690093208526562
경북,경상북도,경산시,문화 및 기타서비스업,2022,2841.1896758077064,2579.98,216_DT_GRDP202037_02,경상북도 경제활동별 지역내총부가가치 및 요소소득,2025-09-09,261.2096758077064,10.124484523434537
경북,경상북도,경산시,숙박 및 음식점업,2021,1808.7602940656413,2221.4,216_DT_GRDP202037_02,경상북도 경제활동별 지역내총부가가치 및 요소소득,2025-09-09,412.63970593435874,18.57565976115777
경북,경상북도,경산시,정보통신업,2021,972.4879176446149,1099.11,216_DT_GRDP202037_02,경상북도 경제활동별 지역내총부가가치 및 요소소득,2025-09-09,126.62208235538503,11.520419462600199
경북,경상북도,경주시,교육 서비스업,2021,4089.1094204922038,3390.54,216_DT_GRDP202037_02,경상북도 경제활동별 지역내총부가가치 및 요소소득,2026-06-22,698.5694204922038,20.60348559498498
경북,경상북도,경주시,도매 및 소매업,2023,7749.025624257544,6942.81,216_DT_GRDP202037_02,경상북도 경제활동별 지역내총부가가치 및 요소소득,2026-06-22,806.2156242575438,11.612238045655056
경북,경상북도,경주시,문화 및 기타서비스업,2021,4136.11284619064,4964.76,216_DT_GRDP202037_02,경상북도 경제활동별 지역내총부가가치 및 요소소득,2025-09-09,828.6471538093601,16.69057827184718
경북,경상북도,경주시,부동산업,2023,5724.563878653251,5086.28,216_DT_GRDP202037_02,경상북도 경제활동별 지역내총부가가치 및 요소소득,2026-06-22,638.2838786532511,12.549129789418812
경북,경상북도,경주시,사업서비스업,2023,8362.762439969789,6264.27,216_DT_GRDP202037_02,경상북도 경제활동별 지역내총부가가치 및 요소소득,2026-06-22,2098.4924399697884,33.49939322490551
경북,경상북도,경주시,숙박 및 음식점업,2023,3278.6037560342347,2520.36,216_DT_GRDP202037_02,경상북도 경제활동별 지역내총부가가치 및 요소소득,2026-06-22,758.2437560342346,30.084740117849616
경북,경상북도,구미시,건설업,2022,4400.311969796793,7284.34,216_DT_GRDP202037_02,경상북도 경제활동별 지역내총부가가치 및 요소소득,2025-09-09,2884.028030203207,39.59216662323844
경북,경상북도,구미시,건설업,2023,7242.210510141806,11089.58,216_DT_GRDP202037_02,경상북도 경제활동별 지역내총부가가치 및 요소소득,2026-06-22,3847.3694898581944,34.693554578786525
경북,경상북도,구미시,도매 및 소매업,2023,4562.39525013844,4135.29,216_DT_GRDP202037_02,경상북도 경제활동별 지역내총부가가치 및 요소소득,2026-06-22,427.10525013844017,10.32830225059041
경북,경상북도,구미시,문화 및 기타서비스업,2021,4385.366268510624,3903.0,216_DT_GRDP202037_02,경상북도 경제활동별 지역내총부가가치 및 요소소득,2025-09-09,482.36626851062374,12.358859044597073
경북,경상북도,구미시,운수 및 창고업,2022,4086.2648273897676,4719.29,216_DT_GRDP202037_02,경상북도 경제활동별 지역내총부가가치 및 요소소득,2026-03-27,633.0251726102324,13.4135679860791
경북,경상북도,구미시,정보통신업,2021,3156.1160469319925,2652.42,216_DT_GRDP202037_02,경상북도 경제활동별 지역내총부가가치 및 요소소득,2025-09-09,503.69604693199244,18.990056134850153
경북,경상북도,구미시,정보통신업,2023,3090.1715797972,3791.01,216_DT_GRDP202037_02,경상북도 경제활동별 지역내총부가가치 및 요소소득,2026-06-22,700.8384202028001,18.486852321750668
경북,경상북도,군위군,"광업, 제조업",2022,1789.7194238378333,1591.97,216_DT_GRDP202037_02,경상북도 경제활동별 지역내총부가가치 및 요소소득,2025-09-09,197.74942383783332,12.421680297859465
경북,경상북도,군위군,"광업, 제조업",2023,1615.376715725182,1395.66,216_DT_GRDP202037_02,경상북도 경제활동별 지역내총부가가치 및 요소소득,2026-06-22,219.71671572518198,15.742853970535945
경북,경상북도,김천시,건설업,2021,3121.39567070466,2407.97,216_DT_GRDP202037_02,경상북도 경제활동별 지역내총부가가치 및 요소소득,2025-09-09,713.4256707046602,29.62768102196706
경북,경상북도,김천시,건설업,2022,2431.840117763932,3286.93,216_DT_GRDP202037_02,경상북도 경제활동별 지역내총부가가치 및 요소소득,2025-09-09,855.0898822360678,26.014849182552346
경북,경상북도,김천시,교육 서비스업,2021,2330.768490041481,2039.19,216_DT_GRDP202037_02,경상북도 경제활동별 지역내총부가가치 및 요소소득,2026-06-22,291.578490041481,14.298740678479248
경북,경상북도,김천시,금융 및 보험업,2022,1641.1597176928422,1393.95,216_DT_GRDP202037_02,경상북도 경제활동별 지역내총부가가치 및 요소소득,2025-09-09,247.2097176928421,17.734475246087886
경북,경상북도,김천시,문화 및 기타서비스업,2021,1737.3767579000653,1499.93,216_DT_GRDP202037_02,경상북도 경제활동별 지역내총부가가치 및 요소소득,2025-09-09,237.44675790006522,15.830522617726508
경북,경상북도,김천시,보건 및 사회복지업,2023,3392.804430800751,3036.55,216_DT_GRDP202037_02,경상북도 경제활동별 지역내총부가가치 및 요소소득,2026-06-22,356.2544308007509,11.732210264963557
경북,경상북도,김천시,부동산업,2021,2916.6498033932394,2518.57,216_DT_GRDP202037_02,경상북도 경제활동별 지역내총부가가치 및 요소소득,2025-09-09,398.0798033932392,15.80578675173766
경북,경상북도,김천시,사업서비스업,2021,4846.647038474952,5460.38,216_DT_GRDP202037_02,경상북도 경제활동별 지역내총부가가치 및 요소소득,2025-09-09,613.7329615250483,11.239748177325538
경북,경상북도,김천시,운수 및 창고업,2021,3066.359646393157,2405.93,216_DT_GRDP202037_02,경상북도 경제활동별 지역내총부가가치 및 요소소득,2025-09-09,660.4296463931573,27.450077366887538
경북,경상북도,김천시,운수 및 창고업,2023,3080.0271769067554,2184.87,216_DT_GRDP202037_02,경상북도 경제활동별 지역내총부가가치 및 요소소득,2026-06-22,895.1571769067555,40.97072946705092
경북,경상북도,문경시,건설업,2023,967.163800997873,1137.69,216_DT_GRDP202037_02,경상북도 경제활동별 지역내총부가가치 및 요소소득,2026-06-22,170.5261990021271,14.988810572486976
경북,경상북도,문경시,"광업, 제조업",2023,3409.0976286122823,2985.76,216_DT_GRDP202037_02,경상북도 경제활동별 지역내총부가가치 및 요소소득,2026-06-22,423.33762861228206,14.178555162246194
경북,경상북도,문경시,부동산업,2023,1195.5270972767228,1078.74,216_DT_GRDP202037_02,경상북도 경제활동별 지역내총부가가치 및 요소소득,2026-06-22,116.78709727672276,10.826250744083167
경북,경상북도,봉화군,"광업, 제조업",2021,3130.9235460521754,2359.1600000000003,216_DT_GRDP202037_02,경상북도 경제활동별 지역내총부가가치 및 요소소득,2025-09-09,771.7635460521751,32.713488955906975
경북,경상북도,상주시,건설업,2022,2289.836256021973,1698.54,216_DT_GRDP202037_02,경상북도 경제활동별 지역내총부가가치 및 요소소득,2025-09-09,591.296256021973,34.812030097729405
경북,경상북도,상주시,"광업, 제조업",2021,3206.160945136682,2830.96,216_DT_GRDP202037_02,경상북도 경제활동별 지역내총부가가치 및 요소소득,2025-09-09,375.2009451366821,13.253488044221115
경북,경상북도,상주시,도매 및 소매업,2022,1064.9014066331874,1203.63,216_DT_GRDP202037_02,경상북도 경제활동별 지역내총부가가치 및 요소소득,2025-09-09,138.72859336681267,11.52585041639147
경북,경상북도,상주시,부동산업,2021,1658.194468317853,1927.25,216_DT_GRDP202037_02,경상북도 경제활동별 지역내총부가가치 및 요소소득,2025-09-09,269.0555316821469,13.960593160313758
경북,경상북도,상주시,사업서비스업,2022,824.2596161590938,1011.91,216_DT_GRDP202037_02,경상북도 경제활동별 지역내총부가가치 및 요소소득,2025-09-09,187.65038384090622,18.5441772332427
경북,경상북도,상주시,운수 및 창고업,2023,1527.3062164112876,1170.12,216_DT_GRDP202037_02,경상북도 경제활동별 지역내총부가가치 및 요소소득,2026-06-22,357.18621641128766,30.525605614064172
경북,경상북도,성주군,도매 및 소매업,2021,851.8191053029809,1246.68,216_DT_GRDP202037_02,경상북도 경제활동별 지역내총부가가치 및 요소소득,2025-09-09,394.86089469701915,31.672995050615967
경북,경상북도,성주군,도매 및 소매업,2022,1292.3489302923886,1658.01,216_DT_GRDP202037_02,경상북도 경제활동별 지역내총부가가치 및 요소소득,2025-09-09,365.66106970761143,22.054213768771685
경북,경상북도,성주군,도매 및 소매업,2023,1603.6839374345789,1341.28,216_DT_GRDP202037_02,경상북도 경제활동별 지역내총부가가치 및 요소소득,2026-06-22,262.4039374345789,19.563695681332675
경북,경상북도,안동시,건설업,2021,3191.759442739194,2807.16,216_DT_GRDP202037_02,경상북도 경제활동별 지역내총부가가치 및 요소소득,2025-09-09,384.5994427391943,13.700659839096963
경북,경상북도,안동시,건설업,2022,2834.9872735051513,2508.82,216_DT_GRDP202037_02,경상북도 경제활동별 지역내총부가가치 및 요소소득,2025-09-09,326.1672735051511,13.000824033017558
경북,경상북도,안동시,"광업, 제조업",2021,4717.712875031598,5872.91,216_DT_GRDP202037_02,경상북도 경제활동별 지역내총부가가치 및 요소소득,2025-09-09,1155.197124968402,19.66992725869121
경북,경상북도,안동시,교육 서비스업,2021,2685.007682206494,3655.45,216_DT_GRDP202037_02,경상북도 경제활동별 지역내총부가가치 및 요소소득,2026-06-22,970.4423177935059,26.547820864558563
경북,경상북도,안동시,부동산업,2023,3172.285329850511,4847.61,216_DT_GRDP202037_02,경상북도 경제활동별 지역내총부가가치 및 요소소득,2026-06-22,1675.3246701494886,34.55980720704613
경북,경상북도,안동시,사업서비스업,2021,1806.7389049726416,1527.5,216_DT_GRDP202037_02,경상북도 경제활동별 지역내총부가가치 및 요소소득,2025-09-09,279.23890497264165,18.280779376277685
경북,경상북도,안동시,숙박 및 음식점업,2023,1346.2070735732102,1190.28,216_DT_GRDP202037_02,경상북도 경제활동별 지역내총부가가치 및 요소소득,2026-06-22,155.92707357321024,13.10003306559887
경북,경상북도,안동시,운수 및 창고업,2022,1653.4237296803585,1315.93,216_DT_GRDP202037_02,경상북도 경제활동별 지역내총부가가치 및 요소소득,2026-03-27,337.49372968035846,25.64678437913555
경북,경상북도,안동시,운수 및 창고업,2023,1546.9021361098671,1338.64,216_DT_GRDP202037_02,경상북도 경제활동별 지역내총부가가치 및 요소소득,2026-06-22,208.26213610986701,15.557740401442285
경북,경상북도,안동시,정보통신업,2022,1400.2103747844128,1160.42,216_DT_GRDP202037_02,경상북도 경제활동별 지역내총부가가치 및 요소소득,2025-09-09,239.79037478441273,20.664102203031035
경북,경상북도,안동시,정보통신업,2023,1208.340995352595,1087.33,216_DT_GRDP202037_02,경상북도 경제활동별 지역내총부가가치 및 요소소득,2026-06-22,121.01099535259505,11.129187583585026
경북,경상북도,영덕군,건설업,2022,1452.709301775989,1233.98,216_DT_GRDP202037_02,경상북도 경제활동별 지역내총부가가치 및 요소소득,2025-09-09,218.72930177598892,17.725514333780847
경북,경상북도,영덕군,"공공 행정, 국방·사회보장",2021,1993.3611567452474,1805.25,216_DT_GRDP202037_02,경상북도 경제활동별 지역내총부가가치 및 요소소득,2025-09-09,188.1111567452474,10.42022748900415
경북,경상북도,영주시,건설업,2021,2092.422835172897,1486.94,216_DT_GRDP202037_02,경상북도 경제활동별 지역내총부가가치 및 요소소득,2025-09-09,605.482835172897,40.72005831929311
경북,경상북도,영주시,건설업,2022,1501.6799813568696,1314.33,216_DT_GRDP202037_02,경상북도 경제활동별 지역내총부가가치 및 요소소득,2025-09-09,187.34998135686965,14.254409574221821
경북,경상북도,영주시,건설업,2023,1306.7284805204972,1501.62,216_DT_GRDP202037_02,경상북도 경제활동별 지역내총부가가치 및 요소소득,2026-06-22,194.89151947950268,12.978750914312723
경북,경상북도,영주시,도매 및 소매업,2021,1732.931133140957,1556.94,216_DT_GRDP202037_02,경상북도 경제활동별 지역내총부가가치 및 요소소득,2025-09-09,175.9911331409569,11.30365544856943
경북,경상북도,영주시,보건 및 사회복지업,2021,2064.686750373027,1857.11,216_DT_GRDP202037_02,경상북도 경제활동별 지역내총부가가치 및 요소소득,2025-09-09,207.57675037302693,11.17740738960142
경북,경상북도,영주시,부동산업,2022,1629.2508947495871,1831.38,216_DT_GRDP202037_02,경상북도 경제활동별 지역내총부가가치 및 요소소득,2025-09-09,202.12910525041298,11.036983326803448
경북,경상북도,영천시,건설업,2022,2070.846729102646,1468.3,216_DT_GRDP202037_02,경상북도 경제활동별 지역내총부가가치 및 요소소득,2025-09-09,602.5467291026459,41.03703119952639
경북,경상북도,영천시,건설업,2023,1459.8079842568045,2111.85,216_DT_GRDP202037_02,경상북도 경제활동별 지역내총부가가치 및 요소소득,2026-06-22,652.0420157431954,30.875394357705115
경북,경상북도,영천시,도매 및 소매업,2022,936.0168953686668,1043.88,216_DT_GRDP202037_02,경상북도 경제활동별 지역내총부가가치 및 요소소득,2025-09-09,107.86310463133327,10.332902692965979
경북,경상북도,영천시,문화 및 기타서비스업,2021,1569.949006416199,1807.88,216_DT_GRDP202037_02,경상북도 경제활동별 지역내총부가가치 및 요소소득,2025-09-09,237.93099358380118,13.160773590271543
경북,경상북도,영천시,문화 및 기타서비스업,2023,1866.2041551848915,1608.95,216_DT_GRDP202037_02,경상북도 경제활동별 지역내총부가가치 및 요소소득,2026-06-22,257.2541551848915,15.988946529406848
경북,경상북도,영천시,보건 및 사회복지업,2022,1810.8762148854526,2106.56,216_DT_GRDP202037_02,경상북도 경제활동별 지역내총부가가치 및 요소소득,2025-09-09,295.6837851145474,14.036333411559482
경북,경상북도,영천시,부동산업,2021,2265.0325145654224,1843.13,216_DT_GRDP202037_02,경상북도 경제활동별 지역내총부가가치 및 요소소득,2025-09-09,421.9025145654223,22.89054567856973
경북,경상북도,영천시,사업서비스업,2021,881.7301914020017,1150.87,216_DT_GRDP202037_02,경상북도 경제활동별 지역내총부가가치 및 요소소득,2025-09-09,269.13980859799824,23.385769773996913
경북,경상북도,영천시,사업서비스업,2023,962.0928239422645,1073.71,216_DT_GRDP202037_02,경상북도 경제활동별 지역내총부가가치 및 요소소득,2026-06-22,111.61717605773549,10.395467682869256
경북,경상북도,영천시,정보통신업,2021,1738.8848859105383,1314.57,216_DT_GRDP202037_02,경상북도 경제활동별 지역내총부가가치 및 요소소득,2025-09-09,424.31488591053835,32.27784643727898
경북,경상북도,영천시,정보통신업,2022,1345.1880032596764,1715.01,216_DT_GRDP202037_02,경상북도 경제활동별 지역내총부가가치 및 요소소득,2025-09-09,369.8219967403236,21.563839087837597
경북,경상북도,영천시,정보통신업,2023,1785.8334830834126,2593.15,216_DT_GRDP202037_02,경상북도 경제활동별 지역내총부가가치 및 요소소득,2026-06-22,807.3165169165875,31.13265784534591
경북,경상북도,예천군,건설업,2021,999.108396637711,1325.36,216_DT_GRDP202037_02,경상북도 경제활동별 지역내총부가가치 및 요소소득,2025-09-09,326.25160336228885,24.6160743769458
경북,경상북도,예천군,부동산업,2022,1002.762975111513,1194.74,216_DT_GRDP202037_02,경상북도 경제활동별 지역내총부가가치 및 요소소득,2025-09-09,191.977024888487,16.068519082686358
경북,경상북도,예천군,부동산업,2023,1204.936725858894,1728.82,216_DT_GRDP202037_02,경상북도 경제활동별 지역내총부가가치 및 요소소득,2026-06-22,523.8832741411059,30.302939238388372
경북,경상북도,예천군,정보통신업,2021,1256.3552111227118,1096.33,216_DT_GRDP202037_02,경상북도 경제활동별 지역내총부가가치 및 요소소득,2025-09-09,160.02521112271188,14.596445515739958
경북,경상북도,울진군,건설업,2021,4314.445507645428,3821.08,216_DT_GRDP202037_02,경상북도 경제활동별 지역내총부가가치 및 요소소득,2025-09-09,493.3655076454279,12.911677003502358
경북,경상북도,울진군,건설업,2022,3858.958225054883,3189.16,216_DT_GRDP202037_02,경상북도 경제활동별 지역내총부가가치 및 요소소득,2025-09-09,669.798225054883,21.002339959578165
경북,경상북도,울진군,건설업,2023,3170.715270089512,1702.93,216_DT_GRDP202037_02,경상북도 경제활동별 지역내총부가가치 및 요소소득,2026-06-22,1467.785270089512,86.19175597878433
경북,경상북도,울진군,사업서비스업,2021,2271.1238346936093,1333.67,216_DT_GRDP202037_02,경상북도 경제활동별 지역내총부가가치 및 요소소득,2025-09-09,937.4538346936092,70.29128905153517
경북,경상북도,울진군,사업서비스업,2022,1368.3827998791294,2035.24,216_DT_GRDP202037_02,경상북도 경제활동별 지역내총부가가치 및 요소소득,2025-09-09,666.8572001208706,32.76553134376637
경북,경상북도,울진군,사업서비스업,2023,2136.5796641427387,1792.65,216_DT_GRDP202037_02,경상북도 경제활동별 지역내총부가가치 및 요소소득,2026-06-22,343.9296641427386,19.18554453701161
경북,경상북도,의성군,건설업,2022,1195.5349657217253,1003.05,216_DT_GRDP202037_02,경상북도 경제활동별 지역내총부가가치 및 요소소득,2025-09-09,192.4849657217253,19.189967172297028
경북,경상북도,의성군,건설업,2023,997.2487901714825,1273.18,216_DT_GRDP202037_02,경상북도 경제활동별 지역내총부가가치 및 요소소득,2026-06-22,275.9312098285176,21.672600090208576
경북,경상북도,의성군,"광업, 제조업",2021,1595.9038511442031,1407.83,216_DT_GRDP202037_02,경상북도 경제활동별 지역내총부가가치 및 요소소득,2025-09-09,188.07385114420322,13.35913080018207
경북,경상북도,의성군,"광업, 제조업",2022,1441.917292714141,1207.87,216_DT_GRDP202037_02,경상북도 경제활동별 지역내총부가가치 및 요소소득,2025-09-09,234.04729271414112,19.376861145168036
경북,경상북도,청도군,"광업, 제조업",2023,1556.5848246034163,1292.33,216_DT_GRDP202037_02,경상북도 경제활동별 지역내총부가가치 및 요소소득,2026-06-22,264.2548246034164,20.447937028732323
경북,경상북도,청도군,부동산업,2023,654.801227573485,1330.28,216_DT_GRDP202037_02,경상북도 경제활동별 지역내총부가가치 및 요소소득,2026-06-22,675.478772426515,50.77718769180285
경북,경상북도,칠곡군,건설업,2021,1846.0559986726582,1586.04,216_DT_GRDP202037_02,경상북도 경제활동별 지역내총부가가치 및 요소소득,2025-09-09,260.01599867265827,16.394037897698563
경북,경상북도,칠곡군,"광업, 제조업",2022,20917.474432818628,24009.7,216_DT_GRDP202037_02,경상북도 경제활동별 지역내총부가가치 및 요소소득,2025-09-09,3092.2255671813728,12.879067906643451
경북,경상북도,칠곡군,교육 서비스업,2021,1981.6102959704185,1559.84,216_DT_GRDP202037_02,경상북도 경제활동별 지역내총부가가치 및 요소소득,2026-06-22,421.7702959704186,27.03933069868824
경북,경상북도,칠곡군,도매 및 소매업,2022,2287.8477950679417,2077.53,216_DT_GRDP202037_02,경상북도 경제활동별 지역내총부가가치 및 요소소득,2025-09-09,210.31779506794146,10.12345405688204
경북,경상북도,칠곡군,문화 및 기타서비스업,2023,1878.4782190476296,1526.1,216_DT_GRDP202037_02,경상북도 경제활동별 지역내총부가가치 및 요소소득,2026-06-22,352.3782190476297,23.090113298448973
경북,경상북도,칠곡군,숙박 및 음식점업,2022,1105.3649342010501,1253.35,216_DT_GRDP202037_02,경상북도 경제활동별 지역내총부가가치 및 요소소득,2025-09-09,147.9850657989498,11.807162069569538
경북,경상북도,칠곡군,운수 및 창고업,2023,3069.1301057846304,2433.66,216_DT_GRDP202037_02,경상북도 경제활동별 지역내총부가가치 및 요소소득,2026-06-22,635.4701057846305,26.111704419870918
경북,경상북도,포항시,건설업,2022,13505.232784303045,15943.5,216_DT_GRDP202037_02,경상북도 경제활동별 지역내총부가가치 및 요소소득,2025-09-09,2438.2672156969547,15.293174119214441
경북,경상북도,포항시,건설업,2023,15851.289652658423,19168.72,216_DT_GRDP202037_02,경상북도 경제활동별 지역내총부가가치 및 요소소득,2026-06-22,3317.4303473415785,17.306478196465797
경북,경상북도,포항시,"광업, 제조업",2021,69539.41722109167,63056.15,216_DT_GRDP202037_02,경상북도 경제활동별 지역내총부가가치 및 요소소득,2025-09-09,6483.267221091672,10.281736549236944
경북,경상북도,포항시,"광업, 제조업",2022,64582.9063856977,55966.35,216_DT_GRDP202037_02,경상북도 경제활동별 지역내총부가가치 및 요소소득,2025-09-09,8616.556385697702,15.395959153487235
경북,경상북도,포항시,교육 서비스업,2021,8021.328560294587,9103.38,216_DT_GRDP202037_02,경상북도 경제활동별 지역내총부가가치 및 요소소득,2026-06-22,1082.0514397054121,11.886260264928106
경북,경상북도,포항시,사업서비스업,2023,12312.963607116104,17991.03,216_DT_GRDP202037_02,경상북도 경제활동별 지역내총부가가치 및 요소소득,2026-06-22,5678.066392883895,31.560540963379502
경북,경상북도,포항시,숙박 및 음식점업,2023,4787.606221526773,5649.62,216_DT_GRDP202037_02,경상북도 경제활동별 지역내총부가가치 및 요소소득,2026-06-22,862.0137784732269,15.257907230454915
경북,경상북도,포항시,운수 및 창고업,2021,9016.847500621638,12115.92,216_DT_GRDP202037_02,경상북도 경제활동별 지역내총부가가치 및 요소소득,2025-09-09,3099.0724993783624,25.57851569982603
경북,경상북도,포항시,운수 및 창고업,2023,15209.290199886847,13036.62,216_DT_GRDP202037_02,경상북도 경제활동별 지역내총부가가치 및 요소소득,2026-06-22,2172.6701998868466,16.665901129946615
경북,경상북도,포항시,정보통신업,2021,2722.3356683265283,3158.15,216_DT_GRDP202037_02,경상북도 경제활동별 지역내총부가가치 및 요소소득,2025-09-09,435.81433167347177,13.79967169619783
경북,경상북도,포항시,정보통신업,2022,3231.7073206406258,2825.6,216_DT_GRDP202037_02,경상북도 경제활동별 지역내총부가가치 및 요소소득,2025-09-09,406.10732064062586,14.372427825616713
광주,광주광역시,광산구,건설업,2022,6581.31123178552,5935.028959056092,205_DT_2020Y24GRDP2,광주광역시 경제활동별 지역내총부가가치 및 요소소득,2025-07-23,646.2822727294279,10.889285919039771
광주,광주광역시,광산구,건설업,2023,5900.70330397428,4654.4880070006675,205_DT_2020Y24GRDP2,광주광역시 경제활동별 지역내총부가가치 및 요소소득,2026-06-25,1246.2152969736126,26.774487228224018
광주,광주광역시,광산구,교육 서비스업,2022,6050.856833127985,6820.971382455764,205_DT_2020Y24GRDP2,광주광역시 경제활동별 지역내총부가가치 및 요소소득,2025-07-23,770.1145493277791,11.29039408241167
광주,광주광역시,광산구,정보통신업,2023,3765.330073501218,3316.028407697354,205_DT_2020Y24GRDP2,광주광역시 경제활동별 지역내총부가가치 및 요소소득,2026-06-25,449.3016658038641,13.549391336965616
광주,광주광역시,남구,건설업,2021,2624.8208488026276,2938.004159191815,205_DT_2020Y24GRDP2,광주광역시 경제활동별 지역내총부가가치 및 요소소득,2025-07-23,313.1833103891872,10.659729987425804
광주,광주광역시,남구,건설업,2022,2967.128486019322,2329.263018286336,205_DT_2020Y24GRDP2,광주광역시 경제활동별 지역내총부가가치 및 요소소득,2025-07-23,637.865467732986,27.38486219569444
광주,광주광역시,남구,건설업,2023,2315.791562710956,2856.2904757103206,205_DT_2020Y24GRDP2,광주광역시 경제활동별 지역내총부가가치 및 요소소득,2026-06-25,540.4989129993646,18.923107351851176
광주,광주광역시,남구,교육 서비스업,2022,4956.93817993047,4425.917870647054,205_DT_2020Y24GRDP2,광주광역시 경제활동별 지역내총부가가치 및 요소소득,2025-07-23,531.0203092834163,11.99797024714747
광주,광주광역시,남구,정보통신업,2023,2037.1760930339483,1745.826188578605,205_DT_2020Y24GRDP2,광주광역시 경제활동별 지역내총부가가치 및 요소소득,2026-06-25,291.3499044553432,16.688368313030683
광주,광주광역시,동구,건설업,2022,3376.377568256867,2502.1161118348127,205_DT_2020Y24GRDP2,광주광역시 경제활동별 지역내총부가가치 및 요소소득,2025-07-23,874.2614564220544,34.94088273069608
광주,광주광역시,동구,숙박 및 음식점업,2021,1213.0021980937115,1347.911792607739,205_DT_2020Y24GRDP2,광주광역시 경제활동별 지역내총부가가치 및 요소소득,2025-07-23,134.9095945140275,10.00878508919523
광주,광주광역시,동구,정보통신업,2023,1941.063066405041,1717.833443646999,205_DT_2020Y24GRDP2,광주광역시 경제활동별 지역내총부가가치 및 요소소득,2026-06-25,223.22962275804184,12.994835068766639
광주,광주광역시,북구,건설업,2022,7346.242947416064,6180.5978098686355,205_DT_2020Y24GRDP2,광주광역시 경제활동별 지역내총부가가치 및 요소소득,2025-07-23,1165.645137547429,18.859747445242743
광주,광주광역시,북구,건설업,2023,6144.851890163014,5553.7769484528435,205_DT_2020Y24GRDP2,광주광역시 경제활동별 지역내총부가가치 및 요소소득,2026-06-25,591.0749417101706,10.642756221508511
광주,광주광역시,북구,"광업, 제조업",2021,23331.197172570282,20534.023528752172,205_DT_2020Y24GRDP2,광주광역시 경제활동별 지역내총부가가치 및 요소소득,2025-07-23,2797.1736438181106,13.622141028042794
광주,광주광역시,북구,"광업, 제조업",2023,23462.899436755513,21251.766327021094,205_DT_2020Y24GRDP2,광주광역시 경제활동별 지역내총부가가치 및 요소소득,2026-06-25,2211.133109734419,10.404467448538703
광주,광주광역시,서구,건설업,2022,3455.420857357054,4061.175124975749,205_DT_2020Y24GRDP2,광주광역시 경제활동별 지역내총부가가치 및 요소소득,2025-07-23,605.7542676186949,14.91573864651582
광주,광주광역시,서구,건설업,2023,4037.687034601052,3467.501622872768,205_DT_2020Y24GRDP2,광주광역시 경제활동별 지역내총부가가치 및 요소소득,2026-06-25,570.1854117282837,16.443695598212713
광주,광주광역시,서구,"광업, 제조업",2023,30618.41474494613,36536.580612049016,205_DT_2020Y24GRDP2,광주광역시 경제활동별 지역내총부가가치 및 요소소득,2026-06-25,5918.165867102885,16.197919367285277
대구,대구광역시,남구,교육 서비스업,2022,4447.412454021671,2896.94,203_DT_2020Y22GRDP2,대구광역시 경제활동별 지역내총부가가치 및 요소소득,2025-09-05,1550.4724540216707,53.52104130640161
대구,대구광역시,남구,부동산업,2021,7054.886292089845,5202.06,203_DT_2020Y22GRDP2,대구광역시 경제활동별 지역내총부가가치 및 요소소득,2025-09-05,1852.8262920898442,35.617164970989265
대구,대구광역시,달서구,건설업,2021,5238.518269530526,6482.95,203_DT_2020Y22GRDP2,대구광역시 경제활동별 지역내총부가가치 및 요소소득,2025-09-05,1244.4317304694741,19.19545469993559
대구,대구광역시,달서구,건설업,2022,6547.2152441507515,7840.72,203_DT_2020Y22GRDP2,대구광역시 경제활동별 지역내총부가가치 및 요소소득,2025-09-05,1293.5047558492488,16.497270095721422
대구,대구광역시,달서구,금융 및 보험업,2021,7435.483251077708,6529.83,203_DT_2020Y22GRDP2,대구광역시 경제활동별 지역내총부가가치 및 요소소득,2025-09-05,905.6532510777079,13.869476710384617
대구,대구광역시,달성군,건설업,2021,5539.607008585146,5005.73,203_DT_2020Y22GRDP2,대구광역시 경제활동별 지역내총부가가치 및 요소소득,2025-09-05,533.8770085851465,10.665317717598564
대구,대구광역시,달성군,건설업,2022,5055.351616795246,3967.25,203_DT_2020Y22GRDP2,대구광역시 경제활동별 지역내총부가가치 및 요소소득,2025-09-05,1088.1016167952457,27.42709979948946
대구,대구광역시,달성군,"광업, 제조업",2021,37271.666240390565,45417.84,203_DT_2020Y22GRDP2,대구광역시 경제활동별 지역내총부가가치 및 요소소득,2025-09-05,8146.173759609432,17.936066003159624
대구,대구광역시,달성군,교육 서비스업,2022,1361.4332640184343,3143.74,203_DT_2020Y22GRDP2,대구광역시 경제활동별 지역내총부가가치 및 요소소득,2025-09-05,1782.3067359815655,56.69383396787156
대구,대구광역시,달성군,금융 및 보험업,2021,1883.6614504151562,3337.75,203_DT_2020Y22GRDP2,대구광역시 경제활동별 지역내총부가가치 및 요소소득,2025-09-05,1454.0885495848438,43.564932951384726
대구,대구광역시,달성군,금융 및 보험업,2022,3429.035191727722,5103.92,203_DT_2020Y22GRDP2,대구광역시 경제활동별 지역내총부가가치 및 요소소득,2025-09-05,1674.884808272278,32.81565557987347
대구,대구광역시,달성군,사업서비스업,2021,2318.092537717105,2039.87,203_DT_2020Y22GRDP2,대구광역시 경제활동별 지역내총부가가치 및 요소소득,2025-09-05,278.2225377171053,13.639228858559873
대구,대구광역시,달성군,운수 및 창고업,2021,3003.5426280279635,2009.83,203_DT_2020Y22GRDP2,대구광역시 경제활동별 지역내총부가가치 및 요소소득,2025-09-05,993.7126280279635,49.44262091957845
대구,대구광역시,동구,건설업,2022,7499.391483153467,6075.44,203_DT_2020Y22GRDP2,대구광역시 경제활동별 지역내총부가가치 및 요소소득,2025-09-05,1423.951483153467,23.43783303190332
대구,대구광역시,동구,"공공 행정, 국방·사회보장",2021,7926.481596383497,7139.85,203_DT_2020Y22GRDP2,대구광역시 경제활동별 지역내총부가가치 및 요소소득,2025-09-05,786.6315963834968,11.017480708747337
대구,대구광역시,동구,"광업, 제조업",2022,4117.8264684026835,4581.11,203_DT_2020Y22GRDP2,대구광역시 경제활동별 지역내총부가가치 및 요소소득,2025-09-05,463.28353159731614,10.112910006468217
대구,대구광역시,동구,부동산업,2021,13450.295541829044,11056.22,203_DT_2020Y22GRDP2,대구광역시 경제활동별 지역내총부가가치 및 요소소득,2025-09-05,2394.0755418290446,21.65365325426814
대구,대구광역시,북구,건설업,2021,5346.73004333178,4639.5,203_DT_2020Y22GRDP2,대구광역시 경제활동별 지역내총부가가치 및 요소소득,2025-09-05,707.2300433317796,15.243669432735846
대구,대구광역시,북구,"공공 행정, 국방·사회보장",2022,7155.865620125649,8212.5,203_DT_2020Y22GRDP2,대구광역시 경제활동별 지역내총부가가치 및 요소소득,2025-09-05,1056.634379874351,12.866172053264549
대구,대구광역시,북구,"광업, 제조업",2021,27116.82145987949,19680.89,203_DT_2020Y22GRDP2,대구광역시 경제활동별 지역내총부가가치 및 요소소득,2025-09-05,7435.931459879492,37.78249591293631
대구,대구광역시,북구,부동산업,2021,13978.556388562503,11889.47,203_DT_2020Y22GRDP2,대구광역시 경제활동별 지역내총부가가치 및 요소소득,2025-09-05,2089.086388562504,17.57089583103792
대구,대구광역시,서구,건설업,2021,2068.915677825599,2967.69,203_DT_2020Y22GRDP2,대구광역시 경제활동별 지역내총부가가치 및 요소소득,2025-09-05,898.7743221744013,30.285316935879464
대구,대구광역시,서구,건설업,2022,2997.1086014721295,3541.27,203_DT_2020Y22GRDP2,대구광역시 경제활동별 지역내총부가가치 및 요소소득,2025-09-05,544.1613985278705,15.36627815805828
대구,대구광역시,서구,"공공 행정, 국방·사회보장",2021,1412.8769776205525,1276.07,203_DT_2020Y22GRDP2,대구광역시 경제활동별 지역내총부가가치 및 요소소득,2025-09-05,136.80697762055252,10.720961829723489
대구,대구광역시,서구,"광업, 제조업",2021,10283.693884151267,9020.8,203_DT_2020Y22GRDP2,대구광역시 경제활동별 지역내총부가가치 및 요소소득,2025-09-05,1262.8938841512681,13.99979917691633
대구,대구광역시,서구,"광업, 제조업",2022,9239.217458155974,8303.769999999999,203_DT_2020Y22GRDP2,대구광역시 경제활동별 지역내총부가가치 및 요소소득,2025-09-05,935.4474581559753,11.265334398182699
대구,대구광역시,서구,금융 및 보험업,2021,1726.7350327632143,1556.52,203_DT_2020Y22GRDP2,대구광역시 경제활동별 지역내총부가가치 및 요소소득,2025-09-05,170.21503276321437,10.935614882122579
대구,대구광역시,서구,금융 및 보험업,2022,1599.0897630523657,1389.92,203_DT_2020Y22GRDP2,대구광역시 경제활동별 지역내총부가가치 및 요소소득,2025-09-05,209.16976305236562,15.049050524660815
대구,대구광역시,서구,문화 및 기타서비스업,2021,2163.0839661438067,1964.4,203_DT_2020Y22GRDP2,대구광역시 경제활동별 지역내총부가가치 및 요소소득,2025-09-05,198.68396614380663,10.114231630208034
대구,대구광역시,서구,부동산업,2021,4171.790417060551,6551.64,203_DT_2020Y22GRDP2,대구광역시 경제활동별 지역내총부가가치 및 요소소득,2025-09-05,2379.8495829394496,36.32448643300684
대구,대구광역시,서구,사업서비스업,2021,2177.987319546437,2485.42,203_DT_2020Y22GRDP2,대구광역시 경제활동별 지역내총부가가치 및 요소소득,2025-09-05,307.4326804535631,12.369445826200927
대구,대구광역시,서구,운수 및 창고업,2021,2226.2125140750536,1661.43,203_DT_2020Y22GRDP2,대구광역시 경제활동별 지역내총부가가치 및 요소소득,2025-09-05,564.7825140750535,33.9937592360228
대구,대구광역시,수성구,건설업,2021,5951.617990317543,7417.52,203_DT_2020Y22GRDP2,대구광역시 경제활동별 지역내총부가가치 및 요소소득,2025-09-05,1465.902009682457,19.76269709663684
대구,대구광역시,수성구,"광업, 제조업",2021,1767.5784315913447,1279.29,203_DT_2020Y22GRDP2,대구광역시 경제활동별 지역내총부가가치 및 요소소득,2025-09-05,488.28843159134476,38.1687054218625
대구,대구광역시,수성구,운수 및 창고업,2021,1316.141814014402,1742.55,203_DT_2020Y22GRDP2,대구광역시 경제활동별 지역내총부가가치 및 요소소득,2025-09-05,426.40818598559804,24.470355856968123
대구,대구광역시,중구,건설업,2021,3458.9525364615884,4581.68,203_DT_2020Y22GRDP2,대구광역시 경제활동별 지역내총부가가치 및 요소소득,2025-09-05,1122.727463538412,24.504711449477306
대구,대구광역시,중구,"공공 행정, 국방·사회보장",2022,4305.326733392518,3592.16,203_DT_2020Y22GRDP2,대구광역시 경제활동별 지역내총부가가치 및 요소소득,2025-09-05,713.1667333925179,19.85342338293723
대구,대구광역시,중구,"광업, 제조업",2021,2271.869184215364,1544.02,203_DT_2020Y22GRDP2,대구광역시 경제활동별 지역내총부가가치 및 요소소득,2025-09-05,727.849184215364,47.13988058544345
대구,대구광역시,중구,교육 서비스업,2022,4143.854761762551,3735.0,203_DT_2020Y22GRDP2,대구광역시 경제활동별 지역내총부가가치 및 요소소득,2025-09-05,408.8547617625509,10.946579966868832
대구,대구광역시,중구,금융 및 보험업,2021,9947.256032227895,8836.64,203_DT_2020Y22GRDP2,대구광역시 경제활동별 지역내총부가가치 및 요소소득,2025-09-05,1110.6160322278956,12.568306870347731
대구,대구광역시,중구,부동산업,2021,6800.872886517699,10137.25,203_DT_2020Y22GRDP2,대구광역시 경제활동별 지역내총부가가치 및 요소소득,2025-09-05,3336.377113482301,32.912053204590016
대구,대구광역시,중구,사업서비스업,2021,3907.3439430214876,4692.85,203_DT_2020Y22GRDP2,대구광역시 경제활동별 지역내총부가가치 및 요소소득,2025-09-05,785.5060569785128,16.738358502370897
대구,대구광역시,중구,운수 및 창고업,2021,1019.4738658262236,1344.4,203_DT_2020Y22GRDP2,대구광역시 경제활동별 지역내총부가가치 및 요소소득,2025-09-05,324.9261341737765,24.168858537174685
대구,대구광역시,중구,운수 및 창고업,2022,1516.4016578316603,1352.99,203_DT_2020Y22GRDP2,대구광역시 경제활동별 지역내총부가가치 및 요소소득,2025-09-05,163.41165783166025,12.077817118504958
대전,대전광역시,대덕구,건설업,2021,3726.323042692265,2620.31,206_DT_2020Y25GRDP2,대전광역시 경제활동별 지역내총부가가치 및 요소소득,2025-04-10,1106.0130426922651,42.209244047164844
대전,대전광역시,대덕구,"광업, 제조업",2021,47872.77122936905,43519.51,206_DT_2020Y25GRDP2,대전광역시 경제활동별 지역내총부가가치 및 요소소득,2025-04-10,4353.261229369047,10.003010671234687
대전,대전광역시,대덕구,금융 및 보험업,2023,735.1570957730049,1006.98,206_DT_2020Y25GRDP2,대전광역시 경제활동별 지역내총부가가치 및 요소소득,2026-06-22,271.8229042269951,26.993873187848326
대전,대전광역시,대덕구,도매 및 소매업,2023,6162.964693523804,5583.05,206_DT_2020Y25GRDP2,대전광역시 경제활동별 지역내총부가가치 및 요소소득,2026-06-22,579.9146935238041,10.387058928789893
대전,대전광역시,대덕구,문화 및 기타서비스업,2021,2741.6320242363718,2478.95,206_DT_2020Y25GRDP2,대전광역시 경제활동별 지역내총부가가치 및 요소소득,2025-04-10,262.68202423637194,10.596503529170494
대전,대전광역시,대덕구,보건 및 사회복지업,2021,3335.7131260701035,2986.14,206_DT_2020Y25GRDP2,대전광역시 경제활동별 지역내총부가가치 및 요소소득,2025-04-10,349.5731260701036,11.70652166576596
대전,대전광역시,대덕구,부동산업,2022,4384.4939875456,3900.33,206_DT_2020Y25GRDP2,대전광역시 경제활동별 지역내총부가가치 및 요소소득,2025-04-10,484.1639875456003,12.413410853584192
대전,대전광역시,대덕구,사업서비스업,2022,4113.808076192292,5187.83,206_DT_2020Y25GRDP2,대전광역시 경제활동별 지역내총부가가치 및 요소소득,2025-04-10,1074.021923807708,20.702720093135433
대전,대전광역시,대덕구,운수 및 창고업,2023,3541.6539114977636,3164.36,206_DT_2020Y25GRDP2,대전광역시 경제활동별 지역내총부가가치 및 요소소득,2026-06-22,377.2939114977635,11.923229705146174
대전,대전광역시,동구,건설업,2021,3339.44549963308,2316.31,206_DT_2020Y25GRDP2,대전광역시 경제활동별 지역내총부가가치 및 요소소득,2025-04-10,1023.1354996330801,44.17092270175754
대전,대전광역시,동구,건설업,2022,2339.2714955658807,2617.89,206_DT_2020Y25GRDP2,대전광역시 경제활동별 지역내총부가가치 및 요소소득,2025-04-10,278.61850443411913,10.642865224823012
대전,대전광역시,동구,건설업,2023,2602.74925008925,4227.19,206_DT_2020Y25GRDP2,대전광역시 경제활동별 지역내총부가가치 및 요소소득,2026-06-22,1624.4407499107497,38.42838268236701
대전,대전광역시,동구,"공공 행정, 국방·사회보장",2022,3066.993466391951,2755.33,206_DT_2020Y25GRDP2,대전광역시 경제활동별 지역내총부가가치 및 요소소득,2025-04-10,311.66346639195126,11.311293616080516
대전,대전광역시,동구,금융 및 보험업,2022,1379.9767001532007,1974.84,206_DT_2020Y25GRDP2,대전광역시 경제활동별 지역내총부가가치 및 요소소득,2025-04-10,594.8632998467992,30.12210102321197
대전,대전광역시,동구,금융 및 보험업,2023,1986.8588619511995,1624.29,206_DT_2020Y25GRDP2,대전광역시 경제활동별 지역내총부가가치 및 요소소득,2026-06-22,362.56886195119955,22.32168282456948
대전,대전광역시,동구,도매 및 소매업,2022,5288.266363063728,4627.43,206_DT_2020Y25GRDP2,대전광역시 경제활동별 지역내총부가가치 및 요소소득,2025-04-10,660.8363630637277,14.280850559894533
대전,대전광역시,동구,문화 및 기타서비스업,2022,1643.1129307451065,1381.41,206_DT_2020Y25GRDP2,대전광역시 경제활동별 지역내총부가가치 및 요소소득,2025-04-10,261.7029307451064,18.94462402509801
대전,대전광역시,동구,문화 및 기타서비스업,2023,1451.6707671768145,1645.43,206_DT_2020Y25GRDP2,대전광역시 경제활동별 지역내총부가가치 및 요소소득,2026-06-22,193.75923282318558,11.775598647355741
대전,대전광역시,동구,사업서비스업,2021,3306.0877723075973,2754.58,206_DT_2020Y25GRDP2,대전광역시 경제활동별 지역내총부가가치 및 요소소득,2025-04-10,551.5077723075974,20.021483213687656
대전,대전광역시,동구,사업서비스업,2022,2826.27628490635,3793.78,206_DT_2020Y25GRDP2,대전광역시 경제활동별 지역내총부가가치 및 요소소득,2025-04-10,967.50371509365,25.502367430205492
대전,대전광역시,동구,사업서비스업,2023,3982.681746738193,3452.47,206_DT_2020Y25GRDP2,대전광역시 경제활동별 지역내총부가가치 및 요소소득,2026-06-22,530.2117467381931,15.35746137513702
대전,대전광역시,동구,숙박 및 음식점업,2021,1369.462217071434,1605.04,206_DT_2020Y25GRDP2,대전광역시 경제활동별 지역내총부가가치 및 요소소득,2025-04-10,235.57778292856597,14.677377693301475
대전,대전광역시,서구,건설업,2021,4706.941113466861,6428.69,206_DT_2020Y25GRDP2,대전광역시 경제활동별 지역내총부가가치 및 요소소득,2025-04-10,1721.7488865331388,26.782266473156103
대전,대전광역시,서구,건설업,2022,6492.417366772764,5539.92,206_DT_2020Y25GRDP2,대전광역시 경제활동별 지역내총부가가치 및 요소소득,2025-04-10,952.4973667727636,17.193341542346523
대전,대전광역시,서구,건설업,2023,5507.8794852168885,6323.8,206_DT_2020Y25GRDP2,대전광역시 경제활동별 지역내총부가가치 및 요소소득,2026-06-22,815.9205147831117,12.902376969276569
대전,대전광역시,서구,"광업, 제조업",2021,2766.598206811377,1734.09,206_DT_2020Y25GRDP2,대전광역시 경제활동별 지역내총부가가치 및 요소소득,2025-04-10,1032.5082068113772,59.541788881279366
대전,대전광역시,서구,도매 및 소매업,2023,11110.996209942405,12656.39,206_DT_2020Y25GRDP2,대전광역시 경제활동별 지역내총부가가치 및 요소소득,2026-06-22,1545.3937900575947,12.21038376707414
대전,대전광역시,서구,문화 및 기타서비스업,2023,4032.156082305352,4593.53,206_DT_2020Y25GRDP2,대전광역시 경제활동별 지역내총부가가치 및 요소소득,2026-06-22,561.3739176946478,12.2209698792573
대전,대전광역시,서구,사업서비스업,2021,15394.177431886277,13520.52,206_DT_2020Y25GRDP2,대전광역시 경제활동별 지역내총부가가치 및 요소소득,2025-04-10,1873.6574318862768,13.857879962355565
대전,대전광역시,서구,정보통신업,2021,8468.131265689835,7681.52,206_DT_2020Y25GRDP2,대전광역시 경제활동별 지역내총부가가치 및 요소소득,2025-04-10,786.6112656898349,10.240307461151373
대전,대전광역시,서구,정보통신업,2022,7860.432347306929,8864.36,206_DT_2020Y25GRDP2,대전광역시 경제활동별 지역내총부가가치 및 요소소득,2025-04-10,1003.9276526930716,11.325438640726139
대전,대전광역시,서구,정보통신업,2023,9230.424833735826,7967.52,206_DT_2020Y25GRDP2,대전광역시 경제활동별 지역내총부가가치 및 요소소득,2026-06-22,1262.9048337358254,15.850664118016965
대전,대전광역시,유성구,건설업,2021,10056.194356916421,12305.21,206_DT_2020Y25GRDP2,대전광역시 경제활동별 지역내총부가가치 및 요소소득,2025-04-10,2249.0156430835777,18.276938330053515
대전,대전광역시,유성구,건설업,2022,12427.191092708761,10548.14,206_DT_2020Y25GRDP2,대전광역시 경제활동별 지역내총부가가치 및 요소소득,2025-04-10,1879.0510927087616,17.814051507742235
대전,대전광역시,유성구,건설업,2023,10487.13409457098,9390.25,206_DT_2020Y25GRDP2,대전광역시 경제활동별 지역내총부가가치 및 요소소득,2026-06-22,1096.8840945709799,11.681095759654747
대전,대전광역시,유성구,금융 및 보험업,2023,2682.7383605666755,3147.12,206_DT_2020Y25GRDP2,대전광역시 경제활동별 지역내총부가가치 및 요소소득,2026-06-22,464.3816394333244,14.755765253098845
대전,대전광역시,유성구,도매 및 소매업,2021,7955.525370172061,8948.86,206_DT_2020Y25GRDP2,대전광역시 경제활동별 지역내총부가가치 및 요소소득,2025-04-10,993.3346298279394,11.10012481844547
대전,대전광역시,유성구,문화 및 기타서비스업,2022,5011.505012214859,4188.92,206_DT_2020Y25GRDP2,대전광역시 경제활동별 지역내총부가가치 및 요소소득,2025-04-10,822.5850122148586,19.637162137612048
대전,대전광역시,유성구,문화 및 기타서비스업,2023,4401.975307868266,5021.93,206_DT_2020Y25GRDP2,대전광역시 경제활동별 지역내총부가가치 및 요소소득,2026-06-22,619.9546921317342,12.344948896773435
대전,대전광역시,유성구,정보통신업,2023,6493.981590335168,7577.96,206_DT_2020Y25GRDP2,대전광역시 경제활동별 지역내총부가가치 및 요소소득,2026-06-22,1083.9784096648318,14.304356445070068
대전,대전광역시,중구,건설업,2022,2596.385236842358,3054.75,206_DT_2020Y25GRDP2,대전광역시 경제활동별 지역내총부가가치 및 요소소득,2025-04-10,458.36476315764185,15.004984471974526
대전,대전광역시,중구,건설업,2023,3037.0826397251744,4312.8,206_DT_2020Y25GRDP2,대전광역시 경제활동별 지역내총부가가치 및 요소소득,2026-06-22,1275.7173602748258,29.579794107652233
대전,대전광역시,중구,"공공 행정, 국방·사회보장",2022,2548.917466429415,2268.1,206_DT_2020Y25GRDP2,대전광역시 경제활동별 지역내총부가가치 및 요소소득,2025-04-10,280.81746642941516,12.38117659844871
대전,대전광역시,중구,"공공 행정, 국방·사회보장",2023,2315.844070661839,2604.98,206_DT_2020Y25GRDP2,대전광역시 경제활동별 지역내총부가가치 및 요소소득,2026-06-22,289.1359293381611,11.09935313661376
대전,대전광역시,중구,금융 및 보험업,2022,3858.611036254433,3109.26,206_DT_2020Y25GRDP2,대전광역시 경제활동별 지역내총부가가치 및 요소소득,2025-04-10,749.351036254433,24.100623178969688
대전,대전광역시,중구,도매 및 소매업,2022,6025.135800385045,5414.21,206_DT_2020Y25GRDP2,대전광역시 경제활동별 지역내총부가가치 및 요소소득,2025-04-10,610.9258003850446,11.283747774560732
대전,대전광역시,중구,문화 및 기타서비스업,2023,2740.384421066401,2042.94,206_DT_2020Y25GRDP2,대전광역시 경제활동별 지역내총부가가치 및 요소소득,2026-06-22,697.444421066401,34.139251327322434
대전,대전광역시,중구,보건 및 사회복지업,2022,9143.422008729634,8128.18,206_DT_2020Y25GRDP2,대전광역시 경제활동별 지역내총부가가치 및 요소소득,2025-04-10,1015.2420087296341,12.490397711783377
대전,대전광역시,중구,사업서비스업,2022,5991.921600298519,5167.7,206_DT_2020Y25GRDP2,대전광역시 경제활동별 지역내총부가가치 및 요소소득,2025-04-10,824.2216002985188,15.94948623756253
대전,대전광역시,중구,정보통신업,2021,1812.65787541184,2281.6,206_DT_2020Y25GRDP2,대전광역시 경제활동별 지역내총부가가치 및 요소소득,2025-04-10,468.9421245881599,20.553213735455817
대전,대전광역시,중구,정보통신업,2022,2334.7413589518073,1794.9,206_DT_2020Y25GRDP2,대전광역시 경제활동별 지역내총부가가치 및 요소소득,2025-04-10,539.8413589518073,30.076403083837945
부산,부산광역시,강서구,건설업,2022,6987.567593452697,4238.31,202_DT_F10108,부산광역시 경제활동별 지역내총부가가치 및 요소소득,2025-03-31,2749.2575934526967,64.86683591933333
부산,부산광역시,강서구,금융 및 보험업,2022,1840.4552122155778,2097.65,202_DT_F10108,부산광역시 경제활동별 지역내총부가가치 및 요소소득,2025-03-31,257.19478778442226,12.26109159223046
부산,부산광역시,강서구,도매 및 소매업,2021,9738.161091550674,11246.12,202_DT_F10108,부산광역시 경제활동별 지역내총부가가치 및 요소소득,2025-03-31,1507.9589084493273,13.408703699136476
부산,부산광역시,강서구,문화 및 기타서비스업,2022,3183.1876664444535,3971.51,202_DT_F10108,부산광역시 경제활동별 지역내총부가가치 및 요소소득,2025-03-31,788.3223335555467,19.84943594641702
부산,부산광역시,강서구,보건 및 사회복지업,2022,1503.9340607907357,1709.14,202_DT_F10108,부산광역시 경제활동별 지역내총부가가치 및 요소소득,2025-03-31,205.20593920926444,12.006385621380602
부산,부산광역시,강서구,사업서비스업,2021,6784.1846066051885,6146.49,202_DT_F10108,부산광역시 경제활동별 지역내총부가가치 및 요소소득,2025-03-31,637.6946066051887,10.374939300400534
부산,부산광역시,강서구,숙박 및 음식점업,2022,1565.7022438110753,1767.69,202_DT_F10108,부산광역시 경제활동별 지역내총부가가치 및 요소소득,2025-03-31,201.98775618892478,11.426650384904862
부산,부산광역시,강서구,운수 및 창고업,2021,18883.85338798845,13334.67,202_DT_F10108,부산광역시 경제활동별 지역내총부가가치 및 요소소득,2025-03-31,5549.183387988449,41.6147035358839
부산,부산광역시,강서구,운수 및 창고업,2022,15040.698969531468,12490.86,202_DT_F10108,부산광역시 경제활동별 지역내총부가가치 및 요소소득,2025-03-31,2549.8389695314672,20.4136382085098
부산,부산광역시,금정구,건설업,2022,1678.748021177777,1454.63,202_DT_F10108,부산광역시 경제활동별 지역내총부가가치 및 요소소득,2025-03-31,224.11802117777688,15.407218411401995
부산,부산광역시,금정구,"공공 행정, 국방·사회보장",2022,3628.6915066847982,4209.58,202_DT_F10108,부산광역시 경제활동별 지역내총부가가치 및 요소소득,2025-03-31,580.8884933152017,13.799203087129872
부산,부산광역시,금정구,"광업, 제조업",2021,3680.999865625442,4455.39,202_DT_F10108,부산광역시 경제활동별 지역내총부가가치 및 요소소득,2025-03-31,774.3901343745583,17.380973032092776
부산,부산광역시,금정구,교육 서비스업,2021,4310.6851199805815,3687.51,202_DT_F10108,부산광역시 경제활동별 지역내총부가가치 및 요소소득,2025-03-31,623.1751199805813,16.89961844118609
부산,부산광역시,금정구,금융 및 보험업,2021,1706.2491963364064,1508.69,202_DT_F10108,부산광역시 경제활동별 지역내총부가가치 및 요소소득,2025-03-31,197.55919633640633,13.094750832603538
부산,부산광역시,금정구,문화 및 기타서비스업,2021,2019.9227601253488,2474.73,202_DT_F10108,부산광역시 경제활동별 지역내총부가가치 및 요소소득,2025-03-31,454.80723987465126,18.378054974670015
부산,부산광역시,금정구,문화 및 기타서비스업,2022,2616.641482048158,1965.23,202_DT_F10108,부산광역시 경제활동별 지역내총부가가치 및 요소소득,2025-03-31,651.4114820481582,33.146831772777645
부산,부산광역시,금정구,운수 및 창고업,2021,2292.067277415902,3357.21,202_DT_F10108,부산광역시 경제활동별 지역내총부가가치 및 요소소득,2025-03-31,1065.142722584098,31.727021025914315
부산,부산광역시,기장군,건설업,2021,6590.0073326171305,5826.51,202_DT_F10108,부산광역시 경제활동별 지역내총부가가치 및 요소소득,2025-03-31,763.4973326171303,13.103853466605742
부산,부산광역시,기장군,건설업,2022,5884.2679786512,5284.74,202_DT_F10108,부산광역시 경제활동별 지역내총부가가치 및 요소소득,2025-03-31,599.5279786512001,11.344512287287552
부산,부산광역시,기장군,"공공 행정, 국방·사회보장",2022,2618.8032245823606,2937.04,202_DT_F10108,부산광역시 경제활동별 지역내총부가가치 및 요소소득,2025-03-31,318.23677541763936,10.83528911481081
부산,부산광역시,기장군,금융 및 보험업,2021,1000.6140802280148,1185.02,202_DT_F10108,부산광역시 경제활동별 지역내총부가가치 및 요소소득,2025-03-31,184.40591977198517,15.561418353444258
부산,부산광역시,기장군,문화 및 기타서비스업,2021,2067.7296184000825,2648.28,202_DT_F10108,부산광역시 경제활동별 지역내총부가가치 및 요소소득,2025-03-31,580.5503815999177,21.92179005240827
부산,부산광역시,기장군,부동산업,2021,4038.8050143114474,4750.16,202_DT_F10108,부산광역시 경제활동별 지역내총부가가치 및 요소소득,2025-03-31,711.3549856885525,14.975390001358955
부산,부산광역시,기장군,사업서비스업,2022,2037.0863067385653,1750.97,202_DT_F10108,부산광역시 경제활동별 지역내총부가가치 및 요소소득,2025-03-31,286.1163067385653,16.340445966439475
부산,부산광역시,기장군,숙박 및 음식점업,2021,2095.980267299773,2409.27,202_DT_F10108,부산광역시 경제활동별 지역내총부가가치 및 요소소득,2025-03-31,313.289732700227,13.003512794341315
부산,부산광역시,남구,건설업,2021,3047.90746727428,3706.31,202_DT_F10108,부산광역시 경제활동별 지역내총부가가치 및 요소소득,2025-03-31,658.40253272572,17.764367598115648
부산,부산광역시,남구,"광업, 제조업",2021,4391.197895845864,5789.76,202_DT_F10108,부산광역시 경제활동별 지역내총부가가치 및 요소소득,2025-03-31,1398.5621041541363,24.155787185550633
부산,부산광역시,남구,교육 서비스업,2021,4858.3178296594515,4085.43,202_DT_F10108,부산광역시 경제활동별 지역내총부가가치 및 요소소득,2025-03-31,772.8878296594517,18.91815132457175
부산,부산광역시,남구,금융 및 보험업,2021,11026.386697614415,9861.27,202_DT_F10108,부산광역시 경제활동별 지역내총부가가치 및 요소소득,2025-03-31,1165.116697614414,11.815077546953018
부산,부산광역시,남구,금융 및 보험업,2022,10130.969025579758,8968.67,202_DT_F10108,부산광역시 경제활동별 지역내총부가가치 및 요소소득,2025-03-31,1162.2990255797577,12.959547241450045
부산,부산광역시,남구,도매 및 소매업,2021,4032.4864521849313,3585.77,202_DT_F10108,부산광역시 경제활동별 지역내총부가가치 및 요소소득,2025-03-31,446.7164521849313,12.458034179128369
부산,부산광역시,남구,문화 및 기타서비스업,2022,2286.7183624983536,2657.85,202_DT_F10108,부산광역시 경제활동별 지역내총부가가치 및 요소소득,2025-03-31,371.1316375016463,13.963603570617089
부산,부산광역시,남구,부동산업,2021,6630.9171554257755,5475.75,202_DT_F10108,부산광역시 경제활동별 지역내총부가가치 및 요소소득,2025-03-31,1155.1671554257755,21.096053607739133
부산,부산광역시,남구,부동산업,2022,5367.690855825668,5975.1,202_DT_F10108,부산광역시 경제활동별 지역내총부가가치 및 요소소득,2025-03-31,607.4091441743321,10.16567328035233
부산,부산광역시,남구,운수 및 창고업,2022,10267.00022784381,7028.38,202_DT_F10108,부산광역시 경제활동별 지역내총부가가치 및 요소소득,2025-03-31,3238.6202278438095,46.07918507314359
부산,부산광역시,동구,건설업,2022,2807.457046130955,1843.0,202_DT_F10108,부산광역시 경제활동별 지역내총부가가치 및 요소소득,2025-03-31,964.457046130955,52.33082181936815
부산,부산광역시,동구,"광업, 제조업",2022,982.6500990714796,1279.17,202_DT_F10108,부산광역시 경제활동별 지역내총부가가치 및 요소소득,2025-03-31,296.5199009285204,23.180648461777594
부산,부산광역시,동구,금융 및 보험업,2022,5239.430162849762,4528.0,202_DT_F10108,부산광역시 경제활동별 지역내총부가가치 및 요소소득,2025-03-31,711.4301628497624,15.711796882724435
부산,부산광역시,동구,문화 및 기타서비스업,2022,1179.4463397603292,1343.57,202_DT_F10108,부산광역시 경제활동별 지역내총부가가치 및 요소소득,2025-03-31,164.1236602396707,12.215490092787924
부산,부산광역시,동구,부동산업,2021,6369.216849901162,4143.47,202_DT_F10108,부산광역시 경제활동별 지역내총부가가치 및 요소소득,2025-03-31,2225.746849901162,53.71697755507249
부산,부산광역시,동구,부동산업,2022,4061.702238120437,3615.79,202_DT_F10108,부산광역시 경제활동별 지역내총부가가치 및 요소소득,2025-03-31,445.912238120437,12.33235995786362
부산,부산광역시,동구,사업서비스업,2022,7074.96600563748,7976.64,202_DT_F10108,부산광역시 경제활동별 지역내총부가가치 및 요소소득,2025-03-31,901.6739943625207,11.30393241217506
부산,부산광역시,동구,숙박 및 음식점업,2022,1065.7250298949853,1251.03,202_DT_F10108,부산광역시 경제활동별 지역내총부가가치 및 요소소득,2025-03-31,185.30497010501472,14.812192361894978
부산,부산광역시,동구,운수 및 창고업,2021,7917.084039489955,6382.77,202_DT_F10108,부산광역시 경제활동별 지역내총부가가치 및 요소소득,2025-03-31,1534.3140394899547,24.038372673462376
부산,부산광역시,동구,운수 및 창고업,2022,7199.377424544917,8366.38,202_DT_F10108,부산광역시 경제활동별 지역내총부가가치 및 요소소득,2025-03-31,1167.0025754550825,13.948715877776083
부산,부산광역시,동래구,건설업,2022,4007.5972149644313,3506.87,202_DT_F10108,부산광역시 경제활동별 지역내총부가가치 및 요소소득,2025-03-31,500.72721496443137,14.27846526858513
부산,부산광역시,동래구,"공공 행정, 국방·사회보장",2021,1343.167523252625,1199.43,202_DT_F10108,부산광역시 경제활동별 지역내총부가가치 및 요소소득,2025-03-31,143.7375232526249,11.983819251863375
부산,부산광역시,동래구,교육 서비스업,2021,1956.9837606951826,2232.66,202_DT_F10108,부산광역시 경제활동별 지역내총부가가치 및 요소소득,2025-03-31,275.6762393048173,12.347434867145795
부산,부산광역시,동래구,부동산업,2021,6322.800582331039,7303.28,202_DT_F10108,부산광역시 경제활동별 지역내총부가가치 및 요소소득,2025-03-31,980.4794176689611,13.42519275817114
부산,부산광역시,동래구,사업서비스업,2021,4429.169984620531,3877.64,202_DT_F10108,부산광역시 경제활동별 지역내총부가가치 및 요소소득,2025-03-31,551.5299846205312,14.223341636163521
부산,부산광역시,동래구,숙박 및 음식점업,2022,1923.0759547254443,2559.18,202_DT_F10108,부산광역시 경제활동별 지역내총부가가치 및 요소소득,2025-03-31,636.1040452745556,24.855775884250253
부산,부산광역시,동래구,운수 및 창고업,2021,1356.1979183831706,1145.45,202_DT_F10108,부산광역시 경제활동별 지역내총부가가치 및 요소소득,2025-03-31,210.7479183831706,18.39870080607365
부산,부산광역시,동래구,정보통신업,2021,1756.4800111605161,1578.86,202_DT_F10108,부산광역시 경제활동별 지역내총부가가치 및 요소소득,2025-03-31,177.62001116051624,11.24988986740536
부산,부산광역시,부산진구,건설업,2022,5559.954628809826,6632.66,202_DT_F10108,부산광역시 경제활동별 지역내총부가가치 및 요소소득,2025-03-31,1072.7053711901735,16.173079446107195
부산,부산광역시,부산진구,"공공 행정, 국방·사회보장",2021,2515.8973459550025,3029.15,202_DT_F10108,부산광역시 경제활동별 지역내총부가가치 및 요소소득,2025-03-31,513.2526540449976,16.943784693560822
부산,부산광역시,부산진구,"광업, 제조업",2021,2524.9249479632244,1534.48,202_DT_F10108,부산광역시 경제활동별 지역내총부가가치 및 요소소득,2025-03-31,990.4449479632244,64.54596657911634
부산,부산광역시,부산진구,문화 및 기타서비스업,2021,3170.2130388477563,2704.89,202_DT_F10108,부산광역시 경제활동별 지역내총부가가치 및 요소소득,2025-03-31,465.3230388477564,17.203030025167617
부산,부산광역시,부산진구,부동산업,2021,13588.61906954514,11863.73,202_DT_F10108,부산광역시 경제활동별 지역내총부가가치 및 요소소득,2025-03-31,1724.889069545141,14.539180085395916
부산,부산광역시,부산진구,숙박 및 음식점업,2021,3672.0202511388457,3247.99,202_DT_F10108,부산광역시 경제활동별 지역내총부가가치 및 요소소득,2025-03-31,424.03025113884587,13.05515876400007
부산,부산광역시,부산진구,숙박 및 음식점업,2022,3696.5263504753398,4219.35,202_DT_F10108,부산광역시 경제활동별 지역내총부가가치 및 요소소득,2025-03-31,522.8236495246606,12.391094588613424
부산,부산광역시,부산진구,운수 및 창고업,2021,2576.096432639675,3400.35,202_DT_F10108,부산광역시 경제활동별 지역내총부가가치 및 요소소득,2025-03-31,824.2535673603247,24.240256660647425
부산,부산광역시,부산진구,운수 및 창고업,2022,3835.388557875547,3349.73,202_DT_F10108,부산광역시 경제활동별 지역내총부가가치 및 요소소득,2025-03-31,485.6585578755471,14.498438915242337
부산,부산광역시,부산진구,정보통신업,2022,2438.6361214756407,2745.87,202_DT_F10108,부산광역시 경제활동별 지역내총부가가치 및 요소소득,2025-03-31,307.23387852435917,11.188944797982394
부산,부산광역시,북구,건설업,2021,1965.839010514049,2391.88,202_DT_F10108,부산광역시 경제활동별 지역내총부가가치 및 요소소득,2025-03-31,426.04098948595106,17.811971732944425
부산,부산광역시,북구,건설업,2022,2415.5906181876,1807.43,202_DT_F10108,부산광역시 경제활동별 지역내총부가가치 및 요소소득,2025-03-31,608.1606181875998,33.647810326684834
부산,부산광역시,북구,"공공 행정, 국방·사회보장",2022,2218.5231868979276,2006.51,202_DT_F10108,부산광역시 경제활동별 지역내총부가가치 및 요소소득,2025-03-31,212.01318689792765,10.566266148582745
부산,부산광역시,북구,문화 및 기타서비스업,2021,1845.2638063373392,1607.4,202_DT_F10108,부산광역시 경제활동별 지역내총부가가치 및 요소소득,2025-03-31,237.86380633733916,14.7980469290369
부산,부산광역시,북구,부동산업,2021,5452.015134144181,6128.69,202_DT_F10108,부산광역시 경제활동별 지역내총부가가치 및 요소소득,2025-03-31,676.674865855819,11.041101211773137
부산,부산광역시,북구,사업서비스업,2022,1498.0214411957427,1083.1,202_DT_F10108,부산광역시 경제활동별 지역내총부가가치 및 요소소득,2025-03-31,414.9214411957428,38.30869182861627
부산,부산광역시,북구,운수 및 창고업,2022,1472.8970372257636,1318.17,202_DT_F10108,부산광역시 경제활동별 지역내총부가가치 및 요소소득,2025-03-31,154.72703722576352,11.738018406257426
부산,부산광역시,사상구,교육 서비스업,2021,1955.0797013680499,2359.45,202_DT_F10108,부산광역시 경제활동별 지역내총부가가치 및 요소소득,2025-03-31,404.37029863194994,17.138328789842973
부산,부산광역시,사상구,금융 및 보험업,2021,1911.3530917341452,2124.78,202_DT_F10108,부산광역시 경제활동별 지역내총부가가치 및 요소소득,2025-03-31,213.426908265855,10.044659130161945
부산,부산광역시,사상구,금융 및 보험업,2022,2182.8912874479006,1938.18,202_DT_F10108,부산광역시 경제활동별 지역내총부가가치 및 요소소득,2025-03-31,244.71128744790053,12.625828738708506
부산,부산광역시,사상구,부동산업,2021,5189.13535719829,6033.43,202_DT_F10108,부산광역시 경제활동별 지역내총부가가치 및 요소소득,2025-03-31,844.2946428017103,13.993609651586416
부산,부산광역시,사상구,사업서비스업,2021,3993.7286437474113,4476.17,202_DT_F10108,부산광역시 경제활동별 지역내총부가가치 및 요소소득,2025-03-31,482.4413562525888,10.777994496468828
부산,부산광역시,사상구,운수 및 창고업,2021,2748.4496566963817,2058.76,202_DT_F10108,부산광역시 경제활동별 지역내총부가가치 및 요소소득,2025-03-31,689.6896566963815,33.50024561854618
부산,부산광역시,사상구,운수 및 창고업,2022,2322.156409608382,2850.54,202_DT_F10108,부산광역시 경제활동별 지역내총부가가치 및 요소소득,2025-03-31,528.3835903916179,18.536262967424342
부산,부산광역시,사상구,정보통신업,2021,1585.830203714359,1416.83,202_DT_F10108,부산광역시 경제활동별 지역내총부가가치 및 요소소득,2025-03-31,169.00020371435903,11.928050910438023
부산,부산광역시,사하구,교육 서비스업,2021,2628.601239598286,2947.74,202_DT_F10108,부산광역시 경제활동별 지역내총부가가치 및 요소소득,2025-03-31,319.1387604017136,10.826557308368907
부산,부산광역시,사하구,문화 및 기타서비스업,2021,2384.3566817001274,2103.53,202_DT_F10108,부산광역시 경제활동별 지역내총부가가치 및 요소소득,2025-03-31,280.8266817001272,13.350257980638602
부산,부산광역시,사하구,운수 및 창고업,2022,4406.746233994729,3659.05,202_DT_F10108,부산광역시 경제활동별 지역내총부가가치 및 요소소득,2025-03-31,747.6962339947286,20.434162801676077
부산,부산광역시,서구,건설업,2022,2371.780593848177,2131.73,202_DT_F10108,부산광역시 경제활동별 지역내총부가가치 및 요소소득,2025-03-31,240.05059384817696,11.260834807793527
부산,부산광역시,서구,"광업, 제조업",2021,1451.3918244848592,1886.0,202_DT_F10108,부산광역시 경제활동별 지역내총부가가치 및 요소소득,2025-03-31,434.60817551514083,23.043911745235462
부산,부산광역시,서구,교육 서비스업,2021,1120.270662565444,1376.29,202_DT_F10108,부산광역시 경제활동별 지역내총부가가치 및 요소소득,2025-03-31,256.01933743455606,18.602135991292247
부산,부산광역시,서구,보건 및 사회복지업,2021,8655.804586557339,9822.09,202_DT_F10108,부산광역시 경제활동별 지역내총부가가치 및 요소소득,2025-03-31,1166.2854134426616,11.874106360689646
부산,부산광역시,서구,사업서비스업,2021,1307.1553270976533,1048.24,202_DT_F10108,부산광역시 경제활동별 지역내총부가가치 및 요소소득,2025-03-31,258.9153270976533,24.70000449302195
부산,부산광역시,서구,운수 및 창고업,2021,1622.7323233456877,1945.02,202_DT_F10108,부산광역시 경제활동별 지역내총부가가치 및 요소소득,2025-03-31,322.28767665431224,16.569890111891507
부산,부산광역시,수영구,건설업,2021,3069.4729432809418,2675.32,202_DT_F10108,부산광역시 경제활동별 지역내총부가가치 및 요소소득,2025-03-31,394.1529432809416,14.732927024839704
부산,부산광역시,수영구,건설업,2022,2701.8403484496084,2384.92,202_DT_F10108,부산광역시 경제활동별 지역내총부가가치 및 요소소득,2025-03-31,316.92034844960835,13.288510660718531
부산,부산광역시,수영구,"공공 행정, 국방·사회보장",2021,1227.727093102263,1093.16,202_DT_F10108,부산광역시 경제활동별 지역내총부가가치 및 요소소득,2025-03-31,134.56709310226302,12.309917404795549
부산,부산광역시,수영구,"공공 행정, 국방·사회보장",2022,1124.136482967539,1448.2,202_DT_F10108,부산광역시 경제활동별 지역내총부가가치 및 요소소득,2025-03-31,324.06351703246105,22.37698639914798
부산,부산광역시,수영구,도매 및 소매업,2022,3781.2412207728707,3142.69,202_DT_F10108,부산광역시 경제활동별 지역내총부가가치 및 요소소득,2025-03-31,638.5512207728707,20.318619423897065
부산,부산광역시,수영구,문화 및 기타서비스업,2022,1245.7206759888386,1131.76,202_DT_F10108,부산광역시 경제활동별 지역내총부가가치 및 요소소득,2025-03-31,113.9606759888386,10.069332366300152
부산,부산광역시,수영구,숙박 및 음식점업,2022,1872.3168467136586,2261.74,202_DT_F10108,부산광역시 경제활동별 지역내총부가가치 및 요소소득,2025-03-31,389.4231532863412,17.217856751277388
부산,부산광역시,수영구,운수 및 창고업,2021,1316.5852804342053,1520.54,202_DT_F10108,부산광역시 경제활동별 지역내총부가가치 및 요소소득,2025-03-31,203.95471956579468,13.41330840134391
부산,부산광역시,수영구,운수 및 창고업,2022,1715.076894376192,1260.87,202_DT_F10108,부산광역시 경제활동별 지역내총부가가치 및 요소소득,2025-03-31,454.20689437619217,36.02329299421766
부산,부산광역시,연제구,건설업,2021,3000.53832756312,3403.26,202_DT_F10108,부산광역시 경제활동별 지역내총부가가치 및 요소소득,2025-03-31,402.72167243688,11.833408920766558
부산,부산광역시,연제구,문화 및 기타서비스업,2021,1488.6731974482593,1737.52,202_DT_F10108,부산광역시 경제활동별 지역내총부가가치 및 요소소득,2025-03-31,248.84680255174067,14.321953275458164
부산,부산광역시,연제구,문화 및 기타서비스업,2022,1837.1567435188144,2236.08,202_DT_F10108,부산광역시 경제활동별 지역내총부가가치 및 요소소득,2025-03-31,398.9232564811855,17.840294465367318
부산,부산광역시,연제구,보건 및 사회복지업,2021,5051.582339471518,4514.87,202_DT_F10108,부산광역시 경제활동별 지역내총부가가치 및 요소소득,2025-03-31,536.7123394715181,11.88765876916762
부산,부산광역시,연제구,부동산업,2021,9109.00694724517,7284.13,202_DT_F10108,부산광역시 경제활동별 지역내총부가가치 및 요소소득,2025-03-31,1824.8769472451704,25.052778399687682
부산,부산광역시,연제구,사업서비스업,2021,6682.197740122054,6071.63,202_DT_F10108,부산광역시 경제활동별 지역내총부가가치 및 요소소득,2025-03-31,610.5677401220537,10.056076212187728
부산,부산광역시,연제구,숙박 및 음식점업,2022,1467.017888302063,1646.59,202_DT_F10108,부산광역시 경제활동별 지역내총부가가치 및 요소소득,2025-03-31,179.57211169793686,10.905696724620997
부산,부산광역시,영도구,건설업,2021,1889.2855131905828,1653.11,202_DT_F10108,부산광역시 경제활동별 지역내총부가가치 및 요소소득,2025-03-31,236.17551319058293,14.286739127498047
부산,부산광역시,영도구,건설업,2022,1669.4972184357503,1372.88,202_DT_F10108,부산광역시 경제활동별 지역내총부가가치 및 요소소득,2025-03-31,296.61721843575015,21.60547305196012
부산,부산광역시,영도구,"광업, 제조업",2022,9348.296105204307,12890.4,202_DT_F10108,부산광역시 경제활동별 지역내총부가가치 및 요소소득,2025-03-31,3542.103894795693,27.478618931884917
부산,부산광역시,영도구,교육 서비스업,2021,1868.5449387990234,1345.6,202_DT_F10108,부산광역시 경제활동별 지역내총부가가치 및 요소소득,2025-03-31,522.9449387990235,38.863327794219934
부산,부산광역시,영도구,도매 및 소매업,2022,1508.7459521412482,1695.09,202_DT_F10108,부산광역시 경제활동별 지역내총부가가치 및 요소소득,2025-03-31,186.34404785875176,10.993165428310697
부산,부산광역시,영도구,부동산업,2021,2509.3356166261838,3190.92,202_DT_F10108,부산광역시 경제활동별 지역내총부가가치 및 요소소득,2025-03-31,681.5843833738163,21.360121324690567
부산,부산광역시,영도구,부동산업,2022,3127.949980490571,2302.75,202_DT_F10108,부산광역시 경제활동별 지역내총부가가치 및 요소소득,2025-03-31,825.1999804905709,35.83541333147632
부산,부산광역시,영도구,사업서비스업,2022,3509.775115927128,4012.62,202_DT_F10108,부산광역시 경제활동별 지역내총부가가치 및 요소소득,2025-03-31,502.844884072872,12.531584951300449
부산,부산광역시,영도구,운수 및 창고업,2021,1450.4677925729416,1254.32,202_DT_F10108,부산광역시 경제활동별 지역내총부가가치 및 요소소득,2025-03-31,196.14779257294163,15.637779240779198
부산,부산광역시,중구,건설업,2021,2414.1998439432323,1454.49,202_DT_F10108,부산광역시 경제활동별 지역내총부가가치 및 요소소득,2025-03-31,959.7098439432323,65.98256735647769
부산,부산광역시,중구,건설업,2022,1468.9083057041664,1097.39,202_DT_F10108,부산광역시 경제활동별 지역내총부가가치 및 요소소득,2025-03-31,371.5183057041663,33.85471944378629
부산,부산광역시,중구,"공공 행정, 국방·사회보장",2022,2642.167033076106,2332.14,202_DT_F10108,부산광역시 경제활동별 지역내총부가가치 및 요소소득,2025-03-31,310.0270330761059,13.293671609599164
부산,부산광역시,중구,부동산업,2021,2129.9321975436833,3078.87,202_DT_F10108,부산광역시 경제활동별 지역내총부가가치 및 요소소득,2025-03-31,948.9378024563166,30.820976606882283
부산,부산광역시,중구,부동산업,2022,3018.1111893851935,3686.29,202_DT_F10108,부산광역시 경제활동별 지역내총부가가치 및 요소소득,2025-03-31,668.1788106148065,18.126051141250592
부산,부산광역시,중구,숙박 및 음식점업,2022,1236.9858050881137,1459.36,202_DT_F10108,부산광역시 경제활동별 지역내총부가가치 및 요소소득,2025-03-31,222.3741949118862,15.237788819200624
부산,부산광역시,해운대구,"공공 행정, 국방·사회보장",2021,4461.239425118422,5713.41,202_DT_F10108,부산광역시 경제활동별 지역내총부가가치 및 요소소득,2025-03-31,1252.1705748815775,21.916343740105777
부산,부산광역시,해운대구,"공공 행정, 국방·사회보장",2022,5875.3088506271415,4324.04,202_DT_F10108,부산광역시 경제활동별 지역내총부가가치 및 요소소득,2025-03-31,1551.2688506271415,35.875450981654694
부산,부산광역시,해운대구,교육 서비스업,2021,3107.7298921595407,3733.07,202_DT_F10108,부산광역시 경제활동별 지역내총부가가치 및 요소소득,2025-03-31,625.3401078404595,16.751363029368843
부산,부산광역시,해운대구,금융 및 보험업,2022,6472.465089810598,5549.72,202_DT_F10108,부산광역시 경제활동별 지역내총부가가치 및 요소소득,2025-03-31,922.7450898105981,16.626876487653398
부산,부산광역시,해운대구,사업서비스업,2021,17600.317587240235,14026.67,202_DT_F10108,부산광역시 경제활동별 지역내총부가가치 및 요소소득,2025-03-31,3573.647587240235,25.47751951988772
부산,부산광역시,해운대구,숙박 및 음식점업,2021,4481.901272743886,5171.33,202_DT_F10108,부산광역시 경제활동별 지역내총부가가치 및 요소소득,2025-03-31,689.4287272561141,13.331748839391688
부산,부산광역시,해운대구,숙박 및 음식점업,2022,5885.473050102875,6731.87,202_DT_F10108,부산광역시 경제활동별 지역내총부가가치 및 요소소득,2025-03-31,846.3969498971246,12.572984176716492
부산,부산광역시,해운대구,운수 및 창고업,2021,2584.178608140597,3056.47,202_DT_F10108,부산광역시 경제활동별 지역내총부가가치 및 요소소득,2025-03-31,472.29139185940267,15.452184770647273
부산,부산광역시,해운대구,운수 및 창고업,2022,3447.512775299564,4453.4,202_DT_F10108,부산광역시 경제활동별 지역내총부가가치 및 요소소득,2025-03-31,1005.8872247004356,22.58694985180841
부산,부산광역시,해운대구,정보통신업,2022,8452.314250108171,7344.46,202_DT_F10108,부산광역시 경제활동별 지역내총부가가치 및 요소소득,2025-03-31,1107.854250108171,15.084216540197252
서울,서울특별시,강남구,건설업,2021,16591.43050572687,18657.26,201_DT_201012_D040031,서울특별시 경제활동별 지역내총부가가치 및 요소소득,2025-10-29,2065.82949427313,11.072523480259857
서울,서울특별시,강남구,건설업,2022,18842.208729989285,7578.41,201_DT_201012_D040031,서울특별시 경제활동별 지역내총부가가치 및 요소소득,2025-10-29,11263.798729989285,148.63010486354372
서울,서울특별시,강남구,건설업,2023,7534.5797357294905,19306.06,201_DT_201012_D040031,서울특별시 경제활동별 지역내총부가가치 및 요소소득,2026-06-19,11771.48026427051,60.97298083747026
서울,서울특별시,강남구,"광업, 제조업",2021,30289.314041599075,33948.15,201_DT_201012_D040031,서울특별시 경제활동별 지역내총부가가치 및 요소소득,2025-10-29,3658.8359584009268,10.77771825092362
서울,서울특별시,강남구,"광업, 제조업",2022,34770.12461778309,31201.2,201_DT_201012_D040031,서울특별시 경제활동별 지역내총부가가치 및 요소소득,2025-10-29,3568.92461778309,11.438421015163167
서울,서울특별시,강남구,"광업, 제조업",2023,31659.950867594584,27663.6,201_DT_201012_D040031,서울특별시 경제활동별 지역내총부가가치 및 요소소득,2026-06-19,3996.350867594585,14.446242960404957
서울,서울특별시,강남구,교육 서비스업,2021,19476.233629643386,21653.25,201_DT_201012_D040031,서울특별시 경제활동별 지역내총부가가치 및 요소소득,2025-10-29,2177.016370356614,10.053993605378473
서울,서울특별시,강남구,금융 및 보험업,2022,41548.544040264445,36749.37,201_DT_201012_D040031,서울특별시 경제활동별 지역내총부가가치 및 요소소득,2025-10-29,4799.174040264443,13.05920085232602
서울,서울특별시,강남구,운수 및 창고업,2022,10615.217662986466,13814.58,201_DT_201012_D040031,서울특별시 경제활동별 지역내총부가가치 및 요소소득,2025-10-29,3199.3623370135338,23.159316729234863
서울,서울특별시,강남구,운수 및 창고업,2023,16239.316157744444,12735.92,201_DT_201012_D040031,서울특별시 경제활동별 지역내총부가가치 및 요소소득,2026-06-19,3503.3961577444443,27.507994379239538
서울,서울특별시,강동구,건설업,2022,9627.136708597354,4601.69,201_DT_201012_D040031,서울특별시 경제활동별 지역내총부가가치 및 요소소득,2025-10-29,5025.446708597355,109.20871915746943
서울,서울특별시,강동구,건설업,2023,4575.075804041881,8058.43,201_DT_201012_D040031,서울특별시 경제활동별 지역내총부가가치 및 요소소득,2026-06-19,3483.354195958119,43.22621398905393
서울,서울특별시,강동구,"광업, 제조업",2021,4415.411007297629,1887.31,201_DT_201012_D040031,서울특별시 경제활동별 지역내총부가가치 및 요소소득,2025-10-29,2528.101007297629,133.95261018580038
서울,서울특별시,강동구,"광업, 제조업",2022,1933.0067733407627,2342.17,201_DT_201012_D040031,서울특별시 경제활동별 지역내총부가가치 및 요소소득,2025-10-29,409.16322665923735,17.46940771418118
서울,서울특별시,강동구,숙박 및 음식점업,2022,3603.191048949632,3190.13,201_DT_201012_D040031,서울특별시 경제활동별 지역내총부가가치 및 요소소득,2025-10-29,413.0610489496321,12.948094558830897
서울,서울특별시,강동구,정보통신업,2021,3096.338436039322,2432.32,201_DT_201012_D040031,서울특별시 경제활동별 지역내총부가가치 및 요소소득,2025-10-29,664.0184360393218,27.299797561148274
서울,서울특별시,강동구,정보통신업,2022,2488.9718189891573,3255.62,201_DT_201012_D040031,서울특별시 경제활동별 지역내총부가가치 및 요소소득,2025-10-29,766.6481810108426,23.54845408895518
서울,서울특별시,강동구,정보통신업,2023,3390.064900027416,2564.3,201_DT_201012_D040031,서울특별시 경제활동별 지역내총부가가치 및 요소소득,2026-06-19,825.7649000274159,32.20235152000218
서울,서울특별시,강북구,건설업,2021,2169.3804387652262,2441.23,201_DT_201012_D040031,서울특별시 경제활동별 지역내총부가가치 및 요소소득,2025-10-29,271.8495612347738,11.135761941102386
서울,서울특별시,강북구,건설업,2022,2465.429822916749,4599.58,201_DT_201012_D040031,서울특별시 경제활동별 지역내총부가가치 및 요소소득,2025-10-29,2134.150177083251,46.39880547970143
서울,서울특별시,강북구,건설업,2023,4572.978007374455,2624.08,201_DT_201012_D040031,서울특별시 경제활동별 지역내총부가가치 및 요소소득,2026-06-19,1948.8980073744551,74.26976339800827
서울,서울특별시,강북구,"공공 행정, 국방·사회보장",2023,2392.974206501438,1825.61,201_DT_201012_D040031,서울특별시 경제활동별 지역내총부가가치 및 요소소득,2026-06-19,567.364206501438,31.07806193554144
서울,서울특별시,강북구,금융 및 보험업,2021,1811.5713756938253,2120.7,201_DT_201012_D040031,서울특별시 경제활동별 지역내총부가가치 및 요소소득,2025-10-29,309.1286243061745,14.576725812522968
서울,서울특별시,강북구,금융 및 보험업,2023,2105.848652315466,1821.49,201_DT_201012_D040031,서울특별시 경제활동별 지역내총부가가치 및 요소소득,2026-06-19,284.3586523154661,15.611321078648036
서울,서울특별시,강북구,운수 및 창고업,2022,1711.9863405659728,2053.83,201_DT_201012_D040031,서울특별시 경제활동별 지역내총부가가치 및 요소소득,2025-10-29,341.84365943402713,16.64420421524796
서울,서울특별시,강북구,운수 및 창고업,2023,2414.3184015916713,2180.14,201_DT_201012_D040031,서울특별시 경제활동별 지역내총부가가치 및 요소소득,2026-06-19,234.17840159167145,10.741438696215448
서울,서울특별시,강서구,건설업,2022,8154.895690114948,16570.46,201_DT_201012_D040031,서울특별시 경제활동별 지역내총부가가치 및 요소소득,2025-10-29,8415.564309885052,50.786546118122565
서울,서울특별시,강서구,건설업,2023,16474.623585648715,9269.82,201_DT_201012_D040031,서울특별시 경제활동별 지역내총부가가치 및 요소소득,2026-06-19,7204.803585648715,77.72323071697956
서울,서울특별시,강서구,사업서비스업,2022,27221.59064754038,30523.21,201_DT_201012_D040031,서울특별시 경제활동별 지역내총부가가치 및 요소소득,2025-10-29,3301.61935245962,10.816750113961213
서울,서울특별시,강서구,운수 및 창고업,2022,15982.39297138396,18734.98,201_DT_201012_D040031,서울특별시 경제활동별 지역내총부가가치 및 요소소득,2025-10-29,2752.587028616039,14.692233611223704
서울,서울특별시,강서구,정보통신업,2023,22329.64010584157,25741.16,201_DT_201012_D040031,서울특별시 경제활동별 지역내총부가가치 및 요소소득,2026-06-19,3411.5198941584313,13.253170774582154
서울,서울특별시,관악구,건설업,2022,3618.1343798732623,6702.46,201_DT_201012_D040031,서울특별시 경제활동별 지역내총부가가치 및 요소소득,2025-10-29,3084.3256201267377,46.01781465501828
서울,서울특별시,관악구,건설업,2023,6663.695853818608,3677.14,201_DT_201012_D040031,서울특별시 경제활동별 지역내총부가가치 및 요소소득,2026-06-19,2986.5558538186083,81.21953077170325
서울,서울특별시,관악구,"광업, 제조업",2023,1867.7232017982205,1548.39,201_DT_201012_D040031,서울특별시 경제활동별 지역내총부가가치 및 요소소득,2026-06-19,319.33320179822044,20.623563946952668
서울,서울특별시,관악구,금융 및 보험업,2022,1320.9349347517798,1507.57,201_DT_201012_D040031,서울특별시 경제활동별 지역내총부가가치 및 요소소득,2025-10-29,186.63506524822014,12.379860653118605
서울,서울특별시,관악구,금융 및 보험업,2023,1516.745060112095,1752.64,201_DT_201012_D040031,서울특별시 경제활동별 지역내총부가가치 및 요소소득,2026-06-19,235.89493988790514,13.45940637483483
서울,서울특별시,관악구,사업서비스업,2023,5868.119553874943,5082.61,201_DT_201012_D040031,서울특별시 경제활동별 지역내총부가가치 및 요소소득,2026-06-19,785.5095538749438,15.454846110068326
서울,서울특별시,관악구,정보통신업,2021,4849.960466533072,5713.43,201_DT_201012_D040031,서울특별시 경제활동별 지역내총부가가치 및 요소소득,2025-10-29,863.4695334669286,15.112980004426912
서울,서울특별시,관악구,정보통신업,2022,5846.503034044541,5212.39,201_DT_201012_D040031,서울특별시 경제활동별 지역내총부가가치 및 요소소득,2025-10-29,634.1130340445407,12.165494793070753
서울,서울특별시,광진구,건설업,2022,3826.8126954393038,7152.79,201_DT_201012_D040031,서울특별시 경제활동별 지역내총부가가치 및 요소소득,2025-10-29,3325.977304560696,46.49902072562869
서울,서울특별시,광진구,건설업,2023,7111.421338767437,3935.64,201_DT_201012_D040031,서울특별시 경제활동별 지역내총부가가치 및 요소소득,2026-06-19,3175.7813387674373,80.692881939594
서울,서울특별시,광진구,"공공 행정, 국방·사회보장",2023,2564.9394895052155,2117.76,201_DT_201012_D040031,서울특별시 경제활동별 지역내총부가가치 및 요소소득,2026-06-19,447.1794895052153,21.115683056872133
서울,서울특별시,광진구,부동산업,2023,10248.41679176479,11401.28,201_DT_201012_D040031,서울특별시 경제활동별 지역내총부가가치 및 요소소득,2026-06-19,1152.8632082352105,10.111699811207254
서울,서울특별시,광진구,사업서비스업,2021,8903.301376085266,7806.83,201_DT_201012_D040031,서울특별시 경제활동별 지역내총부가가치 및 요소소득,2025-10-29,1096.4713760852665,14.045026932638041
서울,서울특별시,광진구,운수 및 창고업,2021,2027.7280312314138,1809.74,201_DT_201012_D040031,서울특별시 경제활동별 지역내총부가가치 및 요소소득,2025-10-29,217.98803123141374,12.045267896571538
서울,서울특별시,구로구,건설업,2022,4818.4058373919415,8276.44,201_DT_201012_D040031,서울특별시 경제활동별 지역내총부가가치 및 요소소득,2025-10-29,3458.034162608059,41.78166171213781
서울,서울특별시,구로구,건설업,2023,8228.572630404133,3816.29,201_DT_201012_D040031,서울특별시 경제활동별 지역내총부가가치 및 요소소득,2026-06-19,4412.282630404133,115.61706868199568
서울,서울특별시,구로구,금융 및 보험업,2021,5110.292777935727,5964.79,201_DT_201012_D040031,서울특별시 경제활동별 지역내총부가가치 및 요소소득,2025-10-29,854.497222064273,14.325688281804943
서울,서울특별시,구로구,금융 및 보험업,2022,6127.922948472953,5140.76,201_DT_201012_D040031,서울특별시 경제활동별 지역내총부가가치 및 요소소득,2025-10-29,987.1629484729528,19.20266552947332
서울,서울특별시,구로구,금융 및 보험업,2023,5172.046628164433,9463.59,201_DT_201012_D040031,서울특별시 경제활동별 지역내총부가가치 및 요소소득,2026-06-19,4291.543371835567,45.34794271344772
서울,서울특별시,구로구,운수 및 창고업,2023,5223.893674176163,3811.25,201_DT_201012_D040031,서울특별시 경제활동별 지역내총부가가치 및 요소소득,2026-06-19,1412.6436741761627,37.06510132308725
서울,서울특별시,구로구,정보통신업,2023,34020.05444135333,29449.62,201_DT_201012_D040031,서울특별시 경제활동별 지역내총부가가치 및 요소소득,2026-06-19,4570.434441353329,15.519502259632992
서울,서울특별시,금천구,건설업,2022,5205.1015109642085,8108.14,201_DT_201012_D040031,서울특별시 경제활동별 지역내총부가가치 및 요소소득,2025-10-29,2903.038489035792,35.804000535705995
서울,서울특별시,금천구,건설업,2023,8061.246005225068,4655.45,201_DT_201012_D040031,서울특별시 경제활동별 지역내총부가가치 및 요소소득,2026-06-19,3405.7960052250683,73.1571814803095
서울,서울특별시,금천구,"공공 행정, 국방·사회보장",2023,1709.799695131071,1550.64,201_DT_201012_D040031,서울특별시 경제활동별 지역내총부가가치 및 요소소득,2026-06-19,159.15969513107098,10.264129335698225
서울,서울특별시,금천구,금융 및 보험업,2022,1476.2496048994533,1713.76,201_DT_201012_D040031,서울특별시 경제활동별 지역내총부가가치 및 요소소득,2025-10-29,237.5103951005467,13.859023147963933
서울,서울특별시,금천구,부동산업,2023,11537.47539544136,10342.01,201_DT_201012_D040031,서울특별시 경제활동별 지역내총부가가치 및 요소소득,2026-06-19,1195.4653954413607,11.559313861051775
서울,서울특별시,금천구,운수 및 창고업,2022,4715.48579199955,5486.48,201_DT_201012_D040031,서울특별시 경제활동별 지역내총부가가치 및 요소소득,2025-10-29,770.9942080004494,14.052620405076652
서울,서울특별시,금천구,운수 및 창고업,2023,6449.467396992289,5707.66,201_DT_201012_D040031,서울특별시 경제활동별 지역내총부가가치 및 요소소득,2026-06-19,741.8073969922889,12.99669911999469
서울,서울특별시,금천구,정보통신업,2023,39891.66367554823,35740.15,201_DT_201012_D040031,서울특별시 경제활동별 지역내총부가가치 및 요소소득,2026-06-19,4151.513675548231,11.61582611026599
서울,서울특별시,노원구,건설업,2021,3507.908532496822,2712.43,201_DT_201012_D040031,서울특별시 경제활동별 지역내총부가가치 및 요소소득,2025-10-29,795.478532496822,29.32715434119303
서울,서울특별시,노원구,건설업,2022,2739.318218510373,2207.2,201_DT_201012_D040031,서울특별시 경제활동별 지역내총부가가치 및 요소소득,2025-10-29,532.118218510373,24.108291886116938
서울,서울특별시,노원구,건설업,2023,2194.4345044279908,2719.5,201_DT_201012_D040031,서울특별시 경제활동별 지역내총부가가치 및 요소소득,2026-06-19,525.0654955720092,19.307427673175557
서울,서울특별시,노원구,"공공 행정, 국방·사회보장",2023,2893.370512726893,2266.89,201_DT_201012_D040031,서울특별시 경제활동별 지역내총부가가치 및 요소소득,2026-06-19,626.4805127268933,27.63612317875562
서울,서울특별시,노원구,"광업, 제조업",2023,2035.108606690289,1825.12,201_DT_201012_D040031,서울특별시 경제활동별 지역내총부가가치 및 요소소득,2026-06-19,209.9886066902891,11.505468500169256
서울,서울특별시,노원구,금융 및 보험업,2021,2713.268436468582,3654.3,201_DT_201012_D040031,서울특별시 경제활동별 지역내총부가가치 및 요소소득,2025-10-29,941.0315635314182,25.75134946587358
서울,서울특별시,노원구,금융 및 보험업,2022,3754.242618869183,2639.97,201_DT_201012_D040031,서울특별시 경제활동별 지역내총부가가치 및 요소소득,2025-10-29,1114.2726188691831,42.20777580310319
서울,서울특별시,노원구,금융 및 보험업,2023,2656.0368383187033,11245.04,201_DT_201012_D040031,서울특별시 경제활동별 지역내총부가가치 및 요소소득,2026-06-19,8589.003161681298,76.38037002697453
서울,서울특별시,노원구,사업서비스업,2021,3349.9644281862256,4163.06,201_DT_201012_D040031,서울특별시 경제활동별 지역내총부가가치 및 요소소득,2025-10-29,813.0955718137748,19.531199930190166
서울,서울특별시,노원구,사업서비스업,2022,4271.416241547615,3583.61,201_DT_201012_D040031,서울특별시 경제활동별 지역내총부가가치 및 요소소득,2025-10-29,687.8062415476147,19.193110900673197
서울,서울특별시,도봉구,건설업,2023,937.3273659317783,1966.84,201_DT_201012_D040031,서울특별시 경제활동별 지역내총부가가치 및 요소소득,2026-06-19,1029.5126340682216,52.343486713114515
서울,서울특별시,도봉구,"광업, 제조업",2021,1288.7146403335582,1141.54,201_DT_201012_D040031,서울특별시 경제활동별 지역내총부가가치 및 요소소득,2025-10-29,147.17464033355827,12.892639796551874
서울,서울특별시,도봉구,"광업, 제조업",2023,1265.0606561656666,1020.72,201_DT_201012_D040031,서울특별시 경제활동별 지역내총부가가치 및 요소소득,2026-06-19,244.3406561656666,23.938068830400756
서울,서울특별시,도봉구,부동산업,2021,7460.614293152422,6370.26,201_DT_201012_D040031,서울특별시 경제활동별 지역내총부가가치 및 요소소득,2025-10-29,1090.3542931524216,17.116323245086097
서울,서울특별시,도봉구,사업서비스업,2022,2992.482565134908,2677.9,201_DT_201012_D040031,서울특별시 경제활동별 지역내총부가가치 및 요소소득,2025-10-29,314.5825651349078,11.74736043671936
서울,서울특별시,도봉구,숙박 및 음식점업,2022,1555.6300889701715,1395.81,201_DT_201012_D040031,서울특별시 경제활동별 지역내총부가가치 및 요소소득,2025-10-29,159.82008897017158,11.449988821556772
서울,서울특별시,동대문구,건설업,2021,4865.074795848434,5769.69,201_DT_201012_D040031,서울특별시 경제활동별 지역내총부가가치 및 요소소득,2025-10-29,904.6152041515652,15.678748843552517
서울,서울특별시,동대문구,건설업,2022,5826.884724087668,3677.66,201_DT_201012_D040031,서울특별시 경제활동별 지역내총부가가치 및 요소소득,2025-10-29,2149.2247240876677,58.440005984448476
서울,서울특별시,동대문구,건설업,2023,3656.3899961737247,5948.62,201_DT_201012_D040031,서울특별시 경제활동별 지역내총부가가치 및 요소소득,2026-06-19,2292.230003826275,38.53381126759274
서울,서울특별시,동대문구,"공공 행정, 국방·사회보장",2023,2732.6572034714927,2310.15,201_DT_201012_D040031,서울특별시 경제활동별 지역내총부가가치 및 요소소득,2026-06-19,422.50720347149263,18.2891675203555
서울,서울특별시,동대문구,"광업, 제조업",2021,6659.808851343445,5815.94,201_DT_201012_D040031,서울특별시 경제활동별 지역내총부가가치 및 요소소득,2025-10-29,843.8688513434454,14.509586607555192
서울,서울특별시,동대문구,금융 및 보험업,2023,3039.6775490796927,2675.37,201_DT_201012_D040031,서울특별시 경제활동별 지역내총부가가치 및 요소소득,2026-06-19,364.30754907969276,13.617090311982746
서울,서울특별시,동대문구,정보통신업,2023,1370.8144493648192,1105.33,201_DT_201012_D040031,서울특별시 경제활동별 지역내총부가가치 및 요소소득,2026-06-19,265.4844493648193,24.01856905764064
서울,서울특별시,동작구,건설업,2021,5567.618472392703,4000.76,201_DT_201012_D040031,서울특별시 경제활동별 지역내총부가가치 및 요소소득,2025-10-29,1566.8584723927024,39.16402064589484
서울,서울특별시,동작구,건설업,2022,4040.41938626529,6854.35,201_DT_201012_D040031,서울특별시 경제활동별 지역내총부가가치 및 요소소득,2025-10-29,2813.9306137347103,41.05320874677702
서울,서울특별시,동작구,건설업,2023,6814.707387380391,3717.33,201_DT_201012_D040031,서울특별시 경제활동별 지역내총부가가치 및 요소소득,2026-06-19,3097.377387380391,83.32263714495058
서울,서울특별시,동작구,"공공 행정, 국방·사회보장",2022,3214.487790875132,2569.26,201_DT_201012_D040031,서울특별시 경제활동별 지역내총부가가치 및 요소소득,2025-10-29,645.2277908751316,25.11337081008273
서울,서울특별시,동작구,도매 및 소매업,2022,7261.268153456529,6421.16,201_DT_201012_D040031,서울특별시 경제활동별 지역내총부가가치 및 요소소득,2025-10-29,840.1081534565292,13.08343279806965
서울,서울특별시,동작구,부동산업,2021,13642.28501921329,12366.39,201_DT_201012_D040031,서울특별시 경제활동별 지역내총부가가치 및 요소소득,2025-10-29,1275.8950192132907,10.31744121941238
서울,서울특별시,동작구,부동산업,2023,11927.70771991077,13427.39,201_DT_201012_D040031,서울특별시 경제활동별 지역내총부가가치 및 요소소득,2026-06-19,1499.6822800892296,11.16882938597322
서울,서울특별시,동작구,정보통신업,2023,6630.339334377345,5181.34,201_DT_201012_D040031,서울특별시 경제활동별 지역내총부가가치 및 요소소득,2026-06-19,1448.999334377345,27.965725746184283
서울,서울특별시,마포구,건설업,2021,5666.378102002736,4731.08,201_DT_201012_D040031,서울특별시 경제활동별 지역내총부가가치 및 요소소득,2025-10-29,935.2981020027364,19.76923032378942
서울,서울특별시,마포구,건설업,2022,4777.9790214789155,1909.24,201_DT_201012_D040031,서울특별시 경제활동별 지역내총부가가치 및 요소소득,2025-10-29,2868.7390214789157,150.25554783468374
서울,서울특별시,마포구,건설업,2023,1898.1977769273728,3953.64,201_DT_201012_D040031,서울특별시 경제활동별 지역내총부가가치 및 요소소득,2026-06-19,2055.442223072627,51.988603491279605
서울,서울특별시,마포구,금융 및 보험업,2022,7130.924089266534,6127.28,201_DT_201012_D040031,서울특별시 경제활동별 지역내총부가가치 및 요소소득,2025-10-29,1003.6440892665341,16.37992860235756
서울,서울특별시,마포구,운수 및 창고업,2023,15466.023784900026,11768.36,201_DT_201012_D040031,서울특별시 경제활동별 지역내총부가가치 및 요소소득,2026-06-19,3697.6637849000253,31.4203830006902
서울,서울특별시,서대문구,건설업,2022,4094.9445871432386,1845.56,201_DT_201012_D040031,서울특별시 경제활동별 지역내총부가가치 및 요소소득,2025-10-29,2249.3845871432386,121.88087015015708
서울,서울특별시,서대문구,건설업,2023,1834.8860746611647,2895.17,201_DT_201012_D040031,서울특별시 경제활동별 지역내총부가가치 및 요소소득,2026-06-19,1060.2839253388354,36.62251008883193
서울,서울특별시,서대문구,금융 및 보험업,2021,7640.394991678322,6711.95,201_DT_201012_D040031,서울특별시 경제활동별 지역내총부가가치 및 요소소득,2025-10-29,928.4449916783224,13.832716150721064
서울,서울특별시,서대문구,금융 및 보험업,2022,6895.517266157406,6145.7,201_DT_201012_D040031,서울특별시 경제활동별 지역내총부가가치 및 요소소득,2025-10-29,749.8172661574063,12.20068122683187
서울,서울특별시,서대문구,금융 및 보험업,2023,6183.102685733267,5368.09,201_DT_201012_D040031,서울특별시 경제활동별 지역내총부가가치 및 요소소득,2026-06-19,815.0126857332671,15.182545108842568
서울,서울특별시,서대문구,사업서비스업,2021,6989.993292139395,9849.62,201_DT_201012_D040031,서울특별시 경제활동별 지역내총부가가치 및 요소소득,2025-10-29,2859.626707860606,29.032863276558952
서울,서울특별시,서대문구,사업서비스업,2022,10105.98618349777,8541.72,201_DT_201012_D040031,서울특별시 경제활동별 지역내총부가가치 및 요소소득,2025-10-29,1564.2661834977698,18.313245850926627
서울,서울특별시,서대문구,운수 및 창고업,2023,2440.650051336613,3216.86,201_DT_201012_D040031,서울특별시 경제활동별 지역내총부가가치 및 요소소득,2026-06-19,776.209948663387,24.12942896686169
서울,서울특별시,서초구,건설업,2021,8393.346341795788,10127.94,201_DT_201012_D040031,서울특별시 경제활동별 지역내총부가가치 및 요소소득,2025-10-29,1734.5936582042123,17.126816096898402
서울,서울특별시,서초구,건설업,2022,10228.337895532768,4919.22,201_DT_201012_D040031,서울특별시 경제활동별 지역내총부가가치 및 요소소득,2025-10-29,5309.117895532768,107.92601053688932
서울,서울특별시,서초구,건설업,2023,4890.769347078771,10886.79,201_DT_201012_D040031,서울특별시 경제활동별 지역내총부가가치 및 요소소득,2026-06-19,5996.02065292123,55.0761119937211
서울,서울특별시,서초구,"광업, 제조업",2021,8414.439550513793,9371.74,201_DT_201012_D040031,서울특별시 경제활동별 지역내총부가가치 및 요소소득,2025-10-29,957.3004494862071,10.214756805952865
서울,서울특별시,서초구,금융 및 보험업,2022,26690.319581663083,20918.47,201_DT_201012_D040031,서울특별시 경제활동별 지역내총부가가치 및 요소소득,2025-10-29,5771.849581663082,27.592121133443708
서울,서울특별시,성동구,건설업,2021,5033.163291194693,4574.31,201_DT_201012_D040031,서울특별시 경제활동별 지역내총부가가치 및 요소소득,2025-10-29,458.85329119469225,10.031093021563738
서울,서울특별시,성동구,건설업,2022,4619.654966253207,2081.52,201_DT_201012_D040031,서울특별시 경제활동별 지역내총부가가치 및 요소소득,2025-10-29,2538.134966253207,121.93661200724503
서울,서울특별시,성동구,건설업,2023,2069.481383498075,5154.11,201_DT_201012_D040031,서울특별시 경제활동별 지역내총부가가치 및 요소소득,2026-06-19,3084.6286165019246,59.847939149570436
서울,서울특별시,성동구,금융 및 보험업,2023,2584.071507256253,2274.1,201_DT_201012_D040031,서울특별시 경제활동별 지역내총부가가치 및 요소소득,2026-06-19,309.97150725625306,13.630513489127702
서울,서울특별시,성동구,도매 및 소매업,2021,29800.10827517233,39754.2,201_DT_201012_D040031,서울특별시 경제활동별 지역내총부가가치 및 요소소득,2025-10-29,9954.091724827667,25.03909454806704
서울,서울특별시,성동구,운수 및 창고업,2021,3260.664458230147,3904.59,201_DT_201012_D040031,서울특별시 경제활동별 지역내총부가가치 및 요소소득,2025-10-29,643.9255417698532,16.491502098039827
서울,서울특별시,성동구,정보통신업,2023,13643.105129823263,15581.56,201_DT_201012_D040031,서울특별시 경제활동별 지역내총부가가치 및 요소소득,2026-06-19,1938.4548701767362,12.440698300919397
서울,서울특별시,성북구,건설업,2021,4154.271581418616,3760.99,201_DT_201012_D040031,서울특별시 경제활동별 지역내총부가가치 및 요소소득,2025-10-29,393.28158141861604,10.456863257243866
서울,서울특별시,성북구,건설업,2022,3798.272555102003,1906.9,201_DT_201012_D040031,서울특별시 경제활동별 지역내총부가가치 및 요소소득,2025-10-29,1891.372555102003,99.1857231685984
서울,서울특별시,성북구,건설업,2023,1895.871310481033,3500.97,201_DT_201012_D040031,서울특별시 경제활동별 지역내총부가가치 및 요소소득,2026-06-19,1605.0986895189667,45.84725631807661
서울,서울특별시,성북구,"광업, 제조업",2021,2805.228447949021,1876.51,201_DT_201012_D040031,서울특별시 경제활동별 지역내총부가가치 및 요소소득,2025-10-29,928.7184479490209,49.49179316651768
서울,서울특별시,성북구,"광업, 제조업",2023,2013.9419023616729,1714.03,201_DT_201012_D040031,서울특별시 경제활동별 지역내총부가가치 및 요소소득,2026-06-19,299.9119023616729,17.49747101052332
서울,서울특별시,성북구,교육 서비스업,2021,9837.55920608902,10952.38,201_DT_201012_D040031,서울특별시 경제활동별 지역내총부가가치 및 요소소득,2025-10-29,1114.8207939109798,10.178799438213245
서울,서울특별시,송파구,건설업,2022,8575.282060136342,2398.45,201_DT_201012_D040031,서울특별시 경제활동별 지역내총부가가치 및 요소소득,2025-10-29,6176.832060136342,257.53432675837905
서울,서울특별시,송파구,건설업,2023,2384.5783966769277,6006.06,201_DT_201012_D040031,서울특별시 경제활동별 지역내총부가가치 및 요소소득,2026-06-19,3621.4816033230727,60.2971266241608
서울,서울특별시,송파구,"공공 행정, 국방·사회보장",2023,5244.022186390744,4421.31,201_DT_201012_D040031,서울특별시 경제활동별 지역내총부가가치 및 요소소득,2026-06-19,822.7121863907432,18.607882876132713
서울,서울특별시,송파구,"광업, 제조업",2022,13040.265196553219,9244.89,201_DT_201012_D040031,서울특별시 경제활동별 지역내총부가가치 및 요소소득,2025-10-29,3795.375196553219,41.05376263593422
서울,서울특별시,송파구,도매 및 소매업,2023,60016.851651858255,66843.81,201_DT_201012_D040031,서울특별시 경제활동별 지역내총부가가치 및 요소소득,2026-06-19,6826.958348141743,10.213299254099583
서울,서울특별시,송파구,운수 및 창고업,2021,6744.62534549195,8479.94,201_DT_201012_D040031,서울특별시 경제활동별 지역내총부가가치 및 요소소득,2025-10-29,1735.3146545080508,20.46376099958314
서울,서울특별시,송파구,운수 및 창고업,2023,11113.178733246377,9144.12,201_DT_201012_D040031,서울특별시 경제활동별 지역내총부가가치 및 요소소득,2026-06-19,1969.0587332463765,21.533605565613488
서울,서울특별시,양천구,건설업,2021,3907.1162448815708,2897.92,201_DT_201012_D040031,서울특별시 경제활동별 지역내총부가가치 및 요소소득,2025-10-29,1009.1962448815707,34.82484833541197
서울,서울특별시,양천구,건설업,2022,2926.64697403641,4850.01,201_DT_201012_D040031,서울특별시 경제활동별 지역내총부가가치 및 요소소득,2025-10-29,1923.3630259635902,39.65688784071765
서울,서울특별시,양천구,건설업,2023,4821.959627954331,2525.45,201_DT_201012_D040031,서울특별시 경제활동별 지역내총부가가치 및 요소소득,2026-06-19,2296.5096279543313,90.93467017578378
서울,서울특별시,양천구,"광업, 제조업",2022,2389.9182778922395,2122.2000000000003,201_DT_201012_D040031,서울특별시 경제활동별 지역내총부가가치 및 요소소득,2025-10-29,267.71827789223926,12.615129483189108
서울,서울특별시,양천구,운수 및 창고업,2021,3299.667329851882,3727.41,201_DT_201012_D040031,서울특별시 경제활동별 지역내총부가가치 및 요소소득,2025-10-29,427.74267014811767,11.475600219673115
서울,서울특별시,양천구,정보통신업,2023,8719.658609756232,6566.14,201_DT_201012_D040031,서울특별시 경제활동별 지역내총부가가치 및 요소소득,2026-06-19,2153.518609756232,32.797330086721146
서울,서울특별시,영등포구,건설업,2021,12196.400294319801,7375.23,201_DT_201012_D040031,서울특별시 경제활동별 지역내총부가가치 및 요소소득,2025-10-29,4821.1702943198015,65.36976195074325
서울,서울특별시,영등포구,건설업,2022,7448.340382868593,17046.33,201_DT_201012_D040031,서울특별시 경제활동별 지역내총부가가치 및 요소소득,2025-10-29,9597.989617131409,56.305313912915025
서울,서울특별시,영등포구,건설업,2023,16947.741358221276,7680.03,201_DT_201012_D040031,서울특별시 경제활동별 지역내총부가가치 및 요소소득,2026-06-19,9267.711358221277,120.67285359850517
서울,서울특별시,영등포구,"광업, 제조업",2023,10940.121734871025,9551.93,201_DT_201012_D040031,서울특별시 경제활동별 지역내총부가가치 및 요소소득,2026-06-19,1388.191734871025,14.533102052370827
서울,서울특별시,영등포구,운수 및 창고업,2021,7142.004517617547,8010.63,201_DT_201012_D040031,서울특별시 경제활동별 지역내총부가가치 및 요소소득,2025-10-29,868.6254823824529,10.843410348280385
서울,서울특별시,영등포구,운수 및 창고업,2022,9035.504769619185,11183.37,201_DT_201012_D040031,서울특별시 경제활동별 지역내총부가가치 및 요소소득,2025-10-29,2147.865230380816,19.205885438654143
서울,서울특별시,영등포구,운수 및 창고업,2023,13146.275973575346,11424.96,201_DT_201012_D040031,서울특별시 경제활동별 지역내총부가가치 및 요소소득,2026-06-19,1721.315973575347,15.066275711909253
서울,서울특별시,영등포구,정보통신업,2022,37739.13548796744,34150.5,201_DT_201012_D040031,서울특별시 경제활동별 지역내총부가가치 및 요소소득,2025-10-29,3588.63548796744,10.508295597333685
서울,서울특별시,용산구,건설업,2021,6656.241335708889,3636.3,201_DT_201012_D040031,서울특별시 경제활동별 지역내총부가가치 및 요소소득,2025-10-29,3019.941335708889,83.04984010419626
서울,서울특별시,용산구,건설업,2022,3672.346507732649,8808.54,201_DT_201012_D040031,서울특별시 경제활동별 지역내총부가가치 및 요소소득,2025-10-29,5136.193492267352,58.309248663993706
서울,서울특별시,용산구,건설업,2023,8757.595192838953,4294.56,201_DT_201012_D040031,서울특별시 경제활동별 지역내총부가가치 및 요소소득,2026-06-19,4463.035192838953,103.9229907799391
서울,서울특별시,용산구,"공공 행정, 국방·사회보장",2023,16201.1778857561,14285.19,201_DT_201012_D040031,서울특별시 경제활동별 지역내총부가가치 및 요소소득,2026-06-19,1915.9878857560998,13.412407435645587
서울,서울특별시,용산구,"광업, 제조업",2022,2547.810899760513,2851.24,201_DT_201012_D040031,서울특별시 경제활동별 지역내총부가가치 및 요소소득,2025-10-29,303.4291002394866,10.642004890485776
서울,서울특별시,용산구,"광업, 제조업",2023,2893.161747359729,2373.21,201_DT_201012_D040031,서울특별시 경제활동별 지역내총부가가치 및 요소소득,2026-06-19,519.9517473597289,21.909217783496988
서울,서울특별시,용산구,금융 및 보험업,2021,3834.2674970953008,4637.08,201_DT_201012_D040031,서울특별시 경제활동별 지역내총부가가치 및 요소소득,2025-10-29,802.8125029046992,17.312888777090308
서울,서울특별시,용산구,금융 및 보험업,2022,4763.900983254223,6104.23,201_DT_201012_D040031,서울특별시 경제활동별 지역내총부가가치 및 요소소득,2025-10-29,1340.3290167457762,21.957380648268106
서울,서울특별시,용산구,사업서비스업,2021,23527.38672528846,27903.12,201_DT_201012_D040031,서울특별시 경제활동별 지역내총부가가치 및 요소소득,2025-10-29,4375.73327471154,15.681878136608162
서울,서울특별시,용산구,사업서비스업,2023,27403.4051925586,31509.32,201_DT_201012_D040031,서울특별시 경제활동별 지역내총부가가치 및 요소소득,2026-06-19,4105.914807441401,13.030794721820085
서울,서울특별시,용산구,운수 및 창고업,2023,4093.725160882334,3252.98,201_DT_201012_D040031,서울특별시 경제활동별 지역내총부가가치 및 요소소득,2026-06-19,840.745160882334,25.845383644606912
서울,서울특별시,용산구,정보통신업,2021,23375.838389762095,19312.33,201_DT_201012_D040031,서울특별시 경제활동별 지역내총부가가치 및 요소소득,2025-10-29,4063.5083897620934,21.041005356485172
서울,서울특별시,용산구,정보통신업,2022,19762.138669672935,25044.19,201_DT_201012_D040031,서울특별시 경제활동별 지역내총부가가치 및 요소소득,2025-10-29,5282.051330327064,21.090925002274236
서울,서울특별시,은평구,건설업,2022,5440.85559307105,1955.57,201_DT_201012_D040031,서울특별시 경제활동별 지역내총부가가치 및 요소소득,2025-10-29,3485.2855930710502,178.2235150401699
서울,서울특별시,은평구,건설업,2023,1944.2598241320434,3425.5,201_DT_201012_D040031,서울특별시 경제활동별 지역내총부가가치 및 요소소득,2026-06-19,1481.2401758679566,43.24157570772024
서울,서울특별시,은평구,"광업, 제조업",2021,1262.6914018163584,1073.42,201_DT_201012_D040031,서울특별시 경제활동별 지역내총부가가치 및 요소소득,2025-10-29,189.27140181635832,17.632557788783355
서울,서울특별시,은평구,"광업, 제조업",2023,1165.477704928351,1040.8,201_DT_201012_D040031,서울특별시 경제활동별 지역내총부가가치 및 요소소득,2026-06-19,124.67770492835098,11.97902622293918
서울,서울특별시,은평구,금융 및 보험업,2023,1595.1191589484558,1244.47,201_DT_201012_D040031,서울특별시 경제활동별 지역내총부가가치 및 요소소득,2026-06-19,350.6491589484558,28.17658593203981
서울,서울특별시,은평구,사업서비스업,2023,3019.444648983545,2680.71,201_DT_201012_D040031,서울특별시 경제활동별 지역내총부가가치 및 요소소득,2026-06-19,338.73464898354496,12.636004975679763
서울,서울특별시,은평구,정보통신업,2021,2321.814767022479,1891.6,201_DT_201012_D040031,서울특별시 경제활동별 지역내총부가가치 및 요소소득,2025-10-29,430.214767022479,22.743432386470662
서울,서울특별시,은평구,정보통신업,2022,1935.65776410994,5397.1,201_DT_201012_D040031,서울특별시 경제활동별 지역내총부가가치 및 요소소득,2025-10-29,3461.44223589006,64.13522513738971
서울,서울특별시,은평구,정보통신업,2023,5619.979995189233,3568.0,201_DT_201012_D040031,서울특별시 경제활동별 지역내총부가가치 및 요소소득,2026-06-19,2051.979995189233,57.51065008938433
서울,서울특별시,종로구,건설업,2021,3825.0925285527583,3078.9,201_DT_201012_D040031,서울특별시 경제활동별 지역내총부가가치 및 요소소득,2025-10-29,746.1925285527582,24.23568574987035
서울,서울특별시,종로구,건설업,2023,853.1371186343146,3776.25,201_DT_201012_D040031,서울특별시 경제활동별 지역내총부가가치 및 요소소득,2026-06-19,2923.1128813656856,77.40782208184537
서울,서울특별시,종로구,"광업, 제조업",2021,7021.951390299452,6167.11,201_DT_201012_D040031,서울특별시 경제활동별 지역내총부가가치 및 요소소득,2025-10-29,854.8413902994525,13.861296300851656
서울,서울특별시,종로구,"광업, 제조업",2023,6251.666284992873,5463.92,201_DT_201012_D040031,서울특별시 경제활동별 지역내총부가가치 및 요소소득,2026-06-19,787.7462849928734,14.417236800554791
서울,서울특별시,종로구,금융 및 보험업,2022,72217.52042618537,56331.39,201_DT_201012_D040031,서울특별시 경제활동별 지역내총부가가치 및 요소소득,2025-10-29,15886.130426185366,28.201204383888566
서울,서울특별시,종로구,도매 및 소매업,2022,23966.97311164688,31461.66,201_DT_201012_D040031,서울특별시 경제활동별 지역내총부가가치 및 요소소득,2025-10-29,7494.686888353121,23.821651140954167
서울,서울특별시,종로구,문화 및 기타서비스업,2022,7580.164213183729,8734.79,201_DT_201012_D040031,서울특별시 경제활동별 지역내총부가가치 및 요소소득,2025-10-29,1154.625786816272,13.21870115728337
서울,서울특별시,종로구,정보통신업,2021,32769.97720813054,26402.17,201_DT_201012_D040031,서울특별시 경제활동별 지역내총부가가치 및 요소소득,2025-10-29,6367.807208130544,24.11849938141654
서울,서울특별시,종로구,정보통신업,2022,27017.110039041305,33474.06,201_DT_201012_D040031,서울특별시 경제활동별 지역내총부가가치 및 요소소득,2025-10-29,6456.949960958693,19.289413835545176
서울,서울특별시,종로구,정보통신업,2023,34856.41317703286,30086.85,201_DT_201012_D040031,서울특별시 경제활동별 지역내총부가가치 및 요소소득,2026-06-19,4769.563177032862,15.852650500244666
서울,서울특별시,중구,건설업,2022,5161.523766606299,1209.14,201_DT_201012_D040031,서울특별시 경제활동별 지역내총부가가치 및 요소소득,2025-10-29,3952.383766606299,326.87561131103917
서울,서울특별시,중구,건설업,2023,1202.1468542425068,5955.82,201_DT_201012_D040031,서울특별시 경제활동별 지역내총부가가치 및 요소소득,2026-06-19,4753.673145757493,79.81559459079511
서울,서울특별시,중구,"광업, 제조업",2023,13771.812775220802,11752.27,201_DT_201012_D040031,서울특별시 경제활동별 지역내총부가가치 및 요소소득,2026-06-19,2019.5427752208016,17.18427823068055
서울,서울특별시,중구,사업서비스업,2023,64621.65629300177,80121.92,201_DT_201012_D040031,서울특별시 경제활동별 지역내총부가가치 및 요소소득,2026-06-19,15500.26370699823,19.345846563584885
서울,서울특별시,중구,숙박 및 음식점업,2022,9542.871639738638,12012.4,201_DT_201012_D040031,서울특별시 경제활동별 지역내총부가가치 및 요소소득,2025-10-29,2469.5283602613617,20.558159570621708
서울,서울특별시,중구,숙박 및 음식점업,2023,11843.285888394741,14891.98,201_DT_201012_D040031,서울특별시 경제활동별 지역내총부가가치 및 요소소득,2026-06-19,3048.6941116052585,20.47205349191483
서울,서울특별시,중구,운수 및 창고업,2022,19114.19552351551,17033.33,201_DT_201012_D040031,서울특별시 경제활동별 지역내총부가가치 및 요소소득,2025-10-29,2080.8655235155093,12.216434035596734
서울,서울특별시,중랑구,건설업,2022,4436.527448653678,2246.75,201_DT_201012_D040031,서울특별시 경제활동별 지역내총부가가치 및 요소소득,2025-10-29,2189.777448653678,97.46422381901316
서울,서울특별시,중랑구,건설업,2023,2233.7557642368556,3495.23,201_DT_201012_D040031,서울특별시 경제활동별 지역내총부가가치 및 요소소득,2026-06-19,1261.4742357631444,36.09130831914193
서울,서울특별시,중랑구,"광업, 제조업",2023,4388.164247624521,3956.89,201_DT_201012_D040031,서울특별시 경제활동별 지역내총부가가치 및 요소소득,2026-06-19,431.27424762452074,10.899323651264522
서울,서울특별시,중랑구,금융 및 보험업,2022,929.1655451889158,1032.96,201_DT_201012_D040031,서울특별시 경제활동별 지역내총부가가치 및 요소소득,2025-10-29,103.79445481108428,10.048254996426218
서울,서울특별시,중랑구,부동산업,2021,9048.28450476351,8167.84,201_DT_201012_D040031,서울특별시 경제활동별 지역내총부가가치 및 요소소득,2025-10-29,880.444504763509,10.779404405124355
서울,서울특별시,중랑구,사업서비스업,2021,2848.556035602792,3386.44,201_DT_201012_D040031,서울특별시 경제활동별 지역내총부가가치 및 요소소득,2025-10-29,537.8839643972083,15.883463590000362
서울,서울특별시,중랑구,사업서비스업,2023,3823.5542013426834,3268.61,201_DT_201012_D040031,서울특별시 경제활동별 지역내총부가가치 및 요소소득,2026-06-19,554.9442013426833,16.97798762601483
서울,서울특별시,중랑구,정보통신업,2023,1006.8397578604104,1336.73,201_DT_201012_D040031,서울특별시 경제활동별 지역내총부가가치 및 요소소득,2026-06-19,329.89024213958965,24.678898666117288
세종,세종특별자치시,세종시,보건 및 사회복지업,2021,3908.3217565766577,4645.35,pseudo_sejong_one_tier_from_quarterly_grdp,세종 단층 시군구 annual GVA benchmark from official quarterly GRDP/GVA,quarterly_grdp_xlsx_derived,737.0282434233427,15.865935686726354
세종,세종특별자치시,세종시,사업서비스업,2021,6008.161876119651,7326.74,pseudo_sejong_one_tier_from_quarterly_grdp,세종 단층 시군구 annual GVA benchmark from official quarterly GRDP/GVA,quarterly_grdp_xlsx_derived,1318.5781238803484,17.996791531845655
울산,울산광역시,남구,건설업,2021,6576.957657007981,13150.5,207_DT_GRDP_2020_02,울산광역시 경제활동별 지역내총부가가치 및 요소소득,2025-07-31,6573.542342992019,49.987014508893346
울산,울산광역시,남구,교육 서비스업,2021,8144.261363039741,5814.55,207_DT_GRDP_2020_02,울산광역시 경제활동별 지역내총부가가치 및 요소소득,2025-07-31,2329.7113630397407,40.06692457782186
울산,울산광역시,남구,교육 서비스업,2022,6047.596037570294,4337.64,207_DT_GRDP_2020_02,울산광역시 경제활동별 지역내총부가가치 및 요소소득,2025-07-31,1709.956037570294,39.421345191631715
울산,울산광역시,남구,사업서비스업,2021,8541.10607003726,9571.85,207_DT_GRDP_2020_02,울산광역시 경제활동별 지역내총부가가치 및 요소소득,2025-07-31,1030.7439299627404,10.768492297337927
울산,울산광역시,남구,운수 및 창고업,2022,10562.012763998131,9100.75,207_DT_GRDP_2020_02,울산광역시 경제활동별 지역내총부가가치 및 요소소득,2025-07-31,1461.262763998131,16.056509232735007
울산,울산광역시,남구,정보통신업,2022,4911.317143465098,3204.48,207_DT_GRDP_2020_02,울산광역시 경제활동별 지역내총부가가치 및 요소소득,2025-07-31,1706.8371434650976,53.26409100587607
울산,울산광역시,동구,건설업,2021,1338.1141312122718,1060.16,207_DT_GRDP_2020_02,울산광역시 경제활동별 지역내총부가가치 및 요소소득,2025-07-31,277.9541312122717,26.218130396569546
울산,울산광역시,동구,건설업,2022,1070.6693269636294,2137.88,207_DT_GRDP_2020_02,울산광역시 경제활동별 지역내총부가가치 및 요소소득,2025-07-31,1067.2106730363707,49.91911019497683
울산,울산광역시,동구,교육 서비스업,2021,3792.9492976371334,2431.65,207_DT_GRDP_2020_02,울산광역시 경제활동별 지역내총부가가치 및 요소소득,2025-07-31,1361.2992976371333,55.98253439586838
울산,울산광역시,동구,교육 서비스업,2022,2529.1100609260916,2852.51,207_DT_GRDP_2020_02,울산광역시 경제활동별 지역내총부가가치 및 요소소득,2025-07-31,323.3999390739086,11.337381431578104
울산,울산광역시,동구,금융 및 보험업,2021,1529.0077465217676,1375.27,207_DT_GRDP_2020_02,울산광역시 경제활동별 지역내총부가가치 및 요소소득,2025-07-31,153.73774652176758,11.178731923314517
울산,울산광역시,동구,도매 및 소매업,2021,1366.2316510396727,1190.93,207_DT_GRDP_2020_02,울산광역시 경제활동별 지역내총부가가치 및 요소소득,2025-07-31,175.3016510396726,14.719727527199131
울산,울산광역시,동구,사업서비스업,2021,2732.568785162082,1951.66,207_DT_GRDP_2020_02,울산광역시 경제활동별 지역내총부가가치 및 요소소득,2025-07-31,780.9087851620818,40.01254240810806
울산,울산광역시,동구,사업서비스업,2022,2002.4578607992244,1719.55,207_DT_GRDP_2020_02,울산광역시 경제활동별 지역내총부가가치 및 요소소득,2025-07-31,282.9078607992244,16.452435858173615
울산,울산광역시,동구,숙박 및 음식점업,2021,1328.4609226106359,1130.6,207_DT_GRDP_2020_02,울산광역시 경제활동별 지역내총부가가치 및 요소소득,2025-07-31,197.86092261063595,17.50052384668636
울산,울산광역시,북구,건설업,2021,5914.036107313246,3090.74,207_DT_GRDP_2020_02,울산광역시 경제활동별 지역내총부가가치 및 요소소득,2025-07-31,2823.2961073132465,91.3469300980751
울산,울산광역시,북구,건설업,2022,3121.3783915819945,4027.93,207_DT_GRDP_2020_02,울산광역시 경제활동별 지역내총부가가치 및 요소소득,2025-07-31,906.5516084180053,22.50663761331516
울산,울산광역시,북구,교육 서비스업,2022,2627.3664002247933,2982.7,207_DT_GRDP_2020_02,울산광역시 경제활동별 지역내총부가가치 및 요소소득,2025-07-31,355.3335997752065,11.913152505287375
울산,울산광역시,북구,숙박 및 음식점업,2022,2176.6893993296226,1860.24,207_DT_GRDP_2020_02,울산광역시 경제활동별 지역내총부가가치 및 요소소득,2025-07-31,316.44939932962257,17.011213570809282
울산,울산광역시,북구,운수 및 창고업,2021,1922.3160632440752,3160.27,207_DT_GRDP_2020_02,울산광역시 경제활동별 지역내총부가가치 및 요소소득,2025-07-31,1237.9539367559248,39.17241048251968
울산,울산광역시,울주군,건설업,2021,9651.437575522647,4689.23,207_DT_GRDP_2020_02,울산광역시 경제활동별 지역내총부가가치 및 요소소득,2025-07-31,4962.207575522647,105.82137313637094
울산,울산광역시,울주군,교육 서비스업,2021,2768.9440875721957,5915.15,207_DT_GRDP_2020_02,울산광역시 경제활동별 지역내총부가가치 및 요소소득,2025-07-31,3146.205912427804,53.18894554538438
울산,울산광역시,울주군,교육 서비스업,2022,6152.228066081455,7081.33,207_DT_GRDP_2020_02,울산광역시 경제활동별 지역내총부가가치 및 요소소득,2025-07-31,929.101933918545,13.120443954999203
울산,울산광역시,울주군,금융 및 보험업,2022,1451.0795465675442,1009.25,207_DT_GRDP_2020_02,울산광역시 경제활동별 지역내총부가가치 및 요소소득,2025-07-31,441.8295465675442,43.77800808199596
울산,울산광역시,울주군,문화 및 기타서비스업,2022,3427.5610644842277,3023.23,207_DT_GRDP_2020_02,울산광역시 경제활동별 지역내총부가가치 및 요소소득,2025-07-31,404.3310644842277,13.374141712149843
울산,울산광역시,울주군,부동산업,2021,6458.887181489537,5679.19,207_DT_GRDP_2020_02,울산광역시 경제활동별 지역내총부가가치 및 요소소득,2025-07-31,779.6971814895378,13.729020890118798
울산,울산광역시,울주군,운수 및 창고업,2021,6939.684050242607,6141.16,207_DT_GRDP_2020_02,울산광역시 경제활동별 지역내총부가가치 및 요소소득,2025-07-31,798.5240502426068,13.002821132206405
울산,울산광역시,울주군,정보통신업,2022,691.8472268527862,1152.53,207_DT_GRDP_2020_02,울산광역시 경제활동별 지역내총부가가치 및 요소소득,2025-07-31,460.68277314721377,39.971434422289555
울산,울산광역시,중구,건설업,2021,2081.2064221493224,1512.89,207_DT_GRDP_2020_02,울산광역시 경제활동별 지역내총부가가치 및 요소소득,2025-07-31,568.3164221493223,37.56495331116752
울산,울산광역시,중구,건설업,2022,1527.8872227494012,3281.25,207_DT_GRDP_2020_02,울산광역시 경제활동별 지역내총부가가치 및 요소소득,2025-07-31,1753.3627772505988,53.43581797335158
울산,울산광역시,중구,부동산업,2021,3407.177732502878,2976.19,207_DT_GRDP_2020_02,울산광역시 경제활동별 지역내총부가가치 및 요소소득,2025-07-31,430.98773250287786,14.481190129087116
울산,울산광역시,중구,정보통신업,2021,1437.7606252002874,1284.15,207_DT_GRDP_2020_02,울산광역시 경제활동별 지역내총부가가치 및 요소소득,2025-07-31,153.61062520028736,11.962046894855535
울산,울산광역시,중구,정보통신업,2022,1314.059482862011,2629.16,207_DT_GRDP_2020_02,울산광역시 경제활동별 지역내총부가가치 및 요소소득,2025-07-31,1315.1005171379888,50.01979784942677
인천,인천광역시,강화군,건설업,2021,1021.4032351784192,1407.28,204_DT_2020Y23GRDP2,인천광역시 경제활동별 지역내총부가가치 및 요소소득,2025-03-25,385.87676482158076,27.420041841110564
인천,인천광역시,강화군,건설업,2022,1421.230314716058,1885.4,204_DT_2020Y23GRDP2,인천광역시 경제활동별 지역내총부가가치 및 요소소득,2025-06-17,464.16968528394204,24.619162261798134
인천,인천광역시,강화군,건설업,2023,1874.4956572347473,1288.26,204_DT_2020Y23GRDP2,인천광역시 경제활동별 지역내총부가가치 및 요소소득,2026-06-01,586.2356572347474,45.50600478434069
인천,인천광역시,강화군,교육 서비스업,2021,901.5983905593224,1094.05,204_DT_2020Y23GRDP2,인천광역시 경제활동별 지역내총부가가치 및 요소소득,2025-03-25,192.45160944067754,17.590750828634665
인천,인천광역시,강화군,금융 및 보험업,2021,5547.167384465527,1148.86,204_DT_2020Y23GRDP2,인천광역시 경제활동별 지역내총부가가치 및 요소소득,2025-03-25,4398.307384465527,382.8410236639388
인천,인천광역시,강화군,부동산업,2022,2081.9376750482297,1880.21,204_DT_2020Y23GRDP2,인천광역시 경제활동별 지역내총부가가치 및 요소소득,2025-06-17,201.72767504822968,10.728997029492964
인천,인천광역시,계양구,건설업,2022,3237.3264988758883,2412.94,204_DT_2020Y23GRDP2,인천광역시 경제활동별 지역내총부가가치 및 요소소득,2025-06-17,824.3864988758883,34.16522992183346
인천,인천광역시,계양구,"광업, 제조업",2021,7786.847201314825,8921.109999999999,204_DT_2020Y23GRDP2,인천광역시 경제활동별 지역내총부가가치 및 요소소득,2025-03-25,1134.262798685174,12.714368488732614
인천,인천광역시,계양구,금융 및 보험업,2022,2529.00527324464,2117.02,204_DT_2020Y23GRDP2,인천광역시 경제활동별 지역내총부가가치 및 요소소득,2025-06-17,411.9852732446402,19.46062263203183
인천,인천광역시,계양구,도매 및 소매업,2022,5866.945690041878,5001.7,204_DT_2020Y23GRDP2,인천광역시 경제활동별 지역내총부가가치 및 요소소득,2025-06-17,865.2456900418783,17.299032129913396
인천,인천광역시,계양구,도매 및 소매업,2023,4837.815181975098,5850.45,204_DT_2020Y23GRDP2,인천광역시 경제활동별 지역내총부가가치 및 요소소득,2026-06-15,1012.6348180249015,17.308665453510443
인천,인천광역시,계양구,문화 및 기타서비스업,2021,2663.5931379641174,2113.16,204_DT_2020Y23GRDP2,인천광역시 경제활동별 지역내총부가가치 및 요소소득,2025-03-25,550.4331379641176,26.0478684985575
인천,인천광역시,계양구,사업서비스업,2021,2881.9805583458233,2538.7,204_DT_2020Y23GRDP2,인천광역시 경제활동별 지역내총부가가치 및 요소소득,2025-06-17,343.28055834582347,13.521903271194843
인천,인천광역시,계양구,숙박 및 음식점업,2023,1664.0978088963027,1312.09,204_DT_2020Y23GRDP2,인천광역시 경제활동별 지역내총부가가치 및 요소소득,2026-06-15,352.0078088963028,26.828023145996294
인천,인천광역시,계양구,운수 및 창고업,2021,3074.087048758237,2249.36,204_DT_2020Y23GRDP2,인천광역시 경제활동별 지역내총부가가치 및 요소소득,2025-06-17,824.7270487582368,36.66496464586535
인천,인천광역시,계양구,운수 및 창고업,2022,2537.1416491075747,2958.04,204_DT_2020Y23GRDP2,인천광역시 경제활동별 지역내총부가가치 및 요소소득,2025-06-17,420.89835089242524,14.228960760923625
인천,인천광역시,계양구,정보통신업,2021,1348.3014670012376,1181.46,204_DT_2020Y23GRDP2,인천광역시 경제활동별 지역내총부가가치 및 요소소득,2025-03-25,166.84146700123756,14.121634841741368
인천,인천광역시,남동구,금융 및 보험업,2021,7391.928163729414,8477.7,204_DT_2020Y23GRDP2,인천광역시 경제활동별 지역내총부가가치 및 요소소득,2025-03-25,1085.7718362705864,12.80738686519441
인천,인천광역시,남동구,금융 및 보험업,2022,8709.559327364277,10599.6,204_DT_2020Y23GRDP2,인천광역시 경제활동별 지역내총부가가치 및 요소소득,2025-06-17,1890.0406726357232,17.83124526053552
인천,인천광역시,남동구,도매 및 소매업,2022,11784.593072723888,9543.99,204_DT_2020Y23GRDP2,인천광역시 경제활동별 지역내총부가가치 및 요소소득,2025-06-17,2240.6030727238885,23.476586550529586
인천,인천광역시,남동구,도매 및 소매업,2023,9231.273310798033,10491.11,204_DT_2020Y23GRDP2,인천광역시 경제활동별 지역내총부가가치 및 요소소득,2026-06-15,1259.8366892019676,12.008611950517796
인천,인천광역시,남동구,문화 및 기타서비스업,2021,6638.523833513206,5609.56,204_DT_2020Y23GRDP2,인천광역시 경제활동별 지역내총부가가치 및 요소소득,2025-03-25,1028.9638335132058,18.343039980198192
인천,인천광역시,남동구,문화 및 기타서비스업,2022,5931.23588918309,5346.21,204_DT_2020Y23GRDP2,인천광역시 경제활동별 지역내총부가가치 및 요소소득,2025-06-17,585.0258891830899,10.942815362342479
인천,인천광역시,남동구,숙박 및 음식점업,2022,4777.581541467158,3781.89,204_DT_2020Y23GRDP2,인천광역시 경제활동별 지역내총부가가치 및 요소소득,2025-06-17,995.691541467158,26.327882129494988
인천,인천광역시,남동구,운수 및 창고업,2023,3415.3677895290543,3807.33,204_DT_2020Y23GRDP2,인천광역시 경제활동별 지역내총부가가치 및 요소소득,2026-06-15,391.9622104709456,10.29493662148922
인천,인천광역시,남동구,정보통신업,2023,2434.4881565938585,4713.1,204_DT_2020Y23GRDP2,인천광역시 경제활동별 지역내총부가가치 및 요소소득,2026-06-15,2278.611843406142,48.34635045736652
인천,인천광역시,동구,건설업,2021,2161.603857152221,1383.35,204_DT_2020Y23GRDP2,인천광역시 경제활동별 지역내총부가가치 및 요소소득,2025-03-25,778.2538571522209,56.25863715995381
인천,인천광역시,동구,"광업, 제조업",2022,22441.912538609617,20386.54,204_DT_2020Y23GRDP2,인천광역시 경제활동별 지역내총부가가치 및 요소소득,2025-06-17,2055.3725386096157,10.082007729656997
인천,인천광역시,동구,도매 및 소매업,2022,3328.3883393612577,2447.76,204_DT_2020Y23GRDP2,인천광역시 경제활동별 지역내총부가가치 및 요소소득,2025-06-17,880.6283393612575,35.97690702361577
인천,인천광역시,동구,도매 및 소매업,2023,2367.5571285425694,2683.69,204_DT_2020Y23GRDP2,인천광역시 경제활동별 지역내총부가가치 및 요소소득,2026-06-01,316.1328714574306,11.779783486819664
인천,인천광역시,동구,사업서비스업,2021,787.6001660246752,1022.42,204_DT_2020Y23GRDP2,인천광역시 경제활동별 지역내총부가가치 및 요소소득,2025-06-17,234.81983397532474,22.967061870398148
인천,인천광역시,동구,운수 및 창고업,2023,3060.7721580307675,2764.04,204_DT_2020Y23GRDP2,인천광역시 경제활동별 지역내총부가가치 및 요소소득,2026-06-01,296.73215803076755,10.735450935253018
인천,인천광역시,미추홀구,건설업,2022,6757.8325926059515,7622.63,204_DT_2020Y23GRDP2,인천광역시 경제활동별 지역내총부가가치 및 요소소득,2025-06-17,864.7974073940486,11.345131632967211
인천,인천광역시,미추홀구,"광업, 제조업",2022,9616.158439124973,8569.84,204_DT_2020Y23GRDP2,인천광역시 경제활동별 지역내총부가가치 및 요소소득,2025-06-17,1046.3184391249724,12.209311248809456
인천,인천광역시,미추홀구,금융 및 보험업,2021,4658.04578763594,5846.67,204_DT_2020Y23GRDP2,인천광역시 경제활동별 지역내총부가가치 및 요소소득,2025-03-25,1188.6242123640604,20.329935029068864
인천,인천광역시,미추홀구,도매 및 소매업,2022,7467.371415176242,5567.26,204_DT_2020Y23GRDP2,인천광역시 경제활동별 지역내총부가가치 및 요소소득,2025-06-17,1900.1114151762422,34.130100178117104
인천,인천광역시,미추홀구,사업서비스업,2022,5257.408655733918,4495.59,204_DT_2020Y23GRDP2,인천광역시 경제활동별 지역내총부가가치 및 요소소득,2025-06-17,761.8186557339177,16.945910452997666
인천,인천광역시,미추홀구,숙박 및 음식점업,2023,3024.1472232068395,2135.36,204_DT_2020Y23GRDP2,인천광역시 경제활동별 지역내총부가가치 및 요소소득,2026-06-15,888.7872232068394,41.62235984596692
인천,인천광역시,미추홀구,운수 및 창고업,2022,3441.7490052374405,3022.49,204_DT_2020Y23GRDP2,인천광역시 경제활동별 지역내총부가가치 및 요소소득,2025-06-17,419.25900523744076,13.871311575470582
인천,인천광역시,미추홀구,정보통신업,2021,1819.5192106767104,1521.1,204_DT_2020Y23GRDP2,인천광역시 경제활동별 지역내총부가가치 및 요소소득,2025-03-25,298.41921067671046,19.618645103984647
인천,인천광역시,미추홀구,정보통신업,2022,1556.5283490101658,1105.72,204_DT_2020Y23GRDP2,인천광역시 경제활동별 지역내총부가가치 및 요소소득,2025-06-17,450.8083490101658,40.77057021761077
인천,인천광역시,부평구,건설업,2021,6335.12469571938,8598.07,204_DT_2020Y23GRDP2,인천광역시 경제활동별 지역내총부가가치 및 요소소득,2025-03-25,2262.94530428062,26.3192240151641
인천,인천광역시,부평구,건설업,2022,8683.302350669872,7511.84,204_DT_2020Y23GRDP2,인천광역시 경제활동별 지역내총부가가치 및 요소소득,2025-06-17,1171.4623506698717,15.594878893451828
인천,인천광역시,부평구,건설업,2023,7468.394747980409,5826.81,204_DT_2020Y23GRDP2,인천광역시 경제활동별 지역내총부가가치 및 요소소득,2026-06-15,1641.5847479804088,28.17295823924941
인천,인천광역시,부평구,"광업, 제조업",2021,32880.638709444975,28821.33,204_DT_2020Y23GRDP2,인천광역시 경제활동별 지역내총부가가치 및 요소소득,2025-03-25,4059.308709444973,14.08439065596547
인천,인천광역시,부평구,금융 및 보험업,2021,10138.919767093403,6968.13,204_DT_2020Y23GRDP2,인천광역시 경제활동별 지역내총부가가치 및 요소소득,2025-03-25,3170.7897670934026,45.50417066118747
인천,인천광역시,부평구,도매 및 소매업,2022,9806.335555860314,8684.71,204_DT_2020Y23GRDP2,인천광역시 경제활동별 지역내총부가가치 및 요소소득,2025-06-17,1121.6255558603152,12.914945413955278
인천,인천광역시,부평구,도매 및 소매업,2023,8400.148327378882,10063.48,204_DT_2020Y23GRDP2,인천광역시 경제활동별 지역내총부가가치 및 요소소득,2026-06-15,1663.3316726211178,16.528394478064428
인천,인천광역시,부평구,숙박 및 음식점업,2022,3093.7221094546567,2564.76,204_DT_2020Y23GRDP2,인천광역시 경제활동별 지역내총부가가치 및 요소소득,2025-06-17,528.9621094546565,20.624234215078854
인천,인천광역시,부평구,정보통신업,2022,3324.9700868813634,4392.18,204_DT_2020Y23GRDP2,인천광역시 경제활동별 지역내총부가가치 및 요소소득,2025-06-17,1067.209913118637,24.29795484517112
인천,인천광역시,부평구,정보통신업,2023,4573.5605668359385,3087.6,204_DT_2020Y23GRDP2,인천광역시 경제활동별 지역내총부가가치 및 요소소득,2026-06-15,1485.9605668359386,48.12671870825038
인천,인천광역시,서구,건설업,2021,18758.829838149617,25588.99,204_DT_2020Y23GRDP2,인천광역시 경제활동별 지역내총부가가치 및 요소소득,2025-03-25,6830.160161850385,26.69179268838037
인천,인천광역시,서구,건설업,2023,26963.427963822196,20756.26,204_DT_2020Y23GRDP2,인천광역시 경제활동별 지역내총부가가치 및 요소소득,2026-06-15,6207.167963822198,29.905040521857973
인천,인천광역시,서구,교육 서비스업,2021,6560.620505769644,7919.3,204_DT_2020Y23GRDP2,인천광역시 경제활동별 지역내총부가가치 및 요소소득,2025-03-25,1358.6794942303559,17.156560481738993
인천,인천광역시,서구,금융 및 보험업,2021,2957.3477298831403,4513.16,204_DT_2020Y23GRDP2,인천광역시 경제활동별 지역내총부가가치 및 요소소득,2025-03-25,1555.8122701168595,34.47279223685532
인천,인천광역시,서구,도매 및 소매업,2023,14191.714441704655,16456.58,204_DT_2020Y23GRDP2,인천광역시 경제활동별 지역내총부가가치 및 요소소득,2026-06-15,2264.865558295347,13.762674615839662
인천,인천광역시,서구,문화 및 기타서비스업,2021,7949.643521301353,6936.21,204_DT_2020Y23GRDP2,인천광역시 경제활동별 지역내총부가가치 및 요소소득,2025-03-25,1013.4335213013528,14.610767570493868
인천,인천광역시,서구,숙박 및 음식점업,2021,3663.7208636026708,3303.98,204_DT_2020Y23GRDP2,인천광역시 경제활동별 지역내총부가가치 및 요소소득,2025-03-25,359.74086360267074,10.888106574575836
인천,인천광역시,서구,정보통신업,2021,3722.4216435548033,4252.54,204_DT_2020Y23GRDP2,인천광역시 경제활동별 지역내총부가가치 및 요소소득,2025-03-25,530.1183564451967,12.465922870688969
인천,인천광역시,연수구,건설업,2021,12542.068854205378,11262.38,204_DT_2020Y23GRDP2,인천광역시 경제활동별 지역내총부가가치 및 요소소득,2025-03-25,1279.6888542053784,11.362508228326327
인천,인천광역시,연수구,건설업,2022,11374.023557395712,14357.1,204_DT_2020Y23GRDP2,인천광역시 경제활동별 지역내총부가가치 및 요소소득,2025-06-17,2983.076442604288,20.777708886922063
인천,인천광역시,연수구,"광업, 제조업",2022,38377.3810809877,48501.41,204_DT_2020Y23GRDP2,인천광역시 경제활동별 지역내총부가가치 및 요소소득,2025-06-17,10124.0289190123,20.873679587897133
인천,인천광역시,연수구,교육 서비스업,2021,10373.325733883878,8232.18,204_DT_2020Y23GRDP2,인천광역시 경제활동별 지역내총부가가치 및 요소소득,2025-03-25,2141.1457338838773,26.009462060886392
인천,인천광역시,연수구,금융 및 보험업,2021,2336.0151933800125,4241.89,204_DT_2020Y23GRDP2,인천광역시 경제활동별 지역내총부가가치 및 요소소득,2025-03-25,1905.8748066199878,44.929849822130876
인천,인천광역시,연수구,금융 및 보험업,2022,4357.902805613933,4862.38,204_DT_2020Y23GRDP2,인천광역시 경제활동별 지역내총부가가치 및 요소소득,2025-06-17,504.4771943860669,10.37510837051129
인천,인천광역시,연수구,도매 및 소매업,2021,14300.955001700226,16727.5,204_DT_2020Y23GRDP2,인천광역시 경제활동별 지역내총부가가치 및 요소소득,2025-03-25,2426.5449982997743,14.506321914809591
인천,인천광역시,연수구,도매 및 소매업,2022,17340.269140008608,23602.61,204_DT_2020Y23GRDP2,인천광역시 경제활동별 지역내총부가가치 및 요소소득,2025-06-17,6262.340859991393,26.532408322602425
인천,인천광역시,연수구,도매 및 소매업,2023,22829.251053089407,18906.92,204_DT_2020Y23GRDP2,인천광역시 경제활동별 지역내총부가가치 및 요소소득,2026-06-15,3922.3310530894087,20.745478655906986
인천,인천광역시,연수구,문화 및 기타서비스업,2022,3492.3868391199953,4024.15,204_DT_2020Y23GRDP2,인천광역시 경제활동별 지역내총부가가치 및 요소소득,2025-06-17,531.7631608800048,13.21429769963855
인천,인천광역시,연수구,사업서비스업,2021,9438.904768733077,11373.71,204_DT_2020Y23GRDP2,인천광역시 경제활동별 지역내총부가가치 및 요소소득,2025-06-17,1934.8052312669224,17.01120594130607
인천,인천광역시,연수구,숙박 및 음식점업,2022,3164.477574591265,4145.93,204_DT_2020Y23GRDP2,인천광역시 경제활동별 지역내총부가가치 및 요소소득,2025-06-17,981.4524254087355,23.672672365638963
인천,인천광역시,연수구,운수 및 창고업,2022,3907.9601754483597,4453.83,204_DT_2020Y23GRDP2,인천광역시 경제활동별 지역내총부가가치 및 요소소득,2025-06-17,545.8698245516402,12.256189045195713
인천,인천광역시,연수구,정보통신업,2022,3933.101855031552,2629.37,204_DT_2020Y23GRDP2,인천광역시 경제활동별 지역내총부가가치 및 요소소득,2025-06-17,1303.7318550315522,49.58343082303184
인천,인천광역시,옹진군,건설업,2022,642.6480149411748,1006.49,204_DT_2020Y23GRDP2,인천광역시 경제활동별 지역내총부가가치 및 요소소득,2025-06-17,363.84198505882523,36.14958768182746
인천,인천광역시,중구,건설업,2021,9260.94278854461,11841.66,204_DT_2020Y23GRDP2,인천광역시 경제활동별 지역내총부가가치 및 요소소득,2025-03-25,2580.7172114553905,21.79354255615674
인천,인천광역시,중구,"광업, 제조업",2022,21258.89571914316,25128.93,204_DT_2020Y23GRDP2,인천광역시 경제활동별 지역내총부가가치 및 요소소득,2025-06-17,3870.034280856842,15.400712568568744
인천,인천광역시,중구,교육 서비스업,2021,2022.4476346882595,3221.45,204_DT_2020Y23GRDP2,인천광역시 경제활동별 지역내총부가가치 및 요소소득,2025-03-25,1199.0023653117403,37.2193380406879
인천,인천광역시,중구,금융 및 보험업,2021,1187.6554246960197,2215.61,204_DT_2020Y23GRDP2,인천광역시 경제활동별 지역내총부가가치 및 요소소득,2025-03-25,1027.9545753039804,46.396007208126896
인천,인천광역시,중구,도매 및 소매업,2022,5894.499380296932,8288.57,204_DT_2020Y23GRDP2,인천광역시 경제활동별 지역내총부가가치 및 요소소득,2025-06-17,2394.0706197030677,28.884000734783775
인천,인천광역시,중구,도매 및 소매업,2023,8016.988180591266,9312.36,204_DT_2020Y23GRDP2,인천광역시 경제활동별 지역내총부가가치 및 요소소득,2026-06-01,1295.3718194087342,13.910242080511642
인천,인천광역시,중구,문화 및 기타서비스업,2022,3065.674428913558,3512.53,204_DT_2020Y23GRDP2,인천광역시 경제활동별 지역내총부가가치 및 요소소득,2025-06-17,446.85557108644207,12.72175813691106
인천,인천광역시,중구,부동산업,2022,6822.179950679972,7857.04,204_DT_2020Y23GRDP2,인천광역시 경제활동별 지역내총부가가치 및 요소소득,2025-06-17,1034.8600493200283,13.17111850416987
인천,인천광역시,중구,사업서비스업,2021,6529.987917718696,7910.67,204_DT_2020Y23GRDP2,인천광역시 경제활동별 지역내총부가가치 및 요소소득,2025-06-17,1380.6820822813042,17.45341522628683
인천,인천광역시,중구,숙박 및 음식점업,2021,1904.9045331600596,2297.81,204_DT_2020Y23GRDP2,인천광역시 경제활동별 지역내총부가가치 및 요소소득,2025-03-25,392.90546683994035,17.09912772770335
인천,인천광역시,중구,숙박 및 음식점업,2022,2615.129730505864,4355.81,204_DT_2020Y23GRDP2,인천광역시 경제활동별 지역내총부가가치 및 요소소득,2025-06-17,1740.6802694941366,39.96226349391127
인천,인천광역시,중구,숙박 및 음식점업,2023,4294.487621585087,4824.2,204_DT_2020Y23GRDP2,인천광역시 경제활동별 지역내총부가가치 및 요소소득,2026-06-01,529.7123784149126,10.980315459867182
인천,인천광역시,중구,운수 및 창고업,2021,60243.172524634494,49815.23,204_DT_2020Y23GRDP2,인천광역시 경제활동별 지역내총부가가치 및 요소소득,2025-06-17,10427.94252463449,20.933241750835016
인천,인천광역시,중구,운수 및 창고업,2022,56188.55798665981,75151.02,204_DT_2020Y23GRDP2,인천광역시 경제활동별 지역내총부가가치 및 요소소득,2025-06-17,18962.46201334019,25.23247457365208
인천,인천광역시,중구,운수 및 창고업,2023,88341.53288460278,116593.25,204_DT_2020Y23GRDP2,인천광역시 경제활동별 지역내총부가가치 및 요소소득,2026-06-01,28251.717115397216,24.23100575324662
인천,인천광역시,중구,정보통신업,2021,1099.2317243894947,1481.33,204_DT_2020Y23GRDP2,인천광역시 경제활동별 지역내총부가가치 및 요소소득,2025-03-25,382.0982756105052,25.7942710679258
인천,인천광역시,중구,정보통신업,2022,1515.8320552489836,3554.8,204_DT_2020Y23GRDP2,인천광역시 경제활동별 지역내총부가가치 및 요소소득,2025-06-17,2038.9679447510166,57.35816205555915
전남,전라남도,고흥군,건설업,2022,1677.3644404183256,1447.64,215_DT_2020Y36GRDP2,전라남도 경제활동별 지역내총부가가치 및 요소소득,2025-05-20,229.72444041832546,15.868892847553633
전남,전라남도,고흥군,건설업,2023,1439.2674728117693,1129.01,215_DT_2020Y36GRDP2,전라남도 경제활동별 지역내총부가가치 및 요소소득,2026-06-24,310.2574728117693,27.48048935011818
전남,전라남도,고흥군,금융 및 보험업,2021,1124.0094857816744,1003.23,215_DT_2020Y36GRDP2,전라남도 경제활동별 지역내총부가가치 및 요소소득,2025-05-20,120.77948578167434,12.039062406594136
전남,전라남도,곡성군,"광업, 제조업",2022,4002.4693978200185,3519.27,215_DT_2020Y36GRDP2,전라남도 경제활동별 지역내총부가가치 및 요소소득,2025-05-20,483.1993978200185,13.73010305603203
전남,전라남도,광양시,건설업,2021,6821.491230922643,8567.81,215_DT_2020Y36GRDP2,전라남도 경제활동별 지역내총부가가치 및 요소소득,2025-05-20,1746.3187690773566,20.38232371022883
전남,전라남도,광양시,건설업,2022,8652.742384406365,9730.16,215_DT_2020Y36GRDP2,전라남도 경제활동별 지역내총부가가치 및 요소소득,2025-05-20,1077.4176155936348,11.072969155631919
전남,전라남도,광양시,"광업, 제조업",2022,43858.567731976764,39395.98,215_DT_2020Y36GRDP2,전라남도 경제활동별 지역내총부가가치 및 요소소득,2025-05-20,4462.587731976761,11.327520554068613
전남,전라남도,광양시,도매 및 소매업,2021,2493.4407681997186,2840.24,215_DT_2020Y36GRDP2,전라남도 경제활동별 지역내총부가가치 및 요소소득,2025-05-20,346.7992318002812,12.21020870772474
전남,전라남도,광양시,보건 및 사회복지업,2022,2189.9902819958934,2451.67,215_DT_2020Y36GRDP2,전라남도 경제활동별 지역내총부가가치 및 요소소득,2025-05-20,261.6797180041067,10.673529390338286
전남,전라남도,광양시,보건 및 사회복지업,2023,2533.6848956927174,3094.24,215_DT_2020Y36GRDP2,전라남도 경제활동별 지역내총부가가치 및 요소소득,2026-06-24,560.5551043072824,18.116083571645458
전남,전라남도,광양시,사업서비스업,2021,5441.708977039619,6369.74,215_DT_2020Y36GRDP2,전라남도 경제활동별 지역내총부가가치 및 요소소득,2025-12-08,928.031022960381,14.569370538834884
전남,전라남도,광양시,운수 및 창고업,2022,21348.327546499982,16309.41,215_DT_2020Y36GRDP2,전라남도 경제활동별 지역내총부가가치 및 요소소득,2025-05-20,5038.917546499983,30.89576843368327
전남,전라남도,광양시,정보통신업,2022,1321.6932357274472,1735.99,215_DT_2020Y36GRDP2,전라남도 경제활동별 지역내총부가가치 및 요소소득,2025-05-20,414.29676427255276,23.865158455552898
전남,전라남도,구례군,건설업,2023,739.5677758285835,1029.95,215_DT_2020Y36GRDP2,전라남도 경제활동별 지역내총부가가치 및 요소소득,2026-06-24,290.3822241714165,28.193817580602605
전남,전라남도,나주시,건설업,2023,2945.9925304030958,2402.64,215_DT_2020Y36GRDP2,전라남도 경제활동별 지역내총부가가치 및 요소소득,2026-06-24,543.3525304030959,22.61481247307528
전남,전라남도,나주시,"광업, 제조업",2021,10484.138837132563,9072.86,215_DT_2020Y36GRDP2,전라남도 경제활동별 지역내총부가가치 및 요소소득,2025-05-20,1411.2788371325623,15.554950006200496
전남,전라남도,나주시,금융 및 보험업,2021,2294.8193399297506,1746.17,215_DT_2020Y36GRDP2,전라남도 경제활동별 지역내총부가가치 및 요소소득,2025-05-20,548.6493399297506,31.42015610907017
전남,전라남도,나주시,금융 및 보험업,2022,1793.9265615277347,2025.68,215_DT_2020Y36GRDP2,전라남도 경제활동별 지역내총부가가치 및 요소소득,2025-05-20,231.75343847226532,11.440772405921237
전남,전라남도,나주시,금융 및 보험업,2023,2038.0082738233507,2340.39,215_DT_2020Y36GRDP2,전라남도 경제활동별 지역내총부가가치 및 요소소득,2026-06-24,302.3817261766492,12.920142633349535
전남,전라남도,나주시,문화 및 기타서비스업,2021,1540.723329384965,1919.35,215_DT_2020Y36GRDP2,전라남도 경제활동별 지역내총부가가치 및 요소소득,2025-05-20,378.626670615035,19.726817444188658
전남,전라남도,나주시,부동산업,2022,3329.3161961877277,3951.97,215_DT_2020Y36GRDP2,전라남도 경제활동별 지역내총부가가치 및 요소소득,2025-05-20,622.6538038122721,15.755529617185154
전남,전라남도,나주시,운수 및 창고업,2022,1278.6997198880094,1132.64,215_DT_2020Y36GRDP2,전라남도 경제활동별 지역내총부가가치 및 요소소득,2025-05-20,146.05971988800934,12.895511361775085
전남,전라남도,나주시,운수 및 창고업,2023,1331.4410610317266,1209.69,215_DT_2020Y36GRDP2,전라남도 경제활동별 지역내총부가가치 및 요소소득,2026-06-24,121.75106103172652,10.06464970626578
전남,전라남도,담양군,건설업,2021,1354.3473757200286,1126.46,215_DT_2020Y36GRDP2,전라남도 경제활동별 지역내총부가가치 및 요소소득,2025-05-20,227.88737572002856,20.230401054633855
전남,전라남도,담양군,"공공 행정, 국방·사회보장",2021,2392.039600135381,2969.65,215_DT_2020Y36GRDP2,전라남도 경제활동별 지역내총부가가치 및 요소소득,2025-05-20,577.610399864619,19.450453752617953
전남,전라남도,담양군,"광업, 제조업",2023,3390.071947588238,3039.63,215_DT_2020Y36GRDP2,전라남도 경제활동별 지역내총부가가치 및 요소소득,2026-06-24,350.4419475882378,11.529098857039765
전남,전라남도,담양군,부동산업,2021,730.3673419122877,1031.05,215_DT_2020Y36GRDP2,전라남도 경제활동별 지역내총부가가치 및 요소소득,2025-05-20,300.6826580877123,29.162762047205497
전남,전라남도,담양군,부동산업,2023,789.3700101800374,1085.55,215_DT_2020Y36GRDP2,전라남도 경제활동별 지역내총부가가치 및 요소소득,2026-06-24,296.17998981996254,27.283864383949386
전남,전라남도,목포시,건설업,2021,2927.0106991308994,2575.66,215_DT_2020Y36GRDP2,전라남도 경제활동별 지역내총부가가치 및 요소소득,2025-05-20,351.35069913089956,13.641190961963131
전남,전라남도,목포시,건설업,2023,2643.4027599143956,1819.82,215_DT_2020Y36GRDP2,전라남도 경제활동별 지역내총부가가치 및 요소소득,2026-06-24,823.5827599143956,45.25627589071423
전남,전라남도,목포시,"광업, 제조업",2023,2241.722429096466,2492.76,215_DT_2020Y36GRDP2,전라남도 경제활동별 지역내총부가가치 및 요소소득,2026-06-24,251.0375709035343,10.070667489190065
전남,전라남도,목포시,도매 및 소매업,2022,4141.781983402971,3698.79,215_DT_2020Y36GRDP2,전라남도 경제활동별 지역내총부가가치 및 요소소득,2025-05-20,442.9919834029706,11.976673003954554
전남,전라남도,목포시,부동산업,2021,3783.591801603864,4267.43,215_DT_2020Y36GRDP2,전라남도 경제활동별 지역내총부가가치 및 요소소득,2025-05-20,483.83819839613625,11.33792934848694
전남,전라남도,목포시,부동산업,2022,4183.215995777041,3095.18,215_DT_2020Y36GRDP2,전라남도 경제활동별 지역내총부가가치 및 요소소득,2025-05-20,1088.035995777041,35.15259195836886
전남,전라남도,목포시,부동산업,2023,3121.5963767379776,2809.43,215_DT_2020Y36GRDP2,전라남도 경제활동별 지역내총부가가치 및 요소소득,2026-06-24,312.16637673797777,11.111377636672842
전남,전라남도,목포시,사업서비스업,2021,2056.424246385476,2350.44,215_DT_2020Y36GRDP2,전라남도 경제활동별 지역내총부가가치 및 요소소득,2025-12-08,294.0157536145239,12.50896656007062
전남,전라남도,목포시,운수 및 창고업,2021,3343.016172387693,3835.56,215_DT_2020Y36GRDP2,전라남도 경제활동별 지역내총부가가치 및 요소소득,2025-05-20,492.5438276123068,12.84151017354198
전남,전라남도,목포시,운수 및 창고업,2023,5239.19894559041,4216.31,215_DT_2020Y36GRDP2,전라남도 경제활동별 지역내총부가가치 및 요소소득,2026-06-24,1022.88894559041,24.260287919778428
전남,전라남도,무안군,건설업,2021,3013.075478148346,1816.18,215_DT_2020Y36GRDP2,전라남도 경제활동별 지역내총부가가치 및 요소소득,2025-05-20,1196.895478148346,65.9018091900773
전남,전라남도,무안군,건설업,2022,1834.183725329011,2266.09,215_DT_2020Y36GRDP2,전라남도 경제활동별 지역내총부가가치 및 요소소득,2025-05-20,431.9062746709892,19.05953755901086
전남,전라남도,무안군,건설업,2023,2252.983909994213,3296.01,215_DT_2020Y36GRDP2,전라남도 경제활동별 지역내총부가가치 및 요소소득,2026-06-24,1043.0260900057874,31.645113030779253
전남,전라남도,무안군,"광업, 제조업",2021,1711.1982974061673,1466.01,215_DT_2020Y36GRDP2,전라남도 경제활동별 지역내총부가가치 및 요소소득,2025-05-20,245.1882974061673,16.72487209542686
전남,전라남도,무안군,교육 서비스업,2023,3693.800758009953,4159.95,215_DT_2020Y36GRDP2,전라남도 경제활동별 지역내총부가가치 및 요소소득,2026-06-24,466.1492419900469,11.205645307997617
전남,전라남도,무안군,금융 및 보험업,2021,1445.8047193667176,2066.15,215_DT_2020Y36GRDP2,전라남도 경제활동별 지역내총부가가치 및 요소소득,2025-05-20,620.3452806332825,30.024213180712074
전남,전라남도,무안군,금융 및 보험업,2022,2122.657796835663,1430.88,215_DT_2020Y36GRDP2,전라남도 경제활동별 지역내총부가가치 및 요소소득,2025-05-20,691.7777968356627,48.34631812840089
전남,전라남도,무안군,문화 및 기타서비스업,2023,1058.165120426733,1225.12,215_DT_2020Y36GRDP2,전라남도 경제활동별 지역내총부가가치 및 요소소득,2026-06-24,166.9548795732669,13.627634809101712
전남,전라남도,무안군,부동산업,2022,2123.0598284339558,2763.09,215_DT_2020Y36GRDP2,전라남도 경제활동별 지역내총부가가치 및 요소소득,2025-05-20,640.0301715660444,23.16356584715099
전남,전라남도,무안군,부동산업,2023,2786.672094224226,2361.72,215_DT_2020Y36GRDP2,전라남도 경제활동별 지역내총부가가치 및 요소소득,2026-06-24,424.95209422422613,17.993330886990254
전남,전라남도,순천시,건설업,2023,4865.118563183228,4274.74,215_DT_2020Y36GRDP2,전라남도 경제활동별 지역내총부가가치 및 요소소득,2026-06-24,590.3785631832279,13.810864828813635
전남,전라남도,순천시,"광업, 제조업",2021,10065.424503478565,7615.549999999999,215_DT_2020Y36GRDP2,전라남도 경제활동별 지역내총부가가치 및 요소소득,2025-05-20,2449.874503478566,32.16937060985177
전남,전라남도,순천시,"광업, 제조업",2022,7799.942634074552,6466.39,215_DT_2020Y36GRDP2,전라남도 경제활동별 지역내총부가가치 및 요소소득,2025-05-20,1333.5526340745519,20.622830266571484
전남,전라남도,순천시,"광업, 제조업",2023,6561.465254243585,9305.32,215_DT_2020Y36GRDP2,전라남도 경제활동별 지역내총부가가치 및 요소소득,2026-06-24,2743.8547457564146,29.486946668748786
전남,전라남도,순천시,사업서비스업,2022,4844.97616938616,3305.39,215_DT_2020Y36GRDP2,전라남도 경제활동별 지역내총부가가치 및 요소소득,2025-12-08,1539.5861693861602,46.578048865221966
전남,전라남도,순천시,운수 및 창고업,2021,2213.8508876230253,1985.61,215_DT_2020Y36GRDP2,전라남도 경제활동별 지역내총부가가치 및 요소소득,2025-05-20,228.2408876230254,11.49474910093248
전남,전라남도,순천시,정보통신업,2022,1328.9688366487953,1541.44,215_DT_2020Y36GRDP2,전라남도 경제활동별 지역내총부가가치 및 요소소득,2025-05-20,212.47116335120472,13.783939910162232
전남,전라남도,신안군,건설업,2021,1883.4604691686739,1501.47,215_DT_2020Y36GRDP2,전라남도 경제활동별 지역내총부가가치 및 요소소득,2025-05-20,381.9904691686738,25.441099000890716
전남,전라남도,신안군,건설업,2023,1545.588977842364,1336.64,215_DT_2020Y36GRDP2,전라남도 경제활동별 지역내총부가가치 및 요소소득,2026-06-24,208.948977842364,15.63240497384217
전남,전라남도,신안군,사업서비스업,2021,180.37279607037058,1409.42,215_DT_2020Y36GRDP2,전라남도 경제활동별 지역내총부가가치 및 요소소득,2025-05-20,1229.0472039296294,87.20233882942128
전남,전라남도,여수시,건설업,2021,30785.515355797244,23706.93,215_DT_2020Y36GRDP2,전라남도 경제활동별 지역내총부가가치 및 요소소득,2025-05-20,7078.585355797244,29.858717918335458
전남,전라남도,여수시,건설업,2022,23941.935922383294,17989.65,215_DT_2020Y36GRDP2,전라남도 경제활동별 지역내총부가가치 및 요소소득,2025-05-20,5952.285922383293,33.08728031053018
전남,전라남도,여수시,정보통신업,2022,1313.987852473193,1554.44,215_DT_2020Y36GRDP2,전라남도 경제활동별 지역내총부가가치 및 요소소득,2025-05-20,240.45214752680704,15.468731345488216
전남,전라남도,영광군,건설업,2022,1456.1935014986957,1158.41,215_DT_2020Y36GRDP2,전라남도 경제활동별 지역내총부가가치 및 요소소득,2025-05-20,297.7835014986956,25.706226767612122
전남,전라남도,영광군,"광업, 제조업",2021,1687.432393817628,1460.54,215_DT_2020Y36GRDP2,전라남도 경제활동별 지역내총부가가치 및 요소소득,2025-05-20,226.8923938176281,15.534829160285108
전남,전라남도,영광군,"광업, 제조업",2023,1620.095084619145,1301.54,215_DT_2020Y36GRDP2,전라남도 경제활동별 지역내총부가가치 및 요소소득,2026-06-24,318.55508461914496,24.47524352836985
전남,전라남도,영광군,보건 및 사회복지업,2021,1156.9044465301968,1044.74,215_DT_2020Y36GRDP2,전라남도 경제활동별 지역내총부가가치 및 요소소득,2025-05-20,112.16444653019676,10.736111044872096
전남,전라남도,영광군,부동산업,2023,919.2692772093706,1094.62,215_DT_2020Y36GRDP2,전라남도 경제활동별 지역내총부가가치 및 요소소득,2026-06-24,175.35072279062933,16.019323855824794
전남,전라남도,영광군,사업서비스업,2022,1454.1074416045196,1224.45,215_DT_2020Y36GRDP2,전라남도 경제활동별 지역내총부가가치 및 요소소득,2025-12-08,229.6574416045196,18.755967299973015
전남,전라남도,영광군,사업서비스업,2023,1285.4184124523774,1127.35,215_DT_2020Y36GRDP2,전라남도 경제활동별 지역내총부가가치 및 요소소득,2026-06-24,158.06841245237752,14.021236745675925
전남,전라남도,영암군,건설업,2021,1388.9920960872212,1579.36,215_DT_2020Y36GRDP2,전라남도 경제활동별 지역내총부가가치 및 요소소득,2025-05-20,190.36790391277873,12.053483937340362
전남,전라남도,영암군,건설업,2023,1704.5244163517239,1483.15,215_DT_2020Y36GRDP2,전라남도 경제활동별 지역내총부가가치 및 요소소득,2026-06-24,221.37441635172377,14.925962738207446
전남,전라남도,영암군,"광업, 제조업",2021,14139.903401904583,12832.94,215_DT_2020Y36GRDP2,전라남도 경제활동별 지역내총부가가치 및 요소소득,2025-05-20,1306.9634019045825,10.184442551002206
전남,전라남도,영암군,"광업, 제조업",2022,13143.659463403259,14747.9,215_DT_2020Y36GRDP2,전라남도 경제활동별 지역내총부가가치 및 요소소득,2025-05-20,1604.2405365967406,10.877755725199796
전남,전라남도,영암군,"광업, 제조업",2023,14964.738195973172,20039.48,215_DT_2020Y36GRDP2,전라남도 경제활동별 지역내총부가가치 및 요소소득,2026-06-24,5074.741804026828,25.32371999686034
전남,전라남도,영암군,교육 서비스업,2023,1304.1823740436657,1171.46,215_DT_2020Y36GRDP2,전라남도 경제활동별 지역내총부가가치 및 요소소득,2026-06-24,132.7223740436657,11.329654793477003
전남,전라남도,영암군,도매 및 소매업,2021,1353.6354913494686,1219.45,215_DT_2020Y36GRDP2,전라남도 경제활동별 지역내총부가가치 및 요소소득,2025-05-20,134.18549134946852,11.003771483002051
전남,전라남도,영암군,도매 및 소매업,2023,1256.0212849346028,1138.45,215_DT_2020Y36GRDP2,전라남도 경제활동별 지역내총부가가치 및 요소소득,2026-06-24,117.57128493460277,10.327312129175876
전남,전라남도,영암군,문화 및 기타서비스업,2021,737.4062642346499,1050.7,215_DT_2020Y36GRDP2,전라남도 경제활동별 지역내총부가가치 및 요소소득,2025-05-20,313.2937357653501,29.81762023083184
전남,전라남도,영암군,부동산업,2021,1138.861000100621,1471.64,215_DT_2020Y36GRDP2,전라남도 경제활동별 지역내총부가가치 및 요소소득,2025-05-20,332.7789998993792,22.612799319084772
전남,전라남도,영암군,부동산업,2022,1442.598469810946,1049.37,215_DT_2020Y36GRDP2,전라남도 경제활동별 지역내총부가가치 및 요소소득,2025-05-20,393.2284698109461,37.47281414667335
전남,전라남도,영암군,사업서비스업,2022,738.4631524717552,1442.34,215_DT_2020Y36GRDP2,전라남도 경제활동별 지역내총부가가치 및 요소소득,2025-12-08,703.8768475282448,48.801034952108715
전남,전라남도,완도군,도매 및 소매업,2021,1465.0419770542876,1284.74,215_DT_2020Y36GRDP2,전라남도 경제활동별 지역내총부가가치 및 요소소득,2025-05-20,180.3019770542876,14.034121849890841
전남,전라남도,장성군,건설업,2022,905.9424235518446,1050.09,215_DT_2020Y36GRDP2,전라남도 경제활동별 지역내총부가가치 및 요소소득,2025-05-20,144.1475764481553,13.727164000052882
전남,전라남도,장성군,"공공 행정, 국방·사회보장",2021,5705.935743782698,4831.9,215_DT_2020Y36GRDP2,전라남도 경제활동별 지역내총부가가치 및 요소소득,2025-05-20,874.0357437826988,18.08886243056973
전남,전라남도,장성군,운수 및 창고업,2023,1228.91219983736,1797.41,215_DT_2020Y36GRDP2,전라남도 경제활동별 지역내총부가가치 및 요소소득,2026-06-24,568.49780016264,31.628721335846578
전남,전라남도,장흥군,"광업, 제조업",2021,1181.3208663219064,1053.41,215_DT_2020Y36GRDP2,전라남도 경제활동별 지역내총부가가치 및 요소소득,2025-05-20,127.91086632190627,12.142552882724319
전남,전라남도,함평군,건설업,2022,905.750540088855,1111.54,215_DT_2020Y36GRDP2,전라남도 경제활동별 지역내총부가가치 및 요소소득,2025-05-20,205.78945991114495,18.513905024663526
전남,전라남도,함평군,"광업, 제조업",2023,2105.1535539484094,1794.93,215_DT_2020Y36GRDP2,전라남도 경제활동별 지역내총부가가치 및 요소소득,2026-06-24,310.2235539484093,17.28332324650038
전남,전라남도,해남군,건설업,2022,1613.8611132983879,1259.31,215_DT_2020Y36GRDP2,전라남도 경제활동별 지역내총부가가치 및 요소소득,2025-05-20,354.5511132983879,28.15439512895061
전남,전라남도,해남군,건설업,2023,1252.0266925386068,1123.53,215_DT_2020Y36GRDP2,전라남도 경제활동별 지역내총부가가치 및 요소소득,2026-06-24,128.4966925386068,11.436872405597251
전남,전라남도,해남군,"광업, 제조업",2022,3064.802718263683,2702.77,215_DT_2020Y36GRDP2,전라남도 경제활동별 지역내총부가가치 및 요소소득,2025-05-20,362.0327182636829,13.39487704331789
전남,전라남도,화순군,건설업,2022,1481.5625151318513,1157.75,215_DT_2020Y36GRDP2,전라남도 경제활동별 지역내총부가가치 및 요소소득,2025-05-20,323.81251513185134,27.969122447147598
전남,전라남도,화순군,건설업,2023,1151.0540719017336,1424.6,215_DT_2020Y36GRDP2,전라남도 경제활동별 지역내총부가가치 및 요소소득,2026-06-24,273.54592809826636,19.201595402096476
전남,전라남도,화순군,"광업, 제조업",2022,3532.3865186108737,3186.28,215_DT_2020Y36GRDP2,전라남도 경제활동별 지역내총부가가치 및 요소소득,2025-05-20,346.10651861087354,10.862401251957564
전남,전라남도,화순군,보건 및 사회복지업,2021,3023.236918905479,3649.96,215_DT_2020Y36GRDP2,전라남도 경제활동별 지역내총부가가치 및 요소소득,2025-05-20,626.7230810945211,17.17068354432709
전남,전라남도,화순군,부동산업,2021,1200.691739004,1073.7,215_DT_2020Y36GRDP2,전라남도 경제활동별 지역내총부가가치 및 요소소득,2025-05-20,126.99173900400001,11.827488032411289
전남,전라남도,화순군,사업서비스업,2023,792.3308806390068,1038.49,215_DT_2020Y36GRDP2,전라남도 경제활동별 지역내총부가가치 및 요소소득,2026-06-24,246.15911936099326,23.703561840845193
전북,전북특별자치도,고창군,건설업,2021,1704.8553545815066,1091.01,214_DT_2020Y35GRDP2,전북특별자치도 경제활동별 지역내총부가가치 및 요소소득,2025-07-31,613.8453545815066,56.26395308764417
전북,전북특별자치도,고창군,건설업,2022,1101.825141875367,1338.15,214_DT_2020Y35GRDP2,전북특별자치도 경제활동별 지역내총부가가치 및 요소소득,2025-07-31,236.324858124633,17.660565566239434
전북,전북특별자치도,고창군,건설업,2023,1330.4107158845216,1043.72,214_DT_2020Y35GRDP2,전북특별자치도 경제활동별 지역내총부가가치 및 요소소득,2026-06-24,286.6907158845215,27.4681634810602
전북,전북특별자치도,고창군,보건 및 사회복지업,2021,1315.9030527550076,1639.86,214_DT_2020Y35GRDP2,전북특별자치도 경제활동별 지역내총부가가치 및 요소소득,2025-07-31,323.9569472449923,19.755158808983225
전북,전북특별자치도,고창군,보건 및 사회복지업,2022,1734.346912045215,1442.48,214_DT_2020Y35GRDP2,전북특별자치도 경제활동별 지역내총부가가치 및 요소소득,2025-07-31,291.86691204521503,20.23368865046413
전북,전북특별자치도,고창군,보건 및 사회복지업,2023,1490.7348004987746,1267.12,214_DT_2020Y35GRDP2,전북특별자치도 경제활동별 지역내총부가가치 및 요소소득,2026-06-24,223.61480049877468,17.647484097699877
전북,전북특별자치도,군산시,건설업,2022,10898.081875274005,9627.93,214_DT_2020Y35GRDP2,전북특별자치도 경제활동별 지역내총부가가치 및 요소소득,2025-07-31,1270.1518752740049,13.192367157571825
전북,전북특별자치도,군산시,금융 및 보험업,2021,3880.9397622636197,4563.34,214_DT_2020Y35GRDP2,전북특별자치도 경제활동별 지역내총부가가치 및 요소소득,2025-07-31,682.4002377363804,14.9539643711926
전북,전북특별자치도,군산시,도매 및 소매업,2023,5056.913067698152,4339.2,214_DT_2020Y35GRDP2,전북특별자치도 경제활동별 지역내총부가가치 및 요소소득,2026-06-24,717.7130676981524,16.540216346288542
전북,전북특별자치도,군산시,문화 및 기타서비스업,2022,3593.807297496489,3242.86,214_DT_2020Y35GRDP2,전북특별자치도 경제활동별 지역내총부가가치 및 요소소득,2025-07-31,350.9472974964888,10.822153823985271
전북,전북특별자치도,군산시,사업서비스업,2023,3572.7377800081076,3235.39,214_DT_2020Y35GRDP2,전북특별자치도 경제활동별 지역내총부가가치 및 요소소득,2026-06-24,337.34778000810775,10.426804187690133
전북,전북특별자치도,군산시,운수 및 창고업,2021,4085.1017926267045,5084.12,214_DT_2020Y35GRDP2,전북특별자치도 경제활동별 지역내총부가가치 및 요소소득,2025-07-31,999.0182073732954,19.649776310812793
전북,전북특별자치도,군산시,운수 및 창고업,2022,5734.578991829144,5109.23,214_DT_2020Y35GRDP2,전북특별자치도 경제활동별 지역내총부가가치 및 요소소득,2025-07-31,625.3489918291443,12.2395936731982
전북,전북특별자치도,군산시,운수 및 창고업,2023,6006.002447604824,5378.17,214_DT_2020Y35GRDP2,전북특별자치도 경제활동별 지역내총부가가치 및 요소소득,2026-06-24,627.8324476048238,11.67371889703791
전북,전북특별자치도,김제시,건설업,2022,2619.0678819936593,1944.03,214_DT_2020Y35GRDP2,전북특별자치도 경제활동별 지역내총부가가치 및 요소소득,2025-07-31,675.0378819936593,34.72363502588228
전북,전북특별자치도,김제시,건설업,2023,1932.7865665291533,2514.35,214_DT_2020Y35GRDP2,전북특별자치도 경제활동별 지역내총부가가치 및 요소소득,2026-06-24,581.5634334708466,23.129772444999567
전북,전북특별자치도,김제시,"공공 행정, 국방·사회보장",2022,3512.34549907114,4082.71,214_DT_2020Y35GRDP2,전북특별자치도 경제활동별 지역내총부가가치 및 요소소득,2025-07-31,570.3645009288603,13.970242827162846
전북,전북특별자치도,김제시,"공공 행정, 국방·사회보장",2023,4168.652063723732,3189.36,214_DT_2020Y35GRDP2,전북특별자치도 경제활동별 지역내총부가가치 및 요소소득,2026-06-24,979.2920637237316,30.704971020008138
전북,전북특별자치도,김제시,교육 서비스업,2023,1304.1419066744825,1488.57,214_DT_2020Y35GRDP2,전북특별자치도 경제활동별 지역내총부가가치 및 요소소득,2026-06-24,184.42809332551747,12.389615088676882
전북,전북특별자치도,김제시,도매 및 소매업,2022,2085.11358877821,1885.07,214_DT_2020Y35GRDP2,전북특별자치도 경제활동별 지역내총부가가치 및 요소소득,2025-07-31,200.04358877821028,10.611997898126345
전북,전북특별자치도,김제시,문화 및 기타서비스업,2022,1211.6953387228295,1055.03,214_DT_2020Y35GRDP2,전북특별자치도 경제활동별 지역내총부가가치 및 요소소득,2025-07-31,156.66533872282957,14.849372882555906
전북,전북특별자치도,김제시,부동산업,2022,1251.7309016170334,1450.94,214_DT_2020Y35GRDP2,전북특별자치도 경제활동별 지역내총부가가치 및 요소소득,2025-07-31,199.20909838296666,13.729657903356904
전북,전북특별자치도,김제시,운수 및 창고업,2022,947.7284773578517,1081.43,214_DT_2020Y35GRDP2,전북특별자치도 경제활동별 지역내총부가가치 및 요소소득,2025-07-31,133.70152264214835,12.363400556868992
전북,전북특별자치도,김제시,운수 및 창고업,2023,1271.2426778425095,1058.29,214_DT_2020Y35GRDP2,전북특별자치도 경제활동별 지역내총부가가치 및 요소소득,2026-06-24,212.9526778425095,20.122336773711318
전북,전북특별자치도,남원시,건설업,2021,1466.2552434438132,1742.55,214_DT_2020Y35GRDP2,전북특별자치도 경제활동별 지역내총부가가치 및 요소소득,2025-07-31,276.2947565561867,15.85577209010856
전북,전북특별자치도,남원시,"광업, 제조업",2022,2147.0774589705493,1865.34,214_DT_2020Y35GRDP2,전북특별자치도 경제활동별 지역내총부가가치 및 요소소득,2025-07-31,281.73745897054937,15.10381265455892
전북,전북특별자치도,남원시,"광업, 제조업",2023,1892.7660715408024,1636.84,214_DT_2020Y35GRDP2,전북특별자치도 경제활동별 지역내총부가가치 및 요소소득,2026-06-24,255.92607154080247,15.635374962782098
전북,전북특별자치도,남원시,교육 서비스업,2022,1595.253605266885,1431.25,214_DT_2020Y35GRDP2,전북특별자치도 경제활동별 지역내총부가가치 및 요소소득,2025-07-31,164.00360526688496,11.458767180219038
전북,전북특별자치도,남원시,도매 및 소매업,2023,1033.0254454791461,1159.66,214_DT_2020Y35GRDP2,전북특별자치도 경제활동별 지역내총부가가치 및 요소소득,2026-06-24,126.63455452085395,10.919972623083831
전북,전북특별자치도,남원시,보건 및 사회복지업,2023,1649.0494142808773,1465.01,214_DT_2020Y35GRDP2,전북특별자치도 경제활동별 지역내총부가가치 및 요소소득,2026-06-24,184.03941428087728,12.562331607352665
전북,전북특별자치도,남원시,부동산업,2021,1315.1513061533733,1191.39,214_DT_2020Y35GRDP2,전북특별자치도 경제활동별 지역내총부가가치 및 요소소득,2025-07-31,123.7613061533732,10.387975906577458
전북,전북특별자치도,부안군,"광업, 제조업",2021,1932.949510728264,1573.48,214_DT_2020Y35GRDP2,전북특별자치도 경제활동별 지역내총부가가치 및 요소소득,2025-07-31,359.4695107282639,22.845508727677753
전북,전북특별자치도,부안군,보건 및 사회복지업,2021,1269.133157409693,1009.0,214_DT_2020Y35GRDP2,전북특별자치도 경제활동별 지역내총부가가치 및 요소소득,2025-07-31,260.133157409693,25.781284183319425
전북,전북특별자치도,완주군,건설업,2021,2301.858301199204,3750.0,214_DT_2020Y35GRDP2,전북특별자치도 경제활동별 지역내총부가가치 및 요소소득,2025-07-31,1448.141698800796,38.61711196802122
전북,전북특별자치도,완주군,건설업,2023,3904.228267859032,3035.68,214_DT_2020Y35GRDP2,전북특별자치도 경제활동별 지역내총부가가치 및 요소소득,2026-06-24,868.548267859032,28.611324904437623
전북,전북특별자치도,완주군,교육 서비스업,2021,1537.3227731962556,1749.54,214_DT_2020Y35GRDP2,전북특별자치도 경제활동별 지역내총부가가치 및 요소소득,2025-07-31,212.21722680374432,12.129887101966478
전북,전북특별자치도,완주군,보건 및 사회복지업,2021,1600.3723212325235,1294.39,214_DT_2020Y35GRDP2,전북특별자치도 경제활동별 지역내총부가가치 및 요소소득,2025-07-31,305.9823212325234,23.63911349999022
전북,전북특별자치도,완주군,부동산업,2021,1586.9381259013296,1851.75,214_DT_2020Y35GRDP2,전북특별자치도 경제활동별 지역내총부가가치 및 요소소득,2025-07-31,264.8118740986704,14.300627735853672
전북,전북특별자치도,완주군,부동산업,2023,1696.3250789233507,2160.34,214_DT_2020Y35GRDP2,전북특별자치도 경제활동별 지역내총부가가치 및 요소소득,2026-06-24,464.01492107664944,21.478791351206265
전북,전북특별자치도,완주군,운수 및 창고업,2023,2277.5701509296596,2027.33,214_DT_2020Y35GRDP2,전북특별자치도 경제활동별 지역내총부가가치 및 요소소득,2026-06-24,250.24015092965965,12.343335861929713
전북,전북특별자치도,익산시,건설업,2022,4042.954267802679,4538.92,214_DT_2020Y35GRDP2,전북특별자치도 경제활동별 지역내총부가가치 및 요소소득,2025-07-31,495.9657321973209,10.926954698415502
전북,전북특별자치도,익산시,건설업,2023,4512.668838727028,6060.83,214_DT_2020Y35GRDP2,전북특별자치도 경제활동별 지역내총부가가치 및 요소소득,2026-06-24,1548.161161272972,25.54371532072294
전북,전북특별자치도,익산시,교육 서비스업,2021,6488.4661249696255,5809.57,214_DT_2020Y35GRDP2,전북특별자치도 경제활동별 지역내총부가가치 및 요소소득,2025-07-31,678.8961249696258,11.68582399333558
전북,전북특별자치도,익산시,교육 서비스업,2023,5716.005780317559,4974.73,214_DT_2020Y35GRDP2,전북특별자치도 경제활동별 지역내총부가가치 및 요소소득,2026-06-24,741.2757803175591,14.900824372730966
전북,전북특별자치도,익산시,금융 및 보험업,2021,3958.559625035543,3435.15,214_DT_2020Y35GRDP2,전북특별자치도 경제활동별 지역내총부가가치 및 요소소득,2025-07-31,523.4096250355428,15.236878303292222
전북,전북특별자치도,익산시,금융 및 보험업,2023,3944.158917434976,3548.0,214_DT_2020Y35GRDP2,전북특별자치도 경제활동별 지역내총부가가치 및 요소소득,2026-06-24,396.15891743497605,11.165696658257499
전북,전북특별자치도,익산시,보건 및 사회복지업,2021,5932.975930314222,6604.45,214_DT_2020Y35GRDP2,전북특별자치도 경제활동별 지역내총부가가치 및 요소소득,2025-07-31,671.474069685778,10.166994521660062
전북,전북특별자치도,익산시,부동산업,2022,5309.874774617323,6276.3,214_DT_2020Y35GRDP2,전북특별자치도 경제활동별 지역내총부가가치 및 요소소득,2025-07-31,966.4252253826771,15.398008785154902
전북,전북특별자치도,익산시,사업서비스업,2022,3322.4634391660597,2979.67,214_DT_2020Y35GRDP2,전북특별자치도 경제활동별 지역내총부가가치 및 요소소득,2025-07-31,342.79343916605967,11.50440952072074
전북,전북특별자치도,익산시,운수 및 창고업,2021,2781.7207248421546,3114.95,214_DT_2020Y35GRDP2,전북특별자치도 경제활동별 지역내총부가가치 및 요소소득,2025-07-31,333.2292751578452,10.697740739268536
전북,전북특별자치도,임실군,"광업, 제조업",2023,1169.7597515374957,1028.01,214_DT_2020Y35GRDP2,전북특별자치도 경제활동별 지역내총부가가치 및 요소소득,2026-06-24,141.74975153749574,13.788752204501487
전북,전북특별자치도,전주시,건설업,2021,10025.058461713017,7649.54,214_DT_2020Y35GRDP2,전북특별자치도 경제활동별 지역내총부가가치 및 요소소득,2025-07-31,2375.518461713017,31.054396234453534
전북,전북특별자치도,전주시,건설업,2022,7725.3696077774675,6646.25,214_DT_2020Y35GRDP2,전북특별자치도 경제활동별 지역내총부가가치 및 요소소득,2025-07-31,1079.1196077774675,16.2365184544287
전북,전북특별자치도,전주시,건설업,2023,6607.810948284947,5081.26,214_DT_2020Y35GRDP2,전북특별자치도 경제활동별 지역내총부가가치 및 요소소득,2026-06-24,1526.5509482849466,30.04276396572792
전북,전북특별자치도,전주시,"광업, 제조업",2022,13243.622617881358,11949.74,214_DT_2020Y35GRDP2,전북특별자치도 경제활동별 지역내총부가가치 및 요소소득,2025-07-31,1293.8826178813579,10.82770518757193
전북,전북특별자치도,전주시,정보통신업,2023,4988.860750542248,4504.77,214_DT_2020Y35GRDP2,전북특별자치도 경제활동별 지역내총부가가치 및 요소소득,2026-06-24,484.0907505422474,10.746181282113124
전북,전북특별자치도,정읍시,"공공 행정, 국방·사회보장",2022,4809.993223550546,4307.96,214_DT_2020Y35GRDP2,전북특별자치도 경제활동별 지역내총부가가치 및 요소소득,2025-07-31,502.0332235505457,11.65361850041657
전북,전북특별자치도,정읍시,교육 서비스업,2022,1476.1332650543275,1737.44,214_DT_2020Y35GRDP2,전북특별자치도 경제활동별 지역내총부가가치 및 요소소득,2025-07-31,261.3067349456726,15.039755902113027
전북,전북특별자치도,정읍시,금융 및 보험업,2021,963.1011937226457,1113.78,214_DT_2020Y35GRDP2,전북특별자치도 경제활동별 지역내총부가가치 및 요소소득,2025-07-31,150.67880627735428,13.528596875267493
전북,전북특별자치도,정읍시,금융 및 보험업,2023,1000.663189263577,1262.55,214_DT_2020Y35GRDP2,전북특별자치도 경제활동별 지역내총부가가치 및 요소소득,2026-06-24,261.88681073642294,20.742688268696128
전북,전북특별자치도,정읍시,도매 및 소매업,2022,1699.9424393738404,1520.56,214_DT_2020Y35GRDP2,전북특별자치도 경제활동별 지역내총부가가치 및 요소소득,2025-07-31,179.3824393738405,11.797129963555566
제주,제주특별자치도,서귀포시,건설업,2021,5386.164901422572,4208.65,218_DT_2020GRDP39_02,제주특별자치도 경제활동별 지역내총부가가치 및 요소소득,2025-08-05,1177.5149014225726,27.978446804143196
제주,제주특별자치도,서귀포시,"광업, 제조업",2023,1477.9047549178504,1329.84,218_DT_2020GRDP39_02,제주특별자치도 경제활동별 지역내총부가가치 및 요소소득,2026-02-27,148.06475491785045,11.134027771600378
제주,제주특별자치도,서귀포시,문화 및 기타서비스업,2023,2950.399118238339,3347.37,218_DT_2020GRDP39_02,제주특별자치도 경제활동별 지역내총부가가치 및 요소소득,2026-02-27,396.9708817616611,11.859187414646755
제주,제주특별자치도,서귀포시,사업서비스업,2021,1775.9907771353307,2156.98,218_DT_2020GRDP39_02,제주특별자치도 경제활동별 지역내총부가가치 및 요소소득,2025-08-05,380.9892228646693,17.663085557801615
제주,제주특별자치도,서귀포시,사업서비스업,2022,2213.1219354737564,1650.72,218_DT_2020GRDP39_02,제주특별자치도 경제활동별 지역내총부가가치 및 요소소득,2025-08-05,562.4019354737563,34.07009883406976
제주,제주특별자치도,서귀포시,사업서비스업,2023,1732.9134564934366,1361.91,218_DT_2020GRDP39_02,제주특별자치도 경제활동별 지역내총부가가치 및 요소소득,2026-02-27,371.0034564934365,27.241407765082602
제주,제주특별자치도,서귀포시,숙박 및 음식점업,2021,4415.274169245088,5953.45,218_DT_2020GRDP39_02,제주특별자치도 경제활동별 지역내총부가가치 및 요소소득,2025-08-05,1538.1758307549117,25.836713682905067
제주,제주특별자치도,서귀포시,숙박 및 음식점업,2023,6784.215984630396,6126.52,218_DT_2020GRDP39_02,제주특별자치도 경제활동별 지역내총부가가치 및 요소소득,2026-02-27,657.6959846303953,10.735229537002985
제주,제주특별자치도,서귀포시,운수 및 창고업,2022,1335.5591423599626,1648.97,218_DT_2020GRDP39_02,제주특별자치도 경제활동별 지역내총부가가치 및 요소소득,2025-08-05,313.4108576400374,19.006462072690066
제주,제주특별자치도,서귀포시,운수 및 창고업,2023,1938.3973428534098,1122.48,218_DT_2020GRDP39_02,제주특별자치도 경제활동별 지역내총부가가치 및 요소소득,2026-02-27,815.9173428534098,72.68880896349242
제주,제주특별자치도,제주시,건설업,2021,9813.20821432399,8584.53,218_DT_2020GRDP39_02,제주특별자치도 경제활동별 지역내총부가가치 및 요소소득,2025-08-05,1228.6782143239889,14.312702201797755
제주,제주특별자치도,제주시,건설업,2023,8460.722166823096,9747.45,218_DT_2020GRDP39_02,제주특별자치도 경제활동별 지역내총부가가치 및 요소소득,2026-02-27,1286.7278331769048,13.200661025980176
제주,제주특별자치도,제주시,운수 및 창고업,2023,12350.366594432147,14938.91,218_DT_2020GRDP39_02,제주특별자치도 경제활동별 지역내총부가가치 및 요소소득,2026-02-27,2588.5434055678525,17.32752527170893
제주,제주특별자치도,제주시,정보통신업,2021,10931.55788391827,9359.85,218_DT_2020GRDP39_02,제주특별자치도 경제활동별 지역내총부가가치 및 요소소득,2025-08-05,1571.7078839182705,16.792019999447323
제주,제주특별자치도,제주시,정보통신업,2022,9577.852782514497,8504.92,218_DT_2020GRDP39_02,제주특별자치도 경제활동별 지역내총부가가치 및 요소소득,2025-08-05,1072.9327825144974,12.61543650633395
제주,제주특별자치도,제주시,정보통신업,2023,8856.141309348503,7096.37,218_DT_2020GRDP39_02,제주특별자치도 경제활동별 지역내총부가가치 및 요소소득,2026-02-27,1759.7713093485027,24.798189910454255
충남,충청남도,계룡시,건설업,2021,948.3092817664424,1614.45,213_DT_2020Y34GRDP2,충청남도 경제활동별 지역내총부가가치 및 요소소득,2025-06-12,666.1407182335577,41.26115508275621
충남,충청남도,계룡시,건설업,2022,1630.4539832821756,1126.77,213_DT_2020Y34GRDP2,충청남도 경제활동별 지역내총부가가치 및 요소소득,2025-06-12,503.68398328217563,44.70157914056779
충남,충청남도,공주시,건설업,2022,1943.1634331774917,2448.37,213_DT_2020Y34GRDP2,충청남도 경제활동별 지역내총부가가치 및 요소소득,2025-06-12,505.2065668225082,20.63440439241243
충남,충청남도,공주시,"광업, 제조업",2022,11507.264673022099,10349.009999999998,213_DT_2020Y34GRDP2,충청남도 경제활동별 지역내총부가가치 및 요소소득,2025-06-12,1158.2546730221002,11.191936939109155
충남,충청남도,공주시,교육 서비스업,2021,3491.413626073971,2990.25,213_DT_2020Y34GRDP2,충청남도 경제활동별 지역내총부가가치 및 요소소득,2025-06-12,501.16362607397105,16.759923955320495
충남,충청남도,공주시,도매 및 소매업,2021,1912.5558213259224,2250.38,213_DT_2020Y34GRDP2,충청남도 경제활동별 지역내총부가가치 및 요소소득,2025-06-12,337.82417867407776,15.011872602586129
충남,충청남도,공주시,보건 및 사회복지업,2022,2363.5032369982337,3029.14,213_DT_2020Y34GRDP2,충청남도 경제활동별 지역내총부가가치 및 요소소득,2025-06-12,665.6367630017662,21.974446971806067
충남,충청남도,공주시,사업서비스업,2021,2170.0189619862244,1572.32,213_DT_2020Y34GRDP2,충청남도 경제활동별 지역내총부가가치 및 요소소득,2025-06-12,597.6989619862245,38.01382428425668
충남,충청남도,공주시,숙박 및 음식점업,2022,1118.2823305224351,1008.83,213_DT_2020Y34GRDP2,충청남도 경제활동별 지역내총부가가치 및 요소소득,2025-06-12,109.45233052243509,10.849432562714737
충남,충청남도,공주시,운수 및 창고업,2021,1151.3940390573284,1363.58,213_DT_2020Y34GRDP2,충청남도 경제활동별 지역내총부가가치 및 요소소득,2025-06-12,212.1859609426715,15.560946988271427
충남,충청남도,공주시,운수 및 창고업,2022,1538.0355345031949,1317.66,213_DT_2020Y34GRDP2,충청남도 경제활동별 지역내총부가가치 및 요소소득,2025-06-12,220.37553450319479,16.7247646967499
충남,충청남도,금산군,건설업,2021,1042.7617299254193,1242.45,213_DT_2020Y34GRDP2,충청남도 경제활동별 지역내총부가가치 및 요소소득,2025-06-12,199.6882700745807,16.072137315351178
충남,충청남도,금산군,건설업,2022,1254.766361007736,1029.34,213_DT_2020Y34GRDP2,충청남도 경제활동별 지역내총부가가치 및 요소소득,2025-06-12,225.42636100773598,21.90008753256805
충남,충청남도,금산군,"광업, 제조업",2021,11151.010943651478,9770.09,213_DT_2020Y34GRDP2,충청남도 경제활동별 지역내총부가가치 및 요소소득,2025-06-12,1380.9209436514775,14.134168095191319
충남,충청남도,금산군,도매 및 소매업,2022,1185.285531889753,1041.39,213_DT_2020Y34GRDP2,충청남도 경제활동별 지역내총부가가치 및 요소소득,2025-06-12,143.89553188975287,13.817641026873012
충남,충청남도,논산시,건설업,2021,2485.499959771474,1930.21,213_DT_2020Y34GRDP2,충청남도 경제활동별 지역내총부가가치 및 요소소득,2025-06-12,555.2899597714741,28.768370269114452
충남,충청남도,논산시,"공공 행정, 국방·사회보장",2021,8831.7726970039,7937.34,213_DT_2020Y34GRDP2,충청남도 경제활동별 지역내총부가가치 및 요소소득,2025-06-12,894.4326970039001,11.268670574826075
충남,충청남도,논산시,교육 서비스업,2022,2503.1496689614933,2146.06,213_DT_2020Y34GRDP2,충청남도 경제활동별 지역내총부가가치 및 요소소득,2025-06-12,357.0896689614933,16.639314323061484
충남,충청남도,논산시,금융 및 보험업,2021,1744.8723105584966,1135.31,213_DT_2020Y34GRDP2,충청남도 경제활동별 지역내총부가가치 및 요소소득,2025-06-12,609.5623105584966,53.69126587086317
충남,충청남도,논산시,사업서비스업,2021,945.8420148253955,1220.6,213_DT_2020Y34GRDP2,충청남도 경제활동별 지역내총부가가치 및 요소소득,2025-06-12,274.7579851746044,22.510075796706904
충남,충청남도,논산시,사업서비스업,2022,1252.3698107721289,1125.09,213_DT_2020Y34GRDP2,충청남도 경제활동별 지역내총부가가치 및 요소소득,2025-06-12,127.27981077212894,11.312855929048249
충남,충청남도,당진시,"광업, 제조업",2021,62670.144724858554,55604.42999999999,213_DT_2020Y34GRDP2,충청남도 경제활동별 지역내총부가가치 및 요소소득,2025-06-12,7065.714724858561,12.707107553945901
충남,충청남도,당진시,문화 및 기타서비스업,2021,2345.212741537243,2738.12,213_DT_2020Y34GRDP2,충청남도 경제활동별 지역내총부가가치 및 요소소득,2025-06-12,392.907258462757,14.349526626399026
충남,충청남도,당진시,부동산업,2021,3854.6956261641876,3483.29,213_DT_2020Y34GRDP2,충청남도 경제활동별 지역내총부가가치 및 요소소득,2025-06-12,371.40562616418765,10.662495117092968
충남,충청남도,당진시,숙박 및 음식점업,2021,1324.8332360636925,1705.22,213_DT_2020Y34GRDP2,충청남도 경제활동별 지역내총부가가치 및 요소소득,2025-06-12,380.3867639363075,22.30719578331872
충남,충청남도,당진시,숙박 및 음식점업,2022,1940.7050709385062,1756.3,213_DT_2020Y34GRDP2,충청남도 경제활동별 지역내총부가가치 및 요소소득,2025-06-12,184.40507093850624,10.499633942863193
충남,충청남도,당진시,운수 및 창고업,2021,4948.819165157375,4244.21,213_DT_2020Y34GRDP2,충청남도 경제활동별 지역내총부가가치 및 요소소득,2025-06-12,704.6091651573752,16.601656495728893
충남,충청남도,보령시,건설업,2021,4115.5365171104895,3107.49,213_DT_2020Y34GRDP2,충청남도 경제활동별 지역내총부가가치 및 요소소득,2025-06-12,1008.0465171104897,32.43925216526811
충남,충청남도,보령시,사업서비스업,2021,1435.713523307656,2893.92,213_DT_2020Y34GRDP2,충청남도 경제활동별 지역내총부가가치 및 요소소득,2025-06-12,1458.206476692344,50.38862431208686
충남,충청남도,보령시,운수 및 창고업,2022,1658.634809462553,1456.52,213_DT_2020Y34GRDP2,충청남도 경제활동별 지역내총부가가치 및 요소소득,2025-06-12,202.114809462553,13.876555726152267
충남,충청남도,부여군,건설업,2021,1442.9452111057165,1224.66,213_DT_2020Y34GRDP2,충청남도 경제활동별 지역내총부가가치 및 요소소득,2025-06-12,218.28521110571637,17.82414801705913
충남,충청남도,부여군,건설업,2022,1236.8000093941278,1004.25,213_DT_2020Y34GRDP2,충청남도 경제활동별 지역내총부가가치 및 요소소득,2025-06-12,232.55000939412776,23.156585451244986
충남,충청남도,부여군,교육 서비스업,2021,1302.6395713785537,1183.15,213_DT_2020Y34GRDP2,충청남도 경제활동별 지역내총부가가치 및 요소소득,2025-06-12,119.48957137855359,10.099274933740741
충남,충청남도,부여군,보건 및 사회복지업,2022,1634.349046048194,1821.55,213_DT_2020Y34GRDP2,충청남도 경제활동별 지역내총부가가치 및 요소소득,2025-06-12,187.200953951806,10.277014298361616
충남,충청남도,서산시,건설업,2021,13068.156078762777,14852.26,213_DT_2020Y34GRDP2,충청남도 경제활동별 지역내총부가가치 및 요소소득,2025-06-12,1784.1039212372234,12.012339679195108
충남,충청남도,서산시,건설업,2022,14999.489905381106,9017.69,213_DT_2020Y34GRDP2,충청남도 경제활동별 지역내총부가가치 및 요소소득,2025-06-12,5981.799905381105,66.33406011274623
충남,충청남도,서산시,"광업, 제조업",2021,72054.36517458246,86764.88,213_DT_2020Y34GRDP2,충청남도 경제활동별 지역내총부가가치 및 요소소득,2025-06-12,14710.514825417544,16.954457639332347
충남,충청남도,서산시,"광업, 제조업",2022,88865.68752780331,101684.2,213_DT_2020Y34GRDP2,충청남도 경제활동별 지역내총부가가치 및 요소소득,2025-06-12,12818.512472196686,12.606198870814431
충남,충청남도,서산시,도매 및 소매업,2021,3531.421166716264,3130.58,213_DT_2020Y34GRDP2,충청남도 경제활동별 지역내총부가가치 및 요소소득,2025-06-12,400.84116671626407,12.804054415356388
충남,충청남도,서산시,사업서비스업,2021,2391.693397624417,2783.75,213_DT_2020Y34GRDP2,충청남도 경제활동별 지역내총부가가치 및 요소소득,2025-06-12,392.0566023755832,14.083757606666664
충남,충청남도,서산시,숙박 및 음식점업,2022,1633.5100387739049,1457.8,213_DT_2020Y34GRDP2,충청남도 경제활동별 지역내총부가가치 및 요소소득,2025-06-12,175.7100387739049,12.053096362594657
충남,충청남도,서산시,운수 및 창고업,2022,4855.654814625808,4278.09,213_DT_2020Y34GRDP2,충청남도 경제활동별 지역내총부가가치 및 요소소득,2025-06-12,577.5648146258081,13.500529783754157
충남,충청남도,서산시,정보통신업,2022,946.1862717193148,1082.89,213_DT_2020Y34GRDP2,충청남도 경제활동별 지역내총부가가치 및 요소소득,2025-06-12,136.70372828068525,12.623971805140432
충남,충청남도,서천군,건설업,2021,2781.039629817068,1921.9,213_DT_2020Y34GRDP2,충청남도 경제활동별 지역내총부가가치 및 요소소득,2025-06-12,859.139629817068,44.70261875316447
충남,충청남도,서천군,건설업,2022,1940.9517237882953,1192.62,213_DT_2020Y34GRDP2,충청남도 경제활동별 지역내총부가가치 및 요소소득,2025-06-12,748.3317237882954,62.7468702342989
충남,충청남도,서천군,"공공 행정, 국방·사회보장",2022,2042.060619225099,1810.99,213_DT_2020Y34GRDP2,충청남도 경제활동별 지역내총부가가치 및 요소소득,2025-06-12,231.07061922509888,12.759353680865102
충남,충청남도,아산시,건설업,2022,13440.063100793986,15034.47,213_DT_2020Y34GRDP2,충청남도 경제활동별 지역내총부가가치 및 요소소득,2025-06-12,1594.406899206013,10.605009017318288
충남,충청남도,아산시,금융 및 보험업,2021,3765.0597443308425,4462.68,213_DT_2020Y34GRDP2,충청남도 경제활동별 지역내총부가가치 및 요소소득,2025-06-12,697.6202556691578,15.632316358536972
충남,충청남도,아산시,도매 및 소매업,2021,5413.171714343742,6399.99,213_DT_2020Y34GRDP2,충청남도 경제활동별 지역내총부가가치 및 요소소득,2025-06-12,986.818285656258,15.419059805659979
충남,충청남도,아산시,도매 및 소매업,2022,6634.437249640632,7393.05,213_DT_2020Y34GRDP2,충청남도 경제활동별 지역내총부가가치 및 요소소득,2025-06-12,758.612750359368,10.261160824820175
충남,충청남도,아산시,보건 및 사회복지업,2022,5607.770332748443,6429.06,213_DT_2020Y34GRDP2,충청남도 경제활동별 지역내총부가가치 및 요소소득,2025-06-12,821.2896672515571,12.774646173026182
충남,충청남도,아산시,정보통신업,2021,917.3681607393839,1032.99,213_DT_2020Y34GRDP2,충청남도 경제활동별 지역내총부가가치 및 요소소득,2025-06-12,115.62183926061607,11.192929192016967
충남,충청남도,예산군,건설업,2021,2304.86445758953,2953.23,213_DT_2020Y34GRDP2,충청남도 경제활동별 지역내총부가가치 및 요소소득,2025-06-12,648.36554241047,21.95445469572197
충남,충청남도,예산군,건설업,2022,2982.5052600256554,4223.55,213_DT_2020Y34GRDP2,충청남도 경제활동별 지역내총부가가치 및 요소소득,2025-06-12,1241.0447399743448,29.383924423159304
충남,충청남도,예산군,"공공 행정, 국방·사회보장",2022,4362.975285512208,5670.2,213_DT_2020Y34GRDP2,충청남도 경제활동별 지역내총부가가치 및 요소소득,2025-06-12,1307.224714487792,23.054296400264402
충남,충청남도,예산군,보건 및 사회복지업,2022,1795.4667076662395,2014.61,213_DT_2020Y34GRDP2,충청남도 경제활동별 지역내총부가가치 및 요소소득,2025-06-12,219.14329233376043,10.87770299630005
충남,충청남도,예산군,운수 및 창고업,2021,893.1635428056356,1064.37,213_DT_2020Y34GRDP2,충청남도 경제활동별 지역내총부가가치 및 요소소득,2025-06-12,171.20645719436425,16.085238891960906
충남,충청남도,천안시,건설업,2022,11572.18867901585,16291.38,213_DT_2020Y34GRDP2,충청남도 경제활동별 지역내총부가가치 및 요소소득,2025-06-12,4719.19132098415,28.967412956938883
충남,충청남도,천안시,금융 및 보험업,2021,9104.89210269868,10910.8,213_DT_2020Y34GRDP2,충청남도 경제활동별 지역내총부가가치 및 요소소득,2025-06-12,1805.9078973013184,16.55156264711404
충남,충청남도,천안시,보건 및 사회복지업,2022,10405.70072947109,7479.04,213_DT_2020Y34GRDP2,충청남도 경제활동별 지역내총부가가치 및 요소소득,2025-06-12,2926.6607294710893,39.13150256545077
충남,충청남도,천안시,정보통신업,2021,5182.631597809309,4696.59,213_DT_2020Y34GRDP2,충청남도 경제활동별 지역내총부가가치 및 요소소득,2025-06-12,486.04159780930877,10.34881899014623
충남,충청남도,청양군,"광업, 제조업",2021,3671.991821523334,3174.71,213_DT_2020Y34GRDP2,충청남도 경제활동별 지역내총부가가치 및 요소소득,2025-06-12,497.28182152333375,15.663850289422774
충남,충청남도,청양군,"광업, 제조업",2022,3251.5781368151775,2834.57,213_DT_2020Y34GRDP2,충청남도 경제활동별 지역내총부가가치 및 요소소득,2025-06-12,417.0081368151773,14.711513097760056
충남,충청남도,태안군,건설업,2022,1733.242924666833,1567.14,213_DT_2020Y34GRDP2,충청남도 경제활동별 지역내총부가가치 및 요소소득,2025-06-12,166.1029246668329,10.599112055517242
충남,충청남도,태안군,교육 서비스업,2022,1081.1733594198513,1281.05,213_DT_2020Y34GRDP2,충청남도 경제활동별 지역내총부가가치 및 요소소득,2025-06-12,199.87664058014866,15.602563567397734
충남,충청남도,홍성군,건설업,2021,1716.5448676271653,2182.32,213_DT_2020Y34GRDP2,충청남도 경제활동별 지역내총부가가치 및 요소소득,2025-06-12,465.77513237283483,21.34311798328544
충남,충청남도,홍성군,건설업,2022,2203.9532576396655,3144.19,213_DT_2020Y34GRDP2,충청남도 경제활동별 지역내총부가가치 및 요소소득,2025-06-12,940.2367423603346,29.903941630764507
충남,충청남도,홍성군,문화 및 기타서비스업,2022,1165.2779271013944,1046.08,213_DT_2020Y34GRDP2,충청남도 경제활동별 지역내총부가가치 및 요소소득,2025-06-12,119.1979271013945,11.394723835786413
충남,충청남도,홍성군,보건 및 사회복지업,2021,2333.3862508813295,2040.77,213_DT_2020Y34GRDP2,충청남도 경제활동별 지역내총부가가치 및 요소소득,2025-06-12,292.6162508813295,14.338521777629499
충남,충청남도,홍성군,운수 및 창고업,2021,901.3565849115089,1006.77,213_DT_2020Y34GRDP2,충청남도 경제활동별 지역내총부가가치 및 요소소득,2025-06-12,105.41341508849109,10.470456518220756
충남,충청남도,홍성군,정보통신업,2021,1173.931921359022,1409.33,213_DT_2020Y34GRDP2,충청남도 경제활동별 지역내총부가가치 및 요소소득,2025-06-12,235.39807864097793,16.702836002992765
충북,충청북도,괴산군,건설업,2022,921.6364709984705,1513.5,212_DT_2020Y33GRDP2,충청북도 경제활동별 지역내총부가가치 및 요소소득,2025-03-17,591.8635290015295,39.105618037762106
충북,충청북도,괴산군,건설업,2023,1504.7465668955074,1046.64,212_DT_2020Y33GRDP2,충청북도 경제활동별 지역내총부가가치 및 요소소득,2026-02-19,458.1065668955073,43.769258474308955
충북,충청북도,괴산군,사업서비스업,2023,593.9620920261591,1213.25,212_DT_2020Y33GRDP2,충청북도 경제활동별 지역내총부가가치 및 요소소득,2026-02-19,619.2879079738409,51.043717945505115
충북,충청북도,단양군,"광업, 제조업",2022,4329.981876380072,3911.37,212_DT_2020Y33GRDP2,충청북도 경제활동별 지역내총부가가치 및 요소소득,2026-04-05,418.6118763800723,10.702436138234745
충북,충청북도,단양군,운수 및 창고업,2023,1266.152675905206,1720.49,212_DT_2020Y33GRDP2,충청북도 경제활동별 지역내총부가가치 및 요소소득,2026-02-19,454.337324094794,26.407437654086568
충북,충청북도,보은군,"광업, 제조업",2022,3453.245607273552,5052.0,212_DT_2020Y33GRDP2,충청북도 경제활동별 지역내총부가가치 및 요소소득,2025-03-17,1598.7543927264478,31.645969768932066
충북,충청북도,보은군,"광업, 제조업",2023,5126.279495118388,4653.0599999999995,212_DT_2020Y33GRDP2,충청북도 경제활동별 지역내총부가가치 및 요소소득,2026-02-19,473.2194951183883,10.17007077317697
충북,충청북도,영동군,건설업,2021,1153.8121038591767,1290.74,212_DT_2020Y33GRDP2,충청북도 경제활동별 지역내총부가가치 및 요소소득,2025-03-17,136.92789614082335,10.608480107599002
충북,충청북도,영동군,건설업,2022,1303.5350579959957,1108.34,212_DT_2020Y33GRDP2,충청북도 경제활동별 지역내총부가가치 및 요소소득,2025-03-17,195.19505799599574,17.611478246386106
충북,충청북도,옥천군,"광업, 제조업",2023,5642.915521432625,4864.84,212_DT_2020Y33GRDP2,충청북도 경제활동별 지역내총부가가치 및 요소소득,2026-02-19,778.0755214326246,15.993856353603089
충북,충청북도,음성군,건설업,2021,3900.4829883219345,4929.52,212_DT_2020Y33GRDP2,충청북도 경제활동별 지역내총부가가치 및 요소소득,2025-03-17,1029.037011678066,20.874994151115438
충북,충청북도,음성군,건설업,2023,4559.8841769905675,6759.69,212_DT_2020Y33GRDP2,충청북도 경제활동별 지역내총부가가치 및 요소소득,2026-02-19,2199.805823009432,32.5429986139813
충북,충청북도,음성군,도매 및 소매업,2021,3012.3497673955244,3371.69,212_DT_2020Y33GRDP2,충청북도 경제활동별 지역내총부가가치 및 요소소득,2025-03-17,359.34023260447566,10.657570316502278
충북,충청북도,음성군,보건 및 사회복지업,2021,1711.6491346490893,1954.38,212_DT_2020Y33GRDP2,충청북도 경제활동별 지역내총부가가치 및 요소소득,2025-03-17,242.7308653509108,12.419839813695944
충북,충청북도,음성군,사업서비스업,2021,4920.166795506334,5709.36,212_DT_2020Y33GRDP2,충청북도 경제활동별 지역내총부가가치 및 요소소득,2025-03-17,789.1932044936657,13.822796329074812
충북,충청북도,음성군,사업서비스업,2023,6652.1465759305065,5976.5,212_DT_2020Y33GRDP2,충청북도 경제활동별 지역내총부가가치 및 요소소득,2026-02-19,675.6465759305065,11.305054395223065
충북,충청북도,음성군,운수 및 창고업,2023,1991.3075015596519,1633.46,212_DT_2020Y33GRDP2,충청북도 경제활동별 지역내총부가가치 및 요소소득,2026-02-19,357.84750155965185,21.90733177180046
충북,충청북도,제천시,건설업,2022,2176.8673919692337,1881.03,212_DT_2020Y33GRDP2,충청북도 경제활동별 지역내총부가가치 및 요소소득,2025-03-17,295.83739196923375,15.727414872130364
충북,충청북도,제천시,건설업,2023,1870.150931435386,2355.09,212_DT_2020Y33GRDP2,충청북도 경제활동별 지역내총부가가치 및 요소소득,2026-02-19,484.9390685646142,20.59110558681894
충북,충청북도,제천시,문화 및 기타서비스업,2021,1546.688811917077,2798.8,212_DT_2020Y33GRDP2,충청북도 경제활동별 지역내총부가가치 및 요소소득,2025-03-17,1252.1111880829233,44.737429901490756
충북,충청북도,제천시,문화 및 기타서비스업,2022,2959.295026106438,1461.73,212_DT_2020Y33GRDP2,충청북도 경제활동별 지역내총부가가치 및 요소소득,2025-03-17,1497.565026106438,102.4515489253445
충북,충청북도,제천시,사업서비스업,2022,1074.0666600954285,1215.6,212_DT_2020Y33GRDP2,충청북도 경제활동별 지역내총부가가치 및 요소소득,2025-03-17,141.53333990457145,11.643084888497159
충북,충청북도,제천시,숙박 및 음식점업,2022,1020.7246906396933,1298.33,212_DT_2020Y33GRDP2,충청북도 경제활동별 지역내총부가가치 및 요소소득,2025-03-17,277.6053093603066,21.381721855021958
충북,충청북도,제천시,숙박 및 음식점업,2023,1280.0517271718843,1145.86,212_DT_2020Y33GRDP2,충청북도 경제활동별 지역내총부가가치 및 요소소득,2026-02-19,134.1917271718844,11.711005460691917
충북,충청북도,제천시,운수 및 창고업,2023,3457.2750803061604,2689.02,212_DT_2020Y33GRDP2,충청북도 경제활동별 지역내총부가가치 및 요소소득,2026-02-19,768.2550803061604,28.570076842350016
충북,충청북도,증평군,"광업, 제조업",2021,5424.716563371841,6766.48,212_DT_2020Y33GRDP2,충청북도 경제활동별 지역내총부가가치 및 요소소득,2025-03-17,1341.7634366281582,19.829563327286245
충북,충청북도,증평군,"광업, 제조업",2022,6930.31440074752,8076.48,212_DT_2020Y33GRDP2,충청북도 경제활동별 지역내총부가가치 및 요소소득,2025-03-17,1146.1655992524793,14.19140020469907
충북,충청북도,증평군,사업서비스업,2021,1658.5538127873556,1143.46,212_DT_2020Y33GRDP2,충청북도 경제활동별 지역내총부가가치 및 요소소득,2025-03-17,515.0938127873555,45.04694635469151
충북,충청북도,증평군,사업서비스업,2022,1173.222008705144,1508.12,212_DT_2020Y33GRDP2,충청북도 경제활동별 지역내총부가가치 및 요소소득,2025-03-17,334.89799129485596,22.206322527044
충북,충청북도,증평군,사업서비스업,2023,1583.2130476439866,1307.71,212_DT_2020Y33GRDP2,충청북도 경제활동별 지역내총부가가치 및 요소소득,2026-02-19,275.5030476439865,21.067595081783157
충북,충청북도,진천군,건설업,2022,3419.4340043826815,2903.79,212_DT_2020Y33GRDP2,충청북도 경제활동별 지역내총부가가치 및 요소소득,2025-03-17,515.6440043826815,17.757620364512636
충북,충청북도,진천군,건설업,2023,2886.9957274433473,3300.8,212_DT_2020Y33GRDP2,충청북도 경제활동별 지역내총부가가치 및 요소소득,2026-02-19,413.8042725566529,12.536484263107518
충북,충청북도,진천군,교육 서비스업,2021,1903.1335966311358,2353.93,212_DT_2020Y33GRDP2,충청북도 경제활동별 지역내총부가가치 및 요소소득,2025-03-17,450.79640336886405,19.150799019888616
충북,충청북도,진천군,교육 서비스업,2022,2448.2750583824786,2203.63,212_DT_2020Y33GRDP2,충청북도 경제활동별 지역내총부가가치 및 요소소득,2025-03-17,244.6450583824785,11.101911772052409
충북,충청북도,진천군,사업서비스업,2021,2109.698698012601,2350.9,212_DT_2020Y33GRDP2,충청북도 경제활동별 지역내총부가가치 및 요소소득,2025-03-17,241.2013019873989,10.259955846160997
충북,충청북도,진천군,운수 및 창고업,2022,1717.01695005268,1105.12,212_DT_2020Y33GRDP2,충청북도 경제활동별 지역내총부가가치 및 요소소득,2025-03-17,611.89695005268,55.36927664440786
충북,충청북도,청주시,건설업,2022,16516.015607295594,23986.54,212_DT_2020Y33GRDP2,충청북도 경제활동별 지역내총부가가치 및 요소소득,2025-03-17,7470.524392704407,31.144651928558293
충북,충청북도,청주시,문화 및 기타서비스업,2021,9515.515250091255,8471.83,212_DT_2020Y33GRDP2,충청북도 경제활동별 지역내총부가가치 및 요소소득,2025-03-17,1043.6852500912555,12.31947820118269
충북,충청북도,충주시,건설업,2022,5856.141902628771,5037.37,212_DT_2020Y33GRDP2,충청북도 경제활동별 지역내총부가가치 및 요소소득,2025-03-17,818.7719026287714,16.253955985539505
충북,충청북도,충주시,"광업, 제조업",2021,33305.25192777104,29672.67,212_DT_2020Y33GRDP2,충청북도 경제활동별 지역내총부가가치 및 요소소득,2025-03-17,3632.58192777104,12.242180861280902
충북,충청북도,충주시,"광업, 제조업",2022,30391.123924053412,34990.799999999996,212_DT_2020Y33GRDP2,충청북도 경제활동별 지역내총부가가치 및 요소소득,2025-03-17,4599.676075946583,13.145387004431406
충북,충청북도,충주시,교육 서비스업,2023,3808.9304233368193,3103.83,212_DT_2020Y33GRDP2,충청북도 경제활동별 지역내총부가가치 및 요소소득,2026-02-19,705.1004233368194,22.717108325417932
충북,충청북도,충주시,금융 및 보험업,2022,3329.567230597296,3709.56,212_DT_2020Y33GRDP2,충청북도 경제활동별 지역내총부가가치 및 요소소득,2025-03-17,379.99276940270374,10.243607581565032
충북,충청북도,충주시,사업서비스업,2021,3126.0596634599333,2706.22,212_DT_2020Y33GRDP2,충청북도 경제활동별 지역내총부가가치 및 요소소득,2025-03-17,419.8396634599335,15.513877787464933
충북,충청북도,충주시,운수 및 창고업,2021,1692.1902513474415,1931.44,212_DT_2020Y33GRDP2,충청북도 경제활동별 지역내총부가가치 및 요소소득,2025-03-17,239.24974865255854,12.387117831905654
충북,충청북도,충주시,운수 및 창고업,2023,2642.827749534493,2201.76,212_DT_2020Y33GRDP2,충청북도 경제활동별 지역내총부가가치 및 요소소득,2026-02-19,441.0677495344926,20.03250806329902
충북,충청북도,충주시,정보통신업,2023,1471.976380129977,1308.8,212_DT_2020Y33GRDP2,충청북도 경제활동별 지역내총부가가치 및 요소소득,2026-02-19,163.17638012997713,12.467632956141285
