quarter_region,province_full,city,activity,year,predicted_eok,actual_eok,table_id,table_name,latest_change_date,abs_error_eok,ape_pct
경북,경상북도,예천군,정보통신업,2023,1213.2350877313515,40.45,216_DT_GRDP202037_02,경상북도 경제활동별 지역내총부가가치 및 요소소득,2026-06-22,1172.7850877313515,2899.3450870985203
전남,전라남도,신안군,사업서비스업,2022,1446.1044229874276,196.39,215_DT_2020Y36GRDP2,전라남도 경제활동별 지역내총부가가치 및 요소소득,2025-05-20,1249.7144229874275,636.3432063686682
인천,인천광역시,중구,정보통신업,2023,3701.5999123415695,551.15,204_DT_2020Y23GRDP2,인천광역시 경제활동별 지역내총부가가치 및 요소소득,2026-06-01,3150.4499123415694,571.6138823081864
인천,인천광역시,옹진군,정보통신업,2022,224.91942088780124,41.28,204_DT_2020Y23GRDP2,인천광역시 경제활동별 지역내총부가가치 및 요소소득,2025-06-17,183.63942088780124,444.86293819719293
경북,경상북도,청도군,정보통신업,2021,60.91207650085282,11.23,216_DT_GRDP202037_02,경상북도 경제활동별 지역내총부가가치 및 요소소득,2025-09-09,49.682076500852816,442.4049554839965
인천,인천광역시,동구,정보통신업,2022,734.4570752866717,136.71,204_DT_2020Y23GRDP2,인천광역시 경제활동별 지역내총부가가치 및 요소소득,2025-06-17,597.7470752866717,437.2372725379794
경기도,경기도,의왕시,정보통신업,2023,6479.153531723785,1232.27,210_DT_GRDP008_2020,경기도 경제활동별 지역내총부가가치 및 요소소득,2026-05-13,5246.8835317237845,425.7900891625849
인천,인천광역시,강화군,금융 및 보험업,2021,5547.167384465527,1148.86,204_DT_2020Y23GRDP2,인천광역시 경제활동별 지역내총부가가치 및 요소소득,2025-03-25,4398.307384465527,382.8410236639388
인천,인천광역시,옹진군,금융 및 보험업,2021,1598.888041076163,344.76,204_DT_2020Y23GRDP2,인천광역시 경제활동별 지역내총부가가치 및 요소소득,2025-03-25,1254.128041076163,363.7684305244701
충남,충청남도,계룡시,정보통신업,2021,812.5391752140982,177.52,213_DT_2020Y34GRDP2,충청남도 경제활동별 지역내총부가가치 및 요소소득,2025-06-12,635.0191752140983,357.7169756726556
서울,서울특별시,중구,건설업,2022,5161.523766606299,1209.14,201_DT_201012_D040031,서울특별시 경제활동별 지역내총부가가치 및 요소소득,2025-10-29,3952.383766606299,326.87561131103917
전북,전북특별자치도,진안군,운수 및 창고업,2022,320.96642052408305,78.03,214_DT_2020Y35GRDP2,전북특별자치도 경제활동별 지역내총부가가치 및 요소소득,2025-07-31,242.93642052408305,311.3372043112688
경북,경상북도,봉화군,정보통신업,2021,171.20613192709257,43.73,216_DT_GRDP202037_02,경상북도 경제활동별 지역내총부가가치 및 요소소득,2025-09-09,127.47613192709258,291.50727630252135
서울,서울특별시,종로구,건설업,2022,3109.421022098851,858.1,201_DT_201012_D040031,서울특별시 경제활동별 지역내총부가가치 및 요소소득,2025-10-29,2251.3210220988512,262.3611492948201
서울,서울특별시,송파구,건설업,2022,8575.282060136342,2398.45,201_DT_201012_D040031,서울특별시 경제활동별 지역내총부가가치 및 요소소득,2025-10-29,6176.832060136342,257.53432675837905
인천,인천광역시,옹진군,"광업, 제조업",2021,154.80845531979082,49.54,204_DT_2020Y23GRDP2,인천광역시 경제활동별 지역내총부가가치 및 요소소득,2025-03-25,105.26845531979083,212.49183552642478
충남,충청남도,태안군,사업서비스업,2021,2558.2280154890736,901.84,213_DT_2020Y34GRDP2,충청남도 경제활동별 지역내총부가가치 및 요소소득,2025-06-12,1656.3880154890735,183.66761459783035
경북,경상북도,군위군,교육 서비스업,2023,292.44756024637155,104.93,216_DT_GRDP202037_02,경상북도 경제활동별 지역내총부가가치 및 요소소득,2026-06-22,187.51756024637154,178.7072908094649
서울,서울특별시,은평구,건설업,2022,5440.85559307105,1955.57,201_DT_201012_D040031,서울특별시 경제활동별 지역내총부가가치 및 요소소득,2025-10-29,3485.2855930710502,178.2235150401699
경기도,경기도,김포시,정보통신업,2022,3405.9533578961978,1316.1,210_DT_GRDP008_2020,경기도 경제활동별 지역내총부가가치 및 요소소득,2026-05-13,2089.853357896198,158.79138043432854
서울,서울특별시,도봉구,건설업,2022,2439.697240616876,942.78,201_DT_201012_D040031,서울특별시 경제활동별 지역내총부가가치 및 요소소득,2025-10-29,1496.9172406168761,158.77694060299075
서울,서울특별시,마포구,건설업,2022,4777.9790214789155,1909.24,201_DT_201012_D040031,서울특별시 경제활동별 지역내총부가가치 및 요소소득,2025-10-29,2868.7390214789157,150.25554783468374
서울,서울특별시,강남구,건설업,2022,18842.208729989285,7578.41,201_DT_201012_D040031,서울특별시 경제활동별 지역내총부가가치 및 요소소득,2025-10-29,11263.798729989285,148.63010486354372
충남,충청남도,금산군,금융 및 보험업,2021,505.431168037336,215.81,213_DT_2020Y34GRDP2,충청남도 경제활동별 지역내총부가가치 및 요소소득,2025-06-12,289.621168037336,134.20192207837266
서울,서울특별시,강동구,"광업, 제조업",2021,4415.411007297629,1887.31,201_DT_201012_D040031,서울특별시 경제활동별 지역내총부가가치 및 요소소득,2025-10-29,2528.101007297629,133.95261018580038
충남,충청남도,청양군,금융 및 보험업,2021,301.7470830850197,133.2,213_DT_2020Y34GRDP2,충청남도 경제활동별 지역내총부가가치 및 요소소득,2025-06-12,168.54708308501972,126.53684916292774
충남,충청남도,예산군,사업서비스업,2021,1323.0920422180793,587.66,213_DT_2020Y34GRDP2,충청남도 경제활동별 지역내총부가가치 및 요소소득,2025-06-12,735.4320422180793,125.14583980840612
서울,서울특별시,성동구,건설업,2022,4619.654966253207,2081.52,201_DT_201012_D040031,서울특별시 경제활동별 지역내총부가가치 및 요소소득,2025-10-29,2538.134966253207,121.93661200724503
서울,서울특별시,서대문구,건설업,2022,4094.9445871432386,1845.56,201_DT_201012_D040031,서울특별시 경제활동별 지역내총부가가치 및 요소소득,2025-10-29,2249.3845871432386,121.88087015015708
서울,서울특별시,영등포구,건설업,2023,16947.741358221276,7680.03,201_DT_201012_D040031,서울특별시 경제활동별 지역내총부가가치 및 요소소득,2026-06-19,9267.711358221277,120.67285359850517
서울,서울특별시,구로구,건설업,2023,8228.572630404133,3816.29,201_DT_201012_D040031,서울특별시 경제활동별 지역내총부가가치 및 요소소득,2026-06-19,4412.282630404133,115.61706868199568
인천,인천광역시,옹진군,숙박 및 음식점업,2022,442.3553834533835,205.49,204_DT_2020Y23GRDP2,인천광역시 경제활동별 지역내총부가가치 및 요소소득,2025-06-17,236.86538345338352,115.26856949407929
경북,경상북도,영덕군,교육 서비스업,2021,1123.3424046843538,529.74,216_DT_GRDP202037_02,경상북도 경제활동별 지역내총부가가치 및 요소소득,2026-06-22,593.6024046843538,112.05542429953445
경기도,경기도,양평군,문화 및 기타서비스업,2022,2964.5183065941346,1404.15,210_DT_GRDP008_2020,경기도 경제활동별 지역내총부가가치 및 요소소득,2026-05-13,1560.3683065941345,111.12547139508844
전남,전라남도,보성군,사업서비스업,2022,222.97641100851962,106.16,215_DT_2020Y36GRDP2,전라남도 경제활동별 지역내총부가가치 및 요소소득,2025-12-08,116.81641100851962,110.03806613462663
충남,충청남도,계룡시,도매 및 소매업,2021,1146.9204323239271,547.17,213_DT_2020Y34GRDP2,충청남도 경제활동별 지역내총부가가치 및 요소소득,2025-06-12,599.7504323239272,109.60952397315774
전남,전라남도,강진군,도매 및 소매업,2021,1099.398095765075,524.6,215_DT_2020Y36GRDP2,전라남도 경제활동별 지역내총부가가치 및 요소소득,2025-05-20,574.7980957650749,109.56883258960634
충북,충청북도,진천군,정보통신업,2022,762.2189674099022,364.27,212_DT_2020Y33GRDP2,충청북도 경제활동별 지역내총부가가치 및 요소소득,2025-03-17,397.94896740990225,109.24560557001737
서울,서울특별시,강동구,건설업,2022,9627.136708597354,4601.69,201_DT_201012_D040031,서울특별시 경제활동별 지역내총부가가치 및 요소소득,2025-10-29,5025.446708597355,109.20871915746943
충남,충청남도,부여군,정보통신업,2021,302.1496430868772,144.77,213_DT_2020Y34GRDP2,충청남도 경제활동별 지역내총부가가치 및 요소소득,2025-06-12,157.37964308687717,108.71012163215939
서울,서울특별시,서초구,건설업,2022,10228.337895532768,4919.22,201_DT_201012_D040031,서울특별시 경제활동별 지역내총부가가치 및 요소소득,2025-10-29,5309.117895532768,107.92601053688932
울산,울산광역시,울주군,건설업,2021,9651.437575522647,4689.23,207_DT_GRDP_2020_02,울산광역시 경제활동별 지역내총부가가치 및 요소소득,2025-07-31,4962.207575522647,105.82137313637094
전남,전라남도,강진군,사업서비스업,2023,388.1922663699131,189.05,215_DT_2020Y36GRDP2,전라남도 경제활동별 지역내총부가가치 및 요소소득,2026-06-24,199.1422663699131,105.33841119804977
서울,서울특별시,용산구,건설업,2023,8757.595192838953,4294.56,201_DT_201012_D040031,서울특별시 경제활동별 지역내총부가가치 및 요소소득,2026-06-19,4463.035192838953,103.9229907799391
충북,충청북도,제천시,문화 및 기타서비스업,2022,2959.295026106438,1461.73,212_DT_2020Y33GRDP2,충청북도 경제활동별 지역내총부가가치 및 요소소득,2025-03-17,1497.565026106438,102.4515489253445
서울,서울특별시,성북구,건설업,2022,3798.272555102003,1906.9,201_DT_201012_D040031,서울특별시 경제활동별 지역내총부가가치 및 요소소득,2025-10-29,1891.372555102003,99.1857231685984
인천,인천광역시,강화군,정보통신업,2021,256.3128691870592,129.42,204_DT_2020Y23GRDP2,인천광역시 경제활동별 지역내총부가가치 및 요소소득,2025-03-25,126.89286918705923,98.04734135918656
서울,서울특별시,중랑구,건설업,2022,4436.527448653678,2246.75,201_DT_201012_D040031,서울특별시 경제활동별 지역내총부가가치 및 요소소득,2025-10-29,2189.777448653678,97.46422381901316
충남,충청남도,부여군,금융 및 보험업,2021,701.9734996965132,361.99,213_DT_2020Y34GRDP2,충청남도 경제활동별 지역내총부가가치 및 요소소득,2025-06-12,339.98349969651315,93.92068833296862
울산,울산광역시,북구,건설업,2021,5914.036107313246,3090.74,207_DT_GRDP_2020_02,울산광역시 경제활동별 지역내총부가가치 및 요소소득,2025-07-31,2823.2961073132465,91.3469300980751
경기도,경기도,연천군,운수 및 창고업,2023,2332.3964073628777,1219.43,210_DT_GRDP008_2020,경기도 경제활동별 지역내총부가가치 및 요소소득,2026-05-13,1112.9664073628776,91.26939696111114
서울,서울특별시,양천구,건설업,2023,4821.959627954331,2525.45,201_DT_201012_D040031,서울특별시 경제활동별 지역내총부가가치 및 요소소득,2026-06-19,2296.5096279543313,90.93467017578378
전남,전라남도,신안군,사업서비스업,2021,180.37279607037058,1409.42,215_DT_2020Y36GRDP2,전라남도 경제활동별 지역내총부가가치 및 요소소득,2025-05-20,1229.0472039296294,87.20233882942128
경북,경상북도,울진군,건설업,2023,3170.715270089512,1702.93,216_DT_GRDP202037_02,경상북도 경제활동별 지역내총부가가치 및 요소소득,2026-06-22,1467.785270089512,86.19175597878433
강원,강원특별자치도,영월군,건설업,2022,1089.5446002440303,585.29,211_DT_2020Y32GRDP2,강원특별자치도 경제활동별 지역내총부가가치 및 요소소득,2025-03-19,504.25460024403037,86.15465841617495
경기도,경기도,광명시,문화 및 기타서비스업,2021,5255.20624495816,2828.43,210_DT_GRDP008_2020,경기도 경제활동별 지역내총부가가치 및 요소소득,2026-05-13,2426.77624495816,85.79940974173518
경기도,경기도,과천시,"광업, 제조업",2023,467.83895962376954,3118.78,210_DT_GRDP008_2020,경기도 경제활동별 지역내총부가가치 및 요소소득,2026-05-13,2650.941040376231,84.99929589058
충남,충청남도,공주시,금융 및 보험업,2021,1504.379906690269,815.86,213_DT_2020Y34GRDP2,충청남도 경제활동별 지역내총부가가치 및 요소소득,2025-06-12,688.5199066902691,84.39191855100987
경북,경상북도,봉화군,정보통신업,2023,48.899271937538,301.91,216_DT_GRDP202037_02,경상북도 경제활동별 지역내총부가가치 및 요소소득,2026-06-22,253.01072806246202,83.80336128729158
서울,서울특별시,동작구,건설업,2023,6814.707387380391,3717.33,201_DT_201012_D040031,서울특별시 경제활동별 지역내총부가가치 및 요소소득,2026-06-19,3097.377387380391,83.32263714495058
서울,서울특별시,용산구,건설업,2021,6656.241335708889,3636.3,201_DT_201012_D040031,서울특별시 경제활동별 지역내총부가가치 및 요소소득,2025-10-29,3019.941335708889,83.04984010419626
전남,전라남도,무안군,문화 및 기타서비스업,2021,1792.124325416509,981.07,215_DT_2020Y36GRDP2,전라남도 경제활동별 지역내총부가가치 및 요소소득,2025-05-20,811.054325416509,82.67038288975394
인천,인천광역시,강화군,정보통신업,2023,120.92573360532981,66.34,204_DT_2020Y23GRDP2,인천광역시 경제활동별 지역내총부가가치 및 요소소득,2026-06-01,54.58573360532981,82.28178113555894
충북,충청북도,보은군,운수 및 창고업,2023,567.8114632276406,312.32,212_DT_2020Y33GRDP2,충청북도 경제활동별 지역내총부가가치 및 요소소득,2026-02-19,255.49146322764062,81.8043875600796
서울,서울특별시,관악구,건설업,2023,6663.695853818608,3677.14,201_DT_201012_D040031,서울특별시 경제활동별 지역내총부가가치 및 요소소득,2026-06-19,2986.5558538186083,81.21953077170325
경북,경상북도,영양군,도매 및 소매업,2023,8.037716008999555,4.44,216_DT_GRDP202037_02,경상북도 경제활동별 지역내총부가가치 및 요소소득,2026-06-22,3.597716008999554,81.02963984233229
서울,서울특별시,광진구,건설업,2023,7111.421338767437,3935.64,201_DT_201012_D040031,서울특별시 경제활동별 지역내총부가가치 및 요소소득,2026-06-19,3175.7813387674373,80.692881939594
서울,서울특별시,중구,건설업,2023,1202.1468542425068,5955.82,201_DT_201012_D040031,서울특별시 경제활동별 지역내총부가가치 및 요소소득,2026-06-19,4753.673145757493,79.81559459079511
인천,인천광역시,옹진군,금융 및 보험업,2022,354.1889514493445,197.87,204_DT_2020Y23GRDP2,인천광역시 경제활동별 지역내총부가가치 및 요소소득,2025-06-17,156.31895144934447,79.00083461330392
경북,경상북도,청도군,도매 및 소매업,2021,115.94353919516642,65.17,216_DT_GRDP202037_02,경상북도 경제활동별 지역내총부가가치 및 요소소득,2025-09-09,50.77353919516642,77.90937424453955
서울,서울특별시,강서구,건설업,2023,16474.623585648715,9269.82,201_DT_201012_D040031,서울특별시 경제활동별 지역내총부가가치 및 요소소득,2026-06-19,7204.803585648715,77.72323071697956
인천,인천광역시,동구,건설업,2023,1298.3174095221912,730.95,204_DT_2020Y23GRDP2,인천광역시 경제활동별 지역내총부가가치 및 요소소득,2026-06-01,567.3674095221911,77.62054990384993
경북,경상북도,성주군,정보통신업,2021,65.25358911678036,36.74,216_DT_GRDP202037_02,경상북도 경제활동별 지역내총부가가치 및 요소소득,2025-09-09,28.51358911678036,77.6091157234087
서울,서울특별시,종로구,건설업,2023,853.1371186343146,3776.25,201_DT_201012_D040031,서울특별시 경제활동별 지역내총부가가치 및 요소소득,2026-06-19,2923.1128813656856,77.40782208184537
경남,경상남도,산청군,문화 및 기타서비스업,2021,717.5593632191191,405.34,217_DT_2020Y38GRDP2,경상남도 경제활동별 지역내총부가가치 및 요소소득,2025-10-28,312.2193632191191,77.02653654194481
경기도,경기도,하남시,건설업,2022,10821.086110967008,6114.31,210_DT_GRDP008_2020,경기도 경제활동별 지역내총부가가치 및 요소소득,2026-05-13,4706.776110967007,76.97967736289144
서울,서울특별시,노원구,금융 및 보험업,2023,2656.0368383187033,11245.04,201_DT_201012_D040031,서울특별시 경제활동별 지역내총부가가치 및 요소소득,2026-06-19,8589.003161681298,76.38037002697453
인천,인천광역시,옹진군,도매 및 소매업,2022,261.04478103942415,148.02,204_DT_2020Y23GRDP2,인천광역시 경제활동별 지역내총부가가치 및 요소소득,2025-06-17,113.02478103942414,76.35777667843814
경북,경상북도,울릉군,사업서비스업,2022,40.363942614923445,169.06,216_DT_GRDP202037_02,경상북도 경제활동별 지역내총부가가치 및 요소소득,2025-09-09,128.69605738507656,76.12448680058947
경북,경상북도,울릉군,부동산업,2022,278.5817585384827,158.31,216_DT_GRDP202037_02,경상북도 경제활동별 지역내총부가가치 및 요소소득,2025-09-09,120.27175853848269,75.97230657474745
서울,서울특별시,강북구,건설업,2023,4572.978007374455,2624.08,201_DT_201012_D040031,서울특별시 경제활동별 지역내총부가가치 및 요소소득,2026-06-19,1948.8980073744551,74.26976339800827
경기도,경기도,김포시,정보통신업,2021,863.5464942896691,3328.43,210_DT_GRDP008_2020,경기도 경제활동별 지역내총부가가치 및 요소소득,2026-05-13,2464.8835057103306,74.05544072461583
경북,경상북도,김천시,정보통신업,2021,82.93598095200285,311.04,216_DT_GRDP202037_02,경상북도 경제활동별 지역내총부가가치 및 요소소득,2025-09-09,228.10401904799716,73.33591147376451
서울,서울특별시,금천구,건설업,2023,8061.246005225068,4655.45,201_DT_201012_D040031,서울특별시 경제활동별 지역내총부가가치 및 요소소득,2026-06-19,3405.7960052250683,73.1571814803095
제주,제주특별자치도,서귀포시,운수 및 창고업,2023,1938.3973428534098,1122.48,218_DT_2020GRDP39_02,제주특별자치도 경제활동별 지역내총부가가치 및 요소소득,2026-02-27,815.9173428534098,72.68880896349242
충남,충청남도,서천군,금융 및 보험업,2021,502.7730266771093,291.45,213_DT_2020Y34GRDP2,충청남도 경제활동별 지역내총부가가치 및 요소소득,2025-06-12,211.32302667710934,72.50747183980421
경북,경상북도,군위군,운수 및 창고업,2022,298.0805311776055,173.04,216_DT_GRDP202037_02,경상북도 경제활동별 지역내총부가가치 및 요소소득,2026-03-27,125.04053117760552,72.26105592788113
경북,경상북도,울릉군,사업서비스업,2021,67.6296606668976,39.34,216_DT_GRDP202037_02,경상북도 경제활동별 지역내총부가가치 및 요소소득,2025-09-09,28.289660666897603,71.91067785179868
강원,강원특별자치도,고성군,건설업,2022,1616.8706539284358,943.12,211_DT_2020Y32GRDP2,강원특별자치도 경제활동별 지역내총부가가치 및 요소소득,2025-03-19,673.7506539284358,71.43848650526293
경기도,경기도,구리시,정보통신업,2021,342.1940973910732,1192.57,210_DT_GRDP008_2020,경기도 경제활동별 지역내총부가가치 및 요소소득,2026-05-13,850.3759026089267,71.30616254047366
충남,충청남도,태안군,금융 및 보험업,2021,663.4144370734646,387.95,213_DT_2020Y34GRDP2,충청남도 경제활동별 지역내총부가가치 및 요소소득,2025-06-12,275.4644370734646,71.00513908324902
경기도,경기도,이천시,건설업,2023,16769.57777395456,9842.02,210_DT_GRDP008_2020,경기도 경제활동별 지역내총부가가치 및 요소소득,2026-05-13,6927.557773954559,70.38756041904567
경북,경상북도,울진군,사업서비스업,2021,2271.1238346936093,1333.67,216_DT_GRDP202037_02,경상북도 경제활동별 지역내총부가가치 및 요소소득,2025-09-09,937.4538346936092,70.29128905153517
인천,인천광역시,강화군,숙박 및 음식점업,2022,914.6882311451176,540.09,204_DT_2020Y23GRDP2,인천광역시 경제활동별 지역내총부가가치 및 요소소득,2025-06-17,374.59823114511755,69.35848305747515
전남,전라남도,신안군,운수 및 창고업,2023,771.7524415423692,455.76,215_DT_2020Y36GRDP2,전라남도 경제활동별 지역내총부가가치 및 요소소득,2026-06-24,315.9924415423692,69.33307915182753
경북,경상북도,성주군,정보통신업,2023,95.58058286087338,308.24,216_DT_GRDP202037_02,경상북도 경제활동별 지역내총부가가치 및 요소소득,2026-06-22,212.65941713912662,68.99150569008779
전북,전북특별자치도,진안군,운수 및 창고업,2023,91.72583167847296,295.63,214_DT_2020Y35GRDP2,전북특별자치도 경제활동별 지역내총부가가치 및 요소소득,2026-06-24,203.90416832152704,68.97275930099347
경기도,경기도,의왕시,정보통신업,2022,1979.2397392492098,6222.2,210_DT_GRDP008_2020,경기도 경제활동별 지역내총부가가치 및 요소소득,2026-05-13,4242.9602607507895,68.1906763001959
전북,전북특별자치도,진안군,금융 및 보험업,2022,117.99106936407127,70.19,214_DT_2020Y35GRDP2,전북특별자치도 경제활동별 지역내총부가가치 및 요소소득,2025-07-31,47.80106936407127,68.10239259733761
경기도,경기도,동두천시,정보통신업,2023,131.35952203833943,78.64,210_DT_GRDP008_2020,경기도 경제활동별 지역내총부가가치 및 요소소득,2026-05-13,52.719522038339434,67.03906668150996
경북,경상북도,고령군,정보통신업,2023,8.62193295661871,5.17,216_DT_GRDP202037_02,경상북도 경제활동별 지역내총부가가치 및 요소소득,2026-06-22,3.4519329566187107,66.76852914156115
경기도,경기도,가평군,정보통신업,2023,125.64280562145092,373.84,210_DT_GRDP008_2020,경기도 경제활동별 지역내총부가가치 및 요소소득,2026-05-13,248.19719437854906,66.39128888790634
충남,충청남도,서산시,건설업,2022,14999.489905381106,9017.69,213_DT_2020Y34GRDP2,충청남도 경제활동별 지역내총부가가치 및 요소소득,2025-06-12,5981.799905381105,66.33406011274623
부산,부산광역시,중구,건설업,2021,2414.1998439432323,1454.49,202_DT_F10108,부산광역시 경제활동별 지역내총부가가치 및 요소소득,2025-03-31,959.7098439432323,65.98256735647769
충북,충청북도,단양군,금융 및 보험업,2023,705.3668895272458,425.06,212_DT_2020Y33GRDP2,충청북도 경제활동별 지역내총부가가치 및 요소소득,2026-02-19,280.3068895272458,65.94525232372978
전남,전라남도,무안군,건설업,2021,3013.075478148346,1816.18,215_DT_2020Y36GRDP2,전라남도 경제활동별 지역내총부가가치 및 요소소득,2025-05-20,1196.895478148346,65.9018091900773
경기도,경기도,가평군,정보통신업,2021,212.30869357738152,128.05,210_DT_GRDP008_2020,경기도 경제활동별 지역내총부가가치 및 요소소득,2026-05-13,84.25869357738151,65.80140068518665
인천,인천광역시,옹진군,정보통신업,2023,42.98470923299763,124.69,204_DT_2020Y23GRDP2,인천광역시 경제활동별 지역내총부가가치 및 요소소득,2026-06-01,81.70529076700237,65.52673892613872
서울,서울특별시,영등포구,건설업,2021,12196.400294319801,7375.23,201_DT_201012_D040031,서울특별시 경제활동별 지역내총부가가치 및 요소소득,2025-10-29,4821.1702943198015,65.36976195074325
인천,인천광역시,동구,숙박 및 음식점업,2022,422.1427879760446,255.77,204_DT_2020Y23GRDP2,인천광역시 경제활동별 지역내총부가가치 및 요소소득,2025-06-17,166.37278797604458,65.04781169646346
부산,부산광역시,강서구,건설업,2022,6987.567593452697,4238.31,202_DT_F10108,부산광역시 경제활동별 지역내총부가가치 및 요소소득,2025-03-31,2749.2575934526967,64.86683591933333
부산,부산광역시,부산진구,"광업, 제조업",2021,2524.9249479632244,1534.48,202_DT_F10108,부산광역시 경제활동별 지역내총부가가치 및 요소소득,2025-03-31,990.4449479632244,64.54596657911634
서울,서울특별시,은평구,정보통신업,2022,1935.65776410994,5397.1,201_DT_201012_D040031,서울특별시 경제활동별 지역내총부가가치 및 요소소득,2025-10-29,3461.44223589006,64.13522513738971
강원,강원특별자치도,인제군,건설업,2021,2115.9497050211157,1294.75,211_DT_2020Y32GRDP2,강원특별자치도 경제활동별 지역내총부가가치 및 요소소득,2025-03-19,821.1997050211157,63.42534891068667
전남,전라남도,고흥군,운수 및 창고업,2023,325.7836343889785,199.6,215_DT_2020Y36GRDP2,전라남도 경제활동별 지역내총부가가치 및 요소소득,2026-06-24,126.1836343889785,63.21825370189303
경기도,경기도,과천시,문화 및 기타서비스업,2022,3323.0108671920298,8952.87,210_DT_GRDP008_2020,경기도 경제활동별 지역내총부가가치 및 요소소득,2026-05-13,5629.859132807971,62.88328918891898
경북,경상북도,군위군,사업서비스업,2021,231.32567787397238,142.03,216_DT_GRDP202037_02,경상북도 경제활동별 지역내총부가가치 및 요소소득,2025-09-09,89.29567787397238,62.87099758781412
충남,충청남도,서천군,건설업,2022,1940.9517237882953,1192.62,213_DT_2020Y34GRDP2,충청남도 경제활동별 지역내총부가가치 및 요소소득,2025-06-12,748.3317237882954,62.7468702342989
경북,경상북도,울릉군,운수 및 창고업,2023,319.6239091807868,197.4,216_DT_GRDP202037_02,경상북도 경제활동별 지역내총부가가치 및 요소소득,2026-06-22,122.22390918078682,61.91687395176637
경북,경상북도,영양군,도매 및 소매업,2022,3.213560563983063,8.31,216_DT_GRDP202037_02,경상북도 경제활동별 지역내총부가가치 및 요소소득,2025-09-09,5.096439436016937,61.328994416569635
충북,충청북도,옥천군,정보통신업,2021,171.76245640802802,442.92,212_DT_2020Y33GRDP2,충청북도 경제활동별 지역내총부가가치 및 요소소득,2025-03-17,271.157543591972,61.22043339473765
서울,서울특별시,강남구,건설업,2023,7534.5797357294905,19306.06,201_DT_201012_D040031,서울특별시 경제활동별 지역내총부가가치 및 요소소득,2026-06-19,11771.48026427051,60.97298083747026
경북,경상북도,영덕군,정보통신업,2021,129.28544604013388,330.22,216_DT_GRDP202037_02,경상북도 경제활동별 지역내총부가가치 및 요소소득,2025-09-09,200.93455395986615,60.84869298039675
대구,대구광역시,남구,"광업, 제조업",2021,1113.5688750432882,693.7,203_DT_2020Y22GRDP2,대구광역시 경제활동별 지역내총부가가치 및 요소소득,2025-09-05,419.8688750432882,60.526001880249126
강원,강원특별자치도,강릉시,건설업,2022,11447.59571675779,7141.29,211_DT_2020Y32GRDP2,강원특별자치도 경제활동별 지역내총부가가치 및 요소소득,2025-03-19,4306.305716757791,60.30151018594386
서울,서울특별시,송파구,건설업,2023,2384.5783966769277,6006.06,201_DT_201012_D040031,서울특별시 경제활동별 지역내총부가가치 및 요소소득,2026-06-19,3621.4816033230727,60.2971266241608
서울,서울특별시,성동구,건설업,2023,2069.481383498075,5154.11,201_DT_201012_D040031,서울특별시 경제활동별 지역내총부가가치 및 요소소득,2026-06-19,3084.6286165019246,59.847939149570436
대전,대전광역시,서구,"광업, 제조업",2021,2766.598206811377,1734.09,206_DT_2020Y25GRDP2,대전광역시 경제활동별 지역내총부가가치 및 요소소득,2025-04-10,1032.5082068113772,59.541788881279366
경북,경상북도,성주군,정보통신업,2022,37.59572121664157,91.79,216_DT_GRDP202037_02,경상북도 경제활동별 지역내총부가가치 및 요소소득,2025-09-09,54.194278783358435,59.041593619521116
전남,전라남도,보성군,부동산업,2021,646.5130245736648,406.86,215_DT_2020Y36GRDP2,전라남도 경제활동별 지역내총부가가치 및 요소소득,2025-05-20,239.65302457366477,58.90306851832688
경북,경상북도,예천군,건설업,2022,1338.498244778633,844.27,216_DT_GRDP202037_02,경상북도 경제활동별 지역내총부가가치 및 요소소득,2025-09-09,494.2282447786331,58.53912193713305
서울,서울특별시,동대문구,건설업,2022,5826.884724087668,3677.66,201_DT_201012_D040031,서울특별시 경제활동별 지역내총부가가치 및 요소소득,2025-10-29,2149.2247240876677,58.440005984448476
전남,전라남도,영암군,사업서비스업,2023,1514.1576977553693,956.3,215_DT_2020Y36GRDP2,전라남도 경제활동별 지역내총부가가치 및 요소소득,2026-06-24,557.8576977553694,58.33500969940075
서울,서울특별시,용산구,건설업,2022,3672.346507732649,8808.54,201_DT_201012_D040031,서울특별시 경제활동별 지역내총부가가치 및 요소소득,2025-10-29,5136.193492267352,58.309248663993706
경북,경상북도,울릉군,"광업, 제조업",2023,101.63265127297262,64.27,216_DT_GRDP202037_02,경상북도 경제활동별 지역내총부가가치 및 요소소득,2026-06-22,37.36265127297263,58.133890264466515
전남,전라남도,화순군,사업서비스업,2022,1192.1727463792067,754.75,215_DT_2020Y36GRDP2,전라남도 경제활동별 지역내총부가가치 및 요소소득,2025-12-08,437.4227463792067,57.955978321193335
경북,경상북도,영양군,사업서비스업,2022,138.62664684042468,87.94,216_DT_GRDP202037_02,경상북도 경제활동별 지역내총부가가치 및 요소소득,2025-09-09,50.686646840424686,57.63776079193165
서울,서울특별시,은평구,정보통신업,2023,5619.979995189233,3568.0,201_DT_201012_D040031,서울특별시 경제활동별 지역내총부가가치 및 요소소득,2026-06-19,2051.979995189233,57.51065008938433
인천,인천광역시,중구,정보통신업,2022,1515.8320552489836,3554.8,204_DT_2020Y23GRDP2,인천광역시 경제활동별 지역내총부가가치 및 요소소득,2025-06-17,2038.9679447510166,57.35816205555915
경북,경상북도,청송군,운수 및 창고업,2023,270.675253137065,172.17,216_DT_GRDP202037_02,경상북도 경제활동별 지역내총부가가치 및 요소소득,2026-06-22,98.50525313706501,57.213947341037944
전북,전북특별자치도,순창군,보건 및 사회복지업,2021,1061.8310432604023,676.8,214_DT_2020Y35GRDP2,전북특별자치도 경제활동별 지역내총부가가치 및 요소소득,2025-07-31,385.0310432604024,56.889929559752126
대구,대구광역시,달성군,교육 서비스업,2022,1361.4332640184343,3143.74,203_DT_2020Y22GRDP2,대구광역시 경제활동별 지역내총부가가치 및 요소소득,2025-09-05,1782.3067359815655,56.69383396787156
경남,경상남도,의령군,숙박 및 음식점업,2021,167.2321315739044,385.4,217_DT_2020Y38GRDP2,경상남도 경제활동별 지역내총부가가치 및 요소소득,2025-10-28,218.16786842609557,56.60816513391167
경기도,경기도,양평군,문화 및 기타서비스업,2021,1217.280053869968,2803.74,210_DT_GRDP008_2020,경기도 경제활동별 지역내총부가가치 및 요소소득,2026-05-13,1586.4599461300318,56.58370412841533
서울,서울특별시,영등포구,건설업,2022,7448.340382868593,17046.33,201_DT_201012_D040031,서울특별시 경제활동별 지역내총부가가치 및 요소소득,2025-10-29,9597.989617131409,56.305313912915025
전북,전북특별자치도,고창군,건설업,2021,1704.8553545815066,1091.01,214_DT_2020Y35GRDP2,전북특별자치도 경제활동별 지역내총부가가치 및 요소소득,2025-07-31,613.8453545815066,56.26395308764417
인천,인천광역시,동구,건설업,2021,2161.603857152221,1383.35,204_DT_2020Y23GRDP2,인천광역시 경제활동별 지역내총부가가치 및 요소소득,2025-03-25,778.2538571522209,56.25863715995381
울산,울산광역시,동구,교육 서비스업,2021,3792.9492976371334,2431.65,207_DT_GRDP_2020_02,울산광역시 경제활동별 지역내총부가가치 및 요소소득,2025-07-31,1361.2992976371333,55.98253439586838
강원,강원특별자치도,인제군,건설업,2022,1307.5848089780402,840.88,211_DT_2020Y32GRDP2,강원특별자치도 경제활동별 지역내총부가가치 및 요소소득,2025-03-19,466.7048089780402,55.50195140543719
충북,충청북도,진천군,운수 및 창고업,2022,1717.01695005268,1105.12,212_DT_2020Y33GRDP2,충청북도 경제활동별 지역내총부가가치 및 요소소득,2025-03-17,611.89695005268,55.36927664440786
서울,서울특별시,서초구,건설업,2023,4890.769347078771,10886.79,201_DT_201012_D040031,서울특별시 경제활동별 지역내총부가가치 및 요소소득,2026-06-19,5996.02065292123,55.0761119937211
경북,경상북도,문경시,정보통신업,2021,246.56082828595564,159.18,216_DT_GRDP202037_02,경상북도 경제활동별 지역내총부가가치 및 요소소득,2025-09-09,87.38082828595563,54.89435122876971
전남,전라남도,완도군,운수 및 창고업,2023,918.4926128665238,593.12,215_DT_2020Y36GRDP2,전라남도 경제활동별 지역내총부가가치 및 요소소득,2026-06-24,325.3726128665238,54.85780497479832
전북,전북특별자치도,장수군,금융 및 보험업,2022,95.29692289256641,61.56,214_DT_2020Y35GRDP2,전북특별자치도 경제활동별 지역내총부가가치 및 요소소득,2025-07-31,33.73692289256641,54.80331853893179
충북,충청북도,보은군,사업서비스업,2023,160.0723586350921,103.78,212_DT_2020Y33GRDP2,충청북도 경제활동별 지역내총부가가치 및 요소소득,2026-02-19,56.292358635092086,54.242010633158685
전북,전북특별자치도,진안군,사업서비스업,2023,221.84214865403763,144.26,214_DT_2020Y35GRDP2,전북특별자치도 경제활동별 지역내총부가가치 및 요소소득,2026-06-24,77.58214865403764,53.77939044366952
부산,부산광역시,동구,부동산업,2021,6369.216849901162,4143.47,202_DT_F10108,부산광역시 경제활동별 지역내총부가가치 및 요소소득,2025-03-31,2225.746849901162,53.71697755507249
충남,충청남도,논산시,금융 및 보험업,2021,1744.8723105584966,1135.31,213_DT_2020Y34GRDP2,충청남도 경제활동별 지역내총부가가치 및 요소소득,2025-06-12,609.5623105584966,53.69126587086317
경기도,경기도,연천군,사업서비스업,2023,361.8844666099747,235.64,210_DT_GRDP008_2020,경기도 경제활동별 지역내총부가가치 및 요소소득,2026-05-13,126.24446660997472,53.57514284925086
대구,대구광역시,남구,교육 서비스업,2022,4447.412454021671,2896.94,203_DT_2020Y22GRDP2,대구광역시 경제활동별 지역내총부가가치 및 요소소득,2025-09-05,1550.4724540216707,53.52104130640161
울산,울산광역시,중구,건설업,2022,1527.8872227494012,3281.25,207_DT_GRDP_2020_02,울산광역시 경제활동별 지역내총부가가치 및 요소소득,2025-07-31,1753.3627772505988,53.43581797335158
울산,울산광역시,남구,정보통신업,2022,4911.317143465098,3204.48,207_DT_GRDP_2020_02,울산광역시 경제활동별 지역내총부가가치 및 요소소득,2025-07-31,1706.8371434650976,53.26409100587607
울산,울산광역시,울주군,교육 서비스업,2021,2768.9440875721957,5915.15,207_DT_GRDP_2020_02,울산광역시 경제활동별 지역내총부가가치 및 요소소득,2025-07-31,3146.205912427804,53.18894554538438
전북,전북특별자치도,임실군,금융 및 보험업,2022,114.04604797653941,74.57,214_DT_2020Y35GRDP2,전북특별자치도 경제활동별 지역내총부가가치 및 요소소득,2025-07-31,39.47604797653942,52.93824322990402
경남,경상남도,남해군,문화 및 기타서비스업,2021,710.9817703054513,466.06,217_DT_2020Y38GRDP2,경상남도 경제활동별 지역내총부가가치 및 요소소득,2025-10-28,244.92177030545128,52.55155351359294
서울,서울특별시,도봉구,건설업,2023,937.3273659317783,1966.84,201_DT_201012_D040031,서울특별시 경제활동별 지역내총부가가치 및 요소소득,2026-06-19,1029.5126340682216,52.343486713114515
부산,부산광역시,동구,건설업,2022,2807.457046130955,1843.0,202_DT_F10108,부산광역시 경제활동별 지역내총부가가치 및 요소소득,2025-03-31,964.457046130955,52.33082181936815
경기도,경기도,동두천시,사업서비스업,2022,517.8363456469715,340.68,210_DT_GRDP008_2020,경기도 경제활동별 지역내총부가가치 및 요소소득,2026-05-13,177.1563456469715,52.000805931364184
서울,서울특별시,마포구,건설업,2023,1898.1977769273728,3953.64,201_DT_201012_D040031,서울특별시 경제활동별 지역내총부가가치 및 요소소득,2026-06-19,2055.442223072627,51.988603491279605
경북,경상북도,칠곡군,정보통신업,2022,224.90918797511299,148.17,216_DT_GRDP202037_02,경상북도 경제활동별 지역내총부가가치 및 요소소득,2025-09-09,76.739187975113,51.79131266458326
충북,충청북도,괴산군,사업서비스업,2023,593.9620920261591,1213.25,212_DT_2020Y33GRDP2,충청북도 경제활동별 지역내총부가가치 및 요소소득,2026-02-19,619.2879079738409,51.043717945505115
충북,충청북도,단양군,금융 및 보험업,2022,344.7887051743662,701.1,212_DT_2020Y33GRDP2,충청북도 경제활동별 지역내총부가가치 및 요소소득,2025-03-17,356.3112948256338,50.8217507952694
서울,서울특별시,강서구,건설업,2022,8154.895690114948,16570.46,201_DT_201012_D040031,서울특별시 경제활동별 지역내총부가가치 및 요소소득,2025-10-29,8415.564309885052,50.786546118122565
경북,경상북도,청도군,부동산업,2023,654.801227573485,1330.28,216_DT_GRDP202037_02,경상북도 경제활동별 지역내총부가가치 및 요소소득,2026-06-22,675.478772426515,50.77718769180285
서울,서울특별시,동작구,"광업, 제조업",2021,815.1534565968709,541.96,201_DT_201012_D040031,서울특별시 경제활동별 지역내총부가가치 및 요소소득,2025-10-29,273.1934565968709,50.40841696746454
충남,충청남도,보령시,사업서비스업,2021,1435.713523307656,2893.92,213_DT_2020Y34GRDP2,충청남도 경제활동별 지역내총부가가치 및 요소소득,2025-06-12,1458.206476692344,50.38862431208686
경기도,경기도,과천시,사업서비스업,2023,5957.435898790169,11991.94,210_DT_GRDP008_2020,경기도 경제활동별 지역내총부가가치 및 요소소득,2026-05-13,6034.504101209832,50.321333338974604
울산,울산광역시,중구,정보통신업,2022,1314.059482862011,2629.16,207_DT_GRDP_2020_02,울산광역시 경제활동별 지역내총부가가치 및 요소소득,2025-07-31,1315.1005171379888,50.01979784942677
울산,울산광역시,남구,건설업,2021,6576.957657007981,13150.5,207_DT_GRDP_2020_02,울산광역시 경제활동별 지역내총부가가치 및 요소소득,2025-07-31,6573.542342992019,49.987014508893346
울산,울산광역시,동구,건설업,2022,1070.6693269636294,2137.88,207_DT_GRDP_2020_02,울산광역시 경제활동별 지역내총부가가치 및 요소소득,2025-07-31,1067.2106730363707,49.91911019497683
충북,충청북도,괴산군,건설업,2021,1366.2340137748893,912.59,212_DT_2020Y33GRDP2,충청북도 경제활동별 지역내총부가가치 및 요소소득,2025-03-17,453.64401377488923,49.70950961273839
전북,전북특별자치도,장수군,도매 및 소매업,2021,303.4446334394375,202.74,214_DT_2020Y35GRDP2,전북특별자치도 경제활동별 지역내총부가가치 및 요소소득,2025-07-31,100.70463343943749,49.67181288321865
인천,인천광역시,연수구,정보통신업,2022,3933.101855031552,2629.37,204_DT_2020Y23GRDP2,인천광역시 경제활동별 지역내총부가가치 및 요소소득,2025-06-17,1303.7318550315522,49.58343082303184
서울,서울특별시,성북구,"광업, 제조업",2021,2805.228447949021,1876.51,201_DT_201012_D040031,서울특별시 경제활동별 지역내총부가가치 및 요소소득,2025-10-29,928.7184479490209,49.49179316651768
대구,대구광역시,달성군,운수 및 창고업,2021,3003.5426280279635,2009.83,203_DT_2020Y22GRDP2,대구광역시 경제활동별 지역내총부가가치 및 요소소득,2025-09-05,993.7126280279635,49.44262091957845
경북,경상북도,청송군,사업서비스업,2023,111.08904112516686,217.47,216_DT_GRDP202037_02,경상북도 경제활동별 지역내총부가가치 및 요소소득,2026-06-22,106.38095887483314,48.917532935500596
경북,경상북도,의성군,도매 및 소매업,2023,949.3983785551868,637.71,216_DT_GRDP202037_02,경상북도 경제활동별 지역내총부가가치 및 요소소득,2026-06-22,311.6883785551868,48.8761942819129
전남,전라남도,영암군,사업서비스업,2022,738.4631524717552,1442.34,215_DT_2020Y36GRDP2,전라남도 경제활동별 지역내총부가가치 및 요소소득,2025-12-08,703.8768475282448,48.801034952108715
전남,전라남도,장성군,정보통신업,2023,218.2973460175781,146.93,215_DT_2020Y36GRDP2,전라남도 경제활동별 지역내총부가가치 및 요소소득,2026-06-24,71.36734601757809,48.57234466588041
전북,전북특별자치도,순창군,운수 및 창고업,2022,172.1461031079054,115.89,214_DT_2020Y35GRDP2,전북특별자치도 경제활동별 지역내총부가가치 및 요소소득,2025-07-31,56.25610310790539,48.542672454832505
전남,전라남도,장흥군,부동산업,2023,382.6078022742091,743.35,215_DT_2020Y36GRDP2,전라남도 경제활동별 지역내총부가가치 및 요소소득,2026-06-24,360.7421977257909,48.52925240139785
충남,충청남도,서천군,정보통신업,2021,97.35678416370189,188.75,213_DT_2020Y34GRDP2,충청남도 경제활동별 지역내총부가가치 및 요소소득,2025-06-12,91.39321583629811,48.420246800687735
인천,인천광역시,남동구,정보통신업,2023,2434.4881565938585,4713.1,204_DT_2020Y23GRDP2,인천광역시 경제활동별 지역내총부가가치 및 요소소득,2026-06-15,2278.611843406142,48.34635045736652
전남,전라남도,무안군,금융 및 보험업,2022,2122.657796835663,1430.88,215_DT_2020Y36GRDP2,전라남도 경제활동별 지역내총부가가치 및 요소소득,2025-05-20,691.7777968356627,48.34631812840089
인천,인천광역시,부평구,정보통신업,2023,4573.5605668359385,3087.6,204_DT_2020Y23GRDP2,인천광역시 경제활동별 지역내총부가가치 및 요소소득,2026-06-15,1485.9605668359386,48.12671870825038
전남,전라남도,진도군,사업서비스업,2023,66.80879396338707,128.54,215_DT_2020Y36GRDP2,전라남도 경제활동별 지역내총부가가치 및 요소소득,2026-06-24,61.73120603661292,48.02489967061842
경기도,경기도,남양주시,건설업,2022,14941.470405650818,10097.24,210_DT_GRDP008_2020,경기도 경제활동별 지역내총부가가치 및 요소소득,2026-05-13,4844.230405650818,47.97578749886918
대구,대구광역시,중구,"광업, 제조업",2021,2271.869184215364,1544.02,203_DT_2020Y22GRDP2,대구광역시 경제활동별 지역내총부가가치 및 요소소득,2025-09-05,727.849184215364,47.13988058544345
경북,경상북도,청송군,운수 및 창고업,2021,296.33534837332536,201.49,216_DT_GRDP202037_02,경상북도 경제활동별 지역내총부가가치 및 요소소득,2025-09-09,94.84534837332535,47.07198787697918
경기도,경기도,광명시,건설업,2023,4295.7109293593785,8080.18,210_DT_GRDP008_2020,경기도 경제활동별 지역내총부가가치 및 요소소득,2026-05-13,3784.469070640622,46.83644511187401
전남,전라남도,진도군,사업서비스업,2021,126.70296792308295,86.43,215_DT_2020Y36GRDP2,전라남도 경제활동별 지역내총부가가치 및 요소소득,2025-12-08,40.272967923082945,46.59605220766278
전남,전라남도,순천시,사업서비스업,2022,4844.97616938616,3305.39,215_DT_2020Y36GRDP2,전라남도 경제활동별 지역내총부가가치 및 요소소득,2025-12-08,1539.5861693861602,46.578048865221966
서울,서울특별시,광진구,건설업,2022,3826.8126954393038,7152.79,201_DT_201012_D040031,서울특별시 경제활동별 지역내총부가가치 및 요소소득,2025-10-29,3325.977304560696,46.49902072562869
서울,서울특별시,강북구,건설업,2022,2465.429822916749,4599.58,201_DT_201012_D040031,서울특별시 경제활동별 지역내총부가가치 및 요소소득,2025-10-29,2134.150177083251,46.39880547970143
인천,인천광역시,중구,금융 및 보험업,2021,1187.6554246960197,2215.61,204_DT_2020Y23GRDP2,인천광역시 경제활동별 지역내총부가가치 및 요소소득,2025-03-25,1027.9545753039804,46.396007208126896
부산,부산광역시,남구,운수 및 창고업,2022,10267.00022784381,7028.38,202_DT_F10108,부산광역시 경제활동별 지역내총부가가치 및 요소소득,2025-03-31,3238.6202278438095,46.07918507314359
서울,서울특별시,관악구,건설업,2022,3618.1343798732623,6702.46,201_DT_201012_D040031,서울특별시 경제활동별 지역내총부가가치 및 요소소득,2025-10-29,3084.3256201267377,46.01781465501828
서울,서울특별시,성북구,건설업,2023,1895.871310481033,3500.97,201_DT_201012_D040031,서울특별시 경제활동별 지역내총부가가치 및 요소소득,2026-06-19,1605.0986895189667,45.84725631807661
경기도,경기도,광명시,문화 및 기타서비스업,2022,2990.6241355903358,5521.75,210_DT_GRDP008_2020,경기도 경제활동별 지역내총부가가치 및 요소소득,2026-05-13,2531.1258644096642,45.83919707356661
경기도,경기도,의왕시,건설업,2023,3048.854162257083,5606.86,210_DT_GRDP008_2020,경기도 경제활동별 지역내총부가가치 및 요소소득,2026-05-13,2558.005837742917,45.62278775897591
인천,인천광역시,옹진군,교육 서비스업,2021,181.08550970863388,332.58,204_DT_2020Y23GRDP2,인천광역시 경제활동별 지역내총부가가치 및 요소소득,2025-03-25,151.4944902913661,45.551293009611555
인천,인천광역시,강화군,건설업,2023,1874.4956572347473,1288.26,204_DT_2020Y23GRDP2,인천광역시 경제활동별 지역내총부가가치 및 요소소득,2026-06-01,586.2356572347474,45.50600478434069
인천,인천광역시,부평구,금융 및 보험업,2021,10138.919767093403,6968.13,204_DT_2020Y23GRDP2,인천광역시 경제활동별 지역내총부가가치 및 요소소득,2025-03-25,3170.7897670934026,45.50417066118747
전남,전라남도,보성군,부동산업,2022,398.8309732185055,274.13,215_DT_2020Y36GRDP2,전라남도 경제활동별 지역내총부가가치 및 요소소득,2025-05-20,124.70097321850551,45.48972137982181
인천,인천광역시,강화군,도매 및 소매업,2022,1334.8612266565647,917.77,204_DT_2020Y23GRDP2,인천광역시 경제활동별 지역내총부가가치 및 요소소득,2025-06-17,417.0912266565647,45.44616043851561
서울,서울특별시,구로구,금융 및 보험업,2023,5172.046628164433,9463.59,201_DT_201012_D040031,서울특별시 경제활동별 지역내총부가가치 및 요소소득,2026-06-19,4291.543371835567,45.34794271344772
전남,전라남도,목포시,건설업,2023,2643.4027599143956,1819.82,215_DT_2020Y36GRDP2,전라남도 경제활동별 지역내총부가가치 및 요소소득,2026-06-24,823.5827599143956,45.25627589071423
충남,충청남도,청양군,정보통신업,2021,77.43818608158205,141.43,213_DT_2020Y34GRDP2,충청남도 경제활동별 지역내총부가가치 및 요소소득,2025-06-12,63.99181391841796,45.24628008090077
경북,경상북도,영덕군,도매 및 소매업,2022,180.04232217825108,123.99,216_DT_GRDP202037_02,경상북도 경제활동별 지역내총부가가치 및 요소소득,2025-09-09,56.05232217825109,45.207131364022175
충북,충청북도,증평군,사업서비스업,2021,1658.5538127873556,1143.46,212_DT_2020Y33GRDP2,충청북도 경제활동별 지역내총부가가치 및 요소소득,2025-03-17,515.0938127873555,45.04694635469151
인천,인천광역시,연수구,금융 및 보험업,2021,2336.0151933800125,4241.89,204_DT_2020Y23GRDP2,인천광역시 경제활동별 지역내총부가가치 및 요소소득,2025-03-25,1905.8748066199878,44.929849822130876
경북,경상북도,경산시,정보통신업,2023,894.7129775743352,617.59,216_DT_GRDP202037_02,경상북도 경제활동별 지역내총부가가치 및 요소소득,2026-06-22,277.1229775743352,44.87167499058197
경기도,경기도,과천시,"광업, 제조업",2022,254.73192776893094,461.06,210_DT_GRDP008_2020,경기도 경제활동별 지역내총부가가치 및 요소소득,2026-05-13,206.32807223106906,44.75080732032036
충북,충청북도,제천시,문화 및 기타서비스업,2021,1546.688811917077,2798.8,212_DT_2020Y33GRDP2,충청북도 경제활동별 지역내총부가가치 및 요소소득,2025-03-17,1252.1111880829233,44.737429901490756
충남,충청남도,서천군,건설업,2021,2781.039629817068,1921.9,213_DT_2020Y34GRDP2,충청남도 경제활동별 지역내총부가가치 및 요소소득,2025-06-12,859.139629817068,44.70261875316447
충남,충청남도,계룡시,건설업,2022,1630.4539832821756,1126.77,213_DT_2020Y34GRDP2,충청남도 경제활동별 지역내총부가가치 및 요소소득,2025-06-12,503.68398328217563,44.70157914056779
인천,인천광역시,동구,금융 및 보험업,2022,1019.3462684695268,704.87,204_DT_2020Y23GRDP2,인천광역시 경제활동별 지역내총부가가치 및 요소소득,2025-06-17,314.47626846952676,44.614789744141014
경남,경상남도,고성군,운수 및 창고업,2021,314.4509516223064,564.52,217_DT_2020Y38GRDP2,경상남도 경제활동별 지역내총부가가치 및 요소소득,2025-10-28,250.0690483776936,44.297641957360874
경북,경상북도,울릉군,건설업,2022,834.9556413753114,578.79,216_DT_GRDP202037_02,경상북도 경제활동별 지역내총부가가치 및 요소소득,2025-09-09,256.16564137531145,44.25882295397493
대전,대전광역시,동구,건설업,2021,3339.44549963308,2316.31,206_DT_2020Y25GRDP2,대전광역시 경제활동별 지역내총부가가치 및 요소소득,2025-04-10,1023.1354996330801,44.17092270175754
대구,대구광역시,달성군,정보통신업,2022,516.2606780350527,918.8,203_DT_2020Y22GRDP2,대구광역시 경제활동별 지역내총부가가치 및 요소소득,2025-09-05,402.53932196494725,43.81141945635038
전북,전북특별자치도,진안군,금융 및 보험업,2023,70.61717583214573,125.67,214_DT_2020Y35GRDP2,전북특별자치도 경제활동별 지역내총부가가치 및 요소소득,2026-06-24,55.05282416785427,43.807451394807245
울산,울산광역시,울주군,금융 및 보험업,2022,1451.0795465675442,1009.25,207_DT_GRDP_2020_02,울산광역시 경제활동별 지역내총부가가치 및 요소소득,2025-07-31,441.8295465675442,43.77800808199596
충북,충청북도,괴산군,건설업,2023,1504.7465668955074,1046.64,212_DT_2020Y33GRDP2,충청북도 경제활동별 지역내총부가가치 및 요소소득,2026-02-19,458.1065668955073,43.769258474308955
충북,충청북도,보은군,건설업,2023,917.2740205374722,638.49,212_DT_2020Y33GRDP2,충청북도 경제활동별 지역내총부가가치 및 요소소득,2026-02-19,278.7840205374722,43.66302064832217
대구,대구광역시,달성군,금융 및 보험업,2021,1883.6614504151562,3337.75,203_DT_2020Y22GRDP2,대구광역시 경제활동별 지역내총부가가치 및 요소소득,2025-09-05,1454.0885495848438,43.564932951384726
경북,경상북도,울릉군,건설업,2021,468.2310343567112,826.76,216_DT_GRDP202037_02,경상북도 경제활동별 지역내총부가가치 및 요소소득,2025-09-09,358.5289656432888,43.365543282607874
경기도,경기도,광명시,정보통신업,2022,941.6121597476657,1659.68,210_DT_GRDP008_2020,경기도 경제활동별 지역내총부가가치 및 요소소득,2026-05-13,718.0678402523343,43.265439135998164
서울,서울특별시,은평구,건설업,2023,1944.2598241320434,3425.5,201_DT_201012_D040031,서울특별시 경제활동별 지역내총부가가치 및 요소소득,2026-06-19,1481.2401758679566,43.24157570772024
서울,서울특별시,강동구,건설업,2023,4575.075804041881,8058.43,201_DT_201012_D040031,서울특별시 경제활동별 지역내총부가가치 및 요소소득,2026-06-19,3483.354195958119,43.22621398905393
경북,경상북도,청송군,정보통신업,2022,91.68689768674699,64.03,216_DT_GRDP202037_02,경상북도 경제활동별 지역내총부가가치 및 요소소득,2025-09-09,27.656897686746987,43.19365560947522
경북,경상북도,울릉군,문화 및 기타서비스업,2023,98.35014014671825,173.12,216_DT_GRDP202037_02,경상북도 경제활동별 지역내총부가가치 및 요소소득,2026-06-22,74.76985985328176,43.18961405573115
경기도,경기도,양평군,건설업,2021,1629.7211573242926,2867.34,210_DT_GRDP008_2020,경기도 경제활동별 지역내총부가가치 및 요소소득,2026-05-13,1237.6188426757076,43.162612130954386
경북,경상북도,칠곡군,정보통신업,2023,154.28886548094135,107.79,216_DT_GRDP202037_02,경상북도 경제활동별 지역내총부가가치 및 요소소득,2026-06-22,46.49886548094135,43.13838526852337
인천,인천광역시,옹진군,건설업,2021,910.333148743742,636.34,204_DT_2020Y23GRDP2,인천광역시 경제활동별 지역내총부가가치 및 요소소득,2025-03-25,273.9931487437419,43.057665515878604
경북,경상북도,고령군,정보통신업,2021,5.421436608331635,9.52,216_DT_GRDP202037_02,경상북도 경제활동별 지역내총부가가치 및 요소소득,2025-09-09,4.098563391668365,43.052136467104674
경북,경상북도,문경시,정보통신업,2023,176.49971451049174,309.05,216_DT_GRDP202037_02,경상북도 경제활동별 지역내총부가가치 및 요소소득,2026-06-22,132.55028548950827,42.88959245737203
경기도,경기도,하남시,정보통신업,2021,1446.9018000046776,2528.91,210_DT_GRDP008_2020,경기도 경제활동별 지역내총부가가치 및 요소소득,2026-05-13,1082.0081999953222,42.78555583216968
전북,전북특별자치도,순창군,보건 및 사회복지업,2023,811.6220506154073,568.49,214_DT_2020Y35GRDP2,전북특별자치도 경제활동별 지역내총부가가치 및 요소소득,2026-06-24,243.13205061540725,42.76804352150561
경북,경상북도,봉화군,운수 및 창고업,2021,201.94352091810848,141.52,216_DT_GRDP202037_02,경상북도 경제활동별 지역내총부가가치 및 요소소득,2025-09-09,60.423520918108466,42.69610013998619
대전,대전광역시,대덕구,건설업,2021,3726.323042692265,2620.31,206_DT_2020Y25GRDP2,대전광역시 경제활동별 지역내총부가가치 및 요소소득,2025-04-10,1106.0130426922651,42.209244047164844
서울,서울특별시,노원구,금융 및 보험업,2022,3754.242618869183,2639.97,201_DT_201012_D040031,서울특별시 경제활동별 지역내총부가가치 및 요소소득,2025-10-29,1114.2726188691831,42.20777580310319
경남,경상남도,하동군,운수 및 창고업,2022,669.5560756511841,471.4,217_DT_2020Y38GRDP2,경상남도 경제활동별 지역내총부가가치 및 요소소득,2025-10-28,198.1560756511841,42.03565457174037
경북,경상북도,문경시,도매 및 소매업,2023,773.0328987620486,544.94,216_DT_GRDP202037_02,경상북도 경제활동별 지역내총부가가치 및 요소소득,2026-06-22,228.09289876204855,41.85651608655054
경기도,경기도,여주시,정보통신업,2021,78.87808473812083,135.62,210_DT_GRDP008_2020,경기도 경제활동별 지역내총부가가치 및 요소소득,2026-05-13,56.74191526187917,41.83889932301959
서울,서울특별시,구로구,건설업,2022,4818.4058373919415,8276.44,201_DT_201012_D040031,서울특별시 경제활동별 지역내총부가가치 및 요소소득,2025-10-29,3458.034162608059,41.78166171213781
충남,충청남도,태안군,정보통신업,2021,227.6457959341507,160.73,213_DT_2020Y34GRDP2,충청남도 경제활동별 지역내총부가가치 및 요소소득,2025-06-12,66.91579593415071,41.63242452196274
인천,인천광역시,미추홀구,숙박 및 음식점업,2023,3024.1472232068395,2135.36,204_DT_2020Y23GRDP2,인천광역시 경제활동별 지역내총부가가치 및 요소소득,2026-06-15,888.7872232068394,41.62235984596692
부산,부산광역시,강서구,운수 및 창고업,2021,18883.85338798845,13334.67,202_DT_F10108,부산광역시 경제활동별 지역내총부가가치 및 요소소득,2025-03-31,5549.183387988449,41.6147035358839
충북,충청북도,괴산군,정보통신업,2021,157.94161096988682,111.77,212_DT_2020Y33GRDP2,충청북도 경제활동별 지역내총부가가치 및 요소소득,2025-03-17,46.17161096988683,41.309484629047894
충남,충청남도,계룡시,건설업,2021,948.3092817664424,1614.45,213_DT_2020Y34GRDP2,충청남도 경제활동별 지역내총부가가치 및 요소소득,2025-06-12,666.1407182335577,41.26115508275621
전남,전라남도,함평군,사업서비스업,2021,166.06827632805422,282.41,215_DT_2020Y36GRDP2,전라남도 경제활동별 지역내총부가가치 및 요소소득,2025-12-08,116.3417236719458,41.19603543498665
경기도,경기도,용인시,정보통신업,2023,11796.751508643392,20042.3,210_DT_GRDP008_2020,경기도 경제활동별 지역내총부가가치 및 요소소득,2026-05-13,8245.548491356607,41.14072981322806
서울,서울특별시,송파구,"광업, 제조업",2022,13040.265196553219,9244.89,201_DT_201012_D040031,서울특별시 경제활동별 지역내총부가가치 및 요소소득,2025-10-29,3795.375196553219,41.05376263593422
서울,서울특별시,동작구,건설업,2022,4040.41938626529,6854.35,201_DT_201012_D040031,서울특별시 경제활동별 지역내총부가가치 및 요소소득,2025-10-29,2813.9306137347103,41.05320874677702
충북,충청북도,괴산군,사업서비스업,2022,797.983038366308,565.79,212_DT_2020Y33GRDP2,충청북도 경제활동별 지역내총부가가치 및 요소소득,2025-03-17,232.1930383663081,41.038731396155484
경북,경상북도,영천시,건설업,2022,2070.846729102646,1468.3,216_DT_GRDP202037_02,경상북도 경제활동별 지역내총부가가치 및 요소소득,2025-09-09,602.5467291026459,41.03703119952639
전남,전라남도,함평군,숙박 및 음식점업,2022,214.98644626516452,152.45,215_DT_2020Y36GRDP2,전라남도 경제활동별 지역내총부가가치 및 요소소득,2025-05-20,62.53644626516453,41.02095524117057
경북,경상북도,김천시,운수 및 창고업,2023,3080.0271769067554,2184.87,216_DT_GRDP202037_02,경상북도 경제활동별 지역내총부가가치 및 요소소득,2026-06-22,895.1571769067555,40.97072946705092
경북,경상북도,상주시,정보통신업,2021,256.6183022354159,182.18,216_DT_GRDP202037_02,경상북도 경제활동별 지역내총부가가치 및 요소소득,2025-09-09,74.4383022354159,40.85975531639911
인천,인천광역시,미추홀구,정보통신업,2022,1556.5283490101658,1105.72,204_DT_2020Y23GRDP2,인천광역시 경제활동별 지역내총부가가치 및 요소소득,2025-06-17,450.8083490101658,40.77057021761077
경북,경상북도,영주시,건설업,2021,2092.422835172897,1486.94,216_DT_GRDP202037_02,경상북도 경제활동별 지역내총부가가치 및 요소소득,2025-09-09,605.482835172897,40.72005831929311
경북,경상북도,영양군,사업서비스업,2021,80.16005499822506,135.11,216_DT_GRDP202037_02,경상북도 경제활동별 지역내총부가가치 및 요소소득,2025-09-09,54.94994500177495,40.67052401878095
경북,경상북도,울릉군,정보통신업,2021,35.22297546942223,59.29,216_DT_GRDP202037_02,경상북도 경제활동별 지역내총부가가치 및 요소소득,2025-09-09,24.06702453057777,40.59204677108748
경북,경상북도,청송군,도매 및 소매업,2023,271.425254686577,193.06,216_DT_GRDP202037_02,경상북도 경제활동별 지역내총부가가치 및 요소소득,2026-06-22,78.36525468657698,40.59113989774007
전남,전라남도,진도군,운수 및 창고업,2023,172.8954930574113,123.02,215_DT_2020Y36GRDP2,전라남도 경제활동별 지역내총부가가치 및 요소소득,2026-06-24,49.875493057411305,40.542589056585356
경기도,경기도,연천군,정보통신업,2022,30.064297478087354,50.51,210_DT_GRDP008_2020,경기도 경제활동별 지역내총부가가치 및 요소소득,2026-05-13,20.445702521912644,40.47852409802543
인천,인천광역시,옹진군,숙박 및 음식점업,2021,545.8297325093782,388.68,204_DT_2020Y23GRDP2,인천광역시 경제활동별 지역내총부가가치 및 요소소득,2025-03-25,157.14973250937823,40.43164878804627
충북,충청북도,옥천군,운수 및 창고업,2021,739.7130748930615,527.06,212_DT_2020Y33GRDP2,충청북도 경제활동별 지역내총부가가치 및 요소소득,2025-03-17,212.65307489306156,40.347033524278366
전북,전북특별자치도,순창군,사업서비스업,2023,160.21932958347165,114.24,214_DT_2020Y35GRDP2,전북특별자치도 경제활동별 지역내총부가가치 및 요소소득,2026-06-24,45.97932958347165,40.24801259057393
울산,울산광역시,남구,교육 서비스업,2021,8144.261363039741,5814.55,207_DT_GRDP_2020_02,울산광역시 경제활동별 지역내총부가가치 및 요소소득,2025-07-31,2329.7113630397407,40.06692457782186
울산,울산광역시,동구,사업서비스업,2021,2732.568785162082,1951.66,207_DT_GRDP_2020_02,울산광역시 경제활동별 지역내총부가가치 및 요소소득,2025-07-31,780.9087851620818,40.01254240810806
울산,울산광역시,울주군,정보통신업,2022,691.8472268527862,1152.53,207_DT_GRDP_2020_02,울산광역시 경제활동별 지역내총부가가치 및 요소소득,2025-07-31,460.68277314721377,39.971434422289555
인천,인천광역시,중구,숙박 및 음식점업,2022,2615.129730505864,4355.81,204_DT_2020Y23GRDP2,인천광역시 경제활동별 지역내총부가가치 및 요소소득,2025-06-17,1740.6802694941366,39.96226349391127
경북,경상북도,영덕군,정보통신업,2022,337.911242791491,562.69,216_DT_GRDP202037_02,경상북도 경제활동별 지역내총부가가치 및 요소소득,2025-09-09,224.77875720850903,39.947174680287375
경기도,경기도,하남시,건설업,2023,6078.9474604789375,4345.61,210_DT_GRDP008_2020,경기도 경제활동별 지역내총부가가치 및 요소소득,2026-05-13,1733.3374604789378,39.88709204182929
강원,강원특별자치도,횡성군,건설업,2021,1249.9795395982082,894.47,211_DT_2020Y32GRDP2,강원특별자치도 경제활동별 지역내총부가가치 및 요소소득,2025-03-19,355.5095395982082,39.74527257462053
서울,서울특별시,양천구,건설업,2022,2926.64697403641,4850.01,201_DT_201012_D040031,서울특별시 경제활동별 지역내총부가가치 및 요소소득,2025-10-29,1923.3630259635902,39.65688784071765
전북,전북특별자치도,순창군,운수 및 창고업,2021,92.10797539322783,152.62,214_DT_2020Y35GRDP2,전북특별자치도 경제활동별 지역내총부가가치 및 요소소득,2025-07-31,60.51202460677217,39.64881706642129
경북,경상북도,구미시,건설업,2022,4400.311969796793,7284.34,216_DT_GRDP202037_02,경상북도 경제활동별 지역내총부가가치 및 요소소득,2025-09-09,2884.028030203207,39.59216662323844
경북,경상북도,군위군,운수 및 창고업,2021,368.5649414988525,264.27,216_DT_GRDP202037_02,경상북도 경제활동별 지역내총부가가치 및 요소소득,2025-09-09,104.2949414988525,39.46529742265581
경기도,경기도,성남시,건설업,2022,20710.436621304514,14854.39,210_DT_GRDP008_2020,경기도 경제활동별 지역내총부가가치 및 요소소득,2026-05-13,5856.046621304515,39.42300304020909
울산,울산광역시,남구,교육 서비스업,2022,6047.596037570294,4337.64,207_DT_GRDP_2020_02,울산광역시 경제활동별 지역내총부가가치 및 요소소득,2025-07-31,1709.956037570294,39.421345191631715
전남,전라남도,진도군,사업서비스업,2022,88.67960244554737,63.64,215_DT_2020Y36GRDP2,전라남도 경제활동별 지역내총부가가치 및 요소소득,2025-12-08,25.039602445547374,39.345698374524474
울산,울산광역시,북구,운수 및 창고업,2021,1922.3160632440752,3160.27,207_DT_GRDP_2020_02,울산광역시 경제활동별 지역내총부가가치 및 요소소득,2025-07-31,1237.9539367559248,39.17241048251968
서울,서울특별시,동작구,건설업,2021,5567.618472392703,4000.76,201_DT_201012_D040031,서울특별시 경제활동별 지역내총부가가치 및 요소소득,2025-10-29,1566.8584723927024,39.16402064589484
충남,충청남도,천안시,보건 및 사회복지업,2022,10405.70072947109,7479.04,213_DT_2020Y34GRDP2,충청남도 경제활동별 지역내총부가가치 및 요소소득,2025-06-12,2926.6607294710893,39.13150256545077
충북,충청북도,괴산군,건설업,2022,921.6364709984705,1513.5,212_DT_2020Y33GRDP2,충청북도 경제활동별 지역내총부가가치 및 요소소득,2025-03-17,591.8635290015295,39.105618037762106
부산,부산광역시,영도구,교육 서비스업,2021,1868.5449387990234,1345.6,202_DT_F10108,부산광역시 경제활동별 지역내총부가가치 및 요소소득,2025-03-31,522.9449387990235,38.863327794219934
경북,경상북도,영양군,보건 및 사회복지업,2023,230.96633614571513,377.38,216_DT_GRDP202037_02,경상북도 경제활동별 지역내총부가가치 및 요소소득,2026-06-22,146.41366385428486,38.79740946904575
경기도,경기도,군포시,건설업,2022,2407.2184397234732,1734.97,210_DT_GRDP008_2020,경기도 경제활동별 지역내총부가가치 및 요소소득,2026-05-13,672.2484397234732,38.74697774160206
경북,경상북도,성주군,교육 서비스업,2021,535.0406709242958,871.73,216_DT_GRDP202037_02,경상북도 경제활동별 지역내총부가가치 및 요소소득,2026-06-22,336.6893290757042,38.6231205850096
전북,전북특별자치도,완주군,건설업,2021,2301.858301199204,3750.0,214_DT_2020Y35GRDP2,전북특별자치도 경제활동별 지역내총부가가치 및 요소소득,2025-07-31,1448.141698800796,38.61711196802122
서울,서울특별시,동대문구,건설업,2023,3656.3899961737247,5948.62,201_DT_201012_D040031,서울특별시 경제활동별 지역내총부가가치 및 요소소득,2026-06-19,2292.230003826275,38.53381126759274
충남,충청남도,서천군,사업서비스업,2021,1034.0515302597646,746.76,213_DT_2020Y34GRDP2,충청남도 경제활동별 지역내총부가가치 및 요소소득,2025-06-12,287.2915302597646,38.47173526431044
대전,대전광역시,동구,건설업,2023,2602.74925008925,4227.19,206_DT_2020Y25GRDP2,대전광역시 경제활동별 지역내총부가가치 및 요소소득,2026-06-22,1624.4407499107497,38.42838268236701
경북,경상북도,영양군,정보통신업,2022,18.685298568750007,30.3,216_DT_GRDP202037_02,경상북도 경제활동별 지역내총부가가치 및 요소소득,2025-09-09,11.614701431249994,38.33234795792077
경북,경상북도,영덕군,사업서비스업,2021,274.9590251248085,198.79,216_DT_GRDP202037_02,경상북도 경제활동별 지역내총부가가치 및 요소소득,2025-09-09,76.16902512480848,38.31632633674153
전북,전북특별자치도,무주군,운수 및 창고업,2023,681.4842547604912,492.7,214_DT_2020Y35GRDP2,전북특별자치도 경제활동별 지역내총부가가치 및 요소소득,2026-06-24,188.78425476049125,38.31626847178633
부산,부산광역시,북구,사업서비스업,2022,1498.0214411957427,1083.1,202_DT_F10108,부산광역시 경제활동별 지역내총부가가치 및 요소소득,2025-03-31,414.9214411957428,38.30869182861627
전북,전북특별자치도,남원시,정보통신업,2022,486.1452159935242,351.51,214_DT_2020Y35GRDP2,전북특별자치도 경제활동별 지역내총부가가치 및 요소소득,2025-07-31,134.63521599352418,38.301958975142725
대구,대구광역시,수성구,"광업, 제조업",2021,1767.5784315913447,1279.29,203_DT_2020Y22GRDP2,대구광역시 경제활동별 지역내총부가가치 및 요소소득,2025-09-05,488.28843159134476,38.1687054218625
충남,충청남도,공주시,사업서비스업,2021,2170.0189619862244,1572.32,213_DT_2020Y34GRDP2,충청남도 경제활동별 지역내총부가가치 및 요소소득,2025-06-12,597.6989619862245,38.01382428425668
경기도,경기도,동두천시,사업서비스업,2021,312.9861360769195,504.7,210_DT_GRDP008_2020,경기도 경제활동별 지역내총부가가치 및 요소소득,2026-05-13,191.7138639230805,37.985707137523384
인천,인천광역시,옹진군,정보통신업,2021,302.9568590003914,219.8,204_DT_2020Y23GRDP2,인천광역시 경제활동별 지역내총부가가치 및 요소소득,2025-03-25,83.15685900039136,37.83296587824903
경남,경상남도,하동군,정보통신업,2022,406.86060848493986,295.28,217_DT_2020Y38GRDP2,경상남도 경제활동별 지역내총부가가치 및 요소소득,2025-10-28,111.58060848493989,37.78806843841097
대구,대구광역시,북구,"광업, 제조업",2021,27116.82145987949,19680.89,203_DT_2020Y22GRDP2,대구광역시 경제활동별 지역내총부가가치 및 요소소득,2025-09-05,7435.931459879492,37.78249591293631
울산,울산광역시,중구,건설업,2021,2081.2064221493224,1512.89,207_DT_GRDP_2020_02,울산광역시 경제활동별 지역내총부가가치 및 요소소득,2025-07-31,568.3164221493223,37.56495331116752
전남,전라남도,영암군,부동산업,2022,1442.598469810946,1049.37,215_DT_2020Y36GRDP2,전라남도 경제활동별 지역내총부가가치 및 요소소득,2025-05-20,393.2284698109461,37.47281414667335
충남,충청남도,예산군,정보통신업,2021,261.8433890269468,418.71,213_DT_2020Y34GRDP2,충청남도 경제활동별 지역내총부가가치 및 요소소득,2025-06-12,156.86661097305318,37.46426189320847
인천,인천광역시,중구,교육 서비스업,2021,2022.4476346882595,3221.45,204_DT_2020Y23GRDP2,인천광역시 경제활동별 지역내총부가가치 및 요소소득,2025-03-25,1199.0023653117403,37.2193380406879
경북,경상북도,영양군,건설업,2023,533.6556109988983,389.02,216_DT_GRDP202037_02,경상북도 경제활동별 지역내총부가가치 및 요소소득,2026-06-22,144.6356109988983,37.17947946092702
서울,서울특별시,구로구,운수 및 창고업,2023,5223.893674176163,3811.25,201_DT_201012_D040031,서울특별시 경제활동별 지역내총부가가치 및 요소소득,2026-06-19,1412.6436741761627,37.06510132308725
강원,강원특별자치도,속초시,건설업,2022,2907.19605036704,2123.04,211_DT_2020Y32GRDP2,강원특별자치도 경제활동별 지역내총부가가치 및 요소소득,2025-03-19,784.1560503670398,36.935528787353974
경북,경상북도,울릉군,숙박 및 음식점업,2023,122.71767461360706,89.66,216_DT_GRDP202037_02,경상북도 경제활동별 지역내총부가가치 및 요소소득,2026-06-22,33.05767461360706,36.87003637475693
인천,인천광역시,옹진군,사업서비스업,2021,123.76298867058702,195.79,204_DT_2020Y23GRDP2,인천광역시 경제활동별 지역내총부가가치 및 요소소득,2025-06-17,72.02701132941297,36.7878907653164
충남,충청남도,당진시,정보통신업,2021,602.1830714815685,440.57,213_DT_2020Y34GRDP2,충청남도 경제활동별 지역내총부가가치 및 요소소득,2025-06-12,161.6130714815685,36.68272271865277
인천,인천광역시,계양구,운수 및 창고업,2021,3074.087048758237,2249.36,204_DT_2020Y23GRDP2,인천광역시 경제활동별 지역내총부가가치 및 요소소득,2025-06-17,824.7270487582368,36.66496464586535
서울,서울특별시,서대문구,건설업,2023,1834.8860746611647,2895.17,201_DT_201012_D040031,서울특별시 경제활동별 지역내총부가가치 및 요소소득,2026-06-19,1060.2839253388354,36.62251008883193
경북,경상북도,청도군,정보통신업,2023,13.005790172484023,9.52,216_DT_GRDP202037_02,경상북도 경제활동별 지역내총부가가치 및 요소소득,2026-06-22,3.4857901724840232,36.61544298827756
대구,대구광역시,서구,부동산업,2021,4171.790417060551,6551.64,203_DT_2020Y22GRDP2,대구광역시 경제활동별 지역내총부가가치 및 요소소득,2025-09-05,2379.8495829394496,36.32448643300684
경북,경상북도,울릉군,사업서비스업,2023,177.47791809318383,278.62,216_DT_GRDP202037_02,경상북도 경제활동별 지역내총부가가치 및 요소소득,2026-06-22,101.14208190681617,36.30108459795282
경북,경상북도,문경시,사업서비스업,2021,468.6124171288675,343.95,216_DT_GRDP202037_02,경상북도 경제활동별 지역내총부가가치 및 요소소득,2025-09-09,124.6624171288675,36.24434281984809
충북,충청북도,단양군,사업서비스업,2022,437.9395431196689,686.77,212_DT_2020Y33GRDP2,충청북도 경제활동별 지역내총부가가치 및 요소소득,2025-03-17,248.8304568803311,36.23199278948282
인천,인천광역시,옹진군,건설업,2022,642.6480149411748,1006.49,204_DT_2020Y23GRDP2,인천광역시 경제활동별 지역내총부가가치 및 요소소득,2025-06-17,363.84198505882523,36.14958768182746
서울,서울특별시,중랑구,건설업,2023,2233.7557642368556,3495.23,201_DT_201012_D040031,서울특별시 경제활동별 지역내총부가가치 및 요소소득,2026-06-19,1261.4742357631444,36.09130831914193
부산,부산광역시,수영구,운수 및 창고업,2022,1715.076894376192,1260.87,202_DT_F10108,부산광역시 경제활동별 지역내총부가가치 및 요소소득,2025-03-31,454.20689437619217,36.02329299421766
전북,전북특별자치도,무주군,금융 및 보험업,2023,93.92818828450102,146.8,214_DT_2020Y35GRDP2,전북특별자치도 경제활동별 지역내총부가가치 및 요소소득,2026-06-24,52.87181171549899,36.016220514645084
인천,인천광역시,동구,도매 및 소매업,2022,3328.3883393612577,2447.76,204_DT_2020Y23GRDP2,인천광역시 경제활동별 지역내총부가가치 및 요소소득,2025-06-17,880.6283393612575,35.97690702361577
경북,경상북도,울릉군,부동산업,2023,159.6611254923427,249.27,216_DT_GRDP202037_02,경상북도 경제활동별 지역내총부가가치 및 요소소득,2026-06-22,89.6088745076573,35.94851947994436
부산,부산광역시,해운대구,"공공 행정, 국방·사회보장",2022,5875.3088506271415,4324.04,202_DT_F10108,부산광역시 경제활동별 지역내총부가가치 및 요소소득,2025-03-31,1551.2688506271415,35.875450981654694
부산,부산광역시,영도구,부동산업,2022,3127.949980490571,2302.75,202_DT_F10108,부산광역시 경제활동별 지역내총부가가치 및 요소소득,2025-03-31,825.1999804905709,35.83541333147632
서울,서울특별시,금천구,건설업,2022,5205.1015109642085,8108.14,201_DT_201012_D040031,서울특별시 경제활동별 지역내총부가가치 및 요소소득,2025-10-29,2903.038489035792,35.804000535705995
대구,대구광역시,남구,부동산업,2021,7054.886292089845,5202.06,203_DT_2020Y22GRDP2,대구광역시 경제활동별 지역내총부가가치 및 요소소득,2025-09-05,1852.8262920898442,35.617164970989265
경기도,경기도,안성시,문화 및 기타서비스업,2022,5292.832591032973,3904.03,210_DT_GRDP008_2020,경기도 경제활동별 지역내총부가가치 및 요소소득,2026-05-13,1388.802591032973,35.57356349805132
전남,전라남도,함평군,건설업,2021,1215.2855379787152,896.86,215_DT_2020Y36GRDP2,전라남도 경제활동별 지역내총부가가치 및 요소소득,2025-05-20,318.42553797871517,35.50448653956194
강원,강원특별자치도,삼척시,건설업,2021,3375.5785138197452,5232.03,211_DT_2020Y32GRDP2,강원특별자치도 경제활동별 지역내총부가가치 및 요소소득,2025-03-19,1856.4514861802545,35.48243198491321
경남,경상남도,산청군,교육 서비스업,2021,805.7011263264941,594.89,217_DT_2020Y38GRDP2,경상남도 경제활동별 지역내총부가가치 및 요소소득,2025-10-28,210.8111263264941,35.43699277622655
경기도,경기도,양주시,정보통신업,2023,150.55061194057168,233.1,210_DT_GRDP008_2020,경기도 경제활동별 지역내총부가가치 및 요소소득,2026-05-13,82.54938805942831,35.41372289121764
충남,충청남도,계룡시,운수 및 창고업,2021,327.15626454968225,506.46,213_DT_2020Y34GRDP2,충청남도 경제활동별 지역내총부가가치 및 요소소득,2025-06-12,179.30373545031773,35.403335989084574
강원,강원특별자치도,동해시,건설업,2022,1981.1462597198079,1463.25,211_DT_2020Y32GRDP2,강원특별자치도 경제활동별 지역내총부가가치 및 요소소득,2025-03-19,517.8962597198079,35.39355952296654
대구,대구광역시,남구,운수 및 창고업,2021,510.1083360396974,788.59,203_DT_2020Y22GRDP2,대구광역시 경제활동별 지역내총부가가치 및 요소소득,2025-09-05,278.4816639603026,35.313872095804236
경기도,경기도,여주시,문화 및 기타서비스업,2022,4327.762793556151,3201.34,210_DT_GRDP008_2020,경기도 경제활동별 지역내총부가가치 및 요소소득,2026-05-13,1126.4227935561512,35.18597817027092
전남,전라남도,목포시,부동산업,2022,4183.215995777041,3095.18,215_DT_2020Y36GRDP2,전라남도 경제활동별 지역내총부가가치 및 요소소득,2025-05-20,1088.035995777041,35.15259195836886
경남,경상남도,함양군,사업서비스업,2021,260.1070609699583,400.33,217_DT_2020Y38GRDP2,경상남도 경제활동별 지역내총부가가치 및 요소소득,2025-10-28,140.2229390300417,35.02683761647683
인천,인천광역시,동구,정보통신업,2023,142.3556104467807,105.45,204_DT_2020Y23GRDP2,인천광역시 경제활동별 지역내총부가가치 및 요소소득,2026-06-01,36.9056104467807,34.99820810505519
광주,광주광역시,동구,건설업,2022,3376.377568256867,2502.1161118348127,205_DT_2020Y24GRDP2,광주광역시 경제활동별 지역내총부가가치 및 요소소득,2025-07-23,874.2614564220544,34.94088273069608
부산,부산광역시,중구,"광업, 제조업",2021,255.99455827762648,189.82,202_DT_F10108,부산광역시 경제활동별 지역내총부가가치 및 요소소득,2025-03-31,66.17455827762649,34.861741796241965
인천,인천광역시,옹진군,"광업, 제조업",2023,74.11390623979553,54.96,204_DT_2020Y23GRDP2,인천광역시 경제활동별 지역내총부가가치 및 요소소득,2026-06-01,19.153906239795525,34.85062998507191
충남,충청남도,태안군,문화 및 기타서비스업,2022,1043.55645954195,773.87,213_DT_2020Y34GRDP2,충청남도 경제활동별 지역내총부가가치 및 요소소득,2025-06-12,269.68645954195006,34.84906502926203
서울,서울특별시,양천구,건설업,2021,3907.1162448815708,2897.92,201_DT_201012_D040031,서울특별시 경제활동별 지역내총부가가치 및 요소소득,2025-10-29,1009.1962448815707,34.82484833541197
경북,경상북도,상주시,건설업,2022,2289.836256021973,1698.54,216_DT_GRDP202037_02,경상북도 경제활동별 지역내총부가가치 및 요소소득,2025-09-09,591.296256021973,34.812030097729405
전북,전북특별자치도,김제시,건설업,2022,2619.0678819936593,1944.03,214_DT_2020Y35GRDP2,전북특별자치도 경제활동별 지역내총부가가치 및 요소소득,2025-07-31,675.0378819936593,34.72363502588228
경북,경상북도,구미시,건설업,2023,7242.210510141806,11089.58,216_DT_GRDP202037_02,경상북도 경제활동별 지역내총부가가치 및 요소소득,2026-06-22,3847.3694898581944,34.693554578786525
인천,인천광역시,옹진군,문화 및 기타서비스업,2023,308.7746733551685,229.26,204_DT_2020Y23GRDP2,인천광역시 경제활동별 지역내총부가가치 및 요소소득,2026-06-01,79.5146733551685,34.683186493574325
경북,경상북도,안동시,부동산업,2023,3172.285329850511,4847.61,216_DT_GRDP202037_02,경상북도 경제활동별 지역내총부가가치 및 요소소득,2026-06-22,1675.3246701494886,34.55980720704613
인천,인천광역시,서구,금융 및 보험업,2021,2957.3477298831403,4513.16,204_DT_2020Y23GRDP2,인천광역시 경제활동별 지역내총부가가치 및 요소소득,2025-03-25,1555.8122701168595,34.47279223685532
전남,전라남도,장흥군,건설업,2021,919.6078804266801,683.99,215_DT_2020Y36GRDP2,전라남도 경제활동별 지역내총부가가치 및 요소소득,2025-05-20,235.61788042668013,34.44756216124214
경기도,경기도,김포시,건설업,2021,12756.452157962647,9489.17,210_DT_GRDP008_2020,경기도 경제활동별 지역내총부가가치 및 요소소득,2026-05-13,3267.282157962647,34.43169590135541
충북,충청북도,옥천군,금융 및 보험업,2023,709.0592251206917,527.65,212_DT_2020Y33GRDP2,충청북도 경제활동별 지역내총부가가치 및 요소소득,2026-02-19,181.40922512069176,34.38059795711016
경북,경상북도,성주군,보건 및 사회복지업,2023,545.0739392068303,830.25,216_DT_GRDP202037_02,경상북도 경제활동별 지역내총부가가치 및 요소소득,2026-06-22,285.17606079316965,34.348215693245365
경북,경상북도,김천시,정보통신업,2022,318.28451625542175,484.43,216_DT_GRDP202037_02,경상북도 경제활동별 지역내총부가가치 및 요소소득,2025-09-09,166.14548374457826,34.297108714278274
경기도,경기도,수원시,건설업,2023,20937.382759586744,15595.87,210_DT_GRDP008_2020,경기도 경제활동별 지역내총부가가치 및 요소소득,2026-05-13,5341.512759586743,34.24953375211991
인천,인천광역시,계양구,건설업,2022,3237.3264988758883,2412.94,204_DT_2020Y23GRDP2,인천광역시 경제활동별 지역내총부가가치 및 요소소득,2025-06-17,824.3864988758883,34.16522992183346
대전,대전광역시,중구,문화 및 기타서비스업,2023,2740.384421066401,2042.94,206_DT_2020Y25GRDP2,대전광역시 경제활동별 지역내총부가가치 및 요소소득,2026-06-22,697.444421066401,34.139251327322434
인천,인천광역시,미추홀구,도매 및 소매업,2022,7467.371415176242,5567.26,204_DT_2020Y23GRDP2,인천광역시 경제활동별 지역내총부가가치 및 요소소득,2025-06-17,1900.1114151762422,34.130100178117104
충북,충청북도,진천군,정보통신업,2021,491.08180014181465,744.87,212_DT_2020Y33GRDP2,충청북도 경제활동별 지역내총부가가치 및 요소소득,2025-03-17,253.78819985818535,34.07147554045476
제주,제주특별자치도,서귀포시,사업서비스업,2022,2213.1219354737564,1650.72,218_DT_2020GRDP39_02,제주특별자치도 경제활동별 지역내총부가가치 및 요소소득,2025-08-05,562.4019354737563,34.07009883406976
대구,대구광역시,서구,운수 및 창고업,2021,2226.2125140750536,1661.43,203_DT_2020Y22GRDP2,대구광역시 경제활동별 지역내총부가가치 및 요소소득,2025-09-05,564.7825140750535,33.9937592360228
부산,부산광역시,중구,건설업,2022,1468.9083057041664,1097.39,202_DT_F10108,부산광역시 경제활동별 지역내총부가가치 및 요소소득,2025-03-31,371.5183057041663,33.85471944378629
전북,전북특별자치도,무주군,부동산업,2022,610.4409672918447,456.57,214_DT_2020Y35GRDP2,전북특별자치도 경제활동별 지역내총부가가치 및 요소소득,2025-07-31,153.8709672918447,33.701506295167164
부산,부산광역시,북구,건설업,2022,2415.5906181876,1807.43,202_DT_F10108,부산광역시 경제활동별 지역내총부가가치 및 요소소득,2025-03-31,608.1606181875998,33.647810326684834
경기도,경기도,안양시,정보통신업,2022,15287.326882750644,11447.55,210_DT_GRDP008_2020,경기도 경제활동별 지역내총부가가치 및 요소소득,2026-05-13,3839.7768827506443,33.54234646496975
경북,경상북도,문경시,사업서비스업,2023,336.7629323619569,506.58,216_DT_GRDP202037_02,경상북도 경제활동별 지역내총부가가치 및 요소소득,2026-06-22,169.81706763804306,33.5222605783969
부산,부산광역시,사상구,운수 및 창고업,2021,2748.4496566963817,2058.76,202_DT_F10108,부산광역시 경제활동별 지역내총부가가치 및 요소소득,2025-03-31,689.6896566963815,33.50024561854618
경북,경상북도,경주시,사업서비스업,2023,8362.762439969789,6264.27,216_DT_GRDP202037_02,경상북도 경제활동별 지역내총부가가치 및 요소소득,2026-06-22,2098.4924399697884,33.49939322490551
전남,전라남도,함평군,사업서비스업,2022,289.76057534012534,217.59,215_DT_2020Y36GRDP2,전라남도 경제활동별 지역내총부가가치 및 요소소득,2025-12-08,72.17057534012534,33.16814896830063
부산,부산광역시,금정구,문화 및 기타서비스업,2022,2616.641482048158,1965.23,202_DT_F10108,부산광역시 경제활동별 지역내총부가가치 및 요소소득,2025-03-31,651.4114820481582,33.146831772777645
전북,전북특별자치도,진안군,건설업,2021,610.7819847608941,458.85,214_DT_2020Y35GRDP2,전북특별자치도 경제활동별 지역내총부가가치 및 요소소득,2025-07-31,151.93198476089412,33.11147101686698
전남,전라남도,여수시,건설업,2022,23941.935922383294,17989.65,215_DT_2020Y36GRDP2,전라남도 경제활동별 지역내총부가가치 및 요소소득,2025-05-20,5952.285922383293,33.08728031053018
충북,충청북도,영동군,건설업,2023,1101.9298380924788,828.15,212_DT_2020Y33GRDP2,충청북도 경제활동별 지역내총부가가치 및 요소소득,2026-02-19,273.7798380924788,33.05920885014537
대구,대구광역시,중구,부동산업,2021,6800.872886517699,10137.25,203_DT_2020Y22GRDP2,대구광역시 경제활동별 지역내총부가가치 및 요소소득,2025-09-05,3336.377113482301,32.912053204590016
대구,대구광역시,달성군,금융 및 보험업,2022,3429.035191727722,5103.92,203_DT_2020Y22GRDP2,대구광역시 경제활동별 지역내총부가가치 및 요소소득,2025-09-05,1674.884808272278,32.81565557987347
서울,서울특별시,양천구,정보통신업,2023,8719.658609756232,6566.14,201_DT_201012_D040031,서울특별시 경제활동별 지역내총부가가치 및 요소소득,2026-06-19,2153.518609756232,32.797330086721146
전북,전북특별자치도,순창군,운수 및 창고업,2023,136.2310218277359,102.59,214_DT_2020Y35GRDP2,전북특별자치도 경제활동별 지역내총부가가치 및 요소소득,2026-06-24,33.6410218277359,32.791716373658154
경북,경상북도,울진군,사업서비스업,2022,1368.3827998791294,2035.24,216_DT_GRDP202037_02,경상북도 경제활동별 지역내총부가가치 및 요소소득,2025-09-09,666.8572001208706,32.76553134376637
경북,경상북도,봉화군,"광업, 제조업",2021,3130.9235460521754,2359.1600000000003,216_DT_GRDP202037_02,경상북도 경제활동별 지역내총부가가치 및 요소소득,2025-09-09,771.7635460521751,32.713488955906975
인천,인천광역시,계양구,정보통신업,2022,1208.9777024663406,911.62,204_DT_2020Y23GRDP2,인천광역시 경제활동별 지역내총부가가치 및 요소소득,2025-06-17,297.3577024663406,32.61860231964421
전북,전북특별자치도,장수군,금융 및 보험업,2023,61.93465371458744,91.89,214_DT_2020Y35GRDP2,전북특별자치도 경제활동별 지역내총부가가치 및 요소소득,2026-06-24,29.95534628541256,32.59913623398907
경기도,경기도,구리시,건설업,2021,2284.038200367374,3387.6,210_DT_GRDP008_2020,경기도 경제활동별 지역내총부가가치 및 요소소득,2026-05-13,1103.561799632626,32.57650843171053
충북,충청북도,음성군,건설업,2023,4559.8841769905675,6759.69,212_DT_2020Y33GRDP2,충청북도 경제활동별 지역내총부가가치 및 요소소득,2026-02-19,2199.805823009432,32.5429986139813
경기도,경기도,부천시,건설업,2023,8414.361854689407,6350.15,210_DT_GRDP008_2020,경기도 경제활동별 지역내총부가가치 및 요소소득,2026-05-13,2064.211854689407,32.50650543198834
경남,경상남도,산청군,사업서비스업,2021,181.3663063005244,268.61,217_DT_2020Y38GRDP2,경상남도 경제활동별 지역내총부가가치 및 요소소득,2025-10-28,87.24369369947561,32.47968940079506
충북,충청북도,음성군,정보통신업,2023,814.0229310998927,614.58,212_DT_2020Y33GRDP2,충청북도 경제활동별 지역내총부가가치 및 요소소득,2026-02-19,199.4429310998927,32.45190717236042
충남,충청남도,보령시,건설업,2021,4115.5365171104895,3107.49,213_DT_2020Y34GRDP2,충청남도 경제활동별 지역내총부가가치 및 요소소득,2025-06-12,1008.0465171104897,32.43925216526811
전남,전라남도,구례군,건설업,2021,398.291081091961,588.81,215_DT_2020Y36GRDP2,전라남도 경제활동별 지역내총부가가치 및 요소소득,2025-05-20,190.51891890803893,32.35660381244186
경기도,경기도,동두천시,정보통신업,2021,78.86717641496523,116.48,210_DT_GRDP008_2020,경기도 경제활동별 지역내총부가가치 및 요소소득,2026-05-13,37.612823585034775,32.291229039349915
경북,경상북도,영천시,정보통신업,2021,1738.8848859105383,1314.57,216_DT_GRDP202037_02,경상북도 경제활동별 지역내총부가가치 및 요소소득,2025-09-09,424.31488591053835,32.27784643727898
서울,서울특별시,강동구,정보통신업,2023,3390.064900027416,2564.3,201_DT_201012_D040031,서울특별시 경제활동별 지역내총부가가치 및 요소소득,2026-06-19,825.7649000274159,32.20235152000218
경북,경상북도,청송군,건설업,2022,770.9877542923463,583.2,216_DT_GRDP202037_02,경상북도 경제활동별 지역내총부가가치 및 요소소득,2025-09-09,187.78775429234622,32.19954634642425
경북,경상북도,고령군,사업서비스업,2021,191.82857729561334,145.11,216_DT_GRDP202037_02,경상북도 경제활동별 지역내총부가가치 및 요소소득,2025-09-09,46.71857729561333,32.195284470824426
전남,전라남도,순천시,"광업, 제조업",2021,10065.424503478565,7615.549999999999,215_DT_2020Y36GRDP2,전라남도 경제활동별 지역내총부가가치 및 요소소득,2025-05-20,2449.874503478566,32.16937060985177
전북,전북특별자치도,무주군,건설업,2023,558.0835086854677,822.67,214_DT_2020Y35GRDP2,전북특별자치도 경제활동별 지역내총부가가치 및 요소소득,2026-06-24,264.5864913145323,32.16192292347263
충북,충청북도,보은군,교육 서비스업,2022,129.13630874697571,190.19,212_DT_2020Y33GRDP2,충청북도 경제활동별 지역내총부가가치 및 요소소득,2025-03-17,61.05369125302428,32.101420291826216
경기도,경기도,여주시,사업서비스업,2023,2457.2177838824828,1861.32,210_DT_GRDP008_2020,경기도 경제활동별 지역내총부가가치 및 요소소득,2026-05-13,595.8977838824828,32.01479508534174
경북,경상북도,울진군,운수 및 창고업,2023,169.05154240268098,128.08,216_DT_GRDP202037_02,경상북도 경제활동별 지역내총부가가치 및 요소소득,2026-06-22,40.97154240268097,31.989024361868335
울산,울산광역시,중구,"광업, 제조업",2021,1119.7871939033716,848.77,207_DT_GRDP_2020_02,울산광역시 경제활동별 지역내총부가가치 및 요소소득,2025-07-31,271.01719390337166,31.930581182578514
경기도,경기도,용인시,정보통신업,2022,14937.64779036766,11328.91,210_DT_GRDP008_2020,경기도 경제활동별 지역내총부가가치 및 요소소득,2026-05-13,3608.7377903676606,31.854236553804917
부산,부산광역시,금정구,운수 및 창고업,2021,2292.067277415902,3357.21,202_DT_F10108,부산광역시 경제활동별 지역내총부가가치 및 요소소득,2025-03-31,1065.142722584098,31.727021025914315
전남,전라남도,화순군,운수 및 창고업,2023,378.94065231157947,287.74,215_DT_2020Y36GRDP2,전라남도 경제활동별 지역내총부가가치 및 요소소득,2026-06-24,91.20065231157946,31.69550716326526
경북,경상북도,성주군,도매 및 소매업,2021,851.8191053029809,1246.68,216_DT_GRDP202037_02,경상북도 경제활동별 지역내총부가가치 및 요소소득,2025-09-09,394.86089469701915,31.672995050615967
충북,충청북도,보은군,"광업, 제조업",2022,3453.245607273552,5052.0,212_DT_2020Y33GRDP2,충청북도 경제활동별 지역내총부가가치 및 요소소득,2025-03-17,1598.7543927264478,31.645969768932066
전남,전라남도,무안군,건설업,2023,2252.983909994213,3296.01,215_DT_2020Y36GRDP2,전라남도 경제활동별 지역내총부가가치 및 요소소득,2026-06-24,1043.0260900057874,31.645113030779253
전남,전라남도,장성군,운수 및 창고업,2023,1228.91219983736,1797.41,215_DT_2020Y36GRDP2,전라남도 경제활동별 지역내총부가가치 및 요소소득,2026-06-24,568.49780016264,31.628721335846578
부산,부산광역시,중구,"광업, 제조업",2022,194.4160449081198,284.32,202_DT_F10108,부산광역시 경제활동별 지역내총부가가치 및 요소소득,2025-03-31,89.90395509188019,31.620693265292697
경북,경상북도,포항시,사업서비스업,2023,12312.963607116104,17991.03,216_DT_GRDP202037_02,경상북도 경제활동별 지역내총부가가치 및 요소소득,2026-06-22,5678.066392883895,31.560540963379502
충남,충청남도,예산군,금융 및 보험업,2021,996.3546488917477,758.0,213_DT_2020Y34GRDP2,충청남도 경제활동별 지역내총부가가치 및 요소소득,2025-06-12,238.35464889174773,31.445204339280703
서울,서울특별시,마포구,운수 및 창고업,2023,15466.023784900026,11768.36,201_DT_201012_D040031,서울특별시 경제활동별 지역내총부가가치 및 요소소득,2026-06-19,3697.6637849000253,31.4203830006902
전남,전라남도,나주시,금융 및 보험업,2021,2294.8193399297506,1746.17,215_DT_2020Y36GRDP2,전라남도 경제활동별 지역내총부가가치 및 요소소득,2025-05-20,548.6493399297506,31.42015610907017
경북,경상북도,김천시,정보통신업,2023,504.4351427747346,384.0,216_DT_GRDP202037_02,경상북도 경제활동별 지역내총부가가치 및 요소소득,2026-06-22,120.43514277473457,31.36331843092046
전북,전북특별자치도,순창군,건설업,2023,557.2284825556162,424.24,214_DT_2020Y35GRDP2,전북특별자치도 경제활동별 지역내총부가가치 및 요소소득,2026-06-24,132.9884825556162,31.34746430219126
전북,전북특별자치도,임실군,숙박 및 음식점업,2022,181.3329300340321,138.1,214_DT_2020Y35GRDP2,전북특별자치도 경제활동별 지역내총부가가치 및 요소소득,2025-07-31,43.23293003403211,31.305525006540268
충북,충청북도,청주시,건설업,2022,16516.015607295594,23986.54,212_DT_2020Y33GRDP2,충청북도 경제활동별 지역내총부가가치 및 요소소득,2025-03-17,7470.524392704407,31.144651928558293
경남,경상남도,합천군,운수 및 창고업,2022,528.1575991369197,402.74,217_DT_2020Y38GRDP2,경상남도 경제활동별 지역내총부가가치 및 요소소득,2025-10-28,125.41759913691965,31.141083363192045
경북,경상북도,영천시,정보통신업,2023,1785.8334830834126,2593.15,216_DT_GRDP202037_02,경상북도 경제활동별 지역내총부가가치 및 요소소득,2026-06-22,807.3165169165875,31.13265784534591
서울,서울특별시,강북구,"공공 행정, 국방·사회보장",2023,2392.974206501438,1825.61,201_DT_201012_D040031,서울특별시 경제활동별 지역내총부가가치 및 요소소득,2026-06-19,567.364206501438,31.07806193554144
전북,전북특별자치도,전주시,건설업,2021,10025.058461713017,7649.54,214_DT_2020Y35GRDP2,전북특별자치도 경제활동별 지역내총부가가치 및 요소소득,2025-07-31,2375.518461713017,31.054396234453534
충북,충청북도,보은군,교육 서비스업,2021,162.6445373303816,124.16,212_DT_2020Y33GRDP2,충청북도 경제활동별 지역내총부가가치 및 요소소득,2025-03-17,38.48453733038161,30.995922463258385
경북,경상북도,경산시,정보통신업,2022,1124.7096664785768,859.23,216_DT_GRDP202037_02,경상북도 경제활동별 지역내총부가가치 및 요소소득,2025-09-09,265.47966647857675,30.897392604841166
전남,전라남도,광양시,운수 및 창고업,2022,21348.327546499982,16309.41,215_DT_2020Y36GRDP2,전라남도 경제활동별 지역내총부가가치 및 요소소득,2025-05-20,5038.917546499983,30.89576843368327
경북,경상북도,영천시,건설업,2023,1459.8079842568045,2111.85,216_DT_GRDP202037_02,경상북도 경제활동별 지역내총부가가치 및 요소소득,2026-06-22,652.0420157431954,30.875394357705115
부산,부산광역시,중구,부동산업,2021,2129.9321975436833,3078.87,202_DT_F10108,부산광역시 경제활동별 지역내총부가가치 및 요소소득,2025-03-31,948.9378024563166,30.820976606882283
충북,충청북도,진천군,운수 및 창고업,2023,1299.0907484879408,993.5,212_DT_2020Y33GRDP2,충청북도 경제활동별 지역내총부가가치 및 요소소득,2026-02-19,305.5907484879408,30.75900840341629
전남,전라남도,장흥군,사업서비스업,2021,165.25724756874502,126.43,215_DT_2020Y36GRDP2,전라남도 경제활동별 지역내총부가가치 및 요소소득,2025-12-08,38.82724756874501,30.71047027504944
전북,전북특별자치도,김제시,"공공 행정, 국방·사회보장",2023,4168.652063723732,3189.36,214_DT_2020Y35GRDP2,전북특별자치도 경제활동별 지역내총부가가치 및 요소소득,2026-06-24,979.2920637237316,30.704971020008138
경남,경상남도,산청군,보건 및 사회복지업,2021,624.254356189767,900.13,217_DT_2020Y38GRDP2,경상남도 경제활동별 지역내총부가가치 및 요소소득,2025-10-28,275.875643810233,30.648422317913298
인천,인천광역시,옹진군,"광업, 제조업",2022,50.739494598821274,73.03999999999999,204_DT_2020Y23GRDP2,인천광역시 경제활동별 지역내총부가가치 및 요소소득,2025-06-17,22.300505401178718,30.53190772341008
경북,경상북도,상주시,운수 및 창고업,2023,1527.3062164112876,1170.12,216_DT_GRDP202037_02,경상북도 경제활동별 지역내총부가가치 및 요소소득,2026-06-22,357.18621641128766,30.525605614064172
경기도,경기도,가평군,건설업,2022,1917.3803552294635,2759.78,210_DT_GRDP008_2020,경기도 경제활동별 지역내총부가가치 및 요소소득,2026-05-13,842.3996447705367,30.524159344967234
전남,전라남도,화순군,문화 및 기타서비스업,2021,589.0369325968525,847.7,215_DT_2020Y36GRDP2,전라남도 경제활동별 지역내총부가가치 및 요소소득,2025-05-20,258.6630674031476,30.51351508825617
전남,전라남도,진도군,보건 및 사회복지업,2021,414.90037417593743,317.97,215_DT_2020Y36GRDP2,전라남도 경제활동별 지역내총부가가치 및 요소소득,2025-05-20,96.9303741759374,30.484125601766642
인천,인천광역시,동구,금융 및 보험업,2021,690.0172012087461,992.21,204_DT_2020Y23GRDP2,인천광역시 경제활동별 지역내총부가가치 및 요소소득,2025-03-25,302.19279879125395,30.456536296878074
경북,경상북도,영양군,"광업, 제조업",2021,192.76788466259669,147.78,216_DT_GRDP202037_02,경상북도 경제활동별 지역내총부가가치 및 요소소득,2025-09-09,44.987884662596684,30.442471689400925
전북,전북특별자치도,순창군,금융 및 보험업,2023,121.30378814762518,174.37,214_DT_2020Y35GRDP2,전북특별자치도 경제활동별 지역내총부가가치 및 요소소득,2026-06-24,53.06621185237482,30.433108821686538
경기도,경기도,구리시,사업서비스업,2022,3146.0892211816845,2413.65,210_DT_GRDP008_2020,경기도 경제활동별 지역내총부가가치 및 요소소득,2026-05-13,732.4392211816844,30.345709658885273
경북,경상북도,예천군,부동산업,2023,1204.936725858894,1728.82,216_DT_GRDP202037_02,경상북도 경제활동별 지역내총부가가치 및 요소소득,2026-06-22,523.8832741411059,30.302939238388372
전남,전라남도,영광군,운수 및 창고업,2023,234.78662515880308,180.2,215_DT_2020Y36GRDP2,전라남도 경제활동별 지역내총부가가치 및 요소소득,2026-06-24,54.58662515880309,30.292244816205933
대구,대구광역시,서구,건설업,2021,2068.915677825599,2967.69,203_DT_2020Y22GRDP2,대구광역시 경제활동별 지역내총부가가치 및 요소소득,2025-09-05,898.7743221744013,30.285316935879464
전북,전북특별자치도,순창군,사업서비스업,2022,106.45040788760313,152.62,214_DT_2020Y35GRDP2,전북특별자치도 경제활동별 지역내총부가가치 및 요소소득,2025-07-31,46.16959211239687,30.251338037214566
전북,전북특별자치도,장수군,사업서비스업,2022,185.19805902373366,142.27,214_DT_2020Y35GRDP2,전북특별자치도 경제활동별 지역내총부가가치 및 요소소득,2025-07-31,42.92805902373365,30.173655038823117
경북,경상북도,청송군,문화 및 기타서비스업,2022,306.48179800886527,235.52,216_DT_GRDP202037_02,경상북도 경제활동별 지역내총부가가치 및 요소소득,2025-09-09,70.96179800886526,30.129839507840206
대전,대전광역시,동구,금융 및 보험업,2022,1379.9767001532007,1974.84,206_DT_2020Y25GRDP2,대전광역시 경제활동별 지역내총부가가치 및 요소소득,2025-04-10,594.8632998467992,30.12210102321197
경북,경상북도,경주시,숙박 및 음식점업,2023,3278.6037560342347,2520.36,216_DT_GRDP202037_02,경상북도 경제활동별 지역내총부가가치 및 요소소득,2026-06-22,758.2437560342346,30.084740117849616
대전,대전광역시,중구,정보통신업,2022,2334.7413589518073,1794.9,206_DT_2020Y25GRDP2,대전광역시 경제활동별 지역내총부가가치 및 요소소득,2025-04-10,539.8413589518073,30.076403083837945
전북,전북특별자치도,전주시,건설업,2023,6607.810948284947,5081.26,214_DT_2020Y35GRDP2,전북특별자치도 경제활동별 지역내총부가가치 및 요소소득,2026-06-24,1526.5509482849466,30.04276396572792
전남,전라남도,장흥군,도매 및 소매업,2023,501.95584837911053,717.42,215_DT_2020Y36GRDP2,전라남도 경제활동별 지역내총부가가치 및 요소소득,2026-06-24,215.46415162088942,30.03319556478624
전남,전라남도,무안군,금융 및 보험업,2021,1445.8047193667176,2066.15,215_DT_2020Y36GRDP2,전라남도 경제활동별 지역내총부가가치 및 요소소득,2025-05-20,620.3452806332825,30.024213180712074
강원,강원특별자치도,철원군,"광업, 제조업",2021,1154.1476647278416,888.2199999999999,211_DT_2020Y32GRDP2,강원특별자치도 경제활동별 지역내총부가가치 및 요소소득,2025-03-19,265.9276647278417,29.939391674116965
인천,인천광역시,서구,건설업,2023,26963.427963822196,20756.26,204_DT_2020Y23GRDP2,인천광역시 경제활동별 지역내총부가가치 및 요소소득,2026-06-15,6207.167963822198,29.905040521857973
충남,충청남도,홍성군,건설업,2022,2203.9532576396655,3144.19,213_DT_2020Y34GRDP2,충청남도 경제활동별 지역내총부가가치 및 요소소득,2025-06-12,940.2367423603346,29.903941630764507
경북,경상북도,영양군,문화 및 기타서비스업,2021,72.75813738730672,56.02,216_DT_GRDP202037_02,경상북도 경제활동별 지역내총부가가치 및 요소소득,2025-09-09,16.738137387306715,29.87886002732366
전남,전라남도,여수시,건설업,2021,30785.515355797244,23706.93,215_DT_2020Y36GRDP2,전라남도 경제활동별 지역내총부가가치 및 요소소득,2025-05-20,7078.585355797244,29.858717918335458
전남,전라남도,영암군,문화 및 기타서비스업,2021,737.4062642346499,1050.7,215_DT_2020Y36GRDP2,전라남도 경제활동별 지역내총부가가치 및 요소소득,2025-05-20,313.2937357653501,29.81762023083184
전북,전북특별자치도,무주군,숙박 및 음식점업,2023,348.66135173420093,496.4,214_DT_2020Y35GRDP2,전북특별자치도 경제활동별 지역내총부가가치 및 요소소득,2026-06-24,147.73864826579904,29.76201616958079
경기도,경기도,연천군,정보통신업,2021,38.113681105655395,29.38,210_DT_GRDP008_2020,경기도 경제활동별 지역내총부가가치 및 요소소득,2026-05-13,8.733681105655396,29.726620509378478
경기도,경기도,성남시,건설업,2023,14768.478596515994,11387.6,210_DT_GRDP008_2020,경기도 경제활동별 지역내총부가가치 및 요소소득,2026-05-13,3380.878596515993,29.689123226281154
경북,경상북도,김천시,건설업,2021,3121.39567070466,2407.97,216_DT_GRDP202037_02,경상북도 경제활동별 지역내총부가가치 및 요소소득,2025-09-09,713.4256707046602,29.62768102196706
대전,대전광역시,중구,건설업,2023,3037.0826397251744,4312.8,206_DT_2020Y25GRDP2,대전광역시 경제활동별 지역내총부가가치 및 요소소득,2026-06-22,1275.7173602748258,29.579794107652233
경남,경상남도,거창군,사업서비스업,2021,733.3524798863798,566.32,217_DT_2020Y38GRDP2,경상남도 경제활동별 지역내총부가가치 및 요소소득,2025-10-28,167.03247988637975,29.49436359061657
전남,전라남도,순천시,"광업, 제조업",2023,6561.465254243585,9305.32,215_DT_2020Y36GRDP2,전라남도 경제활동별 지역내총부가가치 및 요소소득,2026-06-24,2743.8547457564146,29.486946668748786
전북,전북특별자치도,장수군,문화 및 기타서비스업,2021,237.8826938761665,337.13,214_DT_2020Y35GRDP2,전북특별자치도 경제활동별 지역내총부가가치 및 요소소득,2025-07-31,99.24730612383348,29.43888296023299
충남,충청남도,예산군,건설업,2022,2982.5052600256554,4223.55,213_DT_2020Y34GRDP2,충청남도 경제활동별 지역내총부가가치 및 요소소득,2025-06-12,1241.0447399743448,29.383924423159304
경북,경상북도,군위군,교육 서비스업,2021,362.93895494699535,280.54,216_DT_GRDP202037_02,경상북도 경제활동별 지역내총부가가치 및 요소소득,2025-09-09,82.39895494699533,29.371553057316362
전남,전라남도,장성군,부동산업,2023,872.8464258012945,674.71,215_DT_2020Y36GRDP2,전라남도 경제활동별 지역내총부가가치 및 요소소득,2026-06-24,198.13642580129442,29.36616113608727
서울,서울특별시,노원구,건설업,2021,3507.908532496822,2712.43,201_DT_201012_D040031,서울특별시 경제활동별 지역내총부가가치 및 요소소득,2025-10-29,795.478532496822,29.32715434119303
경북,경상북도,영양군,보건 및 사회복지업,2021,340.8744814753821,263.78,216_DT_GRDP202037_02,경상북도 경제활동별 지역내총부가가치 및 요소소득,2025-09-09,77.09448147538211,29.226810779961376
전남,전라남도,담양군,부동산업,2021,730.3673419122877,1031.05,215_DT_2020Y36GRDP2,전라남도 경제활동별 지역내총부가가치 및 요소소득,2025-05-20,300.6826580877123,29.162762047205497
전남,전라남도,담양군,부동산업,2022,1010.7031286853955,782.69,215_DT_2020Y36GRDP2,전라남도 경제활동별 지역내총부가가치 및 요소소득,2025-05-20,228.0131286853955,29.13198439808806
경북,경상북도,울릉군,도매 및 소매업,2023,558.5100306951398,787.73,216_DT_GRDP202037_02,경상북도 경제활동별 지역내총부가가치 및 요소소득,2026-06-22,229.21996930486023,29.09879899265741
충남,충청남도,서산시,정보통신업,2021,656.0374629007501,924.65,213_DT_2020Y34GRDP2,충청남도 경제활동별 지역내총부가가치 및 요소소득,2025-06-12,268.61253709924983,29.050185161872044
서울,서울특별시,서대문구,사업서비스업,2021,6989.993292139395,9849.62,201_DT_201012_D040031,서울특별시 경제활동별 지역내총부가가치 및 요소소득,2025-10-29,2859.626707860606,29.032863276558952
경기도,경기도,양주시,건설업,2021,6945.571567964631,9780.24,210_DT_GRDP008_2020,경기도 경제활동별 지역내총부가가치 및 요소소득,2026-05-13,2834.668432035369,28.98362854117454
충남,충청남도,천안시,건설업,2022,11572.18867901585,16291.38,213_DT_2020Y34GRDP2,충청남도 경제활동별 지역내총부가가치 및 요소소득,2025-06-12,4719.19132098415,28.967412956938883
인천,인천광역시,중구,도매 및 소매업,2022,5894.499380296932,8288.57,204_DT_2020Y23GRDP2,인천광역시 경제활동별 지역내총부가가치 및 요소소득,2025-06-17,2394.0706197030677,28.884000734783775
충남,충청남도,청양군,사업서비스업,2021,129.369224969312,181.86,213_DT_2020Y34GRDP2,충청남도 경제활동별 지역내총부가가치 및 요소소득,2025-06-12,52.49077503068801,28.863287710704945
경북,경상북도,영천시,사업서비스업,2022,1180.8248763913812,916.46,216_DT_GRDP202037_02,경상북도 경제활동별 지역내총부가가치 및 요소소득,2025-09-09,264.36487639138113,28.846308228551287
경기도,경기도,구리시,"광업, 제조업",2023,1993.6985777520902,1547.66,210_DT_GRDP008_2020,경기도 경제활동별 지역내총부가가치 및 요소소득,2026-05-13,446.0385777520901,28.820191628141195
경북,경상북도,예천군,사업서비스업,2023,251.80322627369617,353.7,216_DT_GRDP202037_02,경상북도 경제활동별 지역내총부가가치 및 요소소득,2026-06-22,101.89677372630382,28.80881360653204
경기도,경기도,오산시,건설업,2021,3576.4883231980807,5021.73,210_DT_GRDP008_2020,경기도 경제활동별 지역내총부가가치 및 요소소득,2026-05-13,1445.2416768019189,28.779756713362108
충남,충청남도,논산시,건설업,2021,2485.499959771474,1930.21,213_DT_2020Y34GRDP2,충청남도 경제활동별 지역내총부가가치 및 요소소득,2025-06-12,555.2899597714741,28.768370269114452
경북,경상북도,경산시,도매 및 소매업,2023,5643.908144899315,7914.62,216_DT_GRDP202037_02,경상북도 경제활동별 지역내총부가가치 및 요소소득,2026-06-22,2270.711855100685,28.690093208526562
충북,충청북도,옥천군,사업서비스업,2021,356.964170550462,500.5,212_DT_2020Y33GRDP2,충청북도 경제활동별 지역내총부가가치 및 요소소득,2025-03-17,143.53582944953803,28.678487402505098
전북,전북특별자치도,완주군,건설업,2023,3904.228267859032,3035.68,214_DT_2020Y35GRDP2,전북특별자치도 경제활동별 지역내총부가가치 및 요소소득,2026-06-24,868.548267859032,28.611324904437623
경기도,경기도,동두천시,건설업,2023,1066.1678731032277,1493.31,210_DT_GRDP008_2020,경기도 경제활동별 지역내총부가가치 및 요소소득,2026-05-13,427.1421268967722,28.603714359159998
경북,경상북도,봉화군,금융 및 보험업,2022,285.3360000450775,221.92,216_DT_GRDP202037_02,경상북도 경제활동별 지역내총부가가치 및 요소소득,2025-09-09,63.41600004507754,28.57606346659947
충북,충청북도,제천시,운수 및 창고업,2023,3457.2750803061604,2689.02,212_DT_2020Y33GRDP2,충청북도 경제활동별 지역내총부가가치 및 요소소득,2026-02-19,768.2550803061604,28.570076842350016
강원,강원특별자치도,정선군,건설업,2022,842.8733590060415,655.73,211_DT_2020Y32GRDP2,강원특별자치도 경제활동별 지역내총부가가치 및 요소소득,2025-03-19,187.14335900604146,28.539697589868002
전북,전북특별자치도,진안군,"광업, 제조업",2023,461.0708906941497,358.7,214_DT_2020Y35GRDP2,전북특별자치도 경제활동별 지역내총부가가치 및 요소소득,2026-06-24,102.3708906941497,28.53941753391405
충남,충청남도,청양군,문화 및 기타서비스업,2022,718.9200611335394,559.3,213_DT_2020Y34GRDP2,충청남도 경제활동별 지역내총부가가치 및 요소소득,2025-06-12,159.62006113353948,28.53925641579465
경북,경상북도,영주시,정보통신업,2022,620.4521950268451,483.31,216_DT_GRDP202037_02,경상북도 경제활동별 지역내총부가가치 및 요소소득,2025-09-09,137.14219502684506,28.37561710431091
서울,서울특별시,종로구,금융 및 보험업,2022,72217.52042618537,56331.39,201_DT_201012_D040031,서울특별시 경제활동별 지역내총부가가치 및 요소소득,2025-10-29,15886.130426185366,28.201204383888566
전남,전라남도,구례군,건설업,2023,739.5677758285835,1029.95,215_DT_2020Y36GRDP2,전라남도 경제활동별 지역내총부가가치 및 요소소득,2026-06-24,290.3822241714165,28.193817580602605
서울,서울특별시,은평구,금융 및 보험업,2023,1595.1191589484558,1244.47,201_DT_201012_D040031,서울특별시 경제활동별 지역내총부가가치 및 요소소득,2026-06-19,350.6491589484558,28.17658593203981
인천,인천광역시,부평구,건설업,2023,7468.394747980409,5826.81,204_DT_2020Y23GRDP2,인천광역시 경제활동별 지역내총부가가치 및 요소소득,2026-06-15,1641.5847479804088,28.17295823924941
경남,경상남도,통영시,운수 및 창고업,2022,1315.1885577568387,1026.11,217_DT_2020Y38GRDP2,경상남도 경제활동별 지역내총부가가치 및 요소소득,2025-10-28,289.0785577568388,28.172277607355824
전남,전라남도,해남군,건설업,2022,1613.8611132983879,1259.31,215_DT_2020Y36GRDP2,전라남도 경제활동별 지역내총부가가치 및 요소소득,2025-05-20,354.5511132983879,28.15439512895061
전북,전북특별자치도,순창군,숙박 및 음식점업,2022,180.99150105637432,141.25,214_DT_2020Y35GRDP2,전북특별자치도 경제활동별 지역내총부가가치 및 요소소득,2025-07-31,39.74150105637432,28.135575969114562
인천,인천광역시,강화군,문화 및 기타서비스업,2022,1014.2891713031955,792.3,204_DT_2020Y23GRDP2,인천광역시 경제활동별 지역내총부가가치 및 요소소득,2025-06-17,221.98917130319558,28.01832276955643
제주,제주특별자치도,서귀포시,건설업,2021,5386.164901422572,4208.65,218_DT_2020GRDP39_02,제주특별자치도 경제활동별 지역내총부가가치 및 요소소득,2025-08-05,1177.5149014225726,27.978446804143196
전남,전라남도,화순군,건설업,2022,1481.5625151318513,1157.75,215_DT_2020Y36GRDP2,전라남도 경제활동별 지역내총부가가치 및 요소소득,2025-05-20,323.81251513185134,27.969122447147598
서울,서울특별시,동작구,정보통신업,2023,6630.339334377345,5181.34,201_DT_201012_D040031,서울특별시 경제활동별 지역내총부가가치 및 요소소득,2026-06-19,1448.999334377345,27.965725746184283
전북,전북특별자치도,고창군,금융 및 보험업,2023,225.48399269839726,312.96,214_DT_2020Y35GRDP2,전북특별자치도 경제활동별 지역내총부가가치 및 요소소득,2026-06-24,87.47600730160272,27.951178202199234
경기도,경기도,안성시,건설업,2023,8491.175016075827,11773.05,210_DT_GRDP008_2020,경기도 경제활동별 지역내총부가가치 및 요소소득,2026-05-13,3281.874983924172,27.876166192483442
경북,경상북도,영덕군,숙박 및 음식점업,2023,353.89659598742065,276.85,216_DT_GRDP202037_02,경상북도 경제활동별 지역내총부가가치 및 요소소득,2026-06-22,77.04659598742063,27.829725839776277
전남,전라남도,구례군,운수 및 창고업,2021,297.69900761422167,232.96,215_DT_2020Y36GRDP2,전라남도 경제활동별 지역내총부가가치 및 요소소득,2025-05-20,64.73900761422166,27.789752581654213
전남,전라남도,구례군,도매 및 소매업,2021,389.4557996076806,304.77,215_DT_2020Y36GRDP2,전라남도 경제활동별 지역내총부가가치 및 요소소득,2025-05-20,84.68579960768062,27.786789909663227
경기도,경기도,양평군,사업서비스업,2023,888.4918725787657,695.5,210_DT_GRDP008_2020,경기도 경제활동별 지역내총부가가치 및 요소소득,2026-05-13,192.99187257876565,27.748651700757105
대전,대전광역시,대덕구,정보통신업,2023,509.7874055038433,704.51,206_DT_2020Y25GRDP2,대전광역시 경제활동별 지역내총부가가치 및 요소소득,2026-06-22,194.72259449615672,27.639436558197435
서울,서울특별시,노원구,"공공 행정, 국방·사회보장",2023,2893.370512726893,2266.89,201_DT_201012_D040031,서울특별시 경제활동별 지역내총부가가치 및 요소소득,2026-06-19,626.4805127268933,27.63612317875562
서울,서울특별시,서초구,금융 및 보험업,2022,26690.319581663083,20918.47,201_DT_201012_D040031,서울특별시 경제활동별 지역내총부가가치 및 요소소득,2025-10-29,5771.849581663082,27.592121133443708
서울,서울특별시,강남구,운수 및 창고업,2023,16239.316157744444,12735.92,201_DT_201012_D040031,서울특별시 경제활동별 지역내총부가가치 및 요소소득,2026-06-19,3503.3961577444443,27.507994379239538
전남,전라남도,고흥군,건설업,2023,1439.2674728117693,1129.01,215_DT_2020Y36GRDP2,전라남도 경제활동별 지역내총부가가치 및 요소소득,2026-06-24,310.2574728117693,27.48048935011818
부산,부산광역시,영도구,"광업, 제조업",2022,9348.296105204307,12890.4,202_DT_F10108,부산광역시 경제활동별 지역내총부가가치 및 요소소득,2025-03-31,3542.103894795693,27.478618931884917
전북,전북특별자치도,고창군,건설업,2023,1330.4107158845216,1043.72,214_DT_2020Y35GRDP2,전북특별자치도 경제활동별 지역내총부가가치 및 요소소득,2026-06-24,286.6907158845215,27.4681634810602
경북,경상북도,김천시,운수 및 창고업,2021,3066.359646393157,2405.93,216_DT_GRDP202037_02,경상북도 경제활동별 지역내총부가가치 및 요소소득,2025-09-09,660.4296463931573,27.450077366887538
경북,경상북도,경산시,도매 및 소매업,2022,7436.614530681605,5835.1,216_DT_GRDP202037_02,경상북도 경제활동별 지역내총부가가치 및 요소소득,2025-09-09,1601.5145306816048,27.446222527147857
대구,대구광역시,달성군,건설업,2022,5055.351616795246,3967.25,203_DT_2020Y22GRDP2,대구광역시 경제활동별 지역내총부가가치 및 요소소득,2025-09-05,1088.1016167952457,27.42709979948946
인천,인천광역시,강화군,건설업,2021,1021.4032351784192,1407.28,204_DT_2020Y23GRDP2,인천광역시 경제활동별 지역내총부가가치 및 요소소득,2025-03-25,385.87676482158076,27.420041841110564
충북,충청북도,영동군,금융 및 보험업,2021,275.74213387412647,379.87,212_DT_2020Y33GRDP2,충청북도 경제활동별 지역내총부가가치 및 요소소득,2025-03-17,104.12786612587354,27.411447633630857
광주,광주광역시,남구,건설업,2022,2967.128486019322,2329.263018286336,205_DT_2020Y24GRDP2,광주광역시 경제활동별 지역내총부가가치 및 요소소득,2025-07-23,637.865467732986,27.38486219569444
전북,전북특별자치도,진안군,운수 및 창고업,2021,362.3674982820958,284.56,214_DT_2020Y35GRDP2,전북특별자치도 경제활동별 지역내총부가가치 및 요소소득,2025-07-31,77.80749828209582,27.343090484290066
서울,서울특별시,강동구,정보통신업,2021,3096.338436039322,2432.32,201_DT_201012_D040031,서울특별시 경제활동별 지역내총부가가치 및 요소소득,2025-10-29,664.0184360393218,27.299797561148274
전남,전라남도,담양군,부동산업,2023,789.3700101800374,1085.55,215_DT_2020Y36GRDP2,전라남도 경제활동별 지역내총부가가치 및 요소소득,2026-06-24,296.17998981996254,27.283864383949386
강원,강원특별자치도,고성군,건설업,2021,2037.306682600112,1601.0,211_DT_2020Y32GRDP2,강원특별자치도 경제활동별 지역내총부가가치 및 요소소득,2025-03-19,436.306682600112,27.2521350780832
경기도,경기도,구리시,보건 및 사회복지업,2021,4530.862697333149,3560.72,210_DT_GRDP008_2020,경기도 경제활동별 지역내총부가가치 및 요소소득,2026-05-13,970.1426973331495,27.24568899922346
제주,제주특별자치도,서귀포시,사업서비스업,2023,1732.9134564934366,1361.91,218_DT_2020GRDP39_02,제주특별자치도 경제활동별 지역내총부가가치 및 요소소득,2026-02-27,371.0034564934365,27.241407765082602
경기도,경기도,연천군,사업서비스업,2022,251.07931869084686,344.72,210_DT_GRDP008_2020,경기도 경제활동별 지역내총부가가치 및 요소소득,2026-05-13,93.64068130915317,27.16427283277824
인천,인천광역시,계양구,정보통신업,2023,949.2664881537137,747.06,204_DT_2020Y23GRDP2,인천광역시 경제활동별 지역내총부가가치 및 요소소득,2026-06-15,202.20648815371374,27.06696760015444
전남,전라남도,무안군,운수 및 창고업,2022,412.94987425524334,325.01,215_DT_2020Y36GRDP2,전라남도 경제활동별 지역내총부가가치 및 요소소득,2025-05-20,87.93987425524335,27.057590306526986
전북,전북특별자치도,김제시,사업서비스업,2022,712.0839718761863,560.52,214_DT_2020Y35GRDP2,전북특별자치도 경제활동별 지역내총부가가치 및 요소소득,2025-07-31,151.56397187618632,27.039886511843704
경북,경상북도,칠곡군,교육 서비스업,2021,1981.6102959704185,1559.84,216_DT_GRDP202037_02,경상북도 경제활동별 지역내총부가가치 및 요소소득,2026-06-22,421.7702959704186,27.03933069868824
인천,인천광역시,옹진군,운수 및 창고업,2023,72.01235997210372,56.7,204_DT_2020Y23GRDP2,인천광역시 경제활동별 지역내총부가가치 및 요소소득,2026-06-01,15.312359972103721,27.00592587672614
대전,대전광역시,대덕구,금융 및 보험업,2023,735.1570957730049,1006.98,206_DT_2020Y25GRDP2,대전광역시 경제활동별 지역내총부가가치 및 요소소득,2026-06-22,271.8229042269951,26.993873187848326
경북,경상북도,울릉군,부동산업,2021,207.52596300246125,284.19,216_DT_GRDP202037_02,경상북도 경제활동별 지역내총부가가치 및 요소소득,2025-09-09,76.66403699753874,26.97633167864413
경북,경상북도,청송군,문화 및 기타서비스업,2021,211.75906776163092,289.86,216_DT_GRDP202037_02,경상북도 경제활동별 지역내총부가가치 및 요소소득,2025-09-09,78.1009322383691,26.94436356805668
전북,전북특별자치도,고창군,운수 및 창고업,2021,222.03254973521595,174.99,214_DT_2020Y35GRDP2,전북특별자치도 경제활동별 지역내총부가가치 및 요소소득,2025-07-31,47.04254973521594,26.88299316258983
인천,인천광역시,계양구,숙박 및 음식점업,2023,1664.0978088963027,1312.09,204_DT_2020Y23GRDP2,인천광역시 경제활동별 지역내총부가가치 및 요소소득,2026-06-15,352.0078088963028,26.828023145996294
인천,인천광역시,강화군,금융 및 보험업,2022,1180.2805393957938,930.67,204_DT_2020Y23GRDP2,인천광역시 경제활동별 지역내총부가가치 및 요소소득,2025-06-17,249.6105393957938,26.820520635219125
경북,경상북도,청송군,사업서비스업,2021,142.53830444859545,112.42,216_DT_GRDP202037_02,경상북도 경제활동별 지역내총부가가치 및 요소소득,2025-09-09,30.118304448595453,26.790877467172614
대전,대전광역시,서구,건설업,2021,4706.941113466861,6428.69,206_DT_2020Y25GRDP2,대전광역시 경제활동별 지역내총부가가치 및 요소소득,2025-04-10,1721.7488865331388,26.782266473156103
광주,광주광역시,광산구,건설업,2023,5900.70330397428,4654.4880070006675,205_DT_2020Y24GRDP2,광주광역시 경제활동별 지역내총부가가치 및 요소소득,2026-06-25,1246.2152969736126,26.774487228224018
인천,인천광역시,서구,건설업,2021,18758.829838149617,25588.99,204_DT_2020Y23GRDP2,인천광역시 경제활동별 지역내총부가가치 및 요소소득,2025-03-25,6830.160161850385,26.69179268838037
강원,강원특별자치도,삼척시,건설업,2022,5283.8949203455295,7199.08,211_DT_2020Y32GRDP2,강원특별자치도 경제활동별 지역내총부가가치 및 요소소득,2025-03-19,1915.1850796544704,26.603192069743226
경기도,경기도,과천시,문화 및 기타서비스업,2021,3978.0223717135577,3142.79,210_DT_GRDP008_2020,경기도 경제활동별 지역내총부가가치 및 요소소득,2026-05-13,835.2323717135578,26.576143226673043
경북,경상북도,안동시,교육 서비스업,2021,2685.007682206494,3655.45,216_DT_GRDP202037_02,경상북도 경제활동별 지역내총부가가치 및 요소소득,2026-06-22,970.4423177935059,26.547820864558563
인천,인천광역시,연수구,도매 및 소매업,2022,17340.269140008608,23602.61,204_DT_2020Y23GRDP2,인천광역시 경제활동별 지역내총부가가치 및 요소소득,2025-06-17,6262.340859991393,26.532408322602425
강원,강원특별자치도,고성군,정보통신업,2022,33.90163973618223,46.1,211_DT_2020Y32GRDP2,강원특별자치도 경제활동별 지역내총부가가치 및 요소소득,2025-03-19,12.198360263817769,26.460651331491903
전북,전북특별자치도,장수군,문화 및 기타서비스업,2022,356.46245967959965,281.88,214_DT_2020Y35GRDP2,전북특별자치도 경제활동별 지역내총부가가치 및 요소소득,2025-07-31,74.58245967959965,26.458939860791702
충북,충청북도,단양군,운수 및 창고업,2023,1266.152675905206,1720.49,212_DT_2020Y33GRDP2,충청북도 경제활동별 지역내총부가가치 및 요소소득,2026-02-19,454.337324094794,26.407437654086568
경기도,경기도,의정부시,문화 및 기타서비스업,2022,3176.314928960642,4315.6,210_DT_GRDP008_2020,경기도 경제활동별 지역내총부가가치 및 요소소득,2026-05-13,1139.2850710393582,26.399227709689455
경기도,경기도,오산시,건설업,2022,5071.510224204899,6885.47,210_DT_GRDP008_2020,경기도 경제활동별 지역내총부가가치 및 요소소득,2026-05-13,1813.9597757951015,26.344748808652152
인천,인천광역시,남동구,숙박 및 음식점업,2022,4777.581541467158,3781.89,204_DT_2020Y23GRDP2,인천광역시 경제활동별 지역내총부가가치 및 요소소득,2025-06-17,995.691541467158,26.327882129494988
인천,인천광역시,부평구,건설업,2021,6335.12469571938,8598.07,204_DT_2020Y23GRDP2,인천광역시 경제활동별 지역내총부가가치 및 요소소득,2025-03-25,2262.94530428062,26.3192240151641
경남,경상남도,창녕군,사업서비스업,2021,326.0842505397634,442.26,217_DT_2020Y38GRDP2,경상남도 경제활동별 지역내총부가가치 및 요소소득,2025-10-28,116.1757494602366,26.268654063274226
울산,울산광역시,동구,건설업,2021,1338.1141312122718,1060.16,207_DT_GRDP_2020_02,울산광역시 경제활동별 지역내총부가가치 및 요소소득,2025-07-31,277.9541312122717,26.218130396569546
경기도,경기도,오산시,사업서비스업,2021,5629.553375555126,4461.56,210_DT_GRDP008_2020,경기도 경제활동별 지역내총부가가치 및 요소소득,2026-05-13,1167.9933755551256,26.17903548434013
전남,전라남도,강진군,건설업,2023,965.9906256104025,765.66,215_DT_2020Y36GRDP2,전라남도 경제활동별 지역내총부가가치 및 요소소득,2026-06-24,200.33062561040254,26.164436644254963
전북,전북특별자치도,부안군,금융 및 보험업,2022,340.0012573447051,269.52,214_DT_2020Y35GRDP2,전북특별자치도 경제활동별 지역내총부가가치 및 요소소득,2025-07-31,70.48125734470511,26.150659448169012
전남,전라남도,함평군,건설업,2023,1105.1113306686702,876.09,215_DT_2020Y36GRDP2,전라남도 경제활동별 지역내총부가가치 및 요소소득,2026-06-24,229.0213306686702,26.141301769072832
전남,전라남도,신안군,운수 및 창고업,2021,451.32686209471734,610.83,215_DT_2020Y36GRDP2,전라남도 경제활동별 지역내총부가가치 및 요소소득,2025-05-20,159.5031379052827,26.112525237018925
경북,경상북도,칠곡군,운수 및 창고업,2023,3069.1301057846304,2433.66,216_DT_GRDP202037_02,경상북도 경제활동별 지역내총부가가치 및 요소소득,2026-06-22,635.4701057846305,26.111704419870918
전북,전북특별자치도,부안군,금융 및 보험업,2023,271.1602967699091,366.92,214_DT_2020Y35GRDP2,전북특별자치도 경제활동별 지역내총부가가치 및 요소소득,2026-06-24,95.7597032300909,26.098251180118524
인천,인천광역시,계양구,문화 및 기타서비스업,2021,2663.5931379641174,2113.16,204_DT_2020Y23GRDP2,인천광역시 경제활동별 지역내총부가가치 및 요소소득,2025-03-25,550.4331379641176,26.0478684985575
충남,충청남도,금산군,정보통신업,2021,222.08255112479628,300.25,213_DT_2020Y34GRDP2,충청남도 경제활동별 지역내총부가가치 및 요소소득,2025-06-12,78.16744887520372,26.034121190742287
경북,경상북도,김천시,건설업,2022,2431.840117763932,3286.93,216_DT_GRDP202037_02,경상북도 경제활동별 지역내총부가가치 및 요소소득,2025-09-09,855.0898822360678,26.014849182552346
인천,인천광역시,연수구,교육 서비스업,2021,10373.325733883878,8232.18,204_DT_2020Y23GRDP2,인천광역시 경제활동별 지역내총부가가치 및 요소소득,2025-03-25,2141.1457338838773,26.009462060886392
경기도,경기도,의왕시,정보통신업,2021,2436.3194351867787,1934.19,210_DT_GRDP008_2020,경기도 경제활동별 지역내총부가가치 및 요소소득,2026-05-13,502.12943518677866,25.960708885206657
경북,경상북도,봉화군,보건 및 사회복지업,2023,498.5995728527527,395.96,216_DT_GRDP202037_02,경상북도 경제활동별 지역내총부가가치 및 요소소득,2026-06-22,102.63957285275274,25.92170240750398
경북,경상북도,울진군,교육 서비스업,2021,1026.4668116259822,815.42,216_DT_GRDP202037_02,경상북도 경제활동별 지역내총부가가치 및 요소소득,2025-09-09,211.0468116259823,25.88197635892942
서울,서울특별시,용산구,운수 및 창고업,2023,4093.725160882334,3252.98,201_DT_201012_D040031,서울특별시 경제활동별 지역내총부가가치 및 요소소득,2026-06-19,840.745160882334,25.845383644606912
제주,제주특별자치도,서귀포시,숙박 및 음식점업,2021,4415.274169245088,5953.45,218_DT_2020GRDP39_02,제주특별자치도 경제활동별 지역내총부가가치 및 요소소득,2025-08-05,1538.1758307549117,25.836713682905067
인천,인천광역시,중구,정보통신업,2021,1099.2317243894947,1481.33,204_DT_2020Y23GRDP2,인천광역시 경제활동별 지역내총부가가치 및 요소소득,2025-03-25,382.0982756105052,25.7942710679258
전북,전북특별자치도,부안군,보건 및 사회복지업,2021,1269.133157409693,1009.0,214_DT_2020Y35GRDP2,전북특별자치도 경제활동별 지역내총부가가치 및 요소소득,2025-07-31,260.133157409693,25.781284183319425
서울,서울특별시,노원구,금융 및 보험업,2021,2713.268436468582,3654.3,201_DT_201012_D040031,서울특별시 경제활동별 지역내총부가가치 및 요소소득,2025-10-29,941.0315635314182,25.75134946587358
경북,경상북도,성주군,금융 및 보험업,2022,599.2734051497611,476.72,216_DT_GRDP202037_02,경상북도 경제활동별 지역내총부가가치 및 요소소득,2025-09-09,122.55340514976103,25.707628198892646
전남,전라남도,영광군,건설업,2022,1456.1935014986957,1158.41,215_DT_2020Y36GRDP2,전라남도 경제활동별 지역내총부가가치 및 요소소득,2025-05-20,297.7835014986956,25.706226767612122
충북,충청북도,보은군,숙박 및 음식점업,2021,120.33584647432357,161.97,212_DT_2020Y33GRDP2,충청북도 경제활동별 지역내총부가가치 및 요소소득,2025-03-17,41.634153525676425,25.704854927255926
경북,경상북도,안동시,운수 및 창고업,2022,1653.4237296803585,1315.93,216_DT_GRDP202037_02,경상북도 경제활동별 지역내총부가가치 및 요소소득,2026-03-27,337.49372968035846,25.64678437913555
전북,전북특별자치도,무주군,건설업,2021,645.1113051133638,513.56,214_DT_2020Y35GRDP2,전북특별자치도 경제활동별 지역내총부가가치 및 요소소득,2025-07-31,131.5513051133638,25.615566849708664
강원,강원특별자치도,철원군,정보통신업,2021,301.8660266848317,240.36,211_DT_2020Y32GRDP2,강원특별자치도 경제활동별 지역내총부가가치 및 요소소득,2025-03-19,61.50602668483168,25.58912742753856
경북,경상북도,포항시,운수 및 창고업,2021,9016.847500621638,12115.92,216_DT_GRDP202037_02,경상북도 경제활동별 지역내총부가가치 및 요소소득,2025-09-09,3099.0724993783624,25.57851569982603
경기도,경기도,안성시,건설업,2022,6356.028621105659,8540.57,210_DT_GRDP008_2020,경기도 경제활동별 지역내총부가가치 및 요소소득,2026-05-13,2184.5413788943406,25.578402599526033
전북,전북특별자치도,익산시,건설업,2023,4512.668838727028,6060.83,214_DT_2020Y35GRDP2,전북특별자치도 경제활동별 지역내총부가가치 및 요소소득,2026-06-24,1548.161161272972,25.54371532072294
대전,대전광역시,동구,사업서비스업,2022,2826.27628490635,3793.78,206_DT_2020Y25GRDP2,대전광역시 경제활동별 지역내총부가가치 및 요소소득,2025-04-10,967.50371509365,25.502367430205492
부산,부산광역시,해운대구,사업서비스업,2021,17600.317587240235,14026.67,202_DT_F10108,부산광역시 경제활동별 지역내총부가가치 및 요소소득,2025-03-31,3573.647587240235,25.47751951988772
전남,전라남도,신안군,건설업,2021,1883.4604691686739,1501.47,215_DT_2020Y36GRDP2,전라남도 경제활동별 지역내총부가가치 및 요소소득,2025-05-20,381.9904691686738,25.441099000890716
전북,전북특별자치도,김제시,금융 및 보험업,2022,612.6083993190744,488.53,214_DT_2020Y35GRDP2,전북특별자치도 경제활동별 지역내총부가가치 및 요소소득,2025-07-31,124.07839931907438,25.398317261800585
충북,충청북도,진천군,금융 및 보험업,2023,722.3395602251842,576.11,212_DT_2020Y33GRDP2,충청북도 경제활동별 지역내총부가가치 및 요소소득,2026-02-19,146.22956022518417,25.382229127281974
전남,전라남도,영암군,"광업, 제조업",2023,14964.738195973172,20039.48,215_DT_2020Y36GRDP2,전라남도 경제활동별 지역내총부가가치 및 요소소득,2026-06-24,5074.741804026828,25.32371999686034
경기도,경기도,양평군,정보통신업,2021,207.08360678585063,165.24,210_DT_GRDP008_2020,경기도 경제활동별 지역내총부가가치 및 요소소득,2026-05-13,41.843606785850625,25.322928338084377
전남,전라남도,장흥군,숙박 및 음식점업,2023,107.53448035756503,85.81,215_DT_2020Y36GRDP2,전라남도 경제활동별 지역내총부가가치 및 요소소득,2026-06-24,21.724480357565028,25.316956482420494
인천,인천광역시,중구,운수 및 창고업,2022,56188.55798665981,75151.02,204_DT_2020Y23GRDP2,인천광역시 경제활동별 지역내총부가가치 및 요소소득,2025-06-17,18962.46201334019,25.23247457365208
울산,울산광역시,북구,정보통신업,2021,251.61138190699697,201.08,207_DT_GRDP_2020_02,울산광역시 경제활동별 지역내총부가가치 및 요소소득,2025-07-31,50.531381906996955,25.129989012829196
서울,서울특별시,동작구,"공공 행정, 국방·사회보장",2022,3214.487790875132,2569.26,201_DT_201012_D040031,서울특별시 경제활동별 지역내총부가가치 및 요소소득,2025-10-29,645.2277908751316,25.11337081008273
경북,경상북도,군위군,도매 및 소매업,2023,153.63547663892768,122.84,216_DT_GRDP202037_02,경상북도 경제활동별 지역내총부가가치 및 요소소득,2026-06-22,30.79547663892768,25.069583717785477
부산,부산광역시,연제구,부동산업,2021,9109.00694724517,7284.13,202_DT_F10108,부산광역시 경제활동별 지역내총부가가치 및 요소소득,2025-03-31,1824.8769472451704,25.052778399687682
경기도,경기도,가평군,금융 및 보험업,2023,277.7099165828065,222.08,210_DT_GRDP008_2020,경기도 경제활동별 지역내총부가가치 및 요소소득,2026-05-13,55.62991658280649,25.049494138511562
전남,전라남도,화순군,문화 및 기타서비스업,2022,896.3107023118578,716.81,215_DT_2020Y36GRDP2,전라남도 경제활동별 지역내총부가가치 및 요소소득,2025-05-20,179.50070231185782,25.041601304649465
서울,서울특별시,성동구,도매 및 소매업,2021,29800.10827517233,39754.2,201_DT_201012_D040031,서울특별시 경제활동별 지역내총부가가치 및 요소소득,2025-10-29,9954.091724827667,25.03909454806704
충북,충청북도,괴산군,금융 및 보험업,2022,442.55126643414,590.08,212_DT_2020Y33GRDP2,충청북도 경제활동별 지역내총부가가치 및 요소소득,2025-03-17,147.52873356586002,25.00148006471326
전북,전북특별자치도,진안군,숙박 및 음식점업,2022,119.67085666904208,95.8,214_DT_2020Y35GRDP2,전북특별자치도 경제활동별 지역내총부가가치 및 요소소득,2025-07-31,23.870856669042084,24.917386919668147
경기도,경기도,여주시,문화 및 기타서비스업,2021,3075.0246871397085,4093.05,210_DT_GRDP008_2020,경기도 경제활동별 지역내총부가가치 및 요소소득,2026-05-13,1018.0253128602917,24.87204683207612
부산,부산광역시,동래구,숙박 및 음식점업,2022,1923.0759547254443,2559.18,202_DT_F10108,부산광역시 경제활동별 지역내총부가가치 및 요소소득,2025-03-31,636.1040452745556,24.855775884250253
경북,경상북도,영양군,보건 및 사회복지업,2022,278.978710657792,223.49,216_DT_GRDP202037_02,경상북도 경제활동별 지역내총부가가치 및 요소소득,2025-09-09,55.48871065779201,24.828274490040723
제주,제주특별자치도,제주시,정보통신업,2023,8856.141309348503,7096.37,218_DT_2020GRDP39_02,제주특별자치도 경제활동별 지역내총부가가치 및 요소소득,2026-02-27,1759.7713093485027,24.798189910454255
부산,부산광역시,중구,정보통신업,2021,545.0125498230855,437.01,202_DT_F10108,부산광역시 경제활동별 지역내총부가가치 및 요소소득,2025-03-31,108.00254982308547,24.713976756386693
부산,부산광역시,서구,사업서비스업,2021,1307.1553270976533,1048.24,202_DT_F10108,부산광역시 경제활동별 지역내총부가가치 및 요소소득,2025-03-31,258.9153270976533,24.70000449302195
서울,서울특별시,중랑구,정보통신업,2023,1006.8397578604104,1336.73,201_DT_201012_D040031,서울특별시 경제활동별 지역내총부가가치 및 요소소득,2026-06-19,329.89024213958965,24.678898666117288
경기도,경기도,평택시,건설업,2022,45217.075476136655,60003.5,210_DT_GRDP008_2020,경기도 경제활동별 지역내총부가가치 및 요소소득,2026-05-13,14786.424523863345,24.642603387907947
인천,인천광역시,강화군,건설업,2022,1421.230314716058,1885.4,204_DT_2020Y23GRDP2,인천광역시 경제활동별 지역내총부가가치 및 요소소득,2025-06-17,464.16968528394204,24.619162261798134
경북,경상북도,예천군,건설업,2021,999.108396637711,1325.36,216_DT_GRDP202037_02,경상북도 경제활동별 지역내총부가가치 및 요소소득,2025-09-09,326.25160336228885,24.6160743769458
강원,강원특별자치도,인제군,사업서비스업,2022,418.9990657258843,336.28,211_DT_2020Y32GRDP2,강원특별자치도 경제활동별 지역내총부가가치 및 요소소득,2025-03-19,82.71906572588432,24.598271002106674
대전,대전광역시,대덕구,정보통신업,2021,342.4558971468075,453.94,206_DT_2020Y25GRDP2,대전광역시 경제활동별 지역내총부가가치 및 요소소득,2025-04-10,111.4841028531925,24.559215502752014
경기도,경기도,광명시,"광업, 제조업",2021,22379.942533566817,29661.18,210_DT_GRDP008_2020,경기도 경제활동별 지역내총부가가치 및 요소소득,2026-05-13,7281.237466433184,24.548037085622294
충남,충청남도,보령시,정보통신업,2021,336.3799611491401,445.79,213_DT_2020Y34GRDP2,충청남도 경제활동별 지역내총부가가치 및 요소소득,2025-06-12,109.4100388508599,24.54295494534644
대구,대구광역시,중구,건설업,2021,3458.9525364615884,4581.68,203_DT_2020Y22GRDP2,대구광역시 경제활동별 지역내총부가가치 및 요소소득,2025-09-05,1122.727463538412,24.504711449477306
경남,경상남도,합천군,교육 서비스업,2021,1048.231998078124,842.06,217_DT_2020Y38GRDP2,경상남도 경제활동별 지역내총부가가치 및 요소소득,2025-10-28,206.17199807812403,24.484240799720215
부산,부산광역시,기장군,금융 및 보험업,2022,1217.429490795052,978.02,202_DT_F10108,부산광역시 경제활동별 지역내총부가가치 및 요소소득,2025-03-31,239.40949079505208,24.478997443309144
전남,전라남도,영광군,"광업, 제조업",2023,1620.095084619145,1301.54,215_DT_2020Y36GRDP2,전라남도 경제활동별 지역내총부가가치 및 요소소득,2026-06-24,318.55508461914496,24.47524352836985
대구,대구광역시,수성구,운수 및 창고업,2021,1316.141814014402,1742.55,203_DT_2020Y22GRDP2,대구광역시 경제활동별 지역내총부가가치 및 요소소득,2025-09-05,426.40818598559804,24.470355856968123
전남,전라남도,보성군,"광업, 제조업",2022,572.4939019167772,460.11,215_DT_2020Y36GRDP2,전라남도 경제활동별 지역내총부가가치 및 요소소득,2025-05-20,112.38390191677718,24.425442158783156
경기도,경기도,안산시,건설업,2022,7951.075055901432,10509.79,210_DT_GRDP008_2020,경기도 경제활동별 지역내총부가가치 및 요소소득,2026-05-13,2558.7149440985686,24.346013993605663
전북,전북특별자치도,무주군,보건 및 사회복지업,2022,288.00019978475757,380.6,214_DT_2020Y35GRDP2,전북특별자치도 경제활동별 지역내총부가가치 및 요소소득,2025-07-31,92.59980021524245,24.32995276280674
경북,경상북도,성주군,부동산업,2021,965.1024904607846,776.3,216_DT_GRDP202037_02,경상북도 경제활동별 지역내총부가가치 및 요소소득,2025-09-09,188.8024904607846,24.32081546577156
경기도,경기도,하남시,건설업,2021,13319.352477988457,10714.87,210_DT_GRDP008_2020,경기도 경제활동별 지역내총부가가치 및 요소소득,2026-05-13,2604.4824779884566,24.307177576475087
인천,인천광역시,부평구,정보통신업,2022,3324.9700868813634,4392.18,204_DT_2020Y23GRDP2,인천광역시 경제활동별 지역내총부가가치 및 요소소득,2025-06-17,1067.209913118637,24.29795484517112
전남,전라남도,목포시,운수 및 창고업,2023,5239.19894559041,4216.31,215_DT_2020Y36GRDP2,전라남도 경제활동별 지역내총부가가치 및 요소소득,2026-06-24,1022.88894559041,24.260287919778428
부산,부산광역시,부산진구,운수 및 창고업,2021,2576.096432639675,3400.35,202_DT_F10108,부산광역시 경제활동별 지역내총부가가치 및 요소소득,2025-03-31,824.2535673603247,24.240256660647425
서울,서울특별시,종로구,건설업,2021,3825.0925285527583,3078.9,201_DT_201012_D040031,서울특별시 경제활동별 지역내총부가가치 및 요소소득,2025-10-29,746.1925285527582,24.23568574987035
인천,인천광역시,중구,운수 및 창고업,2023,88341.53288460278,116593.25,204_DT_2020Y23GRDP2,인천광역시 경제활동별 지역내총부가가치 및 요소소득,2026-06-01,28251.717115397216,24.23100575324662
경북,경상북도,고령군,운수 및 창고업,2023,668.2126330810096,538.05,216_DT_GRDP202037_02,경상북도 경제활동별 지역내총부가가치 및 요소소득,2026-06-22,130.16263308100963,24.191549685161164
경기도,경기도,광명시,사업서비스업,2023,3947.597681775019,5206.91,210_DT_GRDP008_2020,경기도 경제활동별 지역내총부가가치 및 요소소득,2026-05-13,1259.312318224981,24.185405897643346
대구,대구광역시,중구,운수 및 창고업,2021,1019.4738658262236,1344.4,203_DT_2020Y22GRDP2,대구광역시 경제활동별 지역내총부가가치 및 요소소득,2025-09-05,324.9261341737765,24.168858537174685
부산,부산광역시,남구,"광업, 제조업",2021,4391.197895845864,5789.76,202_DT_F10108,부산광역시 경제활동별 지역내총부가가치 및 요소소득,2025-03-31,1398.5621041541363,24.155787185550633
서울,서울특별시,서대문구,운수 및 창고업,2023,2440.650051336613,3216.86,201_DT_201012_D040031,서울특별시 경제활동별 지역내총부가가치 및 요소소득,2026-06-19,776.209948663387,24.12942896686169
서울,서울특별시,종로구,정보통신업,2021,32769.97720813054,26402.17,201_DT_201012_D040031,서울특별시 경제활동별 지역내총부가가치 및 요소소득,2025-10-29,6367.807208130544,24.11849938141654
전남,전라남도,완도군,금융 및 보험업,2021,1003.5497785174218,808.55,215_DT_2020Y36GRDP2,전라남도 경제활동별 지역내총부가가치 및 요소소득,2025-05-20,194.99977851742187,24.117219530940805
서울,서울특별시,노원구,건설업,2022,2739.318218510373,2207.2,201_DT_201012_D040031,서울특별시 경제활동별 지역내총부가가치 및 요소소득,2025-10-29,532.118218510373,24.108291886116938
대전,대전광역시,중구,금융 및 보험업,2022,3858.611036254433,3109.26,206_DT_2020Y25GRDP2,대전광역시 경제활동별 지역내총부가가치 및 요소소득,2025-04-10,749.351036254433,24.100623178969688
경북,경상북도,영덕군,부동산업,2021,737.6576954386359,594.51,216_DT_GRDP202037_02,경상북도 경제활동별 지역내총부가가치 및 요소소득,2025-09-09,143.14769543863588,24.07826536788883
경기도,경기도,포천시,건설업,2021,2882.1943282889015,3796.17,210_DT_GRDP008_2020,경기도 경제활동별 지역내총부가가치 및 요소소득,2026-05-13,913.9756717110986,24.076257694231256
강원,강원특별자치도,동해시,정보통신업,2021,810.5320437534684,1067.47,211_DT_2020Y32GRDP2,강원특별자치도 경제활동별 지역내총부가가치 및 요소소득,2025-03-19,256.9379562465316,24.069805825599932
부산,부산광역시,동구,운수 및 창고업,2021,7917.084039489955,6382.77,202_DT_F10108,부산광역시 경제활동별 지역내총부가가치 및 요소소득,2025-03-31,1534.3140394899547,24.038372673462376
서울,서울특별시,동대문구,정보통신업,2023,1370.8144493648192,1105.33,201_DT_201012_D040031,서울특별시 경제활동별 지역내총부가가치 및 요소소득,2026-06-19,265.4844493648193,24.01856905764064
전남,전라남도,신안군,숙박 및 음식점업,2022,179.67130900943104,236.25,215_DT_2020Y36GRDP2,전라남도 경제활동별 지역내총부가가치 및 요소소득,2025-05-20,56.57869099056896,23.9486522711403
서울,서울특별시,도봉구,"광업, 제조업",2023,1265.0606561656666,1020.72,201_DT_201012_D040031,서울특별시 경제활동별 지역내총부가가치 및 요소소득,2026-06-19,244.3406561656666,23.938068830400756
전남,전라남도,영암군,숙박 및 음식점업,2022,610.873345859328,492.94,215_DT_2020Y36GRDP2,전라남도 경제활동별 지역내총부가가치 및 요소소득,2025-05-20,117.93334585932797,23.924482869989852
경북,경상북도,의성군,정보통신업,2021,90.32091572834193,72.9,216_DT_GRDP202037_02,경상북도 경제활동별 지역내총부가가치 및 요소소득,2025-09-09,17.420915728341924,23.897003742581514
부산,부산광역시,서구,문화 및 기타서비스업,2022,620.1006695586118,500.52,202_DT_F10108,부산광역시 경제활동별 지역내총부가가치 및 요소소득,2025-03-31,119.58066955861182,23.891286973270162
전남,전라남도,광양시,정보통신업,2022,1321.6932357274472,1735.99,215_DT_2020Y36GRDP2,전라남도 경제활동별 지역내총부가가치 및 요소소득,2025-05-20,414.29676427255276,23.865158455552898
경남,경상남도,진주시,운수 및 창고업,2021,3646.9015365581763,4789.72,217_DT_2020Y38GRDP2,경상남도 경제활동별 지역내총부가가치 및 요소소득,2025-10-28,1142.818463441824,23.85981776475084
전북,전북특별자치도,김제시,운수 및 창고업,2021,1040.5828674088798,840.23,214_DT_2020Y35GRDP2,전북특별자치도 경제활동별 지역내총부가가치 및 요소소득,2025-07-31,200.35286740887977,23.84500284551608
경북,경상북도,상주시,사업서비스업,2023,1062.2955169624609,857.86,216_DT_GRDP202037_02,경상북도 경제활동별 지역내총부가가치 및 요소소득,2026-06-22,204.43551696246084,23.830871816200876
서울,서울특별시,종로구,도매 및 소매업,2022,23966.97311164688,31461.66,201_DT_201012_D040031,서울특별시 경제활동별 지역내총부가가치 및 요소소득,2025-10-29,7494.686888353121,23.821651140954167
전남,전라남도,화순군,사업서비스업,2023,792.3308806390068,1038.49,215_DT_2020Y36GRDP2,전라남도 경제활동별 지역내총부가가치 및 요소소득,2026-06-24,246.15911936099326,23.703561840845193
경기도,경기도,양주시,운수 및 창고업,2021,2119.7916599826613,2778.19,210_DT_GRDP008_2020,경기도 경제활동별 지역내총부가가치 및 요소소득,2026-05-13,658.3983400173388,23.698823335241244
인천,인천광역시,연수구,숙박 및 음식점업,2022,3164.477574591265,4145.93,204_DT_2020Y23GRDP2,인천광역시 경제활동별 지역내총부가가치 및 요소소득,2025-06-17,981.4524254087355,23.672672365638963
전북,전북특별자치도,완주군,보건 및 사회복지업,2021,1600.3723212325235,1294.39,214_DT_2020Y35GRDP2,전북특별자치도 경제활동별 지역내총부가가치 및 요소소득,2025-07-31,305.9823212325234,23.63911349999022
전남,전라남도,보성군,건설업,2023,887.3779324855741,717.98,215_DT_2020Y36GRDP2,전라남도 경제활동별 지역내총부가가치 및 요소소득,2026-06-24,169.39793248557407,23.593684014258624
경기도,경기도,과천시,건설업,2022,4676.523165205555,6120.58,210_DT_GRDP008_2020,경기도 경제활동별 지역내총부가가치 및 요소소득,2026-05-13,1444.0568347944445,23.593463933065895
경남,경상남도,합천군,사업서비스업,2022,368.3338017115243,298.07,217_DT_2020Y38GRDP2,경상남도 경제활동별 지역내총부가가치 및 요소소득,2025-10-28,70.26380171152431,23.57291968716218
서울,서울특별시,강동구,정보통신업,2022,2488.9718189891573,3255.62,201_DT_201012_D040031,서울특별시 경제활동별 지역내총부가가치 및 요소소득,2025-10-29,766.6481810108426,23.54845408895518
전남,전라남도,구례군,"광업, 제조업",2021,396.3007014614,320.78,215_DT_2020Y36GRDP2,전라남도 경제활동별 지역내총부가가치 및 요소소득,2025-05-20,75.52070146140005,23.542833549909613
경기도,경기도,포천시,정보통신업,2023,168.3984296792727,136.31,210_DT_GRDP008_2020,경기도 경제활동별 지역내총부가가치 및 요소소득,2026-05-13,32.08842967927271,23.540774469424626
전북,전북특별자치도,부안군,사업서비스업,2023,342.91471634412926,277.65,214_DT_2020Y35GRDP2,전북특별자치도 경제활동별 지역내총부가가치 및 요소소득,2026-06-24,65.26471634412928,23.506110694806154
경북,경상북도,성주군,건설업,2021,718.3629585327021,938.8,216_DT_GRDP202037_02,경상북도 경제활동별 지역내총부가가치 및 요소소득,2025-09-09,220.43704146729783,23.48072448522559
인천,인천광역시,남동구,도매 및 소매업,2022,11784.593072723888,9543.99,204_DT_2020Y23GRDP2,인천광역시 경제활동별 지역내총부가가치 및 요소소득,2025-06-17,2240.6030727238885,23.476586550529586
대구,대구광역시,동구,건설업,2022,7499.391483153467,6075.44,203_DT_2020Y22GRDP2,대구광역시 경제활동별 지역내총부가가치 및 요소소득,2025-09-05,1423.951483153467,23.43783303190332
경기도,경기도,여주시,건설업,2021,2942.4455873513903,3841.32,210_DT_GRDP008_2020,경기도 경제활동별 지역내총부가가치 및 요소소득,2026-05-13,898.8744126486099,23.40014402988061
경북,경상북도,영천시,사업서비스업,2021,881.7301914020017,1150.87,216_DT_GRDP202037_02,경상북도 경제활동별 지역내총부가가치 및 요소소득,2025-09-09,269.13980859799824,23.385769773996913
경북,경상북도,봉화군,부동산업,2021,627.4381246916158,509.0,216_DT_GRDP202037_02,경상북도 경제활동별 지역내총부가가치 및 요소소득,2025-09-09,118.43812469161583,23.268786776348886
충북,충청북도,영동군,금융 및 보험업,2023,366.46682286449754,297.44,212_DT_2020Y33GRDP2,충청북도 경제활동별 지역내총부가가치 및 요소소득,2026-02-19,69.02682286449755,23.206973797908
경북,경상북도,청송군,숙박 및 음식점업,2022,191.01813203359032,155.07,216_DT_GRDP202037_02,경상북도 경제활동별 지역내총부가가치 및 요소소득,2025-09-09,35.948132033590326,23.18187401405193
부산,부산광역시,동구,"광업, 제조업",2022,982.6500990714796,1279.17,202_DT_F10108,부산광역시 경제활동별 지역내총부가가치 및 요소소득,2025-03-31,296.5199009285204,23.180648461777594
전남,전라남도,무안군,부동산업,2022,2123.0598284339558,2763.09,215_DT_2020Y36GRDP2,전라남도 경제활동별 지역내총부가가치 및 요소소득,2025-05-20,640.0301715660444,23.16356584715099
서울,서울특별시,강남구,운수 및 창고업,2022,10615.217662986466,13814.58,201_DT_201012_D040031,서울특별시 경제활동별 지역내총부가가치 및 요소소득,2025-10-29,3199.3623370135338,23.159316729234863
충남,충청남도,부여군,건설업,2022,1236.8000093941278,1004.25,213_DT_2020Y34GRDP2,충청남도 경제활동별 지역내총부가가치 및 요소소득,2025-06-12,232.55000939412776,23.156585451244986
경남,경상남도,함안군,운수 및 창고업,2022,1754.8931533180676,1424.95,217_DT_2020Y38GRDP2,경상남도 경제활동별 지역내총부가가치 및 요소소득,2025-10-28,329.9431533180675,23.154717942248325
전북,전북특별자치도,김제시,건설업,2023,1932.7865665291533,2514.35,214_DT_2020Y35GRDP2,전북특별자치도 경제활동별 지역내총부가가치 및 요소소득,2026-06-24,581.5634334708466,23.129772444999567
경북,경상북도,칠곡군,문화 및 기타서비스업,2023,1878.4782190476296,1526.1,216_DT_GRDP202037_02,경상북도 경제활동별 지역내총부가가치 및 요소소득,2026-06-22,352.3782190476297,23.090113298448973
경남,경상남도,통영시,부동산업,2021,2232.373357624516,2901.88,217_DT_2020Y38GRDP2,경상남도 경제활동별 지역내총부가가치 및 요소소득,2025-10-28,669.5066423754843,23.071479260875165
경기도,경기도,안성시,운수 및 창고업,2023,5516.845032789417,7171.29,210_DT_GRDP008_2020,경기도 경제활동별 지역내총부가가치 및 요소소득,2026-05-13,1654.444967210583,23.070395524523242
경기도,경기도,오산시,정보통신업,2022,305.84129442650607,397.53,210_DT_GRDP008_2020,경기도 경제활동별 지역내총부가가치 및 요소소득,2026-05-13,91.6887055734939,23.06460030022738
충남,충청남도,예산군,"공공 행정, 국방·사회보장",2022,4362.975285512208,5670.2,213_DT_2020Y34GRDP2,충청남도 경제활동별 지역내총부가가치 및 요소소득,2025-06-12,1307.224714487792,23.054296400264402
부산,부산광역시,서구,"광업, 제조업",2021,1451.3918244848592,1886.0,202_DT_F10108,부산광역시 경제활동별 지역내총부가가치 및 요소소득,2025-03-31,434.60817551514083,23.043911745235462
전북,전북특별자치도,진안군,문화 및 기타서비스업,2022,382.6951699831943,311.18,214_DT_2020Y35GRDP2,전북특별자치도 경제활동별 지역내총부가가치 및 요소소득,2025-07-31,71.51516998319431,22.98193006722614
인천,인천광역시,동구,사업서비스업,2021,787.6001660246752,1022.42,204_DT_2020Y23GRDP2,인천광역시 경제활동별 지역내총부가가치 및 요소소득,2025-06-17,234.81983397532474,22.967061870398148
전북,전북특별자치도,김제시,금융 및 보험업,2021,459.6663005221065,596.3,214_DT_2020Y35GRDP2,전북특별자치도 경제활동별 지역내총부가가치 및 요소소득,2025-07-31,136.63369947789346,22.913583679002762
경북,경상북도,영천시,부동산업,2021,2265.0325145654224,1843.13,216_DT_GRDP202037_02,경상북도 경제활동별 지역내총부가가치 및 요소소득,2025-09-09,421.9025145654223,22.89054567856973
전남,전라남도,장성군,사업서비스업,2022,675.4137301614591,549.76,215_DT_2020Y36GRDP2,전라남도 경제활동별 지역내총부가가치 및 요소소득,2025-12-08,125.65373016145907,22.856106330300324
전북,전북특별자치도,부안군,"광업, 제조업",2021,1932.949510728264,1573.48,214_DT_2020Y35GRDP2,전북특별자치도 경제활동별 지역내총부가가치 및 요소소득,2025-07-31,359.4695107282639,22.845508727677753
경기도,경기도,이천시,정보통신업,2023,590.3108445781579,765.06,210_DT_GRDP008_2020,경기도 경제활동별 지역내총부가가치 및 요소소득,2026-05-13,174.74915542184203,22.841235383086563
인천,인천광역시,옹진군,운수 및 창고업,2022,75.22227503778147,61.26,204_DT_2020Y23GRDP2,인천광역시 경제활동별 지역내총부가가치 및 요소소득,2025-06-17,13.962275037781474,22.79182996699555
전남,전라남도,곡성군,건설업,2022,588.2440036187983,761.85,215_DT_2020Y36GRDP2,전라남도 경제활동별 지역내총부가가치 및 요소소득,2025-05-20,173.60599638120175,22.78742487119535
경기도,경기도,의정부시,건설업,2023,5936.625378515876,4835.0,210_DT_GRDP008_2020,경기도 경제활동별 지역내총부가가치 및 요소소득,2026-05-13,1101.625378515876,22.784392523596196
전남,전라남도,곡성군,사업서비스업,2022,203.5331798810972,165.78,215_DT_2020Y36GRDP2,전라남도 경제활동별 지역내총부가가치 및 요소소득,2025-12-08,37.753179881097196,22.77306061110942
경기도,경기도,이천시,정보통신업,2021,449.08475599276676,581.39,210_DT_GRDP008_2020,경기도 경제활동별 지역내총부가가치 및 요소소득,2026-05-13,132.30524400723323,22.75671133098836
경북,경상북도,청도군,부동산업,2021,811.5068414105554,661.07,216_DT_GRDP202037_02,경상북도 경제활동별 지역내총부가가치 및 요소소득,2025-09-09,150.4368414105553,22.756567596556383
경북,경상북도,의성군,보건 및 사회복지업,2021,840.9591019451148,685.09,216_DT_GRDP202037_02,경상북도 경제활동별 지역내총부가가치 및 요소소득,2025-09-09,155.86910194511472,22.75162415815655
서울,서울특별시,은평구,정보통신업,2021,2321.814767022479,1891.6,201_DT_201012_D040031,서울특별시 경제활동별 지역내총부가가치 및 요소소득,2025-10-29,430.214767022479,22.743432386470662
충북,충청북도,충주시,교육 서비스업,2023,3808.9304233368193,3103.83,212_DT_2020Y33GRDP2,충청북도 경제활동별 지역내총부가가치 및 요소소득,2026-02-19,705.1004233368194,22.717108325417932
전남,전라남도,영암군,문화 및 기타서비스업,2022,1110.9515806524348,905.6,215_DT_2020Y36GRDP2,전라남도 경제활동별 지역내총부가가치 및 요소소득,2025-05-20,205.3515806524348,22.67574874695614
충남,충청남도,부여군,사업서비스업,2021,614.0602872514849,500.56,213_DT_2020Y34GRDP2,충청남도 경제활동별 지역내총부가가치 및 요소소득,2025-06-12,113.50028725148485,22.674661829048436
전남,전라남도,진도군,"광업, 제조업",2021,464.52119621577793,378.76,215_DT_2020Y36GRDP2,전라남도 경제활동별 지역내총부가가치 및 요소소득,2025-05-20,85.76119621577794,22.642622297966508
전남,전라남도,나주시,건설업,2023,2945.9925304030958,2402.64,215_DT_2020Y36GRDP2,전라남도 경제활동별 지역내총부가가치 및 요소소득,2026-06-24,543.3525304030959,22.61481247307528
전남,전라남도,영암군,부동산업,2021,1138.861000100621,1471.64,215_DT_2020Y36GRDP2,전라남도 경제활동별 지역내총부가가치 및 요소소득,2025-05-20,332.7789998993792,22.612799319084772
울산,울산광역시,동구,문화 및 기타서비스업,2021,1033.0763280305796,842.67,207_DT_GRDP_2020_02,울산광역시 경제활동별 지역내총부가가치 및 요소소득,2025-07-31,190.40632803057963,22.59559828053445
울산,울산광역시,동구,정보통신업,2021,259.5417328411159,211.72,207_DT_GRDP_2020_02,울산광역시 경제활동별 지역내총부가가치 및 요소소득,2025-07-31,47.8217328411159,22.58725337290568
부산,부산광역시,해운대구,운수 및 창고업,2022,3447.512775299564,4453.4,202_DT_F10108,부산광역시 경제활동별 지역내총부가가치 및 요소소득,2025-03-31,1005.8872247004356,22.58694985180841
부산,부산광역시,강서구,교육 서비스업,2021,735.4402851888175,949.93,202_DT_F10108,부산광역시 경제활동별 지역내총부가가치 및 요소소득,2025-03-31,214.48971481118247,22.57952847169607
전남,전라남도,곡성군,건설업,2023,757.4437872410588,617.93,215_DT_2020Y36GRDP2,전라남도 경제활동별 지역내총부가가치 및 요소소득,2026-06-24,139.51378724105882,22.577603812900946
충남,충청남도,계룡시,금융 및 보험업,2021,273.77788483685043,353.53,213_DT_2020Y34GRDP2,충청남도 경제활동별 지역내총부가가치 및 요소소득,2025-06-12,79.75211516314954,22.55879703650314
경북,경상북도,칠곡군,정보통신업,2021,170.24619948940006,219.79,216_DT_GRDP202037_02,경상북도 경제활동별 지역내총부가가치 및 요소소득,2025-09-09,49.54380051059994,22.541426138859794
인천,인천광역시,동구,문화 및 기타서비스업,2022,901.6397172223824,735.87,204_DT_2020Y23GRDP2,인천광역시 경제활동별 지역내총부가가치 및 요소소득,2025-06-17,165.76971722238238,22.527038365795914
충남,충청남도,논산시,사업서비스업,2021,945.8420148253955,1220.6,213_DT_2020Y34GRDP2,충청남도 경제활동별 지역내총부가가치 및 요소소득,2025-06-12,274.7579851746044,22.510075796706904
울산,울산광역시,북구,건설업,2022,3121.3783915819945,4027.93,207_DT_GRDP_2020_02,울산광역시 경제활동별 지역내총부가가치 및 요소소득,2025-07-31,906.5516084180053,22.50663761331516
경기도,경기도,포천시,문화 및 기타서비스업,2022,4037.4583622399496,3296.9,210_DT_GRDP008_2020,경기도 경제활동별 지역내총부가가치 및 요소소득,2026-05-13,740.5583622399495,22.462263406228562
경기도,경기도,안성시,문화 및 기타서비스업,2021,3881.6201739946273,5005.78,210_DT_GRDP008_2020,경기도 경제활동별 지역내총부가가치 및 요소소득,2026-05-13,1124.1598260053725,22.457235955343073
전남,전라남도,강진군,사업서비스업,2022,452.6322644782277,369.78,215_DT_2020Y36GRDP2,전라남도 경제활동별 지역내총부가가치 및 요소소득,2025-12-08,82.85226447822771,22.405826296237684
경북,경상북도,영양군,정보통신업,2023,31.551276399220647,25.78,216_DT_GRDP202037_02,경상북도 경제활동별 지역내총부가가치 및 요소소득,2026-06-22,5.771276399220646,22.386642355394283
부산,부산광역시,수영구,"공공 행정, 국방·사회보장",2022,1124.136482967539,1448.2,202_DT_F10108,부산광역시 경제활동별 지역내총부가가치 및 요소소득,2025-03-31,324.06351703246105,22.37698639914798
경기도,경기도,안성시,정보통신업,2023,187.25630478124916,153.06,210_DT_GRDP008_2020,경기도 경제활동별 지역내총부가가치 및 요소소득,2026-05-13,34.196304781249154,22.34176452453231
대전,대전광역시,동구,금융 및 보험업,2023,1986.8588619511995,1624.29,206_DT_2020Y25GRDP2,대전광역시 경제활동별 지역내총부가가치 및 요소소득,2026-06-22,362.56886195119955,22.32168282456948
전북,전북특별자치도,정읍시,정보통신업,2021,663.215139537133,542.19,214_DT_2020Y35GRDP2,전북특별자치도 경제활동별 지역내총부가가치 및 요소소득,2025-07-31,121.02513953713299,22.321536645296476
충남,충청남도,당진시,숙박 및 음식점업,2021,1324.8332360636925,1705.22,213_DT_2020Y34GRDP2,충청남도 경제활동별 지역내총부가가치 및 요소소득,2025-06-12,380.3867639363075,22.30719578331872
전북,전북특별자치도,임실군,건설업,2021,548.3032130944268,705.7,214_DT_2020Y35GRDP2,전북특별자치도 경제활동별 지역내총부가가치 및 요소소득,2025-07-31,157.3967869055732,22.303639918601842
전북,전북특별자치도,무주군,보건 및 사회복지업,2021,332.9208493406745,272.31,214_DT_2020Y35GRDP2,전북특별자치도 경제활동별 지역내총부가가치 및 요소소득,2025-07-31,60.61084934067452,22.25803288188995
경북,경상북도,청송군,보건 및 사회복지업,2021,517.1130084177101,422.97,216_DT_GRDP202037_02,경상북도 경제활동별 지역내총부가가치 및 요소소득,2025-09-09,94.14300841771012,22.25760891262031
충북,충청북도,증평군,사업서비스업,2022,1173.222008705144,1508.12,212_DT_2020Y33GRDP2,충청북도 경제활동별 지역내총부가가치 및 요소소득,2025-03-17,334.89799129485596,22.206322527044
강원,강원특별자치도,인제군,운수 및 창고업,2021,304.927510257022,249.55,211_DT_2020Y32GRDP2,강원특별자치도 경제활동별 지역내총부가가치 및 요소소득,2025-03-19,55.37751025702198,22.19094780886475
전북,전북특별자치도,남원시,사업서비스업,2022,657.9302125671965,538.56,214_DT_2020Y35GRDP2,전북특별자치도 경제활동별 지역내총부가가치 및 요소소득,2025-07-31,119.37021256719652,22.164700788620863
전북,전북특별자치도,임실군,금융 및 보험업,2023,75.02383248045459,96.38,214_DT_2020Y35GRDP2,전북특별자치도 경제활동별 지역내총부가가치 및 요소소득,2026-06-24,21.35616751954541,22.15829790365782
경북,경상북도,청도군,사업서비스업,2021,499.350407106687,408.8,216_DT_GRDP202037_02,경상북도 경제활동별 지역내총부가가치 및 요소소득,2025-09-09,90.55040710668698,22.15029528050073
전남,전라남도,구례군,사업서비스업,2022,232.61081418986512,190.54,215_DT_2020Y36GRDP2,전라남도 경제활동별 지역내총부가가치 및 요소소득,2025-12-08,42.07081418986513,22.079780723136942
경북,경상북도,봉화군,도매 및 소매업,2022,40.304269266987575,33.02,216_DT_GRDP202037_02,경상북도 경제활동별 지역내총부가가치 및 요소소득,2025-09-09,7.284269266987572,22.060173431216146
경북,경상북도,성주군,도매 및 소매업,2022,1292.3489302923886,1658.01,216_DT_GRDP202037_02,경상북도 경제활동별 지역내총부가가치 및 요소소득,2025-09-09,365.66106970761143,22.054213768771685
경북,경상북도,청도군,건설업,2022,681.8629352984772,558.7,216_DT_GRDP202037_02,경상북도 경제활동별 지역내총부가가치 및 요소소득,2025-09-09,123.16293529847712,22.0445561658273
경기도,경기도,파주시,건설업,2022,13525.956198305927,17350.08,210_DT_GRDP008_2020,경기도 경제활동별 지역내총부가가치 및 요소소득,2026-05-13,3824.123801694075,22.040957745982006
충북,충청북도,음성군,정보통신업,2021,629.0393630906481,806.81,212_DT_2020Y33GRDP2,충청북도 경제활동별 지역내총부가가치 및 요소소득,2025-03-17,177.77063690935188,22.033767170629005
경남,경상남도,김해시,정보통신업,2021,1941.256097093171,2489.59,217_DT_2020Y38GRDP2,경상남도 경제활동별 지역내총부가가치 및 요소소득,2025-10-28,548.333902906829,22.025068501513463
충남,충청남도,공주시,보건 및 사회복지업,2022,2363.5032369982337,3029.14,213_DT_2020Y34GRDP2,충청남도 경제활동별 지역내총부가가치 및 요소소득,2025-06-12,665.6367630017662,21.974446971806067
서울,서울특별시,용산구,금융 및 보험업,2022,4763.900983254223,6104.23,201_DT_201012_D040031,서울특별시 경제활동별 지역내총부가가치 및 요소소득,2025-10-29,1340.3290167457762,21.957380648268106
충남,충청남도,예산군,건설업,2021,2304.86445758953,2953.23,213_DT_2020Y34GRDP2,충청남도 경제활동별 지역내총부가가치 및 요소소득,2025-06-12,648.36554241047,21.95445469572197
경북,경상북도,영양군,운수 및 창고업,2023,48.948656043721826,40.14,216_DT_GRDP202037_02,경상북도 경제활동별 지역내총부가가치 및 요소소득,2026-06-22,8.808656043721825,21.944833193128613
부산,부산광역시,기장군,문화 및 기타서비스업,2021,2067.7296184000825,2648.28,202_DT_F10108,부산광역시 경제활동별 지역내총부가가치 및 요소소득,2025-03-31,580.5503815999177,21.92179005240827
부산,부산광역시,해운대구,"공공 행정, 국방·사회보장",2021,4461.239425118422,5713.41,202_DT_F10108,부산광역시 경제활동별 지역내총부가가치 및 요소소득,2025-03-31,1252.1705748815775,21.916343740105777
서울,서울특별시,용산구,"광업, 제조업",2023,2893.161747359729,2373.21,201_DT_201012_D040031,서울특별시 경제활동별 지역내총부가가치 및 요소소득,2026-06-19,519.9517473597289,21.909217783496988
경남,경상남도,하동군,정보통신업,2021,310.49451030090876,397.6,217_DT_2020Y38GRDP2,경상남도 경제활동별 지역내총부가가치 및 요소소득,2025-10-28,87.10548969909127,21.90781934081772
충북,충청북도,음성군,운수 및 창고업,2023,1991.3075015596519,1633.46,212_DT_2020Y33GRDP2,충청북도 경제활동별 지역내총부가가치 및 요소소득,2026-02-19,357.84750155965185,21.90733177180046
충남,충청남도,금산군,건설업,2022,1254.766361007736,1029.34,213_DT_2020Y34GRDP2,충청남도 경제활동별 지역내총부가가치 및 요소소득,2025-06-12,225.42636100773598,21.90008753256805
전북,전북특별자치도,정읍시,사업서비스업,2022,805.6679882947722,660.99,214_DT_2020Y35GRDP2,전북특별자치도 경제활동별 지역내총부가가치 및 요소소득,2025-07-31,144.67798829477215,21.888075204582844
경북,경상북도,군위군,사업서비스업,2023,141.449039890427,181.02,216_DT_GRDP202037_02,경상북도 경제활동별 지역내총부가가치 및 요소소득,2026-06-22,39.57096010957301,21.859993431429128
경북,경상북도,고령군,부동산업,2022,536.6955656420679,686.46,216_DT_GRDP202037_02,경상북도 경제활동별 지역내총부가가치 및 요소소득,2025-09-09,149.76443435793215,21.816920775854694
인천,인천광역시,중구,건설업,2021,9260.94278854461,11841.66,204_DT_2020Y23GRDP2,인천광역시 경제활동별 지역내총부가가치 및 요소소득,2025-03-25,2580.7172114553905,21.79354255615674
충북,충청북도,단양군,정보통신업,2023,109.31528040891695,89.77,212_DT_2020Y33GRDP2,충청북도 경제활동별 지역내총부가가치 및 요소소득,2026-02-19,19.545280408916952,21.77261937052128
경남,경상남도,사천시,사업서비스업,2021,971.4096964626187,1241.57,217_DT_2020Y38GRDP2,경상남도 경제활동별 지역내총부가가치 및 요소소득,2025-10-28,270.1603035373812,21.759570828658973
전북,전북특별자치도,부안군,숙박 및 음식점업,2022,547.834175617785,700.17,214_DT_2020Y35GRDP2,전북특별자치도 경제활동별 지역내총부가가치 및 요소소득,2025-07-31,152.33582438221492,21.756976788810565
경북,경상북도,청도군,사업서비스업,2023,434.2676586869002,356.67,216_DT_GRDP202037_02,경상북도 경제활동별 지역내총부가가치 및 요소소득,2026-06-22,77.59765868690016,21.756149574368507
전북,전북특별자치도,진안군,도매 및 소매업,2021,272.49725963167583,223.82,214_DT_2020Y35GRDP2,전북특별자치도 경제활동별 지역내총부가가치 및 요소소득,2025-07-31,48.67725963167584,21.74839586796347
경남,경상남도,합천군,금융 및 보험업,2021,929.9224654190923,763.87,217_DT_2020Y38GRDP2,경상남도 경제활동별 지역내총부가가치 및 요소소득,2025-10-28,166.0524654190923,21.738314820465828
충남,충청남도,금산군,정보통신업,2022,307.24320346479675,392.56,213_DT_2020Y34GRDP2,충청남도 경제활동별 지역내총부가가치 및 요소소득,2025-06-12,85.31679653520325,21.733441138985953
경북,경상북도,의성군,건설업,2023,997.2487901714825,1273.18,216_DT_GRDP202037_02,경상북도 경제활동별 지역내총부가가치 및 요소소득,2026-06-22,275.9312098285176,21.672600090208576
대구,대구광역시,동구,부동산업,2021,13450.295541829044,11056.22,203_DT_2020Y22GRDP2,대구광역시 경제활동별 지역내총부가가치 및 요소소득,2025-09-05,2394.0755418290446,21.65365325426814
경북,경상북도,경산시,건설업,2022,5264.504591453946,6719.24,216_DT_GRDP202037_02,경상북도 경제활동별 지역내총부가가치 및 요소소득,2025-09-09,1454.7354085460538,21.650296886940396
부산,부산광역시,영도구,건설업,2022,1669.4972184357503,1372.88,202_DT_F10108,부산광역시 경제활동별 지역내총부가가치 및 요소소득,2025-03-31,296.61721843575015,21.60547305196012
경북,경상북도,영천시,정보통신업,2022,1345.1880032596764,1715.01,216_DT_GRDP202037_02,경상북도 경제활동별 지역내총부가가치 및 요소소득,2025-09-09,369.8219967403236,21.563839087837597
서울,서울특별시,송파구,운수 및 창고업,2023,11113.178733246377,9144.12,201_DT_201012_D040031,서울특별시 경제활동별 지역내총부가가치 및 요소소득,2026-06-19,1969.0587332463765,21.533605565613488
전북,전북특별자치도,장수군,도매 및 소매업,2022,210.1668608844923,172.95,214_DT_2020Y35GRDP2,전북특별자치도 경제활동별 지역내총부가가치 및 요소소득,2025-07-31,37.21686088449232,21.518855671866042
경기도,경기도,과천시,사업서비스업,2021,4200.125325132116,5349.06,210_DT_GRDP008_2020,경기도 경제활동별 지역내총부가가치 및 요소소득,2026-05-13,1148.9346748678845,21.47918839698722
전북,전북특별자치도,완주군,부동산업,2023,1696.3250789233507,2160.34,214_DT_2020Y35GRDP2,전북특별자치도 경제활동별 지역내총부가가치 및 요소소득,2026-06-24,464.01492107664944,21.478791351206265
경북,경상북도,의성군,도매 및 소매업,2022,770.870981353137,981.56,216_DT_GRDP202037_02,경상북도 경제활동별 지역내총부가가치 및 요소소득,2025-09-09,210.6890186468629,21.464711138072346
경북,경상북도,성주군,문화 및 기타서비스업,2021,621.219414013568,511.47,216_DT_GRDP202037_02,경상북도 경제활동별 지역내총부가가치 및 요소소득,2025-09-09,109.74941401356796,21.457644439276585
경기도,경기도,양주시,정보통신업,2022,113.6160295776732,144.58,210_DT_GRDP008_2020,경기도 경제활동별 지역내총부가가치 및 요소소득,2026-05-13,30.96397042232681,21.41649634965196
충북,충청북도,제천시,숙박 및 음식점업,2022,1020.7246906396933,1298.33,212_DT_2020Y33GRDP2,충청북도 경제활동별 지역내총부가가치 및 요소소득,2025-03-17,277.6053093603066,21.381721855021958
부산,부산광역시,영도구,부동산업,2021,2509.3356166261838,3190.92,202_DT_F10108,부산광역시 경제활동별 지역내총부가가치 및 요소소득,2025-03-31,681.5843833738163,21.360121324690567
충남,충청남도,홍성군,건설업,2021,1716.5448676271653,2182.32,213_DT_2020Y34GRDP2,충청남도 경제활동별 지역내총부가가치 및 요소소득,2025-06-12,465.77513237283483,21.34311798328544
경남,경상남도,고성군,금융 및 보험업,2021,1056.744631521478,870.93,217_DT_2020Y38GRDP2,경상남도 경제활동별 지역내총부가가치 및 요소소득,2025-10-28,185.81463152147796,21.33519703322632
강원,강원특별자치도,삼척시,운수 및 창고업,2021,1201.2064046617786,1526.53,211_DT_2020Y32GRDP2,강원특별자치도 경제활동별 지역내총부가가치 및 요소소득,2025-03-19,325.32359533822137,21.311313589527973
경북,경상북도,군위군,보건 및 사회복지업,2022,372.6097109403545,307.22,216_DT_GRDP202037_02,경상북도 경제활동별 지역내총부가가치 및 요소소득,2025-09-09,65.38971094035446,21.28432749832513
경북,경상북도,의성군,문화 및 기타서비스업,2022,676.0341792345553,557.45,216_DT_GRDP202037_02,경상북도 경제활동별 지역내총부가가치 및 요소소득,2025-09-09,118.58417923455522,21.272612653072958
경북,경상북도,예천군,숙박 및 음식점업,2021,223.78818666476388,284.19,216_DT_GRDP202037_02,경상북도 경제활동별 지역내총부가가치 및 요소소득,2025-09-09,60.40181333523611,21.254024890121435
경북,경상북도,청송군,문화 및 기타서비스업,2023,247.49893158836502,204.2,216_DT_GRDP202037_02,경상북도 경제활동별 지역내총부가가치 및 요소소득,2026-06-22,43.298931588365036,21.204178055026954
경기도,경기도,양주시,건설업,2022,9877.19115826174,12530.69,210_DT_GRDP008_2020,경기도 경제활동별 지역내총부가가치 및 요소소득,2026-05-13,2653.498841738261,21.175999420129784
경북,경상북도,영양군,금융 및 보험업,2022,141.12697604303415,116.47,216_DT_GRDP202037_02,경상북도 경제활동별 지역내총부가가치 및 요소소득,2025-09-09,24.65697604303415,21.170237866432686
제주,제주특별자치도,서귀포시,정보통신업,2022,280.4943696977034,355.82,218_DT_2020GRDP39_02,제주특별자치도 경제활동별 지역내총부가가치 및 요소소득,2025-08-05,75.32563030229659,21.169588640969195
경기도,경기도,시흥시,사업서비스업,2021,7898.953774135203,6519.65,210_DT_GRDP008_2020,경기도 경제활동별 지역내총부가가치 및 요소소득,2026-05-13,1379.3037741352036,21.156101541266843
경북,경상북도,군위군,건설업,2022,732.1969973795474,604.47,216_DT_GRDP202037_02,경상북도 경제활동별 지역내총부가가치 및 요소소득,2025-09-09,127.72699737954736,21.130411332166585
전남,전라남도,담양군,사업서비스업,2021,444.6667930102628,563.72,215_DT_2020Y36GRDP2,전라남도 경제활동별 지역내총부가가치 및 요소소득,2025-12-08,119.05320698973725,21.119209357435828
서울,서울특별시,광진구,"공공 행정, 국방·사회보장",2023,2564.9394895052155,2117.76,201_DT_201012_D040031,서울특별시 경제활동별 지역내총부가가치 및 요소소득,2026-06-19,447.1794895052153,21.115683056872133
부산,부산광역시,남구,부동산업,2021,6630.9171554257755,5475.75,202_DT_F10108,부산광역시 경제활동별 지역내총부가가치 및 요소소득,2025-03-31,1155.1671554257755,21.096053607739133
전남,전라남도,구례군,사업서비스업,2021,274.5332350261711,226.71,215_DT_2020Y36GRDP2,전라남도 경제활동별 지역내총부가가치 및 요소소득,2025-12-08,47.82323502617109,21.09445327783119
서울,서울특별시,용산구,정보통신업,2022,19762.138669672935,25044.19,201_DT_201012_D040031,서울특별시 경제활동별 지역내총부가가치 및 요소소득,2025-10-29,5282.051330327064,21.090925002274236
충북,충청북도,증평군,사업서비스업,2023,1583.2130476439866,1307.71,212_DT_2020Y33GRDP2,충청북도 경제활동별 지역내총부가가치 및 요소소득,2026-02-19,275.5030476439865,21.067595081783157
충남,충청남도,청양군,교육 서비스업,2021,704.3020774080834,581.75,213_DT_2020Y34GRDP2,충청남도 경제활동별 지역내총부가가치 및 요소소득,2025-06-12,122.55207740808339,21.066106988927096
경북,경상북도,청송군,부동산업,2023,427.34640076350433,541.34,216_DT_GRDP202037_02,경상북도 경제활동별 지역내총부가가치 및 요소소득,2026-06-22,113.9935992364957,21.05767156251075
강원,강원특별자치도,양구군,건설업,2022,563.2789551708838,465.31,211_DT_2020Y32GRDP2,강원특별자치도 경제활동별 지역내총부가가치 및 요소소득,2025-03-19,97.96895517088382,21.054556139108083
서울,서울특별시,용산구,정보통신업,2021,23375.838389762095,19312.33,201_DT_201012_D040031,서울특별시 경제활동별 지역내총부가가치 및 요소소득,2025-10-29,4063.5083897620934,21.041005356485172
경북,경상북도,울진군,건설업,2022,3858.958225054883,3189.16,216_DT_GRDP202037_02,경상북도 경제활동별 지역내총부가가치 및 요소소득,2025-09-09,669.798225054883,21.002339959578165
경북,경상북도,영주시,사업서비스업,2023,676.7907193629167,856.46,216_DT_GRDP202037_02,경상북도 경제활동별 지역내총부가가치 및 요소소득,2026-06-22,179.66928063708338,20.978128650151014
경기도,경기도,가평군,건설업,2021,1500.348013785241,1898.56,210_DT_GRDP008_2020,경기도 경제활동별 지역내총부가가치 및 요소소득,2026-05-13,398.211986214759,20.97442199428825
경기도,경기도,포천시,사업서비스업,2023,1958.429878856963,2477.95,210_DT_GRDP008_2020,경기도 경제활동별 지역내총부가가치 및 요소소득,2026-05-13,519.5201211430369,20.965722518333177
전북,전북특별자치도,임실군,금융 및 보험업,2021,87.75069068700424,111.01,214_DT_2020Y35GRDP2,전북특별자치도 경제활동별 지역내총부가가치 및 요소소득,2025-07-31,23.259309312995768,20.952445106743326
인천,인천광역시,중구,운수 및 창고업,2021,60243.172524634494,49815.23,204_DT_2020Y23GRDP2,인천광역시 경제활동별 지역내총부가가치 및 요소소득,2025-06-17,10427.94252463449,20.933241750835016
경북,경상북도,영천시,금융 및 보험업,2021,775.8036428584743,980.78,216_DT_GRDP202037_02,경상북도 경제활동별 지역내총부가가치 및 요소소득,2025-09-09,204.97635714152568,20.899320657183637
경남,경상남도,산청군,운수 및 창고업,2022,536.2223654665064,443.57,217_DT_2020Y38GRDP2,경상남도 경제활동별 지역내총부가가치 및 요소소득,2025-10-28,92.65236546650641,20.887879132156463
충북,충청북도,음성군,건설업,2021,3900.4829883219345,4929.52,212_DT_2020Y33GRDP2,충청북도 경제활동별 지역내총부가가치 및 요소소득,2025-03-17,1029.037011678066,20.874994151115438
인천,인천광역시,연수구,"광업, 제조업",2022,38377.3810809877,48501.41,204_DT_2020Y23GRDP2,인천광역시 경제활동별 지역내총부가가치 및 요소소득,2025-06-17,10124.0289190123,20.873679587897133
경북,경상북도,의성군,금융 및 보험업,2022,510.5104239302943,422.51,216_DT_GRDP202037_02,경상북도 경제활동별 지역내총부가가치 및 요소소득,2025-09-09,88.00042393029429,20.828009734750488
경남,경상남도,의령군,교육 서비스업,2021,707.5316144988556,585.63,217_DT_2020Y38GRDP2,경상남도 경제활동별 지역내총부가가치 및 요소소득,2025-10-28,121.90161449885557,20.815466164447784
충북,충청북도,단양군,금융 및 보험업,2021,265.77143495664933,335.61,212_DT_2020Y33GRDP2,충청북도 경제활동별 지역내총부가가치 및 요소소득,2025-03-17,69.83856504335068,20.80944103076508
인천,인천광역시,연수구,건설업,2022,11374.023557395712,14357.1,204_DT_2020Y23GRDP2,인천광역시 경제활동별 지역내총부가가치 및 요소소득,2025-06-17,2983.076442604288,20.777708886922063
충북,충청북도,단양군,숙박 및 음식점업,2021,300.3914281676547,379.16,212_DT_2020Y33GRDP2,충청북도 경제활동별 지역내총부가가치 및 요소소득,2025-03-17,78.76857183234534,20.774494100734607
인천,인천광역시,연수구,도매 및 소매업,2023,22829.251053089407,18906.92,204_DT_2020Y23GRDP2,인천광역시 경제활동별 지역내총부가가치 및 요소소득,2026-06-15,3922.3310530894087,20.745478655906986
전북,전북특별자치도,정읍시,금융 및 보험업,2023,1000.663189263577,1262.55,214_DT_2020Y35GRDP2,전북특별자치도 경제활동별 지역내총부가가치 및 요소소득,2026-06-24,261.88681073642294,20.742688268696128
광주,광주광역시,동구,"광업, 제조업",2023,530.3429111815236,439.370791015715,205_DT_2020Y24GRDP2,광주광역시 경제활동별 지역내총부가가치 및 요소소득,2026-06-25,90.97212016580863,20.70509055813745
대전,대전광역시,대덕구,사업서비스업,2022,4113.808076192292,5187.83,206_DT_2020Y25GRDP2,대전광역시 경제활동별 지역내총부가가치 및 요소소득,2025-04-10,1074.021923807708,20.702720093135433
경기도,경기도,동두천시,건설업,2022,850.5385983959959,1072.37,210_DT_GRDP008_2020,경기도 경제활동별 지역내총부가가치 및 요소소득,2026-05-13,221.831401604004,20.68608797374078
경북,경상북도,상주시,도매 및 소매업,2023,1164.1920721915926,964.67,216_DT_GRDP202037_02,경상북도 경제활동별 지역내총부가가치 및 요소소득,2026-06-22,199.52207219159266,20.682935324161907
경북,경상북도,안동시,정보통신업,2022,1400.2103747844128,1160.42,216_DT_GRDP202037_02,경상북도 경제활동별 지역내총부가가치 및 요소소득,2025-09-09,239.79037478441273,20.664102203031035
경북,경상북도,울릉군,보건 및 사회복지업,2021,49.8476971421228,41.32,216_DT_GRDP202037_02,경상북도 경제활동별 지역내총부가가치 및 요소소득,2025-09-09,8.527697142122797,20.63818282217521
충남,충청남도,공주시,건설업,2022,1943.1634331774917,2448.37,213_DT_2020Y34GRDP2,충청남도 경제활동별 지역내총부가가치 및 요소소득,2025-06-12,505.2065668225082,20.63440439241243
경기도,경기도,광주시,건설업,2021,6592.24470147157,8305.76,210_DT_GRDP008_2020,경기도 경제활동별 지역내총부가가치 및 요소소득,2026-05-13,1713.5152985284303,20.63044560074491
인천,인천광역시,부평구,숙박 및 음식점업,2022,3093.7221094546567,2564.76,204_DT_2020Y23GRDP2,인천광역시 경제활동별 지역내총부가가치 및 요소소득,2025-06-17,528.9621094546565,20.624234215078854
서울,서울특별시,관악구,"광업, 제조업",2023,1867.7232017982205,1548.39,201_DT_201012_D040031,서울특별시 경제활동별 지역내총부가가치 및 요소소득,2026-06-19,319.33320179822044,20.623563946952668
전남,전라남도,순천시,"광업, 제조업",2022,7799.942634074552,6466.39,215_DT_2020Y36GRDP2,전라남도 경제활동별 지역내총부가가치 및 요소소득,2025-05-20,1333.5526340745519,20.622830266571484
경북,경상북도,경주시,교육 서비스업,2021,4089.1094204922038,3390.54,216_DT_GRDP202037_02,경상북도 경제활동별 지역내총부가가치 및 요소소득,2026-06-22,698.5694204922038,20.60348559498498
경북,경상북도,울릉군,건설업,2023,575.4425275543117,724.73,216_DT_GRDP202037_02,경상북도 경제활동별 지역내총부가가치 및 요소소득,2026-06-22,149.2874724456883,20.59904687893261
충북,충청북도,제천시,건설업,2023,1870.150931435386,2355.09,212_DT_2020Y33GRDP2,충청북도 경제활동별 지역내총부가가치 및 요소소득,2026-02-19,484.9390685646142,20.59110558681894
경북,경상북도,봉화군,사업서비스업,2021,118.03509805796566,97.89,216_DT_GRDP202037_02,경상북도 경제활동별 지역내총부가가치 및 요소소득,2025-09-09,20.145098057965654,20.579321746823634
서울,서울특별시,중구,숙박 및 음식점업,2022,9542.871639738638,12012.4,201_DT_201012_D040031,서울특별시 경제활동별 지역내총부가가치 및 요소소득,2025-10-29,2469.5283602613617,20.558159570621708
대전,대전광역시,중구,정보통신업,2021,1812.65787541184,2281.6,206_DT_2020Y25GRDP2,대전광역시 경제활동별 지역내총부가가치 및 요소소득,2025-04-10,468.9421245881599,20.553213735455817
충남,충청남도,서천군,도매 및 소매업,2021,614.187122493103,772.78,213_DT_2020Y34GRDP2,충청남도 경제활동별 지역내총부가가치 및 요소소득,2025-06-12,158.59287750689703,20.522383797056992
경남,경상남도,함양군,보건 및 사회복지업,2021,968.3864423160665,1218.36,217_DT_2020Y38GRDP2,경상남도 경제활동별 지역내총부가가치 및 요소소득,2025-10-28,249.97355768393345,20.517216396133612
서울,서울특별시,중구,숙박 및 음식점업,2023,11843.285888394741,14891.98,201_DT_201012_D040031,서울특별시 경제활동별 지역내총부가가치 및 요소소득,2026-06-19,3048.6941116052585,20.47205349191483
서울,서울특별시,송파구,운수 및 창고업,2021,6744.62534549195,8479.94,201_DT_201012_D040031,서울특별시 경제활동별 지역내총부가가치 및 요소소득,2025-10-29,1735.3146545080508,20.46376099958314
경기도,경기도,안성시,정보통신업,2021,188.1576661108901,156.2,210_DT_GRDP008_2020,경기도 경제활동별 지역내총부가가치 및 요소소득,2026-05-13,31.957666110890102,20.459453336037196
경북,경상북도,청도군,"광업, 제조업",2023,1556.5848246034163,1292.33,216_DT_GRDP202037_02,경상북도 경제활동별 지역내총부가가치 및 요소소득,2026-06-22,264.2548246034164,20.447937028732323
부산,부산광역시,사하구,운수 및 창고업,2022,4406.746233994729,3659.05,202_DT_F10108,부산광역시 경제활동별 지역내총부가가치 및 요소소득,2025-03-31,747.6962339947286,20.434162801676077
부산,부산광역시,강서구,운수 및 창고업,2022,15040.698969531468,12490.86,202_DT_F10108,부산광역시 경제활동별 지역내총부가가치 및 요소소득,2025-03-31,2549.8389695314672,20.4136382085098
전북,전북특별자치도,장수군,사업서비스업,2023,149.35397732826965,124.06,214_DT_2020Y35GRDP2,전북특별자치도 경제활동별 지역내총부가가치 및 요소소득,2026-06-24,25.293977328269648,20.388503408245725
전남,전라남도,광양시,건설업,2021,6821.491230922643,8567.81,215_DT_2020Y36GRDP2,전라남도 경제활동별 지역내총부가가치 및 요소소득,2025-05-20,1746.3187690773566,20.38232371022883
경기도,경기도,구리시,문화 및 기타서비스업,2022,1913.9833751455453,2403.69,210_DT_GRDP008_2020,경기도 경제활동별 지역내총부가가치 및 요소소득,2026-05-13,489.70662485445473,20.373119031757618
인천,인천광역시,미추홀구,금융 및 보험업,2021,4658.04578763594,5846.67,204_DT_2020Y23GRDP2,인천광역시 경제활동별 지역내총부가가치 및 요소소득,2025-03-25,1188.6242123640604,20.329935029068864
부산,부산광역시,수영구,도매 및 소매업,2022,3781.2412207728707,3142.69,202_DT_F10108,부산광역시 경제활동별 지역내총부가가치 및 요소소득,2025-03-31,638.5512207728707,20.318619423897065
경북,경상북도,울진군,문화 및 기타서비스업,2021,498.71433968456216,414.55,216_DT_GRDP202037_02,경상북도 경제활동별 지역내총부가가치 및 요소소득,2025-09-09,84.16433968456215,20.30257862370333
충북,충청북도,진천군,금융 및 보험업,2022,572.2643915356432,717.97,212_DT_2020Y33GRDP2,충청북도 경제활동별 지역내총부가가치 및 요소소득,2025-03-17,145.70560846435683,20.294108175043082
전남,전라남도,해남군,운수 및 창고업,2021,244.22804404639095,203.03,215_DT_2020Y36GRDP2,전라남도 경제활동별 지역내총부가가치 및 요소소득,2025-05-20,41.19804404639095,20.29160421927348
전남,전라남도,장흥군,숙박 및 음식점업,2021,109.09423641897095,90.71,215_DT_2020Y36GRDP2,전라남도 경제활동별 지역내총부가가치 및 요소소득,2025-05-20,18.384236418970957,20.26704488917535
대구,대구광역시,남구,정보통신업,2021,1112.8453116876794,925.32,203_DT_2020Y22GRDP2,대구광역시 경제활동별 지역내총부가가치 및 요소소득,2025-09-05,187.5253116876794,20.265995729875
경북,경상북도,고령군,도매 및 소매업,2023,242.1277314720648,201.34,216_DT_GRDP202037_02,경상북도 경제활동별 지역내총부가가치 및 요소소득,2026-06-22,40.78773147206479,20.25813622333604
전북,전북특별자치도,고창군,보건 및 사회복지업,2022,1734.346912045215,1442.48,214_DT_2020Y35GRDP2,전북특별자치도 경제활동별 지역내총부가가치 및 요소소득,2025-07-31,291.86691204521503,20.23368865046413
전남,전라남도,담양군,건설업,2021,1354.3473757200286,1126.46,215_DT_2020Y36GRDP2,전라남도 경제활동별 지역내총부가가치 및 요소소득,2025-05-20,227.88737572002856,20.230401054633855
경북,경상북도,청송군,금융 및 보험업,2022,203.5692676925618,169.36,216_DT_GRDP202037_02,경상북도 경제활동별 지역내총부가가치 및 요소소득,2025-09-09,34.20926769256178,20.199142473170628
경북,경상북도,울릉군,정보통신업,2023,65.95570452563155,82.61,216_DT_GRDP202037_02,경상북도 경제활동별 지역내총부가가치 및 요소소득,2026-06-22,16.654295474368453,20.160144624583527
인천,인천광역시,강화군,숙박 및 음식점업,2021,965.5973575124849,803.7,204_DT_2020Y23GRDP2,인천광역시 경제활동별 지역내총부가가치 및 요소소득,2025-03-25,161.89735751248486,20.144003672077247
경북,경상북도,봉화군,운수 및 창고업,2022,159.62597635847706,132.88,216_DT_GRDP202037_02,경상북도 경제활동별 지역내총부가가치 및 요소소득,2026-03-27,26.745976358477066,20.127917187294603
전북,전북특별자치도,김제시,운수 및 창고업,2023,1271.2426778425095,1058.29,214_DT_2020Y35GRDP2,전북특별자치도 경제활동별 지역내총부가가치 및 요소소득,2026-06-24,212.9526778425095,20.122336773711318
전남,전라남도,구례군,건설업,2022,594.6468518048733,743.87,215_DT_2020Y36GRDP2,전라남도 경제활동별 지역내총부가가치 및 요소소득,2025-05-20,149.22314819512667,20.060379931322228
경기도,경기도,연천군,정보통신업,2023,52.59587362787573,43.81,210_DT_GRDP008_2020,경기도 경제활동별 지역내총부가가치 및 요소소득,2026-05-13,8.78587362787573,20.054493558264618
전남,전라남도,담양군,사업서비스업,2022,578.3925198496352,723.32,215_DT_2020Y36GRDP2,전라남도 경제활동별 지역내총부가가치 및 요소소득,2025-12-08,144.9274801503649,20.03642649869558
충북,충청북도,충주시,운수 및 창고업,2023,2642.827749534493,2201.76,212_DT_2020Y33GRDP2,충청북도 경제활동별 지역내총부가가치 및 요소소득,2026-02-19,441.0677495344926,20.03250806329902
대전,대전광역시,동구,사업서비스업,2021,3306.0877723075973,2754.58,206_DT_2020Y25GRDP2,대전광역시 경제활동별 지역내총부가가치 및 요소소득,2025-04-10,551.5077723075974,20.021483213687656
강원,강원특별자치도,정선군,문화 및 기타서비스업,2021,2129.749887229588,2660.85,211_DT_2020Y32GRDP2,강원특별자치도 경제활동별 지역내총부가가치 및 요소소득,2025-03-19,531.1001127704121,19.95979152415251
전남,전라남도,장흥군,사업서비스업,2023,144.59841735570296,180.65,215_DT_2020Y36GRDP2,전라남도 경제활동별 지역내총부가가치 및 요소소득,2026-06-24,36.05158264429704,19.95659155510492
경기도,경기도,평택시,사업서비스업,2023,18055.653954473986,15051.9,210_DT_GRDP008_2020,경기도 경제활동별 지역내총부가가치 및 요소소득,2026-05-13,3003.7539544739866,19.955978676937708
경북,경상북도,봉화군,운수 및 창고업,2023,156.20310795124294,195.03,216_DT_GRDP202037_02,경상북도 경제활동별 지역내총부가가치 및 요소소득,2026-06-22,38.82689204875706,19.908163897224558
경기도,경기도,광명시,건설업,2022,5179.156846942084,4320.7,210_DT_GRDP008_2020,경기도 경제활동별 지역내총부가가치 및 요소소득,2026-05-13,858.4568469420838,19.868466844309573
경기도,경기도,의정부시,정보통신업,2023,1200.9061401218873,1001.9,210_DT_GRDP008_2020,경기도 경제활동별 지역내총부가가치 및 요소소득,2026-05-13,199.00614012188737,19.862874550542706
대구,대구광역시,중구,"공공 행정, 국방·사회보장",2022,4305.326733392518,3592.16,203_DT_2020Y22GRDP2,대구광역시 경제활동별 지역내총부가가치 및 요소소득,2025-09-05,713.1667333925179,19.85342338293723
전남,전라남도,고흥군,운수 및 창고업,2021,207.47576450515956,258.86,215_DT_2020Y36GRDP2,전라남도 경제활동별 지역내총부가가치 및 요소소득,2025-05-20,51.38423549484045,19.85020300349241
부산,부산광역시,강서구,문화 및 기타서비스업,2022,3183.1876664444535,3971.51,202_DT_F10108,부산광역시 경제활동별 지역내총부가가치 및 요소소득,2025-03-31,788.3223335555467,19.84943594641702
전남,전라남도,완도군,운수 및 창고업,2021,506.33887147136596,631.64,215_DT_2020Y36GRDP2,전라남도 경제활동별 지역내총부가가치 및 요소소득,2025-05-20,125.30112852863402,19.83742773235293
충북,충청북도,증평군,"광업, 제조업",2021,5424.716563371841,6766.48,212_DT_2020Y33GRDP2,충청북도 경제활동별 지역내총부가가치 및 요소소득,2025-03-17,1341.7634366281582,19.829563327286245
경기도,경기도,의정부시,사업서비스업,2023,4566.313880678246,5694.18,210_DT_GRDP008_2020,경기도 경제활동별 지역내총부가가치 및 요소소득,2026-05-13,1127.866119321754,19.807349246454343
서울,서울특별시,마포구,건설업,2021,5666.378102002736,4731.08,201_DT_201012_D040031,서울특별시 경제활동별 지역내총부가가치 및 요소소득,2025-10-29,935.2981020027364,19.76923032378942
대구,대구광역시,수성구,건설업,2021,5951.617990317543,7417.52,203_DT_2020Y22GRDP2,대구광역시 경제활동별 지역내총부가가치 및 요소소득,2025-09-05,1465.902009682457,19.76269709663684
전북,전북특별자치도,고창군,보건 및 사회복지업,2021,1315.9030527550076,1639.86,214_DT_2020Y35GRDP2,전북특별자치도 경제활동별 지역내총부가가치 및 요소소득,2025-07-31,323.9569472449923,19.755158808983225
전남,전라남도,나주시,문화 및 기타서비스업,2021,1540.723329384965,1919.35,215_DT_2020Y36GRDP2,전라남도 경제활동별 지역내총부가가치 및 요소소득,2025-05-20,378.626670615035,19.726817444188658
경기도,경기도,화성시,사업서비스업,2021,22677.083898309687,28245.69,210_DT_GRDP008_2020,경기도 경제활동별 지역내총부가가치 및 요소소득,2026-05-13,5568.606101690311,19.71488783488848
경북,경상북도,청도군,숙박 및 음식점업,2023,306.29629607302405,255.87,216_DT_GRDP202037_02,경상북도 경제활동별 지역내총부가가치 및 요소소득,2026-06-22,50.42629607302405,19.70777976043461
경북,경상북도,안동시,"광업, 제조업",2021,4717.712875031598,5872.91,216_DT_GRDP202037_02,경상북도 경제활동별 지역내총부가가치 및 요소소득,2025-09-09,1155.197124968402,19.66992725869121
경기도,경기도,용인시,건설업,2023,18511.52449673373,23040.51,210_DT_GRDP008_2020,경기도 경제활동별 지역내총부가가치 및 요소소득,2026-05-13,4528.985503266267,19.656620028229703
전북,전북특별자치도,군산시,운수 및 창고업,2021,4085.1017926267045,5084.12,214_DT_2020Y35GRDP2,전북특별자치도 경제활동별 지역내총부가가치 및 요소소득,2025-07-31,999.0182073732954,19.649776310812793
강원,강원특별자치도,홍천군,건설업,2022,1395.2553533050404,1736.29,211_DT_2020Y32GRDP2,강원특별자치도 경제활동별 지역내총부가가치 및 요소소득,2025-03-19,341.0346466949595,19.641571782073246
대전,대전광역시,유성구,문화 및 기타서비스업,2022,5011.505012214859,4188.92,206_DT_2020Y25GRDP2,대전광역시 경제활동별 지역내총부가가치 및 요소소득,2025-04-10,822.5850122148586,19.637162137612048
경기도,경기도,화성시,정보통신업,2022,2231.3991737131405,2776.41,210_DT_GRDP008_2020,경기도 경제활동별 지역내총부가가치 및 요소소득,2026-05-13,545.0108262868594,19.630055585697335
인천,인천광역시,미추홀구,정보통신업,2021,1819.5192106767104,1521.1,204_DT_2020Y23GRDP2,인천광역시 경제활동별 지역내총부가가치 및 요소소득,2025-03-25,298.41921067671046,19.618645103984647
경북,경상북도,울진군,"광업, 제조업",2022,369.99681921324554,309.33000000000004,216_DT_GRDP202037_02,경상북도 경제활동별 지역내총부가가치 및 요소소득,2025-09-09,60.6668192132455,19.61232961990285
전남,전라남도,해남군,부동산업,2023,723.2706471279993,899.51,215_DT_2020Y36GRDP2,전라남도 경제활동별 지역내총부가가치 및 요소소득,2026-06-24,176.23935287200072,19.59281751976084
경북,경상북도,봉화군,사업서비스업,2023,100.66460171510349,125.17,216_DT_GRDP202037_02,경상북도 경제활동별 지역내총부가가치 및 요소소득,2026-06-22,24.505398284896515,19.577692965484154
경북,경상북도,성주군,도매 및 소매업,2023,1603.6839374345789,1341.28,216_DT_GRDP202037_02,경상북도 경제활동별 지역내총부가가치 및 요소소득,2026-06-22,262.4039374345789,19.563695681332675
경북,경상북도,영주시,운수 및 창고업,2022,1073.1553327214938,897.62,216_DT_GRDP202037_02,경상북도 경제활동별 지역내총부가가치 및 요소소득,2026-03-27,175.53533272149377,19.55563966060179
서울,서울특별시,노원구,사업서비스업,2021,3349.9644281862256,4163.06,201_DT_201012_D040031,서울특별시 경제활동별 지역내총부가가치 및 요소소득,2025-10-29,813.0955718137748,19.531199930190166
전남,전라남도,곡성군,금융 및 보험업,2023,310.4580156472935,385.48,215_DT_2020Y36GRDP2,전라남도 경제활동별 지역내총부가가치 및 요소소득,2026-06-24,75.02198435270651,19.461965433409386
인천,인천광역시,계양구,금융 및 보험업,2022,2529.00527324464,2117.02,204_DT_2020Y23GRDP2,인천광역시 경제활동별 지역내총부가가치 및 요소소득,2025-06-17,411.9852732446402,19.46062263203183
전남,전라남도,담양군,"공공 행정, 국방·사회보장",2021,2392.039600135381,2969.65,215_DT_2020Y36GRDP2,전라남도 경제활동별 지역내총부가가치 및 요소소득,2025-05-20,577.610399864619,19.450453752617953
강원,강원특별자치도,양양군,운수 및 창고업,2021,450.196022724218,376.92,211_DT_2020Y32GRDP2,강원특별자치도 경제활동별 지역내총부가가치 및 요소소득,2025-03-19,73.27602272421797,19.44073615733258
전북,전북특별자치도,장수군,사업서비스업,2021,145.42759440363454,180.5,214_DT_2020Y35GRDP2,전북특별자치도 경제활동별 지역내총부가가치 및 요소소득,2025-07-31,35.072405596365456,19.4306956212551
경남,경상남도,거제시,정보통신업,2021,878.8399633538158,1090.73,217_DT_2020Y38GRDP2,경상남도 경제활동별 지역내총부가가치 및 요소소득,2025-10-28,211.89003664618417,19.426442533549473
경북,경상북도,의성군,정보통신업,2023,71.93274500521987,89.24,216_DT_GRDP202037_02,경상북도 경제활동별 지역내총부가가치 및 요소소득,2026-06-22,17.307254994780124,19.394055350493193
경기도,경기도,포천시,사업서비스업,2021,1499.0447315502147,1859.53,210_DT_GRDP008_2020,경기도 경제활동별 지역내총부가가치 및 요소소득,2026-05-13,360.4852684497853,19.385826980462014
경북,경상북도,의성군,"광업, 제조업",2022,1441.917292714141,1207.87,216_DT_GRDP202037_02,경상북도 경제활동별 지역내총부가가치 및 요소소득,2025-09-09,234.04729271414112,19.376861145168036
충북,충청북도,영동군,사업서비스업,2022,217.35377741599854,269.52,212_DT_2020Y33GRDP2,충청북도 경제활동별 지역내총부가가치 및 요소소득,2025-03-17,52.166222584001446,19.35523248144904
전남,전라남도,무안군,사업서비스업,2021,703.9526873614204,872.82,215_DT_2020Y36GRDP2,전라남도 경제활동별 지역내총부가가치 및 요소소득,2025-12-08,168.86731263857962,19.34732392000408
서울,서울특별시,중구,사업서비스업,2023,64621.65629300177,80121.92,201_DT_201012_D040031,서울특별시 경제활동별 지역내총부가가치 및 요소소득,2026-06-19,15500.26370699823,19.345846563584885
경기도,경기도,이천시,"광업, 제조업",2023,165927.80434393935,139041.33,210_DT_GRDP008_2020,경기도 경제활동별 지역내총부가가치 및 요소소득,2026-05-13,26886.474343939364,19.33703765919052
경기도,경기도,김포시,운수 및 창고업,2022,5480.104595798646,6791.94,210_DT_GRDP008_2020,경기도 경제활동별 지역내총부가가치 및 요소소득,2026-05-13,1311.8354042013534,19.314590591220675
서울,서울특별시,노원구,건설업,2023,2194.4345044279908,2719.5,201_DT_201012_D040031,서울특별시 경제활동별 지역내총부가가치 및 요소소득,2026-06-19,525.0654955720092,19.307427673175557
서울,서울특별시,종로구,정보통신업,2022,27017.110039041305,33474.06,201_DT_201012_D040031,서울특별시 경제활동별 지역내총부가가치 및 요소소득,2025-10-29,6456.949960958693,19.289413835545176
전북,전북특별자치도,김제시,사업서비스업,2023,588.4296856121578,728.9,214_DT_2020Y35GRDP2,전북특별자치도 경제활동별 지역내총부가가치 및 요소소득,2026-06-24,140.47031438784222,19.271548139366473
경북,경상북도,영양군,문화 및 기타서비스업,2022,59.23242366817302,73.36,216_DT_GRDP202037_02,경상북도 경제활동별 지역내총부가가치 및 요소소득,2025-09-09,14.12757633182698,19.25787395287211
서울,서울특별시,영등포구,운수 및 창고업,2022,9035.504769619185,11183.37,201_DT_201012_D040031,서울특별시 경제활동별 지역내총부가가치 및 요소소득,2025-10-29,2147.865230380816,19.205885438654143
서울,서울특별시,구로구,금융 및 보험업,2022,6127.922948472953,5140.76,201_DT_201012_D040031,서울특별시 경제활동별 지역내총부가가치 및 요소소득,2025-10-29,987.1629484729528,19.20266552947332
전남,전라남도,화순군,건설업,2023,1151.0540719017336,1424.6,215_DT_2020Y36GRDP2,전라남도 경제활동별 지역내총부가가치 및 요소소득,2026-06-24,273.54592809826636,19.201595402096476
대구,대구광역시,달서구,건설업,2021,5238.518269530526,6482.95,203_DT_2020Y22GRDP2,대구광역시 경제활동별 지역내총부가가치 및 요소소득,2025-09-05,1244.4317304694741,19.19545469993559
서울,서울특별시,노원구,사업서비스업,2022,4271.416241547615,3583.61,201_DT_201012_D040031,서울특별시 경제활동별 지역내총부가가치 및 요소소득,2025-10-29,687.8062415476147,19.193110900673197
경북,경상북도,의성군,건설업,2022,1195.5349657217253,1003.05,216_DT_GRDP202037_02,경상북도 경제활동별 지역내총부가가치 및 요소소득,2025-09-09,192.4849657217253,19.189967172297028
충북,충청북도,괴산군,운수 및 창고업,2023,418.61445494067675,518.0,212_DT_2020Y33GRDP2,충청북도 경제활동별 지역내총부가가치 및 요소소득,2026-02-19,99.38554505932325,19.186398660101016
경북,경상북도,울진군,사업서비스업,2023,2136.5796641427387,1792.65,216_DT_GRDP202037_02,경상북도 경제활동별 지역내총부가가치 및 요소소득,2026-06-22,343.9296641427386,19.18554453701161
경기도,경기도,안산시,정보통신업,2023,1197.8967939570773,1005.1,210_DT_GRDP008_2020,경기도 경제활동별 지역내총부가가치 및 요소소득,2026-05-13,192.79679395707728,19.18185195075886
전남,전라남도,고흥군,정보통신업,2022,287.5448465399097,355.72,215_DT_2020Y36GRDP2,전라남도 경제활동별 지역내총부가가치 및 요소소득,2025-05-20,68.17515346009031,19.165397914115122
충북,충청북도,진천군,교육 서비스업,2021,1903.1335966311358,2353.93,212_DT_2020Y33GRDP2,충청북도 경제활동별 지역내총부가가치 및 요소소득,2025-03-17,450.79640336886405,19.150799019888616
경남,경상남도,의령군,사업서비스업,2021,102.49375945770271,126.76,217_DT_2020Y38GRDP2,경상남도 경제활동별 지역내총부가가치 및 요소소득,2025-10-28,24.266240542297297,19.14345262093507
경남,경상남도,합천군,정보통신업,2021,332.36569822788044,279.0,217_DT_2020Y38GRDP2,경상남도 경제활동별 지역내총부가가치 및 요소소득,2025-10-28,53.36569822788044,19.127490404258225
경북,경상북도,영양군,운수 및 창고업,2022,49.59549307859126,41.64,216_DT_GRDP202037_02,경상북도 경제활동별 지역내총부가가치 및 요소소득,2026-03-27,7.95549307859126,19.105410851564024
경북,경상북도,청송군,정보통신업,2021,72.48580736894108,89.6,216_DT_GRDP202037_02,경상북도 경제활동별 지역내총부가가치 및 요소소득,2025-09-09,17.114192631058913,19.100661418592537
경북,경상북도,칠곡군,금융 및 보험업,2022,768.6524874837135,645.41,216_DT_GRDP202037_02,경상북도 경제활동별 지역내총부가가치 및 요소소득,2025-09-09,123.24248748371349,19.095224350988286
경북,경상북도,청송군,금융 및 보험업,2021,235.92338980325957,198.15,216_DT_GRDP202037_02,경상북도 경제활동별 지역내총부가가치 및 요소소득,2025-09-09,37.77338980325956,19.063027909795387
전남,전라남도,무안군,건설업,2022,1834.183725329011,2266.09,215_DT_2020Y36GRDP2,전라남도 경제활동별 지역내총부가가치 및 요소소득,2025-05-20,431.9062746709892,19.05953755901086
전북,전북특별자치도,임실군,교육 서비스업,2022,719.1527812500717,604.1,214_DT_2020Y35GRDP2,전북특별자치도 경제활동별 지역내총부가가치 및 요소소득,2025-07-31,115.05278125007169,19.045320518138002
강원,강원특별자치도,횡성군,문화 및 기타서비스업,2021,699.2894245425118,863.79,211_DT_2020Y32GRDP2,강원특별자치도 경제활동별 지역내총부가가치 및 요소소득,2025-03-19,164.50057545748814,19.0440472172042
충북,충청북도,단양군,도매 및 소매업,2023,233.17114299512906,288.01,212_DT_2020Y33GRDP2,충청북도 경제활동별 지역내총부가가치 및 요소소득,2026-02-19,54.83885700487093,19.040608661112785
경남,경상남도,남해군,교육 서비스업,2021,975.4569570554488,819.44,217_DT_2020Y38GRDP2,경상남도 경제활동별 지역내총부가가치 및 요소소득,2025-10-28,156.01695705544876,19.039460736045193
제주,제주특별자치도,서귀포시,운수 및 창고업,2022,1335.5591423599626,1648.97,218_DT_2020GRDP39_02,제주특별자치도 경제활동별 지역내총부가가치 및 요소소득,2025-08-05,313.4108576400374,19.006462072690066
경북,경상북도,구미시,정보통신업,2021,3156.1160469319925,2652.42,216_DT_GRDP202037_02,경상북도 경제활동별 지역내총부가가치 및 요소소득,2025-09-09,503.69604693199244,18.990056134850153
경북,경상북도,울진군,정보통신업,2023,500.05128555886927,420.37,216_DT_GRDP202037_02,경상북도 경제활동별 지역내총부가가치 및 요소소득,2026-06-22,79.68128555886926,18.95503617262632
대전,대전광역시,동구,문화 및 기타서비스업,2022,1643.1129307451065,1381.41,206_DT_2020Y25GRDP2,대전광역시 경제활동별 지역내총부가가치 및 요소소득,2025-04-10,261.7029307451064,18.94462402509801
전북,전북특별자치도,남원시,정보통신업,2021,385.10744068519125,475.08,214_DT_2020Y35GRDP2,전북특별자치도 경제활동별 지역내총부가가치 및 요소소득,2025-07-31,89.97255931480873,18.938401809128724
경남,경상남도,함안군,부동산업,2021,952.5451869670052,1175.05,217_DT_2020Y38GRDP2,경상남도 경제활동별 지역내총부가가치 및 요소소득,2025-10-28,222.50481303299478,18.93577405497594
경북,경상북도,영덕군,운수 및 창고업,2023,142.69638225618138,119.98,216_DT_GRDP202037_02,경상북도 경제활동별 지역내총부가가치 및 요소소득,2026-06-22,22.716382256181376,18.933474125838785
광주,광주광역시,남구,건설업,2023,2315.791562710956,2856.2904757103206,205_DT_2020Y24GRDP2,광주광역시 경제활동별 지역내총부가가치 및 요소소득,2026-06-25,540.4989129993646,18.923107351851176
부산,부산광역시,남구,교육 서비스업,2021,4858.3178296594515,4085.43,202_DT_F10108,부산광역시 경제활동별 지역내총부가가치 및 요소소득,2025-03-31,772.8878296594517,18.91815132457175
경기도,경기도,과천시,정보통신업,2022,5398.987063449173,6657.03,210_DT_GRDP008_2020,경기도 경제활동별 지역내총부가가치 및 요소소득,2026-05-13,1258.042936550827,18.897961050961573
경북,경상북도,군위군,부동산업,2021,380.47104407589893,468.93,216_DT_GRDP202037_02,경상북도 경제활동별 지역내총부가가치 및 요소소득,2025-09-09,88.45895592410108,18.8640001544156
광주,광주광역시,북구,건설업,2022,7346.242947416064,6180.5978098686355,205_DT_2020Y24GRDP2,광주광역시 경제활동별 지역내총부가가치 및 요소소득,2025-07-23,1165.645137547429,18.859747445242743
경기도,경기도,구리시,정보통신업,2023,1284.459751286028,1080.94,210_DT_GRDP008_2020,경기도 경제활동별 지역내총부가가치 및 요소소득,2026-05-13,203.51975128602794,18.82803405240142
강원,강원특별자치도,양구군,"광업, 제조업",2021,259.966190015317,218.79,211_DT_2020Y32GRDP2,강원특별자치도 경제활동별 지역내총부가가치 및 요소소득,2025-03-19,41.17619001531702,18.819959785784093
경기도,경기도,광주시,정보통신업,2021,376.0862574355126,463.12,210_DT_GRDP008_2020,경기도 경제활동별 지역내총부가가치 및 요소소득,2026-05-13,87.0337425644874,18.792913837555577
전남,전라남도,강진군,금융 및 보험업,2023,559.2027164984079,688.4,215_DT_2020Y36GRDP2,전라남도 경제활동별 지역내총부가가치 및 요소소득,2026-06-24,129.1972835015921,18.767763437186535
전남,전라남도,영광군,사업서비스업,2022,1454.1074416045196,1224.45,215_DT_2020Y36GRDP2,전라남도 경제활동별 지역내총부가가치 및 요소소득,2025-12-08,229.6574416045196,18.755967299973015
경남,경상남도,하동군,교육 서비스업,2021,911.7814260768057,767.96,217_DT_2020Y38GRDP2,경상남도 경제활동별 지역내총부가가치 및 요소소득,2025-10-28,143.82142607680566,18.727723589354348
전남,전라남도,장흥군,부동산업,2022,308.32302513497643,379.37,215_DT_2020Y36GRDP2,전라남도 경제활동별 지역내총부가가치 및 요소소득,2025-05-20,71.04697486502357,18.727620756787193
전남,전라남도,담양군,건설업,2022,1137.6265564173802,958.4,215_DT_2020Y36GRDP2,전라남도 경제활동별 지역내총부가가치 및 요소소득,2025-05-20,179.22655641738027,18.700600627856872
대전,대전광역시,대덕구,금융 및 보험업,2022,866.9595438829122,730.71,206_DT_2020Y25GRDP2,대전광역시 경제활동별 지역내총부가가치 및 요소소득,2025-04-10,136.24954388291212,18.646185748506536
경기도,경기도,동두천시,사업서비스업,2023,357.6433049567364,301.45,210_DT_GRDP008_2020,경기도 경제활동별 지역내총부가가치 및 요소소득,2026-05-13,56.19330495673643,18.64100346881288
경기도,경기도,용인시,사업서비스업,2023,36433.73067591805,30709.89,210_DT_GRDP008_2020,경기도 경제활동별 지역내총부가가치 및 요소소득,2026-05-13,5723.840675918051,18.638427802633128
경북,경상북도,청송군,숙박 및 음식점업,2023,152.8868787847035,128.87,216_DT_GRDP202037_02,경상북도 경제활동별 지역내총부가가치 및 요소소득,2026-06-22,24.016878784703493,18.636516477615807
경기도,경기도,화성시,사업서비스업,2023,33812.745263841214,28502.98,210_DT_GRDP008_2020,경기도 경제활동별 지역내총부가가치 및 요소소득,2026-05-13,5309.765263841215,18.628807457470113
경남,경상남도,고성군,교육 서비스업,2021,987.6282092183911,832.61,217_DT_2020Y38GRDP2,경상남도 경제활동별 지역내총부가가치 및 요소소득,2025-10-28,155.01820921839112,18.61834583038771
전남,전라남도,진도군,도매 및 소매업,2023,513.0113350196477,432.49,215_DT_2020Y36GRDP2,전라남도 경제활동별 지역내총부가가치 및 요소소득,2026-06-24,80.52133501964772,18.61808019136806
서울,서울특별시,송파구,"공공 행정, 국방·사회보장",2023,5244.022186390744,4421.31,201_DT_201012_D040031,서울특별시 경제활동별 지역내총부가가치 및 요소소득,2026-06-19,822.7121863907432,18.607882876132713
부산,부산광역시,서구,교육 서비스업,2021,1120.270662565444,1376.29,202_DT_F10108,부산광역시 경제활동별 지역내총부가가치 및 요소소득,2025-03-31,256.01933743455606,18.602135991292247
경남,경상남도,사천시,운수 및 창고업,2022,1861.7202888530546,1569.92,217_DT_2020Y38GRDP2,경상남도 경제활동별 지역내총부가가치 및 요소소득,2025-10-28,291.80028885305455,18.586952765303614
경기도,경기도,연천군,금융 및 보험업,2023,152.61318424245886,128.7,210_DT_GRDP008_2020,경기도 경제활동별 지역내총부가가치 및 요소소득,2026-05-13,23.91318424245887,18.58056273695328
경북,경상북도,경산시,숙박 및 음식점업,2021,1808.7602940656413,2221.4,216_DT_GRDP202037_02,경상북도 경제활동별 지역내총부가가치 및 요소소득,2025-09-09,412.63970593435874,18.57565976115777
전남,전라남도,담양군,금융 및 보험업,2023,477.79023796389816,586.64,215_DT_2020Y36GRDP2,전라남도 경제활동별 지역내총부가가치 및 요소소득,2026-06-24,108.84976203610182,18.554780109795075
경북,경상북도,상주시,사업서비스업,2022,824.2596161590938,1011.91,216_DT_GRDP202037_02,경상북도 경제활동별 지역내총부가가치 및 요소소득,2025-09-09,187.65038384090622,18.5441772332427
부산,부산광역시,사상구,운수 및 창고업,2022,2322.156409608382,2850.54,202_DT_F10108,부산광역시 경제활동별 지역내총부가가치 및 요소소득,2025-03-31,528.3835903916179,18.536262967424342
충남,충청남도,금산군,숙박 및 음식점업,2022,356.770519720507,301.03,213_DT_2020Y34GRDP2,충청남도 경제활동별 지역내총부가가치 및 요소소득,2025-06-12,55.74051972050705,18.516599581605504
전남,전라남도,함평군,건설업,2022,905.750540088855,1111.54,215_DT_2020Y36GRDP2,전라남도 경제활동별 지역내총부가가치 및 요소소득,2025-05-20,205.78945991114495,18.513905024663526
경기도,경기도,의정부시,"광업, 제조업",2021,3706.650430923287,3127.77,210_DT_GRDP008_2020,경기도 경제활동별 지역내총부가가치 및 요소소득,2026-05-13,578.8804309232869,18.50776850354364
경북,경상북도,구미시,정보통신업,2023,3090.1715797972,3791.01,216_DT_GRDP202037_02,경상북도 경제활동별 지역내총부가가치 및 요소소득,2026-06-22,700.8384202028001,18.486852321750668
경기도,경기도,의왕시,건설업,2021,2879.9372469335426,3532.95,210_DT_GRDP008_2020,경기도 경제활동별 지역내총부가가치 및 요소소득,2026-05-13,653.0127530664572,18.48349829650737
충남,충청남도,청양군,사업서비스업,2022,186.59345714158562,228.85,213_DT_2020Y34GRDP2,충청남도 경제활동별 지역내총부가가치 및 요소소득,2025-06-12,42.25654285841438,18.464733606473402
경북,경상북도,영양군,금융 및 보험업,2021,162.64836049965896,137.37,216_DT_GRDP202037_02,경상북도 경제활동별 지역내총부가가치 및 요소소득,2025-09-09,25.27836049965896,18.40166011476957
부산,부산광역시,동래구,운수 및 창고업,2021,1356.1979183831706,1145.45,202_DT_F10108,부산광역시 경제활동별 지역내총부가가치 및 요소소득,2025-03-31,210.7479183831706,18.39870080607365
강원,강원특별자치도,철원군,건설업,2022,1183.1029371459233,999.28,211_DT_2020Y32GRDP2,강원특별자치도 경제활동별 지역내총부가가치 및 요소소득,2025-03-19,183.82293714592333,18.395538502314
전남,전라남도,신안군,도매 및 소매업,2023,498.6962692033791,611.08,215_DT_2020Y36GRDP2,전라남도 경제활동별 지역내총부가가치 및 요소소득,2026-06-24,112.38373079662097,18.391001308604597
부산,부산광역시,금정구,문화 및 기타서비스업,2021,2019.9227601253488,2474.73,202_DT_F10108,부산광역시 경제활동별 지역내총부가가치 및 요소소득,2025-03-31,454.80723987465126,18.378054974670015
충남,충청남도,서천군,정보통신업,2022,193.14622699077563,163.17,213_DT_2020Y34GRDP2,충청남도 경제활동별 지역내총부가가치 및 요소소득,2025-06-12,29.976226990775643,18.371163198367128
경북,경상북도,군위군,정보통신업,2023,5.289784954060756,6.48,216_DT_GRDP202037_02,경상북도 경제활동별 지역내총부가가치 및 요소소득,2026-06-22,1.1902150459392447,18.367516141037722
인천,인천광역시,옹진군,건설업,2023,1000.6688946908882,845.45,204_DT_2020Y23GRDP2,인천광역시 경제활동별 지역내총부가가치 및 요소소득,2026-06-01,155.2188946908882,18.359322809259943
전남,전라남도,영암군,운수 및 창고업,2022,943.9386011526194,797.56,215_DT_2020Y36GRDP2,전라남도 경제활동별 지역내총부가가치 및 요소소득,2025-05-20,146.37860115261947,18.3533027173654
인천,인천광역시,미추홀구,정보통신업,2023,1151.3820904338697,972.86,204_DT_2020Y23GRDP2,인천광역시 경제활동별 지역내총부가가치 및 요소소득,2026-06-15,178.52209043386972,18.35023440514254
인천,인천광역시,남동구,문화 및 기타서비스업,2021,6638.523833513206,5609.56,204_DT_2020Y23GRDP2,인천광역시 경제활동별 지역내총부가가치 및 요소소득,2025-03-25,1028.9638335132058,18.343039980198192
전남,전라남도,신안군,부동산업,2022,205.7970174445584,251.94,215_DT_2020Y36GRDP2,전라남도 경제활동별 지역내총부가가치 및 요소소득,2025-05-20,46.14298255544159,18.31506809376899
서울,서울특별시,서대문구,사업서비스업,2022,10105.98618349777,8541.72,201_DT_201012_D040031,서울특별시 경제활동별 지역내총부가가치 및 요소소득,2025-10-29,1564.2661834977698,18.313245850926627
경북,경상북도,영덕군,운수 및 창고업,2022,99.16842737024662,121.39,216_DT_GRDP202037_02,경상북도 경제활동별 지역내총부가가치 및 요소소득,2026-03-27,22.221572629753382,18.305933462190772
서울,서울특별시,동대문구,"공공 행정, 국방·사회보장",2023,2732.6572034714927,2310.15,201_DT_201012_D040031,서울특별시 경제활동별 지역내총부가가치 및 요소소득,2026-06-19,422.50720347149263,18.2891675203555
경북,경상북도,안동시,사업서비스업,2021,1806.7389049726416,1527.5,216_DT_GRDP202037_02,경상북도 경제활동별 지역내총부가가치 및 요소소득,2025-09-09,279.23890497264165,18.280779376277685
대전,대전광역시,유성구,건설업,2021,10056.194356916421,12305.21,206_DT_2020Y25GRDP2,대전광역시 경제활동별 지역내총부가가치 및 요소소득,2025-04-10,2249.0156430835777,18.276938330053515
경북,경상북도,봉화군,건설업,2023,889.1078690738781,751.78,216_DT_GRDP202037_02,경상북도 경제활동별 지역내총부가가치 및 요소소득,2026-06-22,137.3278690738781,18.267028794843984
경남,경상남도,하동군,숙박 및 음식점업,2021,426.37971647093605,521.53,217_DT_2020Y38GRDP2,경상남도 경제활동별 지역내총부가가치 및 요소소득,2025-10-28,95.15028352906393,18.244450660376955
경남,경상남도,의령군,보건 및 사회복지업,2022,1116.0417568979015,944.05,217_DT_2020Y38GRDP2,경상남도 경제활동별 지역내총부가가치 및 요소소득,2025-10-28,171.9917568979015,18.218500810116147
경북,경상북도,청송군,보건 및 사회복지업,2022,447.34106166853553,546.92,216_DT_GRDP202037_02,경상북도 경제활동별 지역내총부가가치 및 요소소득,2025-09-09,99.57893833146443,18.207221957775257
전북,전북특별자치도,부안군,숙박 및 음식점업,2023,690.3128001462942,584.08,214_DT_2020Y35GRDP2,전북특별자치도 경제활동별 지역내총부가가치 및 요소소득,2026-06-24,106.23280014629415,18.18805645567288
부산,부산광역시,수영구,교육 서비스업,2021,759.993182810518,928.89,202_DT_F10108,부산광역시 경제활동별 지역내총부가가치 및 요소소득,2025-03-31,168.89681718948202,18.182649957420363
경북,경상북도,청송군,부동산업,2021,479.98386131769644,406.18,216_DT_GRDP202037_02,경상북도 경제활동별 지역내총부가가치 및 요소소득,2025-09-09,73.80386131769643,18.170235195651294
충남,충청남도,공주시,정보통신업,2021,445.9213422776437,544.78,213_DT_2020Y34GRDP2,충청남도 경제활동별 지역내총부가가치 및 요소소득,2025-06-12,98.85865772235627,18.14652845595585
경북,경상북도,군위군,건설업,2023,600.9740054782474,508.68,216_DT_GRDP202037_02,경상북도 경제활동별 지역내총부가가치 및 요소소득,2026-06-22,92.29400547824736,18.143824305702477
경기도,경기도,남양주시,운수 및 창고업,2023,6734.53101588284,8226.34,210_DT_GRDP008_2020,경기도 경제활동별 지역내총부가가치 및 요소소득,2026-05-13,1491.8089841171604,18.134540805718707
부산,부산광역시,중구,부동산업,2022,3018.1111893851935,3686.29,202_DT_F10108,부산광역시 경제활동별 지역내총부가가치 및 요소소득,2025-03-31,668.1788106148065,18.126051141250592
전남,전라남도,광양시,보건 및 사회복지업,2023,2533.6848956927174,3094.24,215_DT_2020Y36GRDP2,전라남도 경제활동별 지역내총부가가치 및 요소소득,2026-06-24,560.5551043072824,18.116083571645458
전남,전라남도,장성군,"공공 행정, 국방·사회보장",2021,5705.935743782698,4831.9,215_DT_2020Y36GRDP2,전라남도 경제활동별 지역내총부가가치 및 요소소득,2025-05-20,874.0357437826988,18.08886243056973
경북,경상북도,예천군,운수 및 창고업,2023,219.76347856325157,186.11,216_DT_GRDP202037_02,경상북도 경제활동별 지역내총부가가치 및 요소소득,2026-06-22,33.653478563251554,18.08257404935337
전북,전북특별자치도,진안군,사업서비스업,2022,249.5094958082634,211.32,214_DT_2020Y35GRDP2,전북특별자치도 경제활동별 지역내총부가가치 및 요소소득,2025-07-31,38.189495808263416,18.07187952312295
전남,전라남도,구례군,금융 및 보험업,2023,214.044794960664,261.25,215_DT_2020Y36GRDP2,전라남도 경제활동별 지역내총부가가치 및 요소소득,2026-06-24,47.20520503933599,18.068978005487462
충북,충청북도,증평군,건설업,2021,819.221969490733,999.78,212_DT_2020Y33GRDP2,충청북도 경제활동별 지역내총부가가치 및 요소소득,2025-03-17,180.55803050926693,18.059776201691065
경기도,경기도,구리시,숙박 및 음식점업,2021,1490.736621983775,1263.08,210_DT_GRDP008_2020,경기도 경제활동별 지역내총부가가치 및 요소소득,2026-05-13,227.65662198377504,18.023927382570783
경남,경상남도,하동군,보건 및 사회복지업,2021,1044.6016991813617,1274.26,217_DT_2020Y38GRDP2,경상남도 경제활동별 지역내총부가가치 및 요소소득,2025-10-28,229.65830081863828,18.022876086406093
세종,세종특별자치시,세종시,사업서비스업,2021,6008.161876119651,7326.74,pseudo_sejong_one_tier_from_quarterly_grdp,세종 단층 시군구 annual GVA benchmark from official quarterly GRDP/GVA,quarterly_grdp_xlsx_derived,1318.5781238803484,17.996791531845655
전남,전라남도,무안군,부동산업,2023,2786.672094224226,2361.72,215_DT_2020Y36GRDP2,전라남도 경제활동별 지역내총부가가치 및 요소소득,2026-06-24,424.95209422422613,17.993330886990254
전남,전라남도,함평군,운수 및 창고업,2021,461.1052966513889,390.92,215_DT_2020Y36GRDP2,전라남도 경제활동별 지역내총부가가치 및 요소소득,2025-05-20,70.18529665138891,17.953877174713217
대구,대구광역시,달성군,"광업, 제조업",2021,37271.666240390565,45417.84,203_DT_2020Y22GRDP2,대구광역시 경제활동별 지역내총부가가치 및 요소소득,2025-09-05,8146.173759609432,17.936066003159624
경기도,경기도,구리시,사업서비스업,2023,2533.8316396877626,3086.24,210_DT_GRDP008_2020,경기도 경제활동별 지역내총부가가치 및 요소소득,2026-05-13,552.4083603122372,17.89907331614642
충남,충청남도,계룡시,사업서비스업,2021,293.85599521671327,249.33,213_DT_2020Y34GRDP2,충청남도 경제활동별 지역내총부가가치 및 요소소득,2025-06-12,44.525995216713255,17.85825821871145
부산,부산광역시,연제구,문화 및 기타서비스업,2022,1837.1567435188144,2236.08,202_DT_F10108,부산광역시 경제활동별 지역내총부가가치 및 요소소득,2025-03-31,398.9232564811855,17.840294465367318
인천,인천광역시,남동구,금융 및 보험업,2022,8709.559327364277,10599.6,204_DT_2020Y23GRDP2,인천광역시 경제활동별 지역내총부가가치 및 요소소득,2025-06-17,1890.0406726357232,17.83124526053552
부산,부산광역시,중구,교육 서비스업,2021,249.4528111839686,303.58,202_DT_F10108,부산광역시 경제활동별 지역내총부가가치 및 요소소득,2025-03-31,54.12718881603138,17.829629361628363
충남,충청남도,부여군,건설업,2021,1442.9452111057165,1224.66,213_DT_2020Y34GRDP2,충청남도 경제활동별 지역내총부가가치 및 요소소득,2025-06-12,218.28521110571637,17.82414801705913
경북,경상북도,영덕군,정보통신업,2023,585.9269873622927,497.3,216_DT_GRDP202037_02,경상북도 경제활동별 지역내총부가가치 및 요소소득,2026-06-22,88.62698736229271,17.821634297665938
경기도,경기도,의정부시,건설업,2022,7035.114295755603,5971.16,210_DT_GRDP008_2020,경기도 경제활동별 지역내총부가가치 및 요소소득,2026-05-13,1063.9542957556032,17.818217829627798
대전,대전광역시,유성구,건설업,2022,12427.191092708761,10548.14,206_DT_2020Y25GRDP2,대전광역시 경제활동별 지역내총부가가치 및 요소소득,2025-04-10,1879.0510927087616,17.814051507742235
부산,부산광역시,북구,건설업,2021,1965.839010514049,2391.88,202_DT_F10108,부산광역시 경제활동별 지역내총부가가치 및 요소소득,2025-03-31,426.04098948595106,17.811971732944425
충북,충청북도,보은군,사업서비스업,2021,132.7856836179021,161.49,212_DT_2020Y33GRDP2,충청북도 경제활동별 지역내총부가가치 및 요소소득,2025-03-17,28.704316382097915,17.774671114061498
경기도,경기도,광주시,정보통신업,2023,508.2671129776762,431.59,210_DT_GRDP008_2020,경기도 경제활동별 지역내총부가가치 및 요소소득,2026-05-13,76.67711297767625,17.76619314110064
부산,부산광역시,남구,건설업,2021,3047.90746727428,3706.31,202_DT_F10108,부산광역시 경제활동별 지역내총부가가치 및 요소소득,2025-03-31,658.40253272572,17.764367598115648
충북,충청북도,진천군,건설업,2022,3419.4340043826815,2903.79,212_DT_2020Y33GRDP2,충청북도 경제활동별 지역내총부가가치 및 요소소득,2025-03-17,515.6440043826815,17.757620364512636
경북,경상북도,김천시,금융 및 보험업,2022,1641.1597176928422,1393.95,216_DT_GRDP202037_02,경상북도 경제활동별 지역내총부가가치 및 요소소득,2025-09-09,247.2097176928421,17.734475246087886
경북,경상북도,영덕군,건설업,2022,1452.709301775989,1233.98,216_DT_GRDP202037_02,경상북도 경제활동별 지역내총부가가치 및 요소소득,2025-09-09,218.72930177598892,17.725514333780847
전남,전라남도,장흥군,건설업,2022,690.7703676330486,839.54,215_DT_2020Y36GRDP2,전라남도 경제활동별 지역내총부가가치 및 요소소득,2025-05-20,148.76963236695133,17.720374534501197
경북,경상북도,영주시,운수 및 창고업,2023,1055.1703323238614,896.53,216_DT_GRDP202037_02,경상북도 경제활동별 지역내총부가가치 및 요소소득,2026-06-22,158.64033232386146,17.694927367055367
경북,경상북도,청도군,문화 및 기타서비스업,2021,785.7526096253314,954.49,216_DT_GRDP202037_02,경상북도 경제활동별 지역내총부가가치 및 요소소득,2025-09-09,168.73739037466862,17.678277443940598
제주,제주특별자치도,서귀포시,사업서비스업,2021,1775.9907771353307,2156.98,218_DT_2020GRDP39_02,제주특별자치도 경제활동별 지역내총부가가치 및 요소소득,2025-08-05,380.9892228646693,17.663085557801615
전북,전북특별자치도,고창군,건설업,2022,1101.825141875367,1338.15,214_DT_2020Y35GRDP2,전북특별자치도 경제활동별 지역내총부가가치 및 요소소득,2025-07-31,236.324858124633,17.660565566239434
경북,경상북도,고령군,정보통신업,2022,9.741732879216869,8.28,216_DT_GRDP202037_02,경상북도 경제활동별 지역내총부가가치 및 요소소득,2025-09-09,1.4617328792168696,17.653778734503256
전북,전북특별자치도,고창군,보건 및 사회복지업,2023,1490.7348004987746,1267.12,214_DT_2020Y35GRDP2,전북특별자치도 경제활동별 지역내총부가가치 및 요소소득,2026-06-24,223.61480049877468,17.647484097699877
충북,충청북도,단양군,문화 및 기타서비스업,2023,549.6111421961225,467.19,212_DT_2020Y33GRDP2,충청북도 경제활동별 지역내총부가가치 및 요소소득,2026-02-19,82.4211421961225,17.64188920912744
경기도,경기도,가평군,문화 및 기타서비스업,2023,1848.0452661824843,1570.93,210_DT_GRDP008_2020,경기도 경제활동별 지역내총부가가치 및 요소소득,2026-05-13,277.1152661824842,17.640204603800562
서울,서울특별시,은평구,"광업, 제조업",2021,1262.6914018163584,1073.42,201_DT_201012_D040031,서울특별시 경제활동별 지역내총부가가치 및 요소소득,2025-10-29,189.27140181635832,17.632557788783355
충북,충청북도,영동군,건설업,2022,1303.5350579959957,1108.34,212_DT_2020Y33GRDP2,충청북도 경제활동별 지역내총부가가치 및 요소소득,2025-03-17,195.19505799599574,17.611478246386106
경기도,경기도,남양주시,정보통신업,2022,1520.7438533393452,1845.63,210_DT_GRDP008_2020,경기도 경제활동별 지역내총부가가치 및 요소소득,2026-05-13,324.88614666065496,17.602994460463634
인천,인천광역시,강화군,교육 서비스업,2021,901.5983905593224,1094.05,204_DT_2020Y23GRDP2,인천광역시 경제활동별 지역내총부가가치 및 요소소득,2025-03-25,192.45160944067754,17.590750828634665
대구,대구광역시,북구,부동산업,2021,13978.556388562503,11889.47,203_DT_2020Y22GRDP2,대구광역시 경제활동별 지역내총부가가치 및 요소소득,2025-09-05,2089.086388562504,17.57089583103792
강원,강원특별자치도,영월군,건설업,2021,889.3491915142249,1078.85,211_DT_2020Y32GRDP2,강원특별자치도 경제활동별 지역내총부가가치 및 요소소득,2025-03-19,189.500808485775,17.56507470786254
경북,경상북도,영양군,건설업,2022,442.62465346892867,536.76,216_DT_GRDP202037_02,경상북도 경제활동별 지역내총부가가치 및 요소소득,2025-09-09,94.13534653107132,17.537697766426582
경북,경상북도,영덕군,도매 및 소매업,2021,143.25721020752678,173.68,216_DT_GRDP202037_02,경상북도 경제활동별 지역내총부가가치 및 요소소득,2025-09-09,30.422789792473225,17.516576342971685
전남,전라남도,함평군,보건 및 사회복지업,2021,549.7525147577464,467.81,215_DT_2020Y36GRDP2,전라남도 경제활동별 지역내총부가가치 및 요소소득,2025-05-20,81.94251475774644,17.51619562594781
경기도,경기도,의정부시,사업서비스업,2021,5167.834702880386,4397.68,210_DT_GRDP008_2020,경기도 경제활동별 지역내총부가가치 및 요소소득,2026-05-13,770.1547028803861,17.512749969992953
울산,울산광역시,동구,숙박 및 음식점업,2021,1328.4609226106359,1130.6,207_DT_GRDP_2020_02,울산광역시 경제활동별 지역내총부가가치 및 요소소득,2025-07-31,197.86092261063595,17.50052384668636
경북,경상북도,문경시,건설업,2022,1143.019491640352,972.79,216_DT_GRDP202037_02,경상북도 경제활동별 지역내총부가가치 및 요소소득,2025-09-09,170.22949164035208,17.49909966594559
서울,서울특별시,성북구,"광업, 제조업",2023,2013.9419023616729,1714.03,201_DT_201012_D040031,서울특별시 경제활동별 지역내총부가가치 및 요소소득,2026-06-19,299.9119023616729,17.49747101052332
전남,전라남도,무안군,운수 및 창고업,2021,430.162427209586,366.11,215_DT_2020Y36GRDP2,전라남도 경제활동별 지역내총부가가치 및 요소소득,2025-05-20,64.05242720958597,17.495404990190373
전남,전라남도,구례군,정보통신업,2022,112.48017626927712,136.33,215_DT_2020Y36GRDP2,전라남도 경제활동별 지역내총부가가치 및 요소소득,2025-05-20,23.84982373072289,17.494185968402324
충북,충청북도,영동군,정보통신업,2022,214.6455765487952,182.69,212_DT_2020Y33GRDP2,충청북도 경제활동별 지역내총부가가치 및 요소소득,2025-03-17,31.955576548795193,17.491694427059606
서울,서울특별시,강동구,"광업, 제조업",2022,1933.0067733407627,2342.17,201_DT_201012_D040031,서울특별시 경제활동별 지역내총부가가치 및 요소소득,2025-10-29,409.16322665923735,17.46940771418118
인천,인천광역시,중구,사업서비스업,2021,6529.987917718696,7910.67,204_DT_2020Y23GRDP2,인천광역시 경제활동별 지역내총부가가치 및 요소소득,2025-06-17,1380.6820822813042,17.45341522628683
경기도,경기도,고양시,사업서비스업,2022,17519.962109811328,14916.75,210_DT_GRDP008_2020,경기도 경제활동별 지역내총부가가치 및 요소소득,2026-05-13,2603.2121098113275,17.451603799831247
경북,경상북도,봉화군,도매 및 소매업,2023,31.938072517107738,38.69,216_DT_GRDP202037_02,경상북도 경제활동별 지역내총부가가치 및 요소소득,2026-06-22,6.75192748289226,17.45135043394226
전남,전라남도,고흥군,금융 및 보험업,2022,1030.6676579722875,877.62,215_DT_2020Y36GRDP2,전라남도 경제활동별 지역내총부가가치 및 요소소득,2025-05-20,153.04765797228754,17.438943731032513
전남,전라남도,곡성군,운수 및 창고업,2021,231.8553309338678,197.43,215_DT_2020Y36GRDP2,전라남도 경제활동별 지역내총부가가치 및 요소소득,2025-05-20,34.4253309338678,17.43672741420645
경북,경상북도,울릉군,교육 서비스업,2021,229.56012506458748,195.5,216_DT_GRDP202037_02,경상북도 경제활동별 지역내총부가가치 및 요소소득,2026-06-22,34.06012506458748,17.422058856566487
경기도,경기도,파주시,정보통신업,2023,4042.1558511655007,3442.55,210_DT_GRDP008_2020,경기도 경제활동별 지역내총부가가치 및 요소소득,2026-05-13,599.6058511655006,17.417491428316232
경북,경상북도,의성군,문화 및 기타서비스업,2023,585.802816805087,499.04,216_DT_GRDP202037_02,경상북도 경제활동별 지역내총부가가치 및 요소소득,2026-06-22,86.76281680508697,17.38594437421589
부산,부산광역시,금정구,"광업, 제조업",2021,3680.999865625442,4455.39,202_DT_F10108,부산광역시 경제활동별 지역내총부가가치 및 요소소득,2025-03-31,774.3901343745583,17.380973032092776
제주,제주특별자치도,제주시,운수 및 창고업,2023,12350.366594432147,14938.91,218_DT_2020GRDP39_02,제주특별자치도 경제활동별 지역내총부가가치 및 요소소득,2026-02-27,2588.5434055678525,17.32752527170893
강원,강원특별자치도,동해시,운수 및 창고업,2021,4509.73197624924,5454.66,211_DT_2020Y32GRDP2,강원특별자치도 경제활동별 지역내총부가가치 및 요소소득,2025-03-19,944.9280237507601,17.32331664578104
서울,서울특별시,용산구,금융 및 보험업,2021,3834.2674970953008,4637.08,201_DT_201012_D040031,서울특별시 경제활동별 지역내총부가가치 및 요소소득,2025-10-29,802.8125029046992,17.312888777090308
전남,전라남도,완도군,숙박 및 음식점업,2022,261.36388239700915,222.8,215_DT_2020Y36GRDP2,전라남도 경제활동별 지역내총부가가치 및 요소소득,2025-05-20,38.56388239700914,17.308744343361372
인천,인천광역시,계양구,도매 및 소매업,2023,4837.815181975098,5850.45,204_DT_2020Y23GRDP2,인천광역시 경제활동별 지역내총부가가치 및 요소소득,2026-06-15,1012.6348180249015,17.308665453510443
경북,경상북도,포항시,건설업,2023,15851.289652658423,19168.72,216_DT_GRDP202037_02,경상북도 경제활동별 지역내총부가가치 및 요소소득,2026-06-22,3317.4303473415785,17.306478196465797
인천,인천광역시,계양구,도매 및 소매업,2022,5866.945690041878,5001.7,204_DT_2020Y23GRDP2,인천광역시 경제활동별 지역내총부가가치 및 요소소득,2025-06-17,865.2456900418783,17.299032129913396
경남,경상남도,합천군,보건 및 사회복지업,2021,1006.2508080637431,1216.51,217_DT_2020Y38GRDP2,경상남도 경제활동별 지역내총부가가치 및 요소소득,2025-10-28,210.2591919362569,17.283803005010803
전남,전라남도,함평군,"광업, 제조업",2023,2105.1535539484094,1794.93,215_DT_2020Y36GRDP2,전라남도 경제활동별 지역내총부가가치 및 요소소득,2026-06-24,310.2235539484093,17.28332324650038
경남,경상남도,양산시,운수 및 창고업,2022,7238.99065440437,6172.59,217_DT_2020Y38GRDP2,경상남도 경제활동별 지역내총부가가치 및 요소소득,2025-10-28,1066.4006544043696,17.27638891299065
경기도,경기도,군포시,운수 및 창고업,2023,8043.249273808775,6860.29,210_DT_GRDP008_2020,경기도 경제활동별 지역내총부가가치 및 요소소득,2026-05-13,1182.959273808775,17.24357532711846
전남,전라남도,해남군,부동산업,2022,840.7642368868406,717.15,215_DT_2020Y36GRDP2,전라남도 경제활동별 지역내총부가가치 및 요소소득,2025-05-20,123.61423688684067,17.23687330221581
전북,전북특별자치도,순창군,문화 및 기타서비스업,2023,226.88102636688183,274.11,214_DT_2020Y35GRDP2,전북특별자치도 경제활동별 지역내총부가가치 및 요소소득,2026-06-24,47.22897363311819,17.22993456390434
부산,부산광역시,수영구,숙박 및 음식점업,2022,1872.3168467136586,2261.74,202_DT_F10108,부산광역시 경제활동별 지역내총부가가치 및 요소소득,2025-03-31,389.4231532863412,17.217856751277388
경북,경상북도,영양군,부동산업,2021,300.4805124276695,256.37,216_DT_GRDP202037_02,경상북도 경제활동별 지역내총부가가치 및 요소소득,2025-09-09,44.110512427669505,17.205801157572846
부산,부산광역시,부산진구,문화 및 기타서비스업,2021,3170.2130388477563,2704.89,202_DT_F10108,부산광역시 경제활동별 지역내총부가가치 및 요소소득,2025-03-31,465.3230388477564,17.203030025167617
대전,대전광역시,서구,건설업,2022,6492.417366772764,5539.92,206_DT_2020Y25GRDP2,대전광역시 경제활동별 지역내총부가가치 및 요소소득,2025-04-10,952.4973667727636,17.193341542346523
충북,충청북도,옥천군,교육 서비스업,2022,263.04658380474893,224.46,212_DT_2020Y33GRDP2,충청북도 경제활동별 지역내총부가가치 및 요소소득,2025-03-17,38.586583804748926,17.19085084413656
서울,서울특별시,중구,"광업, 제조업",2023,13771.812775220802,11752.27,201_DT_201012_D040031,서울특별시 경제활동별 지역내총부가가치 및 요소소득,2026-06-19,2019.5427752208016,17.18427823068055
경기도,경기도,안산시,정보통신업,2021,1383.9498670737282,1181.06,210_DT_GRDP008_2020,경기도 경제활동별 지역내총부가가치 및 요소소득,2026-05-13,202.88986707372828,17.178624885588224
전남,전라남도,화순군,보건 및 사회복지업,2021,3023.236918905479,3649.96,215_DT_2020Y36GRDP2,전라남도 경제활동별 지역내총부가가치 및 요소소득,2025-05-20,626.7230810945211,17.17068354432709
경기도,경기도,의왕시,"광업, 제조업",2023,10019.715095592117,12096.76,210_DT_GRDP008_2020,경기도 경제활동별 지역내총부가가치 및 요소소득,2026-05-13,2077.044904407883,17.17025802287458
강원,강원특별자치도,태백시,"광업, 제조업",2022,958.2021431555761,817.8399999999999,211_DT_2020Y32GRDP2,강원특별자치도 경제활동별 지역내총부가가치 및 요소소득,2025-03-19,140.36214315557618,17.162543181499583
경북,경상북도,고령군,숙박 및 음식점업,2021,105.96219309210441,127.91,216_DT_GRDP202037_02,경상북도 경제활동별 지역내총부가가치 및 요소소득,2025-09-09,21.947806907895583,17.158788920252977
인천,인천광역시,서구,교육 서비스업,2021,6560.620505769644,7919.3,204_DT_2020Y23GRDP2,인천광역시 경제활동별 지역내총부가가치 및 요소소득,2025-03-25,1358.6794942303559,17.156560481738993
부산,부산광역시,사상구,교육 서비스업,2021,1955.0797013680499,2359.45,202_DT_F10108,부산광역시 경제활동별 지역내총부가가치 및 요소소득,2025-03-31,404.37029863194994,17.138328789842973
서울,서울특별시,서초구,건설업,2021,8393.346341795788,10127.94,201_DT_201012_D040031,서울특별시 경제활동별 지역내총부가가치 및 요소소득,2025-10-29,1734.5936582042123,17.126816096898402
서울,서울특별시,도봉구,부동산업,2021,7460.614293152422,6370.26,201_DT_201012_D040031,서울특별시 경제활동별 지역내총부가가치 및 요소소득,2025-10-29,1090.3542931524216,17.116323245086097
인천,인천광역시,중구,숙박 및 음식점업,2021,1904.9045331600596,2297.81,204_DT_2020Y23GRDP2,인천광역시 경제활동별 지역내총부가가치 및 요소소득,2025-03-25,392.90546683994035,17.09912772770335
경북,경상북도,군위군,보건 및 사회복지업,2021,412.49947724165736,352.31,216_DT_GRDP202037_02,경상북도 경제활동별 지역내총부가가치 및 요소소득,2025-09-09,60.18947724165736,17.084237529918923
경북,경상북도,고령군,부동산업,2023,692.3187177403422,591.32,216_DT_GRDP202037_02,경상북도 경제활동별 지역내총부가가치 및 요소소득,2026-06-22,100.99871774034216,17.08021337690965
경북,경상북도,성주군,숙박 및 음식점업,2023,261.8608048314777,223.74,216_DT_GRDP202037_02,경상북도 경제활동별 지역내총부가가치 및 요소소득,2026-06-22,38.1208048314777,17.037992684132337
울산,울산광역시,북구,숙박 및 음식점업,2022,2176.6893993296226,1860.24,207_DT_GRDP_2020_02,울산광역시 경제활동별 지역내총부가가치 및 요소소득,2025-07-31,316.44939932962257,17.011213570809282
인천,인천광역시,연수구,사업서비스업,2021,9438.904768733077,11373.71,204_DT_2020Y23GRDP2,인천광역시 경제활동별 지역내총부가가치 및 요소소득,2025-06-17,1934.8052312669224,17.01120594130607
전남,전라남도,완도군,건설업,2021,1133.2322528985228,968.56,215_DT_2020Y36GRDP2,전라남도 경제활동별 지역내총부가가치 및 요소소득,2025-05-20,164.67225289852286,17.001760644515866
서울,서울특별시,중랑구,사업서비스업,2023,3823.5542013426834,3268.61,201_DT_201012_D040031,서울특별시 경제활동별 지역내총부가가치 및 요소소득,2026-06-19,554.9442013426833,16.97798762601483
경기도,경기도,김포시,건설업,2023,9548.245808844009,8162.59,210_DT_GRDP008_2020,경기도 경제활동별 지역내총부가가치 및 요소소득,2026-05-13,1385.6558088440088,16.9756879721266
경기도,경기도,안양시,"광업, 제조업",2023,47181.41600493586,56823.560000000005,210_DT_GRDP008_2020,경기도 경제활동별 지역내총부가가치 및 요소소득,2026-05-13,9642.143995064143,16.96856725461084
충남,충청남도,서산시,"광업, 제조업",2021,72054.36517458246,86764.88,213_DT_2020Y34GRDP2,충청남도 경제활동별 지역내총부가가치 및 요소소득,2025-06-12,14710.514825417544,16.954457639332347
인천,인천광역시,미추홀구,사업서비스업,2022,5257.408655733918,4495.59,204_DT_2020Y23GRDP2,인천광역시 경제활동별 지역내총부가가치 및 요소소득,2025-06-17,761.8186557339177,16.945910452997666
부산,부산광역시,부산진구,"공공 행정, 국방·사회보장",2021,2515.8973459550025,3029.15,202_DT_F10108,부산광역시 경제활동별 지역내총부가가치 및 요소소득,2025-03-31,513.2526540449976,16.943784693560822
서울,서울특별시,서대문구,"광업, 제조업",2023,1161.2768345582422,993.03,201_DT_201012_D040031,서울특별시 경제활동별 지역내총부가가치 및 요소소득,2026-06-19,168.2468345582422,16.942774594749626
전북,전북특별자치도,장수군,금융 및 보험업,2021,77.05407364705556,92.76,214_DT_2020Y35GRDP2,전북특별자치도 경제활동별 지역내총부가가치 및 요소소득,2025-07-31,15.705926352944445,16.931787788857743
부산,부산광역시,금정구,교육 서비스업,2021,4310.6851199805815,3687.51,202_DT_F10108,부산광역시 경제활동별 지역내총부가가치 및 요소소득,2025-03-31,623.1751199805813,16.89961844118609
부산,부산광역시,기장군,교육 서비스업,2021,808.1416885579571,972.46,202_DT_F10108,부산광역시 경제활동별 지역내총부가가치 및 요소소득,2025-03-31,164.31831144204295,16.897179466717702
경북,경상북도,고령군,문화 및 기타서비스업,2021,721.626266093185,867.9,216_DT_GRDP202037_02,경상북도 경제활동별 지역내총부가가치 및 요소소득,2025-09-09,146.27373390681498,16.85375433884261
경기도,경기도,군포시,건설업,2021,2784.9525612497214,2383.59,210_DT_GRDP008_2020,경기도 경제활동별 지역내총부가가치 및 요소소득,2026-05-13,401.36256124972124,16.838573800432172
전북,전북특별자치도,고창군,문화 및 기타서비스업,2023,807.8078451991003,971.07,214_DT_2020Y35GRDP2,전북특별자치도 경제활동별 지역내총부가가치 및 요소소득,2026-06-24,163.2621548008998,16.812604117200593
전남,전라남도,영암군,문화 및 기타서비스업,2023,951.6602940150449,814.79,215_DT_2020Y36GRDP2,전라남도 경제활동별 지역내총부가가치 및 요소소득,2026-06-24,136.87029401504492,16.79822948428981
제주,제주특별자치도,제주시,정보통신업,2021,10931.55788391827,9359.85,218_DT_2020GRDP39_02,제주특별자치도 경제활동별 지역내총부가가치 및 요소소득,2025-08-05,1571.7078839182705,16.792019999447323
충남,충청남도,공주시,교육 서비스업,2021,3491.413626073971,2990.25,213_DT_2020Y34GRDP2,충청남도 경제활동별 지역내총부가가치 및 요소소득,2025-06-12,501.16362607397105,16.759923955320495
부산,부산광역시,해운대구,교육 서비스업,2021,3107.7298921595407,3733.07,202_DT_F10108,부산광역시 경제활동별 지역내총부가가치 및 요소소득,2025-03-31,625.3401078404595,16.751363029368843
대구,대구광역시,중구,사업서비스업,2021,3907.3439430214876,4692.85,203_DT_2020Y22GRDP2,대구광역시 경제활동별 지역내총부가가치 및 요소소득,2025-09-05,785.5060569785128,16.738358502370897
경북,경상북도,고령군,건설업,2021,547.5147130576203,657.51,216_DT_GRDP202037_02,경상북도 경제활동별 지역내총부가가치 및 요소소득,2025-09-09,109.99528694237972,16.729066773490857
전남,전라남도,무안군,"광업, 제조업",2021,1711.1982974061673,1466.01,215_DT_2020Y36GRDP2,전라남도 경제활동별 지역내총부가가치 및 요소소득,2025-05-20,245.1882974061673,16.72487209542686
충남,충청남도,공주시,운수 및 창고업,2022,1538.0355345031949,1317.66,213_DT_2020Y34GRDP2,충청남도 경제활동별 지역내총부가가치 및 요소소득,2025-06-12,220.37553450319479,16.7247646967499
전남,전라남도,강진군,사업서비스업,2021,367.41630368605956,441.15,215_DT_2020Y36GRDP2,전라남도 경제활동별 지역내총부가가치 및 요소소득,2025-12-08,73.73369631394041,16.713974002933337
전남,전라남도,장성군,부동산업,2021,715.4917670042721,858.99,215_DT_2020Y36GRDP2,전라남도 경제활동별 지역내총부가가치 및 요소소득,2025-05-20,143.4982329957279,16.705460249330947
충남,충청남도,홍성군,정보통신업,2021,1173.931921359022,1409.33,213_DT_2020Y34GRDP2,충청남도 경제활동별 지역내총부가가치 및 요소소득,2025-06-12,235.39807864097793,16.702836002992765
경북,경상북도,경주시,문화 및 기타서비스업,2021,4136.11284619064,4964.76,216_DT_GRDP202037_02,경상북도 경제활동별 지역내총부가가치 및 요소소득,2025-09-09,828.6471538093601,16.69057827184718
광주,광주광역시,남구,정보통신업,2023,2037.1760930339483,1745.826188578605,205_DT_2020Y24GRDP2,광주광역시 경제활동별 지역내총부가가치 및 요소소득,2026-06-25,291.3499044553432,16.688368313030683
경북,경상북도,포항시,운수 및 창고업,2023,15209.290199886847,13036.62,216_DT_GRDP202037_02,경상북도 경제활동별 지역내총부가가치 및 요소소득,2026-06-22,2172.6701998868466,16.665901129946615
전남,전라남도,강진군,건설업,2021,1021.8270539482028,875.95,215_DT_2020Y36GRDP2,전라남도 경제활동별 지역내총부가가치 및 요소소득,2025-05-20,145.87705394820273,16.653582276180458
경북,경상북도,문경시,도매 및 소매업,2022,666.1918375624888,799.22,216_DT_GRDP202037_02,경상북도 경제활동별 지역내총부가가치 및 요소소득,2025-09-09,133.02816243751124,16.644748934900434
서울,서울특별시,강북구,운수 및 창고업,2022,1711.9863405659728,2053.83,201_DT_201012_D040031,서울특별시 경제활동별 지역내총부가가치 및 요소소득,2025-10-29,341.84365943402713,16.64420421524796
충남,충청남도,논산시,교육 서비스업,2022,2503.1496689614933,2146.06,213_DT_2020Y34GRDP2,충청남도 경제활동별 지역내총부가가치 및 요소소득,2025-06-12,357.0896689614933,16.639314323061484
부산,부산광역시,해운대구,금융 및 보험업,2022,6472.465089810598,5549.72,202_DT_F10108,부산광역시 경제활동별 지역내총부가가치 및 요소소득,2025-03-31,922.7450898105981,16.626876487653398
전남,전라남도,영암군,사업서비스업,2021,839.3742144470776,719.73,215_DT_2020Y36GRDP2,전라남도 경제활동별 지역내총부가가치 및 요소소득,2025-12-08,119.64421444707762,16.623485813718702
경기도,경기도,여주시,건설업,2022,3879.3988634280945,4652.18,210_DT_GRDP008_2020,경기도 경제활동별 지역내총부가가치 및 요소소득,2026-05-13,772.7811365719058,16.611161575259466
충남,충청남도,서천군,교육 서비스업,2022,924.7141541620584,793.01,213_DT_2020Y34GRDP2,충청남도 경제활동별 지역내총부가가치 및 요소소득,2025-06-12,131.70415416205844,16.608132830867007
충남,충청남도,당진시,운수 및 창고업,2021,4948.819165157375,4244.21,213_DT_2020Y34GRDP2,충청남도 경제활동별 지역내총부가가치 및 요소소득,2025-06-12,704.6091651573752,16.601656495728893
경북,경상북도,군위군,금융 및 보험업,2021,359.29744482390527,308.21,216_DT_GRDP202037_02,경상북도 경제활동별 지역내총부가가치 및 요소소득,2025-09-09,51.08744482390529,16.57553123646387
부산,부산광역시,서구,운수 및 창고업,2021,1622.7323233456877,1945.02,202_DT_F10108,부산광역시 경제활동별 지역내총부가가치 및 요소소득,2025-03-31,322.28767665431224,16.569890111891507
전북,전북특별자치도,순창군,숙박 및 음식점업,2023,139.26144082246321,166.91,214_DT_2020Y35GRDP2,전북특별자치도 경제활동별 지역내총부가가치 및 요소소득,2026-06-24,27.648559177536782,16.564950678531414
충남,충청남도,천안시,금융 및 보험업,2021,9104.89210269868,10910.8,213_DT_2020Y34GRDP2,충청남도 경제활동별 지역내총부가가치 및 요소소득,2025-06-12,1805.9078973013184,16.55156264711404
경남,경상남도,창녕군,보건 및 사회복지업,2021,1385.698290064761,1660.53,217_DT_2020Y38GRDP2,경상남도 경제활동별 지역내총부가가치 및 요소소득,2025-10-28,274.8317099352389,16.550842799301364
전북,전북특별자치도,군산시,도매 및 소매업,2023,5056.913067698152,4339.2,214_DT_2020Y35GRDP2,전북특별자치도 경제활동별 지역내총부가가치 및 요소소득,2026-06-24,717.7130676981524,16.540216346288542
인천,인천광역시,부평구,도매 및 소매업,2023,8400.148327378882,10063.48,204_DT_2020Y23GRDP2,인천광역시 경제활동별 지역내총부가가치 및 요소소득,2026-06-15,1663.3316726211178,16.528394478064428
경기도,경기도,동두천시,운수 및 창고업,2021,550.3972602788633,659.17,210_DT_GRDP008_2020,경기도 경제활동별 지역내총부가가치 및 요소소득,2026-05-13,108.77273972113665,16.501469988187665
대구,대구광역시,달서구,건설업,2022,6547.2152441507515,7840.72,203_DT_2020Y22GRDP2,대구광역시 경제활동별 지역내총부가가치 및 요소소득,2025-09-05,1293.5047558492488,16.497270095721422
서울,서울특별시,성동구,운수 및 창고업,2021,3260.664458230147,3904.59,201_DT_201012_D040031,서울특별시 경제활동별 지역내총부가가치 및 요소소득,2025-10-29,643.9255417698532,16.491502098039827
충남,충청남도,금산군,문화 및 기타서비스업,2022,786.3046088017413,941.54,213_DT_2020Y34GRDP2,충청남도 경제활동별 지역내총부가가치 및 요소소득,2025-06-12,155.23539119825864,16.487392059631947
전북,전북특별자치도,부안군,운수 및 창고업,2023,464.2951651678389,398.61,214_DT_2020Y35GRDP2,전북특별자치도 경제활동별 지역내총부가가치 및 요소소득,2026-06-24,65.68516516783887,16.47855426804116
경남,경상남도,창녕군,교육 서비스업,2021,1413.7167119044902,1213.97,217_DT_2020Y38GRDP2,경상남도 경제활동별 지역내총부가가치 및 요소소득,2025-10-28,199.7467119044902,16.454007257550863
울산,울산광역시,동구,사업서비스업,2022,2002.4578607992244,1719.55,207_DT_GRDP_2020_02,울산광역시 경제활동별 지역내총부가가치 및 요소소득,2025-07-31,282.9078607992244,16.452435858173615
전남,전라남도,보성군,사업서비스업,2023,111.44597057123147,133.38,215_DT_2020Y36GRDP2,전라남도 경제활동별 지역내총부가가치 및 요소소득,2026-06-24,21.934029428768525,16.444766403335226
광주,광주광역시,서구,건설업,2023,4037.687034601052,3467.501622872768,205_DT_2020Y24GRDP2,광주광역시 경제활동별 지역내총부가가치 및 요소소득,2026-06-25,570.1854117282837,16.443695598212713
경북,경상북도,칠곡군,건설업,2021,1846.0559986726582,1586.04,216_DT_GRDP202037_02,경상북도 경제활동별 지역내총부가가치 및 요소소득,2025-09-09,260.01599867265827,16.394037897698563
경북,경상북도,영양군,운수 및 창고업,2021,51.17602484534662,43.97,216_DT_GRDP202037_02,경상북도 경제활동별 지역내총부가가치 및 요소소득,2025-09-09,7.206024845346619,16.388503173406
경기도,경기도,이천시,건설업,2021,12857.064762659176,15376.81,210_DT_GRDP008_2020,경기도 경제활동별 지역내총부가가치 및 요소소득,2026-05-13,2519.745237340823,16.386657813557058
서울,서울특별시,마포구,금융 및 보험업,2022,7130.924089266534,6127.28,201_DT_201012_D040031,서울특별시 경제활동별 지역내총부가가치 및 요소소득,2025-10-29,1003.6440892665341,16.37992860235756
경북,경상북도,봉화군,숙박 및 음식점업,2023,128.82052996717198,110.7,216_DT_GRDP202037_02,경상북도 경제활동별 지역내총부가가치 및 요소소득,2026-06-22,18.120529967171976,16.36904242743629
전북,전북특별자치도,고창군,금융 및 보험업,2021,203.9296160819759,243.83,214_DT_2020Y35GRDP2,전북특별자치도 경제활동별 지역내총부가가치 및 요소소득,2025-07-31,39.90038391802412,16.364017519593208
경기도,경기도,의왕시,건설업,2022,3567.9720029959194,3066.59,210_DT_GRDP008_2020,경기도 경제활동별 지역내총부가가치 및 요소소득,2026-05-13,501.38200299591927,16.349821886718445
부산,부산광역시,기장군,사업서비스업,2022,2037.0863067385653,1750.97,202_DT_F10108,부산광역시 경제활동별 지역내총부가가치 및 요소소득,2025-03-31,286.1163067385653,16.340445966439475
경북,경상북도,청송군,도매 및 소매업,2021,256.5921973959386,306.67,216_DT_GRDP202037_02,경상북도 경제활동별 지역내총부가가치 및 요소소득,2025-09-09,50.07780260406139,16.329540745446696
전남,전라남도,신안군,"광업, 제조업",2022,931.3370453895873,800.71,215_DT_2020Y36GRDP2,전라남도 경제활동별 지역내총부가가치 및 요소소득,2025-05-20,130.62704538958724,16.313902085597437
경기도,경기도,안양시,건설업,2023,8783.017306955582,10492.82,210_DT_GRDP008_2020,경기도 경제활동별 지역내총부가가치 및 요소소득,2026-05-13,1709.8026930444175,16.294977832883987
충북,충청북도,증평군,정보통신업,2022,125.77272985131779,108.15,212_DT_2020Y33GRDP2,충청북도 경제활동별 지역내총부가가치 및 요소소득,2025-03-17,17.622729851317786,16.294710911990553
경기도,경기도,이천시,운수 및 창고업,2021,9597.422650768141,8253.71,210_DT_GRDP008_2020,경기도 경제활동별 지역내총부가가치 및 요소소득,2026-05-13,1343.7126507681423,16.280104956051794
전북,전북특별자치도,장수군,숙박 및 음식점업,2021,104.68617544041803,90.04,214_DT_2020Y35GRDP2,전북특별자치도 경제활동별 지역내총부가가치 및 요소소득,2025-07-31,14.64617544041802,16.266298800997355
충북,충청북도,충주시,건설업,2022,5856.141902628771,5037.37,212_DT_2020Y33GRDP2,충청북도 경제활동별 지역내총부가가치 및 요소소득,2025-03-17,818.7719026287714,16.253955985539505
전북,전북특별자치도,전주시,건설업,2022,7725.3696077774675,6646.25,214_DT_2020Y35GRDP2,전북특별자치도 경제활동별 지역내총부가가치 및 요소소득,2025-07-31,1079.1196077774675,16.2365184544287
경북,경상북도,예천군,"광업, 제조업",2022,563.5013148643417,484.8,216_DT_GRDP202037_02,경상북도 경제활동별 지역내총부가가치 및 요소소득,2025-09-09,78.70131486434167,16.23376956772724
경남,경상남도,의령군,운수 및 창고업,2022,253.41413304450987,218.06,217_DT_2020Y38GRDP2,경상남도 경제활동별 지역내총부가가치 및 요소소득,2025-10-28,35.354133044509865,16.21302992043927
충북,충청북도,증평군,금융 및 보험업,2023,218.42126902918992,187.96,212_DT_2020Y33GRDP2,충청북도 경제활동별 지역내총부가가치 및 요소소득,2026-02-19,30.461269029189907,16.206250813571987
경기도,경기도,오산시,금융 및 보험업,2021,2126.940098841694,1830.42,210_DT_GRDP008_2020,경기도 경제활동별 지역내총부가가치 및 요소소득,2026-05-13,296.5200988416941,16.199566156493816
광주,광주광역시,서구,"광업, 제조업",2023,30618.41474494613,36536.580612049016,205_DT_2020Y24GRDP2,광주광역시 경제활동별 지역내총부가가치 및 요소소득,2026-06-25,5918.165867102885,16.197919367285277
강원,강원특별자치도,정선군,보건 및 사회복지업,2022,715.2147739871555,615.55,211_DT_2020Y32GRDP2,강원특별자치도 경제활동별 지역내총부가가치 및 요소소득,2025-03-19,99.66477398715551,16.19117439479417
경남,경상남도,함안군,문화 및 기타서비스업,2021,1045.6194034763594,899.95,217_DT_2020Y38GRDP2,경상남도 경제활동별 지역내총부가가치 및 요소소득,2025-10-28,145.66940347635932,16.186388518957642
전남,전라남도,구례군,도매 및 소매업,2022,315.9344687371348,271.94,215_DT_2020Y36GRDP2,전라남도 경제활동별 지역내총부가가치 및 요소소득,2025-05-20,43.99446873713481,16.178005713442232
부산,부산광역시,부산진구,건설업,2022,5559.954628809826,6632.66,202_DT_F10108,부산광역시 경제활동별 지역내총부가가치 및 요소소득,2025-03-31,1072.7053711901735,16.173079446107195
경북,경상북도,울진군,도매 및 소매업,2023,402.84336228498483,346.84,216_DT_GRDP202037_02,경상북도 경제활동별 지역내총부가가치 및 요소소득,2026-06-22,56.00336228498486,16.146742672409427
인천,인천광역시,옹진군,문화 및 기타서비스업,2022,341.21555590782066,293.83,204_DT_2020Y23GRDP2,인천광역시 경제활동별 지역내총부가가치 및 요소소득,2025-06-17,47.385555907820674,16.126861078794093
전북,전북특별자치도,진안군,"광업, 제조업",2021,504.7060170684425,434.67,214_DT_2020Y35GRDP2,전북특별자치도 경제활동별 지역내총부가가치 및 요소소득,2025-07-31,70.0360170684425,16.112457052118273
경북,경상북도,상주시,정보통신업,2023,203.42763555616324,175.2,216_DT_GRDP202037_02,경상북도 경제활동별 지역내총부가가치 및 요소소득,2026-06-22,28.22763555616325,16.111664130230167
강원,강원특별자치도,평창군,운수 및 창고업,2021,421.13788556658074,362.77,211_DT_2020Y32GRDP2,강원특별자치도 경제활동별 지역내총부가가치 및 요소소득,2025-03-19,58.36788556658075,16.08950176877381
충남,충청남도,예산군,운수 및 창고업,2021,893.1635428056356,1064.37,213_DT_2020Y34GRDP2,충청남도 경제활동별 지역내총부가가치 및 요소소득,2025-06-12,171.20645719436425,16.085238891960906
충남,충청남도,금산군,건설업,2021,1042.7617299254193,1242.45,213_DT_2020Y34GRDP2,충청남도 경제활동별 지역내총부가가치 및 요소소득,2025-06-12,199.6882700745807,16.072137315351178
경북,경상북도,예천군,부동산업,2022,1002.762975111513,1194.74,216_DT_GRDP202037_02,경상북도 경제활동별 지역내총부가가치 및 요소소득,2025-09-09,191.977024888487,16.068519082686358
울산,울산광역시,남구,운수 및 창고업,2022,10562.012763998131,9100.75,207_DT_GRDP_2020_02,울산광역시 경제활동별 지역내총부가가치 및 요소소득,2025-07-31,1461.262763998131,16.056509232735007
경기도,경기도,연천군,문화 및 기타서비스업,2021,1129.6652712896448,973.51,210_DT_GRDP008_2020,경기도 경제활동별 지역내총부가가치 및 요소소득,2026-05-13,156.15527128964482,16.040438340607167
전남,전라남도,영광군,부동산업,2023,919.2692772093706,1094.62,215_DT_2020Y36GRDP2,전라남도 경제활동별 지역내총부가가치 및 요소소득,2026-06-24,175.35072279062933,16.019323855824794
경남,경상남도,함양군,교육 서비스업,2021,759.246286610372,654.46,217_DT_2020Y38GRDP2,경상남도 경제활동별 지역내총부가가치 및 요소소득,2025-10-28,104.78628661037192,16.011106348802358
충북,충청북도,옥천군,"광업, 제조업",2023,5642.915521432625,4864.84,212_DT_2020Y33GRDP2,충청북도 경제활동별 지역내총부가가치 및 요소소득,2026-02-19,778.0755214326246,15.993856353603089
경북,경상북도,영천시,문화 및 기타서비스업,2023,1866.2041551848915,1608.95,216_DT_GRDP202037_02,경상북도 경제활동별 지역내총부가가치 및 요소소득,2026-06-22,257.2541551848915,15.988946529406848
전남,전라남도,나주시,숙박 및 음식점업,2022,996.8474241354946,859.59,215_DT_2020Y36GRDP2,전라남도 경제활동별 지역내총부가가치 및 요소소득,2025-05-20,137.2574241354946,15.967778142544073
강원,강원특별자치도,양양군,건설업,2021,1010.482509668647,1202.46,211_DT_2020Y32GRDP2,강원특별자치도 경제활동별 지역내총부가가치 및 요소소득,2025-03-19,191.977490331353,15.965395134254196
전북,전북특별자치도,남원시,문화 및 기타서비스업,2023,799.2433228976174,950.96,214_DT_2020Y35GRDP2,전북특별자치도 경제활동별 지역내총부가가치 및 요소소득,2026-06-24,151.71667710238262,15.95405454513151
대전,대전광역시,중구,사업서비스업,2022,5991.921600298519,5167.7,206_DT_2020Y25GRDP2,대전광역시 경제활동별 지역내총부가가치 및 요소소득,2025-04-10,824.2216002985188,15.94948623756253
전북,전북특별자치도,무주군,"광업, 제조업",2023,443.2019710763676,382.33,214_DT_2020Y35GRDP2,전북특별자치도 경제활동별 지역내총부가가치 및 요소소득,2026-06-24,60.87197107636763,15.921316945143626
인천,인천광역시,옹진군,문화 및 기타서비스업,2021,271.4138930827508,322.71,204_DT_2020Y23GRDP2,인천광역시 경제활동별 지역내총부가가치 및 요소소득,2025-03-25,51.296106917249176,15.895419081295644
서울,서울특별시,중랑구,사업서비스업,2021,2848.556035602792,3386.44,201_DT_201012_D040031,서울특별시 경제활동별 지역내총부가가치 및 요소소득,2025-10-29,537.8839643972083,15.883463590000362
전남,전라남도,고흥군,건설업,2022,1677.3644404183256,1447.64,215_DT_2020Y36GRDP2,전라남도 경제활동별 지역내총부가가치 및 요소소득,2025-05-20,229.72444041832546,15.868892847553633
경북,경상북도,청도군,운수 및 창고업,2021,429.8298273947332,510.89,216_DT_GRDP202037_02,경상북도 경제활동별 지역내총부가가치 및 요소소득,2025-09-09,81.06017260526681,15.866462957831788
세종,세종특별자치시,세종시,보건 및 사회복지업,2021,3908.3217565766577,4645.35,pseudo_sejong_one_tier_from_quarterly_grdp,세종 단층 시군구 annual GVA benchmark from official quarterly GRDP/GVA,quarterly_grdp_xlsx_derived,737.0282434233427,15.865935686726354
충북,충청북도,보은군,건설업,2021,1056.1662305511325,911.55,212_DT_2020Y33GRDP2,충청북도 경제활동별 지역내총부가가치 및 요소소득,2025-03-17,144.6162305511325,15.864870884880974
전남,전라남도,영암군,운수 및 창고업,2021,704.1692413457952,836.87,215_DT_2020Y36GRDP2,전라남도 경제활동별 지역내총부가가치 및 요소소득,2025-05-20,132.70075865420483,15.856794801367577
전북,전북특별자치도,남원시,건설업,2021,1466.2552434438132,1742.55,214_DT_2020Y35GRDP2,전북특별자치도 경제활동별 지역내총부가가치 및 요소소득,2025-07-31,276.2947565561867,15.85577209010856
경기도,경기도,시흥시,건설업,2021,12488.293151695165,10779.25,210_DT_GRDP008_2020,경기도 경제활동별 지역내총부가가치 및 요소소득,2026-05-13,1709.0431516951649,15.854935655960894
서울,서울특별시,종로구,정보통신업,2023,34856.41317703286,30086.85,201_DT_201012_D040031,서울특별시 경제활동별 지역내총부가가치 및 요소소득,2026-06-19,4769.563177032862,15.852650500244666
경북,경상북도,울진군,"광업, 제조업",2021,418.5120253349184,361.25,216_DT_GRDP202037_02,경상북도 경제활동별 지역내총부가가치 및 요소소득,2025-09-09,57.262025334918405,15.851079677486062
대전,대전광역시,서구,정보통신업,2023,9230.424833735826,7967.52,206_DT_2020Y25GRDP2,대전광역시 경제활동별 지역내총부가가치 및 요소소득,2026-06-22,1262.9048337358254,15.850664118016965
경북,경상북도,김천시,문화 및 기타서비스업,2021,1737.3767579000653,1499.93,216_DT_GRDP202037_02,경상북도 경제활동별 지역내총부가가치 및 요소소득,2025-09-09,237.44675790006522,15.830522617726508
경북,경상북도,김천시,부동산업,2021,2916.6498033932394,2518.57,216_DT_GRDP202037_02,경상북도 경제활동별 지역내총부가가치 및 요소소득,2025-09-09,398.0798033932392,15.80578675173766
경기도,경기도,과천시,금융 및 보험업,2021,2001.8793517129525,1728.91,210_DT_GRDP008_2020,경기도 경제활동별 지역내총부가가치 및 요소소득,2026-05-13,272.9693517129524,15.78852292559777
전남,전라남도,고흥군,사업서비스업,2022,333.69509549190525,288.21,215_DT_2020Y36GRDP2,전라남도 경제활동별 지역내총부가가치 및 요소소득,2025-12-08,45.48509549190527,15.781928278652813
경남,경상남도,함양군,운수 및 창고업,2021,532.5920835237448,632.23,217_DT_2020Y38GRDP2,경상남도 경제활동별 지역내총부가가치 및 요소소득,2025-10-28,99.63791647625521,15.759757758451071
전남,전라남도,나주시,부동산업,2022,3329.3161961877277,3951.97,215_DT_2020Y36GRDP2,전라남도 경제활동별 지역내총부가가치 및 요소소득,2025-05-20,622.6538038122721,15.755529617185154
경남,경상남도,밀양시,건설업,2021,3251.971276799842,2809.55,217_DT_2020Y38GRDP2,경상남도 경제활동별 지역내총부가가치 및 요소소득,2025-10-28,442.42127679984196,15.747051193245962
경북,경상북도,군위군,"광업, 제조업",2023,1615.376715725182,1395.66,216_DT_GRDP202037_02,경상북도 경제활동별 지역내총부가가치 및 요소소득,2026-06-22,219.71671572518198,15.742853970535945
충남,충청남도,청양군,도매 및 소매업,2021,290.1379732026466,344.34,213_DT_2020Y34GRDP2,충청남도 경제활동별 지역내총부가가치 및 요소소득,2025-06-12,54.20202679735337,15.740845326524184
충북,충청북도,제천시,건설업,2022,2176.8673919692337,1881.03,212_DT_2020Y33GRDP2,충청북도 경제활동별 지역내총부가가치 및 요소소득,2025-03-17,295.83739196923375,15.727414872130364
부산,부산광역시,동구,금융 및 보험업,2022,5239.430162849762,4528.0,202_DT_F10108,부산광역시 경제활동별 지역내총부가가치 및 요소소득,2025-03-31,711.4301628497624,15.711796882724435
전남,전라남도,강진군,"광업, 제조업",2021,914.635910551944,790.51,215_DT_2020Y36GRDP2,전라남도 경제활동별 지역내총부가가치 및 요소소득,2025-05-20,124.125910551944,15.702003839539538
전남,전라남도,진도군,건설업,2021,753.3920726678375,651.2,215_DT_2020Y36GRDP2,전라남도 경제활동별 지역내총부가가치 및 요소소득,2025-05-20,102.19207266783746,15.692885851940641
서울,서울특별시,용산구,사업서비스업,2021,23527.38672528846,27903.12,201_DT_201012_D040031,서울특별시 경제활동별 지역내총부가가치 및 요소소득,2025-10-29,4375.73327471154,15.681878136608162
서울,서울특별시,동대문구,건설업,2021,4865.074795848434,5769.69,201_DT_201012_D040031,서울특별시 경제활동별 지역내총부가가치 및 요소소득,2025-10-29,904.6152041515652,15.678748843552517
강원,강원특별자치도,동해시,정보통신업,2022,1092.3327307329446,1295.34,211_DT_2020Y32GRDP2,강원특별자치도 경제활동별 지역내총부가가치 및 요소소득,2025-03-19,203.00726926705534,15.672122320553317
전남,전라남도,완도군,"광업, 제조업",2021,826.6424395592518,714.6700000000001,215_DT_2020Y36GRDP2,전라남도 경제활동별 지역내총부가가치 및 요소소득,2025-05-20,111.97243955925171,15.667712309072957
경남,경상남도,남해군,보건 및 사회복지업,2021,946.8100998229771,1122.71,217_DT_2020Y38GRDP2,경상남도 경제활동별 지역내총부가가치 및 요소소득,2025-10-28,175.89990017702291,15.66743862413472
충남,충청남도,청양군,"광업, 제조업",2021,3671.991821523334,3174.71,213_DT_2020Y34GRDP2,충청남도 경제활동별 지역내총부가가치 및 요소소득,2025-06-12,497.28182152333375,15.663850289422774
경기도,경기도,이천시,문화 및 기타서비스업,2021,3265.961627176211,3872.17,210_DT_GRDP008_2020,경기도 경제활동별 지역내총부가가치 및 요소소득,2026-05-13,606.208372823789,15.655520620835063
부산,부산광역시,영도구,운수 및 창고업,2021,1450.4677925729416,1254.32,202_DT_F10108,부산광역시 경제활동별 지역내총부가가치 및 요소소득,2025-03-31,196.14779257294163,15.637779240779198
전북,전북특별자치도,남원시,"광업, 제조업",2023,1892.7660715408024,1636.84,214_DT_2020Y35GRDP2,전북특별자치도 경제활동별 지역내총부가가치 및 요소소득,2026-06-24,255.92607154080247,15.635374962782098
전남,전라남도,신안군,건설업,2023,1545.588977842364,1336.64,215_DT_2020Y36GRDP2,전라남도 경제활동별 지역내총부가가치 및 요소소득,2026-06-24,208.948977842364,15.63240497384217
충남,충청남도,아산시,금융 및 보험업,2021,3765.0597443308425,4462.68,213_DT_2020Y34GRDP2,충청남도 경제활동별 지역내총부가가치 및 요소소득,2025-06-12,697.6202556691578,15.632316358536972
충남,충청남도,청양군,운수 및 창고업,2022,777.9059293043447,672.76,213_DT_2020Y34GRDP2,충청남도 경제활동별 지역내총부가가치 및 요소소득,2025-06-12,105.14592930434469,15.629039970322953
서울,서울특별시,강북구,금융 및 보험업,2023,2105.848652315466,1821.49,201_DT_201012_D040031,서울특별시 경제활동별 지역내총부가가치 및 요소소득,2026-06-19,284.3586523154661,15.611321078648036
전북,전북특별자치도,임실군,숙박 및 음식점업,2023,136.15578745190916,161.33,214_DT_2020Y35GRDP2,전북특별자치도 경제활동별 지역내총부가가치 및 요소소득,2026-06-24,25.17421254809085,15.604173153220632
충남,충청남도,태안군,교육 서비스업,2022,1081.1733594198513,1281.05,213_DT_2020Y34GRDP2,충청남도 경제활동별 지역내총부가가치 및 요소소득,2025-06-12,199.87664058014866,15.602563567397734
인천,인천광역시,부평구,건설업,2022,8683.302350669872,7511.84,204_DT_2020Y23GRDP2,인천광역시 경제활동별 지역내총부가가치 및 요소소득,2025-06-17,1171.4623506698717,15.594878893451828
부산,부산광역시,기장군,금융 및 보험업,2021,1000.6140802280148,1185.02,202_DT_F10108,부산광역시 경제활동별 지역내총부가가치 및 요소소득,2025-03-31,184.40591977198517,15.561418353444258
충남,충청남도,공주시,운수 및 창고업,2021,1151.3940390573284,1363.58,213_DT_2020Y34GRDP2,충청남도 경제활동별 지역내총부가가치 및 요소소득,2025-06-12,212.1859609426715,15.560946988271427
경북,경상북도,안동시,운수 및 창고업,2023,1546.9021361098671,1338.64,216_DT_GRDP202037_02,경상북도 경제활동별 지역내총부가가치 및 요소소득,2026-06-22,208.26213610986701,15.557740401442285
전남,전라남도,나주시,"광업, 제조업",2021,10484.138837132563,9072.86,215_DT_2020Y36GRDP2,전라남도 경제활동별 지역내총부가가치 및 요소소득,2025-05-20,1411.2788371325623,15.554950006200496
충북,충청북도,옥천군,금융 및 보험업,2021,577.7667738883265,684.03,212_DT_2020Y33GRDP2,충청북도 경제활동별 지역내총부가가치 및 요소소득,2025-03-17,106.26322611167348,15.53487801875261
전남,전라남도,영광군,"광업, 제조업",2021,1687.432393817628,1460.54,215_DT_2020Y36GRDP2,전라남도 경제활동별 지역내총부가가치 및 요소소득,2025-05-20,226.8923938176281,15.534829160285108
서울,서울특별시,구로구,정보통신업,2023,34020.05444135333,29449.62,201_DT_201012_D040031,서울특별시 경제활동별 지역내총부가가치 및 요소소득,2026-06-19,4570.434441353329,15.519502259632992
충북,충청북도,충주시,사업서비스업,2021,3126.0596634599333,2706.22,212_DT_2020Y33GRDP2,충청북도 경제활동별 지역내총부가가치 및 요소소득,2025-03-17,419.8396634599335,15.513877787464933
경기도,경기도,평택시,건설업,2023,59656.465561093224,51645.1,210_DT_GRDP008_2020,경기도 경제활동별 지역내총부가가치 및 요소소득,2026-05-13,8011.365561093226,15.512343980538764
충남,충청남도,논산시,숙박 및 음식점업,2022,802.2556688024198,694.54,213_DT_2020Y34GRDP2,충청남도 경제활동별 지역내총부가가치 및 요소소득,2025-06-12,107.71566880241983,15.508922279842748
전북,전북특별자치도,부안군,문화 및 기타서비스업,2021,400.6833058655601,474.04,214_DT_2020Y35GRDP2,전북특별자치도 경제활동별 지역내총부가가치 및 요소소득,2025-07-31,73.35669413443992,15.474789919508886
대전,대전광역시,동구,정보통신업,2023,622.0807931900464,538.72,206_DT_2020Y25GRDP2,대전광역시 경제활동별 지역내총부가가치 및 요소소득,2026-06-22,83.36079319004637,15.473862709765065
충북,충청북도,보은군,문화 및 기타서비스업,2021,411.9710362915389,356.77,212_DT_2020Y33GRDP2,충청북도 경제활동별 지역내총부가가치 및 요소소득,2025-03-17,55.20103629153891,15.4724433925327
전남,전라남도,여수시,정보통신업,2022,1313.987852473193,1554.44,215_DT_2020Y36GRDP2,전라남도 경제활동별 지역내총부가가치 및 요소소득,2025-05-20,240.45214752680704,15.468731345488216
서울,서울특별시,관악구,사업서비스업,2023,5868.119553874943,5082.61,201_DT_201012_D040031,서울특별시 경제활동별 지역내총부가가치 및 요소소득,2026-06-19,785.5095538749438,15.454846110068326
부산,부산광역시,해운대구,운수 및 창고업,2021,2584.178608140597,3056.47,202_DT_F10108,부산광역시 경제활동별 지역내총부가가치 및 요소소득,2025-03-31,472.29139185940267,15.452184770647273
강원,강원특별자치도,인제군,"광업, 제조업",2021,456.2159073273099,395.24,211_DT_2020Y32GRDP2,강원특별자치도 경제활동별 지역내총부가가치 및 요소소득,2025-03-19,60.97590732730987,15.42756485358513
충남,충청남도,아산시,도매 및 소매업,2021,5413.171714343742,6399.99,213_DT_2020Y34GRDP2,충청남도 경제활동별 지역내총부가가치 및 요소소득,2025-06-12,986.818285656258,15.419059805659979
경기도,경기도,연천군,"광업, 제조업",2022,2333.5046452216084,2021.86,210_DT_GRDP008_2020,경기도 경제활동별 지역내총부가가치 및 요소소득,2026-05-13,311.64464522160847,15.4137598657478
부산,부산광역시,금정구,건설업,2022,1678.748021177777,1454.63,202_DT_F10108,부산광역시 경제활동별 지역내총부가가치 및 요소소득,2025-03-31,224.11802117777688,15.407218411401995
전남,전라남도,영광군,문화 및 기타서비스업,2021,348.39455462756985,411.82,215_DT_2020Y36GRDP2,전라남도 경제활동별 지역내총부가가치 및 요소소득,2025-05-20,63.42544537243015,15.401254279158405
전남,전라남도,무안군,정보통신업,2021,437.56556674045646,379.17,215_DT_2020Y36GRDP2,전라남도 경제활동별 지역내총부가가치 및 요소소득,2025-05-20,58.395566740456445,15.400893198421933
인천,인천광역시,중구,"광업, 제조업",2022,21258.89571914316,25128.93,204_DT_2020Y23GRDP2,인천광역시 경제활동별 지역내총부가가치 및 요소소득,2025-06-17,3870.034280856842,15.400712568568744
전북,전북특별자치도,익산시,부동산업,2022,5309.874774617323,6276.3,214_DT_2020Y35GRDP2,전북특별자치도 경제활동별 지역내총부가가치 및 요소소득,2025-07-31,966.4252253826771,15.398008785154902
경북,경상북도,포항시,"광업, 제조업",2022,64582.9063856977,55966.35,216_DT_GRDP202037_02,경상북도 경제활동별 지역내총부가가치 및 요소소득,2025-09-09,8616.556385697702,15.395959153487235
충북,충청북도,보은군,금융 및 보험업,2022,270.3983409370793,319.6,212_DT_2020Y33GRDP2,충청북도 경제활동별 지역내총부가가치 및 요소소득,2025-03-17,49.201659062920726,15.394761909549661
대구,대구광역시,서구,건설업,2022,2997.1086014721295,3541.27,203_DT_2020Y22GRDP2,대구광역시 경제활동별 지역내총부가가치 및 요소소득,2025-09-05,544.1613985278705,15.36627815805828
대전,대전광역시,동구,사업서비스업,2023,3982.681746738193,3452.47,206_DT_2020Y25GRDP2,대전광역시 경제활동별 지역내총부가가치 및 요소소득,2026-06-22,530.2117467381931,15.35746137513702
경기도,경기도,오산시,운수 및 창고업,2023,2873.112132794942,3392.7,210_DT_GRDP008_2020,경기도 경제활동별 지역내총부가가치 및 요소소득,2026-05-13,519.5878672050576,15.314878038289786
경남,경상남도,거창군,운수 및 창고업,2021,530.0643249308638,625.9,217_DT_2020Y38GRDP2,경상남도 경제활동별 지역내총부가가치 및 요소소득,2025-10-28,95.83567506913619,15.311659221782422
경북,경상북도,포항시,건설업,2022,13505.232784303045,15943.5,216_DT_GRDP202037_02,경상북도 경제활동별 지역내총부가가치 및 요소소득,2025-09-09,2438.2672156969547,15.293174119214441
경남,경상남도,사천시,금융 및 보험업,2021,1622.5657821885445,1407.51,217_DT_2020Y38GRDP2,경상남도 경제활동별 지역내총부가가치 및 요소소득,2025-10-28,215.05578218854453,15.279165490017444
경기도,경기도,양주시,건설업,2023,12458.217877986039,10807.51,210_DT_GRDP008_2020,경기도 경제활동별 지역내총부가가치 및 요소소득,2026-05-13,1650.7078779860385,15.273711317278805
경북,경상북도,포항시,숙박 및 음식점업,2023,4787.606221526773,5649.62,216_DT_GRDP202037_02,경상북도 경제활동별 지역내총부가가치 및 요소소득,2026-06-22,862.0137784732269,15.257907230454915
경남,경상남도,고성군,문화 및 기타서비스업,2021,568.2251796239541,670.43,217_DT_2020Y38GRDP2,경상남도 경제활동별 지역내총부가가치 및 요소소득,2025-10-28,102.20482037604586,15.244666911690388
대구,대구광역시,북구,건설업,2021,5346.73004333178,4639.5,203_DT_2020Y22GRDP2,대구광역시 경제활동별 지역내총부가가치 및 요소소득,2025-09-05,707.2300433317796,15.243669432735846
부산,부산광역시,중구,숙박 및 음식점업,2022,1236.9858050881137,1459.36,202_DT_F10108,부산광역시 경제활동별 지역내총부가가치 및 요소소득,2025-03-31,222.3741949118862,15.237788819200624
전북,전북특별자치도,익산시,금융 및 보험업,2021,3958.559625035543,3435.15,214_DT_2020Y35GRDP2,전북특별자치도 경제활동별 지역내총부가가치 및 요소소득,2025-07-31,523.4096250355428,15.236878303292222
경기도,경기도,고양시,정보통신업,2022,11055.362579745972,9594.45,210_DT_GRDP008_2020,경기도 경제활동별 지역내총부가가치 및 요소소득,2026-05-13,1460.912579745971,15.22664227491905
경남,경상남도,창녕군,운수 및 창고업,2022,915.9882641390308,795.03,217_DT_2020Y38GRDP2,경상남도 경제활동별 지역내총부가가치 및 요소소득,2025-10-28,120.9582641390308,15.214301867732136
서울,서울특별시,서대문구,금융 및 보험업,2023,6183.102685733267,5368.09,201_DT_201012_D040031,서울특별시 경제활동별 지역내총부가가치 및 요소소득,2026-06-19,815.0126857332671,15.182545108842568
인천,인천광역시,동구,문화 및 기타서비스업,2021,982.1674188391473,852.74,204_DT_2020Y23GRDP2,인천광역시 경제활동별 지역내총부가가치 및 요소소득,2025-03-25,129.42741883914732,15.177828979424831
전남,전라남도,담양군,도매 및 소매업,2023,815.2139812112027,960.96,215_DT_2020Y36GRDP2,전라남도 경제활동별 지역내총부가가치 및 요소소득,2026-06-24,145.7460187887973,15.166710246919465
경기도,경기도,연천군,건설업,2022,1200.56433227798,1415.14,210_DT_GRDP008_2020,경기도 경제활동별 지역내총부가가치 및 요소소득,2026-05-13,214.57566772202017,15.162857930806856
경북,경상북도,고령군,건설업,2023,673.4523832296068,793.77,216_DT_GRDP202037_02,경상북도 경제활동별 지역내총부가가치 및 요소소득,2026-06-22,120.31761677039322,15.157743020067931
대전,대전광역시,동구,정보통신업,2021,598.245166822398,519.6,206_DT_2020Y25GRDP2,대전광역시 경제활동별 지역내총부가가치 및 요소소득,2025-04-10,78.64516682239798,15.13571339922979
전남,전라남도,진도군,도매 및 소매업,2021,548.6079220431361,476.53,215_DT_2020Y36GRDP2,전라남도 경제활동별 지역내총부가가치 및 요소소득,2025-05-20,72.07792204313614,15.125579091166589
경북,경상북도,군위군,정보통신업,2021,5.825044565088719,5.06,216_DT_GRDP202037_02,경상북도 경제활동별 지역내총부가가치 및 요소소득,2025-09-09,0.7650445650887194,15.11945780807746
경기도,경기도,시흥시,문화 및 기타서비스업,2021,4875.697808393539,4235.47,210_DT_GRDP008_2020,경기도 경제활동별 지역내총부가가치 및 요소소득,2026-05-13,640.2278083935389,15.115862192236962
서울,서울특별시,관악구,정보통신업,2021,4849.960466533072,5713.43,201_DT_201012_D040031,서울특별시 경제활동별 지역내총부가가치 및 요소소득,2025-10-29,863.4695334669286,15.112980004426912
전북,전북특별자치도,남원시,"광업, 제조업",2022,2147.0774589705493,1865.34,214_DT_2020Y35GRDP2,전북특별자치도 경제활동별 지역내총부가가치 및 요소소득,2025-07-31,281.73745897054937,15.10381265455892
강원,강원특별자치도,영월군,정보통신업,2021,120.74422900930153,104.91,211_DT_2020Y32GRDP2,강원특별자치도 경제활동별 지역내총부가가치 및 요소소득,2025-03-19,15.834229009301538,15.093155094177426
부산,부산광역시,해운대구,정보통신업,2022,8452.314250108171,7344.46,202_DT_F10108,부산광역시 경제활동별 지역내총부가가치 및 요소소득,2025-03-31,1107.854250108171,15.084216540197252
경남,경상남도,김해시,사업서비스업,2021,4705.2644500083725,5540.9,217_DT_2020Y38GRDP2,경상남도 경제활동별 지역내총부가가치 및 요소소득,2025-10-28,835.6355499916272,15.08122416920766
경북,경상북도,영주시,운수 및 창고업,2021,1094.8188105508718,951.43,216_DT_GRDP202037_02,경상북도 경제활동별 지역내총부가가치 및 요소소득,2025-09-09,143.38881055087188,15.070873374906393
서울,서울특별시,영등포구,운수 및 창고업,2023,13146.275973575346,11424.96,201_DT_201012_D040031,서울특별시 경제활동별 지역내총부가가치 및 요소소득,2026-06-19,1721.315973575347,15.066275711909253
인천,인천광역시,옹진군,도매 및 소매업,2023,143.1700028462231,168.55,204_DT_2020Y23GRDP2,인천광역시 경제활동별 지역내총부가가치 및 요소소득,2026-06-01,25.379997153776912,15.05784464774661
대구,대구광역시,서구,금융 및 보험업,2022,1599.0897630523657,1389.92,203_DT_2020Y22GRDP2,대구광역시 경제활동별 지역내총부가가치 및 요소소득,2025-09-05,209.16976305236562,15.049050524660815
충북,충청북도,보은군,금융 및 보험업,2023,321.54508328755924,279.49,212_DT_2020Y33GRDP2,충청북도 경제활동별 지역내총부가가치 및 요소소득,2026-02-19,42.05508328755923,15.047079783734382
전북,전북특별자치도,정읍시,금융 및 보험업,2022,1144.2411252617787,994.61,214_DT_2020Y35GRDP2,전북특별자치도 경제활동별 지역내총부가가치 및 요소소득,2025-07-31,149.63112526177872,15.044200768319113
전북,전북특별자치도,정읍시,교육 서비스업,2022,1476.1332650543275,1737.44,214_DT_2020Y35GRDP2,전북특별자치도 경제활동별 지역내총부가가치 및 요소소득,2025-07-31,261.3067349456726,15.039755902113027
경남,경상남도,함안군,운수 및 창고업,2021,1789.6752570807894,1555.84,217_DT_2020Y38GRDP2,경상남도 경제활동별 지역내총부가가치 및 요소소득,2025-10-28,233.83525708078946,15.02951827185247
전남,전라남도,곡성군,건설업,2021,495.03017935767735,582.47,215_DT_2020Y36GRDP2,전라남도 경제활동별 지역내총부가가치 및 요소소득,2025-05-20,87.43982064232267,15.011901152389424
충남,충청남도,공주시,도매 및 소매업,2021,1912.5558213259224,2250.38,213_DT_2020Y34GRDP2,충청남도 경제활동별 지역내총부가가치 및 요소소득,2025-06-12,337.82417867407776,15.011872602586129
전북,전북특별자치도,임실군,도매 및 소매업,2023,245.44534469840272,288.79,214_DT_2020Y35GRDP2,전북특별자치도 경제활동별 지역내총부가가치 및 요소소득,2026-06-24,43.3446553015973,15.009056858477543
대전,대전광역시,중구,건설업,2022,2596.385236842358,3054.75,206_DT_2020Y25GRDP2,대전광역시 경제활동별 지역내총부가가치 및 요소소득,2025-04-10,458.36476315764185,15.004984471974526
충북,충청북도,증평군,교육 서비스업,2022,206.0502104209356,179.19,212_DT_2020Y33GRDP2,충청북도 경제활동별 지역내총부가가치 및 요소소득,2025-03-17,26.8602104209356,14.989793192106479
경북,경상북도,문경시,건설업,2023,967.163800997873,1137.69,216_DT_GRDP202037_02,경상북도 경제활동별 지역내총부가가치 및 요소소득,2026-06-22,170.5261990021271,14.988810572486976
부산,부산광역시,기장군,부동산업,2021,4038.8050143114474,4750.16,202_DT_F10108,부산광역시 경제활동별 지역내총부가가치 및 요소소득,2025-03-31,711.3549856885525,14.975390001358955
전북,전북특별자치도,군산시,금융 및 보험업,2021,3880.9397622636197,4563.34,214_DT_2020Y35GRDP2,전북특별자치도 경제활동별 지역내총부가가치 및 요소소득,2025-07-31,682.4002377363804,14.9539643711926
전남,전라남도,영암군,건설업,2023,1704.5244163517239,1483.15,215_DT_2020Y36GRDP2,전라남도 경제활동별 지역내총부가가치 및 요소소득,2026-06-24,221.37441635172377,14.925962738207446
경기도,경기도,안양시,숙박 및 음식점업,2023,4779.639974150876,4159.08,210_DT_GRDP008_2020,경기도 경제활동별 지역내총부가가치 및 요소소득,2026-05-13,620.5599741508759,14.920606820519824
광주,광주광역시,서구,건설업,2022,3455.420857357054,4061.175124975749,205_DT_2020Y24GRDP2,광주광역시 경제활동별 지역내총부가가치 및 요소소득,2025-07-23,605.7542676186949,14.91573864651582
전남,전라남도,강진군,숙박 및 음식점업,2023,201.33507136534664,175.22,215_DT_2020Y36GRDP2,전라남도 경제활동별 지역내총부가가치 및 요소소득,2026-06-24,26.115071365346637,14.904161263181507
전북,전북특별자치도,익산시,교육 서비스업,2023,5716.005780317559,4974.73,214_DT_2020Y35GRDP2,전북특별자치도 경제활동별 지역내총부가가치 및 요소소득,2026-06-24,741.2757803175591,14.900824372730966
경기도,경기도,군포시,정보통신업,2021,2851.566572750884,2481.97,210_DT_GRDP008_2020,경기도 경제활동별 지역내총부가가치 및 요소소득,2026-05-13,369.5965727508842,14.89125866754571
경기도,경기도,안성시,"공공 행정, 국방·사회보장",2023,2533.1031427289554,2976.06,210_DT_GRDP008_2020,경기도 경제활동별 지역내총부가가치 및 요소소득,2026-05-13,442.95685727104456,14.884002918995066
전북,전북특별자치도,임실군,건설업,2022,712.6955780620219,620.43,214_DT_2020Y35GRDP2,전북특별자치도 경제활동별 지역내총부가가치 및 요소소득,2025-07-31,92.26557806202197,14.87123093048724
경기도,경기도,포천시,운수 및 창고업,2021,2320.8925947031425,2020.5,210_DT_GRDP008_2020,경기도 경제활동별 지역내총부가가치 및 요소소득,2026-05-13,300.39259470314255,14.867240519828881
경북,경상북도,영덕군,사업서비스업,2023,206.9875849428194,243.13,216_DT_GRDP202037_02,경상북도 경제활동별 지역내총부가가치 및 요소소득,2026-06-22,36.142415057180585,14.865469114128485
전남,전라남도,구례군,금융 및 보험업,2021,201.38890265332543,236.53,215_DT_2020Y36GRDP2,전라남도 경제활동별 지역내총부가가치 및 요소소득,2025-05-20,35.14109734667457,14.856930345695924
전북,전북특별자치도,김제시,문화 및 기타서비스업,2022,1211.6953387228295,1055.03,214_DT_2020Y35GRDP2,전북특별자치도 경제활동별 지역내총부가가치 및 요소소득,2025-07-31,156.66533872282957,14.849372882555906
전북,전북특별자치도,장수군,"광업, 제조업",2023,349.9913546033718,304.75,214_DT_2020Y35GRDP2,전북특별자치도 경제활동별 지역내총부가가치 및 요소소득,2026-06-24,45.2413546033718,14.845399377644563
경북,경상북도,청송군,"광업, 제조업",2021,301.5458734889935,262.6,216_DT_GRDP202037_02,경상북도 경제활동별 지역내총부가가치 및 요소소득,2025-09-09,38.94587348899347,14.830873377377557
경기도,경기도,용인시,사업서비스업,2022,29564.78215610244,34705.65,210_DT_GRDP008_2020,경기도 경제활동별 지역내총부가가치 및 요소소득,2026-05-13,5140.867843897562,14.812769228922559
부산,부산광역시,동구,숙박 및 음식점업,2022,1065.7250298949853,1251.03,202_DT_F10108,부산광역시 경제활동별 지역내총부가가치 및 요소소득,2025-03-31,185.30497010501472,14.812192361894978
전북,전북특별자치도,무주군,문화 및 기타서비스업,2022,388.4471225850304,455.92,214_DT_2020Y35GRDP2,전북특별자치도 경제활동별 지역내총부가가치 및 요소소득,2025-07-31,67.47287741496962,14.799280008547466
부산,부산광역시,북구,문화 및 기타서비스업,2021,1845.2638063373392,1607.4,202_DT_F10108,부산광역시 경제활동별 지역내총부가가치 및 요소소득,2025-03-31,237.86380633733916,14.7980469290369
경기도,경기도,안양시,정보통신업,2023,11920.290895838227,13990.45,210_DT_GRDP008_2020,경기도 경제활동별 지역내총부가가치 및 요소소득,2026-05-13,2070.159104161774,14.796944373924884
충북,충청북도,증평군,금융 및 보험업,2022,184.98451849973594,217.1,212_DT_2020Y33GRDP2,충청북도 경제활동별 지역내총부가가치 및 요소소득,2025-03-17,32.11548150026405,14.792944035128535
경남,경상남도,밀양시,문화 및 기타서비스업,2021,1261.8914884579358,1099.53,217_DT_2020Y38GRDP2,경상남도 경제활동별 지역내총부가가치 및 요소소득,2025-10-28,162.36148845793582,14.7664446134199
대전,대전광역시,유성구,금융 및 보험업,2023,2682.7383605666755,3147.12,206_DT_2020Y25GRDP2,대전광역시 경제활동별 지역내총부가가치 및 요소소득,2026-06-22,464.3816394333244,14.755765253098845
부산,부산광역시,수영구,건설업,2021,3069.4729432809418,2675.32,202_DT_F10108,부산광역시 경제활동별 지역내총부가가치 및 요소소득,2025-03-31,394.1529432809416,14.732927024839704
울산,울산광역시,동구,도매 및 소매업,2021,1366.2316510396727,1190.93,207_DT_GRDP_2020_02,울산광역시 경제활동별 지역내총부가가치 및 요소소득,2025-07-31,175.3016510396726,14.719727527199131
충남,충청남도,청양군,"광업, 제조업",2022,3251.5781368151775,2834.57,213_DT_2020Y34GRDP2,충청남도 경제활동별 지역내총부가가치 및 요소소득,2025-06-12,417.0081368151773,14.711513097760056
서울,서울특별시,강서구,운수 및 창고업,2022,15982.39297138396,18734.98,201_DT_201012_D040031,서울특별시 경제활동별 지역내총부가가치 및 요소소득,2025-10-29,2752.587028616039,14.692233611223704
경기도,경기도,남양주시,정보통신업,2023,1921.8475993628253,1675.82,210_DT_GRDP008_2020,경기도 경제활동별 지역내총부가가치 및 요소소득,2026-05-13,246.0275993628254,14.681027757326289
대전,대전광역시,동구,숙박 및 음식점업,2021,1369.462217071434,1605.04,206_DT_2020Y25GRDP2,대전광역시 경제활동별 지역내총부가가치 및 요소소득,2025-04-10,235.57778292856597,14.677377693301475
경기도,경기도,군포시,정보통신업,2023,2986.750036167808,2604.86,210_DT_GRDP008_2020,경기도 경제활동별 지역내총부가가치 및 요소소득,2026-05-13,381.8900361678079,14.660674130963198
광주,광주광역시,남구,"광업, 제조업",2023,518.9713349261496,608.120023102217,205_DT_2020Y24GRDP2,광주광역시 경제활동별 지역내총부가가치 및 요소소득,2026-06-25,89.14868817606748,14.659719264182616
경남,경상남도,산청군,운수 및 창고업,2021,405.79394744137284,475.4,217_DT_2020Y38GRDP2,경상남도 경제활동별 지역내총부가가치 및 요소소득,2025-10-28,69.60605255862714,14.641576053560613
경기도,경기도,이천시,문화 및 기타서비스업,2022,4094.216600413951,3571.63,210_DT_GRDP008_2020,경기도 경제활동별 지역내총부가가치 및 요소소득,2026-05-13,522.5866004139507,14.631599589373778
인천,인천광역시,서구,문화 및 기타서비스업,2021,7949.643521301353,6936.21,204_DT_2020Y23GRDP2,인천광역시 경제활동별 지역내총부가가치 및 요소소득,2025-03-25,1013.4335213013528,14.610767570493868
경북,경상북도,예천군,정보통신업,2021,1256.3552111227118,1096.33,216_DT_GRDP202037_02,경상북도 경제활동별 지역내총부가가치 및 요소소득,2025-09-09,160.02521112271188,14.596445515739958
경북,경상북도,경산시,건설업,2023,6680.378805515012,5829.82,216_DT_GRDP202037_02,경상북도 경제활동별 지역내총부가가치 및 요소소득,2026-06-22,850.558805515012,14.589795319838556
서울,서울특별시,강북구,금융 및 보험업,2021,1811.5713756938253,2120.7,201_DT_201012_D040031,서울특별시 경제활동별 지역내총부가가치 및 요소소득,2025-10-29,309.1286243061745,14.576725812522968
전남,전라남도,광양시,사업서비스업,2021,5441.708977039619,6369.74,215_DT_2020Y36GRDP2,전라남도 경제활동별 지역내총부가가치 및 요소소득,2025-12-08,928.031022960381,14.569370538834884
부산,부산광역시,부산진구,부동산업,2021,13588.61906954514,11863.73,202_DT_F10108,부산광역시 경제활동별 지역내총부가가치 및 요소소득,2025-03-31,1724.889069545141,14.539180085395916
서울,서울특별시,영등포구,"광업, 제조업",2023,10940.121734871025,9551.93,201_DT_201012_D040031,서울특별시 경제활동별 지역내총부가가치 및 요소소득,2026-06-19,1388.191734871025,14.533102052370827
전남,전라남도,고흥군,정보통신업,2023,370.4099023343488,323.41,215_DT_2020Y36GRDP2,전라남도 경제활동별 지역내총부가가치 및 요소소득,2026-06-24,46.9999023343488,14.53260639261272
울산,울산광역시,동구,운수 및 창고업,2021,224.93725478493013,196.41,207_DT_GRDP_2020_02,울산광역시 경제활동별 지역내총부가가치 및 요소소득,2025-07-31,28.527254784930136,14.524339282587514
서울,서울특별시,동대문구,"광업, 제조업",2021,6659.808851343445,5815.94,201_DT_201012_D040031,서울특별시 경제활동별 지역내총부가가치 및 요소소득,2025-10-29,843.8688513434454,14.509586607555192
인천,인천광역시,연수구,도매 및 소매업,2021,14300.955001700226,16727.5,204_DT_2020Y23GRDP2,인천광역시 경제활동별 지역내총부가가치 및 요소소득,2025-03-25,2426.5449982997743,14.506321914809591
전남,전라남도,진도군,문화 및 기타서비스업,2021,377.9833479868453,330.1,215_DT_2020Y36GRDP2,전라남도 경제활동별 지역내총부가가치 및 요소소득,2025-05-20,47.88334798684525,14.505709780928584
부산,부산광역시,부산진구,운수 및 창고업,2022,3835.388557875547,3349.73,202_DT_F10108,부산광역시 경제활동별 지역내총부가가치 및 요소소득,2025-03-31,485.6585578755471,14.498438915242337
경북,경상북도,청도군,도매 및 소매업,2022,67.55733611444394,79.01,216_DT_GRDP202037_02,경상북도 경제활동별 지역내총부가가치 및 요소소득,2025-09-09,11.452663885556063,14.495208056646073
경기도,경기도,고양시,운수 및 창고업,2021,11438.030026163386,13376.51,210_DT_GRDP008_2020,경기도 경제활동별 지역내총부가가치 및 요소소득,2026-05-13,1938.4799738366146,14.49167214644638
경기도,경기도,수원시,운수 및 창고업,2023,12152.773424538074,10615.13,210_DT_GRDP008_2020,경기도 경제활동별 지역내총부가가치 및 요소소득,2026-05-13,1537.6434245380751,14.48539419242228
울산,울산광역시,중구,부동산업,2021,3407.177732502878,2976.19,207_DT_GRDP_2020_02,울산광역시 경제활동별 지역내총부가가치 및 요소소득,2025-07-31,430.98773250287786,14.481190129087116
전북,전북특별자치도,장수군,보건 및 사회복지업,2021,262.2900575912377,306.63,214_DT_2020Y35GRDP2,전북특별자치도 경제활동별 지역내총부가가치 및 요소소득,2025-07-31,44.33994240876228,14.460405833989592
서울,서울특별시,강남구,"광업, 제조업",2023,31659.950867594584,27663.6,201_DT_201012_D040031,서울특별시 경제활동별 지역내총부가가치 및 요소소득,2026-06-19,3996.350867594585,14.446242960404957
전남,전라남도,해남군,사업서비스업,2021,360.5428349509139,421.4,215_DT_2020Y36GRDP2,전라남도 경제활동별 지역내총부가가치 및 요소소득,2025-12-08,60.85716504908606,14.441662327737555
충북,충청북도,증평군,숙박 및 음식점업,2022,351.7970376126258,307.45,212_DT_2020Y33GRDP2,충청북도 경제활동별 지역내총부가가치 및 요소소득,2025-03-17,44.3470376126258,14.424146239266808
경남,경상남도,고성군,운수 및 창고업,2022,636.7443200529074,556.5,217_DT_2020Y38GRDP2,경상남도 경제활동별 지역내총부가가치 및 요소소득,2025-10-28,80.24432005290737,14.4194645198396
서울,서울특별시,종로구,"광업, 제조업",2023,6251.666284992873,5463.92,201_DT_201012_D040031,서울특별시 경제활동별 지역내총부가가치 및 요소소득,2026-06-19,787.7462849928734,14.417236800554791
경기도,경기도,수원시,건설업,2021,18834.6638291895,22006.85,210_DT_GRDP008_2020,경기도 경제활동별 지역내총부가가치 및 요소소득,2026-05-13,3172.186170810499,14.41453988558335
경북,경상북도,포항시,정보통신업,2022,3231.7073206406258,2825.6,216_DT_GRDP202037_02,경상북도 경제활동별 지역내총부가가치 및 요소소득,2025-09-09,406.10732064062586,14.372427825616713
강원,강원특별자치도,고성군,문화 및 기타서비스업,2021,457.23608026998176,533.87,211_DT_2020Y32GRDP2,강원특별자치도 경제활동별 지역내총부가가치 및 요소소득,2025-03-19,76.63391973001825,14.354415818461094
충남,충청남도,당진시,문화 및 기타서비스업,2021,2345.212741537243,2738.12,213_DT_2020Y34GRDP2,충청남도 경제활동별 지역내총부가가치 및 요소소득,2025-06-12,392.907258462757,14.349526626399026
충남,충청남도,홍성군,보건 및 사회복지업,2021,2333.3862508813295,2040.77,213_DT_2020Y34GRDP2,충청남도 경제활동별 지역내총부가가치 및 요소소득,2025-06-12,292.6162508813295,14.338521777629499
경기도,경기도,성남시,사업서비스업,2021,46015.48064696011,40246.04,210_DT_GRDP008_2020,경기도 경제활동별 지역내총부가가치 및 요소소득,2026-05-13,5769.440646960109,14.335424421781893
서울,서울특별시,구로구,금융 및 보험업,2021,5110.292777935727,5964.79,201_DT_201012_D040031,서울특별시 경제활동별 지역내총부가가치 및 요소소득,2025-10-29,854.497222064273,14.325688281804943
경기도,경기도,용인시,문화 및 기타서비스업,2021,12475.463185498467,14561.03,210_DT_GRDP008_2020,경기도 경제활동별 지역내총부가가치 및 요소소득,2026-05-13,2085.5668145015334,14.322934672214352
부산,부산광역시,연제구,문화 및 기타서비스업,2021,1488.6731974482593,1737.52,202_DT_F10108,부산광역시 경제활동별 지역내총부가가치 및 요소소득,2025-03-31,248.84680255174067,14.321953275458164
경기도,경기도,평택시,사업서비스업,2021,12756.377357249476,14887.39,210_DT_GRDP008_2020,경기도 경제활동별 지역내총부가가치 및 요소소득,2026-05-13,2131.012642750524,14.314212516435209
제주,제주특별자치도,제주시,건설업,2021,9813.20821432399,8584.53,218_DT_2020GRDP39_02,제주특별자치도 경제활동별 지역내총부가가치 및 요소소득,2025-08-05,1228.6782143239889,14.312702201797755
강원,강원특별자치도,양양군,문화 및 기타서비스업,2021,585.4472683253555,683.2,211_DT_2020Y32GRDP2,강원특별자치도 경제활동별 지역내총부가가치 및 요소소득,2025-03-19,97.75273167464456,14.308069624508866
충남,충청남도,태안군,"광업, 제조업",2021,753.832740303682,659.49,213_DT_2020Y34GRDP2,충청남도 경제활동별 지역내총부가가치 및 요소소득,2025-06-12,94.34274030368204,14.305408770971816
대전,대전광역시,유성구,정보통신업,2023,6493.981590335168,7577.96,206_DT_2020Y25GRDP2,대전광역시 경제활동별 지역내총부가가치 및 요소소득,2026-06-22,1083.9784096648318,14.304356445070068
전남,전라남도,보성군,운수 및 창고업,2023,520.9669881233583,455.78,215_DT_2020Y36GRDP2,전라남도 경제활동별 지역내총부가가치 및 요소소득,2026-06-24,65.18698812335833,14.302292361086124
전북,전북특별자치도,완주군,부동산업,2021,1586.9381259013296,1851.75,214_DT_2020Y35GRDP2,전북특별자치도 경제활동별 지역내총부가가치 및 요소소득,2025-07-31,264.8118740986704,14.300627735853672
경북,경상북도,김천시,교육 서비스업,2021,2330.768490041481,2039.19,216_DT_GRDP202037_02,경상북도 경제활동별 지역내총부가가치 및 요소소득,2026-06-22,291.578490041481,14.298740678479248
전남,전라남도,장성군,운수 및 창고업,2021,851.1118395477502,993.03,215_DT_2020Y36GRDP2,전라남도 경제활동별 지역내총부가가치 및 요소소득,2025-05-20,141.91816045224982,14.291427293460401
부산,부산광역시,영도구,건설업,2021,1889.2855131905828,1653.11,202_DT_F10108,부산광역시 경제활동별 지역내총부가가치 및 요소소득,2025-03-31,236.17551319058293,14.286739127498047
대전,대전광역시,동구,도매 및 소매업,2022,5288.266363063728,4627.43,206_DT_2020Y25GRDP2,대전광역시 경제활동별 지역내총부가가치 및 요소소득,2025-04-10,660.8363630637277,14.280850559894533
부산,부산광역시,동래구,건설업,2022,4007.5972149644313,3506.87,202_DT_F10108,부산광역시 경제활동별 지역내총부가가치 및 요소소득,2025-03-31,500.72721496443137,14.27846526858513
전북,전북특별자치도,임실군,운수 및 창고업,2022,205.93916593789388,180.21,214_DT_2020Y35GRDP2,전북특별자치도 경제활동별 지역내총부가가치 및 요소소득,2025-07-31,25.729165937893868,14.277324198376265
전북,전북특별자치도,남원시,운수 및 창고업,2023,776.8541986804516,679.89,214_DT_2020Y35GRDP2,전북특별자치도 경제활동별 지역내총부가가치 및 요소소득,2026-06-24,96.96419868045166,14.261748029894786
경북,경상북도,영주시,건설업,2022,1501.6799813568696,1314.33,216_DT_GRDP202037_02,경상북도 경제활동별 지역내총부가가치 및 요소소득,2025-09-09,187.34998135686965,14.254409574221821
부산,부산광역시,동래구,"광업, 제조업",2021,901.5071654244041,789.0600000000001,202_DT_F10108,부산광역시 경제활동별 지역내총부가가치 및 요소소득,2025-03-31,112.44716542440403,14.250775026538415
전북,전북특별자치도,남원시,운수 및 창고업,2022,566.7556835842564,660.86,214_DT_2020Y35GRDP2,전북특별자치도 경제활동별 지역내총부가가치 및 요소소득,2025-07-31,94.1043164157436,14.239675031889295
인천,인천광역시,계양구,운수 및 창고업,2022,2537.1416491075747,2958.04,204_DT_2020Y23GRDP2,인천광역시 경제활동별 지역내총부가가치 및 요소소득,2025-06-17,420.89835089242524,14.228960760923625
부산,부산광역시,동래구,사업서비스업,2021,4429.169984620531,3877.64,202_DT_F10108,부산광역시 경제활동별 지역내총부가가치 및 요소소득,2025-03-31,551.5299846205312,14.223341636163521
경기도,경기도,과천시,교육 서비스업,2023,1028.103864631993,1198.56,210_DT_GRDP008_2020,경기도 경제활동별 지역내총부가가치 및 요소소득,2026-05-13,170.45613536800693,14.22174404018213
전남,전라남도,구례군,금융 및 보험업,2022,242.99893458148696,212.75,215_DT_2020Y36GRDP2,전라남도 경제활동별 지역내총부가가치 및 요소소득,2025-05-20,30.248934581486964,14.21806560821949
경남,경상남도,합천군,사업서비스업,2021,409.97503783081083,358.99,217_DT_2020Y38GRDP2,경상남도 경제활동별 지역내총부가가치 및 요소소득,2025-10-28,50.985037830810825,14.20235600735698
충북,충청북도,단양군,사업서비스업,2021,487.4384222043328,426.83,212_DT_2020Y33GRDP2,충청북도 경제활동별 지역내총부가가치 및 요소소득,2025-03-17,60.60842220433284,14.199663145592586
충북,충청북도,증평군,"광업, 제조업",2022,6930.31440074752,8076.48,212_DT_2020Y33GRDP2,충청북도 경제활동별 지역내총부가가치 및 요소소득,2025-03-17,1146.1655992524793,14.19140020469907
경북,경상북도,문경시,"광업, 제조업",2023,3409.0976286122823,2985.76,216_DT_GRDP202037_02,경상북도 경제활동별 지역내총부가가치 및 요소소득,2026-06-22,423.33762861228206,14.178555162246194
충남,충청남도,금산군,"광업, 제조업",2021,11151.010943651478,9770.09,213_DT_2020Y34GRDP2,충청남도 경제활동별 지역내총부가가치 및 요소소득,2025-06-12,1380.9209436514775,14.134168095191319
경기도,경기도,의왕시,금융 및 보험업,2021,836.3217286862878,732.78,210_DT_GRDP008_2020,경기도 경제활동별 지역내총부가가치 및 요소소득,2026-05-13,103.5417286862878,14.129988357527198
충남,충청남도,금산군,숙박 및 음식점업,2021,357.75949449140546,313.48,213_DT_2020Y34GRDP2,충청남도 경제활동별 지역내총부가가치 및 요소소득,2025-06-12,44.279494491405444,14.125141792588183
전북,전북특별자치도,무주군,운수 및 창고업,2022,497.8498688885288,579.73,214_DT_2020Y35GRDP2,전북특별자치도 경제활동별 지역내총부가가치 및 요소소득,2025-07-31,81.8801311114712,14.123838875247305
인천,인천광역시,계양구,정보통신업,2021,1348.3014670012376,1181.46,204_DT_2020Y23GRDP2,인천광역시 경제활동별 지역내총부가가치 및 요소소득,2025-03-25,166.84146700123756,14.121634841741368
경기도,경기도,과천시,문화 및 기타서비스업,2023,9408.227580033652,8245.11,210_DT_GRDP008_2020,경기도 경제활동별 지역내총부가가치 및 요소소득,2026-05-13,1163.1175800336514,14.106756368728268
강원,강원특별자치도,화천군,숙박 및 음식점업,2022,257.8471639271343,226.01,211_DT_2020Y32GRDP2,강원특별자치도 경제활동별 지역내총부가가치 및 요소소득,2025-03-19,31.837163927134327,14.086617374069435
인천,인천광역시,부평구,"광업, 제조업",2021,32880.638709444975,28821.33,204_DT_2020Y23GRDP2,인천광역시 경제활동별 지역내총부가가치 및 요소소득,2025-03-25,4059.308709444973,14.08439065596547
충남,충청남도,서산시,사업서비스업,2021,2391.693397624417,2783.75,213_DT_2020Y34GRDP2,충청남도 경제활동별 지역내총부가가치 및 요소소득,2025-06-12,392.0566023755832,14.083757606666664
전북,전북특별자치도,남원시,금융 및 보험업,2021,424.10698778750657,493.61,214_DT_2020Y35GRDP2,전북특별자치도 경제활동별 지역내총부가가치 및 요소소득,2025-07-31,69.50301221249345,14.080551895726067
경남,경상남도,사천시,보건 및 사회복지업,2022,2665.696682279343,3102.43,217_DT_2020Y38GRDP2,경상남도 경제활동별 지역내총부가가치 및 요소소득,2025-10-28,436.73331772065694,14.077136880466504
경기도,경기도,안성시,사업서비스업,2023,6884.969554013473,8011.8,210_DT_GRDP008_2020,경기도 경제활동별 지역내총부가가치 및 요소소득,2026-05-13,1126.8304459865276,14.064635237855757
서울,서울특별시,금천구,운수 및 창고업,2022,4715.48579199955,5486.48,201_DT_201012_D040031,서울특별시 경제활동별 지역내총부가가치 및 요소소득,2025-10-29,770.9942080004494,14.052620405076652
서울,서울특별시,광진구,사업서비스업,2021,8903.301376085266,7806.83,201_DT_201012_D040031,서울특별시 경제활동별 지역내총부가가치 및 요소소득,2025-10-29,1096.4713760852665,14.045026932638041
인천,인천광역시,강화군,정보통신업,2022,132.43435601137048,116.13,204_DT_2020Y23GRDP2,인천광역시 경제활동별 지역내총부가가치 및 요소소득,2025-06-17,16.304356011370487,14.03974512302634
경북,경상북도,영천시,보건 및 사회복지업,2022,1810.8762148854526,2106.56,216_DT_GRDP202037_02,경상북도 경제활동별 지역내총부가가치 및 요소소득,2025-09-09,295.6837851145474,14.036333411559482
전남,전라남도,완도군,도매 및 소매업,2021,1465.0419770542876,1284.74,215_DT_2020Y36GRDP2,전라남도 경제활동별 지역내총부가가치 및 요소소득,2025-05-20,180.3019770542876,14.034121849890841
울산,울산광역시,중구,운수 및 창고업,2021,365.6380631281481,320.66,207_DT_GRDP_2020_02,울산광역시 경제활동별 지역내총부가가치 및 요소소득,2025-07-31,44.97806312814805,14.026714628624726
전남,전라남도,영광군,사업서비스업,2023,1285.4184124523774,1127.35,215_DT_2020Y36GRDP2,전라남도 경제활동별 지역내총부가가치 및 요소소득,2026-06-24,158.06841245237752,14.021236745675925
대구,대구광역시,서구,"광업, 제조업",2021,10283.693884151267,9020.8,203_DT_2020Y22GRDP2,대구광역시 경제활동별 지역내총부가가치 및 요소소득,2025-09-05,1262.8938841512681,13.99979917691633
경기도,경기도,시흥시,정보통신업,2023,849.8226962023747,745.48,210_DT_GRDP008_2020,경기도 경제활동별 지역내총부가가치 및 요소소득,2026-05-13,104.34269620237467,13.996713017435031
부산,부산광역시,사상구,부동산업,2021,5189.13535719829,6033.43,202_DT_F10108,부산광역시 경제활동별 지역내총부가가치 및 요소소득,2025-03-31,844.2946428017103,13.993609651586416
충북,충청북도,괴산군,교육 서비스업,2023,440.89198725349826,512.62,212_DT_2020Y33GRDP2,충청북도 경제활동별 지역내총부가가치 및 요소소득,2026-02-19,71.72801274650175,13.992433527076928
전북,전북특별자치도,김제시,"공공 행정, 국방·사회보장",2022,3512.34549907114,4082.71,214_DT_2020Y35GRDP2,전북특별자치도 경제활동별 지역내총부가가치 및 요소소득,2025-07-31,570.3645009288603,13.970242827162846
부산,부산광역시,남구,문화 및 기타서비스업,2022,2286.7183624983536,2657.85,202_DT_F10108,부산광역시 경제활동별 지역내총부가가치 및 요소소득,2025-03-31,371.1316375016463,13.963603570617089
경북,경상북도,상주시,부동산업,2021,1658.194468317853,1927.25,216_DT_GRDP202037_02,경상북도 경제활동별 지역내총부가가치 및 요소소득,2025-09-09,269.0555316821469,13.960593160313758
경남,경상남도,하동군,숙박 및 음식점업,2022,593.551515726158,520.86,217_DT_2020Y38GRDP2,경상남도 경제활동별 지역내총부가가치 및 요소소득,2025-10-28,72.69151572615795,13.956056469331097
강원,강원특별자치도,고성군,"광업, 제조업",2021,583.9682869219761,512.46,211_DT_2020Y32GRDP2,강원특별자치도 경제활동별 지역내총부가가치 및 요소소득,2025-03-19,71.50828692197604,13.953925559453623
부산,부산광역시,동구,운수 및 창고업,2022,7199.377424544917,8366.38,202_DT_F10108,부산광역시 경제활동별 지역내총부가가치 및 요소소득,2025-03-31,1167.0025754550825,13.948715877776083
인천,인천광역시,중구,도매 및 소매업,2023,8016.988180591266,9312.36,204_DT_2020Y23GRDP2,인천광역시 경제활동별 지역내총부가가치 및 요소소득,2026-06-01,1295.3718194087342,13.910242080511642
경기도,경기도,용인시,숙박 및 음식점업,2021,8651.17822082461,7595.14,210_DT_GRDP008_2020,경기도 경제활동별 지역내총부가가치 및 요소소득,2026-05-13,1056.0382208246092,13.904131073615616
충남,충청남도,보령시,운수 및 창고업,2022,1658.634809462553,1456.52,213_DT_2020Y34GRDP2,충청남도 경제활동별 지역내총부가가치 및 요소소득,2025-06-12,202.114809462553,13.876555726152267
인천,인천광역시,미추홀구,운수 및 창고업,2022,3441.7490052374405,3022.49,204_DT_2020Y23GRDP2,인천광역시 경제활동별 지역내총부가가치 및 요소소득,2025-06-17,419.25900523744076,13.871311575470582
대구,대구광역시,달서구,금융 및 보험업,2021,7435.483251077708,6529.83,203_DT_2020Y22GRDP2,대구광역시 경제활동별 지역내총부가가치 및 요소소득,2025-09-05,905.6532510777079,13.869476710384617
서울,서울특별시,종로구,"광업, 제조업",2021,7021.951390299452,6167.11,201_DT_201012_D040031,서울특별시 경제활동별 지역내총부가가치 및 요소소득,2025-10-29,854.8413902994525,13.861296300851656
서울,서울특별시,금천구,금융 및 보험업,2022,1476.2496048994533,1713.76,201_DT_201012_D040031,서울특별시 경제활동별 지역내총부가가치 및 요소소득,2025-10-29,237.5103951005467,13.859023147963933
대전,대전광역시,서구,사업서비스업,2021,15394.177431886277,13520.52,206_DT_2020Y25GRDP2,대전광역시 경제활동별 지역내총부가가치 및 요소소득,2025-04-10,1873.6574318862768,13.857879962355565
경남,경상남도,남해군,숙박 및 음식점업,2021,489.73768383731374,568.48,217_DT_2020Y38GRDP2,경상남도 경제활동별 지역내총부가가치 및 요소소득,2025-10-28,78.74231616268628,13.851378441226828
전북,전북특별자치도,고창군,사업서비스업,2022,354.85179342580767,311.69,214_DT_2020Y35GRDP2,전북특별자치도 경제활동별 지역내총부가가치 및 요소소득,2025-07-31,43.16179342580767,13.847667049250113
서울,서울특별시,서대문구,금융 및 보험업,2021,7640.394991678322,6711.95,201_DT_201012_D040031,서울특별시 경제활동별 지역내총부가가치 및 요소소득,2025-10-29,928.4449916783224,13.832716150721064
전북,전북특별자치도,남원시,금융 및 보험업,2022,507.10989768218735,588.5,214_DT_2020Y35GRDP2,전북특별자치도 경제활동별 지역내총부가가치 및 요소소득,2025-07-31,81.39010231781265,13.830093851794842
충북,충청북도,음성군,사업서비스업,2021,4920.166795506334,5709.36,212_DT_2020Y33GRDP2,충청북도 경제활동별 지역내총부가가치 및 요소소득,2025-03-17,789.1932044936657,13.822796329074812
충남,충청남도,금산군,도매 및 소매업,2022,1185.285531889753,1041.39,213_DT_2020Y34GRDP2,충청남도 경제활동별 지역내총부가가치 및 요소소득,2025-06-12,143.89553188975287,13.817641026873012
전남,전라남도,순천시,건설업,2023,4865.118563183228,4274.74,215_DT_2020Y36GRDP2,전라남도 경제활동별 지역내총부가가치 및 요소소득,2026-06-24,590.3785631832279,13.810864828813635
경북,경상북도,포항시,정보통신업,2021,2722.3356683265283,3158.15,216_DT_GRDP202037_02,경상북도 경제활동별 지역내총부가가치 및 요소소득,2025-09-09,435.81433167347177,13.79967169619783
부산,부산광역시,금정구,"공공 행정, 국방·사회보장",2022,3628.6915066847982,4209.58,202_DT_F10108,부산광역시 경제활동별 지역내총부가가치 및 요소소득,2025-03-31,580.8884933152017,13.799203087129872
전북,전북특별자치도,임실군,"광업, 제조업",2023,1169.7597515374957,1028.01,214_DT_2020Y35GRDP2,전북특별자치도 경제활동별 지역내총부가가치 및 요소소득,2026-06-24,141.74975153749574,13.788752204501487
전남,전라남도,순천시,정보통신업,2022,1328.9688366487953,1541.44,215_DT_2020Y36GRDP2,전라남도 경제활동별 지역내총부가가치 및 요소소득,2025-05-20,212.47116335120472,13.783939910162232
경북,경상북도,경산시,금융 및 보험업,2022,3402.3446564027017,3946.28,216_DT_GRDP202037_02,경상북도 경제활동별 지역내총부가가치 및 요소소득,2025-09-09,543.9353435972985,13.783495940412196
경북,경상북도,울진군,숙박 및 음식점업,2023,413.0617575007376,363.04,216_DT_GRDP202037_02,경상북도 경제활동별 지역내총부가가치 및 요소소득,2026-06-22,50.02175750073758,13.77858018420493
경기도,경기도,양평군,운수 및 창고업,2022,909.4462159276177,799.38,210_DT_GRDP008_2020,경기도 경제활동별 지역내총부가가치 및 요소소득,2026-05-13,110.06621592761769,13.768947925594546
인천,인천광역시,서구,도매 및 소매업,2023,14191.714441704655,16456.58,204_DT_2020Y23GRDP2,인천광역시 경제활동별 지역내총부가가치 및 요소소득,2026-06-15,2264.865558295347,13.762674615839662
경남,경상남도,산청군,숙박 및 음식점업,2021,294.85498794339566,341.91,217_DT_2020Y38GRDP2,경상남도 경제활동별 지역내총부가가치 및 요소소득,2025-10-28,47.05501205660437,13.762397138605003
경기도,경기도,오산시,건설업,2023,6845.647402683852,7937.61,210_DT_GRDP008_2020,경기도 경제활동별 지역내총부가가치 및 요소소득,2026-05-13,1091.9625973161474,13.756818454372882
경기도,경기도,하남시,사업서비스업,2021,5234.927056994242,6069.26,210_DT_GRDP008_2020,경기도 경제활동별 지역내총부가가치 및 요소소득,2026-05-13,834.3329430057584,13.746864411901258
전남,전라남도,곡성군,"광업, 제조업",2022,4002.4693978200185,3519.27,215_DT_2020Y36GRDP2,전라남도 경제활동별 지역내총부가가치 및 요소소득,2025-05-20,483.1993978200185,13.73010305603203
전북,전북특별자치도,김제시,부동산업,2022,1251.7309016170334,1450.94,214_DT_2020Y35GRDP2,전북특별자치도 경제활동별 지역내총부가가치 및 요소소득,2025-07-31,199.20909838296666,13.729657903356904
충남,충청남도,청양군,금융 및 보험업,2022,136.84292938001124,158.62,213_DT_2020Y34GRDP2,충청남도 경제활동별 지역내총부가가치 및 요소소득,2025-06-12,21.777070619988763,13.729082473829756
울산,울산광역시,울주군,부동산업,2021,6458.887181489537,5679.19,207_DT_GRDP_2020_02,울산광역시 경제활동별 지역내총부가가치 및 요소소득,2025-07-31,779.6971814895378,13.729020890118798
전남,전라남도,장성군,건설업,2022,905.9424235518446,1050.09,215_DT_2020Y36GRDP2,전라남도 경제활동별 지역내총부가가치 및 요소소득,2025-05-20,144.1475764481553,13.727164000052882
전남,전라남도,진도군,금융 및 보험업,2023,315.5488107706823,365.7,215_DT_2020Y36GRDP2,전라남도 경제활동별 지역내총부가가치 및 요소소득,2026-06-24,50.15118922931771,13.713751498309465
경북,경상북도,안동시,건설업,2021,3191.759442739194,2807.16,216_DT_GRDP202037_02,경상북도 경제활동별 지역내총부가가치 및 요소소득,2025-09-09,384.5994427391943,13.700659839096963
전북,전북특별자치도,순창군,교육 서비스업,2023,618.563971653359,716.75,214_DT_2020Y35GRDP2,전북특별자치도 경제활동별 지역내총부가가치 및 요소소득,2026-06-24,98.18602834664102,13.698783166604954
경북,경상북도,청도군,숙박 및 음식점업,2021,233.62723186330422,270.69,216_DT_GRDP202037_02,경상북도 경제활동별 지역내총부가가치 및 요소소득,2025-09-09,37.06276813669578,13.691960595772205
전남,전라남도,함평군,금융 및 보험업,2023,504.9143163288312,584.99,215_DT_2020Y36GRDP2,전라남도 경제활동별 지역내총부가가치 및 요소소득,2026-06-24,80.0756836711688,13.688385044388587
충남,충청남도,논산시,정보통신업,2021,451.79002013535484,523.26,213_DT_2020Y34GRDP2,충청남도 경제활동별 지역내총부가가치 및 요소소득,2025-06-12,71.46997986464515,13.65859799423712
전남,전라남도,목포시,건설업,2021,2927.0106991308994,2575.66,215_DT_2020Y36GRDP2,전라남도 경제활동별 지역내총부가가치 및 요소소득,2025-05-20,351.35069913089956,13.641190961963131
대구,대구광역시,달성군,사업서비스업,2021,2318.092537717105,2039.87,203_DT_2020Y22GRDP2,대구광역시 경제활동별 지역내총부가가치 및 요소소득,2025-09-05,278.2225377171053,13.639228858559873
충북,충청북도,괴산군,숙박 및 음식점업,2023,252.5832815880131,222.28,212_DT_2020Y33GRDP2,충청북도 경제활동별 지역내총부가가치 및 요소소득,2026-02-19,30.303281588013107,13.632932152246314
서울,서울특별시,성동구,금융 및 보험업,2023,2584.071507256253,2274.1,201_DT_201012_D040031,서울특별시 경제활동별 지역내총부가가치 및 요소소득,2026-06-19,309.97150725625306,13.630513489127702
전남,전라남도,무안군,문화 및 기타서비스업,2023,1058.165120426733,1225.12,215_DT_2020Y36GRDP2,전라남도 경제활동별 지역내총부가가치 및 요소소득,2026-06-24,166.9548795732669,13.627634809101712
전남,전라남도,화순군,숙박 및 음식점업,2022,502.81107443064946,442.52,215_DT_2020Y36GRDP2,전라남도 경제활동별 지역내총부가가치 및 요소소득,2025-05-20,60.29107443064947,13.62448577028145
광주,광주광역시,북구,"광업, 제조업",2021,23331.197172570282,20534.023528752172,205_DT_2020Y24GRDP2,광주광역시 경제활동별 지역내총부가가치 및 요소소득,2025-07-23,2797.1736438181106,13.622141028042794
전남,전라남도,영광군,숙박 및 음식점업,2022,276.34123355026253,243.22,215_DT_2020Y36GRDP2,전라남도 경제활동별 지역내총부가가치 및 요소소득,2025-05-20,33.12123355026253,13.617808383464572
서울,서울특별시,동대문구,금융 및 보험업,2023,3039.6775490796927,2675.37,201_DT_201012_D040031,서울특별시 경제활동별 지역내총부가가치 및 요소소득,2026-06-19,364.30754907969276,13.617090311982746
전북,전북특별자치도,고창군,문화 및 기타서비스업,2021,691.2697410689073,799.9,214_DT_2020Y35GRDP2,전북특별자치도 경제활동별 지역내총부가가치 및 요소소득,2025-07-31,108.63025893109273,13.58047992637739
부산,부산광역시,중구,정보통신업,2022,447.18851738934495,517.29,202_DT_F10108,부산광역시 경제활동별 지역내총부가가치 및 요소소득,2025-03-31,70.10148261065501,13.55167944685863
광주,광주광역시,광산구,정보통신업,2023,3765.330073501218,3316.028407697354,205_DT_2020Y24GRDP2,광주광역시 경제활동별 지역내총부가가치 및 요소소득,2026-06-25,449.3016658038641,13.549391336965616
경남,경상남도,하동군,문화 및 기타서비스업,2021,511.1847918647336,450.23,217_DT_2020Y38GRDP2,경상남도 경제활동별 지역내총부가가치 및 요소소득,2025-10-28,60.95479186473358,13.538589579711163
전북,전북특별자치도,정읍시,금융 및 보험업,2021,963.1011937226457,1113.78,214_DT_2020Y35GRDP2,전북특별자치도 경제활동별 지역내총부가가치 및 요소소득,2025-07-31,150.67880627735428,13.528596875267493
경기도,경기도,안양시,건설업,2022,10028.950779227278,8834.11,210_DT_GRDP008_2020,경기도 경제활동별 지역내총부가가치 및 요소소득,2026-05-13,1194.8407792272774,13.525310180960815
전남,전라남도,화순군,정보통신업,2022,277.7826478353163,321.22,215_DT_2020Y36GRDP2,전라남도 경제활동별 지역내총부가가치 및 요소소득,2025-05-20,43.437352164683716,13.522617571970521
인천,인천광역시,계양구,사업서비스업,2021,2881.9805583458233,2538.7,204_DT_2020Y23GRDP2,인천광역시 경제활동별 지역내총부가가치 및 요소소득,2025-06-17,343.28055834582347,13.521903271194843
강원,강원특별자치도,고성군,사업서비스업,2021,388.7159464774179,449.48,211_DT_2020Y32GRDP2,강원특별자치도 경제활동별 지역내총부가가치 및 요소소득,2025-03-19,60.76405352258212,13.518744665520627
전북,전북특별자치도,무주군,보건 및 사회복지업,2023,393.3320843754046,346.5,214_DT_2020Y35GRDP2,전북특별자치도 경제활동별 지역내총부가가치 및 요소소득,2026-06-24,46.83208437540458,13.515753066494826
경기도,경기도,포천시,건설업,2023,4043.975329268237,3562.72,210_DT_GRDP008_2020,경기도 경제활동별 지역내총부가가치 및 요소소득,2026-05-13,481.25532926823735,13.508087339679722
경기도,경기도,성남시,"광업, 제조업",2023,67478.87501892564,78012.61,210_DT_GRDP008_2020,경기도 경제활동별 지역내총부가가치 및 요소소득,2026-05-13,10533.734981074362,13.502605516049728
충남,충청남도,서산시,운수 및 창고업,2022,4855.654814625808,4278.09,213_DT_2020Y34GRDP2,충청남도 경제활동별 지역내총부가가치 및 요소소득,2025-06-12,577.5648146258081,13.500529783754157
부산,부산광역시,영도구,금융 및 보험업,2021,677.3349845985075,596.83,202_DT_F10108,부산광역시 경제활동별 지역내총부가가치 및 요소소득,2025-03-31,80.50498459850746,13.48876306460926
제주,제주특별자치도,서귀포시,정보통신업,2023,370.51403195942873,326.51,218_DT_2020GRDP39_02,제주특별자치도 경제활동별 지역내총부가가치 및 요소소득,2026-02-27,44.004031959428744,13.477085528599044
강원,강원특별자치도,정선군,"광업, 제조업",2022,1395.653607388571,1229.98,211_DT_2020Y32GRDP2,강원특별자치도 경제활동별 지역내총부가가치 및 요소소득,2025-03-19,165.67360738857087,13.469617992859304
서울,서울특별시,관악구,금융 및 보험업,2023,1516.745060112095,1752.64,201_DT_201012_D040031,서울특별시 경제활동별 지역내총부가가치 및 요소소득,2026-06-19,235.89493988790514,13.45940637483483
경북,경상북도,고령군,문화 및 기타서비스업,2022,917.6690557230875,808.85,216_DT_GRDP202037_02,경상북도 경제활동별 지역내총부가가치 및 요소소득,2025-09-09,108.81905572308744,13.4535520458784
경기도,경기도,수원시,문화 및 기타서비스업,2022,11400.729553876869,13169.57,210_DT_GRDP008_2020,경기도 경제활동별 지역내총부가가치 및 요소소득,2026-05-13,1768.8404461231312,13.431269556432984
부산,부산광역시,동래구,부동산업,2021,6322.800582331039,7303.28,202_DT_F10108,부산광역시 경제활동별 지역내총부가가치 및 요소소득,2025-03-31,980.4794176689611,13.42519275817114
전남,전라남도,해남군,부동산업,2021,742.5484346941079,857.69,215_DT_2020Y36GRDP2,전라남도 경제활동별 지역내총부가가치 및 요소소득,2025-05-20,115.14156530589219,13.424613240901978
경기도,경기도,양주시,금융 및 보험업,2023,1235.815668352442,1427.37,210_DT_GRDP008_2020,경기도 경제활동별 지역내총부가가치 및 요소소득,2026-05-13,191.554331647558,13.420089510607482
경북,경상북도,구미시,운수 및 창고업,2022,4086.2648273897676,4719.29,216_DT_GRDP202037_02,경상북도 경제활동별 지역내총부가가치 및 요소소득,2026-03-27,633.0251726102324,13.4135679860791
부산,부산광역시,수영구,운수 및 창고업,2021,1316.5852804342053,1520.54,202_DT_F10108,부산광역시 경제활동별 지역내총부가가치 및 요소소득,2025-03-31,203.95471956579468,13.41330840134391
서울,서울특별시,용산구,"공공 행정, 국방·사회보장",2023,16201.1778857561,14285.19,201_DT_201012_D040031,서울특별시 경제활동별 지역내총부가가치 및 요소소득,2026-06-19,1915.9878857560998,13.412407435645587
부산,부산광역시,강서구,도매 및 소매업,2021,9738.161091550674,11246.12,202_DT_F10108,부산광역시 경제활동별 지역내총부가가치 및 요소소득,2025-03-31,1507.9589084493273,13.408703699136476
경북,경상북도,고령군,사업서비스업,2023,166.09816751865338,191.81,216_DT_GRDP202037_02,경상북도 경제활동별 지역내총부가가치 및 요소소득,2026-06-22,25.71183248134662,13.404844628198017
전남,전라남도,해남군,"광업, 제조업",2022,3064.802718263683,2702.77,215_DT_2020Y36GRDP2,전라남도 경제활동별 지역내총부가가치 및 요소소득,2025-05-20,362.0327182636829,13.39487704331789
전남,전라남도,곡성군,금융 및 보험업,2022,349.89463129312486,308.58,215_DT_2020Y36GRDP2,전라남도 경제활동별 지역내총부가가치 및 요소소득,2025-05-20,41.314631293124876,13.388628975670775
강원,강원특별자치도,인제군,문화 및 기타서비스업,2021,467.3307141895382,539.56,211_DT_2020Y32GRDP2,강원특별자치도 경제활동별 지역내총부가가치 및 요소소득,2025-03-19,72.22928581046176,13.386701351186481
울산,울산광역시,울주군,문화 및 기타서비스업,2022,3427.5610644842277,3023.23,207_DT_GRDP_2020_02,울산광역시 경제활동별 지역내총부가가치 및 요소소득,2025-07-31,404.3310644842277,13.374141712149843
경북,경상북도,영덕군,숙박 및 음식점업,2022,406.9491984702746,358.95,216_DT_GRDP202037_02,경상북도 경제활동별 지역내총부가가치 및 요소소득,2025-09-09,47.99919847027462,13.37211268150846
경북,경상북도,의성군,"광업, 제조업",2021,1595.9038511442031,1407.83,216_DT_GRDP202037_02,경상북도 경제활동별 지역내총부가가치 및 요소소득,2025-09-09,188.07385114420322,13.35913080018207
전남,전라남도,영광군,운수 및 창고업,2022,173.04845458534163,199.73,215_DT_2020Y36GRDP2,전라남도 경제활동별 지역내총부가가치 및 요소소득,2025-05-20,26.68154541465836,13.358807096910008
경기도,경기도,가평군,사업서비스업,2023,651.2282722697602,574.51,210_DT_GRDP008_2020,경기도 경제활동별 지역내총부가가치 및 요소소득,2026-05-13,76.71827226976018,13.353687885286622
부산,부산광역시,사하구,문화 및 기타서비스업,2021,2384.3566817001274,2103.53,202_DT_F10108,부산광역시 경제활동별 지역내총부가가치 및 요소소득,2025-03-31,280.8266817001272,13.350257980638602
부산,부산광역시,해운대구,숙박 및 음식점업,2021,4481.901272743886,5171.33,202_DT_F10108,부산광역시 경제활동별 지역내총부가가치 및 요소소득,2025-03-31,689.4287272561141,13.331748839391688
경북,경상북도,영주시,정보통신업,2023,503.2688909738393,580.67,216_DT_GRDP202037_02,경상북도 경제활동별 지역내총부가가치 및 요소소득,2026-06-22,77.40110902616067,13.329620787393988
충북,충청북도,보은군,운수 및 창고업,2022,547.4115237867163,483.03,212_DT_2020Y33GRDP2,충청북도 경제활동별 지역내총부가가치 및 요소소득,2025-03-17,64.38152378671634,13.328680162043009
강원,강원특별자치도,강릉시,운수 및 창고업,2021,3808.223533422267,4393.45,211_DT_2020Y32GRDP2,강원특별자치도 경제활동별 지역내총부가가치 및 요소소득,2025-03-19,585.2264665777329,13.320430790784757
충북,충청북도,괴산군,금융 및 보험업,2023,593.6712226105224,523.91,212_DT_2020Y33GRDP2,충청북도 경제활동별 지역내총부가가치 및 요소소득,2026-02-19,69.7612226105224,13.315497434773608
부산,부산광역시,동래구,"광업, 제조업",2022,808.165232300079,713.2,202_DT_F10108,부산광역시 경제활동별 지역내총부가가치 및 요소소득,2025-03-31,94.96523230007892,13.315371887279714
전남,전라남도,신안군,문화 및 기타서비스업,2021,147.33185641482143,169.94,215_DT_2020Y36GRDP2,전라남도 경제활동별 지역내총부가가치 및 요소소득,2025-05-20,22.608143585178567,13.303603380709998
부산,부산광역시,중구,"공공 행정, 국방·사회보장",2022,2642.167033076106,2332.14,202_DT_F10108,부산광역시 경제활동별 지역내총부가가치 및 요소소득,2025-03-31,310.0270330761059,13.293671609599164
경북,경상북도,영주시,숙박 및 음식점업,2023,928.955148826487,819.97,216_DT_GRDP202037_02,경상북도 경제활동별 지역내총부가가치 및 요소소득,2026-06-22,108.98514882648692,13.291358077306112
부산,부산광역시,수영구,건설업,2022,2701.8403484496084,2384.92,202_DT_F10108,부산광역시 경제활동별 지역내총부가가치 및 요소소득,2025-03-31,316.92034844960835,13.288510660718531
인천,인천광역시,옹진군,사업서비스업,2022,200.8860275692898,231.67,204_DT_2020Y23GRDP2,인천광역시 경제활동별 지역내총부가가치 및 요소소득,2025-06-17,30.78397243071018,13.287854461393438
경북,경상북도,청송군,도매 및 소매업,2022,317.90407037312445,280.62,216_DT_GRDP202037_02,경상북도 경제활동별 지역내총부가가치 및 요소소득,2025-09-09,37.28407037312445,13.286319711041426
경기도,경기도,오산시,사업서비스업,2023,4261.422648264883,3761.77,210_DT_GRDP008_2020,경기도 경제활동별 지역내총부가가치 및 요소소득,2026-05-13,499.6526482648828,13.282381651852262
경기도,경기도,고양시,정보통신업,2021,9369.366016482092,10803.73,210_DT_GRDP008_2020,경기도 경제활동별 지역내총부가가치 및 요소소득,2026-05-13,1434.3639835179074,13.27656266417161
경남,경상남도,거창군,보건 및 사회복지업,2021,1216.683607202227,1402.69,217_DT_2020Y38GRDP2,경상남도 경제활동별 지역내총부가가치 및 요소소득,2025-10-28,186.00639279777306,13.260691442711723
경북,경상북도,상주시,"광업, 제조업",2021,3206.160945136682,2830.96,216_DT_GRDP202037_02,경상북도 경제활동별 지역내총부가가치 및 요소소득,2025-09-09,375.2009451366821,13.253488044221115
서울,서울특별시,강서구,정보통신업,2023,22329.64010584157,25741.16,201_DT_201012_D040031,서울특별시 경제활동별 지역내총부가가치 및 요소소득,2026-06-19,3411.5198941584313,13.253170774582154
서울,서울특별시,종로구,문화 및 기타서비스업,2022,7580.164213183729,8734.79,201_DT_201012_D040031,서울특별시 경제활동별 지역내총부가가치 및 요소소득,2025-10-29,1154.625786816272,13.21870115728337
경기도,경기도,양평군,숙박 및 음식점업,2023,1465.2176825762513,1294.16,210_DT_GRDP008_2020,경기도 경제활동별 지역내총부가가치 및 요소소득,2026-05-13,171.05768257625118,13.21766107562057
인천,인천광역시,연수구,문화 및 기타서비스업,2022,3492.3868391199953,4024.15,204_DT_2020Y23GRDP2,인천광역시 경제활동별 지역내총부가가치 및 요소소득,2025-06-17,531.7631608800048,13.21429769963855
제주,제주특별자치도,제주시,건설업,2023,8460.722166823096,9747.45,218_DT_2020GRDP39_02,제주특별자치도 경제활동별 지역내총부가가치 및 요소소득,2026-02-27,1286.7278331769048,13.200661025980176
전북,전북특별자치도,무주군,사업서비스업,2022,230.50745673280886,265.55,214_DT_2020Y35GRDP2,전북특별자치도 경제활동별 지역내총부가가치 및 요소소득,2025-07-31,35.04254326719115,13.196212866575467
전북,전북특별자치도,군산시,건설업,2022,10898.081875274005,9627.93,214_DT_2020Y35GRDP2,전북특별자치도 경제활동별 지역내총부가가치 및 요소소득,2025-07-31,1270.1518752740049,13.192367157571825
강원,강원특별자치도,양양군,운수 및 창고업,2022,425.14289859410104,489.67,211_DT_2020Y32GRDP2,강원특별자치도 경제활동별 지역내총부가가치 및 요소소득,2025-03-19,64.52710140589897,13.177670963281185
경남,경상남도,진주시,사업서비스업,2021,6740.166020693681,5955.67,217_DT_2020Y38GRDP2,경상남도 경제활동별 지역내총부가가치 및 요소소득,2025-10-28,784.4960206936812,13.172254686604216
인천,인천광역시,중구,부동산업,2022,6822.179950679972,7857.04,204_DT_2020Y23GRDP2,인천광역시 경제활동별 지역내총부가가치 및 요소소득,2025-06-17,1034.8600493200283,13.17111850416987
경북,경상북도,의성군,사업서비스업,2021,249.53327352046435,287.36,216_DT_GRDP202037_02,경상북도 경제활동별 지역내총부가가치 및 요소소득,2025-09-09,37.826726479535665,13.163532321664695
경북,경상북도,영천시,문화 및 기타서비스업,2021,1569.949006416199,1807.88,216_DT_GRDP202037_02,경상북도 경제활동별 지역내총부가가치 및 요소소득,2025-09-09,237.93099358380118,13.160773590271543
충북,충청북도,충주시,"광업, 제조업",2022,30391.123924053412,34990.799999999996,212_DT_2020Y33GRDP2,충청북도 경제활동별 지역내총부가가치 및 요소소득,2025-03-17,4599.676075946583,13.145387004431406
경기도,경기도,부천시,정보통신업,2022,4192.373163813818,3705.86,210_DT_GRDP008_2020,경기도 경제활동별 지역내총부가가치 및 요소소득,2026-05-13,486.51316381381775,13.128212177843137
경기도,경기도,오산시,운수 및 창고업,2022,2123.3458203422347,2444.12,210_DT_GRDP008_2020,경기도 경제활동별 지역내총부가가치 및 요소소득,2026-05-13,320.7741796577652,13.12432203237833
울산,울산광역시,울주군,교육 서비스업,2022,6152.228066081455,7081.33,207_DT_GRDP_2020_02,울산광역시 경제활동별 지역내총부가가치 및 요소소득,2025-07-31,929.101933918545,13.120443954999203
강원,강원특별자치도,춘천시,문화 및 기타서비스업,2021,4132.9589215127935,4756.22,211_DT_2020Y32GRDP2,강원특별자치도 경제활동별 지역내총부가가치 및 요소소득,2025-03-19,623.2610784872068,13.10412635427307
부산,부산광역시,기장군,건설업,2021,6590.0073326171305,5826.51,202_DT_F10108,부산광역시 경제활동별 지역내총부가가치 및 요소소득,2025-03-31,763.4973326171303,13.103853466605742
경북,경상북도,안동시,숙박 및 음식점업,2023,1346.2070735732102,1190.28,216_DT_GRDP202037_02,경상북도 경제활동별 지역내총부가가치 및 요소소득,2026-06-22,155.92707357321024,13.10003306559887
부산,부산광역시,금정구,금융 및 보험업,2021,1706.2491963364064,1508.69,202_DT_F10108,부산광역시 경제활동별 지역내총부가가치 및 요소소득,2025-03-31,197.55919633640633,13.094750832603538
인천,인천광역시,동구,숙박 및 음식점업,2023,252.16919447193925,290.14,204_DT_2020Y23GRDP2,인천광역시 경제활동별 지역내총부가가치 및 요소소득,2026-06-01,37.97080552806074,13.08706332393353
서울,서울특별시,동작구,도매 및 소매업,2022,7261.268153456529,6421.16,201_DT_201012_D040031,서울특별시 경제활동별 지역내총부가가치 및 요소소득,2025-10-29,840.1081534565292,13.08343279806965
서울,서울특별시,강남구,금융 및 보험업,2022,41548.544040264445,36749.37,201_DT_201012_D040031,서울특별시 경제활동별 지역내총부가가치 및 요소소득,2025-10-29,4799.174040264443,13.05920085232602
부산,부산광역시,부산진구,숙박 및 음식점업,2021,3672.0202511388457,3247.99,202_DT_F10108,부산광역시 경제활동별 지역내총부가가치 및 요소소득,2025-03-31,424.03025113884587,13.05515876400007
서울,서울특별시,용산구,사업서비스업,2023,27403.4051925586,31509.32,201_DT_201012_D040031,서울특별시 경제활동별 지역내총부가가치 및 요소소득,2026-06-19,4105.914807441401,13.030794721820085
전남,전라남도,보성군,문화 및 기타서비스업,2022,387.06200164598533,342.46,215_DT_2020Y36GRDP2,전라남도 경제활동별 지역내총부가가치 및 요소소득,2025-05-20,44.602001645985354,13.024003283882893
광주,광주광역시,동구,"광업, 제조업",2021,548.7716328562195,485.550524539952,205_DT_2020Y24GRDP2,광주광역시 경제활동별 지역내총부가가치 및 요소소득,2025-07-23,63.22110831626753,13.02050046721051
전북,전북특별자치도,진안군,숙박 및 음식점업,2023,94.45129933304054,108.58,214_DT_2020Y35GRDP2,전북특별자치도 경제활동별 지역내총부가가치 및 요소소득,2026-06-24,14.12870066695946,13.012249647227353
전남,전라남도,구례군,"광업, 제조업",2023,341.1938796978539,301.93,215_DT_2020Y36GRDP2,전라남도 경제활동별 지역내총부가가치 및 요소소득,2026-06-24,39.263879697853895,13.004298909632661
부산,부산광역시,기장군,숙박 및 음식점업,2021,2095.980267299773,2409.27,202_DT_F10108,부산광역시 경제활동별 지역내총부가가치 및 요소소득,2025-03-31,313.289732700227,13.003512794341315
울산,울산광역시,울주군,운수 및 창고업,2021,6939.684050242607,6141.16,207_DT_GRDP_2020_02,울산광역시 경제활동별 지역내총부가가치 및 요소소득,2025-07-31,798.5240502426068,13.002821132206405
경북,경상북도,봉화군,부동산업,2023,489.6940147988567,562.88,216_DT_GRDP202037_02,경상북도 경제활동별 지역내총부가가치 및 요소소득,2026-06-22,73.1859852011433,13.002058200885322
경북,경상북도,안동시,건설업,2022,2834.9872735051513,2508.82,216_DT_GRDP202037_02,경상북도 경제활동별 지역내총부가가치 및 요소소득,2025-09-09,326.1672735051511,13.000824033017558
경기도,경기도,양주시,운수 및 창고업,2022,3133.6298138733564,2773.19,210_DT_GRDP008_2020,경기도 경제활동별 지역내총부가가치 및 요소소득,2026-05-13,360.43981387335634,12.997299639525467
서울,서울특별시,금천구,운수 및 창고업,2023,6449.467396992289,5707.66,201_DT_201012_D040031,서울특별시 경제활동별 지역내총부가가치 및 요소소득,2026-06-19,741.8073969922889,12.99669911999469
광주,광주광역시,동구,정보통신업,2023,1941.063066405041,1717.833443646999,205_DT_2020Y24GRDP2,광주광역시 경제활동별 지역내총부가가치 및 요소소득,2026-06-25,223.22962275804184,12.994835068766639
경북,경상북도,영주시,건설업,2023,1306.7284805204972,1501.62,216_DT_GRDP202037_02,경상북도 경제활동별 지역내총부가가치 및 요소소득,2026-06-22,194.89151947950268,12.978750914312723
부산,부산광역시,서구,금융 및 보험업,2022,833.1392042793839,737.5,202_DT_F10108,부산광역시 경제활동별 지역내총부가가치 및 요소소득,2025-03-31,95.63920427938388,12.968027698899508
강원,강원특별자치도,양양군,부동산업,2022,571.553820097286,656.69,211_DT_2020Y32GRDP2,강원특별자치도 경제활동별 지역내총부가가치 및 요소소득,2025-03-19,85.13617990271405,12.964439827424515
부산,부산광역시,남구,금융 및 보험업,2022,10130.969025579758,8968.67,202_DT_F10108,부산광역시 경제활동별 지역내총부가가치 및 요소소득,2025-03-31,1162.2990255797577,12.959547241450045
서울,서울특별시,강동구,숙박 및 음식점업,2022,3603.191048949632,3190.13,201_DT_201012_D040031,서울특별시 경제활동별 지역내총부가가치 및 요소소득,2025-10-29,413.0610489496321,12.948094558830897
강원,강원특별자치도,홍천군,운수 및 창고업,2021,957.9096400969754,848.22,211_DT_2020Y32GRDP2,강원특별자치도 경제활동별 지역내총부가가치 및 요소소득,2025-03-19,109.68964009697538,12.93174413441977
전남,전라남도,나주시,금융 및 보험업,2023,2038.0082738233507,2340.39,215_DT_2020Y36GRDP2,전라남도 경제활동별 지역내총부가가치 및 요소소득,2026-06-24,302.3817261766492,12.920142633349535
인천,인천광역시,부평구,도매 및 소매업,2022,9806.335555860314,8684.71,204_DT_2020Y23GRDP2,인천광역시 경제활동별 지역내총부가가치 및 요소소득,2025-06-17,1121.6255558603152,12.914945413955278
경북,경상북도,울진군,건설업,2021,4314.445507645428,3821.08,216_DT_GRDP202037_02,경상북도 경제활동별 지역내총부가가치 및 요소소득,2025-09-09,493.3655076454279,12.911677003502358
전북,전북특별자치도,무주군,사업서비스업,2021,195.67082604284076,224.66,214_DT_2020Y35GRDP2,전북특별자치도 경제활동별 지역내총부가가치 및 요소소득,2025-07-31,28.989173957159238,12.90357605143739
대전,대전광역시,서구,건설업,2023,5507.8794852168885,6323.8,206_DT_2020Y25GRDP2,대전광역시 경제활동별 지역내총부가가치 및 요소소득,2026-06-22,815.9205147831117,12.902376969276569
전남,전라남도,나주시,운수 및 창고업,2022,1278.6997198880094,1132.64,215_DT_2020Y36GRDP2,전라남도 경제활동별 지역내총부가가치 및 요소소득,2025-05-20,146.05971988800934,12.895511361775085
서울,서울특별시,도봉구,"광업, 제조업",2021,1288.7146403335582,1141.54,201_DT_201012_D040031,서울특별시 경제활동별 지역내총부가가치 및 요소소득,2025-10-29,147.17464033355827,12.892639796551874
경북,경상북도,청송군,보건 및 사회복지업,2023,565.2159316515929,500.68,216_DT_GRDP202037_02,경상북도 경제활동별 지역내총부가가치 및 요소소득,2026-06-22,64.53593165159288,12.889656397617816
경기도,경기도,가평군,숙박 및 음식점업,2022,1739.3644028137298,1996.71,210_DT_GRDP008_2020,경기도 경제활동별 지역내총부가가치 및 요소소득,2026-05-13,257.3455971862702,12.888481411234991
경북,경상북도,칠곡군,"광업, 제조업",2022,20917.474432818628,24009.7,216_DT_GRDP202037_02,경상북도 경제활동별 지역내총부가가치 및 요소소득,2025-09-09,3092.2255671813728,12.879067906643451
대구,대구광역시,북구,"공공 행정, 국방·사회보장",2022,7155.865620125649,8212.5,203_DT_2020Y22GRDP2,대구광역시 경제활동별 지역내총부가가치 및 요소소득,2025-09-05,1056.634379874351,12.866172053264549
강원,강원특별자치도,춘천시,"광업, 제조업",2021,6690.644898293449,5928.599999999999,211_DT_2020Y32GRDP2,강원특별자치도 경제활동별 지역내총부가가치 및 요소소득,2025-03-19,762.0448982934495,12.85370742322723
강원,강원특별자치도,양구군,"광업, 제조업",2022,224.0874853305633,198.57,211_DT_2020Y32GRDP2,강원특별자치도 경제활동별 지역내총부가가치 및 요소소득,2025-03-19,25.517485330563318,12.850624631396142
충남,충청남도,계룡시,숙박 및 음식점업,2021,194.40814387469592,223.07,213_DT_2020Y34GRDP2,충청남도 경제활동별 지역내총부가가치 및 요소소득,2025-06-12,28.66185612530407,12.8488170194576
대전,대전광역시,대덕구,금융 및 보험업,2021,952.2764734846138,843.88,206_DT_2020Y25GRDP2,대전광역시 경제활동별 지역내총부가가치 및 요소소득,2025-04-10,108.39647348461381,12.845010366949545
전남,전라남도,목포시,운수 및 창고업,2021,3343.016172387693,3835.56,215_DT_2020Y36GRDP2,전라남도 경제활동별 지역내총부가가치 및 요소소득,2025-05-20,492.5438276123068,12.84151017354198
전북,전북특별자치도,김제시,금융 및 보험업,2023,491.5031900452793,563.79,214_DT_2020Y35GRDP2,전북특별자치도 경제활동별 지역내총부가가치 및 요소소득,2026-06-24,72.28680995472064,12.821584269802699
강원,강원특별자치도,고성군,부동산업,2022,454.02974454508967,520.79,211_DT_2020Y32GRDP2,강원특별자치도 경제활동별 지역내총부가가치 및 요소소득,2025-03-19,66.7602554549103,12.819035591103958
부산,부산광역시,영도구,문화 및 기타서비스업,2022,783.3334715202782,694.35,202_DT_F10108,부산광역시 경제활동별 지역내총부가가치 및 요소소득,2025-03-31,88.98347152027816,12.815362788259257
전북,전북특별자치도,순창군,사업서비스업,2021,90.46012024145216,103.75,214_DT_2020Y35GRDP2,전북특별자치도 경제활동별 지역내총부가가치 및 요소소득,2025-07-31,13.28987975854784,12.80952265884129
인천,인천광역시,남동구,금융 및 보험업,2021,7391.928163729414,8477.7,204_DT_2020Y23GRDP2,인천광역시 경제활동별 지역내총부가가치 및 요소소득,2025-03-25,1085.7718362705864,12.80738686519441
충남,충청남도,서산시,도매 및 소매업,2021,3531.421166716264,3130.58,213_DT_2020Y34GRDP2,충청남도 경제활동별 지역내총부가가치 및 요소소득,2025-06-12,400.84116671626407,12.804054415356388
경기도,경기도,파주시,정보통신업,2022,3385.334038829368,3881.85,210_DT_GRDP008_2020,경기도 경제활동별 지역내총부가가치 및 요소소득,2026-05-13,496.5159611706317,12.790704462321617
충남,충청남도,아산시,보건 및 사회복지업,2022,5607.770332748443,6429.06,213_DT_2020Y34GRDP2,충청남도 경제활동별 지역내총부가가치 및 요소소득,2025-06-12,821.2896672515571,12.774646173026182
인천,인천광역시,옹진군,운수 및 창고업,2021,58.17170761774993,66.69,204_DT_2020Y23GRDP2,인천광역시 경제활동별 지역내총부가가치 및 요소소득,2025-06-17,8.518292382250067,12.772968034563004
경기도,경기도,오산시,사업서비스업,2022,4577.685607855563,4059.3,210_DT_GRDP008_2020,경기도 경제활동별 지역내총부가가치 및 요소소득,2026-05-13,518.3856078555627,12.770320199432481
전남,전라남도,완도군,보건 및 사회복지업,2021,570.0702372720723,505.52,215_DT_2020Y36GRDP2,전라남도 경제활동별 지역내총부가가치 및 요소소득,2025-05-20,64.55023727207231,12.769076846034244
전북,전북특별자치도,고창군,교육 서비스업,2023,823.9864544707589,944.6,214_DT_2020Y35GRDP2,전북특별자치도 경제활동별 지역내총부가가치 및 요소소득,2026-06-24,120.61354552924115,12.768742910146216
충남,충청남도,서천군,"공공 행정, 국방·사회보장",2022,2042.060619225099,1810.99,213_DT_2020Y34GRDP2,충청남도 경제활동별 지역내총부가가치 및 요소소득,2025-06-12,231.07061922509888,12.759353680865102
전남,전라남도,보성군,건설업,2021,750.001522509569,859.68,215_DT_2020Y36GRDP2,전라남도 경제활동별 지역내총부가가치 및 요소소득,2025-05-20,109.67847749043096,12.758058520662452
경북,경상북도,울릉군,운수 및 창고업,2021,254.31690509692504,225.56,216_DT_GRDP202037_02,경상북도 경제활동별 지역내총부가가치 및 요소소득,2025-09-09,28.75690509692504,12.749115577640113
강원,강원특별자치도,평창군,정보통신업,2021,263.948695395977,234.13,211_DT_2020Y32GRDP2,강원특별자치도 경제활동별 지역내총부가가치 및 요소소득,2025-03-19,29.818695395976988,12.735956689009093
인천,인천광역시,중구,문화 및 기타서비스업,2022,3065.674428913558,3512.53,204_DT_2020Y23GRDP2,인천광역시 경제활동별 지역내총부가가치 및 요소소득,2025-06-17,446.85557108644207,12.72175813691106
인천,인천광역시,계양구,"광업, 제조업",2021,7786.847201314825,8921.109999999999,204_DT_2020Y23GRDP2,인천광역시 경제활동별 지역내총부가가치 및 요소소득,2025-03-25,1134.262798685174,12.714368488732614
충남,충청남도,청양군,숙박 및 음식점업,2021,162.2124257705762,185.84,213_DT_2020Y34GRDP2,충청남도 경제활동별 지역내총부가가치 및 요소소득,2025-06-12,23.6275742294238,12.713933614627528
경북,경상북도,경산시,"광업, 제조업",2021,31345.48059305553,27810.85,216_DT_GRDP202037_02,경상북도 경제활동별 지역내총부가가치 및 요소소득,2025-09-09,3534.630593055532,12.709538158867966
충남,충청남도,당진시,"광업, 제조업",2021,62670.144724858554,55604.42999999999,213_DT_2020Y34GRDP2,충청남도 경제활동별 지역내총부가가치 및 요소소득,2025-06-12,7065.714724858561,12.707107553945901
전남,전라남도,영광군,문화 및 기타서비스업,2022,435.435500089736,386.43,215_DT_2020Y36GRDP2,전라남도 경제활동별 지역내총부가가치 및 요소소득,2025-05-20,49.00550008973602,12.681598242821732
충남,충청남도,예산군,숙박 및 음식점업,2021,643.3554452597546,571.0,213_DT_2020Y34GRDP2,충청남도 경제활동별 지역내총부가가치 및 요소소득,2025-06-12,72.35544525975456,12.67170670048241
전남,전라남도,신안군,금융 및 보험업,2023,426.56033921232586,488.43,215_DT_2020Y36GRDP2,전라남도 경제활동별 지역내총부가가치 및 요소소득,2026-06-24,61.86966078767415,12.667047639922641
경북,경상북도,울릉군,보건 및 사회복지업,2023,43.146648772131215,49.4,216_DT_GRDP202037_02,경상북도 경제활동별 지역내총부가가치 및 요소소득,2026-06-22,6.253351227868784,12.658605724430736
서울,서울특별시,은평구,사업서비스업,2023,3019.444648983545,2680.71,201_DT_201012_D040031,서울특별시 경제활동별 지역내총부가가치 및 요소소득,2026-06-19,338.73464898354496,12.636004975679763
부산,부산광역시,사상구,금융 및 보험업,2022,2182.8912874479006,1938.18,202_DT_F10108,부산광역시 경제활동별 지역내총부가가치 및 요소소득,2025-03-31,244.71128744790053,12.625828738708506
충남,충청남도,서산시,정보통신업,2022,946.1862717193148,1082.89,213_DT_2020Y34GRDP2,충청남도 경제활동별 지역내총부가가치 및 요소소득,2025-06-12,136.70372828068525,12.623971805140432
전북,전북특별자치도,진안군,보건 및 사회복지업,2021,416.6560961631202,369.98,214_DT_2020Y35GRDP2,전북특별자치도 경제활동별 지역내총부가가치 및 요소소득,2025-07-31,46.67609616312018,12.61584306263046
제주,제주특별자치도,제주시,정보통신업,2022,9577.852782514497,8504.92,218_DT_2020GRDP39_02,제주특별자치도 경제활동별 지역내총부가가치 및 요소소득,2025-08-05,1072.9327825144974,12.61543650633395
서울,서울특별시,양천구,"광업, 제조업",2022,2389.9182778922395,2122.2000000000003,201_DT_201012_D040031,서울특별시 경제활동별 지역내총부가가치 및 요소소득,2025-10-29,267.71827789223926,12.615129483189108
충남,충청남도,서산시,"광업, 제조업",2022,88865.68752780331,101684.2,213_DT_2020Y34GRDP2,충청남도 경제활동별 지역내총부가가치 및 요소소득,2025-06-12,12818.512472196686,12.606198870814431
충북,충청북도,증평군,도매 및 소매업,2021,631.2188355955707,560.66,212_DT_2020Y33GRDP2,충청북도 경제활동별 지역내총부가가치 및 요소소득,2025-03-17,70.55883559557071,12.584959796591644
충북,충청북도,단양군,정보통신업,2021,95.04421965471536,108.72,212_DT_2020Y33GRDP2,충청북도 경제활동별 지역내총부가가치 및 요소소득,2025-03-17,13.675780345284636,12.578900244007208
부산,부산광역시,해운대구,숙박 및 음식점업,2022,5885.473050102875,6731.87,202_DT_F10108,부산광역시 경제활동별 지역내총부가가치 및 요소소득,2025-03-31,846.3969498971246,12.572984176716492
경남,경상남도,통영시,"광업, 제조업",2021,1672.5999996873252,1485.8300000000002,217_DT_2020Y38GRDP2,경상남도 경제활동별 지역내총부가가치 및 요소소득,2025-10-28,186.76999968732503,12.570078655520819
대구,대구광역시,중구,금융 및 보험업,2021,9947.256032227895,8836.64,203_DT_2020Y22GRDP2,대구광역시 경제활동별 지역내총부가가치 및 요소소득,2025-09-05,1110.6160322278956,12.568306870347731
전북,전북특별자치도,남원시,보건 및 사회복지업,2023,1649.0494142808773,1465.01,214_DT_2020Y35GRDP2,전북특별자치도 경제활동별 지역내총부가가치 및 요소소득,2026-06-24,184.03941428087728,12.562331607352665
강원,강원특별자치도,태백시,건설업,2021,882.2132661811247,783.76,211_DT_2020Y32GRDP2,강원특별자치도 경제활동별 지역내총부가가치 및 요소소득,2025-03-19,98.45326618112472,12.561659970032244
충남,충청남도,부여군,숙박 및 음식점업,2022,422.06312121459115,374.98,213_DT_2020Y34GRDP2,충청남도 경제활동별 지역내총부가가치 및 요소소득,2025-06-12,47.08312121459113,12.556168652885788
경북,경상북도,경주시,부동산업,2023,5724.563878653251,5086.28,216_DT_GRDP202037_02,경상북도 경제활동별 지역내총부가가치 및 요소소득,2026-06-22,638.2838786532511,12.549129789418812
충북,충청북도,진천군,건설업,2023,2886.9957274433473,3300.8,212_DT_2020Y33GRDP2,충청북도 경제활동별 지역내총부가가치 및 요소소득,2026-02-19,413.8042725566529,12.536484263107518
부산,부산광역시,영도구,사업서비스업,2022,3509.775115927128,4012.62,202_DT_F10108,부산광역시 경제활동별 지역내총부가가치 및 요소소득,2025-03-31,502.844884072872,12.531584951300449
경기도,경기도,양평군,숙박 및 음식점업,2022,1300.1160230570317,1486.14,210_DT_GRDP008_2020,경기도 경제활동별 지역내총부가가치 및 요소소득,2026-05-13,186.02397694296837,12.517257926101738
강원,강원특별자치도,삼척시,정보통신업,2021,356.8767003585066,407.92,211_DT_2020Y32GRDP2,강원특별자치도 경제활동별 지역내총부가가치 및 요소소득,2025-03-19,51.043299641493434,12.513066199620864
전남,전라남도,목포시,사업서비스업,2021,2056.424246385476,2350.44,215_DT_2020Y36GRDP2,전라남도 경제활동별 지역내총부가가치 및 요소소득,2025-12-08,294.0157536145239,12.50896656007062
전남,전라남도,강진군,운수 및 창고업,2023,313.2643455593523,278.44,215_DT_2020Y36GRDP2,전라남도 경제활동별 지역내총부가가치 및 요소소득,2026-06-24,34.82434555935231,12.506947837721702
대전,대전광역시,중구,보건 및 사회복지업,2022,9143.422008729634,8128.18,206_DT_2020Y25GRDP2,대전광역시 경제활동별 지역내총부가가치 및 요소소득,2025-04-10,1015.2420087296341,12.490397711783377
충북,충청북도,충주시,정보통신업,2023,1471.976380129977,1308.8,212_DT_2020Y33GRDP2,충청북도 경제활동별 지역내총부가가치 및 요소소득,2026-02-19,163.17638012997713,12.467632956141285
인천,인천광역시,서구,정보통신업,2021,3722.4216435548033,4252.54,204_DT_2020Y23GRDP2,인천광역시 경제활동별 지역내총부가가치 및 요소소득,2025-03-25,530.1183564451967,12.465922870688969
충남,충청남도,서천군,숙박 및 음식점업,2021,293.5051510887191,335.29,213_DT_2020Y34GRDP2,충청남도 경제활동별 지역내총부가가치 및 요소소득,2025-06-12,41.7848489112809,12.462300966709684
부산,부산광역시,남구,도매 및 소매업,2021,4032.4864521849313,3585.77,202_DT_F10108,부산광역시 경제활동별 지역내총부가가치 및 요소소득,2025-03-31,446.7164521849313,12.458034179128369
강원,강원특별자치도,강릉시,"광업, 제조업",2021,5593.462997095485,4973.84,211_DT_2020Y32GRDP2,강원특별자치도 경제활동별 지역내총부가가치 및 요소소득,2025-03-19,619.6229970954846,12.457638305524195
전남,전라남도,곡성군,도매 및 소매업,2022,340.8032809726038,303.09,215_DT_2020Y36GRDP2,전라남도 경제활동별 지역내총부가가치 및 요소소득,2025-05-20,37.7132809726038,12.442931463460953
전북,전북특별자치도,장수군,건설업,2021,435.73497658981694,387.52,214_DT_2020Y35GRDP2,전북특별자치도 경제활동별 지역내총부가가치 및 요소소득,2025-07-31,48.214976589816956,12.441932439568786
서울,서울특별시,성동구,정보통신업,2023,13643.105129823263,15581.56,201_DT_201012_D040031,서울특별시 경제활동별 지역내총부가가치 및 요소소득,2026-06-19,1938.4548701767362,12.440698300919397
경북,경상북도,군위군,"광업, 제조업",2022,1789.7194238378333,1591.97,216_DT_GRDP202037_02,경상북도 경제활동별 지역내총부가가치 및 요소소득,2025-09-09,197.74942383783332,12.421680297859465
충북,충청북도,음성군,보건 및 사회복지업,2021,1711.6491346490893,1954.38,212_DT_2020Y33GRDP2,충청북도 경제활동별 지역내총부가가치 및 요소소득,2025-03-17,242.7308653509108,12.419839813695944
대전,대전광역시,대덕구,부동산업,2022,4384.4939875456,3900.33,206_DT_2020Y25GRDP2,대전광역시 경제활동별 지역내총부가가치 및 요소소득,2025-04-10,484.1639875456003,12.413410853584192
광주,광주광역시,동구,운수 및 창고업,2022,1042.607079191499,927.6161026167912,205_DT_2020Y24GRDP2,광주광역시 경제활동별 지역내총부가가치 및 요소소득,2025-07-23,114.99097657470782,12.396397200341822
부산,부산광역시,부산진구,숙박 및 음식점업,2022,3696.5263504753398,4219.35,202_DT_F10108,부산광역시 경제활동별 지역내총부가가치 및 요소소득,2025-03-31,522.8236495246606,12.391094588613424
전북,전북특별자치도,김제시,교육 서비스업,2023,1304.1419066744825,1488.57,214_DT_2020Y35GRDP2,전북특별자치도 경제활동별 지역내총부가가치 및 요소소득,2026-06-24,184.42809332551747,12.389615088676882
충북,충청북도,충주시,운수 및 창고업,2021,1692.1902513474415,1931.44,212_DT_2020Y33GRDP2,충청북도 경제활동별 지역내총부가가치 및 요소소득,2025-03-17,239.24974865255854,12.387117831905654
대전,대전광역시,중구,"공공 행정, 국방·사회보장",2022,2548.917466429415,2268.1,206_DT_2020Y25GRDP2,대전광역시 경제활동별 지역내총부가가치 및 요소소득,2025-04-10,280.81746642941516,12.38117659844871
서울,서울특별시,관악구,금융 및 보험업,2022,1320.9349347517798,1507.57,201_DT_201012_D040031,서울특별시 경제활동별 지역내총부가가치 및 요소소득,2025-10-29,186.63506524822014,12.379860653118605
전남,전라남도,장흥군,보건 및 사회복지업,2023,802.6000088482047,714.25,215_DT_2020Y36GRDP2,전라남도 경제활동별 지역내총부가가치 및 요소소득,2026-06-24,88.35000884820465,12.369619719734638
대구,대구광역시,서구,사업서비스업,2021,2177.987319546437,2485.42,203_DT_2020Y22GRDP2,대구광역시 경제활동별 지역내총부가가치 및 요소소득,2025-09-05,307.4326804535631,12.369445826200927
전북,전북특별자치도,김제시,운수 및 창고업,2022,947.7284773578517,1081.43,214_DT_2020Y35GRDP2,전북특별자치도 경제활동별 지역내총부가가치 및 요소소득,2025-07-31,133.70152264214835,12.363400556868992
경기도,경기도,시흥시,문화 및 기타서비스업,2023,5065.636462994438,5779.98,210_DT_GRDP008_2020,경기도 경제활동별 지역내총부가가치 및 요소소득,2026-05-13,714.3435370055613,12.358927487734583
경북,경상북도,구미시,문화 및 기타서비스업,2021,4385.366268510624,3903.0,216_DT_GRDP202037_02,경상북도 경제활동별 지역내총부가가치 및 요소소득,2025-09-09,482.36626851062374,12.358859044597073
강원,강원특별자치도,속초시,운수 및 창고업,2021,983.04309943935,874.99,211_DT_2020Y32GRDP2,강원특별자치도 경제활동별 지역내총부가가치 및 요소소득,2025-03-19,108.05309943935004,12.34906678240323
부산,부산광역시,동래구,교육 서비스업,2021,1956.9837606951826,2232.66,202_DT_F10108,부산광역시 경제활동별 지역내총부가가치 및 요소소득,2025-03-31,275.6762393048173,12.347434867145795
대전,대전광역시,유성구,문화 및 기타서비스업,2023,4401.975307868266,5021.93,206_DT_2020Y25GRDP2,대전광역시 경제활동별 지역내총부가가치 및 요소소득,2026-06-22,619.9546921317342,12.344948896773435
전북,전북특별자치도,완주군,운수 및 창고업,2023,2277.5701509296596,2027.33,214_DT_2020Y35GRDP2,전북특별자치도 경제활동별 지역내총부가가치 및 요소소득,2026-06-24,250.24015092965965,12.343335861929713
부산,부산광역시,동구,부동산업,2022,4061.702238120437,3615.79,202_DT_F10108,부산광역시 경제활동별 지역내총부가가치 및 요소소득,2025-03-31,445.912238120437,12.33235995786362
충북,충청북도,증평군,도매 및 소매업,2023,615.8573450361247,548.25,212_DT_2020Y33GRDP2,충청북도 경제활동별 지역내총부가가치 및 요소소득,2026-02-19,67.60734503612468,12.331481082740481
경기도,경기도,양주시,문화 및 기타서비스업,2023,3366.2460832865213,2996.81,210_DT_GRDP008_2020,경기도 경제활동별 지역내총부가가치 및 요소소득,2026-05-13,369.43608328652135,12.327644504874229
충북,충청북도,청주시,문화 및 기타서비스업,2021,9515.515250091255,8471.83,212_DT_2020Y33GRDP2,충청북도 경제활동별 지역내총부가가치 및 요소소득,2025-03-17,1043.6852500912555,12.31947820118269
부산,부산광역시,수영구,"공공 행정, 국방·사회보장",2021,1227.727093102263,1093.16,202_DT_F10108,부산광역시 경제활동별 지역내총부가가치 및 요소소득,2025-03-31,134.56709310226302,12.309917404795549
경북,경상북도,의성군,보건 및 사회복지업,2022,724.564124969849,826.17,216_DT_GRDP202037_02,경상북도 경제활동별 지역내총부가가치 및 요소소득,2025-09-09,101.60587503015097,12.298422241203502
경북,경상북도,울진군,도매 및 소매업,2021,415.3789195502924,369.9,216_DT_GRDP202037_02,경상북도 경제활동별 지역내총부가가치 및 요소소득,2025-09-09,45.4789195502924,12.294922830573778
경남,경상남도,하동군,운수 및 창고업,2021,520.6295768495402,593.61,217_DT_2020Y38GRDP2,경상남도 경제활동별 지역내총부가가치 및 요소소득,2025-10-28,72.98042315045984,12.294338564117828
부산,부산광역시,기장군,정보통신업,2021,923.2368385970951,822.26,202_DT_F10108,부산광역시 경제활동별 지역내총부가가치 및 요소소득,2025-03-31,100.97683859709514,12.280402621688411
부산,부산광역시,강서구,금융 및 보험업,2022,1840.4552122155778,2097.65,202_DT_F10108,부산광역시 경제활동별 지역내총부가가치 및 요소소득,2025-03-31,257.19478778442226,12.26109159223046
경기도,경기도,하남시,"광업, 제조업",2021,8186.076049499724,9329.9,210_DT_GRDP008_2020,경기도 경제활동별 지역내총부가가치 및 요소소득,2026-05-13,1143.8239505002757,12.259766455163247
인천,인천광역시,연수구,운수 및 창고업,2022,3907.9601754483597,4453.83,204_DT_2020Y23GRDP2,인천광역시 경제활동별 지역내총부가가치 및 요소소득,2025-06-17,545.8698245516402,12.256189045195713
충북,충청북도,충주시,"광업, 제조업",2021,33305.25192777104,29672.67,212_DT_2020Y33GRDP2,충청북도 경제활동별 지역내총부가가치 및 요소소득,2025-03-17,3632.58192777104,12.242180861280902
전북,전북특별자치도,군산시,운수 및 창고업,2022,5734.578991829144,5109.23,214_DT_2020Y35GRDP2,전북특별자치도 경제활동별 지역내총부가가치 및 요소소득,2025-07-31,625.3489918291443,12.2395936731982
울산,울산광역시,울주군,정보통신업,2021,758.8484086422505,676.1,207_DT_GRDP_2020_02,울산광역시 경제활동별 지역내총부가가치 및 요소소득,2025-07-31,82.74840864225052,12.239078337856903
대전,대전광역시,서구,문화 및 기타서비스업,2023,4032.156082305352,4593.53,206_DT_2020Y25GRDP2,대전광역시 경제활동별 지역내총부가가치 및 요소소득,2026-06-22,561.3739176946478,12.2209698792573
서울,서울특별시,중구,운수 및 창고업,2022,19114.19552351551,17033.33,201_DT_201012_D040031,서울특별시 경제활동별 지역내총부가가치 및 요소소득,2025-10-29,2080.8655235155093,12.216434035596734
부산,부산광역시,동구,문화 및 기타서비스업,2022,1179.4463397603292,1343.57,202_DT_F10108,부산광역시 경제활동별 지역내총부가가치 및 요소소득,2025-03-31,164.1236602396707,12.215490092787924
대전,대전광역시,서구,도매 및 소매업,2023,11110.996209942405,12656.39,206_DT_2020Y25GRDP2,대전광역시 경제활동별 지역내총부가가치 및 요소소득,2026-06-22,1545.3937900575947,12.21038376707414
전남,전라남도,광양시,도매 및 소매업,2021,2493.4407681997186,2840.24,215_DT_2020Y36GRDP2,전라남도 경제활동별 지역내총부가가치 및 요소소득,2025-05-20,346.7992318002812,12.21020870772474
인천,인천광역시,미추홀구,"광업, 제조업",2022,9616.158439124973,8569.84,204_DT_2020Y23GRDP2,인천광역시 경제활동별 지역내총부가가치 및 요소소득,2025-06-17,1046.3184391249724,12.209311248809456
서울,서울특별시,서대문구,금융 및 보험업,2022,6895.517266157406,6145.7,201_DT_201012_D040031,서울특별시 경제활동별 지역내총부가가치 및 요소소득,2025-10-29,749.8172661574063,12.20068122683187
경기도,경기도,화성시,문화 및 기타서비스업,2022,13339.021272830541,11889.25,210_DT_GRDP008_2020,경기도 경제활동별 지역내총부가가치 및 요소소득,2026-05-13,1449.7712728305414,12.193967431339583
경기도,경기도,하남시,"광업, 제조업",2023,9732.645473271463,8675.0,210_DT_GRDP008_2020,경기도 경제활동별 지역내총부가가치 및 요소소득,2026-05-13,1057.6454732714628,12.191878654426084
충북,충청북도,괴산군,정보통신업,2023,113.6054209622103,101.28,212_DT_2020Y33GRDP2,충청북도 경제활동별 지역내총부가가치 및 요소소득,2026-02-19,12.325420962210302,12.169649449259778
서울,서울특별시,관악구,정보통신업,2022,5846.503034044541,5212.39,201_DT_201012_D040031,서울특별시 경제활동별 지역내총부가가치 및 요소소득,2025-10-29,634.1130340445407,12.165494793070753
경북,경상북도,칠곡군,숙박 및 음식점업,2021,853.1179833563955,971.24,216_DT_GRDP202037_02,경상북도 경제활동별 지역내총부가가치 및 요소소득,2025-09-09,118.12201664360452,12.161980215354035
전남,전라남도,장흥군,"광업, 제조업",2021,1181.3208663219064,1053.41,215_DT_2020Y36GRDP2,전라남도 경제활동별 지역내총부가가치 및 요소소득,2025-05-20,127.91086632190627,12.142552882724319
전남,전라남도,무안군,사업서비스업,2023,980.1282588934114,874.04,215_DT_2020Y36GRDP2,전라남도 경제활동별 지역내총부가가치 및 요소소득,2026-06-24,106.08825889341142,12.137689223995633
전북,전북특별자치도,완주군,교육 서비스업,2021,1537.3227731962556,1749.54,214_DT_2020Y35GRDP2,전북특별자치도 경제활동별 지역내총부가가치 및 요소소득,2025-07-31,212.21722680374432,12.129887101966478
경북,경상북도,청도군,문화 및 기타서비스업,2022,1009.2244924497406,900.07,216_DT_GRDP202037_02,경상북도 경제활동별 지역내총부가가치 및 요소소득,2025-09-09,109.15449244974059,12.12733370179437
경기도,경기도,남양주시,건설업,2021,16586.07856172704,14794.81,210_DT_GRDP008_2020,경기도 경제활동별 지역내총부가가치 및 요소소득,2026-05-13,1791.2685617270417,12.107411732405092
경기도,경기도,의정부시,운수 및 창고업,2022,3430.06355360464,3902.5,210_DT_GRDP008_2020,경기도 경제활동별 지역내총부가가치 및 요소소득,2026-05-13,472.4364463953598,12.105994782712614
경북,경상북도,울진군,숙박 및 음식점업,2022,469.65832070008173,418.96,216_DT_GRDP202037_02,경상북도 경제활동별 지역내총부가가치 및 요소소득,2025-09-09,50.69832070008175,12.100993101986289
충북,충청북도,옥천군,운수 및 창고업,2022,594.4917121219539,676.33,212_DT_2020Y33GRDP2,충청북도 경제활동별 지역내총부가가치 및 요소소득,2025-03-17,81.83828787804612,12.100348628339141
경북,경상북도,성주군,건설업,2022,948.1062897614088,845.93,216_DT_GRDP202037_02,경상북도 경제활동별 지역내총부가가치 및 요소소득,2025-09-09,102.17628976140884,12.07857503119748
대구,대구광역시,중구,운수 및 창고업,2022,1516.4016578316603,1352.99,203_DT_2020Y22GRDP2,대구광역시 경제활동별 지역내총부가가치 및 요소소득,2025-09-05,163.41165783166025,12.077817118504958
경남,경상남도,사천시,교육 서비스업,2021,2028.9593071937577,1810.42,217_DT_2020Y38GRDP2,경상남도 경제활동별 지역내총부가가치 및 요소소득,2025-10-28,218.53930719375762,12.071193822083142
전남,전라남도,보성군,"광업, 제조업",2021,626.4317383158356,558.96,215_DT_2020Y36GRDP2,전라남도 경제활동별 지역내총부가가치 및 요소소득,2025-05-20,67.47173831583552,12.070942163273852
충북,충청북도,괴산군,운수 및 창고업,2022,399.06494089619264,356.11,212_DT_2020Y33GRDP2,충청북도 경제활동별 지역내총부가가치 및 요소소득,2025-03-17,42.954940896192625,12.062267528626723
전남,전라남도,영암군,건설업,2021,1388.9920960872212,1579.36,215_DT_2020Y36GRDP2,전라남도 경제활동별 지역내총부가가치 및 요소소득,2025-05-20,190.36790391277873,12.053483937340362
충남,충청남도,서산시,숙박 및 음식점업,2022,1633.5100387739049,1457.8,213_DT_2020Y34GRDP2,충청남도 경제활동별 지역내총부가가치 및 요소소득,2025-06-12,175.7100387739049,12.053096362594657
서울,서울특별시,광진구,운수 및 창고업,2021,2027.7280312314138,1809.74,201_DT_201012_D040031,서울특별시 경제활동별 지역내총부가가치 및 요소소득,2025-10-29,217.98803123141374,12.045267896571538
충남,충청남도,계룡시,교육 서비스업,2022,876.0904232187506,781.93,213_DT_2020Y34GRDP2,충청남도 경제활동별 지역내총부가가치 및 요소소득,2025-06-12,94.16042321875068,12.042052769269715
전북,전북특별자치도,완주군,숙박 및 음식점업,2022,826.1784591703063,737.4,214_DT_2020Y35GRDP2,전북특별자치도 경제활동별 지역내총부가가치 및 요소소득,2025-07-31,88.77845917030629,12.03938963524631
전남,전라남도,고흥군,금융 및 보험업,2021,1124.0094857816744,1003.23,215_DT_2020Y36GRDP2,전라남도 경제활동별 지역내총부가가치 및 요소소득,2025-05-20,120.77948578167434,12.039062406594136
경기도,경기도,시흥시,"광업, 제조업",2022,88331.81668485548,78848.71,210_DT_GRDP008_2020,경기도 경제활동별 지역내총부가가치 및 요소소득,2026-05-13,9483.106684855476,12.026964911481084
전남,전라남도,함평군,도매 및 소매업,2022,649.844143983775,580.08,215_DT_2020Y36GRDP2,전라남도 경제활동별 지역내총부가가치 및 요소소득,2025-05-20,69.76414398377494,12.026641839707443
충남,충청남도,서산시,건설업,2021,13068.156078762777,14852.26,213_DT_2020Y34GRDP2,충청남도 경제활동별 지역내총부가가치 및 요소소득,2025-06-12,1784.1039212372234,12.012339679195108
인천,인천광역시,남동구,도매 및 소매업,2023,9231.273310798033,10491.11,204_DT_2020Y23GRDP2,인천광역시 경제활동별 지역내총부가가치 및 요소소득,2026-06-15,1259.8366892019676,12.008611950517796
부산,부산광역시,강서구,보건 및 사회복지업,2022,1503.9340607907357,1709.14,202_DT_F10108,부산광역시 경제활동별 지역내총부가가치 및 요소소득,2025-03-31,205.20593920926444,12.006385621380602
광주,광주광역시,남구,교육 서비스업,2022,4956.93817993047,4425.917870647054,205_DT_2020Y24GRDP2,광주광역시 경제활동별 지역내총부가가치 및 요소소득,2025-07-23,531.0203092834163,11.99797024714747
부산,부산광역시,동래구,"공공 행정, 국방·사회보장",2021,1343.167523252625,1199.43,202_DT_F10108,부산광역시 경제활동별 지역내총부가가치 및 요소소득,2025-03-31,143.7375232526249,11.983819251863375
전남,전라남도,곡성군,정보통신업,2022,124.91316518550452,141.92,215_DT_2020Y36GRDP2,전라남도 경제활동별 지역내총부가가치 및 요소소득,2025-05-20,17.006834814495463,11.983395444261179
경기도,경기도,고양시,건설업,2021,19021.469344159454,16986.62,210_DT_GRDP008_2020,경기도 경제활동별 지역내총부가가치 및 요소소득,2026-05-13,2034.8493441594546,11.97913030467188
서울,서울특별시,은평구,"광업, 제조업",2023,1165.477704928351,1040.8,201_DT_201012_D040031,서울특별시 경제활동별 지역내총부가가치 및 요소소득,2026-06-19,124.67770492835098,11.97902622293918
전남,전라남도,목포시,도매 및 소매업,2022,4141.781983402971,3698.79,215_DT_2020Y36GRDP2,전라남도 경제활동별 지역내총부가가치 및 요소소득,2025-05-20,442.9919834029706,11.976673003954554
경기도,경기도,의정부시,정보통신업,2022,1291.3321837814008,1153.28,210_DT_GRDP008_2020,경기도 경제활동별 지역내총부가가치 및 요소소득,2026-05-13,138.0521837814008,11.970396068725792
전북,전북특별자치도,임실군,교육 서비스업,2021,608.6783244598156,691.44,214_DT_2020Y35GRDP2,전북특별자치도 경제활동별 지역내총부가가치 및 요소소득,2025-07-31,82.76167554018446,11.969465975382455
전북,전북특별자치도,부안군,문화 및 기타서비스업,2023,528.5098406238808,600.35,214_DT_2020Y35GRDP2,전북특별자치도 경제활동별 지역내총부가가치 및 요소소득,2026-06-24,71.84015937611923,11.966379507973555
경기도,경기도,고양시,정보통신업,2023,9990.664813481933,8922.98,210_DT_GRDP008_2020,경기도 경제활동별 지역내총부가가치 및 요소소득,2026-05-13,1067.6848134819338,11.965563225311879
전북,전북특별자치도,진안군,문화 및 기타서비스업,2021,318.6397652326182,361.94,214_DT_2020Y35GRDP2,전북특별자치도 경제활동별 지역내총부가가치 및 요소소득,2025-07-31,43.30023476738182,11.963373699337412
전남,전라남도,장흥군,문화 및 기타서비스업,2023,651.4186171123963,581.82,215_DT_2020Y36GRDP2,전라남도 경제활동별 지역내총부가가치 및 요소소득,2026-06-24,69.59861711239625,11.962224934240187
울산,울산광역시,중구,정보통신업,2021,1437.7606252002874,1284.15,207_DT_GRDP_2020_02,울산광역시 경제활동별 지역내총부가가치 및 요소소득,2025-07-31,153.61062520028736,11.962046894855535
전남,전라남도,장성군,사업서비스업,2023,577.1339184367014,515.48,215_DT_2020Y36GRDP2,전라남도 경제활동별 지역내총부가가치 및 요소소득,2026-06-24,61.65391843670136,11.960487009525366
경남,경상남도,남해군,정보통신업,2021,271.79177974485117,308.71,217_DT_2020Y38GRDP2,경상남도 경제활동별 지역내총부가가치 및 요소소득,2025-10-28,36.91822025514881,11.95886762824295
충북,충청북도,영동군,정보통신업,2021,184.6779110242547,209.76,212_DT_2020Y33GRDP2,충청북도 경제활동별 지역내총부가가치 및 요소소득,2025-03-17,25.08208897574528,11.95751762764363
전북,전북특별자치도,순창군,문화 및 기타서비스업,2022,241.69831714222906,215.9,214_DT_2020Y35GRDP2,전북특별자치도 경제활동별 지역내총부가가치 및 요소소득,2025-07-31,25.798317142229052,11.94919737944838
충남,충청남도,부여군,사업서비스업,2022,513.5885896117458,583.18,213_DT_2020Y34GRDP2,충청남도 경제활동별 지역내총부가가치 및 요소소득,2025-06-12,69.59141038825419,11.93309276522758
부산,부산광역시,사상구,정보통신업,2021,1585.830203714359,1416.83,202_DT_F10108,부산광역시 경제활동별 지역내총부가가치 및 요소소득,2025-03-31,169.00020371435903,11.928050910438023
대전,대전광역시,대덕구,운수 및 창고업,2023,3541.6539114977636,3164.36,206_DT_2020Y25GRDP2,대전광역시 경제활동별 지역내총부가가치 및 요소소득,2026-06-22,377.2939114977635,11.923229705146174
충북,충청북도,옥천군,사업서비스업,2022,513.5270279300757,583.04,212_DT_2020Y33GRDP2,충청북도 경제활동별 지역내총부가가치 및 요소소득,2025-03-17,69.51297206992422,11.922504814407969
울산,울산광역시,북구,교육 서비스업,2022,2627.3664002247933,2982.7,207_DT_GRDP_2020_02,울산광역시 경제활동별 지역내총부가가치 및 요소소득,2025-07-31,355.3335997752065,11.913152505287375
부산,부산광역시,연제구,보건 및 사회복지업,2021,5051.582339471518,4514.87,202_DT_F10108,부산광역시 경제활동별 지역내총부가가치 및 요소소득,2025-03-31,536.7123394715181,11.88765876916762
경북,경상북도,포항시,교육 서비스업,2021,8021.328560294587,9103.38,216_DT_GRDP202037_02,경상북도 경제활동별 지역내총부가가치 및 요소소득,2026-06-22,1082.0514397054121,11.886260264928106
경북,경상북도,영덕군,"광업, 제조업",2022,563.3271987141237,503.51,216_DT_GRDP202037_02,경상북도 경제활동별 지역내총부가가치 및 요소소득,2025-09-09,59.81719871412372,11.880041849044453
경기도,경기도,과천시,부동산업,2021,4751.724313474483,5392.14,210_DT_GRDP008_2020,경기도 경제활동별 지역내총부가가치 및 요소소득,2026-05-13,640.4156865255172,11.876837146763942
부산,부산광역시,서구,보건 및 사회복지업,2021,8655.804586557339,9822.09,202_DT_F10108,부산광역시 경제활동별 지역내총부가가치 및 요소소득,2025-03-31,1166.2854134426616,11.874106360689646
경북,경상북도,고령군,교육 서비스업,2021,412.7495677313791,368.95,216_DT_GRDP202037_02,경상북도 경제활동별 지역내총부가가치 및 요소소득,2026-06-22,43.79956773137911,11.871410145379894
경기도,경기도,의정부시,문화 및 기타서비스업,2023,4535.098459420636,4053.9,210_DT_GRDP008_2020,경기도 경제활동별 지역내총부가가치 및 요소소득,2026-05-13,481.1984594206356,11.870013059538605
전남,전라남도,곡성군,숙박 및 음식점업,2022,157.99056892816378,141.23,215_DT_2020Y36GRDP2,전라남도 경제활동별 지역내총부가가치 및 요소소득,2025-05-20,16.760568928163792,11.867569870540107
충남,충청남도,계룡시,"광업, 제조업",2021,843.1465392735153,753.75,213_DT_2020Y34GRDP2,충청남도 경제활동별 지역내총부가가치 및 요소소득,2025-06-12,89.39653927351526,11.860237382887597
제주,제주특별자치도,서귀포시,문화 및 기타서비스업,2023,2950.399118238339,3347.37,218_DT_2020GRDP39_02,제주특별자치도 경제활동별 지역내총부가가치 및 요소소득,2026-02-27,396.9708817616611,11.859187414646755
경북,경상북도,울릉군,금융 및 보험업,2022,92.22514842675383,82.45,216_DT_GRDP202037_02,경상북도 경제활동별 지역내총부가가치 및 요소소득,2025-09-09,9.77514842675383,11.855850123412772
부산,부산광역시,연제구,건설업,2021,3000.53832756312,3403.26,202_DT_F10108,부산광역시 경제활동별 지역내총부가가치 및 요소소득,2025-03-31,402.72167243688,11.833408920766558
전남,전라남도,화순군,부동산업,2021,1200.691739004,1073.7,215_DT_2020Y36GRDP2,전라남도 경제활동별 지역내총부가가치 및 요소소득,2025-05-20,126.99173900400001,11.827488032411289
부산,부산광역시,남구,금융 및 보험업,2021,11026.386697614415,9861.27,202_DT_F10108,부산광역시 경제활동별 지역내총부가가치 및 요소소득,2025-03-31,1165.116697614414,11.815077546953018
경기도,경기도,남양주시,운수 및 창고업,2021,5603.730373923474,5011.8,210_DT_GRDP008_2020,경기도 경제활동별 지역내총부가가치 및 요소소득,2026-05-13,591.9303739234738,11.810734145885187
경북,경상북도,칠곡군,숙박 및 음식점업,2022,1105.3649342010501,1253.35,216_DT_GRDP202037_02,경상북도 경제활동별 지역내총부가가치 및 요소소득,2025-09-09,147.9850657989498,11.807162069569538
충북,충청북도,괴산군,도매 및 소매업,2021,543.5024681155193,616.23,212_DT_2020Y33GRDP2,충청북도 경제활동별 지역내총부가가치 및 요소소득,2025-03-17,72.72753188448075,11.802010918728518
전북,전북특별자치도,정읍시,도매 및 소매업,2022,1699.9424393738404,1520.56,214_DT_2020Y35GRDP2,전북특별자치도 경제활동별 지역내총부가가치 및 요소소득,2025-07-31,179.3824393738405,11.797129963555566
경남,경상남도,의령군,숙박 및 음식점업,2022,438.62242663099204,392.35,217_DT_2020Y38GRDP2,경상남도 경제활동별 지역내총부가가치 및 요소소득,2025-10-28,46.272426630992015,11.793660413149487
경남,경상남도,남해군,운수 및 창고업,2021,322.5774737652091,365.7,217_DT_2020Y38GRDP2,경상남도 경제활동별 지역내총부가가치 및 요소소득,2025-10-28,43.12252623479088,11.791776383590616
전남,전라남도,담양군,정보통신업,2021,283.8018435391633,253.88,215_DT_2020Y36GRDP2,전라남도 경제활동별 지역내총부가가치 및 요소소득,2025-05-20,29.92184353916332,11.785821466505169
인천,인천광역시,동구,도매 및 소매업,2023,2367.5571285425694,2683.69,204_DT_2020Y23GRDP2,인천광역시 경제활동별 지역내총부가가치 및 요소소득,2026-06-01,316.1328714574306,11.779783486819664
대전,대전광역시,동구,문화 및 기타서비스업,2023,1451.6707671768145,1645.43,206_DT_2020Y25GRDP2,대전광역시 경제활동별 지역내총부가가치 및 요소소득,2026-06-22,193.75923282318558,11.775598647355741
전북,전북특별자치도,고창군,금융 및 보험업,2022,250.49858461507617,224.12,214_DT_2020Y35GRDP2,전북특별자치도 경제활동별 지역내총부가가치 및 요소소득,2025-07-31,26.378584615076164,11.769848569996503
전남,전라남도,완도군,사업서비스업,2022,127.24799601176423,144.22,215_DT_2020Y36GRDP2,전라남도 경제활동별 지역내총부가가치 및 요소소득,2025-12-08,16.97200398823577,11.768134785907481
전북,전북특별자치도,장수군,보건 및 사회복지업,2023,308.30993360933905,275.88,214_DT_2020Y35GRDP2,전북특별자치도 경제활동별 지역내총부가가치 및 요소소득,2026-06-24,32.42993360933906,11.75508685273998
서울,서울특별시,도봉구,사업서비스업,2022,2992.482565134908,2677.9,201_DT_201012_D040031,서울특별시 경제활동별 지역내총부가가치 및 요소소득,2025-10-29,314.5825651349078,11.74736043671936
부산,부산광역시,북구,운수 및 창고업,2022,1472.8970372257636,1318.17,202_DT_F10108,부산광역시 경제활동별 지역내총부가가치 및 요소소득,2025-03-31,154.72703722576352,11.738018406257426
경북,경상북도,김천시,보건 및 사회복지업,2023,3392.804430800751,3036.55,216_DT_GRDP202037_02,경상북도 경제활동별 지역내총부가가치 및 요소소득,2026-06-22,356.2544308007509,11.732210264963557
충북,충청북도,단양군,건설업,2022,796.073992295833,901.8,212_DT_2020Y33GRDP2,충청북도 경제활동별 지역내총부가가치 및 요소소득,2025-03-17,105.72600770416693,11.723886416518845
경기도,경기도,양평군,건설업,2023,3207.630526137633,2871.18,210_DT_GRDP008_2020,경기도 경제활동별 지역내총부가가치 및 요소소득,2026-05-13,336.450526137633,11.718196913381712
충북,충청북도,제천시,숙박 및 음식점업,2023,1280.0517271718843,1145.86,212_DT_2020Y33GRDP2,충청북도 경제활동별 지역내총부가가치 및 요소소득,2026-02-19,134.1917271718844,11.711005460691917
대전,대전광역시,대덕구,보건 및 사회복지업,2021,3335.7131260701035,2986.14,206_DT_2020Y25GRDP2,대전광역시 경제활동별 지역내총부가가치 및 요소소득,2025-04-10,349.5731260701036,11.70652166576596
전북,전북특별자치도,익산시,교육 서비스업,2021,6488.4661249696255,5809.57,214_DT_2020Y35GRDP2,전북특별자치도 경제활동별 지역내총부가가치 및 요소소득,2025-07-31,678.8961249696258,11.68582399333558
대전,대전광역시,유성구,건설업,2023,10487.13409457098,9390.25,206_DT_2020Y25GRDP2,대전광역시 경제활동별 지역내총부가가치 및 요소소득,2026-06-22,1096.8840945709799,11.681095759654747
충북,충청북도,증평군,정보통신업,2023,112.61618952395094,100.84,212_DT_2020Y33GRDP2,충청북도 경제활동별 지역내총부가가치 및 요소소득,2026-02-19,11.776189523950933,11.6780935382298
전북,전북특별자치도,군산시,운수 및 창고업,2023,6006.002447604824,5378.17,214_DT_2020Y35GRDP2,전북특별자치도 경제활동별 지역내총부가가치 및 요소소득,2026-06-24,627.8324476048238,11.67371889703791
전북,전북특별자치도,정읍시,"공공 행정, 국방·사회보장",2022,4809.993223550546,4307.96,214_DT_2020Y35GRDP2,전북특별자치도 경제활동별 지역내총부가가치 및 요소소득,2025-07-31,502.0332235505457,11.65361850041657
경북,경상북도,군위군,부동산업,2023,421.26493663161864,377.32,216_DT_GRDP202037_02,경상북도 경제활동별 지역내총부가가치 및 요소소득,2026-06-22,43.944936631618646,11.646596160187281
충북,충청북도,제천시,사업서비스업,2022,1074.0666600954285,1215.6,212_DT_2020Y33GRDP2,충청북도 경제활동별 지역내총부가가치 및 요소소득,2025-03-17,141.53333990457145,11.643084888497159
서울,서울특별시,금천구,정보통신업,2023,39891.66367554823,35740.15,201_DT_201012_D040031,서울특별시 경제활동별 지역내총부가가치 및 요소소득,2026-06-19,4151.513675548231,11.61582611026599
경북,경상북도,경주시,도매 및 소매업,2023,7749.025624257544,6942.81,216_DT_GRDP202037_02,경상북도 경제활동별 지역내총부가가치 및 요소소득,2026-06-22,806.2156242575438,11.612238045655056
강원,강원특별자치도,속초시,도매 및 소매업,2022,1686.77720738591,1511.38,211_DT_2020Y32GRDP2,강원특별자치도 경제활동별 지역내총부가가치 및 요소소득,2025-03-19,175.39720738590995,11.605103110131797
강원,강원특별자치도,양구군,숙박 및 음식점업,2022,240.6277624872617,215.63,211_DT_2020Y32GRDP2,강원특별자치도 경제활동별 지역내총부가가치 및 요소소득,2025-03-19,24.997762487261696,11.592896390697813
강원,강원특별자치도,강릉시,운수 및 창고업,2022,4955.545123178003,4440.87,211_DT_2020Y32GRDP2,강원특별자치도 경제활동별 지역내총부가가치 및 요소소득,2025-03-19,514.6751231780036,11.589511135836077
경북,경상북도,영양군,"광업, 제조업",2023,150.6529526207892,135.01,216_DT_GRDP202037_02,경상북도 경제활동별 지역내총부가가치 및 요소소득,2026-06-22,15.642952620789202,11.586514051395604
인천,인천광역시,강화군,운수 및 창고업,2021,345.349474422129,309.54,204_DT_2020Y23GRDP2,인천광역시 경제활동별 지역내총부가가치 및 요소소득,2025-06-17,35.80947442212897,11.568609686027322
서울,서울특별시,금천구,부동산업,2023,11537.47539544136,10342.01,201_DT_201012_D040031,서울특별시 경제활동별 지역내총부가가치 및 요소소득,2026-06-19,1195.4653954413607,11.559313861051775
경남,경상남도,통영시,사업서비스업,2021,1810.7433594717309,1623.19,217_DT_2020Y38GRDP2,경상남도 경제활동별 지역내총부가가치 및 요소소득,2025-10-28,187.5533594717308,11.55461526202914
경북,경상북도,청송군,건설업,2023,579.8270220108755,519.81,216_DT_GRDP202037_02,경상북도 경제활동별 지역내총부가가치 및 요소소득,2026-06-22,60.01702201087551,11.545953715949196
경북,경상북도,울진군,숙박 및 음식점업,2021,460.2943674446828,412.67,216_DT_GRDP202037_02,경상북도 경제활동별 지역내총부가가치 및 요소소득,2025-09-09,47.624367444682775,11.54054509527777
경북,경상북도,의성군,운수 및 창고업,2021,595.8747416297324,673.61,216_DT_GRDP202037_02,경상북도 경제활동별 지역내총부가가치 및 요소소득,2025-09-09,77.73525837026762,11.540098628326126
전남,전라남도,담양군,"광업, 제조업",2023,3390.071947588238,3039.63,215_DT_2020Y36GRDP2,전라남도 경제활동별 지역내총부가가치 및 요소소득,2026-06-24,350.4419475882378,11.529098857039765
경북,경상북도,상주시,도매 및 소매업,2022,1064.9014066331874,1203.63,216_DT_GRDP202037_02,경상북도 경제활동별 지역내총부가가치 및 요소소득,2025-09-09,138.72859336681267,11.52585041639147
경북,경상북도,경산시,정보통신업,2021,972.4879176446149,1099.11,216_DT_GRDP202037_02,경상북도 경제활동별 지역내총부가가치 및 요소소득,2025-09-09,126.62208235538503,11.520419462600199
강원,강원특별자치도,인제군,숙박 및 음식점업,2022,462.8297411469267,415.06,211_DT_2020Y32GRDP2,강원특별자치도 경제활동별 지역내총부가가치 및 요소소득,2025-03-19,47.76974114692672,11.509117030532144
전북,전북특별자치도,무주군,숙박 및 음식점업,2021,354.300537551297,317.74,214_DT_2020Y35GRDP2,전북특별자치도 경제활동별 지역내총부가가치 및 요소소득,2025-07-31,36.56053755129699,11.506432161923897
서울,서울특별시,노원구,"광업, 제조업",2023,2035.108606690289,1825.12,201_DT_201012_D040031,서울특별시 경제활동별 지역내총부가가치 및 요소소득,2026-06-19,209.9886066902891,11.505468500169256
전북,전북특별자치도,익산시,사업서비스업,2022,3322.4634391660597,2979.67,214_DT_2020Y35GRDP2,전북특별자치도 경제활동별 지역내총부가가치 및 요소소득,2025-07-31,342.79343916605967,11.50440952072074
전남,전라남도,순천시,운수 및 창고업,2021,2213.8508876230253,1985.61,215_DT_2020Y36GRDP2,전라남도 경제활동별 지역내총부가가치 및 요소소득,2025-05-20,228.2408876230254,11.49474910093248
강원,강원특별자치도,양구군,정보통신업,2021,84.82312085792111,76.08,211_DT_2020Y32GRDP2,강원특별자치도 경제활동별 지역내총부가가치 및 요소소득,2025-03-19,8.743120857921113,11.49200953985425
경북,경상북도,청도군,금융 및 보험업,2022,361.472858125803,324.26,216_DT_GRDP202037_02,경상북도 경제활동별 지역내총부가가치 및 요소소득,2025-09-09,37.212858125802995,11.476240709863381
서울,서울특별시,양천구,운수 및 창고업,2021,3299.667329851882,3727.41,201_DT_201012_D040031,서울특별시 경제활동별 지역내총부가가치 및 요소소득,2025-10-29,427.74267014811767,11.475600219673115
전북,전북특별자치도,남원시,교육 서비스업,2022,1595.253605266885,1431.25,214_DT_2020Y35GRDP2,전북특별자치도 경제활동별 지역내총부가가치 및 요소소득,2025-07-31,164.00360526688496,11.458767180219038
경기도,경기도,군포시,정보통신업,2022,2539.778230486333,2868.3,210_DT_GRDP008_2020,경기도 경제활동별 지역내총부가가치 및 요소소득,2026-05-13,328.5217695136671,11.45353587538497
서울,서울특별시,도봉구,숙박 및 음식점업,2022,1555.6300889701715,1395.81,201_DT_201012_D040031,서울특별시 경제활동별 지역내총부가가치 및 요소소득,2025-10-29,159.82008897017158,11.449988821556772
전남,전라남도,나주시,금융 및 보험업,2022,1793.9265615277347,2025.68,215_DT_2020Y36GRDP2,전라남도 경제활동별 지역내총부가가치 및 요소소득,2025-05-20,231.75343847226532,11.440772405921237
서울,서울특별시,강남구,"광업, 제조업",2022,34770.12461778309,31201.2,201_DT_201012_D040031,서울특별시 경제활동별 지역내총부가가치 및 요소소득,2025-10-29,3568.92461778309,11.438421015163167
전남,전라남도,해남군,건설업,2023,1252.0266925386068,1123.53,215_DT_2020Y36GRDP2,전라남도 경제활동별 지역내총부가가치 및 요소소득,2026-06-24,128.4966925386068,11.436872405597251
경기도,경기도,과천시,정보통신업,2021,5879.357106080435,5276.1,210_DT_GRDP008_2020,경기도 경제활동별 지역내총부가가치 및 요소소득,2026-05-13,603.2571060804348,11.433769376631126
부산,부산광역시,강서구,숙박 및 음식점업,2022,1565.7022438110753,1767.69,202_DT_F10108,부산광역시 경제활동별 지역내총부가가치 및 요소소득,2025-03-31,201.98775618892478,11.426650384904862
전남,전라남도,진도군,숙박 및 음식점업,2022,282.88528895536945,319.36,215_DT_2020Y36GRDP2,전라남도 경제활동별 지역내총부가가치 및 요소소득,2025-05-20,36.47471104463057,11.421189580608267
경기도,경기도,안성시,운수 및 창고업,2022,4157.370123811746,4693.11,210_DT_GRDP008_2020,경기도 경제활동별 지역내총부가가치 및 요소소득,2026-05-13,535.7398761882532,11.415455341729754
강원,강원특별자치도,화천군,사업서비스업,2022,131.70095765255653,118.22,211_DT_2020Y32GRDP2,강원특별자치도 경제활동별 지역내총부가가치 및 요소소득,2025-03-19,13.480957652556526,11.403280030922454
충북,충청북도,증평군,교육 서비스업,2021,175.52060703430675,198.11,212_DT_2020Y33GRDP2,충청북도 경제활동별 지역내총부가가치 및 요소소득,2025-03-17,22.589392965693264,11.402449631867782
전남,전라남도,진도군,"광업, 제조업",2023,386.27713345242825,435.99,215_DT_2020Y36GRDP2,전라남도 경제활동별 지역내총부가가치 및 요소소득,2026-06-24,49.712866547571764,11.402295132358944
전남,전라남도,완도군,사업서비스업,2023,151.40107268069897,170.88,215_DT_2020Y36GRDP2,전라남도 경제활동별 지역내총부가가치 및 요소소득,2026-06-24,19.47892731930102,11.399184994909305
전남,전라남도,해남군,문화 및 기타서비스업,2022,621.7501265547265,558.14,215_DT_2020Y36GRDP2,전라남도 경제활동별 지역내총부가가치 및 요소소득,2025-05-20,63.61012655472655,11.396804843717803
전남,전라남도,해남군,사업서비스업,2023,425.8693187794977,382.3,215_DT_2020Y36GRDP2,전라남도 경제활동별 지역내총부가가치 및 요소소득,2026-06-24,43.56931877949768,11.396630598874621
충남,충청남도,홍성군,문화 및 기타서비스업,2022,1165.2779271013944,1046.08,213_DT_2020Y34GRDP2,충청남도 경제활동별 지역내총부가가치 및 요소소득,2025-06-12,119.1979271013945,11.394723835786413
경기도,경기도,김포시,정보통신업,2023,1370.4499956770392,1546.69,210_DT_GRDP008_2020,경기도 경제활동별 지역내총부가가치 및 요소소득,2026-05-13,176.24000432296089,11.394655963571296
경기도,경기도,남양주시,건설업,2023,10038.841906257017,9012.82,210_DT_GRDP008_2020,경기도 경제활동별 지역내총부가가치 및 요소소득,2026-05-13,1026.0219062570177,11.384027488144861
경남,경상남도,고성군,보건 및 사회복지업,2021,1346.998369877401,1520.0,217_DT_2020Y38GRDP2,경상남도 경제활동별 지역내총부가가치 및 요소소득,2025-10-28,173.00163012259895,11.381686192276247
인천,인천광역시,연수구,건설업,2021,12542.068854205378,11262.38,204_DT_2020Y23GRDP2,인천광역시 경제활동별 지역내총부가가치 및 요소소득,2025-03-25,1279.6888542053784,11.362508228326327
인천,인천광역시,미추홀구,건설업,2022,6757.8325926059515,7622.63,204_DT_2020Y23GRDP2,인천광역시 경제활동별 지역내총부가가치 및 요소소득,2025-06-17,864.7974073940486,11.345131632967211
부산,부산광역시,기장군,건설업,2022,5884.2679786512,5284.74,202_DT_F10108,부산광역시 경제활동별 지역내총부가가치 및 요소소득,2025-03-31,599.5279786512001,11.344512287287552
전남,전라남도,목포시,부동산업,2021,3783.591801603864,4267.43,215_DT_2020Y36GRDP2,전라남도 경제활동별 지역내총부가가치 및 요소소득,2025-05-20,483.83819839613625,11.33792934848694
울산,울산광역시,동구,교육 서비스업,2022,2529.1100609260916,2852.51,207_DT_GRDP_2020_02,울산광역시 경제활동별 지역내총부가가치 및 요소소득,2025-07-31,323.3999390739086,11.337381431578104
전남,전라남도,영암군,교육 서비스업,2023,1304.1823740436657,1171.46,215_DT_2020Y36GRDP2,전라남도 경제활동별 지역내총부가가치 및 요소소득,2026-06-24,132.7223740436657,11.329654793477003
전남,전라남도,광양시,"광업, 제조업",2022,43858.567731976764,39395.98,215_DT_2020Y36GRDP2,전라남도 경제활동별 지역내총부가가치 및 요소소득,2025-05-20,4462.587731976761,11.327520554068613
경남,경상남도,밀양시,운수 및 창고업,2022,1675.7456493534385,1505.25,217_DT_2020Y38GRDP2,경상남도 경제활동별 지역내총부가가치 및 요소소득,2025-10-28,170.49564935343847,11.326733057860054
대전,대전광역시,서구,정보통신업,2022,7860.432347306929,8864.36,206_DT_2020Y25GRDP2,대전광역시 경제활동별 지역내총부가가치 및 요소소득,2025-04-10,1003.9276526930716,11.325438640726139
충남,충청남도,논산시,사업서비스업,2022,1252.3698107721289,1125.09,213_DT_2020Y34GRDP2,충청남도 경제활동별 지역내총부가가치 및 요소소득,2025-06-12,127.27981077212894,11.312855929048249
대전,대전광역시,동구,"공공 행정, 국방·사회보장",2022,3066.993466391951,2755.33,206_DT_2020Y25GRDP2,대전광역시 경제활동별 지역내총부가가치 및 요소소득,2025-04-10,311.66346639195126,11.311293616080516
강원,강원특별자치도,원주시,숙박 및 음식점업,2022,3642.500905243962,3272.48,211_DT_2020Y32GRDP2,강원특별자치도 경제활동별 지역내총부가가치 및 요소소득,2025-03-19,370.0209052439618,11.307048637240314
충북,충청북도,음성군,사업서비스업,2023,6652.1465759305065,5976.5,212_DT_2020Y33GRDP2,충청북도 경제활동별 지역내총부가가치 및 요소소득,2026-02-19,675.6465759305065,11.305054395223065
부산,부산광역시,동구,사업서비스업,2022,7074.96600563748,7976.64,202_DT_F10108,부산광역시 경제활동별 지역내총부가가치 및 요소소득,2025-03-31,901.6739943625207,11.30393241217506
경북,경상북도,영주시,도매 및 소매업,2021,1732.931133140957,1556.94,216_DT_GRDP202037_02,경상북도 경제활동별 지역내총부가가치 및 요소소득,2025-09-09,175.9911331409569,11.30365544856943
광주,광주광역시,광산구,교육 서비스업,2022,6050.856833127985,6820.971382455764,205_DT_2020Y24GRDP2,광주광역시 경제활동별 지역내총부가가치 및 요소소득,2025-07-23,770.1145493277791,11.29039408241167
대전,대전광역시,중구,도매 및 소매업,2022,6025.135800385045,5414.21,206_DT_2020Y25GRDP2,대전광역시 경제활동별 지역내총부가가치 및 요소소득,2025-04-10,610.9258003850446,11.283747774560732
부산,부산광역시,중구,교육 서비스업,2022,315.74742758865085,283.74,202_DT_F10108,부산광역시 경제활동별 지역내총부가가치 및 요소소득,2025-03-31,32.00742758865084,11.280548244396575
충남,충청남도,논산시,"공공 행정, 국방·사회보장",2021,8831.7726970039,7937.34,213_DT_2020Y34GRDP2,충청남도 경제활동별 지역내총부가가치 및 요소소득,2025-06-12,894.4326970039001,11.268670574826075
대구,대구광역시,서구,"광업, 제조업",2022,9239.217458155974,8303.769999999999,203_DT_2020Y22GRDP2,대구광역시 경제활동별 지역내총부가가치 및 요소소득,2025-09-05,935.4474581559753,11.265334398182699
부산,부산광역시,서구,건설업,2022,2371.780593848177,2131.73,202_DT_F10108,부산광역시 경제활동별 지역내총부가가치 및 요소소득,2025-03-31,240.05059384817696,11.260834807793527
부산,부산광역시,동래구,정보통신업,2021,1756.4800111605161,1578.86,202_DT_F10108,부산광역시 경제활동별 지역내총부가가치 및 요소소득,2025-03-31,177.62001116051624,11.24988986740536
경북,경상북도,울릉군,"광업, 제조업",2021,118.05222808518613,106.12,216_DT_GRDP202037_02,경상북도 경제활동별 지역내총부가가치 및 요소소득,2026-06-22,11.932228085186125,11.244089790035925
강원,강원특별자치도,횡성군,숙박 및 음식점업,2022,665.2743629661297,598.04,211_DT_2020Y32GRDP2,강원특별자치도 경제활동별 지역내총부가가치 및 요소소득,2025-03-19,67.23436296612977,11.242452505874152
경남,경상남도,의령군,금융 및 보험업,2021,558.1349587820733,501.73,217_DT_2020Y38GRDP2,경상남도 경제활동별 지역내총부가가치 및 요소소득,2025-10-28,56.40495878207332,11.242094110791326
경북,경상북도,김천시,사업서비스업,2021,4846.647038474952,5460.38,216_DT_GRDP202037_02,경상북도 경제활동별 지역내총부가가치 및 요소소득,2025-09-09,613.7329615250483,11.239748177325538
울산,울산광역시,동구,정보통신업,2022,216.65122743569282,244.07,207_DT_GRDP_2020_02,울산광역시 경제활동별 지역내총부가가치 및 요소소득,2025-07-31,27.418772564307176,11.233979007787593
충북,충청북도,영동군,문화 및 기타서비스업,2023,455.7691984510436,513.41,212_DT_2020Y33GRDP2,충청북도 경제활동별 지역내총부가가치 및 요소소득,2026-02-19,57.64080154895635,11.227050807143677
전북,전북특별자치도,정읍시,정보통신업,2023,632.566646435596,568.72,214_DT_2020Y35GRDP2,전북특별자치도 경제활동별 지역내총부가가치 및 요소소득,2026-06-24,63.84664643559597,11.22637614917639
경기도,경기도,동두천시,"광업, 제조업",2023,3227.232412082181,2901.67,210_DT_GRDP008_2020,경기도 경제활동별 지역내총부가가치 및 요소소득,2026-05-13,325.5624120821808,11.21982899785919
강원,강원특별자치도,영월군,운수 및 창고업,2021,288.6744659712165,325.14,211_DT_2020Y32GRDP2,강원특별자치도 경제활동별 지역내총부가가치 및 요소소득,2025-03-19,36.46553402878351,11.21533309613813
경기도,경기도,남양주시,사업서비스업,2022,6039.980753122185,5431.21,210_DT_GRDP008_2020,경기도 경제활동별 지역내총부가가치 및 요소소득,2026-05-13,608.7707531221849,11.208750041375401
경남,경상남도,의령군,보건 및 사회복지업,2021,936.9632494008857,1055.24,217_DT_2020Y38GRDP2,경상남도 경제활동별 지역내총부가가치 및 요소소득,2025-10-28,118.27675059911428,11.208516602774182
강원,강원특별자치도,삼척시,"광업, 제조업",2022,4531.792736609215,4075.1,211_DT_2020Y32GRDP2,강원특별자치도 경제활동별 지역내총부가가치 및 요소소득,2025-03-19,456.69273660921544,11.206908704307022
전남,전라남도,무안군,교육 서비스업,2023,3693.800758009953,4159.95,215_DT_2020Y36GRDP2,전라남도 경제활동별 지역내총부가가치 및 요소소득,2026-06-24,466.1492419900469,11.205645307997617
충남,충청남도,아산시,정보통신업,2021,917.3681607393839,1032.99,213_DT_2020Y34GRDP2,충청남도 경제활동별 지역내총부가가치 및 요소소득,2025-06-12,115.62183926061607,11.192929192016967
충남,충청남도,공주시,"광업, 제조업",2022,11507.264673022099,10349.009999999998,213_DT_2020Y34GRDP2,충청남도 경제활동별 지역내총부가가치 및 요소소득,2025-06-12,1158.2546730221002,11.191936939109155
부산,부산광역시,부산진구,정보통신업,2022,2438.6361214756407,2745.87,202_DT_F10108,부산광역시 경제활동별 지역내총부가가치 및 요소소득,2025-03-31,307.23387852435917,11.188944797982394
경기도,경기도,평택시,사업서비스업,2022,15274.879401270593,17199.26,210_DT_GRDP008_2020,경기도 경제활동별 지역내총부가가치 및 요소소득,2026-05-13,1924.3805987294054,11.188740670990528
울산,울산광역시,동구,금융 및 보험업,2021,1529.0077465217676,1375.27,207_DT_GRDP_2020_02,울산광역시 경제활동별 지역내총부가가치 및 요소소득,2025-07-31,153.73774652176758,11.178731923314517
경북,경상북도,영주시,보건 및 사회복지업,2021,2064.686750373027,1857.11,216_DT_GRDP202037_02,경상북도 경제활동별 지역내총부가가치 및 요소소득,2025-09-09,207.57675037302693,11.17740738960142
서울,서울특별시,동작구,부동산업,2023,11927.70771991077,13427.39,201_DT_201012_D040031,서울특별시 경제활동별 지역내총부가가치 및 요소소득,2026-06-19,1499.6822800892296,11.16882938597322
전남,전라남도,영광군,문화 및 기타서비스업,2023,406.0844604861239,365.29,215_DT_2020Y36GRDP2,전라남도 경제활동별 지역내총부가가치 및 요소소득,2026-06-24,40.79446048612385,11.167691556331642
전북,전북특별자치도,익산시,금융 및 보험업,2023,3944.158917434976,3548.0,214_DT_2020Y35GRDP2,전북특별자치도 경제활동별 지역내총부가가치 및 요소소득,2026-06-24,396.15891743497605,11.165696658257499
강원,강원특별자치도,속초시,건설업,2021,2557.657569389743,2878.66,211_DT_2020Y32GRDP2,강원특별자치도 경제활동별 지역내총부가가치 및 요소소득,2025-03-19,321.00243061025685,11.151106091384772
전남,전라남도,곡성군,문화 및 기타서비스업,2021,246.15137140328522,277.04,215_DT_2020Y36GRDP2,전라남도 경제활동별 지역내총부가가치 및 요소소득,2025-05-20,30.888628596714796,11.149519418392577
전남,전라남도,함평군,정보통신업,2022,143.3631067624247,161.34,215_DT_2020Y36GRDP2,전라남도 경제활동별 지역내총부가가치 및 요소소득,2025-05-20,17.976893237575297,11.142241996761681
서울,서울특별시,강북구,건설업,2021,2169.3804387652262,2441.23,201_DT_201012_D040031,서울특별시 경제활동별 지역내총부가가치 및 요소소득,2025-10-29,271.8495612347738,11.135761941102386
제주,제주특별자치도,서귀포시,"광업, 제조업",2023,1477.9047549178504,1329.84,218_DT_2020GRDP39_02,제주특별자치도 경제활동별 지역내총부가가치 및 요소소득,2026-02-27,148.06475491785045,11.134027771600378
경북,경상북도,안동시,정보통신업,2023,1208.340995352595,1087.33,216_DT_GRDP202037_02,경상북도 경제활동별 지역내총부가가치 및 요소소득,2026-06-22,121.01099535259505,11.129187583585026
경남,경상남도,남해군,사업서비스업,2021,505.1087112977824,568.31,217_DT_2020Y38GRDP2,경상남도 경제활동별 지역내총부가가치 및 요소소득,2025-10-28,63.20128870221754,11.120917932504714
경기도,경기도,안성시,정보통신업,2022,159.83809619051206,179.83,210_DT_GRDP008_2020,경기도 경제활동별 지역내총부가가치 및 요소소득,2026-05-13,19.99190380948795,11.117112722842656
경기도,경기도,파주시,문화 및 기타서비스업,2021,5698.031794381004,6410.58,210_DT_GRDP008_2020,경기도 경제활동별 지역내총부가가치 및 요소소득,2026-05-13,712.5482056189958,11.115190912819054
전남,전라남도,목포시,부동산업,2023,3121.5963767379776,2809.43,215_DT_2020Y36GRDP2,전라남도 경제활동별 지역내총부가가치 및 요소소득,2026-06-24,312.16637673797777,11.111377636672842
경기도,경기도,안성시,숙박 및 음식점업,2021,1794.0913638714615,2018.28,210_DT_GRDP008_2020,경기도 경제활동별 지역내총부가가치 및 요소소득,2026-05-13,224.18863612853852,11.107905549702645
충북,충청북도,진천군,교육 서비스업,2022,2448.2750583824786,2203.63,212_DT_2020Y33GRDP2,충청북도 경제활동별 지역내총부가가치 및 요소소득,2025-03-17,244.6450583824785,11.101911772052409
대전,대전광역시,유성구,도매 및 소매업,2021,7955.525370172061,8948.86,206_DT_2020Y25GRDP2,대전광역시 경제활동별 지역내총부가가치 및 요소소득,2025-04-10,993.3346298279394,11.10012481844547
대전,대전광역시,중구,"공공 행정, 국방·사회보장",2023,2315.844070661839,2604.98,206_DT_2020Y25GRDP2,대전광역시 경제활동별 지역내총부가가치 및 요소소득,2026-06-22,289.1359293381611,11.09935313661376
경기도,경기도,파주시,운수 및 창고업,2023,10121.286646715827,9110.81,210_DT_GRDP008_2020,경기도 경제활동별 지역내총부가가치 및 요소소득,2026-05-13,1010.4766467158279,11.090963884833819
전북,전북특별자치도,고창군,숙박 및 음식점업,2023,427.68297638496506,385.0,214_DT_2020Y35GRDP2,전북특별자치도 경제활동별 지역내총부가가치 및 요소소득,2026-06-24,42.68297638496506,11.086487372718198
강원,강원특별자치도,정선군,정보통신업,2022,208.66955553885543,234.68,211_DT_2020Y32GRDP2,강원특별자치도 경제활동별 지역내총부가가치 및 요소소득,2025-03-19,26.010444461144573,11.083366482505783
전남,전라남도,광양시,건설업,2022,8652.742384406365,9730.16,215_DT_2020Y36GRDP2,전라남도 경제활동별 지역내총부가가치 및 요소소득,2025-05-20,1077.4176155936348,11.072969155631919
서울,서울특별시,강남구,건설업,2021,16591.43050572687,18657.26,201_DT_201012_D040031,서울특별시 경제활동별 지역내총부가가치 및 요소소득,2025-10-29,2065.82949427313,11.072523480259857
경남,경상남도,창녕군,건설업,2021,1161.8153792327641,1046.04,217_DT_2020Y38GRDP2,경상남도 경제활동별 지역내총부가가치 및 요소소득,2025-10-28,115.77537923276418,11.067968646778725
부산,부산광역시,북구,부동산업,2021,5452.015134144181,6128.69,202_DT_F10108,부산광역시 경제활동별 지역내총부가가치 및 요소소득,2025-03-31,676.674865855819,11.041101211773137
경북,경상북도,영주시,부동산업,2022,1629.2508947495871,1831.38,216_DT_GRDP202037_02,경상북도 경제활동별 지역내총부가가치 및 요소소득,2025-09-09,202.12910525041298,11.036983326803448
전남,전라남도,강진군,문화 및 기타서비스업,2023,388.47201953240017,349.87,215_DT_2020Y36GRDP2,전라남도 경제활동별 지역내총부가가치 및 요소소득,2026-06-24,38.60201953240016,11.033246500814634
대구,대구광역시,동구,"공공 행정, 국방·사회보장",2021,7926.481596383497,7139.85,203_DT_2020Y22GRDP2,대구광역시 경제활동별 지역내총부가가치 및 요소소득,2025-09-05,786.6315963834968,11.017480708747337
전남,전라남도,영암군,도매 및 소매업,2021,1353.6354913494686,1219.45,215_DT_2020Y36GRDP2,전라남도 경제활동별 지역내총부가가치 및 요소소득,2025-05-20,134.18549134946852,11.003771483002051
경기도,경기도,광명시,정보통신업,2023,1728.218561526684,1941.85,210_DT_GRDP008_2020,경기도 경제활동별 지역내총부가가치 및 요소소득,2026-05-13,213.63143847331594,11.00143875548142
대전,대전광역시,동구,정보통신업,2022,531.7021432816266,597.41,206_DT_2020Y25GRDP2,대전광역시 경제활동별 지역내총부가가치 및 요소소득,2025-04-10,65.70785671837336,10.998787552664563
부산,부산광역시,영도구,도매 및 소매업,2022,1508.7459521412482,1695.09,202_DT_F10108,부산광역시 경제활동별 지역내총부가가치 및 요소소득,2025-03-31,186.34404785875176,10.993165428310697
인천,인천광역시,중구,숙박 및 음식점업,2023,4294.487621585087,4824.2,204_DT_2020Y23GRDP2,인천광역시 경제활동별 지역내총부가가치 및 요소소득,2026-06-01,529.7123784149126,10.980315459867182
경기도,경기도,용인시,"광업, 제조업",2022,111123.13936844669,100129.21,210_DT_GRDP008_2020,경기도 경제활동별 지역내총부가가치 및 요소소득,2026-05-13,10993.929368446683,10.979742443235779
경북,경상북도,울진군,정보통신업,2021,454.0698596748745,510.05,216_DT_GRDP202037_02,경상북도 경제활동별 지역내총부가가치 및 요소소득,2025-09-09,55.98014032512549,10.975422081193116
전북,전북특별자치도,무주군,문화 및 기타서비스업,2023,479.1088352996237,431.79,214_DT_2020Y35GRDP2,전북특별자치도 경제활동별 지역내총부가가치 및 요소소득,2026-06-24,47.318835299623686,10.958761272753812
전남,전라남도,영암군,숙박 및 음식점업,2021,477.97933936103027,536.75,215_DT_2020Y36GRDP2,전라남도 경제활동별 지역내총부가가치 및 요소소득,2025-05-20,58.77066063896973,10.949354567111268
대구,대구광역시,중구,교육 서비스업,2022,4143.854761762551,3735.0,203_DT_2020Y22GRDP2,대구광역시 경제활동별 지역내총부가가치 및 요소소득,2025-09-05,408.8547617625509,10.946579966868832
인천,인천광역시,남동구,문화 및 기타서비스업,2022,5931.23588918309,5346.21,204_DT_2020Y23GRDP2,인천광역시 경제활동별 지역내총부가가치 및 요소소득,2025-06-17,585.0258891830899,10.942815362342479
경기도,경기도,과천시,정보통신업,2023,6931.940380458871,7783.49,210_DT_GRDP008_2020,경기도 경제활동별 지역내총부가가치 및 요소소득,2026-05-13,851.5496195411288,10.940460121887853
대구,대구광역시,서구,금융 및 보험업,2021,1726.7350327632143,1556.52,203_DT_2020Y22GRDP2,대구광역시 경제활동별 지역내총부가가치 및 요소소득,2025-09-05,170.21503276321437,10.935614882122579
전북,전북특별자치도,익산시,건설업,2022,4042.954267802679,4538.92,214_DT_2020Y35GRDP2,전북특별자치도 경제활동별 지역내총부가가치 및 요소소득,2025-07-31,495.9657321973209,10.926954698415502
전남,전라남도,함평군,금융 및 보험업,2022,447.03050946790006,501.86,215_DT_2020Y36GRDP2,전라남도 경제활동별 지역내총부가가치 및 요소소득,2025-05-20,54.82949053209995,10.925256153528863
전북,전북특별자치도,남원시,도매 및 소매업,2023,1033.0254454791461,1159.66,214_DT_2020Y35GRDP2,전북특별자치도 경제활동별 지역내총부가가치 및 요소소득,2026-06-24,126.63455452085395,10.919972623083831
경기도,경기도,구리시,금융 및 보험업,2021,3313.6027237525686,2987.59,210_DT_GRDP008_2020,경기도 경제활동별 지역내총부가가치 및 요소소득,2026-05-13,326.0127237525685,10.912231054213212
부산,부산광역시,연제구,숙박 및 음식점업,2022,1467.017888302063,1646.59,202_DT_F10108,부산광역시 경제활동별 지역내총부가가치 및 요소소득,2025-03-31,179.57211169793686,10.905696724620997
서울,서울특별시,중랑구,"광업, 제조업",2023,4388.164247624521,3956.89,201_DT_201012_D040031,서울특별시 경제활동별 지역내총부가가치 및 요소소득,2026-06-19,431.27424762452074,10.899323651264522
경북,경상북도,영양군,부동산업,2023,254.7760313427807,285.91,216_DT_GRDP202037_02,경상북도 경제활동별 지역내총부가가치 및 요소소득,2026-06-22,31.133968657219327,10.88942977063388
광주,광주광역시,광산구,건설업,2022,6581.31123178552,5935.028959056092,205_DT_2020Y24GRDP2,광주광역시 경제활동별 지역내총부가가치 및 요소소득,2025-07-23,646.2822727294279,10.889285919039771
인천,인천광역시,서구,숙박 및 음식점업,2021,3663.7208636026708,3303.98,204_DT_2020Y23GRDP2,인천광역시 경제활동별 지역내총부가가치 및 요소소득,2025-03-25,359.74086360267074,10.888106574575836
전북,전북특별자치도,장수군,"광업, 제조업",2021,409.0887167883874,368.93,214_DT_2020Y35GRDP2,전북특별자치도 경제활동별 지역내총부가가치 및 요소소득,2025-07-31,40.15871678838738,10.885186021301434
경기도,경기도,포천시,금융 및 보험업,2021,1475.9943730483294,1331.11,210_DT_GRDP008_2020,경기도 경제활동별 지역내총부가가치 및 요소소득,2026-05-13,144.8843730483295,10.884477845431972
충남,충청남도,태안군,"광업, 제조업",2022,675.4579994545144,609.17,213_DT_2020Y34GRDP2,충청남도 경제활동별 지역내총부가가치 및 요소소득,2025-06-12,66.28799945451442,10.881691392306651
경기도,경기도,시흥시,정보통신업,2022,727.3349680556477,816.12,210_DT_GRDP008_2020,경기도 경제활동별 지역내총부가가치 및 요소소득,2026-05-13,88.78503194435234,10.87891877963441
전남,전라남도,완도군,금융 및 보험업,2023,775.289866024384,869.92,215_DT_2020Y36GRDP2,전라남도 경제활동별 지역내총부가가치 및 요소소득,2026-06-24,94.63013397561599,10.878027172109618
전남,전라남도,영암군,"광업, 제조업",2022,13143.659463403259,14747.9,215_DT_2020Y36GRDP2,전라남도 경제활동별 지역내총부가가치 및 요소소득,2025-05-20,1604.2405365967406,10.877755725199796
충남,충청남도,예산군,보건 및 사회복지업,2022,1795.4667076662395,2014.61,213_DT_2020Y34GRDP2,충청남도 경제활동별 지역내총부가가치 및 요소소득,2025-06-12,219.14329233376043,10.87770299630005
경남,경상남도,창녕군,금융 및 보험업,2021,998.8846870538913,900.9,217_DT_2020Y38GRDP2,경상남도 경제활동별 지역내총부가가치 및 요소소득,2025-10-28,97.98468705389132,10.876311139293076
전남,전라남도,화순군,"광업, 제조업",2022,3532.3865186108737,3186.28,215_DT_2020Y36GRDP2,전라남도 경제활동별 지역내총부가가치 및 요소소득,2025-05-20,346.10651861087354,10.862401251957564
경기도,경기도,하남시,정보통신업,2022,2587.8115226449927,2903.15,210_DT_GRDP008_2020,경기도 경제활동별 지역내총부가가치 및 요소소득,2026-05-13,315.3384773550074,10.861942281832059
강원,강원특별자치도,양양군,정보통신업,2021,82.30329820897825,74.24,211_DT_2020Y32GRDP2,강원특별자치도 경제활동별 지역내총부가가치 및 요소소득,2025-03-19,8.063298208978253,10.861123665110794
강원,강원특별자치도,영월군,운수 및 창고업,2022,366.7381992170381,330.84,211_DT_2020Y32GRDP2,강원특별자치도 경제활동별 지역내총부가가치 및 요소소득,2025-03-19,35.8981992170381,10.850622420819157
충남,충청남도,공주시,숙박 및 음식점업,2022,1118.2823305224351,1008.83,213_DT_2020Y34GRDP2,충청남도 경제활동별 지역내총부가가치 및 요소소득,2025-06-12,109.45233052243509,10.849432562714737
경북,경상북도,경주시,정보통신업,2022,662.5708636516944,743.16,216_DT_GRDP202037_02,경상북도 경제활동별 지역내총부가가치 및 요소소득,2025-09-09,80.5891363483056,10.844116522458906
서울,서울특별시,영등포구,운수 및 창고업,2021,7142.004517617547,8010.63,201_DT_201012_D040031,서울특별시 경제활동별 지역내총부가가치 및 요소소득,2025-10-29,868.6254823824529,10.843410348280385
전북,전북특별자치도,장수군,정보통신업,2023,114.18854686265794,103.02,214_DT_2020Y35GRDP2,전북특별자치도 경제활동별 지역내총부가가치 및 요소소득,2026-06-24,11.168546862657948,10.841144304657298
부산,부산광역시,기장군,"공공 행정, 국방·사회보장",2022,2618.8032245823606,2937.04,202_DT_F10108,부산광역시 경제활동별 지역내총부가가치 및 요소소득,2025-03-31,318.23677541763936,10.83528911481081
충북,충청북도,단양군,건설업,2023,896.5843766279277,808.96,212_DT_2020Y33GRDP2,충청북도 경제활동별 지역내총부가가치 및 요소소득,2026-02-19,87.62437662792763,10.83173168363425
경기도,경기도,과천시,보건 및 사회복지업,2022,1267.8417960999368,1421.81,210_DT_GRDP008_2020,경기도 경제활동별 지역내총부가가치 및 요소소득,2026-05-13,153.96820390006314,10.829028062825776
전북,전북특별자치도,전주시,"광업, 제조업",2022,13243.622617881358,11949.74,214_DT_2020Y35GRDP2,전북특별자치도 경제활동별 지역내총부가가치 및 요소소득,2025-07-31,1293.8826178813579,10.82770518757193
부산,부산광역시,사하구,교육 서비스업,2021,2628.601239598286,2947.74,202_DT_F10108,부산광역시 경제활동별 지역내총부가가치 및 요소소득,2025-03-31,319.1387604017136,10.826557308368907
경북,경상북도,문경시,부동산업,2023,1195.5270972767228,1078.74,216_DT_GRDP202037_02,경상북도 경제활동별 지역내총부가가치 및 요소소득,2026-06-22,116.78709727672276,10.826250744083167
전남,전라남도,함평군,숙박 및 음식점업,2023,150.30376391776647,168.55,215_DT_2020Y36GRDP2,전라남도 경제활동별 지역내총부가가치 및 요소소득,2026-06-24,18.246236082233537,10.825414465875726
전북,전북특별자치도,군산시,문화 및 기타서비스업,2022,3593.807297496489,3242.86,214_DT_2020Y35GRDP2,전북특별자치도 경제활동별 지역내총부가가치 및 요소소득,2025-07-31,350.9472974964888,10.822153823985271
전북,전북특별자치도,임실군,정보통신업,2022,123.86940809130273,138.9,214_DT_2020Y35GRDP2,전북특별자치도 경제활동별 지역내총부가가치 및 요소소득,2025-07-31,15.030591908697275,10.821160481423524
서울,서울특별시,강서구,사업서비스업,2022,27221.59064754038,30523.21,201_DT_201012_D040031,서울특별시 경제활동별 지역내총부가가치 및 요소소득,2025-10-29,3301.61935245962,10.816750113961213
경남,경상남도,거창군,운수 및 창고업,2022,705.9772371592056,637.07,217_DT_2020Y38GRDP2,경상남도 경제활동별 지역내총부가가치 및 요소소득,2025-10-28,68.90723715920558,10.81627406081052
서울,서울특별시,중랑구,부동산업,2021,9048.28450476351,8167.84,201_DT_201012_D040031,서울특별시 경제활동별 지역내총부가가치 및 요소소득,2025-10-29,880.444504763509,10.779404405124355
부산,부산광역시,사상구,사업서비스업,2021,3993.7286437474113,4476.17,202_DT_F10108,부산광역시 경제활동별 지역내총부가가치 및 요소소득,2025-03-31,482.4413562525888,10.777994496468828
서울,서울특별시,강남구,"광업, 제조업",2021,30289.314041599075,33948.15,201_DT_201012_D040031,서울특별시 경제활동별 지역내총부가가치 및 요소소득,2025-10-29,3658.8359584009268,10.77771825092362
울산,울산광역시,남구,사업서비스업,2021,8541.10607003726,9571.85,207_DT_GRDP_2020_02,울산광역시 경제활동별 지역내총부가가치 및 요소소득,2025-07-31,1030.7439299627404,10.768492297337927
전북,전북특별자치도,진안군,금융 및 보험업,2021,127.21715096314227,114.85,214_DT_2020Y35GRDP2,전북특별자치도 경제활동별 지역내총부가가치 및 요소소득,2025-07-31,12.36715096314228,10.768089650102116
전북,전북특별자치도,부안군,보건 및 사회복지업,2022,1067.1374594499664,963.54,214_DT_2020Y35GRDP2,전북특별자치도 경제활동별 지역내총부가가치 및 요소소득,2025-07-31,103.59745944996644,10.751754929734773
전북,전북특별자치도,순창군,도매 및 소매업,2023,207.20090534872256,232.15,214_DT_2020Y35GRDP2,전북특별자치도 경제활동별 지역내총부가가치 및 요소소득,2026-06-24,24.94909465127745,10.746971635269201
전북,전북특별자치도,전주시,정보통신업,2023,4988.860750542248,4504.77,214_DT_2020Y35GRDP2,전북특별자치도 경제활동별 지역내총부가가치 및 요소소득,2026-06-24,484.0907505422474,10.746181282113124
서울,서울특별시,강북구,운수 및 창고업,2023,2414.3184015916713,2180.14,201_DT_201012_D040031,서울특별시 경제활동별 지역내총부가가치 및 요소소득,2026-06-19,234.17840159167145,10.741438696215448
전남,전라남도,영광군,보건 및 사회복지업,2021,1156.9044465301968,1044.74,215_DT_2020Y36GRDP2,전라남도 경제활동별 지역내총부가가치 및 요소소득,2025-05-20,112.16444653019676,10.736111044872096
인천,인천광역시,동구,운수 및 창고업,2023,3060.7721580307675,2764.04,204_DT_2020Y23GRDP2,인천광역시 경제활동별 지역내총부가가치 및 요소소득,2026-06-01,296.73215803076755,10.735450935253018
제주,제주특별자치도,서귀포시,숙박 및 음식점업,2023,6784.215984630396,6126.52,218_DT_2020GRDP39_02,제주특별자치도 경제활동별 지역내총부가가치 및 요소소득,2026-02-27,657.6959846303953,10.735229537002985
인천,인천광역시,강화군,부동산업,2022,2081.9376750482297,1880.21,204_DT_2020Y23GRDP2,인천광역시 경제활동별 지역내총부가가치 및 요소소득,2025-06-17,201.72767504822968,10.728997029492964
경북,경상북도,울진군,보건 및 사회복지업,2021,779.9953577636601,704.43,216_DT_GRDP202037_02,경상북도 경제활동별 지역내총부가가치 및 요소소득,2025-09-09,75.56535776366013,10.727163488729914
대구,대구광역시,서구,"공공 행정, 국방·사회보장",2021,1412.8769776205525,1276.07,203_DT_2020Y22GRDP2,대구광역시 경제활동별 지역내총부가가치 및 요소소득,2025-09-05,136.80697762055252,10.720961829723489
충남,충청남도,예산군,숙박 및 음식점업,2022,649.8531541419213,586.94,213_DT_2020Y34GRDP2,충청남도 경제활동별 지역내총부가가치 및 요소소득,2025-06-12,62.91315414192127,10.718839087797946
충북,충청북도,단양군,"광업, 제조업",2022,4329.981876380072,3911.37,212_DT_2020Y33GRDP2,충청북도 경제활동별 지역내총부가가치 및 요소소득,2026-04-05,418.6118763800723,10.702436138234745
경기도,경기도,의정부시,문화 및 기타서비스업,2021,3325.5127049750336,3004.05,210_DT_GRDP008_2020,경기도 경제활동별 지역내총부가가치 및 요소소득,2026-05-13,321.4627049750334,10.700977179974812
전북,전북특별자치도,익산시,운수 및 창고업,2021,2781.7207248421546,3114.95,214_DT_2020Y35GRDP2,전북특별자치도 경제활동별 지역내총부가가치 및 요소소득,2025-07-31,333.2292751578452,10.697740739268536
경북,경상북도,성주군,부동산업,2022,760.9803974574197,851.97,216_DT_GRDP202037_02,경상북도 경제활동별 지역내총부가가치 및 요소소득,2025-09-09,90.98960254258031,10.679906867915573
강원,강원특별자치도,양구군,문화 및 기타서비스업,2021,246.01649962429835,275.43,211_DT_2020Y32GRDP2,강원특별자치도 경제활동별 지역내총부가가치 및 요소소득,2025-03-19,29.41350037570166,10.679120057982667
전남,전라남도,광양시,보건 및 사회복지업,2022,2189.9902819958934,2451.67,215_DT_2020Y36GRDP2,전라남도 경제활동별 지역내총부가가치 및 요소소득,2025-05-20,261.6797180041067,10.673529390338286
대구,대구광역시,달성군,건설업,2021,5539.607008585146,5005.73,203_DT_2020Y22GRDP2,대구광역시 경제활동별 지역내총부가가치 및 요소소득,2025-09-05,533.8770085851465,10.665317717598564
충남,충청남도,당진시,부동산업,2021,3854.6956261641876,3483.29,213_DT_2020Y34GRDP2,충청남도 경제활동별 지역내총부가가치 및 요소소득,2025-06-12,371.40562616418765,10.662495117092968
광주,광주광역시,남구,건설업,2021,2624.8208488026276,2938.004159191815,205_DT_2020Y24GRDP2,광주광역시 경제활동별 지역내총부가가치 및 요소소득,2025-07-23,313.1833103891872,10.659729987425804
충북,충청북도,음성군,도매 및 소매업,2021,3012.3497673955244,3371.69,212_DT_2020Y33GRDP2,충청북도 경제활동별 지역내총부가가치 및 요소소득,2025-03-17,359.34023260447566,10.657570316502278
경기도,경기도,여주시,운수 및 창고업,2021,3316.319493915511,3711.53,210_DT_GRDP008_2020,경기도 경제활동별 지역내총부가가치 및 요소소득,2026-05-13,395.2105060844892,10.64818298880756
경기도,경기도,하남시,운수 및 창고업,2023,3622.8470832782596,3274.29,210_DT_GRDP008_2020,경기도 경제활동별 지역내총부가가치 및 요소소득,2026-05-13,348.5570832782596,10.64527220491342
대전,대전광역시,동구,건설업,2022,2339.2714955658807,2617.89,206_DT_2020Y25GRDP2,대전광역시 경제활동별 지역내총부가가치 및 요소소득,2025-04-10,278.61850443411913,10.642865224823012
광주,광주광역시,북구,건설업,2023,6144.851890163014,5553.7769484528435,205_DT_2020Y24GRDP2,광주광역시 경제활동별 지역내총부가가치 및 요소소득,2026-06-25,591.0749417101706,10.642756221508511
충북,충청북도,옥천군,문화 및 기타서비스업,2022,353.99884762771023,396.16,212_DT_2020Y33GRDP2,충청북도 경제활동별 지역내총부가가치 및 요소소득,2025-03-17,42.16115237228979,10.642455667480258
전남,전라남도,영암군,보건 및 사회복지업,2023,835.1951059086363,754.86,215_DT_2020Y36GRDP2,전라남도 경제활동별 지역내총부가가치 및 요소소득,2026-06-24,80.33510590863625,10.642384800974519
서울,서울특별시,용산구,"광업, 제조업",2022,2547.810899760513,2851.24,201_DT_201012_D040031,서울특별시 경제활동별 지역내총부가가치 및 요소소득,2025-10-29,303.4291002394866,10.642004890485776
경기도,경기도,군포시,건설업,2023,1724.9356796608515,1559.03,210_DT_GRDP008_2020,경기도 경제활동별 지역내총부가가치 및 요소소득,2026-05-13,165.90567966085155,10.64159635548075
경기도,경기도,안산시,금융 및 보험업,2021,11874.323116260248,10733.57,210_DT_GRDP008_2020,경기도 경제활동별 지역내총부가가치 및 요소소득,2026-05-13,1140.7531162602481,10.627900281642065
강원,강원특별자치도,속초시,사업서비스업,2021,698.9344469131947,782.01,211_DT_2020Y32GRDP2,강원특별자치도 경제활동별 지역내총부가가치 및 요소소득,2025-03-19,83.07555308680526,10.62333641344807
전북,전북특별자치도,김제시,도매 및 소매업,2022,2085.11358877821,1885.07,214_DT_2020Y35GRDP2,전북특별자치도 경제활동별 지역내총부가가치 및 요소소득,2025-07-31,200.04358877821028,10.611997898126345
충북,충청북도,영동군,건설업,2021,1153.8121038591767,1290.74,212_DT_2020Y33GRDP2,충청북도 경제활동별 지역내총부가가치 및 요소소득,2025-03-17,136.92789614082335,10.608480107599002
충남,충청남도,아산시,건설업,2022,13440.063100793986,15034.47,213_DT_2020Y34GRDP2,충청남도 경제활동별 지역내총부가가치 및 요소소득,2025-06-12,1594.406899206013,10.605009017318288
경기도,경기도,용인시,문화 및 기타서비스업,2022,15396.021028293064,13920.47,210_DT_GRDP008_2020,경기도 경제활동별 지역내총부가가치 및 요소소득,2026-05-13,1475.5510282930645,10.599865006663315
충남,충청남도,태안군,건설업,2022,1733.242924666833,1567.14,213_DT_2020Y34GRDP2,충청남도 경제활동별 지역내총부가가치 및 요소소득,2025-06-12,166.1029246668329,10.599112055517242
전남,전라남도,완도군,부동산업,2022,283.590917151142,317.21,215_DT_2020Y36GRDP2,전라남도 경제활동별 지역내총부가가치 및 요소소득,2025-05-20,33.619082848858,10.59836791048769
대전,대전광역시,대덕구,문화 및 기타서비스업,2021,2741.6320242363718,2478.95,206_DT_2020Y25GRDP2,대전광역시 경제활동별 지역내총부가가치 및 요소소득,2025-04-10,262.68202423637194,10.596503529170494
경기도,경기도,하남시,금융 및 보험업,2022,2204.6813665180953,2465.75,210_DT_GRDP008_2020,경기도 경제활동별 지역내총부가가치 및 요소소득,2026-05-13,261.0686334819047,10.5877981742636
경기도,경기도,평택시,"광업, 제조업",2023,206515.84268566064,230963.27,210_DT_GRDP008_2020,경기도 경제활동별 지역내총부가가치 및 요소소득,2026-05-13,24447.42731433935,10.584984926105069
서울,서울특별시,강북구,정보통신업,2021,701.2088290880769,784.17,201_DT_201012_D040031,서울특별시 경제활동별 지역내총부가가치 및 요소소득,2025-10-29,82.96117091192309,10.579487982442977
경북,경상북도,영덕군,"광업, 제조업",2021,608.1813983737406,550.01,216_DT_GRDP202037_02,경상북도 경제활동별 지역내총부가가치 및 요소소득,2025-09-09,58.17139837374066,10.57642558748762
부산,부산광역시,북구,"공공 행정, 국방·사회보장",2022,2218.5231868979276,2006.51,202_DT_F10108,부산광역시 경제활동별 지역내총부가가치 및 요소소득,2025-03-31,212.01318689792765,10.566266148582745
경기도,경기도,군포시,금융 및 보험업,2021,2186.871045011626,1978.13,210_DT_GRDP008_2020,경기도 경제활동별 지역내총부가가치 및 요소소득,2026-05-13,208.74104501162583,10.552443217160947
전남,전라남도,영광군,금융 및 보험업,2021,417.6164257512902,466.87,215_DT_2020Y36GRDP2,전라남도 경제활동별 지역내총부가가치 및 요소소득,2025-05-20,49.25357424870981,10.549740666290361
경기도,경기도,의왕시,문화 및 기타서비스업,2023,1489.5648376297543,1347.59,210_DT_GRDP008_2020,경기도 경제활동별 지역내총부가가치 및 요소소득,2026-05-13,141.97483762975435,10.535462390619873
경기도,경기도,부천시,사업서비스업,2023,14925.592670985068,13503.0,210_DT_GRDP008_2020,경기도 경제활동별 지역내총부가가치 및 요소소득,2026-05-13,1422.5926709850683,10.535382292713235
충북,충청북도,단양군,사업서비스업,2023,720.9659872758539,805.71,212_DT_2020Y33GRDP2,충청북도 경제활동별 지역내총부가가치 및 요소소득,2026-02-19,84.74401272414616,10.517929866098989
경기도,경기도,안성시,운수 및 창고업,2021,4073.172545933985,3685.81,210_DT_GRDP008_2020,경기도 경제활동별 지역내총부가가치 및 요소소득,2026-05-13,387.3625459339851,10.509563594813217
서울,서울특별시,영등포구,정보통신업,2022,37739.13548796744,34150.5,201_DT_201012_D040031,서울특별시 경제활동별 지역내총부가가치 및 요소소득,2025-10-29,3588.63548796744,10.508295597333685
전남,전라남도,강진군,부동산업,2021,323.449701571352,292.7,215_DT_2020Y36GRDP2,전라남도 경제활동별 지역내총부가가치 및 요소소득,2025-05-20,30.749701571352034,10.505535213991129
경북,경상북도,군위군,문화 및 기타서비스업,2021,375.7527762574469,419.86,216_DT_GRDP202037_02,경상북도 경제활동별 지역내총부가가치 및 요소소득,2025-09-09,44.10722374255312,10.505221679262878
강원,강원특별자치도,횡성군,운수 및 창고업,2022,701.5218767393641,783.84,211_DT_2020Y32GRDP2,강원특별자치도 경제활동별 지역내총부가가치 및 요소소득,2025-03-19,82.31812326063596,10.501903865665946
충남,충청남도,당진시,숙박 및 음식점업,2022,1940.7050709385062,1756.3,213_DT_2020Y34GRDP2,충청남도 경제활동별 지역내총부가가치 및 요소소득,2025-06-12,184.40507093850624,10.499633942863193
전남,전라남도,고흥군,사업서비스업,2023,302.5606930890601,273.84,215_DT_2020Y36GRDP2,전라남도 경제활동별 지역내총부가가치 및 요소소득,2026-06-24,28.72069308906015,10.48812923205527
경기도,경기도,하남시,교육 서비스업,2022,3739.8149594193023,4178.01,210_DT_GRDP008_2020,경기도 경제활동별 지역내총부가가치 및 요소소득,2026-05-13,438.1950405806979,10.488128094013605
경기도,경기도,이천시,"광업, 제조업",2021,145510.85477405114,162539.62000000002,210_DT_GRDP008_2020,경기도 경제활동별 지역내총부가가치 및 요소소득,2026-05-13,17028.765225948882,10.476685761876938
충남,충청남도,홍성군,운수 및 창고업,2021,901.3565849115089,1006.77,213_DT_2020Y34GRDP2,충청남도 경제활동별 지역내총부가가치 및 요소소득,2025-06-12,105.41341508849109,10.470456518220756
서울,서울특별시,성북구,건설업,2021,4154.271581418616,3760.99,201_DT_201012_D040031,서울특별시 경제활동별 지역내총부가가치 및 요소소득,2025-10-29,393.28158141861604,10.456863257243866
전북,전북특별자치도,군산시,사업서비스업,2023,3572.7377800081076,3235.39,214_DT_2020Y35GRDP2,전북특별자치도 경제활동별 지역내총부가가치 및 요소소득,2026-06-24,337.34778000810775,10.426804187690133
경북,경상북도,상주시,숙박 및 음식점업,2023,557.4006951036304,504.78,216_DT_GRDP202037_02,경상북도 경제활동별 지역내총부가가치 및 요소소득,2026-06-22,52.620695103630396,10.424480982533064
경북,경상북도,영덕군,"공공 행정, 국방·사회보장",2021,1993.3611567452474,1805.25,216_DT_GRDP202037_02,경상북도 경제활동별 지역내총부가가치 및 요소소득,2025-09-09,188.1111567452474,10.42022748900415
전남,전라남도,신안군,금융 및 보험업,2022,379.8110434819081,423.98,215_DT_2020Y36GRDP2,전라남도 경제활동별 지역내총부가가치 및 요소소득,2025-05-20,44.16895651809193,10.417698126820117
부산,부산광역시,연제구,"광업, 제조업",2022,1041.55256847758,943.29,202_DT_F10108,부산광역시 경제활동별 지역내총부가가치 및 요소소득,2025-03-31,98.26256847758009,10.417005213410519
경기도,경기도,포천시,정보통신업,2021,180.93635618188497,163.88,210_DT_GRDP008_2020,경기도 경제활동별 지역내총부가가치 및 요소소득,2026-05-13,17.05635618188498,10.407832671396742
충북,충청북도,증평군,운수 및 창고업,2021,366.7578158381524,409.36,212_DT_2020Y33GRDP2,충청북도 경제활동별 지역내총부가가치 및 요소소득,2025-03-17,42.60218416184762,10.407021731934634
광주,광주광역시,북구,"광업, 제조업",2023,23462.899436755513,21251.766327021094,205_DT_2020Y24GRDP2,광주광역시 경제활동별 지역내총부가가치 및 요소소득,2026-06-25,2211.133109734419,10.404467448538703
경북,경상북도,영천시,사업서비스업,2023,962.0928239422645,1073.71,216_DT_GRDP202037_02,경상북도 경제활동별 지역내총부가가치 및 요소소득,2026-06-22,111.61717605773549,10.395467682869256
전북,전북특별자치도,남원시,부동산업,2021,1315.1513061533733,1191.39,214_DT_2020Y35GRDP2,전북특별자치도 경제활동별 지역내총부가가치 및 요소소득,2025-07-31,123.7613061533732,10.387975906577458
대전,대전광역시,대덕구,도매 및 소매업,2023,6162.964693523804,5583.05,206_DT_2020Y25GRDP2,대전광역시 경제활동별 지역내총부가가치 및 요소소득,2026-06-22,579.9146935238041,10.387058928789893
경북,경상북도,청송군,교육 서비스업,2023,392.86733687505955,355.93,216_DT_GRDP202037_02,경상북도 경제활동별 지역내총부가가치 및 요소소득,2026-06-22,36.93733687505954,10.377696983974248
인천,인천광역시,연수구,금융 및 보험업,2022,4357.902805613933,4862.38,204_DT_2020Y23GRDP2,인천광역시 경제활동별 지역내총부가가치 및 요소소득,2025-06-17,504.4771943860669,10.37510837051129
부산,부산광역시,강서구,사업서비스업,2021,6784.1846066051885,6146.49,202_DT_F10108,부산광역시 경제활동별 지역내총부가가치 및 요소소득,2025-03-31,637.6946066051887,10.374939300400534
충남,충청남도,천안시,정보통신업,2021,5182.631597809309,4696.59,213_DT_2020Y34GRDP2,충청남도 경제활동별 지역내총부가가치 및 요소소득,2025-06-12,486.04159780930877,10.34881899014623
인천,인천광역시,강화군,문화 및 기타서비스업,2023,832.5976710999557,928.58,204_DT_2020Y23GRDP2,인천광역시 경제활동별 지역내총부가가치 및 요소소득,2026-06-01,95.98232890004431,10.336463083422464
경북,경상북도,영천시,도매 및 소매업,2022,936.0168953686668,1043.88,216_DT_GRDP202037_02,경상북도 경제활동별 지역내총부가가치 및 요소소득,2025-09-09,107.86310463133327,10.332902692965979
경북,경상북도,구미시,도매 및 소매업,2023,4562.39525013844,4135.29,216_DT_GRDP202037_02,경상북도 경제활동별 지역내총부가가치 및 요소소득,2026-06-22,427.10525013844017,10.32830225059041
전남,전라남도,영암군,도매 및 소매업,2023,1256.0212849346028,1138.45,215_DT_2020Y36GRDP2,전라남도 경제활동별 지역내총부가가치 및 요소소득,2026-06-24,117.57128493460277,10.327312129175876
전남,전라남도,화순군,금융 및 보험업,2023,540.7309776712502,602.98,215_DT_2020Y36GRDP2,전라남도 경제활동별 지역내총부가가치 및 요소소득,2026-06-24,62.24902232874979,10.32356335678626
서울,서울특별시,동작구,부동산업,2021,13642.28501921329,12366.39,201_DT_201012_D040031,서울특별시 경제활동별 지역내총부가가치 및 요소소득,2025-10-29,1275.8950192132907,10.31744121941238
인천,인천광역시,옹진군,부동산업,2021,667.3672994447106,744.14,204_DT_2020Y23GRDP2,인천광역시 경제활동별 지역내총부가가치 및 요소소득,2025-03-25,76.77270055528936,10.316969999635736
경북,경상북도,영천시,도매 및 소매업,2023,1009.6764124517997,915.36,216_DT_GRDP202037_02,경상북도 경제활동별 지역내총부가가치 및 요소소득,2026-06-22,94.31641245179969,10.303750704837407
인천,인천광역시,남동구,운수 및 창고업,2023,3415.3677895290543,3807.33,204_DT_2020Y23GRDP2,인천광역시 경제활동별 지역내총부가가치 및 요소소득,2026-06-15,391.9622104709456,10.29493662148922
강원,강원특별자치도,정선군,도매 및 소매업,2022,493.1571506786008,447.16,211_DT_2020Y32GRDP2,강원특별자치도 경제활동별 지역내총부가가치 및 요소소득,2025-03-19,45.99715067860075,10.286508336747639
경북,경상북도,포항시,"광업, 제조업",2021,69539.41722109167,63056.15,216_DT_GRDP202037_02,경상북도 경제활동별 지역내총부가가치 및 요소소득,2025-09-09,6483.267221091672,10.281736549236944
강원,강원특별자치도,화천군,"공공 행정, 국방·사회보장",2021,10643.048576165795,11862.61,211_DT_2020Y32GRDP2,강원특별자치도 경제활동별 지역내총부가가치 및 요소소득,2025-03-19,1219.561423834206,10.28071751355061
충남,충청남도,부여군,보건 및 사회복지업,2022,1634.349046048194,1821.55,213_DT_2020Y34GRDP2,충청남도 경제활동별 지역내총부가가치 및 요소소득,2025-06-12,187.200953951806,10.277014298361616
서울,서울특별시,금천구,"공공 행정, 국방·사회보장",2023,1709.799695131071,1550.64,201_DT_201012_D040031,서울특별시 경제활동별 지역내총부가가치 및 요소소득,2026-06-19,159.15969513107098,10.264129335698225
경북,경상북도,영주시,정보통신업,2021,544.0962506780154,606.33,216_DT_GRDP202037_02,경상북도 경제활동별 지역내총부가가치 및 요소소득,2025-09-09,62.23374932198465,10.264006287332746
충남,충청남도,아산시,도매 및 소매업,2022,6634.437249640632,7393.05,213_DT_2020Y34GRDP2,충청남도 경제활동별 지역내총부가가치 및 요소소득,2025-06-12,758.612750359368,10.261160824820175
충북,충청북도,진천군,사업서비스업,2021,2109.698698012601,2350.9,212_DT_2020Y33GRDP2,충청북도 경제활동별 지역내총부가가치 및 요소소득,2025-03-17,241.2013019873989,10.259955846160997
강원,강원특별자치도,철원군,"공공 행정, 국방·사회보장",2021,9766.902301632677,10883.36,211_DT_2020Y32GRDP2,강원특별자치도 경제활동별 지역내총부가가치 및 요소소득,2025-03-19,1116.4576983673232,10.258391694911527
경북,경상북도,성주군,부동산업,2023,859.2412929423991,779.31,216_DT_GRDP202037_02,경상북도 경제활동별 지역내총부가가치 및 요소소득,2026-06-22,79.93129294239918,10.256674871668423
경기도,경기도,양평군,건설업,2022,2895.7638356247107,3226.29,210_DT_GRDP008_2020,경기도 경제활동별 지역내총부가가치 및 요소소득,2026-05-13,330.5261643752892,10.244775403800936
충북,충청북도,충주시,금융 및 보험업,2022,3329.567230597296,3709.56,212_DT_2020Y33GRDP2,충청북도 경제활동별 지역내총부가가치 및 요소소득,2025-03-17,379.99276940270374,10.243607581565032
강원,강원특별자치도,영월군,문화 및 기타서비스업,2021,499.34719957057746,556.33,211_DT_2020Y32GRDP2,강원특별자치도 경제활동별 지역내총부가가치 및 요소소득,2025-03-19,56.98280042942258,10.242625856851612
대전,대전광역시,서구,정보통신업,2021,8468.131265689835,7681.52,206_DT_2020Y25GRDP2,대전광역시 경제활동별 지역내총부가가치 및 요소소득,2025-04-10,786.6112656898349,10.240307461151373
경기도,경기도,양평군,문화 및 기타서비스업,2023,1475.5673606903988,1338.53,210_DT_GRDP008_2020,경기도 경제활동별 지역내총부가가치 및 요소소득,2026-05-13,137.03736069039883,10.237899837164562
강원,강원특별자치도,삼척시,운수 및 창고업,2022,1721.8332510634962,1561.94,211_DT_2020Y32GRDP2,강원특별자치도 경제활동별 지역내총부가가치 및 요소소득,2025-03-19,159.8932510634961,10.236836950426783
광주,광주광역시,남구,"광업, 제조업",2021,543.0371450342768,492.670305576054,205_DT_2020Y24GRDP2,광주광역시 경제활동별 지역내총부가가치 및 요소소득,2025-07-23,50.36683945822284,10.223234257914427
서울,서울특별시,서초구,"광업, 제조업",2021,8414.439550513793,9371.74,201_DT_201012_D040031,서울특별시 경제활동별 지역내총부가가치 및 요소소득,2025-10-29,957.3004494862071,10.214756805952865
서울,서울특별시,송파구,도매 및 소매업,2023,60016.851651858255,66843.81,201_DT_201012_D040031,서울특별시 경제활동별 지역내총부가가치 및 요소소득,2026-06-19,6826.958348141743,10.213299254099583
경북,경상북도,군위군,운수 및 창고업,2023,203.411994279674,226.54,216_DT_GRDP202037_02,경상북도 경제활동별 지역내총부가가치 및 요소소득,2026-06-22,23.128005720326,10.209237097345282
전남,전라남도,장흥군,운수 및 창고업,2023,130.72958786316772,118.63,215_DT_2020Y36GRDP2,전라남도 경제활동별 지역내총부가가치 및 요소소득,2026-06-24,12.099587863167727,10.199433417489443
전남,전라남도,보성군,도매 및 소매업,2021,568.7150875115442,516.08,215_DT_2020Y36GRDP2,전라남도 경제활동별 지역내총부가가치 및 요소소득,2025-05-20,52.63508751154416,10.199017111987319
전남,전라남도,영암군,금융 및 보험업,2022,809.4793494473894,901.34,215_DT_2020Y36GRDP2,전라남도 경제활동별 지역내총부가가치 및 요소소득,2025-05-20,91.86065055261065,10.191564842635481
경북,경상북도,군위군,숙박 및 음식점업,2023,174.8729328048163,158.7,216_DT_GRDP202037_02,경상북도 경제활동별 지역내총부가가치 및 요소소득,2026-06-22,16.1729328048163,10.190883934981915
전남,전라남도,영암군,"광업, 제조업",2021,14139.903401904583,12832.94,215_DT_2020Y36GRDP2,전라남도 경제활동별 지역내총부가가치 및 요소소득,2025-05-20,1306.9634019045825,10.184442551002206
경기도,경기도,화성시,운수 및 창고업,2023,15138.770750413676,16854.97,210_DT_GRDP008_2020,경기도 경제활동별 지역내총부가가치 및 요소소득,2026-05-13,1716.199249586325,10.182155468602584
서울,서울특별시,성북구,교육 서비스업,2021,9837.55920608902,10952.38,201_DT_201012_D040031,서울특별시 경제활동별 지역내총부가가치 및 요소소득,2025-10-29,1114.8207939109798,10.178799438213245
경기도,경기도,오산시,금융 및 보험업,2023,2002.4833774188332,2229.27,210_DT_GRDP008_2020,경기도 경제활동별 지역내총부가가치 및 요소소득,2026-05-13,226.78662258116674,10.173133921919137
경북,경상북도,청송군,교육 서비스업,2021,402.8400434984562,365.65,216_DT_GRDP202037_02,경상북도 경제활동별 지역내총부가가치 및 요소소득,2026-06-22,37.19004349845625,10.170940379722754
충북,충청북도,보은군,"광업, 제조업",2023,5126.279495118388,4653.0599999999995,212_DT_2020Y33GRDP2,충청북도 경제활동별 지역내총부가가치 및 요소소득,2026-02-19,473.2194951183883,10.17007077317697
전북,전북특별자치도,익산시,보건 및 사회복지업,2021,5932.975930314222,6604.45,214_DT_2020Y35GRDP2,전북특별자치도 경제활동별 지역내총부가가치 및 요소소득,2025-07-31,671.474069685778,10.166994521660062
부산,부산광역시,남구,부동산업,2022,5367.690855825668,5975.1,202_DT_F10108,부산광역시 경제활동별 지역내총부가가치 및 요소소득,2025-03-31,607.4091441743321,10.16567328035233
서울,서울특별시,도봉구,금융 및 보험업,2022,720.6650007619392,802.21,201_DT_201012_D040031,서울특별시 경제활동별 지역내총부가가치 및 요소소득,2025-10-29,81.54499923806088,10.165043970788307
강원,강원특별자치도,양구군,"공공 행정, 국방·사회보장",2022,6662.798767283177,6049.37,211_DT_2020Y32GRDP2,강원특별자치도 경제활동별 지역내총부가가치 및 요소소득,2025-03-19,613.428767283177,10.140374407304844
경북,경상북도,봉화군,보건 및 사회복지업,2021,470.0046606411315,426.75,216_DT_GRDP202037_02,경상북도 경제활동별 지역내총부가가치 및 요소소득,2025-09-09,43.25466064113152,10.135831433188406
전북,전북특별자치도,장수군,운수 및 창고업,2021,37.16248597954981,41.35,214_DT_2020Y35GRDP2,전북특별자치도 경제활동별 지역내총부가가치 및 요소소득,2025-07-31,4.187514020450195,10.126998840266491
전북,전북특별자치도,정읍시,사업서비스업,2021,705.7268127724094,785.23,214_DT_2020Y35GRDP2,전북특별자치도 경제활동별 지역내총부가가치 및 요소소득,2025-07-31,79.50318722759062,10.12482804115872
경북,경상북도,경산시,문화 및 기타서비스업,2022,2841.1896758077064,2579.98,216_DT_GRDP202037_02,경상북도 경제활동별 지역내총부가가치 및 요소소득,2025-09-09,261.2096758077064,10.124484523434537
경남,경상남도,함양군,금융 및 보험업,2021,697.6393414946975,776.22,217_DT_2020Y38GRDP2,경상남도 경제활동별 지역내총부가가치 및 요소소득,2025-10-28,78.5806585053025,10.123503453312527
경북,경상북도,칠곡군,도매 및 소매업,2022,2287.8477950679417,2077.53,216_DT_GRDP202037_02,경상북도 경제활동별 지역내총부가가치 및 요소소득,2025-09-09,210.31779506794146,10.12345405688204
대구,대구광역시,달성군,정보통신업,2021,555.5718066377033,504.51,203_DT_2020Y22GRDP2,대구광역시 경제활동별 지역내총부가가치 및 요소소득,2025-09-05,51.061806637703285,10.1210692826115
경북,경상북도,영덕군,부동산업,2023,643.5157244829708,584.38,216_DT_GRDP202037_02,경상북도 경제활동별 지역내총부가가치 및 요소소득,2026-06-22,59.13572448297077,10.119395681400933
대구,대구광역시,서구,문화 및 기타서비스업,2021,2163.0839661438067,1964.4,203_DT_2020Y22GRDP2,대구광역시 경제활동별 지역내총부가가치 및 요소소득,2025-09-05,198.68396614380663,10.114231630208034
경남,경상남도,고성군,숙박 및 음식점업,2021,347.16116606210954,386.22,217_DT_2020Y38GRDP2,경상남도 경제활동별 지역내총부가가치 및 요소소득,2025-10-28,39.05883393789048,10.113104950000125
대구,대구광역시,동구,"광업, 제조업",2022,4117.8264684026835,4581.11,203_DT_2020Y22GRDP2,대구광역시 경제활동별 지역내총부가가치 및 요소소득,2025-09-05,463.28353159731614,10.112910006468217
서울,서울특별시,광진구,부동산업,2023,10248.41679176479,11401.28,201_DT_201012_D040031,서울특별시 경제활동별 지역내총부가가치 및 요소소득,2026-06-19,1152.8632082352105,10.111699811207254
충남,충청남도,부여군,교육 서비스업,2021,1302.6395713785537,1183.15,213_DT_2020Y34GRDP2,충청남도 경제활동별 지역내총부가가치 및 요소소득,2025-06-12,119.48957137855359,10.099274933740741
경남,경상남도,사천시,"광업, 제조업",2021,19085.50062666822,17336.65,217_DT_2020Y38GRDP2,경상남도 경제활동별 지역내총부가가치 및 요소소득,2025-10-28,1748.8506266682198,10.087592624112615
인천,인천광역시,동구,"광업, 제조업",2022,22441.912538609617,20386.54,204_DT_2020Y23GRDP2,인천광역시 경제활동별 지역내총부가가치 및 요소소득,2025-06-17,2055.3725386096157,10.082007729656997
전남,전라남도,진도군,금융 및 보험업,2021,267.68230766139067,297.68,215_DT_2020Y36GRDP2,전라남도 경제활동별 지역내총부가가치 및 요소소득,2025-05-20,29.99769233860934,10.07716082323614
경북,경상북도,의성군,숙박 및 음식점업,2023,220.07744297621406,199.94,216_DT_GRDP202037_02,경상북도 경제활동별 지역내총부가가치 및 요소소득,2026-06-22,20.13744297621406,10.071743011010334
전남,전라남도,목포시,"광업, 제조업",2023,2241.722429096466,2492.76,215_DT_2020Y36GRDP2,전라남도 경제활동별 지역내총부가가치 및 요소소득,2026-06-24,251.0375709035343,10.070667489190065
부산,부산광역시,수영구,문화 및 기타서비스업,2022,1245.7206759888386,1131.76,202_DT_F10108,부산광역시 경제활동별 지역내총부가가치 및 요소소득,2025-03-31,113.9606759888386,10.069332366300152
경북,경상북도,예천군,도매 및 소매업,2023,299.43635644597856,272.05,216_DT_GRDP202037_02,경상북도 경제활동별 지역내총부가가치 및 요소소득,2026-06-22,27.38635644597855,10.06666290975135
전남,전라남도,나주시,운수 및 창고업,2023,1331.4410610317266,1209.69,215_DT_2020Y36GRDP2,전라남도 경제활동별 지역내총부가가치 및 요소소득,2026-06-24,121.75106103172652,10.06464970626578
전남,전라남도,담양군,사업서비스업,2023,759.3359027277992,689.95,215_DT_2020Y36GRDP2,전라남도 경제활동별 지역내총부가가치 및 요소소득,2026-06-24,69.38590272779913,10.056656674802396
부산,부산광역시,연제구,사업서비스업,2021,6682.197740122054,6071.63,202_DT_F10108,부산광역시 경제활동별 지역내총부가가치 및 요소소득,2025-03-31,610.5677401220537,10.056076212187728
서울,서울특별시,강남구,교육 서비스업,2021,19476.233629643386,21653.25,201_DT_201012_D040031,서울특별시 경제활동별 지역내총부가가치 및 요소소득,2025-10-29,2177.016370356614,10.053993605378473
경북,경상북도,군위군,부동산업,2022,459.6760759754062,417.7,216_DT_GRDP202037_02,경상북도 경제활동별 지역내총부가가치 및 요소소득,2025-09-09,41.97607597540622,10.049335881112334
서울,서울특별시,중랑구,금융 및 보험업,2022,929.1655451889158,1032.96,201_DT_201012_D040031,서울특별시 경제활동별 지역내총부가가치 및 요소소득,2025-10-29,103.79445481108428,10.048254996426218
경북,경상북도,고령군,운수 및 창고업,2021,550.6966001122308,500.43,216_DT_GRDP202037_02,경상북도 경제활동별 지역내총부가가치 및 요소소득,2025-09-09,50.26660011223083,10.04468159627337
부산,부산광역시,사상구,금융 및 보험업,2021,1911.3530917341452,2124.78,202_DT_F10108,부산광역시 경제활동별 지역내총부가가치 및 요소소득,2025-03-31,213.426908265855,10.044659130161945
경기도,경기도,용인시,건설업,2022,16750.73957818007,18619.21,210_DT_GRDP008_2020,경기도 경제활동별 지역내총부가가치 및 요소소득,2026-05-13,1868.4704218199295,10.035175616043482
경남,경상남도,창녕군,숙박 및 음식점업,2021,659.2476651034847,732.78,217_DT_2020Y38GRDP2,경상남도 경제활동별 지역내총부가가치 및 요소소득,2025-10-28,73.5323348965153,10.034708220272838
서울,서울특별시,성동구,건설업,2021,5033.163291194693,4574.31,201_DT_201012_D040031,서울특별시 경제활동별 지역내총부가가치 및 요소소득,2025-10-29,458.85329119469225,10.031093021563738
전북,전북특별자치도,고창군,문화 및 기타서비스업,2022,845.7696482001356,768.71,214_DT_2020Y35GRDP2,전북특별자치도 경제활동별 지역내총부가가치 및 요소소득,2025-07-31,77.0596482001356,10.024540880193518
경기도,경기도,화성시,사업서비스업,2022,28980.869605463064,32208.98,210_DT_GRDP008_2020,경기도 경제활동별 지역내총부가가치 및 요소소득,2026-05-13,3228.110394536936,10.022392495934165
경북,경상북도,문경시,사업서비스업,2022,352.90234017292624,320.79,216_DT_GRDP202037_02,경상북도 경제활동별 지역내총부가가치 및 요소소득,2025-09-09,32.112340172926224,10.010393145960354
광주,광주광역시,동구,숙박 및 음식점업,2021,1213.0021980937115,1347.911792607739,205_DT_2020Y24GRDP2,광주광역시 경제활동별 지역내총부가가치 및 요소소득,2025-07-23,134.9095945140275,10.00878508919523
대전,대전광역시,대덕구,"광업, 제조업",2021,47872.77122936905,43519.51,206_DT_2020Y25GRDP2,대전광역시 경제활동별 지역내총부가가치 및 요소소득,2025-04-10,4353.261229369047,10.003010671234687
경북,경상북도,군위군,숙박 및 음식점업,2022,159.62942802092098,177.37,216_DT_GRDP202037_02,경상북도 경제활동별 지역내총부가가치 및 요소소득,2025-09-09,17.74057197907902,10.00201385751763
