track,quarter_region,available_quarters,operating_label,activity,years,annualized_official_sum_eok,annualized_abs_error_sum_eok,annualized_wape_pct,max_annualized_ape_pct,years_over_5pct,years_over_10pct,cause_class,needed_direct_data,candidate_action
prior_year_province_anchor,대구,1,1분기+1개월,건설업,5,179601.84999999998,19538.26885895601,10.878656794991818,31.71425661924249,4,2,지역 건설수주·착공·준공 시차,"건축허가·착공·사용승인, 건설수주 공종별 지역자료",BOK식 건축 12분기·토목 24분기 분산지표와 건축물대장 이벤트 결합
prior_year_province_anchor,대구,1,1분기+1개월,"공공 행정, 국방·사회보장",5,231209.36000000002,3675.7126869078056,1.5897767663505515,5.241104173936786,1,0,정부·군·행정기관 지출의 지역 귀속,"지방재정 집행, 정부기관/군부대 고용, 예산집행",전국분기비중 + 지역 공공고용/재정집행 보조
prior_year_province_anchor,대구,1,1분기+1개월,"광업, 제조업",5,616464.65,15513.740963504142,2.516566191346761,7.963008506630589,1,0,지역 제조업 구조·대형사업장 충격,시도/시군구 제조업 중분류 생산·출하·공장가동·전력·수출,중분류 제조업 생산지수/공장등록/전력/수출을 결합한 제조업 특화 시간배분
prior_year_province_anchor,대구,1,1분기+1개월,교육 서비스업,5,232082.38,2663.2227683904566,1.1475333751706858,2.6150082840396376,0,0,학령인구·대학·공공교육 지출 구조,"학교/학생/교직원, 대학 재정, 교육청 집행",교육통계 stock과 교육재정 flow 결합
prior_year_province_anchor,대구,1,1분기+1개월,금융 및 보험업,5,211624.56999999998,4199.251856931296,1.984293155058175,6.158058600084497,1,0,본점/지점 소재와 생산 귀속 차이,금융기관 점포·예수금·대출금·보험계약,시도 단위 금융활동 보조지표로만 완만 보정
prior_year_province_anchor,대구,1,1분기+1개월,기타산업 및 순생산물세,5,273198.73,7894.628884428726,2.889701897380243,5.8037561506006075,1,0,전국 공통 분기비중과 지역 구조 차이,시도/시군구 직접 활동자료,활동자료가 확인되는 지역·업종만 독립 라우팅
prior_year_province_anchor,대구,1,1분기+1개월,도매 및 소매업,5,271531.56,6928.884543186214,2.551778711537699,8.213254235227483,1,0,전국 공통 분기비중과 지역 구조 차이,시도/시군구 직접 활동자료,활동자료가 확인되는 지역·업종만 독립 라우팅
prior_year_province_anchor,대구,1,1분기+1개월,문화 및 기타서비스업,5,105734.45999999999,4139.034548873013,3.9145559062513895,6.511103149431125,2,0,전국 공통 분기비중과 지역 구조 차이,시도/시군구 직접 활동자료,활동자료가 확인되는 지역·업종만 독립 라우팅
prior_year_province_anchor,대구,1,1분기+1개월,보건 및 사회복지업,5,311266.2,8980.122520202684,2.885029765584147,6.952421594629314,1,0,의료기관·요양·복지시설 집중,"병상수, 의료기관, 건강보험 진료비, 복지시설",의료이용·시설 stock 기반 특화 라우팅
prior_year_province_anchor,대구,1,1분기+1개월,부동산업,5,348291.23,7816.048718438906,2.2441129851127477,3.499424492887477,0,0,거래·임대·공시가격·입주물량의 지역 시차,"실거래, 전월세, 건축물대장, 공동주택 공시가격, 입주/준공",거래·임대 flow와 stock 지표를 구분한 부동산 특화 라우팅
prior_year_province_anchor,대구,1,1분기+1개월,사업서비스업,5,211866.05000000002,8559.0612681868,4.0398455855418085,8.592645333394039,2,0,전국 공통 분기비중과 지역 구조 차이,시도/시군구 직접 활동자료,활동자료가 확인되는 지역·업종만 독립 라우팅
prior_year_province_anchor,대구,1,1분기+1개월,서비스업,5,2256136.48,44467.45388682897,1.9709558477964493,2.7588686219945573,0,0,전국 공통 분기비중과 지역 구조 차이,시도/시군구 직접 활동자료,활동자료가 확인되는 지역·업종만 독립 라우팅
prior_year_province_anchor,대구,1,1분기+1개월,숙박 및 음식점업,5,93824.05,7029.18623462166,7.491881063140698,15.094054922538508,3,2,전국 공통 분기비중과 지역 구조 차이,시도/시군구 직접 활동자료,활동자료가 확인되는 지역·업종만 독립 라우팅
prior_year_province_anchor,대구,1,1분기+1개월,운수 및 창고업,5,135522.65,8806.408121374749,6.498107970420257,8.69496047165815,4,0,항만·공항·물류거점 활동량의 지역차,"항만 물동량, 공항 여객/화물, 물류창고 인허가, 대중교통 승하차",항만/공항/물류 활동량이 큰 지역만 독립 라우팅
prior_year_province_anchor,대구,1,1분기+1개월,정보통신업,5,105860.24,4597.097751430658,4.342610361955213,7.82545067762289,2,0,플랫폼·방송·통신사업자 집중과 지역 사업장 구조,방송/통신/콘텐츠 사업자 매출·사업체·고용,대형 사업자 집중 지역은 사업체·고용 구조 보정
prior_year_province_anchor,대구,2,1~2분기+1개월,건설업,5,179601.84999999998,18542.88561681091,10.324440208611945,28.494585279017436,3,2,지역 건설수주·착공·준공 시차,"건축허가·착공·사용승인, 건설수주 공종별 지역자료",BOK식 건축 12분기·토목 24분기 분산지표와 건축물대장 이벤트 결합
prior_year_province_anchor,대구,2,1~2분기+1개월,"공공 행정, 국방·사회보장",5,231209.36000000002,4026.347792423905,1.7414294094425524,5.931854450687067,1,0,정부·군·행정기관 지출의 지역 귀속,"지방재정 집행, 정부기관/군부대 고용, 예산집행",전국분기비중 + 지역 공공고용/재정집행 보조
prior_year_province_anchor,대구,2,1~2분기+1개월,"광업, 제조업",5,616464.65,15459.744998354217,2.5078072194981846,6.539914346704492,1,0,지역 제조업 구조·대형사업장 충격,시도/시군구 제조업 중분류 생산·출하·공장가동·전력·수출,중분류 제조업 생산지수/공장등록/전력/수출을 결합한 제조업 특화 시간배분
prior_year_province_anchor,대구,2,1~2분기+1개월,교육 서비스업,5,232082.38,2150.1566966868413,0.9264627054784776,1.6602072490228614,0,0,학령인구·대학·공공교육 지출 구조,"학교/학생/교직원, 대학 재정, 교육청 집행",교육통계 stock과 교육재정 flow 결합
prior_year_province_anchor,대구,2,1~2분기+1개월,금융 및 보험업,5,211624.56999999998,3377.3684138920944,1.5959245251589145,4.475505279325001,0,0,본점/지점 소재와 생산 귀속 차이,금융기관 점포·예수금·대출금·보험계약,시도 단위 금융활동 보조지표로만 완만 보정
prior_year_province_anchor,대구,2,1~2분기+1개월,기타산업 및 순생산물세,5,273198.73,6740.415930531904,2.4672208141421104,4.01200185665419,0,0,전국 공통 분기비중과 지역 구조 차이,시도/시군구 직접 활동자료,활동자료가 확인되는 지역·업종만 독립 라우팅
prior_year_province_anchor,대구,2,1~2분기+1개월,도매 및 소매업,5,271531.56,4343.594424473173,1.5996646667787613,3.920922982325599,0,0,전국 공통 분기비중과 지역 구조 차이,시도/시군구 직접 활동자료,활동자료가 확인되는 지역·업종만 독립 라우팅
prior_year_province_anchor,대구,2,1~2분기+1개월,문화 및 기타서비스업,5,105734.45999999999,3531.1573248402965,3.3396466249889554,6.518215770848686,1,0,전국 공통 분기비중과 지역 구조 차이,시도/시군구 직접 활동자료,활동자료가 확인되는 지역·업종만 독립 라우팅
prior_year_province_anchor,대구,2,1~2분기+1개월,보건 및 사회복지업,5,311266.2,5755.419540718503,1.8490345372284247,4.750479841671304,0,0,의료기관·요양·복지시설 집중,"병상수, 의료기관, 건강보험 진료비, 복지시설",의료이용·시설 stock 기반 특화 라우팅
prior_year_province_anchor,대구,2,1~2분기+1개월,부동산업,5,348291.23,7442.858762414835,2.1369641614044763,3.1286899062261044,0,0,거래·임대·공시가격·입주물량의 지역 시차,"실거래, 전월세, 건축물대장, 공동주택 공시가격, 입주/준공",거래·임대 flow와 stock 지표를 구분한 부동산 특화 라우팅
prior_year_province_anchor,대구,2,1~2분기+1개월,사업서비스업,5,211866.05000000002,7644.032626015702,3.6079554161772034,6.282049169470522,2,0,전국 공통 분기비중과 지역 구조 차이,시도/시군구 직접 활동자료,활동자료가 확인되는 지역·업종만 독립 라우팅
prior_year_province_anchor,대구,2,1~2분기+1개월,서비스업,5,2256136.48,30957.537221543957,1.3721482497168769,1.9554718114029763,0,0,전국 공통 분기비중과 지역 구조 차이,시도/시군구 직접 활동자료,활동자료가 확인되는 지역·업종만 독립 라우팅
prior_year_province_anchor,대구,2,1~2분기+1개월,숙박 및 음식점업,5,93824.05,2851.6509761947,3.039360351844436,7.531071749832294,1,0,전국 공통 분기비중과 지역 구조 차이,시도/시군구 직접 활동자료,활동자료가 확인되는 지역·업종만 독립 라우팅
prior_year_province_anchor,대구,2,1~2분기+1개월,운수 및 창고업,5,135522.65,4738.352990572821,3.4963550303752333,4.0283110838423,0,0,항만·공항·물류거점 활동량의 지역차,"항만 물동량, 공항 여객/화물, 물류창고 인허가, 대중교통 승하차",항만/공항/물류 활동량이 큰 지역만 독립 라우팅
prior_year_province_anchor,대구,2,1~2분기+1개월,정보통신업,5,105860.24,4104.505334394209,3.877287010112776,6.99873262581367,1,0,플랫폼·방송·통신사업자 집중과 지역 사업장 구조,방송/통신/콘텐츠 사업자 매출·사업체·고용,대형 사업자 집중 지역은 사업체·고용 구조 보정
prior_year_province_anchor,대구,3,1~3분기+1개월,건설업,5,179601.84999999998,17330.816945343955,9.649575962243127,25.176369539418275,3,3,지역 건설수주·착공·준공 시차,"건축허가·착공·사용승인, 건설수주 공종별 지역자료",BOK식 건축 12분기·토목 24분기 분산지표와 건축물대장 이벤트 결합
prior_year_province_anchor,대구,3,1~3분기+1개월,"공공 행정, 국방·사회보장",5,231209.36000000002,3925.913841484289,1.6979908778279085,5.9374692097122255,1,0,정부·군·행정기관 지출의 지역 귀속,"지방재정 집행, 정부기관/군부대 고용, 예산집행",전국분기비중 + 지역 공공고용/재정집행 보조
prior_year_province_anchor,대구,3,1~3분기+1개월,"광업, 제조업",5,616464.65,15398.59333129067,2.4978874832953792,5.702668191915581,1,0,지역 제조업 구조·대형사업장 충격,시도/시군구 제조업 중분류 생산·출하·공장가동·전력·수출,중분류 제조업 생산지수/공장등록/전력/수출을 결합한 제조업 특화 시간배분
prior_year_province_anchor,대구,3,1~3분기+1개월,교육 서비스업,5,232082.38,1239.6679236017735,0.5341499529614326,0.8436150350175186,0,0,학령인구·대학·공공교육 지출 구조,"학교/학생/교직원, 대학 재정, 교육청 집행",교육통계 stock과 교육재정 flow 결합
prior_year_province_anchor,대구,3,1~3분기+1개월,금융 및 보험업,5,211624.56999999998,4347.337747464313,2.0542689100156535,4.330720065047409,0,0,본점/지점 소재와 생산 귀속 차이,금융기관 점포·예수금·대출금·보험계약,시도 단위 금융활동 보조지표로만 완만 보정
prior_year_province_anchor,대구,3,1~3분기+1개월,기타산업 및 순생산물세,5,273198.73,7247.586594770648,2.652862476619364,4.474847999146921,0,0,전국 공통 분기비중과 지역 구조 차이,시도/시군구 직접 활동자료,활동자료가 확인되는 지역·업종만 독립 라우팅
prior_year_province_anchor,대구,3,1~3분기+1개월,도매 및 소매업,5,271531.56,2391.0816094747424,0.8805906795787357,1.9387864463186864,0,0,전국 공통 분기비중과 지역 구조 차이,시도/시군구 직접 활동자료,활동자료가 확인되는 지역·업종만 독립 라우팅
prior_year_province_anchor,대구,3,1~3분기+1개월,문화 및 기타서비스업,5,105734.45999999999,3916.0443954805487,3.703659521673964,7.916581899739683,2,0,전국 공통 분기비중과 지역 구조 차이,시도/시군구 직접 활동자료,활동자료가 확인되는 지역·업종만 독립 라우팅
prior_year_province_anchor,대구,3,1~3분기+1개월,보건 및 사회복지업,5,311266.2,4511.3892205472,1.4493668829276034,3.6899936364056134,0,0,의료기관·요양·복지시설 집중,"병상수, 의료기관, 건강보험 진료비, 복지시설",의료이용·시설 stock 기반 특화 라우팅
prior_year_province_anchor,대구,3,1~3분기+1개월,부동산업,5,348291.23,6962.29018747744,1.998985213459851,3.5250008228917427,0,0,거래·임대·공시가격·입주물량의 지역 시차,"실거래, 전월세, 건축물대장, 공동주택 공시가격, 입주/준공",거래·임대 flow와 stock 지표를 구분한 부동산 특화 라우팅
prior_year_province_anchor,대구,3,1~3분기+1개월,사업서비스업,5,211866.05000000002,7690.858862387096,3.6300572283228463,5.810543817890982,2,0,전국 공통 분기비중과 지역 구조 차이,시도/시군구 직접 활동자료,활동자료가 확인되는 지역·업종만 독립 라우팅
prior_year_province_anchor,대구,3,1~3분기+1개월,서비스업,5,2256136.48,30558.55046769255,1.3544637365064256,1.9365624613705783,0,0,전국 공통 분기비중과 지역 구조 차이,시도/시군구 직접 활동자료,활동자료가 확인되는 지역·업종만 독립 라우팅
prior_year_province_anchor,대구,3,1~3분기+1개월,숙박 및 음식점업,5,93824.05,1258.8846471048,1.3417504862610385,3.12395928460863,0,0,전국 공통 분기비중과 지역 구조 차이,시도/시군구 직접 활동자료,활동자료가 확인되는 지역·업종만 독립 라우팅
prior_year_province_anchor,대구,3,1~3분기+1개월,운수 및 창고업,5,135522.65,3724.7835588324597,2.7484583269530667,4.08382612691475,0,0,항만·공항·물류거점 활동량의 지역차,"항만 물동량, 공항 여객/화물, 물류창고 인허가, 대중교통 승하차",항만/공항/물류 활동량이 큰 지역만 독립 라우팅
prior_year_province_anchor,대구,3,1~3분기+1개월,정보통신업,5,105860.24,4379.074312407982,4.136656323854907,7.034769538352714,2,0,플랫폼·방송·통신사업자 집중과 지역 사업장 구조,방송/통신/콘텐츠 사업자 매출·사업체·고용,대형 사업자 집중 지역은 사업체·고용 구조 보정
prior_year_province_anchor,대구,4,공표 후 정밀화,건설업,5,179601.84999999998,15944.472013042061,8.877676935422471,23.362512678606073,3,3,지역 건설수주·착공·준공 시차,"건축허가·착공·사용승인, 건설수주 공종별 지역자료",BOK식 건축 12분기·토목 24분기 분산지표와 건축물대장 이벤트 결합
prior_year_province_anchor,대구,4,공표 후 정밀화,"공공 행정, 국방·사회보장",5,231209.36000000002,3729.6368885516713,1.6130994387734439,5.732752701378071,1,0,정부·군·행정기관 지출의 지역 귀속,"지방재정 집행, 정부기관/군부대 고용, 예산집행",전국분기비중 + 지역 공공고용/재정집행 보조
prior_year_province_anchor,대구,4,공표 후 정밀화,"광업, 제조업",5,616464.65,17046.275457154872,2.765166738620758,4.9955938256432555,0,0,지역 제조업 구조·대형사업장 충격,시도/시군구 제조업 중분류 생산·출하·공장가동·전력·수출,중분류 제조업 생산지수/공장등록/전력/수출을 결합한 제조업 특화 시간배분
prior_year_province_anchor,대구,4,공표 후 정밀화,교육 서비스업,5,232082.38,933.4497231060668,0.40220620070600227,0.6942356237726658,0,0,학령인구·대학·공공교육 지출 구조,"학교/학생/교직원, 대학 재정, 교육청 집행",교육통계 stock과 교육재정 flow 결합
prior_year_province_anchor,대구,4,공표 후 정밀화,금융 및 보험업,5,211624.56999999998,5476.453987318193,2.587815766060715,4.154522828509599,0,0,본점/지점 소재와 생산 귀속 차이,금융기관 점포·예수금·대출금·보험계약,시도 단위 금융활동 보조지표로만 완만 보정
prior_year_province_anchor,대구,4,공표 후 정밀화,기타산업 및 순생산물세,5,273198.73,6962.315431260409,2.5484435565496257,5.02427268119138,1,0,전국 공통 분기비중과 지역 구조 차이,시도/시군구 직접 활동자료,활동자료가 확인되는 지역·업종만 독립 라우팅
prior_year_province_anchor,대구,4,공표 후 정밀화,도매 및 소매업,5,271531.56,1827.6556296306953,0.6730914187767696,1.095496064693179,0,0,전국 공통 분기비중과 지역 구조 차이,시도/시군구 직접 활동자료,활동자료가 확인되는 지역·업종만 독립 라우팅
prior_year_province_anchor,대구,4,공표 후 정밀화,문화 및 기타서비스업,5,105734.45999999999,4084.990384897399,3.863442802750777,7.635959741668465,2,0,전국 공통 분기비중과 지역 구조 차이,시도/시군구 직접 활동자료,활동자료가 확인되는 지역·업종만 독립 라우팅
prior_year_province_anchor,대구,4,공표 후 정밀화,보건 및 사회복지업,5,311266.2,3782.570637462508,1.2152204889135112,3.016513799663821,0,0,의료기관·요양·복지시설 집중,"병상수, 의료기관, 건강보험 진료비, 복지시설",의료이용·시설 stock 기반 특화 라우팅
prior_year_province_anchor,대구,4,공표 후 정밀화,부동산업,5,348291.23,6954.505247106135,1.9967500321802925,3.996253654170939,0,0,거래·임대·공시가격·입주물량의 지역 시차,"실거래, 전월세, 건축물대장, 공동주택 공시가격, 입주/준공",거래·임대 flow와 stock 지표를 구분한 부동산 특화 라우팅
prior_year_province_anchor,대구,4,공표 후 정밀화,사업서비스업,5,211866.05000000002,8421.28717267845,3.9748167168257726,5.785937360044747,2,0,전국 공통 분기비중과 지역 구조 차이,시도/시군구 직접 활동자료,활동자료가 확인되는 지역·업종만 독립 라우팅
prior_year_province_anchor,대구,4,공표 후 정밀화,서비스업,5,2256136.48,24181.863633173634,1.0718262768027949,2.00067989787414,0,0,전국 공통 분기비중과 지역 구조 차이,시도/시군구 직접 활동자료,활동자료가 확인되는 지역·업종만 독립 라우팅
prior_year_province_anchor,대구,4,공표 후 정밀화,숙박 및 음식점업,5,93824.05,2270.845146507194,2.4203230904093287,3.890525530968008,0,0,전국 공통 분기비중과 지역 구조 차이,시도/시군구 직접 활동자료,활동자료가 확인되는 지역·업종만 독립 라우팅
prior_year_province_anchor,대구,4,공표 후 정밀화,운수 및 창고업,5,135522.65,3127.735646243589,2.307906203312575,4.863290870315486,0,0,항만·공항·물류거점 활동량의 지역차,"항만 물동량, 공항 여객/화물, 물류창고 인허가, 대중교통 승하차",항만/공항/물류 활동량이 큰 지역만 독립 라우팅
prior_year_province_anchor,대구,4,공표 후 정밀화,정보통신업,5,105860.24,4368.2361704865,4.126418162745994,7.034404982425261,2,0,플랫폼·방송·통신사업자 집중과 지역 사업장 구조,방송/통신/콘텐츠 사업자 매출·사업체·고용,대형 사업자 집중 지역은 사업체·고용 구조 보정
prior_year_province_anchor,세종,1,1분기+1개월,건설업,5,57077.29,3521.9806308912084,6.170546343197458,20.64791152031073,1,1,지역 건설수주·착공·준공 시차,"건축허가·착공·사용승인, 건설수주 공종별 지역자료",BOK식 건축 12분기·토목 24분기 분산지표와 건축물대장 이벤트 결합
prior_year_province_anchor,세종,1,1분기+1개월,"공공 행정, 국방·사회보장",5,210067.62,4780.096713148763,2.2755038178414946,6.094637109703897,1,0,정부·군·행정기관 지출의 지역 귀속,"지방재정 집행, 정부기관/군부대 고용, 예산집행",전국분기비중 + 지역 공공고용/재정집행 보조
prior_year_province_anchor,세종,1,1분기+1개월,"광업, 제조업",5,165129.74,3008.268728478335,1.8217607128057824,3.602383108747984,0,0,지역 제조업 구조·대형사업장 충격,시도/시군구 제조업 중분류 생산·출하·공장가동·전력·수출,중분류 제조업 생산지수/공장등록/전력/수출을 결합한 제조업 특화 시간배분
prior_year_province_anchor,세종,1,1분기+1개월,교육 서비스업,5,51617.67999999999,986.7803364195006,1.9117099730547764,3.596721344477806,0,0,학령인구·대학·공공교육 지출 구조,"학교/학생/교직원, 대학 재정, 교육청 집행",교육통계 stock과 교육재정 flow 결합
prior_year_province_anchor,세종,1,1분기+1개월,금융 및 보험업,5,24982.41,732.314984051679,2.931322414657669,6.197063087198618,1,0,본점/지점 소재와 생산 귀속 차이,금융기관 점포·예수금·대출금·보험계약,시도 단위 금융활동 보조지표로만 완만 보정
prior_year_province_anchor,세종,1,1분기+1개월,기타산업 및 순생산물세,5,68429.66,1949.2076564298404,2.848483620158043,6.386834854363507,1,0,전국 공통 분기비중과 지역 구조 차이,시도/시군구 직접 활동자료,활동자료가 확인되는 지역·업종만 독립 라우팅
prior_year_province_anchor,세종,1,1분기+1개월,도매 및 소매업,5,18003.26,532.6558201930866,2.958663154301424,6.885545930988571,1,0,전국 공통 분기비중과 지역 구조 차이,시도/시군구 직접 활동자료,활동자료가 확인되는 지역·업종만 독립 라우팅
prior_year_province_anchor,세종,1,1분기+1개월,문화 및 기타서비스업,5,18076.690000000002,736.979633670971,4.076961178572907,11.055242819410903,1,1,전국 공통 분기비중과 지역 구조 차이,시도/시군구 직접 활동자료,활동자료가 확인되는 지역·업종만 독립 라우팅
prior_year_province_anchor,세종,1,1분기+1개월,보건 및 사회복지업,5,27548.35,1610.6090539588013,5.846481019584844,19.280371819375866,2,1,의료기관·요양·복지시설 집중,"병상수, 의료기관, 건강보험 진료비, 복지시설",의료이용·시설 stock 기반 특화 라우팅
prior_year_province_anchor,세종,1,1분기+1개월,부동산업,5,54149.57,2130.717304838785,3.934873914675195,8.761333360568644,1,0,거래·임대·공시가격·입주물량의 지역 시차,"실거래, 전월세, 건축물대장, 공동주택 공시가격, 입주/준공",거래·임대 flow와 stock 지표를 구분한 부동산 특화 라우팅
prior_year_province_anchor,세종,1,1분기+1개월,사업서비스업,5,37778.399999999994,2160.0108255158275,5.717581542669429,20.439728951149604,1,1,전국 공통 분기비중과 지역 구조 차이,시도/시군구 직접 활동자료,활동자료가 확인되는 지역·업종만 독립 라우팅
prior_year_province_anchor,세종,1,1분기+1개월,서비스업,5,481036.36,19150.655257599705,3.9811242662820137,5.126617166814028,1,0,전국 공통 분기비중과 지역 구조 차이,시도/시군구 직접 활동자료,활동자료가 확인되는 지역·업종만 독립 라우팅
prior_year_province_anchor,세종,1,1분기+1개월,숙박 및 음식점업,5,13465.75,1291.4137868450946,9.59035914705898,24.92932032115022,2,2,전국 공통 분기비중과 지역 구조 차이,시도/시군구 직접 활동자료,활동자료가 확인되는 지역·업종만 독립 라우팅
prior_year_province_anchor,세종,1,1분기+1개월,운수 및 창고업,5,13935.89,832.4132239788923,5.973161556089295,16.632065604122747,3,1,항만·공항·물류거점 활동량의 지역차,"항만 물동량, 공항 여객/화물, 물류창고 인허가, 대중교통 승하차",항만/공항/물류 활동량이 큰 지역만 독립 라우팅
prior_year_province_anchor,세종,1,1분기+1개월,정보통신업,5,12443.59,697.9638939793604,5.609023553326334,17.199701270328106,1,1,플랫폼·방송·통신사업자 집중과 지역 사업장 구조,방송/통신/콘텐츠 사업자 매출·사업체·고용,대형 사업자 집중 지역은 사업체·고용 구조 보정
prior_year_province_anchor,세종,2,1~2분기+1개월,건설업,5,57077.29,3151.614054653317,5.521660286697768,17.698749956860045,1,1,지역 건설수주·착공·준공 시차,"건축허가·착공·사용승인, 건설수주 공종별 지역자료",BOK식 건축 12분기·토목 24분기 분산지표와 건축물대장 이벤트 결합
prior_year_province_anchor,세종,2,1~2분기+1개월,"공공 행정, 국방·사회보장",5,210067.62,4640.864970802177,2.2092243301476815,5.478289002051966,1,0,정부·군·행정기관 지출의 지역 귀속,"지방재정 집행, 정부기관/군부대 고용, 예산집행",전국분기비중 + 지역 공공고용/재정집행 보조
prior_year_province_anchor,세종,2,1~2분기+1개월,"광업, 제조업",5,165129.74,3121.0772137105487,1.8900757753936686,2.462739605274285,0,0,지역 제조업 구조·대형사업장 충격,시도/시군구 제조업 중분류 생산·출하·공장가동·전력·수출,중분류 제조업 생산지수/공장등록/전력/수출을 결합한 제조업 특화 시간배분
prior_year_province_anchor,세종,2,1~2분기+1개월,교육 서비스업,5,51617.67999999999,951.8640759833779,1.8440659789114466,3.7736745128847926,0,0,학령인구·대학·공공교육 지출 구조,"학교/학생/교직원, 대학 재정, 교육청 집행",교육통계 stock과 교육재정 flow 결합
prior_year_province_anchor,세종,2,1~2분기+1개월,금융 및 보험업,5,24982.41,846.932488786173,3.3901152402277166,5.694824628216645,1,0,본점/지점 소재와 생산 귀속 차이,금융기관 점포·예수금·대출금·보험계약,시도 단위 금융활동 보조지표로만 완만 보정
prior_year_province_anchor,세종,2,1~2분기+1개월,기타산업 및 순생산물세,5,68429.66,1671.645427909405,2.4428667743043078,5.449830381541192,1,0,전국 공통 분기비중과 지역 구조 차이,시도/시군구 직접 활동자료,활동자료가 확인되는 지역·업종만 독립 라우팅
prior_year_province_anchor,세종,2,1~2분기+1개월,도매 및 소매업,5,18003.26,624.3644668471247,3.4680633776722924,6.566164911743567,1,0,전국 공통 분기비중과 지역 구조 차이,시도/시군구 직접 활동자료,활동자료가 확인되는 지역·업종만 독립 라우팅
prior_year_province_anchor,세종,2,1~2분기+1개월,문화 및 기타서비스업,5,18076.690000000002,474.2839297554251,2.6237321642149367,7.1055637095935875,1,0,전국 공통 분기비중과 지역 구조 차이,시도/시군구 직접 활동자료,활동자료가 확인되는 지역·업종만 독립 라우팅
prior_year_province_anchor,세종,2,1~2분기+1개월,보건 및 사회복지업,5,27548.35,1692.4787440203404,6.1436664773764695,17.370167141078692,2,1,의료기관·요양·복지시설 집중,"병상수, 의료기관, 건강보험 진료비, 복지시설",의료이용·시설 stock 기반 특화 라우팅
prior_year_province_anchor,세종,2,1~2분기+1개월,부동산업,5,54149.57,2104.099574762624,3.8857179747920876,7.952713283975885,1,0,거래·임대·공시가격·입주물량의 지역 시차,"실거래, 전월세, 건축물대장, 공동주택 공시가격, 입주/준공",거래·임대 flow와 stock 지표를 구분한 부동산 특화 라우팅
prior_year_province_anchor,세종,2,1~2분기+1개월,사업서비스업,5,37778.399999999994,1913.8568280747895,5.066008163592926,17.85864595047189,1,1,전국 공통 분기비중과 지역 구조 차이,시도/시군구 직접 활동자료,활동자료가 확인되는 지역·업종만 독립 라우팅
prior_year_province_anchor,세종,2,1~2분기+1개월,서비스업,5,481036.36,13032.330082502944,2.7092193368715294,3.811856534771933,0,0,전국 공통 분기비중과 지역 구조 차이,시도/시군구 직접 활동자료,활동자료가 확인되는 지역·업종만 독립 라우팅
prior_year_province_anchor,세종,2,1~2분기+1개월,숙박 및 음식점업,5,13465.75,886.6582546634522,6.584544155828322,18.24241180541811,3,1,전국 공통 분기비중과 지역 구조 차이,시도/시군구 직접 활동자료,활동자료가 확인되는 지역·업종만 독립 라우팅
prior_year_province_anchor,세종,2,1~2분기+1개월,운수 및 창고업,5,13935.89,592.3438541723926,4.250491745933648,8.547012443488939,2,0,항만·공항·물류거점 활동량의 지역차,"항만 물동량, 공항 여객/화물, 물류창고 인허가, 대중교통 승하차",항만/공항/물류 활동량이 큰 지역만 독립 라우팅
prior_year_province_anchor,세종,2,1~2분기+1개월,정보통신업,5,12443.59,787.1515656012548,6.325759411883988,16.379247927846485,1,1,플랫폼·방송·통신사업자 집중과 지역 사업장 구조,방송/통신/콘텐츠 사업자 매출·사업체·고용,대형 사업자 집중 지역은 사업체·고용 구조 보정
prior_year_province_anchor,세종,3,1~3분기+1개월,건설업,5,57077.29,2942.532249463571,5.1553468103751445,14.659323479939257,2,1,지역 건설수주·착공·준공 시차,"건축허가·착공·사용승인, 건설수주 공종별 지역자료",BOK식 건축 12분기·토목 24분기 분산지표와 건축물대장 이벤트 결합
prior_year_province_anchor,세종,3,1~3분기+1개월,"공공 행정, 국방·사회보장",5,210067.62,4557.296533400884,2.16944264584941,5.473279020562898,1,0,정부·군·행정기관 지출의 지역 귀속,"지방재정 집행, 정부기관/군부대 고용, 예산집행",전국분기비중 + 지역 공공고용/재정집행 보조
prior_year_province_anchor,세종,3,1~3분기+1개월,"광업, 제조업",5,165129.74,3121.350799016913,1.8902414543963508,3.4710489722461073,0,0,지역 제조업 구조·대형사업장 충격,시도/시군구 제조업 중분류 생산·출하·공장가동·전력·수출,중분류 제조업 생산지수/공장등록/전력/수출을 결합한 제조업 특화 시간배분
prior_year_province_anchor,세종,3,1~3분기+1개월,교육 서비스업,5,51617.67999999999,919.0782759103658,1.7805493697321655,3.4346071915839023,0,0,학령인구·대학·공공교육 지출 구조,"학교/학생/교직원, 대학 재정, 교육청 집행",교육통계 stock과 교육재정 flow 결합
prior_year_province_anchor,세종,3,1~3분기+1개월,금융 및 보험업,5,24982.41,987.1735077864523,3.9514742884551666,5.215153825045416,1,0,본점/지점 소재와 생산 귀속 차이,금융기관 점포·예수금·대출금·보험계약,시도 단위 금융활동 보조지표로만 완만 보정
prior_year_province_anchor,세종,3,1~3분기+1개월,기타산업 및 순생산물세,5,68429.66,1865.0919131223272,2.7255606897978555,5.987590538847209,1,0,전국 공통 분기비중과 지역 구조 차이,시도/시군구 직접 활동자료,활동자료가 확인되는 지역·업종만 독립 라우팅
prior_year_province_anchor,세종,3,1~3분기+1개월,도매 및 소매업,5,18003.26,760.890205817761,4.226402361670948,6.844045152085193,2,0,전국 공통 분기비중과 지역 구조 차이,시도/시군구 직접 활동자료,활동자료가 확인되는 지역·업종만 독립 라우팅
prior_year_province_anchor,세종,3,1~3분기+1개월,문화 및 기타서비스업,5,18076.690000000002,361.9280163779863,2.002180799571084,6.936392753198514,1,0,전국 공통 분기비중과 지역 구조 차이,시도/시군구 직접 활동자료,활동자료가 확인되는 지역·업종만 독립 라우팅
prior_year_province_anchor,세종,3,1~3분기+1개월,보건 및 사회복지업,5,27548.35,1698.7142225433208,6.16630114886489,16.450185625742584,2,1,의료기관·요양·복지시설 집중,"병상수, 의료기관, 건강보험 진료비, 복지시설",의료이용·시설 stock 기반 특화 라우팅
prior_year_province_anchor,세종,3,1~3분기+1개월,부동산업,5,54149.57,2014.6619065907817,3.720550147657279,8.182687005798043,1,0,거래·임대·공시가격·입주물량의 지역 시차,"실거래, 전월세, 건축물대장, 공동주택 공시가격, 입주/준공",거래·임대 flow와 stock 지표를 구분한 부동산 특화 라우팅
prior_year_province_anchor,세종,3,1~3분기+1개월,사업서비스업,5,37778.399999999994,1773.7993513517333,4.695273890243456,18.018208806888115,1,1,전국 공통 분기비중과 지역 구조 차이,시도/시군구 직접 활동자료,활동자료가 확인되는 지역·업종만 독립 라우팅
prior_year_province_anchor,세종,3,1~3분기+1개월,서비스업,5,481036.36,9058.76320717753,1.8831764000495785,4.514575686394374,0,0,전국 공통 분기비중과 지역 구조 차이,시도/시군구 직접 활동자료,활동자료가 확인되는 지역·업종만 독립 라우팅
prior_year_province_anchor,세종,3,1~3분기+1개월,숙박 및 음식점업,5,13465.75,720.4732465610355,5.350413059510503,14.34580682818556,2,1,전국 공통 분기비중과 지역 구조 차이,시도/시군구 직접 활동자료,활동자료가 확인되는 지역·업종만 독립 라우팅
prior_year_province_anchor,세종,3,1~3분기+1개월,운수 및 창고업,5,13935.89,521.815906581176,3.7444031675133487,7.845452977538104,2,0,항만·공항·물류거점 활동량의 지역차,"항만 물동량, 공항 여객/화물, 물류창고 인허가, 대중교통 승하차",항만/공항/물류 활동량이 큰 지역만 독립 라우팅
prior_year_province_anchor,세종,3,1~3분기+1개월,정보통신업,5,12443.59,838.242356265619,6.736338598954313,16.351084662217797,1,1,플랫폼·방송·통신사업자 집중과 지역 사업장 구조,방송/통신/콘텐츠 사업자 매출·사업체·고용,대형 사업자 집중 지역은 사업체·고용 구조 보정
prior_year_province_anchor,세종,4,공표 후 정밀화,건설업,5,57077.29,2708.8895832528488,4.74600245255661,12.997862923802243,2,1,지역 건설수주·착공·준공 시차,"건축허가·착공·사용승인, 건설수주 공종별 지역자료",BOK식 건축 12분기·토목 24분기 분산지표와 건축물대장 이벤트 결합
prior_year_province_anchor,세종,4,공표 후 정밀화,"공공 행정, 국방·사회보장",5,210067.62,4764.501026760932,2.2680796910827725,5.6559450820380945,1,0,정부·군·행정기관 지출의 지역 귀속,"지방재정 집행, 정부기관/군부대 고용, 예산집행",전국분기비중 + 지역 공공고용/재정집행 보조
prior_year_province_anchor,세종,4,공표 후 정밀화,"광업, 제조업",5,165129.74,4208.618715106109,2.548673979082211,5.418074113373957,1,0,지역 제조업 구조·대형사업장 충격,시도/시군구 제조업 중분류 생산·출하·공장가동·전력·수출,중분류 제조업 생산지수/공장등록/전력/수출을 결합한 제조업 특화 시간배분
prior_year_province_anchor,세종,4,공표 후 정밀화,교육 서비스업,5,51617.67999999999,928.505023913498,1.7988120037814526,3.3003569596917575,0,0,학령인구·대학·공공교육 지출 구조,"학교/학생/교직원, 대학 재정, 교육청 집행",교육통계 stock과 교육재정 flow 결합
prior_year_province_anchor,세종,4,공표 후 정밀화,금융 및 보험업,5,24982.41,1027.6723234229603,4.113583611120625,5.640158134194044,2,0,본점/지점 소재와 생산 귀속 차이,금융기관 점포·예수금·대출금·보험계약,시도 단위 금융활동 보조지표로만 완만 보정
prior_year_province_anchor,세종,4,공표 후 정밀화,기타산업 및 순생산물세,5,68429.66,1867.9286803721334,2.7297062127330944,5.416647989501556,1,0,전국 공통 분기비중과 지역 구조 차이,시도/시군구 직접 활동자료,활동자료가 확인되는 지역·업종만 독립 라우팅
prior_year_province_anchor,세종,4,공표 후 정밀화,도매 및 소매업,5,18003.26,828.2431689563691,4.600517733768046,7.258081272591736,2,0,전국 공통 분기비중과 지역 구조 차이,시도/시군구 직접 활동자료,활동자료가 확인되는 지역·업종만 독립 라우팅
prior_year_province_anchor,세종,4,공표 후 정밀화,문화 및 기타서비스업,5,18076.690000000002,433.6277004086169,2.3988224636734756,6.307089267815797,1,0,전국 공통 분기비중과 지역 구조 차이,시도/시군구 직접 활동자료,활동자료가 확인되는 지역·업종만 독립 라우팅
prior_year_province_anchor,세종,4,공표 후 정밀화,보건 및 사회복지업,5,27548.35,1701.1146881041414,6.175014794367508,15.865935686726363,3,1,의료기관·요양·복지시설 집중,"병상수, 의료기관, 건강보험 진료비, 복지시설",의료이용·시설 stock 기반 특화 라우팅
prior_year_province_anchor,세종,4,공표 후 정밀화,부동산업,5,54149.57,1949.6016568715604,3.6004009946368187,8.555796424072568,1,0,거래·임대·공시가격·입주물량의 지역 시차,"실거래, 전월세, 건축물대장, 공동주택 공시가격, 입주/준공",거래·임대 flow와 stock 지표를 구분한 부동산 특화 라우팅
prior_year_province_anchor,세종,4,공표 후 정밀화,사업서비스업,5,37778.399999999994,1793.4157444295051,4.747198781392291,17.996791531845655,1,1,전국 공통 분기비중과 지역 구조 차이,시도/시군구 직접 활동자료,활동자료가 확인되는 지역·업종만 독립 라우팅
prior_year_province_anchor,세종,4,공표 후 정밀화,서비스업,5,481036.36,8281.58751084673,1.7216136241440732,5.428611931717634,1,0,전국 공통 분기비중과 지역 구조 차이,시도/시군구 직접 활동자료,활동자료가 확인되는 지역·업종만 독립 라우팅
prior_year_province_anchor,세종,4,공표 후 정밀화,숙박 및 음식점업,5,13465.75,492.40551872856804,3.6567255349948424,8.143860165653281,2,0,전국 공통 분기비중과 지역 구조 차이,시도/시군구 직접 활동자료,활동자료가 확인되는 지역·업종만 독립 라우팅
prior_year_province_anchor,세종,4,공표 후 정밀화,운수 및 창고업,5,13935.89,448.9672237246018,3.2216616500603963,7.155324424226794,2,0,항만·공항·물류거점 활동량의 지역차,"항만 물동량, 공항 여객/화물, 물류창고 인허가, 대중교통 승하차",항만/공항/물류 활동량이 큰 지역만 독립 라우팅
prior_year_province_anchor,세종,4,공표 후 정밀화,정보통신업,5,12443.59,876.4034911957033,7.043011632460594,16.35136956690851,3,1,플랫폼·방송·통신사업자 집중과 지역 사업장 구조,방송/통신/콘텐츠 사업자 매출·사업체·고용,대형 사업자 집중 지역은 사업체·고용 구조 보정
prior_year_province_anchor,울산,1,1분기+1개월,건설업,5,151906.42,14621.42344646465,9.625283412290704,18.980860050012545,4,2,지역 건설수주·착공·준공 시차,"건축허가·착공·사용승인, 건설수주 공종별 지역자료",BOK식 건축 12분기·토목 24분기 분산지표와 건축물대장 이벤트 결합
prior_year_province_anchor,울산,1,1분기+1개월,"공공 행정, 국방·사회보장",5,109608.79000000001,1333.816704880559,1.2168884492571799,2.5096295987992185,0,0,정부·군·행정기관 지출의 지역 귀속,"지방재정 집행, 정부기관/군부대 고용, 예산집행",전국분기비중 + 지역 공공고용/재정집행 보조
prior_year_province_anchor,울산,1,1분기+1개월,"광업, 제조업",5,2020375.66,86099.56656977063,4.261562256683028,8.837151539927564,2,0,지역 제조업 구조·대형사업장 충격,시도/시군구 제조업 중분류 생산·출하·공장가동·전력·수출,중분류 제조업 생산지수/공장등록/전력/수출을 결합한 제조업 특화 시간배분
prior_year_province_anchor,울산,1,1분기+1개월,교육 서비스업,5,113557.45,2221.255608534255,1.9560633041110511,4.631097568299943,0,0,학령인구·대학·공공교육 지출 구조,"학교/학생/교직원, 대학 재정, 교육청 집행",교육통계 stock과 교육재정 flow 결합
prior_year_province_anchor,울산,1,1분기+1개월,금융 및 보험업,5,83207.20000000001,1529.6933565704767,1.8384146523022966,4.9639120927629765,0,0,본점/지점 소재와 생산 귀속 차이,금융기관 점포·예수금·대출금·보험계약,시도 단위 금융활동 보조지표로만 완만 보정
prior_year_province_anchor,울산,1,1분기+1개월,기타산업 및 순생산물세,5,684437.4500000001,9576.254614667167,1.399142407340096,2.39604059274958,0,0,전국 공통 분기비중과 지역 구조 차이,시도/시군구 직접 활동자료,활동자료가 확인되는 지역·업종만 독립 라우팅
prior_year_province_anchor,울산,1,1분기+1개월,도매 및 소매업,5,98262.6,3298.1769564688148,3.356492659942658,9.63826696286074,1,0,전국 공통 분기비중과 지역 구조 차이,시도/시군구 직접 활동자료,활동자료가 확인되는 지역·업종만 독립 라우팅
prior_year_province_anchor,울산,1,1분기+1개월,문화 및 기타서비스업,5,56894.619999999995,1560.2682912609835,2.7423828320867307,5.911570468254947,1,0,전국 공통 분기비중과 지역 구조 차이,시도/시군구 직접 활동자료,활동자료가 확인되는 지역·업종만 독립 라우팅
prior_year_province_anchor,울산,1,1분기+1개월,보건 및 사회복지업,5,118228.18000000001,2030.855833403024,1.7177426172026196,3.140762942450744,0,0,의료기관·요양·복지시설 집중,"병상수, 의료기관, 건강보험 진료비, 복지시설",의료이용·시설 stock 기반 특화 라우팅
prior_year_province_anchor,울산,1,1분기+1개월,부동산업,5,123072.76,2794.4018329348546,2.2705282898789747,5.300097090168497,1,0,거래·임대·공시가격·입주물량의 지역 시차,"실거래, 전월세, 건축물대장, 공동주택 공시가격, 입주/준공",거래·임대 flow와 stock 지표를 구분한 부동산 특화 라우팅
prior_year_province_anchor,울산,1,1분기+1개월,사업서비스업,5,135771.6,2565.8764545884296,1.8898476961223332,5.104216113612702,1,0,전국 공통 분기비중과 지역 구조 차이,시도/시군구 직접 활동자료,활동자료가 확인되는 지역·업종만 독립 라우팅
prior_year_province_anchor,울산,1,1분기+1개월,서비스업,5,1037784.52,13708.440848066937,1.3209332557848268,2.1641556649847993,0,0,전국 공통 분기비중과 지역 구조 차이,시도/시군구 직접 활동자료,활동자료가 확인되는 지역·업종만 독립 라우팅
prior_year_province_anchor,울산,1,1분기+1개월,숙박 및 음식점업,5,49233.48999999999,3335.688876047295,6.775243591399463,17.415252531998103,2,2,전국 공통 분기비중과 지역 구조 차이,시도/시군구 직접 활동자료,활동자료가 확인되는 지역·업종만 독립 라우팅
prior_year_province_anchor,울산,1,1분기+1개월,운수 및 창고업,5,109499.66999999998,4073.450841526508,3.7200576417504347,8.006395727525327,2,0,항만·공항·물류거점 활동량의 지역차,"항만 물동량, 공항 여객/화물, 물류창고 인허가, 대중교통 승하차",항만/공항/물류 활동량이 큰 지역만 독립 라우팅
prior_year_province_anchor,울산,1,1분기+1개월,정보통신업,5,37883.18,1217.6657829735068,3.214264966598651,6.4865275209582745,1,0,플랫폼·방송·통신사업자 집중과 지역 사업장 구조,방송/통신/콘텐츠 사업자 매출·사업체·고용,대형 사업자 집중 지역은 사업체·고용 구조 보정
prior_year_province_anchor,울산,2,1~2분기+1개월,건설업,5,151906.42,15545.120142197487,10.233352969675334,19.9392154434164,4,2,지역 건설수주·착공·준공 시차,"건축허가·착공·사용승인, 건설수주 공종별 지역자료",BOK식 건축 12분기·토목 24분기 분산지표와 건축물대장 이벤트 결합
prior_year_province_anchor,울산,2,1~2분기+1개월,"공공 행정, 국방·사회보장",5,109608.79000000001,1148.874063227213,1.0481586953265452,2.0996960587646565,0,0,정부·군·행정기관 지출의 지역 귀속,"지방재정 집행, 정부기관/군부대 고용, 예산집행",전국분기비중 + 지역 공공고용/재정집행 보조
prior_year_province_anchor,울산,2,1~2분기+1개월,"광업, 제조업",5,2020375.66,56014.854080385994,2.772496976150762,7.215169601424927,1,0,지역 제조업 구조·대형사업장 충격,시도/시군구 제조업 중분류 생산·출하·공장가동·전력·수출,중분류 제조업 생산지수/공장등록/전력/수출을 결합한 제조업 특화 시간배분
prior_year_province_anchor,울산,2,1~2분기+1개월,교육 서비스업,5,113557.45,1975.9302266011546,1.7400269437198128,4.806152086031524,0,0,학령인구·대학·공공교육 지출 구조,"학교/학생/교직원, 대학 재정, 교육청 집행",교육통계 stock과 교육재정 flow 결합
prior_year_province_anchor,울산,2,1~2분기+1개월,금융 및 보험업,5,83207.20000000001,1127.7733340820996,1.3553795033147364,3.300285410243321,0,0,본점/지점 소재와 생산 귀속 차이,금융기관 점포·예수금·대출금·보험계약,시도 단위 금융활동 보조지표로만 완만 보정
prior_year_province_anchor,울산,2,1~2분기+1개월,기타산업 및 순생산물세,5,684437.4500000001,7505.672142190889,1.0966191493745538,2.6998134024163973,0,0,전국 공통 분기비중과 지역 구조 차이,시도/시군구 직접 활동자료,활동자료가 확인되는 지역·업종만 독립 라우팅
prior_year_province_anchor,울산,2,1~2분기+1개월,도매 및 소매업,5,98262.6,2622.029699849605,2.6683903131502777,5.2894118884563035,1,0,전국 공통 분기비중과 지역 구조 차이,시도/시군구 직접 활동자료,활동자료가 확인되는 지역·업종만 독립 라우팅
prior_year_province_anchor,울산,2,1~2분기+1개월,문화 및 기타서비스업,5,56894.619999999995,1725.8709844496188,3.0334519932633683,4.987472283999839,0,0,전국 공통 분기비중과 지역 구조 차이,시도/시군구 직접 활동자료,활동자료가 확인되는 지역·업종만 독립 라우팅
prior_year_province_anchor,울산,2,1~2분기+1개월,보건 및 사회복지업,5,118228.18000000001,1206.5030887226712,1.0204868997583074,2.342317477232444,0,0,의료기관·요양·복지시설 집중,"병상수, 의료기관, 건강보험 진료비, 복지시설",의료이용·시설 stock 기반 특화 라우팅
prior_year_province_anchor,울산,2,1~2분기+1개월,부동산업,5,123072.76,2651.5460227000294,2.1544540178509277,5.097033032270051,1,0,거래·임대·공시가격·입주물량의 지역 시차,"실거래, 전월세, 건축물대장, 공동주택 공시가격, 입주/준공",거래·임대 flow와 stock 지표를 구분한 부동산 특화 라우팅
prior_year_province_anchor,울산,2,1~2분기+1개월,사업서비스업,5,135771.6,2691.100339567929,1.9820789764339,4.8591770119890825,0,0,전국 공통 분기비중과 지역 구조 차이,시도/시군구 직접 활동자료,활동자료가 확인되는 지역·업종만 독립 라우팅
prior_year_province_anchor,울산,2,1~2분기+1개월,서비스업,5,1037784.52,12958.422181257716,1.2486621193056258,1.7907131976782535,0,0,전국 공통 분기비중과 지역 구조 차이,시도/시군구 직접 활동자료,활동자료가 확인되는 지역·업종만 독립 라우팅
prior_year_province_anchor,울산,2,1~2분기+1개월,숙박 및 음식점업,5,49233.48999999999,1869.6608701890964,3.79753876921806,10.059029656758137,1,1,전국 공통 분기비중과 지역 구조 차이,시도/시군구 직접 활동자료,활동자료가 확인되는 지역·업종만 독립 라우팅
prior_year_province_anchor,울산,2,1~2분기+1개월,운수 및 창고업,5,109499.66999999998,4079.163643683587,3.72527482839317,9.176853582501208,2,0,항만·공항·물류거점 활동량의 지역차,"항만 물동량, 공항 여객/화물, 물류창고 인허가, 대중교통 승하차",항만/공항/물류 활동량이 큰 지역만 독립 라우팅
prior_year_province_anchor,울산,2,1~2분기+1개월,정보통신업,5,37883.18,904.2202331922263,2.3868646538971285,3.660023823804918,0,0,플랫폼·방송·통신사업자 집중과 지역 사업장 구조,방송/통신/콘텐츠 사업자 매출·사업체·고용,대형 사업자 집중 지역은 사업체·고용 구조 보정
prior_year_province_anchor,울산,3,1~3분기+1개월,건설업,5,151906.42,15846.277046624418,10.431604567222648,19.98755280263183,5,2,지역 건설수주·착공·준공 시차,"건축허가·착공·사용승인, 건설수주 공종별 지역자료",BOK식 건축 12분기·토목 24분기 분산지표와 건축물대장 이벤트 결합
prior_year_province_anchor,울산,3,1~3분기+1개월,"공공 행정, 국방·사회보장",5,109608.79000000001,1196.741408237769,1.0918297777375054,2.119204352568192,0,0,정부·군·행정기관 지출의 지역 귀속,"지방재정 집행, 정부기관/군부대 고용, 예산집행",전국분기비중 + 지역 공공고용/재정집행 보조
prior_year_province_anchor,울산,3,1~3분기+1개월,"광업, 제조업",5,2020375.66,51988.67233048502,2.573218107888165,6.302098040346358,1,0,지역 제조업 구조·대형사업장 충격,시도/시군구 제조업 중분류 생산·출하·공장가동·전력·수출,중분류 제조업 생산지수/공장등록/전력/수출을 결합한 제조업 특화 시간배분
prior_year_province_anchor,울산,3,1~3분기+1개월,교육 서비스업,5,113557.45,2013.4017662400038,1.7730248136427893,4.4707228482099275,0,0,학령인구·대학·공공교육 지출 구조,"학교/학생/교직원, 대학 재정, 교육청 집행",교육통계 stock과 교육재정 flow 결합
prior_year_province_anchor,울산,3,1~3분기+1개월,금융 및 보험업,5,83207.20000000001,1443.192645688483,1.7344564481060327,3.1571288500709387,0,0,본점/지점 소재와 생산 귀속 차이,금융기관 점포·예수금·대출금·보험계약,시도 단위 금융활동 보조지표로만 완만 보정
prior_year_province_anchor,울산,3,1~3분기+1개월,기타산업 및 순생산물세,5,684437.4500000001,4696.239167269174,0.6861458512051282,2.0893943439232423,0,0,전국 공통 분기비중과 지역 구조 차이,시도/시군구 직접 활동자료,활동자료가 확인되는 지역·업종만 독립 라우팅
prior_year_province_anchor,울산,3,1~3분기+1개월,도매 및 소매업,5,98262.6,1963.123351232749,1.9978337141829636,3.752725303329647,0,0,전국 공통 분기비중과 지역 구조 차이,시도/시군구 직접 활동자료,활동자료가 확인되는 지역·업종만 독립 라우팅
prior_year_province_anchor,울산,3,1~3분기+1개월,문화 및 기타서비스업,5,56894.619999999995,2096.854509776451,3.68550578205189,6.365742884360445,2,0,전국 공통 분기비중과 지역 구조 차이,시도/시군구 직접 활동자료,활동자료가 확인되는 지역·업종만 독립 라우팅
prior_year_province_anchor,울산,3,1~3분기+1개월,보건 및 사회복지업,5,118228.18000000001,1102.15203192817,0.9322244763711747,1.9801524091415577,0,0,의료기관·요양·복지시설 집중,"병상수, 의료기관, 건강보험 진료비, 복지시설",의료이용·시설 stock 기반 특화 라우팅
prior_year_province_anchor,울산,3,1~3분기+1개월,부동산업,5,123072.76,2403.284497463439,1.9527347054404558,4.1767747945091935,0,0,거래·임대·공시가격·입주물량의 지역 시차,"실거래, 전월세, 건축물대장, 공동주택 공시가격, 입주/준공",거래·임대 flow와 stock 지표를 구분한 부동산 특화 라우팅
prior_year_province_anchor,울산,3,1~3분기+1개월,사업서비스업,5,135771.6,2321.3113560081983,1.7097179056652483,3.79844694957399,0,0,전국 공통 분기비중과 지역 구조 차이,시도/시군구 직접 활동자료,활동자료가 확인되는 지역·업종만 독립 라우팅
prior_year_province_anchor,울산,3,1~3분기+1개월,서비스업,5,1037784.52,13166.29767350026,1.268692818187369,1.5760003349825566,0,0,전국 공통 분기비중과 지역 구조 차이,시도/시군구 직접 활동자료,활동자료가 확인되는 지역·업종만 독립 라우팅
prior_year_province_anchor,울산,3,1~3분기+1개월,숙박 및 음식점업,5,49233.48999999999,1297.1905301394509,2.634772651988415,5.994084931059261,2,0,전국 공통 분기비중과 지역 구조 차이,시도/시군구 직접 활동자료,활동자료가 확인되는 지역·업종만 독립 라우팅
prior_year_province_anchor,울산,3,1~3분기+1개월,운수 및 창고업,5,109499.66999999998,5205.114833680102,4.753543854223581,11.3886362639372,2,1,항만·공항·물류거점 활동량의 지역차,"항만 물동량, 공항 여객/화물, 물류창고 인허가, 대중교통 승하차",항만/공항/물류 활동량이 큰 지역만 독립 라우팅
prior_year_province_anchor,울산,3,1~3분기+1개월,정보통신업,5,37883.18,842.7019712199817,2.2244752716640517,3.8211349619090664,0,0,플랫폼·방송·통신사업자 집중과 지역 사업장 구조,방송/통신/콘텐츠 사업자 매출·사업체·고용,대형 사업자 집중 지역은 사업체·고용 구조 보정
prior_year_province_anchor,울산,4,공표 후 정밀화,건설업,5,151906.42,16612.955972502372,10.93630932287284,21.173659275322212,5,2,지역 건설수주·착공·준공 시차,"건축허가·착공·사용승인, 건설수주 공종별 지역자료",BOK식 건축 12분기·토목 24분기 분산지표와 건축물대장 이벤트 결합
prior_year_province_anchor,울산,4,공표 후 정밀화,"공공 행정, 국방·사회보장",5,109608.79000000001,1157.1256864417082,1.0556869448533353,2.092185724177391,0,0,정부·군·행정기관 지출의 지역 귀속,"지방재정 집행, 정부기관/군부대 고용, 예산집행",전국분기비중 + 지역 공공고용/재정집행 보조
prior_year_province_anchor,울산,4,공표 후 정밀화,"광업, 제조업",5,2020375.66,52853.644804204174,2.616030565533747,5.387395394838348,1,0,지역 제조업 구조·대형사업장 충격,시도/시군구 제조업 중분류 생산·출하·공장가동·전력·수출,중분류 제조업 생산지수/공장등록/전력/수출을 결합한 제조업 특화 시간배분
prior_year_province_anchor,울산,4,공표 후 정밀화,교육 서비스업,5,113557.45,2044.7983506239616,1.8006730079127014,4.33791307819679,0,0,학령인구·대학·공공교육 지출 구조,"학교/학생/교직원, 대학 재정, 교육청 집행",교육통계 stock과 교육재정 flow 결합
prior_year_province_anchor,울산,4,공표 후 정밀화,금융 및 보험업,5,83207.20000000001,1952.7526614640883,2.346855394081387,2.9829136139331647,0,0,본점/지점 소재와 생산 귀속 차이,금융기관 점포·예수금·대출금·보험계약,시도 단위 금융활동 보조지표로만 완만 보정
prior_year_province_anchor,울산,4,공표 후 정밀화,기타산업 및 순생산물세,5,684437.4500000001,6371.060745857394,0.9308463097478656,2.332930285009188,0,0,전국 공통 분기비중과 지역 구조 차이,시도/시군구 직접 활동자료,활동자료가 확인되는 지역·업종만 독립 라우팅
prior_year_province_anchor,울산,4,공표 후 정밀화,도매 및 소매업,5,98262.6,1558.1399842361025,1.5856897580932137,3.8548482160336217,0,0,전국 공통 분기비중과 지역 구조 차이,시도/시군구 직접 활동자료,활동자료가 확인되는 지역·업종만 독립 라우팅
prior_year_province_anchor,울산,4,공표 후 정밀화,문화 및 기타서비스업,5,56894.619999999995,2149.3245351752666,3.777728957808782,6.089153468835868,3,0,전국 공통 분기비중과 지역 구조 차이,시도/시군구 직접 활동자료,활동자료가 확인되는 지역·업종만 독립 라우팅
prior_year_province_anchor,울산,4,공표 후 정밀화,보건 및 사회복지업,5,118228.18000000001,1045.5974101164065,0.8843893309669544,1.8124366376721583,0,0,의료기관·요양·복지시설 집중,"병상수, 의료기관, 건강보험 진료비, 복지시설",의료이용·시설 stock 기반 특화 라우팅
prior_year_province_anchor,울산,4,공표 후 정밀화,부동산업,5,123072.76,2267.1652605485397,1.842134084381093,3.580822352313791,0,0,거래·임대·공시가격·입주물량의 지역 시차,"실거래, 전월세, 건축물대장, 공동주택 공시가격, 입주/준공",거래·임대 flow와 stock 지표를 구분한 부동산 특화 라우팅
prior_year_province_anchor,울산,4,공표 후 정밀화,사업서비스업,5,135771.6,2583.9462265077527,1.9031566443260244,3.4575540391120985,0,0,전국 공통 분기비중과 지역 구조 차이,시도/시군구 직접 활동자료,활동자료가 확인되는 지역·업종만 독립 라우팅
prior_year_province_anchor,울산,4,공표 후 정밀화,서비스업,5,1037784.52,12840.831136885477,1.2373311501009359,1.8953907155062888,0,0,전국 공통 분기비중과 지역 구조 차이,시도/시군구 직접 활동자료,활동자료가 확인되는 지역·업종만 독립 라우팅
prior_year_province_anchor,울산,4,공표 후 정밀화,숙박 및 음식점업,5,49233.48999999999,860.6514063235936,1.7481015591695688,3.99769677161136,0,0,전국 공통 분기비중과 지역 구조 차이,시도/시군구 직접 활동자료,활동자료가 확인되는 지역·업종만 독립 라우팅
prior_year_province_anchor,울산,4,공표 후 정밀화,운수 및 창고업,5,109499.66999999998,5965.63232459766,5.448082468739551,12.708151290160194,2,1,항만·공항·물류거점 활동량의 지역차,"항만 물동량, 공항 여객/화물, 물류창고 인허가, 대중교통 승하차",항만/공항/물류 활동량이 큰 지역만 독립 라우팅
prior_year_province_anchor,울산,4,공표 후 정밀화,정보통신업,5,37883.18,975.0934814785351,2.5739483366458016,4.146108690976036,0,0,플랫폼·방송·통신사업자 집중과 지역 사업장 구조,방송/통신/콘텐츠 사업자 매출·사업체·고용,대형 사업자 집중 지역은 사업체·고용 구조 보정
prior_year_province_anchor,인천,1,1분기+1개월,건설업,5,354378.03,39592.37172938026,11.172355049600636,14.77069561282683,5,3,지역 건설수주·착공·준공 시차,"건축허가·착공·사용승인, 건설수주 공종별 지역자료",BOK식 건축 12분기·토목 24분기 분산지표와 건축물대장 이벤트 결합
prior_year_province_anchor,인천,1,1분기+1개월,"공공 행정, 국방·사회보장",5,318993.82,2617.725653357622,0.820619550986167,1.4873294206996874,0,0,정부·군·행정기관 지출의 지역 귀속,"지방재정 집행, 정부기관/군부대 고용, 예산집행",전국분기비중 + 지역 공공고용/재정집행 보조
prior_year_province_anchor,인천,1,1분기+1개월,"광업, 제조업",5,1350098.31,31861.96451628045,2.3599736611980835,5.316619038563618,2,0,지역 제조업 구조·대형사업장 충격,시도/시군구 제조업 중분류 생산·출하·공장가동·전력·수출,중분류 제조업 생산지수/공장등록/전력/수출을 결합한 제조업 특화 시간배분
prior_year_province_anchor,인천,1,1분기+1개월,교육 서비스업,5,244680.06,2305.7042271126484,0.9423343394278423,2.619724044237432,0,0,학령인구·대학·공공교육 지출 구조,"학교/학생/교직원, 대학 재정, 교육청 집행",교육통계 stock과 교육재정 flow 결합
prior_year_province_anchor,인천,1,1분기+1개월,금융 및 보험업,5,195175.49,5444.088222617458,2.7893298603310583,6.421784853057501,1,0,본점/지점 소재와 생산 귀속 차이,금융기관 점포·예수금·대출금·보험계약,시도 단위 금융활동 보조지표로만 완만 보정
prior_year_province_anchor,인천,1,1분기+1개월,기타산업 및 순생산물세,5,547753.0599999999,14146.475343992686,2.582637392111089,4.678946610298953,0,0,전국 공통 분기비중과 지역 구조 차이,시도/시군구 직접 활동자료,활동자료가 확인되는 지역·업종만 독립 라우팅
prior_year_province_anchor,인천,1,1분기+1개월,도매 및 소매업,5,398793.93,10408.703248281527,2.6100455561802374,4.629526079857861,0,0,전국 공통 분기비중과 지역 구조 차이,시도/시군구 직접 활동자료,활동자료가 확인되는 지역·업종만 독립 라우팅
prior_year_province_anchor,인천,1,1분기+1개월,문화 및 기타서비스업,5,166349.33000000002,7125.453685647,4.283427943861871,6.753393184298555,2,0,전국 공통 분기비중과 지역 구조 차이,시도/시군구 직접 활동자료,활동자료가 확인되는 지역·업종만 독립 라우팅
prior_year_province_anchor,인천,1,1분기+1개월,보건 및 사회복지업,5,317584.7,8050.656906481301,2.5349637140836134,5.060149578625112,1,0,의료기관·요양·복지시설 집중,"병상수, 의료기관, 건강보험 진료비, 복지시설",의료이용·시설 stock 기반 특화 라우팅
prior_year_province_anchor,인천,1,1분기+1개월,부동산업,5,431922.31000000006,7026.374336046443,1.6267680954119832,2.793603572698524,0,0,거래·임대·공시가격·입주물량의 지역 시차,"실거래, 전월세, 건축물대장, 공동주택 공시가격, 입주/준공",거래·임대 flow와 stock 지표를 구분한 부동산 특화 라우팅
prior_year_province_anchor,인천,1,1분기+1개월,사업서비스업,5,275457.52,9846.553880016603,3.574617922943836,7.890865019020918,1,0,전국 공통 분기비중과 지역 구조 차이,시도/시군구 직접 활동자료,활동자료가 확인되는 지역·업종만 독립 라우팅
prior_year_province_anchor,인천,1,1분기+1개월,서비스업,5,3256514.3200000003,125193.7170751933,3.8444086152580867,7.19716150950794,2,0,전국 공통 분기비중과 지역 구조 차이,시도/시군구 직접 활동자료,활동자료가 확인되는 지역·업종만 독립 라우팅
prior_year_province_anchor,인천,1,1분기+1개월,숙박 및 음식점업,5,113628.74,9500.422184192317,8.360932440324795,19.77817216451168,2,2,전국 공통 분기비중과 지역 구조 차이,시도/시군구 직접 활동자료,활동자료가 확인되는 지역·업종만 독립 라우팅
prior_year_province_anchor,인천,1,1분기+1개월,운수 및 창고업,5,662937.48,93438.96522639191,14.094687364243145,25.85202049118151,4,3,항만·공항·물류거점 활동량의 지역차,"항만 물동량, 공항 여객/화물, 물류창고 인허가, 대중교통 승하차",항만/공항/물류 활동량이 큰 지역만 독립 라우팅
prior_year_province_anchor,인천,1,1분기+1개월,정보통신업,5,90934.84,5456.110269799265,6.00002185059023,13.085224344889596,2,1,플랫폼·방송·통신사업자 집중과 지역 사업장 구조,방송/통신/콘텐츠 사업자 매출·사업체·고용,대형 사업자 집중 지역은 사업체·고용 구조 보정
prior_year_province_anchor,인천,2,1~2분기+1개월,건설업,5,354378.03,36443.350763846596,10.28375002926863,14.707743469143637,5,2,지역 건설수주·착공·준공 시차,"건축허가·착공·사용승인, 건설수주 공종별 지역자료",BOK식 건축 12분기·토목 24분기 분산지표와 건축물대장 이벤트 결합
prior_year_province_anchor,인천,2,1~2분기+1개월,"공공 행정, 국방·사회보장",5,318993.82,2778.861607929044,0.8711333680160462,1.3510011360877514,0,0,정부·군·행정기관 지출의 지역 귀속,"지방재정 집행, 정부기관/군부대 고용, 예산집행",전국분기비중 + 지역 공공고용/재정집행 보조
prior_year_province_anchor,인천,2,1~2분기+1개월,"광업, 제조업",5,1350098.31,42511.08069571317,3.1487396422052534,6.103965007567314,1,0,지역 제조업 구조·대형사업장 충격,시도/시군구 제조업 중분류 생산·출하·공장가동·전력·수출,중분류 제조업 생산지수/공장등록/전력/수출을 결합한 제조업 특화 시간배분
prior_year_province_anchor,인천,2,1~2분기+1개월,교육 서비스업,5,244680.06,1586.2585518631095,0.6482990693492184,1.664969244401651,0,0,학령인구·대학·공공교육 지출 구조,"학교/학생/교직원, 대학 재정, 교육청 집행",교육통계 stock과 교육재정 flow 결합
prior_year_province_anchor,인천,2,1~2분기+1개월,금융 및 보험업,5,195175.49,4274.68067887926,2.1901728945982204,4.735051600142472,0,0,본점/지점 소재와 생산 귀속 차이,금융기관 점포·예수금·대출금·보험계약,시도 단위 금융활동 보조지표로만 완만 보정
prior_year_province_anchor,인천,2,1~2분기+1개월,기타산업 및 순생산물세,5,547753.0599999999,9228.206214424892,1.6847384137707773,3.377105656059556,0,0,전국 공통 분기비중과 지역 구조 차이,시도/시군구 직접 활동자료,활동자료가 확인되는 지역·업종만 독립 라우팅
prior_year_province_anchor,인천,2,1~2분기+1개월,도매 및 소매업,5,398793.93,9118.223561221937,2.286449936994261,4.183602911373263,0,0,전국 공통 분기비중과 지역 구조 차이,시도/시군구 직접 활동자료,활동자료가 확인되는 지역·업종만 독립 라우팅
prior_year_province_anchor,인천,2,1~2분기+1개월,문화 및 기타서비스업,5,166349.33000000002,7082.064928355769,4.257345027091945,10.531684248557314,1,1,전국 공통 분기비중과 지역 구조 차이,시도/시군구 직접 활동자료,활동자료가 확인되는 지역·업종만 독립 라우팅
prior_year_province_anchor,인천,2,1~2분기+1개월,보건 및 사회복지업,5,317584.7,6742.620064283365,2.1230934816076985,3.4166227840519765,0,0,의료기관·요양·복지시설 집중,"병상수, 의료기관, 건강보험 진료비, 복지시설",의료이용·시설 stock 기반 특화 라우팅
prior_year_province_anchor,인천,2,1~2분기+1개월,부동산업,5,431922.31000000006,8705.372160889485,2.0154949071488075,3.56279062093985,0,0,거래·임대·공시가격·입주물량의 지역 시차,"실거래, 전월세, 건축물대장, 공동주택 공시가격, 입주/준공",거래·임대 flow와 stock 지표를 구분한 부동산 특화 라우팅
prior_year_province_anchor,인천,2,1~2분기+1개월,사업서비스업,5,275457.52,8572.487443673162,3.112090547999257,4.902673558982291,0,0,전국 공통 분기비중과 지역 구조 차이,시도/시군구 직접 활동자료,활동자료가 확인되는 지역·업종만 독립 라우팅
prior_year_province_anchor,인천,2,1~2분기+1개월,서비스업,5,3256514.3200000003,105328.39642306766,3.234390703464422,6.95511019855954,1,0,전국 공통 분기비중과 지역 구조 차이,시도/시군구 직접 활동자료,활동자료가 확인되는 지역·업종만 독립 라우팅
prior_year_province_anchor,인천,2,1~2분기+1개월,숙박 및 음식점업,5,113628.74,4224.4730647410215,3.717785715780199,8.694096949262885,2,0,전국 공통 분기비중과 지역 구조 차이,시도/시군구 직접 활동자료,활동자료가 확인되는 지역·업종만 독립 라우팅
prior_year_province_anchor,인천,2,1~2분기+1개월,운수 및 창고업,5,662937.48,83879.7413895912,12.652737840315078,22.626889304138956,3,3,항만·공항·물류거점 활동량의 지역차,"항만 물동량, 공항 여객/화물, 물류창고 인허가, 대중교통 승하차",항만/공항/물류 활동량이 큰 지역만 독립 라우팅
prior_year_province_anchor,인천,2,1~2분기+1개월,정보통신업,5,90934.84,4592.0016706846145,5.049771540461956,10.90064403938513,2,2,플랫폼·방송·통신사업자 집중과 지역 사업장 구조,방송/통신/콘텐츠 사업자 매출·사업체·고용,대형 사업자 집중 지역은 사업체·고용 구조 보정
prior_year_province_anchor,인천,3,1~3분기+1개월,건설업,5,354378.03,32473.534926177825,9.16352938870895,14.186937929157212,5,2,지역 건설수주·착공·준공 시차,"건축허가·착공·사용승인, 건설수주 공종별 지역자료",BOK식 건축 12분기·토목 24분기 분산지표와 건축물대장 이벤트 결합
prior_year_province_anchor,인천,3,1~3분기+1개월,"공공 행정, 국방·사회보장",5,318993.82,2658.4428118310025,0.8333837977898764,1.370658620036056,0,0,정부·군·행정기관 지출의 지역 귀속,"지방재정 집행, 정부기관/군부대 고용, 예산집행",전국분기비중 + 지역 공공고용/재정집행 보조
prior_year_province_anchor,인천,3,1~3분기+1개월,"광업, 제조업",5,1350098.31,42068.041551294096,3.1159243174887092,6.870183255964939,1,0,지역 제조업 구조·대형사업장 충격,시도/시군구 제조업 중분류 생산·출하·공장가동·전력·수출,중분류 제조업 생산지수/공장등록/전력/수출을 결합한 제조업 특화 시간배분
prior_year_province_anchor,인천,3,1~3분기+1개월,교육 서비스업,5,244680.06,1110.6158505881322,0.453905336866491,0.8484165729684507,0,0,학령인구·대학·공공교육 지출 구조,"학교/학생/교직원, 대학 재정, 교육청 집행",교육통계 stock과 교육재정 flow 결합
prior_year_province_anchor,인천,3,1~3분기+1개월,금융 및 보험업,5,195175.49,3901.507133357234,1.9989739148892283,4.589906698973917,0,0,본점/지점 소재와 생산 귀속 차이,금융기관 점포·예수금·대출금·보험계약,시도 단위 금융활동 보조지표로만 완만 보정
prior_year_province_anchor,인천,3,1~3분기+1개월,기타산업 및 순생산물세,5,547753.0599999999,9713.86713054894,1.773402622442482,3.9865991740082984,0,0,전국 공통 분기비중과 지역 구조 차이,시도/시군구 직접 활동자료,활동자료가 확인되는 지역·업종만 독립 라우팅
prior_year_province_anchor,인천,3,1~3분기+1개월,도매 및 소매업,5,398793.93,9408.351851656073,2.3592013678984713,3.9339404780555816,0,0,전국 공통 분기비중과 지역 구조 차이,시도/시군구 직접 활동자료,활동자료가 확인되는 지역·업종만 독립 라우팅
prior_year_province_anchor,인천,3,1~3분기+1개월,문화 및 기타서비스업,5,166349.33000000002,5933.819571816603,3.5670835414946382,10.732974567794852,1,1,전국 공통 분기비중과 지역 구조 차이,시도/시군구 직접 활동자료,활동자료가 확인되는 지역·업종만 독립 라우팅
prior_year_province_anchor,인천,3,1~3분기+1개월,보건 및 사회복지업,5,317584.7,5772.891457246973,1.8177486060402068,3.401422480948347,0,0,의료기관·요양·복지시설 집중,"병상수, 의료기관, 건강보험 진료비, 복지시설",의료이용·시설 stock 기반 특화 라우팅
prior_year_province_anchor,인천,3,1~3분기+1개월,부동산업,5,431922.31000000006,9853.469796653866,2.281306051695701,3.5464231608628953,0,0,거래·임대·공시가격·입주물량의 지역 시차,"실거래, 전월세, 건축물대장, 공동주택 공시가격, 입주/준공",거래·임대 flow와 stock 지표를 구분한 부동산 특화 라우팅
prior_year_province_anchor,인천,3,1~3분기+1개월,사업서비스업,5,275457.52,7655.165700674494,2.779073049330617,5.087403908512757,1,0,전국 공통 분기비중과 지역 구조 차이,시도/시군구 직접 활동자료,활동자료가 확인되는 지역·업종만 독립 라우팅
prior_year_province_anchor,인천,3,1~3분기+1개월,서비스업,5,3256514.3200000003,94801.59195719915,2.911136959385431,6.680867555031717,1,0,전국 공통 분기비중과 지역 구조 차이,시도/시군구 직접 활동자료,활동자료가 확인되는 지역·업종만 독립 라우팅
prior_year_province_anchor,인천,3,1~3분기+1개월,숙박 및 음식점업,5,113628.74,2437.3327516360114,2.1449967249799755,4.761863480312152,0,0,전국 공통 분기비중과 지역 구조 차이,시도/시군구 직접 활동자료,활동자료가 확인되는 지역·업종만 독립 라우팅
prior_year_province_anchor,인천,3,1~3분기+1개월,운수 및 창고업,5,662937.48,79206.90910799027,11.947870123135937,21.54177795529996,3,3,항만·공항·물류거점 활동량의 지역차,"항만 물동량, 공항 여객/화물, 물류창고 인허가, 대중교통 승하차",항만/공항/물류 활동량이 큰 지역만 독립 라우팅
prior_year_province_anchor,인천,3,1~3분기+1개월,정보통신업,5,90934.84,4192.0348643110265,4.609932633423038,10.937995106184678,2,2,플랫폼·방송·통신사업자 집중과 지역 사업장 구조,방송/통신/콘텐츠 사업자 매출·사업체·고용,대형 사업자 집중 지역은 사업체·고용 구조 보정
prior_year_province_anchor,인천,4,공표 후 정밀화,건설업,5,354378.03,28887.754931978263,8.151677724484856,13.404506911681668,4,2,지역 건설수주·착공·준공 시차,"건축허가·착공·사용승인, 건설수주 공종별 지역자료",BOK식 건축 12분기·토목 24분기 분산지표와 건축물대장 이벤트 결합
prior_year_province_anchor,인천,4,공표 후 정밀화,"공공 행정, 국방·사회보장",5,318993.82,2515.5094966362303,0.7885762478521465,1.3434333660365525,0,0,정부·군·행정기관 지출의 지역 귀속,"지방재정 집행, 정부기관/군부대 고용, 예산집행",전국분기비중 + 지역 공공고용/재정집행 보조
prior_year_province_anchor,인천,4,공표 후 정밀화,"광업, 제조업",5,1350098.31,37403.054912044405,2.7703949138373787,6.820905952777549,1,0,지역 제조업 구조·대형사업장 충격,시도/시군구 제조업 중분류 생산·출하·공장가동·전력·수출,중분류 제조업 생산지수/공장등록/전력/수출을 결합한 제조업 특화 시간배분
prior_year_province_anchor,인천,4,공표 후 정밀화,교육 서비스업,5,244680.06,1126.7892693669128,0.4605153641726722,0.7210619718593149,0,0,학령인구·대학·공공교육 지출 구조,"학교/학생/교직원, 대학 재정, 교육청 집행",교육통계 stock과 교육재정 flow 결합
prior_year_province_anchor,인천,4,공표 후 정밀화,금융 및 보험업,5,195175.49,4852.6318825288545,2.486291635557751,4.413271739312804,0,0,본점/지점 소재와 생산 귀속 차이,금융기관 점포·예수금·대출금·보험계약,시도 단위 금융활동 보조지표로만 완만 보정
prior_year_province_anchor,인천,4,공표 후 정밀화,기타산업 및 순생산물세,5,547753.0599999999,9657.252840733738,1.763066890166481,3.738055028592045,0,0,전국 공통 분기비중과 지역 구조 차이,시도/시군구 직접 활동자료,활동자료가 확인되는 지역·업종만 독립 라우팅
prior_year_province_anchor,인천,4,공표 후 정밀화,도매 및 소매업,5,398793.93,9906.893741313106,2.4842137745960944,5.441710253610558,1,0,전국 공통 분기비중과 지역 구조 차이,시도/시군구 직접 활동자료,활동자료가 확인되는 지역·업종만 독립 라우팅
prior_year_province_anchor,인천,4,공표 후 정밀화,문화 및 기타서비스업,5,166349.33000000002,5774.740548058082,3.4714540467689776,11.481759714898676,1,1,전국 공통 분기비중과 지역 구조 차이,시도/시군구 직접 활동자료,활동자료가 확인되는 지역·업종만 독립 라우팅
prior_year_province_anchor,인천,4,공표 후 정밀화,보건 및 사회복지업,5,317584.7,5088.905224349393,1.6023773262217587,3.012467073624761,0,0,의료기관·요양·복지시설 집중,"병상수, 의료기관, 건강보험 진료비, 복지시설",의료이용·시설 stock 기반 특화 라우팅
prior_year_province_anchor,인천,4,공표 후 정밀화,부동산업,5,431922.31000000006,10517.95281551138,2.4351492321643167,4.098194366960887,0,0,거래·임대·공시가격·입주물량의 지역 시차,"실거래, 전월세, 건축물대장, 공동주택 공시가격, 입주/준공",거래·임대 flow와 stock 지표를 구분한 부동산 특화 라우팅
prior_year_province_anchor,인천,4,공표 후 정밀화,사업서비스업,5,275457.52,8043.928510892307,2.9202065388856715,5.0626085344924805,1,0,전국 공통 분기비중과 지역 구조 차이,시도/시군구 직접 활동자료,활동자료가 확인되는 지역·업종만 독립 라우팅
prior_year_province_anchor,인천,4,공표 후 정밀화,서비스업,5,3256514.3200000003,98958.02904663293,3.0387714999095388,7.0470326631682205,1,0,전국 공통 분기비중과 지역 구조 차이,시도/시군구 직접 활동자료,활동자료가 확인되는 지역·업종만 독립 라우팅
prior_year_province_anchor,인천,4,공표 후 정밀화,숙박 및 음식점업,5,113628.74,2066.8181335563677,1.818921985367758,3.3052665557285774,0,0,전국 공통 분기비중과 지역 구조 차이,시도/시군구 직접 활동자료,활동자료가 확인되는 지역·업종만 독립 라우팅
prior_year_province_anchor,인천,4,공표 후 정밀화,운수 및 창고업,5,662937.48,76208.51991743305,11.495581742856514,21.69582701699215,3,3,항만·공항·물류거점 활동량의 지역차,"항만 물동량, 공항 여객/화물, 물류창고 인허가, 대중교통 승하차",항만/공항/물류 활동량이 큰 지역만 독립 라우팅
prior_year_province_anchor,인천,4,공표 후 정밀화,정보통신업,5,90934.84,4259.295701774303,4.683898604510992,10.93761725603494,2,2,플랫폼·방송·통신사업자 집중과 지역 사업장 구조,방송/통신/콘텐츠 사업자 매출·사업체·고용,대형 사업자 집중 지역은 사업체·고용 구조 보정
prior_year_province_anchor,충북,1,1분기+1개월,건설업,5,218509.09,10950.717123503178,5.011561360446459,14.320053117618269,2,1,지역 건설수주·착공·준공 시차,"건축허가·착공·사용승인, 건설수주 공종별 지역자료",BOK식 건축 12분기·토목 24분기 분산지표와 건축물대장 이벤트 결합
prior_year_province_anchor,충북,1,1분기+1개월,"공공 행정, 국방·사회보장",5,313242.56999999995,1152.2446167002709,0.36784419713459476,0.6303533556912776,0,0,정부·군·행정기관 지출의 지역 귀속,"지방재정 집행, 정부기관/군부대 고용, 예산집행",전국분기비중 + 지역 공공고용/재정집행 보조
prior_year_province_anchor,충북,1,1분기+1개월,"광업, 제조업",5,1826797.6600000001,95187.16230096237,5.210602377329647,14.82804186525617,2,1,지역 제조업 구조·대형사업장 충격,시도/시군구 제조업 중분류 생산·출하·공장가동·전력·수출,중분류 제조업 생산지수/공장등록/전력/수출을 결합한 제조업 특화 시간배분
prior_year_province_anchor,충북,1,1분기+1개월,교육 서비스업,5,192960.25,1748.60369011062,0.9061989140823666,2.9428849047308745,0,0,학령인구·대학·공공교육 지출 구조,"학교/학생/교직원, 대학 재정, 교육청 집행",교육통계 stock과 교육재정 flow 결합
prior_year_province_anchor,충북,1,1분기+1개월,금융 및 보험업,5,115351.72999999998,2014.014410742715,1.745976770996599,2.6313614832404744,0,0,본점/지점 소재와 생산 귀속 차이,금융기관 점포·예수금·대출금·보험계약,시도 단위 금융활동 보조지표로만 완만 보정
prior_year_province_anchor,충북,1,1분기+1개월,기타산업 및 순생산물세,5,424111.46,13505.016284202371,3.184308267501748,5.924228273455126,2,0,전국 공통 분기비중과 지역 구조 차이,시도/시군구 직접 활동자료,활동자료가 확인되는 지역·업종만 독립 라우팅
prior_year_province_anchor,충북,1,1분기+1개월,도매 및 소매업,5,147333.7,4176.005613575988,2.8343858964893895,5.566020010383616,1,0,전국 공통 분기비중과 지역 구조 차이,시도/시군구 직접 활동자료,활동자료가 확인되는 지역·업종만 독립 라우팅
prior_year_province_anchor,충북,1,1분기+1개월,문화 및 기타서비스업,5,114473.72,6035.649292196686,5.272519572349607,8.86752386671144,2,0,전국 공통 분기비중과 지역 구조 차이,시도/시군구 직접 활동자료,활동자료가 확인되는 지역·업종만 독립 라우팅
prior_year_province_anchor,충북,1,1분기+1개월,보건 및 사회복지업,5,167419.11,2401.8096717882,1.4346090310647333,2.9862519021475795,0,0,의료기관·요양·복지시설 집중,"병상수, 의료기관, 건강보험 진료비, 복지시설",의료이용·시설 stock 기반 특화 라우팅
prior_year_province_anchor,충북,1,1분기+1개월,부동산업,5,172406.85,4032.9714598710852,2.3392176470198747,4.202843494805156,0,0,거래·임대·공시가격·입주물량의 지역 시차,"실거래, 전월세, 건축물대장, 공동주택 공시가격, 입주/준공",거래·임대 flow와 stock 지표를 구분한 부동산 특화 라우팅
prior_year_province_anchor,충북,1,1분기+1개월,사업서비스업,5,195776.21,5390.545407974023,2.75342208737927,5.3760870751998615,1,0,전국 공통 분기비중과 지역 구조 차이,시도/시군구 직접 활동자료,활동자료가 확인되는 지역·업종만 독립 라우팅
prior_year_province_anchor,충북,1,1분기+1개월,서비스업,5,1665529.29,21632.2924552568,1.2988238985131748,2.569700692281146,0,0,전국 공통 분기비중과 지역 구조 차이,시도/시군구 직접 활동자료,활동자료가 확인되는 지역·업종만 독립 라우팅
prior_year_province_anchor,충북,1,1분기+1개월,숙박 및 음식점업,5,73283.5,7345.794758888034,10.023804483803358,20.469472486445987,3,2,전국 공통 분기비중과 지역 구조 차이,시도/시군구 직접 활동자료,활동자료가 확인되는 지역·업종만 독립 라우팅
prior_year_province_anchor,충북,1,1분기+1개월,운수 및 창고업,5,127115.14000000001,4332.5757745085175,3.4083868959342825,14.107212389472574,1,1,항만·공항·물류거점 활동량의 지역차,"항만 물동량, 공항 여객/화물, 물류창고 인허가, 대중교통 승하차",항만/공항/물류 활동량이 큰 지역만 독립 라우팅
prior_year_province_anchor,충북,1,1분기+1개월,정보통신업,5,48671.57,2276.830116417301,4.67794672827957,8.641049080551348,2,0,플랫폼·방송·통신사업자 집중과 지역 사업장 구조,방송/통신/콘텐츠 사업자 매출·사업체·고용,대형 사업자 집중 지역은 사업체·고용 구조 보정
prior_year_province_anchor,충북,2,1~2분기+1개월,건설업,5,218509.09,11214.782502125468,5.13241005311288,14.757092864506411,2,1,지역 건설수주·착공·준공 시차,"건축허가·착공·사용승인, 건설수주 공종별 지역자료",BOK식 건축 12분기·토목 24분기 분산지표와 건축물대장 이벤트 결합
prior_year_province_anchor,충북,2,1~2분기+1개월,"공공 행정, 국방·사회보장",5,313242.56999999995,1314.269844751645,0.4195693595387259,0.8044953612220698,0,0,정부·군·행정기관 지출의 지역 귀속,"지방재정 집행, 정부기관/군부대 고용, 예산집행",전국분기비중 + 지역 공공고용/재정집행 보조
prior_year_province_anchor,충북,2,1~2분기+1개월,"광업, 제조업",5,1826797.6600000001,80958.93904971657,4.431740899521219,13.31445755490266,2,1,지역 제조업 구조·대형사업장 충격,시도/시군구 제조업 중분류 생산·출하·공장가동·전력·수출,중분류 제조업 생산지수/공장등록/전력/수출을 결합한 제조업 특화 시간배분
prior_year_province_anchor,충북,2,1~2분기+1개월,교육 서비스업,5,192960.25,1625.8916829888476,0.8426044654216853,1.9912985019821656,0,0,학령인구·대학·공공교육 지출 구조,"학교/학생/교직원, 대학 재정, 교육청 집행",교육통계 stock과 교육재정 flow 결합
prior_year_province_anchor,충북,2,1~2분기+1개월,금융 및 보험업,5,115351.72999999998,1255.2265604042004,1.0881731556208136,1.7419943507538307,0,0,본점/지점 소재와 생산 귀속 차이,금융기관 점포·예수금·대출금·보험계약,시도 단위 금융활동 보조지표로만 완만 보정
prior_year_province_anchor,충북,2,1~2분기+1개월,기타산업 및 순생산물세,5,424111.46,12716.887343253256,2.998477650958372,6.759327168572328,1,0,전국 공통 분기비중과 지역 구조 차이,시도/시군구 직접 활동자료,활동자료가 확인되는 지역·업종만 독립 라우팅
prior_year_province_anchor,충북,2,1~2분기+1개월,도매 및 소매업,5,147333.7,2433.7408313741144,1.6518561818335615,3.917122010840484,0,0,전국 공통 분기비중과 지역 구조 차이,시도/시군구 직접 활동자료,활동자료가 확인되는 지역·업종만 독립 라우팅
prior_year_province_anchor,충북,2,1~2분기+1개월,문화 및 기타서비스업,5,114473.72,4365.732815760934,3.8137424168280134,5.045482311388252,1,0,전국 공통 분기비중과 지역 구조 차이,시도/시군구 직접 활동자료,활동자료가 확인되는 지역·업종만 독립 라우팅
prior_year_province_anchor,충북,2,1~2분기+1개월,보건 및 사회복지업,5,167419.11,1231.4354452424377,0.735540551638602,1.4950498894704125,0,0,의료기관·요양·복지시설 집중,"병상수, 의료기관, 건강보험 진료비, 복지시설",의료이용·시설 stock 기반 특화 라우팅
prior_year_province_anchor,충북,2,1~2분기+1개월,부동산업,5,172406.85,3835.4758723204577,2.2246655932293047,3.486009669731319,0,0,거래·임대·공시가격·입주물량의 지역 시차,"실거래, 전월세, 건축물대장, 공동주택 공시가격, 입주/준공",거래·임대 flow와 stock 지표를 구분한 부동산 특화 라우팅
prior_year_province_anchor,충북,2,1~2분기+1개월,사업서비스업,5,195776.21,4918.189257069884,2.51214856854665,5.131749996505578,1,0,전국 공통 분기비중과 지역 구조 차이,시도/시군구 직접 활동자료,활동자료가 확인되는 지역·업종만 독립 라우팅
prior_year_province_anchor,충북,2,1~2분기+1개월,서비스업,5,1665529.29,9748.618259218929,0.5853165307719643,1.3679183681048634,0,0,전국 공통 분기비중과 지역 구조 차이,시도/시군구 직접 활동자료,활동자료가 확인되는 지역·업종만 독립 라우팅
prior_year_province_anchor,충북,2,1~2분기+1개월,숙박 및 음식점업,5,73283.5,3995.294851990433,5.451834112713548,10.185339671210333,3,1,전국 공통 분기비중과 지역 구조 차이,시도/시군구 직접 활동자료,활동자료가 확인되는 지역·업종만 독립 라우팅
prior_year_province_anchor,충북,2,1~2분기+1개월,운수 및 창고업,5,127115.14000000001,4948.047143046475,3.8925710525484805,5.777298028772202,3,0,항만·공항·물류거점 활동량의 지역차,"항만 물동량, 공항 여객/화물, 물류창고 인허가, 대중교통 승하차",항만/공항/물류 활동량이 큰 지역만 독립 라우팅
prior_year_province_anchor,충북,2,1~2분기+1개월,정보통신업,5,48671.57,1889.0288442223264,3.881175076584393,6.306966912638686,2,0,플랫폼·방송·통신사업자 집중과 지역 사업장 구조,방송/통신/콘텐츠 사업자 매출·사업체·고용,대형 사업자 집중 지역은 사업체·고용 구조 보정
prior_year_province_anchor,충북,3,1~3분기+1개월,건설업,5,218509.09,11081.467042707438,5.071398651061811,13.954949653186432,2,1,지역 건설수주·착공·준공 시차,"건축허가·착공·사용승인, 건설수주 공종별 지역자료",BOK식 건축 12분기·토목 24분기 분산지표와 건축물대장 이벤트 결합
prior_year_province_anchor,충북,3,1~3분기+1개월,"공공 행정, 국방·사회보장",5,313242.56999999995,1375.1208587236833,0.43899552309371087,0.8310838015175521,0,0,정부·군·행정기관 지출의 지역 귀속,"지방재정 집행, 정부기관/군부대 고용, 예산집행",전국분기비중 + 지역 공공고용/재정집행 보조
prior_year_province_anchor,충북,3,1~3분기+1개월,"광업, 제조업",5,1826797.6600000001,78747.9959992725,4.310712550358342,12.423973510011308,2,1,지역 제조업 구조·대형사업장 충격,시도/시군구 제조업 중분류 생산·출하·공장가동·전력·수출,중분류 제조업 생산지수/공장등록/전력/수출을 결합한 제조업 특화 시간배분
prior_year_province_anchor,충북,3,1~3분기+1개월,교육 서비스업,5,192960.25,1363.9873797424734,0.7068747992099271,1.1888075946254208,0,0,학령인구·대학·공공교육 지출 구조,"학교/학생/교직원, 대학 재정, 교육청 집행",교육통계 stock과 교육재정 flow 결합
prior_year_province_anchor,충북,3,1~3분기+1개월,금융 및 보험업,5,115351.72999999998,1158.0639530379522,1.00394155600263,1.4509524429580396,0,0,본점/지점 소재와 생산 귀속 차이,금융기관 점포·예수금·대출금·보험계약,시도 단위 금융활동 보조지표로만 완만 보정
prior_year_province_anchor,충북,3,1~3분기+1개월,기타산업 및 순생산물세,5,424111.46,11113.878074582812,2.6205087866719783,6.2095963037035835,1,0,전국 공통 분기비중과 지역 구조 차이,시도/시군구 직접 활동자료,활동자료가 확인되는 지역·업종만 독립 라우팅
prior_year_province_anchor,충북,3,1~3분기+1개월,도매 및 소매업,5,147333.7,1895.7436700950857,1.2867006462846486,4.188094648955937,0,0,전국 공통 분기비중과 지역 구조 차이,시도/시군구 직접 활동자료,활동자료가 확인되는 지역·업종만 독립 라우팅
prior_year_province_anchor,충북,3,1~3분기+1개월,문화 및 기타서비스업,5,114473.72,4105.595141720165,3.586495784115485,5.119116553802593,1,0,전국 공통 분기비중과 지역 구조 차이,시도/시군구 직접 활동자료,활동자료가 확인되는 지역·업종만 독립 라우팅
prior_year_province_anchor,충북,3,1~3분기+1개월,보건 및 사회복지업,5,167419.11,690.77212884443,0.41260052621497634,1.065247079064367,0,0,의료기관·요양·복지시설 집중,"병상수, 의료기관, 건강보험 진료비, 복지시설",의료이용·시설 stock 기반 특화 라우팅
prior_year_province_anchor,충북,3,1~3분기+1개월,부동산업,5,172406.85,3540.143141512919,2.0533657111146795,3.5302813374898774,0,0,거래·임대·공시가격·입주물량의 지역 시차,"실거래, 전월세, 건축물대장, 공동주택 공시가격, 입주/준공",거래·임대 flow와 stock 지표를 구분한 부동산 특화 라우팅
prior_year_province_anchor,충북,3,1~3분기+1개월,사업서비스업,5,195776.21,3877.572996873663,1.9806150077548559,4.074058864696712,0,0,전국 공통 분기비중과 지역 구조 차이,시도/시군구 직접 활동자료,활동자료가 확인되는 지역·업종만 독립 라우팅
prior_year_province_anchor,충북,3,1~3분기+1개월,서비스업,5,1665529.29,8113.898412411916,0.48716635973492345,1.07752108533103,0,0,전국 공통 분기비중과 지역 구조 차이,시도/시군구 직접 활동자료,활동자료가 확인되는 지역·업종만 독립 라우팅
prior_year_province_anchor,충북,3,1~3분기+1개월,숙박 및 음식점업,5,73283.5,2238.268167323711,3.0542593726059906,5.904730859307935,2,0,전국 공통 분기비중과 지역 구조 차이,시도/시군구 직접 활동자료,활동자료가 확인되는 지역·업종만 독립 라우팅
prior_year_province_anchor,충북,3,1~3분기+1개월,운수 및 창고업,5,127115.14000000001,4797.491612005975,3.7741307699507507,6.279918629786241,3,0,항만·공항·물류거점 활동량의 지역차,"항만 물동량, 공항 여객/화물, 물류창고 인허가, 대중교통 승하차",항만/공항/물류 활동량이 큰 지역만 독립 라우팅
prior_year_province_anchor,충북,3,1~3분기+1개월,정보통신업,5,48671.57,1674.134892996699,3.4396566476008457,5.921728143265552,1,0,플랫폼·방송·통신사업자 집중과 지역 사업장 구조,방송/통신/콘텐츠 사업자 매출·사업체·고용,대형 사업자 집중 지역은 사업체·고용 구조 보정
prior_year_province_anchor,충북,4,공표 후 정밀화,건설업,5,218509.09,10817.657961823825,4.950667252251988,13.479911366376248,2,1,지역 건설수주·착공·준공 시차,"건축허가·착공·사용승인, 건설수주 공종별 지역자료",BOK식 건축 12분기·토목 24분기 분산지표와 건축물대장 이벤트 결합
prior_year_province_anchor,충북,4,공표 후 정밀화,"공공 행정, 국방·사회보장",5,313242.56999999995,1035.273994303163,0.330502330606968,0.6766808792283168,0,0,정부·군·행정기관 지출의 지역 귀속,"지방재정 집행, 정부기관/군부대 고용, 예산집행",전국분기비중 + 지역 공공고용/재정집행 보조
prior_year_province_anchor,충북,4,공표 후 정밀화,"광업, 제조업",5,1826797.6600000001,93079.29729919217,5.0952165823987405,11.671938474537258,3,1,지역 제조업 구조·대형사업장 충격,시도/시군구 제조업 중분류 생산·출하·공장가동·전력·수출,중분류 제조업 생산지수/공장등록/전력/수출을 결합한 제조업 특화 시간배분
prior_year_province_anchor,충북,4,공표 후 정밀화,교육 서비스업,5,192960.25,1375.4094895001763,0.7127942099474769,1.4117562686136098,0,0,학령인구·대학·공공교육 지출 구조,"학교/학생/교직원, 대학 재정, 교육청 집행",교육통계 stock과 교육재정 flow 결합
prior_year_province_anchor,충북,4,공표 후 정밀화,금융 및 보험업,5,115351.72999999998,1861.117606208405,1.6134284299059973,2.6852416781181216,0,0,본점/지점 소재와 생산 귀속 차이,금융기관 점포·예수금·대출금·보험계약,시도 단위 금융활동 보조지표로만 완만 보정
prior_year_province_anchor,충북,4,공표 후 정밀화,기타산업 및 순생산물세,5,424111.46,11867.481850527329,2.7981988155961,6.433769956079037,1,0,전국 공통 분기비중과 지역 구조 차이,시도/시군구 직접 활동자료,활동자료가 확인되는 지역·업종만 독립 라우팅
prior_year_province_anchor,충북,4,공표 후 정밀화,도매 및 소매업,5,147333.7,2467.5642632067793,1.6748132051301088,4.130588158148978,0,0,전국 공통 분기비중과 지역 구조 차이,시도/시군구 직접 활동자료,활동자료가 확인되는 지역·업종만 독립 라우팅
prior_year_province_anchor,충북,4,공표 후 정밀화,문화 및 기타서비스업,5,114473.72,3414.602217468524,2.982869970040743,5.046637789553388,1,0,전국 공통 분기비중과 지역 구조 차이,시도/시군구 직접 활동자료,활동자료가 확인되는 지역·업종만 독립 라우팅
prior_year_province_anchor,충북,4,공표 후 정밀화,보건 및 사회복지업,5,167419.11,1078.0534726777041,0.6439249812507689,1.117424667420374,0,0,의료기관·요양·복지시설 집중,"병상수, 의료기관, 건강보험 진료비, 복지시설",의료이용·시설 stock 기반 특화 라우팅
prior_year_province_anchor,충북,4,공표 후 정밀화,부동산업,5,172406.85,3750.3488899224685,2.175289955081523,3.843418328317516,0,0,거래·임대·공시가격·입주물량의 지역 시차,"실거래, 전월세, 건축물대장, 공동주택 공시가격, 입주/준공",거래·임대 flow와 stock 지표를 구분한 부동산 특화 라우팅
prior_year_province_anchor,충북,4,공표 후 정밀화,사업서비스업,5,195776.21,3185.5496667359257,1.6271382854617145,3.690348149856712,0,0,전국 공통 분기비중과 지역 구조 차이,시도/시군구 직접 활동자료,활동자료가 확인되는 지역·업종만 독립 라우팅
prior_year_province_anchor,충북,4,공표 후 정밀화,서비스업,5,1665529.29,5237.325805897708,0.3144541400348299,0.4486930171389191,0,0,전국 공통 분기비중과 지역 구조 차이,시도/시군구 직접 활동자료,활동자료가 확인되는 지역·업종만 독립 라우팅
prior_year_province_anchor,충북,4,공표 후 정밀화,숙박 및 음식점업,5,73283.5,1797.1509902402922,2.4523269088407242,5.650982640709805,1,0,전국 공통 분기비중과 지역 구조 차이,시도/시군구 직접 활동자료,활동자료가 확인되는 지역·업종만 독립 라우팅
prior_year_province_anchor,충북,4,공표 후 정밀화,운수 및 창고업,5,127115.14000000001,5046.719825140175,3.970195702211534,7.397067526339452,2,0,항만·공항·물류거점 활동량의 지역차,"항만 물동량, 공항 여객/화물, 물류창고 인허가, 대중교통 승하차",항만/공항/물류 활동량이 큰 지역만 독립 라우팅
prior_year_province_anchor,충북,4,공표 후 정밀화,정보통신업,5,48671.57,1507.0573041083098,3.0963811196316655,6.253277003683665,1,0,플랫폼·방송·통신사업자 집중과 지역 사업장 구조,방송/통신/콘텐츠 사업자 매출·사업체·고용,대형 사업자 집중 지역은 사업체·고용 구조 보정
recursive_no_target_actual,대구,1,1분기+1개월,건설업,5,179601.84999999998,27845.91489585356,15.50424725349631,37.21877155479623,4,3,지역 건설수주·착공·준공 시차,"건축허가·착공·사용승인, 건설수주 공종별 지역자료",BOK식 건축 12분기·토목 24분기 분산지표와 건축물대장 이벤트 결합
recursive_no_target_actual,대구,1,1분기+1개월,"공공 행정, 국방·사회보장",5,231209.36000000002,4763.485102270155,2.060247518642911,5.241104173936786,1,0,정부·군·행정기관 지출의 지역 귀속,"지방재정 집행, 정부기관/군부대 고용, 예산집행",전국분기비중 + 지역 공공고용/재정집행 보조
recursive_no_target_actual,대구,1,1분기+1개월,"광업, 제조업",5,616464.65,30939.2301569353,5.018816595069206,11.759026873951232,2,2,지역 제조업 구조·대형사업장 충격,시도/시군구 제조업 중분류 생산·출하·공장가동·전력·수출,중분류 제조업 생산지수/공장등록/전력/수출을 결합한 제조업 특화 시간배분
recursive_no_target_actual,대구,1,1분기+1개월,교육 서비스업,5,232082.38,2612.68592349784,1.1257579845130166,2.6150082840396376,0,0,학령인구·대학·공공교육 지출 구조,"학교/학생/교직원, 대학 재정, 교육청 집행",교육통계 stock과 교육재정 flow 결합
recursive_no_target_actual,대구,1,1분기+1개월,금융 및 보험업,5,211624.56999999998,5390.2577798288985,2.5470850477470073,6.158058600084497,2,0,본점/지점 소재와 생산 귀속 차이,금융기관 점포·예수금·대출금·보험계약,시도 단위 금융활동 보조지표로만 완만 보정
recursive_no_target_actual,대구,1,1분기+1개월,기타산업 및 순생산물세,5,273198.73,9259.87125163601,3.3894269024003187,5.8037561506006075,1,0,전국 공통 분기비중과 지역 구조 차이,시도/시군구 직접 활동자료,활동자료가 확인되는 지역·업종만 독립 라우팅
recursive_no_target_actual,대구,1,1분기+1개월,도매 및 소매업,5,271531.56,6747.491904555325,2.4849751920385703,8.213254235227483,1,0,전국 공통 분기비중과 지역 구조 차이,시도/시군구 직접 활동자료,활동자료가 확인되는 지역·업종만 독립 라우팅
recursive_no_target_actual,대구,1,1분기+1개월,문화 및 기타서비스업,5,105734.45999999999,3842.26319848562,3.6338798140980906,6.6439417075641645,2,0,전국 공통 분기비중과 지역 구조 차이,시도/시군구 직접 활동자료,활동자료가 확인되는 지역·업종만 독립 라우팅
recursive_no_target_actual,대구,1,1분기+1개월,보건 및 사회복지업,5,311266.2,9374.36904321763,3.0116887227773623,6.952421594629314,1,0,의료기관·요양·복지시설 집중,"병상수, 의료기관, 건강보험 진료비, 복지시설",의료이용·시설 stock 기반 특화 라우팅
recursive_no_target_actual,대구,1,1분기+1개월,부동산업,5,348291.23,8029.339846171788,2.305352289855759,3.499424492887477,0,0,거래·임대·공시가격·입주물량의 지역 시차,"실거래, 전월세, 건축물대장, 공동주택 공시가격, 입주/준공",거래·임대 flow와 stock 지표를 구분한 부동산 특화 라우팅
recursive_no_target_actual,대구,1,1분기+1개월,사업서비스업,5,211866.05000000002,10571.591900982356,4.989752676741911,8.592645333394039,2,0,전국 공통 분기비중과 지역 구조 차이,시도/시군구 직접 활동자료,활동자료가 확인되는 지역·업종만 독립 라우팅
recursive_no_target_actual,대구,1,1분기+1개월,서비스업,5,2256136.48,48553.00522109482,2.1520420263358724,2.7588686219945573,0,0,전국 공통 분기비중과 지역 구조 차이,시도/시군구 직접 활동자료,활동자료가 확인되는 지역·업종만 독립 라우팅
recursive_no_target_actual,대구,1,1분기+1개월,숙박 및 음식점업,5,93824.05,7939.933539720429,8.462578133986359,15.094054922538508,4,2,전국 공통 분기비중과 지역 구조 차이,시도/시군구 직접 활동자료,활동자료가 확인되는 지역·업종만 독립 라우팅
recursive_no_target_actual,대구,1,1분기+1개월,운수 및 창고업,5,135522.65,6497.249177685808,4.794216448457736,8.69496047165815,3,0,항만·공항·물류거점 활동량의 지역차,"항만 물동량, 공항 여객/화물, 물류창고 인허가, 대중교통 승하차",항만/공항/물류 활동량이 큰 지역만 독립 라우팅
recursive_no_target_actual,대구,1,1분기+1개월,정보통신업,5,105860.24,7272.4973527256625,6.869904463399726,13.326432887561571,3,1,플랫폼·방송·통신사업자 집중과 지역 사업장 구조,방송/통신/콘텐츠 사업자 매출·사업체·고용,대형 사업자 집중 지역은 사업체·고용 구조 보정
recursive_no_target_actual,대구,2,1~2분기+1개월,건설업,5,179601.84999999998,26914.883097934107,14.98586072355831,38.89439869774693,3,3,지역 건설수주·착공·준공 시차,"건축허가·착공·사용승인, 건설수주 공종별 지역자료",BOK식 건축 12분기·토목 24분기 분산지표와 건축물대장 이벤트 결합
recursive_no_target_actual,대구,2,1~2분기+1개월,"공공 행정, 국방·사회보장",5,231209.36000000002,5050.452986375407,2.184363551015152,5.931854450687067,1,0,정부·군·행정기관 지출의 지역 귀속,"지방재정 집행, 정부기관/군부대 고용, 예산집행",전국분기비중 + 지역 공공고용/재정집행 보조
recursive_no_target_actual,대구,2,1~2분기+1개월,"광업, 제조업",5,616464.65,30930.297410741186,5.01736756693854,11.518828465111758,2,2,지역 제조업 구조·대형사업장 충격,시도/시군구 제조업 중분류 생산·출하·공장가동·전력·수출,중분류 제조업 생산지수/공장등록/전력/수출을 결합한 제조업 특화 시간배분
recursive_no_target_actual,대구,2,1~2분기+1개월,교육 서비스업,5,232082.38,1927.2061477043098,0.8303974423669345,1.6602072490228614,0,0,학령인구·대학·공공교육 지출 구조,"학교/학생/교직원, 대학 재정, 교육청 집행",교육통계 stock과 교육재정 flow 결합
recursive_no_target_actual,대구,2,1~2분기+1개월,금융 및 보험업,5,211624.56999999998,4417.404718293939,2.087378000717941,4.510669797866139,0,0,본점/지점 소재와 생산 귀속 차이,금융기관 점포·예수금·대출금·보험계약,시도 단위 금융활동 보조지표로만 완만 보정
recursive_no_target_actual,대구,2,1~2분기+1개월,기타산업 및 순생산물세,5,273198.73,7119.692712932112,2.60604897868014,4.01200185665419,0,0,전국 공통 분기비중과 지역 구조 차이,시도/시군구 직접 활동자료,활동자료가 확인되는 지역·업종만 독립 라우팅
recursive_no_target_actual,대구,2,1~2분기+1개월,도매 및 소매업,5,271531.56,4160.957267757585,1.5324028145227704,3.920922982325599,0,0,전국 공통 분기비중과 지역 구조 차이,시도/시군구 직접 활동자료,활동자료가 확인되는 지역·업종만 독립 라우팅
recursive_no_target_actual,대구,2,1~2분기+1개월,문화 및 기타서비스업,5,105734.45999999999,3235.356886701047,3.059888788102807,6.651063199703596,1,0,전국 공통 분기비중과 지역 구조 차이,시도/시군구 직접 활동자료,활동자료가 확인되는 지역·업종만 독립 라우팅
recursive_no_target_actual,대구,2,1~2분기+1개월,보건 및 사회복지업,5,311266.2,7171.107912513449,2.3038505024038742,4.750479841671304,0,0,의료기관·요양·복지시설 집중,"병상수, 의료기관, 건강보험 진료비, 복지시설",의료이용·시설 stock 기반 특화 라우팅
recursive_no_target_actual,대구,2,1~2분기+1개월,부동산업,5,348291.23,6606.466491685118,1.8968225216825352,2.729925719979922,0,0,거래·임대·공시가격·입주물량의 지역 시차,"실거래, 전월세, 건축물대장, 공동주택 공시가격, 입주/준공",거래·임대 flow와 stock 지표를 구분한 부동산 특화 라우팅
recursive_no_target_actual,대구,2,1~2분기+1개월,사업서비스업,5,211866.05000000002,9187.383514445879,4.336411385611748,6.282049169470522,2,0,전국 공통 분기비중과 지역 구조 차이,시도/시군구 직접 활동자료,활동자료가 확인되는 지역·업종만 독립 라우팅
recursive_no_target_actual,대구,2,1~2분기+1개월,서비스업,5,2256136.48,34857.43125595362,1.545005435839308,2.338072436100026,0,0,전국 공통 분기비중과 지역 구조 차이,시도/시군구 직접 활동자료,활동자료가 확인되는 지역·업종만 독립 라우팅
recursive_no_target_actual,대구,2,1~2분기+1개월,숙박 및 음식점업,5,93824.05,3972.980006884756,4.234500649763846,7.531071749832294,2,0,전국 공통 분기비중과 지역 구조 차이,시도/시군구 직접 활동자료,활동자료가 확인되는 지역·업종만 독립 라우팅
recursive_no_target_actual,대구,2,1~2분기+1개월,운수 및 창고업,5,135522.65,3129.066041801925,2.3088878809571134,4.0283110838423,0,0,항만·공항·물류거점 활동량의 지역차,"항만 물동량, 공항 여객/화물, 물류창고 인허가, 대중교통 승하차",항만/공항/물류 활동량이 큰 지역만 독립 라우팅
recursive_no_target_actual,대구,2,1~2분기+1개월,정보통신업,5,105860.24,6778.546189066863,6.403297582800552,14.449364230571346,2,1,플랫폼·방송·통신사업자 집중과 지역 사업장 구조,방송/통신/콘텐츠 사업자 매출·사업체·고용,대형 사업자 집중 지역은 사업체·고용 구조 보정
recursive_no_target_actual,대구,3,1~3분기+1개월,건설업,5,179601.84999999998,25800.03186511946,14.365125896598204,41.20242188898811,3,3,지역 건설수주·착공·준공 시차,"건축허가·착공·사용승인, 건설수주 공종별 지역자료",BOK식 건축 12분기·토목 24분기 분산지표와 건축물대장 이벤트 결합
recursive_no_target_actual,대구,3,1~3분기+1개월,"공공 행정, 국방·사회보장",5,231209.36000000002,4923.4326758075695,2.1294261944272366,5.9374692097122255,1,0,정부·군·행정기관 지출의 지역 귀속,"지방재정 집행, 정부기관/군부대 고용, 예산집행",전국분기비중 + 지역 공공고용/재정집행 보조
recursive_no_target_actual,대구,3,1~3분기+1개월,"광업, 제조업",5,616464.65,30911.313382684646,5.014288067074835,12.324149561300784,2,1,지역 제조업 구조·대형사업장 충격,시도/시군구 제조업 중분류 생산·출하·공장가동·전력·수출,중분류 제조업 생산지수/공장등록/전력/수출을 결합한 제조업 특화 시간배분
recursive_no_target_actual,대구,3,1~3분기+1개월,교육 서비스업,5,232082.38,1347.0877196153378,0.5804351539377258,0.8436150350175186,0,0,학령인구·대학·공공교육 지출 구조,"학교/학생/교직원, 대학 재정, 교육청 집행",교육통계 stock과 교육재정 flow 결합
recursive_no_target_actual,대구,3,1~3분기+1개월,금융 및 보험업,5,211624.56999999998,4613.242182554648,2.179918041914816,4.330720065047409,0,0,본점/지점 소재와 생산 귀속 차이,금융기관 점포·예수금·대출금·보험계약,시도 단위 금융활동 보조지표로만 완만 보정
recursive_no_target_actual,대구,3,1~3분기+1개월,기타산업 및 순생산물세,5,273198.73,8248.094137031367,3.0190821666818755,4.474847999146921,0,0,전국 공통 분기비중과 지역 구조 차이,시도/시군구 직접 활동자료,활동자료가 확인되는 지역·업종만 독립 라우팅
recursive_no_target_actual,대구,3,1~3분기+1개월,도매 및 소매업,5,271531.56,2214.6933977062217,0.8156301969856549,1.9387864463186864,0,0,전국 공통 분기비중과 지역 구조 차이,시도/시군구 직접 활동자료,활동자료가 확인되는 지역·업종만 독립 라우팅
recursive_no_target_actual,대구,3,1~3분기+1개월,문화 및 기타서비스업,5,105734.45999999999,3622.8017743117925,3.4263207797266784,8.051173343395039,2,0,전국 공통 분기비중과 지역 구조 차이,시도/시군구 직접 활동자료,활동자료가 확인되는 지역·업종만 독립 라우팅
recursive_no_target_actual,대구,3,1~3분기+1개월,보건 및 사회복지업,5,311266.2,5715.149023475307,1.8360968918164924,3.6899936364056134,0,0,의료기관·요양·복지시설 집중,"병상수, 의료기관, 건강보험 진료비, 복지시설",의료이용·시설 stock 기반 특화 라우팅
recursive_no_target_actual,대구,3,1~3분기+1개월,부동산업,5,348291.23,6188.6720001234935,1.7768670202013108,2.9487732379500606,0,0,거래·임대·공시가격·입주물량의 지역 시차,"실거래, 전월세, 건축물대장, 공동주택 공시가격, 입주/준공",거래·임대 flow와 stock 지표를 구분한 부동산 특화 라우팅
recursive_no_target_actual,대구,3,1~3분기+1개월,사업서비스업,5,211866.05000000002,9341.76683988169,4.409279750050415,5.810543817890982,2,0,전국 공통 분기비중과 지역 구조 차이,시도/시군구 직접 활동자료,활동자료가 확인되는 지역·업종만 독립 라우팅
recursive_no_target_actual,대구,3,1~3분기+1개월,서비스업,5,2256136.48,34313.1145444829,1.5208793815737116,2.652808164904038,0,0,전국 공통 분기비중과 지역 구조 차이,시도/시군구 직접 활동자료,활동자료가 확인되는 지역·업종만 독립 라우팅
recursive_no_target_actual,대구,3,1~3분기+1개월,숙박 및 음식점업,5,93824.05,2699.0691049604957,2.8767348083572344,4.2304918237023665,0,0,전국 공통 분기비중과 지역 구조 차이,시도/시군구 직접 활동자료,활동자료가 확인되는 지역·업종만 독립 라우팅
recursive_no_target_actual,대구,3,1~3분기+1개월,운수 및 창고업,5,135522.65,2988.8040917782273,2.2053908271261133,4.08382612691475,0,0,항만·공항·물류거점 활동량의 지역차,"항만 물동량, 공항 여객/화물, 물류창고 인허가, 대중교통 승하차",항만/공항/물류 활동량이 큰 지역만 독립 라우팅
recursive_no_target_actual,대구,3,1~3분기+1개월,정보통신업,5,105860.24,7048.279327648444,6.658098760826958,14.487910497687867,3,1,플랫폼·방송·통신사업자 집중과 지역 사업장 구조,방송/통신/콘텐츠 사업자 매출·사업체·고용,대형 사업자 집중 지역은 사업체·고용 구조 보정
recursive_no_target_actual,대구,4,공표 후 정밀화,건설업,5,179601.84999999998,24447.79928450816,13.612220188438018,42.106143871613355,3,3,지역 건설수주·착공·준공 시차,"건축허가·착공·사용승인, 건설수주 공종별 지역자료",BOK식 건축 12분기·토목 24분기 분산지표와 건축물대장 이벤트 결합
recursive_no_target_actual,대구,4,공표 후 정밀화,"공공 행정, 국방·사회보장",5,231209.36000000002,4818.4734440846805,2.084030440672765,5.732752701378071,1,0,정부·군·행정기관 지출의 지역 귀속,"지방재정 집행, 정부기관/군부대 고용, 예산집행",전국분기비중 + 지역 공공고용/재정집행 보조
recursive_no_target_actual,대구,4,공표 후 정밀화,"광업, 제조업",5,616464.65,32523.34291596069,5.275783926290127,12.272357461721976,2,1,지역 제조업 구조·대형사업장 충격,시도/시군구 제조업 중분류 생산·출하·공장가동·전력·수출,중분류 제조업 생산지수/공장등록/전력/수출을 결합한 제조업 특화 시간배분
recursive_no_target_actual,대구,4,공표 후 정밀화,교육 서비스업,5,232082.38,1171.6757584802253,0.5048533880427395,0.6942356237726658,0,0,학령인구·대학·공공교육 지출 구조,"학교/학생/교직원, 대학 재정, 교육청 집행",교육통계 stock과 교육재정 flow 결합
recursive_no_target_actual,대구,4,공표 후 정밀화,금융 및 보험업,5,211624.56999999998,5739.994870003735,2.7123480369050412,4.456615761389901,0,0,본점/지점 소재와 생산 귀속 차이,금융기관 점포·예수금·대출금·보험계약,시도 단위 금융활동 보조지표로만 완만 보정
recursive_no_target_actual,대구,4,공표 후 정밀화,기타산업 및 순생산물세,5,273198.73,7709.492521647793,2.821935710187157,5.02427268119138,1,0,전국 공통 분기비중과 지역 구조 차이,시도/시군구 직접 활동자료,활동자료가 확인되는 지역·업종만 독립 라우팅
recursive_no_target_actual,대구,4,공표 후 정밀화,도매 및 소매업,5,271531.56,1657.5234444950984,0.6104349138991794,1.095496064693179,0,0,전국 공통 분기비중과 지역 구조 차이,시도/시군구 직접 활동자료,활동자료가 확인되는 지역·업종만 독립 라우팅
recursive_no_target_actual,대구,4,공표 후 정밀화,문화 및 기타서비스업,5,105734.45999999999,3793.159388878852,3.58743912711036,7.7702011988739965,2,0,전국 공통 분기비중과 지역 구조 차이,시도/시군구 직접 활동자료,활동자료가 확인되는 지역·업종만 독립 라우팅
recursive_no_target_actual,대구,4,공표 후 정밀화,보건 및 사회복지업,5,311266.2,5605.761961410732,1.8009542833146455,3.016513799663821,0,0,의료기관·요양·복지시설 집중,"병상수, 의료기관, 건강보험 진료비, 복지시설",의료이용·시설 stock 기반 특화 라우팅
recursive_no_target_actual,대구,4,공표 후 정밀화,부동산업,5,348291.23,6269.362041203844,1.8000344255592782,3.3038315005797196,0,0,거래·임대·공시가격·입주물량의 지역 시차,"실거래, 전월세, 건축물대장, 공동주택 공시가격, 입주/준공",거래·임대 flow와 stock 지표를 구분한 부동산 특화 라우팅
recursive_no_target_actual,대구,4,공표 후 정밀화,사업서비스업,5,211866.05000000002,9071.128786383066,4.281539579551827,5.785937360044747,2,0,전국 공통 분기비중과 지역 구조 차이,시도/시군구 직접 활동자료,활동자료가 확인되는 지역·업종만 독립 라우팅
recursive_no_target_actual,대구,4,공표 후 정밀화,서비스업,5,2256136.48,28061.242554212222,1.2437741600726309,2.7243319490713125,0,0,전국 공통 분기비중과 지역 구조 차이,시도/시군구 직접 활동자료,활동자료가 확인되는 지역·업종만 독립 라우팅
recursive_no_target_actual,대구,4,공표 후 정밀화,숙박 및 음식점업,5,93824.05,3552.873673629174,3.7867408981270514,4.213863091368066,0,0,전국 공통 분기비중과 지역 구조 차이,시도/시군구 직접 활동자료,활동자료가 확인되는 지역·업종만 독립 라우팅
recursive_no_target_actual,대구,4,공표 후 정밀화,운수 및 창고업,5,135522.65,3451.149463824997,2.546548096443655,4.863290870315486,0,0,항만·공항·물류거점 활동량의 지역차,"항만 물동량, 공항 여객/화물, 물류창고 인허가, 대중교통 승하차",항만/공항/물류 활동량이 큰 지역만 독립 라우팅
recursive_no_target_actual,대구,4,공표 후 정밀화,정보통신업,5,105860.24,7035.1560450467805,6.6457019604780605,14.4875205566755,3,1,플랫폼·방송·통신사업자 집중과 지역 사업장 구조,방송/통신/콘텐츠 사업자 매출·사업체·고용,대형 사업자 집중 지역은 사업체·고용 구조 보정
recursive_no_target_actual,세종,1,1분기+1개월,건설업,5,57077.29,5092.301164977871,8.92176409387669,23.07984262142423,2,2,지역 건설수주·착공·준공 시차,"건축허가·착공·사용승인, 건설수주 공종별 지역자료",BOK식 건축 12분기·토목 24분기 분산지표와 건축물대장 이벤트 결합
recursive_no_target_actual,세종,1,1분기+1개월,"공공 행정, 국방·사회보장",5,210067.62,4413.379271968923,2.100932676806127,6.094637109703897,1,0,정부·군·행정기관 지출의 지역 귀속,"지방재정 집행, 정부기관/군부대 고용, 예산집행",전국분기비중 + 지역 공공고용/재정집행 보조
recursive_no_target_actual,세종,1,1분기+1개월,"광업, 제조업",5,165129.74,6989.392643084288,4.232667382074415,9.215637008801588,2,0,지역 제조업 구조·대형사업장 충격,시도/시군구 제조업 중분류 생산·출하·공장가동·전력·수출,중분류 제조업 생산지수/공장등록/전력/수출을 결합한 제조업 특화 시간배분
recursive_no_target_actual,세종,1,1분기+1개월,교육 서비스업,5,51617.67999999999,1331.3192383054393,2.579192319967576,5.783185817936385,1,0,학령인구·대학·공공교육 지출 구조,"학교/학생/교직원, 대학 재정, 교육청 집행",교육통계 stock과 교육재정 flow 결합
recursive_no_target_actual,세종,1,1분기+1개월,금융 및 보험업,5,24982.41,1246.0142712828601,4.987566336806017,14.156017104919218,1,1,본점/지점 소재와 생산 귀속 차이,금융기관 점포·예수금·대출금·보험계약,시도 단위 금융활동 보조지표로만 완만 보정
recursive_no_target_actual,세종,1,1분기+1개월,기타산업 및 순생산물세,5,68429.66,1829.6077534856904,2.673705749065084,6.386834854363507,1,0,전국 공통 분기비중과 지역 구조 차이,시도/시군구 직접 활동자료,활동자료가 확인되는 지역·업종만 독립 라우팅
recursive_no_target_actual,세종,1,1분기+1개월,도매 및 소매업,5,18003.26,1157.1468281009033,6.427429410567327,11.346614694958554,3,2,전국 공통 분기비중과 지역 구조 차이,시도/시군구 직접 활동자료,활동자료가 확인되는 지역·업종만 독립 라우팅
recursive_no_target_actual,세종,1,1분기+1개월,문화 및 기타서비스업,5,18076.690000000002,930.139650750702,5.145519731492336,11.055242819410903,2,1,전국 공통 분기비중과 지역 구조 차이,시도/시군구 직접 활동자료,활동자료가 확인되는 지역·업종만 독립 라우팅
recursive_no_target_actual,세종,1,1분기+1개월,보건 및 사회복지업,5,27548.35,1952.261044373864,7.086671413619561,19.280371819375866,3,1,의료기관·요양·복지시설 집중,"병상수, 의료기관, 건강보험 진료비, 복지시설",의료이용·시설 stock 기반 특화 라우팅
recursive_no_target_actual,세종,1,1분기+1개월,부동산업,5,54149.57,1733.2644625579323,3.2008831511643256,8.761333360568644,1,0,거래·임대·공시가격·입주물량의 지역 시차,"실거래, 전월세, 건축물대장, 공동주택 공시가격, 입주/준공",거래·임대 flow와 stock 지표를 구분한 부동산 특화 라우팅
recursive_no_target_actual,세종,1,1분기+1개월,사업서비스업,5,37778.399999999994,2234.0720545425356,5.913622743532113,20.439728951149604,2,1,전국 공통 분기비중과 지역 구조 차이,시도/시군구 직접 활동자료,활동자료가 확인되는 지역·업종만 독립 라우팅
recursive_no_target_actual,세종,1,1분기+1개월,서비스업,5,481036.36,17200.149334095055,3.5756443305231764,4.8566946535370255,0,0,전국 공통 분기비중과 지역 구조 차이,시도/시군구 직접 활동자료,활동자료가 확인되는 지역·업종만 독립 라우팅
recursive_no_target_actual,세종,1,1분기+1개월,숙박 및 음식점업,5,13465.75,1320.9568957082536,9.809753602348577,24.92932032115022,2,2,전국 공통 분기비중과 지역 구조 차이,시도/시군구 직접 활동자료,활동자료가 확인되는 지역·업종만 독립 라우팅
recursive_no_target_actual,세종,1,1분기+1개월,운수 및 창고업,5,13935.89,1247.7887165976194,8.953778456902425,16.632065604122747,4,2,항만·공항·물류거점 활동량의 지역차,"항만 물동량, 공항 여객/화물, 물류창고 인허가, 대중교통 승하차",항만/공항/물류 활동량이 큰 지역만 독립 라우팅
recursive_no_target_actual,세종,1,1분기+1개월,정보통신업,5,12443.59,972.3023700620774,7.813680538028635,23.7462018524683,2,1,플랫폼·방송·통신사업자 집중과 지역 사업장 구조,방송/통신/콘텐츠 사업자 매출·사업체·고용,대형 사업자 집중 지역은 사업체·고용 구조 보정
recursive_no_target_actual,세종,2,1~2분기+1개월,건설업,5,57077.29,4826.923961098766,8.456820499184117,20.07123404693137,2,2,지역 건설수주·착공·준공 시차,"건축허가·착공·사용승인, 건설수주 공종별 지역자료",BOK식 건축 12분기·토목 24분기 분산지표와 건축물대장 이벤트 결합
recursive_no_target_actual,세종,2,1~2분기+1개월,"공공 행정, 국방·사회보장",5,210067.62,3956.2531293374486,1.8833236313799568,5.478289002051966,1,0,정부·군·행정기관 지출의 지역 귀속,"지방재정 집행, 정부기관/군부대 고용, 예산집행",전국분기비중 + 지역 공공고용/재정집행 보조
recursive_no_target_actual,세종,2,1~2분기+1개월,"광업, 제조업",5,165129.74,7098.165716678272,4.298538662192692,8.184388027053469,2,0,지역 제조업 구조·대형사업장 충격,시도/시군구 제조업 중분류 생산·출하·공장가동·전력·수출,중분류 제조업 생산지수/공장등록/전력/수출을 결합한 제조업 특화 시간배분
recursive_no_target_actual,세종,2,1~2분기+1개월,교육 서비스업,5,51617.67999999999,1296.0070883883982,2.510781360937567,5.956125618524511,1,0,학령인구·대학·공공교육 지출 구조,"학교/학생/교직원, 대학 재정, 교육청 집행",교육통계 stock과 교육재정 flow 결합
recursive_no_target_actual,세종,2,1~2분기+1개월,금융 및 보험업,5,24982.41,1359.0777904919996,5.440138843658397,13.616138313099716,1,1,본점/지점 소재와 생산 귀속 차이,금융기관 점포·예수금·대출금·보험계약,시도 단위 금융활동 보조지표로만 완만 보정
recursive_no_target_actual,세종,2,1~2분기+1개월,기타산업 및 순생산물세,5,68429.66,1890.767105205934,2.7630812504489044,5.449830381541192,1,0,전국 공통 분기비중과 지역 구조 차이,시도/시군구 직접 활동자료,활동자료가 확인되는 지역·업종만 독립 라우팅
recursive_no_target_actual,세종,2,1~2분기+1개월,도매 및 소매업,5,18003.26,1218.1725333939094,6.76639971535105,10.734844766181569,3,1,전국 공통 분기비중과 지역 구조 차이,시도/시군구 직접 활동자료,활동자료가 확인되는 지역·업종만 독립 라우팅
recursive_no_target_actual,세종,2,1~2분기+1개월,문화 및 기타서비스업,5,18076.690000000002,689.9398415145615,3.8167376965282998,7.1055637095935875,2,0,전국 공통 분기비중과 지역 구조 차이,시도/시군구 직접 활동자료,활동자료가 확인되는 지역·업종만 독립 라우팅
recursive_no_target_actual,세종,2,1~2분기+1개월,보건 및 사회복지업,5,27548.35,1940.8772568288473,7.045348475784747,17.370167141078692,3,1,의료기관·요양·복지시설 집중,"병상수, 의료기관, 건강보험 진료비, 복지시설",의료이용·시설 stock 기반 특화 라우팅
recursive_no_target_actual,세종,2,1~2분기+1개월,부동산업,5,54149.57,1695.6879629053528,3.131489248954983,7.952713283975885,2,0,거래·임대·공시가격·입주물량의 지역 시차,"실거래, 전월세, 건축물대장, 공동주택 공시가격, 입주/준공",거래·임대 flow와 stock 지표를 구분한 부동산 특화 라우팅
recursive_no_target_actual,세종,2,1~2분기+1개월,사업서비스업,5,37778.399999999994,1985.0541282428694,5.254468501161695,17.85864595047189,1,1,전국 공통 분기비중과 지역 구조 차이,시도/시군구 직접 활동자료,활동자료가 확인되는 지역·업종만 독립 라우팅
recursive_no_target_actual,세종,2,1~2분기+1개월,서비스업,5,481036.36,11228.745518980242,2.334282073600474,3.6063684818299233,0,0,전국 공통 분기비중과 지역 구조 차이,시도/시군구 직접 활동자료,활동자료가 확인되는 지역·업종만 독립 라우팅
recursive_no_target_actual,세종,2,1~2분기+1개월,숙박 및 음식점업,5,13465.75,960.1363193911902,7.1302104924804794,18.24241180541811,3,1,전국 공통 분기비중과 지역 구조 차이,시도/시군구 직접 활동자료,활동자료가 확인되는 지역·업종만 독립 라우팅
recursive_no_target_actual,세종,2,1~2분기+1개월,운수 및 창고업,5,13935.89,979.0781158929999,7.025587285010143,9.909130387520822,4,0,항만·공항·물류거점 활동량의 지역차,"항만 물동량, 공항 여객/화물, 물류창고 인허가, 대중교통 승하차",항만/공항/물류 활동량이 큰 지역만 독립 라우팅
recursive_no_target_actual,세종,2,1~2분기+1개월,정보통신업,5,12443.59,1062.5522577458191,8.538952647474074,22.990616612717933,2,1,플랫폼·방송·통신사업자 집중과 지역 사업장 구조,방송/통신/콘텐츠 사업자 매출·사업체·고용,대형 사업자 집중 지역은 사업체·고용 구조 보정
recursive_no_target_actual,세종,3,1~3분기+1개월,건설업,5,57077.29,4635.092315927541,8.120729480897815,18.020411543393937,3,2,지역 건설수주·착공·준공 시차,"건축허가·착공·사용승인, 건설수주 공종별 지역자료",BOK식 건축 12분기·토목 24분기 분산지표와 건축물대장 이벤트 결합
recursive_no_target_actual,세종,3,1~3분기+1개월,"공공 행정, 국방·사회보장",5,210067.62,4068.338029664934,1.9366802126215044,5.473279020562898,1,0,정부·군·행정기관 지출의 지역 귀속,"지방재정 집행, 정부기관/군부대 고용, 예산집행",전국분기비중 + 지역 공공고용/재정집행 보조
recursive_no_target_actual,세종,3,1~3분기+1개월,"광업, 제조업",5,165129.74,7099.118311200302,4.299115538606372,8.965629824116824,2,0,지역 제조업 구조·대형사업장 충격,시도/시군구 제조업 중분류 생산·출하·공장가동·전력·수출,중분류 제조업 생산지수/공장등록/전력/수출을 결합한 제조업 특화 시간배분
recursive_no_target_actual,세종,3,1~3분기+1개월,교육 서비스업,5,51617.67999999999,1263.8802728312876,2.4485414161025596,5.624748478122806,1,0,학령인구·대학·공공교육 지출 구조,"학교/학생/교직원, 대학 재정, 교육청 집행",교육통계 stock과 교육재정 flow 결합
recursive_no_target_actual,세종,3,1~3분기+1개월,금융 및 보험업,5,24982.41,1499.1617968927085,6.000869399280168,13.100518513269812,2,1,본점/지점 소재와 생산 귀속 차이,금융기관 점포·예수금·대출금·보험계약,시도 단위 금융활동 보조지표로만 완만 보정
recursive_no_target_actual,세종,3,1~3분기+1개월,기타산업 및 순생산물세,5,68429.66,1925.6315402277378,2.814030553750724,5.987590538847209,1,0,전국 공통 분기비중과 지역 구조 차이,시도/시군구 직접 활동자료,활동자료가 확인되는 지역·업종만 독립 라우팅
recursive_no_target_actual,세종,3,1~3분기+1개월,도매 및 소매업,5,18003.26,1254.1256312942587,6.966102979650679,10.57764911532696,4,1,전국 공통 분기비중과 지역 구조 차이,시도/시군구 직접 활동자료,활동자료가 확인되는 지역·업종만 독립 라우팅
recursive_no_target_actual,세종,3,1~3분기+1개월,문화 및 기타서비스업,5,18076.690000000002,630.6689398668636,3.488851885311213,6.936392753198514,2,0,전국 공통 분기비중과 지역 구조 차이,시도/시군구 직접 활동자료,활동자료가 확인되는 지역·업종만 독립 라우팅
recursive_no_target_actual,세종,3,1~3분기+1개월,보건 및 사회복지업,5,27548.35,1966.3036961655462,7.137645979398208,16.450185625742584,3,1,의료기관·요양·복지시설 집중,"병상수, 의료기관, 건강보험 진료비, 복지시설",의료이용·시설 stock 기반 특화 라우팅
recursive_no_target_actual,세종,3,1~3분기+1개월,부동산업,5,54149.57,1687.5153605962987,3.116396604065921,8.182687005798043,2,0,거래·임대·공시가격·입주물량의 지역 시차,"실거래, 전월세, 건축물대장, 공동주택 공시가격, 입주/준공",거래·임대 flow와 stock 지표를 구분한 부동산 특화 라우팅
recursive_no_target_actual,세종,3,1~3분기+1개월,사업서비스업,5,37778.399999999994,1999.255950429187,5.29206094072059,18.018208806888115,1,1,전국 공통 분기비중과 지역 구조 차이,시도/시군구 직접 활동자료,활동자료가 확인되는 지역·업종만 독립 라우팅
recursive_no_target_actual,세종,3,1~3분기+1개월,서비스업,5,481036.36,7461.305037536586,1.5510896177446098,4.514575686394374,0,0,전국 공통 분기비중과 지역 구조 차이,시도/시군구 직접 활동자료,활동자료가 확인되는 지역·업종만 독립 라우팅
recursive_no_target_actual,세종,3,1~3분기+1개월,숙박 및 음식점업,5,13465.75,833.4782109842563,6.189615958890194,14.34580682818556,2,1,전국 공통 분기비중과 지역 구조 차이,시도/시군구 직접 활동자료,활동자료가 확인되는 지역·업종만 독립 라우팅
recursive_no_target_actual,세종,3,1~3분기+1개월,운수 및 창고업,5,13935.89,877.1542804411447,6.294210706608223,8.566447817807731,4,0,항만·공항·물류거점 활동량의 지역차,"항만 물동량, 공항 여객/화물, 물류창고 인허가, 대중교통 승하차",항만/공항/물류 활동량이 큰 지역만 독립 라우팅
recursive_no_target_actual,세종,3,1~3분기+1개월,정보통신업,5,12443.59,1113.3949036164872,8.947537676960485,22.964680039959458,2,1,플랫폼·방송·통신사업자 집중과 지역 사업장 구조,방송/통신/콘텐츠 사업자 매출·사업체·고용,대형 사업자 집중 지역은 사업체·고용 구조 보정
recursive_no_target_actual,세종,4,공표 후 정밀화,건설업,5,57077.29,4407.204917089177,7.7214684107973195,18.775764312017778,3,2,지역 건설수주·착공·준공 시차,"건축허가·착공·사용승인, 건설수주 공종별 지역자료",BOK식 건축 12분기·토목 24분기 분산지표와 건축물대장 이벤트 결합
recursive_no_target_actual,세종,4,공표 후 정밀화,"공공 행정, 국방·사회보장",5,210067.62,4160.888495298095,1.980737676419667,5.6559450820380945,1,0,정부·군·행정기관 지출의 지역 귀속,"지방재정 집행, 정부기관/군부대 고용, 예산집행",전국분기비중 + 지역 공공고용/재정집행 보조
recursive_no_target_actual,세종,4,공표 후 정밀화,"광업, 제조업",5,165129.74,8173.061804699872,4.949479000390767,8.915386321071745,3,0,지역 제조업 구조·대형사업장 충격,시도/시군구 제조업 중분류 생산·출하·공장가동·전력·수출,중분류 제조업 생산지수/공장등록/전력/수출을 결합한 제조업 특화 시간배분
recursive_no_target_actual,세종,4,공표 후 정밀화,교육 서비스업,5,51617.67999999999,1273.6079239950996,2.467386996074019,5.493543094566532,1,0,학령인구·대학·공공교육 지출 구조,"학교/학생/교직원, 대학 재정, 교육청 집행",교육통계 stock과 교육재정 flow 결합
recursive_no_target_actual,세종,4,공표 후 정밀화,금융 및 보험업,5,24982.41,1542.6245360875973,6.174842763718942,13.557374830896984,2,1,본점/지점 소재와 생산 귀속 차이,금융기관 점포·예수금·대출금·보험계약,시도 단위 금융활동 보조지표로만 완만 보정
recursive_no_target_actual,세종,4,공표 후 정밀화,기타산업 및 순생산물세,5,68429.66,1993.136165268319,2.9126787496362234,5.416647989501556,1,0,전국 공통 분기비중과 지역 구조 차이,시도/시군구 직접 활동자료,활동자료가 확인되는 지역·업종만 독립 라우팅
recursive_no_target_actual,세종,4,공표 후 정밀화,도매 및 소매업,5,18003.26,1273.7958036217642,7.075361926794171,10.42522097535622,4,1,전국 공통 분기비중과 지역 구조 차이,시도/시군구 직접 활동자료,활동자료가 확인되는 지역·업종만 독립 라우팅
recursive_no_target_actual,세종,4,공표 후 정밀화,문화 및 기타서비스업,5,18076.690000000002,711.4413717608941,3.9356838655798936,6.307089267815797,2,0,전국 공통 분기비중과 지역 구조 차이,시도/시군구 직접 활동자료,활동자료가 확인되는 지역·업종만 독립 라우팅
recursive_no_target_actual,세종,4,공표 후 정밀화,보건 및 사회복지업,5,27548.35,1913.199314173733,6.944878056848171,15.865935686726363,4,1,의료기관·요양·복지시설 집중,"병상수, 의료기관, 건강보험 진료비, 복지시설",의료이용·시설 stock 기반 특화 라우팅
recursive_no_target_actual,세종,4,공표 후 정밀화,부동산업,5,54149.57,1719.0806584387228,3.174689399082436,8.555796424072568,2,0,거래·임대·공시가격·입주물량의 지역 시차,"실거래, 전월세, 건축물대장, 공동주택 공시가격, 입주/준공",거래·임대 flow와 stock 지표를 구분한 부동산 특화 라우팅
recursive_no_target_actual,세종,4,공표 후 정밀화,사업서비스업,5,37778.399999999994,1950.735729544147,5.163627177286881,17.996791531845655,1,1,전국 공통 분기비중과 지역 구조 차이,시도/시군구 직접 활동자료,활동자료가 확인되는 지역·업종만 독립 라우팅
recursive_no_target_actual,세종,4,공표 후 정밀화,서비스업,5,481036.36,7559.350646388368,1.57147177946972,5.428611931717634,1,0,전국 공통 분기비중과 지역 구조 차이,시도/시군구 직접 활동자료,활동자료가 확인되는 지역·업종만 독립 라우팅
recursive_no_target_actual,세종,4,공표 후 정밀화,숙박 및 음식점업,5,13465.75,559.668931966642,4.156240327992441,8.143860165653281,2,0,전국 공통 분기비중과 지역 구조 차이,시도/시군구 직접 활동자료,활동자료가 확인되는 지역·업종만 독립 라우팅
recursive_no_target_actual,세종,4,공표 후 정밀화,운수 및 창고업,5,13935.89,769.0853316191219,5.518738534956303,7.272329357717361,4,0,항만·공항·물류거점 활동량의 지역차,"항만 물동량, 공항 여객/화물, 물류창고 인허가, 대중교통 승하차",항만/공항/물류 활동량이 큰 지역만 독립 라우팅
recursive_no_target_actual,세종,4,공표 후 정밀화,정보통신업,5,12443.59,1151.4198429654693,9.25311620654063,22.96494241902223,3,1,플랫폼·방송·통신사업자 집중과 지역 사업장 구조,방송/통신/콘텐츠 사업자 매출·사업체·고용,대형 사업자 집중 지역은 사업체·고용 구조 보정
recursive_no_target_actual,울산,1,1분기+1개월,건설업,5,151906.42,30257.63265340507,19.91860031551337,34.039952663503755,5,4,지역 건설수주·착공·준공 시차,"건축허가·착공·사용승인, 건설수주 공종별 지역자료",BOK식 건축 12분기·토목 24분기 분산지표와 건축물대장 이벤트 결합
recursive_no_target_actual,울산,1,1분기+1개월,"공공 행정, 국방·사회보장",5,109608.79000000001,1436.7031192000359,1.3107553866802433,2.5096295987992185,0,0,정부·군·행정기관 지출의 지역 귀속,"지방재정 집행, 정부기관/군부대 고용, 예산집행",전국분기비중 + 지역 공공고용/재정집행 보조
recursive_no_target_actual,울산,1,1분기+1개월,"광업, 제조업",5,2020375.66,92544.79207941459,4.580573499851735,8.837151539927564,3,0,지역 제조업 구조·대형사업장 충격,시도/시군구 제조업 중분류 생산·출하·공장가동·전력·수출,중분류 제조업 생산지수/공장등록/전력/수출을 결합한 제조업 특화 시간배분
recursive_no_target_actual,울산,1,1분기+1개월,교육 서비스업,5,113557.45,2936.8645270094567,2.586236770030902,7.107119998425714,1,0,학령인구·대학·공공교육 지출 구조,"학교/학생/교직원, 대학 재정, 교육청 집행",교육통계 stock과 교육재정 flow 결합
recursive_no_target_actual,울산,1,1분기+1개월,금융 및 보험업,5,83207.20000000001,1993.4494366384588,2.395765554709759,4.9639120927629765,0,0,본점/지점 소재와 생산 귀속 차이,금융기관 점포·예수금·대출금·보험계약,시도 단위 금융활동 보조지표로만 완만 보정
recursive_no_target_actual,울산,1,1분기+1개월,기타산업 및 순생산물세,5,684437.4500000001,10027.228311725383,1.4650320948576647,2.39604059274958,0,0,전국 공통 분기비중과 지역 구조 차이,시도/시군구 직접 활동자료,활동자료가 확인되는 지역·업종만 독립 라우팅
recursive_no_target_actual,울산,1,1분기+1개월,도매 및 소매업,5,98262.6,3049.0138820331777,3.1029240850874875,9.63826696286074,1,0,전국 공통 분기비중과 지역 구조 차이,시도/시군구 직접 활동자료,활동자료가 확인되는 지역·업종만 독립 라우팅
recursive_no_target_actual,울산,1,1분기+1개월,문화 및 기타서비스업,5,56894.619999999995,1354.823193980208,2.38128524978321,5.911570468254947,1,0,전국 공통 분기비중과 지역 구조 차이,시도/시군구 직접 활동자료,활동자료가 확인되는 지역·업종만 독립 라우팅
recursive_no_target_actual,울산,1,1분기+1개월,보건 및 사회복지업,5,118228.18000000001,2523.515171245377,2.134444741723485,3.140762942450744,0,0,의료기관·요양·복지시설 집중,"병상수, 의료기관, 건강보험 진료비, 복지시설",의료이용·시설 stock 기반 특화 라우팅
recursive_no_target_actual,울산,1,1분기+1개월,부동산업,5,123072.76,2684.7186312425874,2.1814076739991752,5.300097090168497,1,0,거래·임대·공시가격·입주물량의 지역 시차,"실거래, 전월세, 건축물대장, 공동주택 공시가격, 입주/준공",거래·임대 flow와 stock 지표를 구분한 부동산 특화 라우팅
recursive_no_target_actual,울산,1,1분기+1개월,사업서비스업,5,135771.6,3143.9764452379895,2.3156362930377115,7.754808269110228,1,0,전국 공통 분기비중과 지역 구조 차이,시도/시군구 직접 활동자료,활동자료가 확인되는 지역·업종만 독립 라우팅
recursive_no_target_actual,울산,1,1분기+1개월,서비스업,5,1037784.52,13906.785439718748,1.3400455655012804,2.729624098911237,0,0,전국 공통 분기비중과 지역 구조 차이,시도/시군구 직접 활동자료,활동자료가 확인되는 지역·업종만 독립 라우팅
recursive_no_target_actual,울산,1,1분기+1개월,숙박 및 음식점업,5,49233.48999999999,3773.8163311068756,7.6651408037636095,17.415252531998103,3,2,전국 공통 분기비중과 지역 구조 차이,시도/시군구 직접 활동자료,활동자료가 확인되는 지역·업종만 독립 라우팅
recursive_no_target_actual,울산,1,1분기+1개월,운수 및 창고업,5,109499.66999999998,5929.956213654255,5.415501447314185,9.981361867834025,3,0,항만·공항·물류거점 활동량의 지역차,"항만 물동량, 공항 여객/화물, 물류창고 인허가, 대중교통 승하차",항만/공항/물류 활동량이 큰 지역만 독립 라우팅
recursive_no_target_actual,울산,1,1분기+1개월,정보통신업,5,37883.18,1372.1858723494524,3.622150707383732,6.4865275209582745,1,0,플랫폼·방송·통신사업자 집중과 지역 사업장 구조,방송/통신/콘텐츠 사업자 매출·사업체·고용,대형 사업자 집중 지역은 사업체·고용 구조 보정
recursive_no_target_actual,울산,2,1~2분기+1개월,건설업,5,151906.42,31105.330908788685,20.476640097758004,33.23449110445453,5,4,지역 건설수주·착공·준공 시차,"건축허가·착공·사용승인, 건설수주 공종별 지역자료",BOK식 건축 12분기·토목 24분기 분산지표와 건축물대장 이벤트 결합
recursive_no_target_actual,울산,2,1~2분기+1개월,"공공 행정, 국방·사회보장",5,109608.79000000001,1416.0298681055901,1.2918944439634723,2.0996960587646565,0,0,정부·군·행정기관 지출의 지역 귀속,"지방재정 집행, 정부기관/군부대 고용, 예산집행",전국분기비중 + 지역 공공고용/재정집행 보조
recursive_no_target_actual,울산,2,1~2분기+1개월,"광업, 제조업",5,2020375.66,73964.6838166436,3.660937185149202,7.215169601424927,1,0,지역 제조업 구조·대형사업장 충격,시도/시군구 제조업 중분류 생산·출하·공장가동·전력·수출,중분류 제조업 생산지수/공장등록/전력/수출을 결합한 제조업 특화 시간배분
recursive_no_target_actual,울산,2,1~2분기+1개월,교육 서비스업,5,113557.45,2690.4876900429263,2.36927448621198,7.277629649839783,1,0,학령인구·대학·공공교육 지출 구조,"학교/학생/교직원, 대학 재정, 교육청 집행",교육통계 stock과 교육재정 flow 결합
recursive_no_target_actual,울산,2,1~2분기+1개월,금융 및 보험업,5,83207.20000000001,1527.393399137647,1.8356505195916302,3.5528849630658472,0,0,본점/지점 소재와 생산 귀속 차이,금융기관 점포·예수금·대출금·보험계약,시도 단위 금융활동 보조지표로만 완만 보정
recursive_no_target_actual,울산,2,1~2분기+1개월,기타산업 및 순생산물세,5,684437.4500000001,8532.142670671717,1.246592025417621,2.6998134024163973,0,0,전국 공통 분기비중과 지역 구조 차이,시도/시군구 직접 활동자료,활동자료가 확인되는 지역·업종만 독립 라우팅
recursive_no_target_actual,울산,2,1~2분기+1개월,도매 및 소매업,5,98262.6,2397.744392325476,2.4401393738059807,5.2894118884563035,1,0,전국 공통 분기비중과 지역 구조 차이,시도/시군구 직접 활동자료,활동자료가 확인되는 지역·업종만 독립 라우팅
recursive_no_target_actual,울산,2,1~2분기+1개월,문화 및 기타서비스업,5,56894.619999999995,1520.1139983569847,2.671806224133292,4.2868726889190185,0,0,전국 공통 분기비중과 지역 구조 차이,시도/시군구 직접 활동자료,활동자료가 확인되는 지역·업종만 독립 라우팅
recursive_no_target_actual,울산,2,1~2분기+1개월,보건 및 사회복지업,5,118228.18000000001,2015.5154773714312,1.704767406020655,2.342317477232444,0,0,의료기관·요양·복지시설 집중,"병상수, 의료기관, 건강보험 진료비, 복지시설",의료이용·시설 stock 기반 특화 라우팅
recursive_no_target_actual,울산,2,1~2분기+1개월,부동산업,5,123072.76,2544.440212533398,2.0674276034220718,5.097033032270051,1,0,거래·임대·공시가격·입주물량의 지역 시차,"실거래, 전월세, 건축물대장, 공동주택 공시가격, 입주/준공",거래·임대 flow와 stock 지표를 구분한 부동산 특화 라우팅
recursive_no_target_actual,울산,2,1~2분기+1개월,사업서비스업,5,135771.6,3272.6874541496436,2.4104359484234137,7.516613504441875,1,0,전국 공통 분기비중과 지역 구조 차이,시도/시군구 직접 활동자료,활동자료가 확인되는 지역·업종만 독립 라우팅
recursive_no_target_actual,울산,2,1~2분기+1개월,서비스업,5,1037784.52,13058.408626506745,1.2582967248833838,2.355868748259931,0,0,전국 공통 분기비중과 지역 구조 차이,시도/시군구 직접 활동자료,활동자료가 확인되는 지역·업종만 독립 라우팅
recursive_no_target_actual,울산,2,1~2분기+1개월,숙박 및 음식점업,5,49233.48999999999,2376.553726660033,4.827107984138507,10.059029656758137,2,1,전국 공통 분기비중과 지역 구조 차이,시도/시군구 직접 활동자료,활동자료가 확인되는 지역·업종만 독립 라우팅
recursive_no_target_actual,울산,2,1~2분기+1개월,운수 및 창고업,5,109499.66999999998,4592.921654155722,4.1944616400722685,9.176853582501208,2,0,항만·공항·물류거점 활동량의 지역차,"항만 물동량, 공항 여객/화물, 물류창고 인허가, 대중교통 승하차",항만/공항/물류 활동량이 큰 지역만 독립 라우팅
recursive_no_target_actual,울산,2,1~2분기+1개월,정보통신업,5,37883.18,846.7717966641267,2.2352183651534183,3.660023823804918,0,0,플랫폼·방송·통신사업자 집중과 지역 사업장 구조,방송/통신/콘텐츠 사업자 매출·사업체·고용,대형 사업자 집중 지역은 사업체·고용 구조 보정
recursive_no_target_actual,울산,3,1~3분기+1개월,건설업,5,151906.42,31363.541430221987,20.646620090330604,32.12504144809167,5,4,지역 건설수주·착공·준공 시차,"건축허가·착공·사용승인, 건설수주 공종별 지역자료",BOK식 건축 12분기·토목 24분기 분산지표와 건축물대장 이벤트 결합
recursive_no_target_actual,울산,3,1~3분기+1개월,"공공 행정, 국방·사회보장",5,109608.79000000001,1361.9581775571496,1.2425629163109542,2.119204352568192,0,0,정부·군·행정기관 지출의 지역 귀속,"지방재정 집행, 정부기관/군부대 고용, 예산집행",전국분기비중 + 지역 공공고용/재정집행 보조
recursive_no_target_actual,울산,3,1~3분기+1개월,"광업, 제조업",5,2020375.66,73520.1752130093,3.638935900317137,6.302098040346358,1,0,지역 제조업 구조·대형사업장 충격,시도/시군구 제조업 중분류 생산·출하·공장가동·전력·수출,중분류 제조업 생산지수/공장등록/전력/수출을 결합한 제조업 특화 시간배분
recursive_no_target_actual,울산,3,1~3분기+1개월,교육 서비스업,5,113557.45,2729.8636111654305,2.403949376430547,6.9509090192831575,1,0,학령인구·대학·공공교육 지출 구조,"학교/학생/교직원, 대학 재정, 교육청 집행",교육통계 stock과 교육재정 flow 결합
recursive_no_target_actual,울산,3,1~3분기+1개월,금융 및 보험업,5,83207.20000000001,1381.1606353920324,1.6599051949735506,3.1571288500709387,0,0,본점/지점 소재와 생산 귀속 차이,금융기관 점포·예수금·대출금·보험계약,시도 단위 금융활동 보조지표로만 완만 보정
recursive_no_target_actual,울산,3,1~3분기+1개월,기타산업 및 순생산물세,5,684437.4500000001,5728.761588279827,0.8370029413615264,2.0893943439232423,0,0,전국 공통 분기비중과 지역 구조 차이,시도/시군구 직접 활동자료,활동자료가 확인되는 지역·업종만 독립 라우팅
recursive_no_target_actual,울산,3,1~3분기+1개월,도매 및 소매업,5,98262.6,2295.3857047058336,2.3359708624703943,3.752725303329647,0,0,전국 공통 분기비중과 지역 구조 차이,시도/시군구 직접 활동자료,활동자료가 확인되는 지역·업종만 독립 라우팅
recursive_no_target_actual,울산,3,1~3분기+1개월,문화 및 기타서비스업,5,56894.619999999995,1886.4578546139855,3.3157051661721018,5.409110965731338,1,0,전국 공통 분기비중과 지역 구조 차이,시도/시군구 직접 활동자료,활동자료가 확인되는 지역·업종만 독립 라우팅
recursive_no_target_actual,울산,3,1~3분기+1개월,보건 및 사회복지업,5,118228.18000000001,1907.6237188613413,1.6135101790971842,2.144961354708357,0,0,의료기관·요양·복지시설 집중,"병상수, 의료기관, 건강보험 진료비, 복지시설",의료이용·시설 stock 기반 특화 라우팅
recursive_no_target_actual,울산,3,1~3분기+1개월,부동산업,5,123072.76,2294.4071909075938,1.8642689015080136,4.1767747945091935,0,0,거래·임대·공시가격·입주물량의 지역 시차,"실거래, 전월세, 건축물대장, 공동주택 공시가격, 입주/준공",거래·임대 flow와 stock 지표를 구분한 부동산 특화 라우팅
recursive_no_target_actual,울산,3,1~3분기+1개월,사업서비스업,5,135771.6,2912.2783302800053,2.1449834356227706,6.48551134189119,1,0,전국 공통 분기비중과 지역 구조 차이,시도/시군구 직접 활동자료,활동자료가 확인되는 지역·업종만 독립 라우팅
recursive_no_target_actual,울산,3,1~3분기+1개월,서비스업,5,1037784.52,13261.009963058546,1.2778192107797623,1.7605298198716768,0,0,전국 공통 분기비중과 지역 구조 차이,시도/시군구 직접 활동자료,활동자료가 확인되는 지역·업종만 독립 라우팅
recursive_no_target_actual,울산,3,1~3분기+1개월,숙박 및 음식점업,5,49233.48999999999,1807.8453053637131,3.6719828420932856,5.994084931059261,2,0,전국 공통 분기비중과 지역 구조 차이,시도/시군구 직접 활동자료,활동자료가 확인되는 지역·업종만 독립 라우팅
recursive_no_target_actual,울산,3,1~3분기+1개월,운수 및 창고업,5,109499.66999999998,4893.99653868383,4.469416701149721,11.3886362639372,2,1,항만·공항·물류거점 활동량의 지역차,"항만 물동량, 공항 여객/화물, 물류창고 인허가, 대중교통 승하차",항만/공항/물류 활동량이 큰 지역만 독립 라우팅
recursive_no_target_actual,울산,3,1~3분기+1개월,정보통신업,5,37883.18,715.2597631907265,1.8880668496961621,3.8211349619090664,0,0,플랫폼·방송·통신사업자 집중과 지역 사업장 구조,방송/통신/콘텐츠 사업자 매출·사업체·고용,대형 사업자 집중 지역은 사업체·고용 구조 보정
recursive_no_target_actual,울산,4,공표 후 정밀화,건설업,5,151906.42,32084.95361510966,21.121525749280153,31.69062898340067,5,4,지역 건설수주·착공·준공 시차,"건축허가·착공·사용승인, 건설수주 공종별 지역자료",BOK식 건축 12분기·토목 24분기 분산지표와 건축물대장 이벤트 결합
recursive_no_target_actual,울산,4,공표 후 정밀화,"공공 행정, 국방·사회보장",5,109608.79000000001,1382.947697737647,1.261712402570676,2.092185724177391,0,0,정부·군·행정기관 지출의 지역 귀속,"지방재정 집행, 정부기관/군부대 고용, 예산집행",전국분기비중 + 지역 공공고용/재정집행 보조
recursive_no_target_actual,울산,4,공표 후 정밀화,"광업, 제조업",5,2020375.66,80412.72061127168,3.9800875749647315,5.387395394838348,1,0,지역 제조업 구조·대형사업장 충격,시도/시군구 제조업 중분류 생산·출하·공장가동·전력·수출,중분류 제조업 생산지수/공장등록/전력/수출을 결합한 제조업 특화 시간배분
recursive_no_target_actual,울산,4,공표 후 정밀화,교육 서비스업,5,113557.45,2762.058520500683,2.43230058485875,6.821547333090922,1,0,학령인구·대학·공공교육 지출 구조,"학교/학생/교직원, 대학 재정, 교육청 집행",교육통계 stock과 교육재정 flow 결합
recursive_no_target_actual,울산,4,공표 후 정밀화,금융 및 보험업,5,83207.20000000001,1864.8674977007686,2.2412333280061922,3.4993263031525763,0,0,본점/지점 소재와 생산 귀속 차이,금융기관 점포·예수금·대출금·보험계약,시도 단위 금융활동 보조지표로만 완만 보정
recursive_no_target_actual,울산,4,공표 후 정밀화,기타산업 및 순생산물세,5,684437.4500000001,7401.115277690114,1.0813428279954749,2.332930285009188,0,0,전국 공통 분기비중과 지역 구조 차이,시도/시군구 직접 활동자료,활동자료가 확인되는 지역·업종만 독립 라우팅
recursive_no_target_actual,울산,4,공표 후 정밀화,도매 및 소매업,5,98262.6,2155.784475355864,2.193901316834547,3.8548482160336217,0,0,전국 공통 분기비중과 지역 구조 차이,시도/시군구 직접 활동자료,활동자료가 확인되는 지역·업종만 독립 라우팅
recursive_no_target_actual,울산,4,공표 후 정밀화,문화 및 기타서비스업,5,56894.619999999995,1939.279638222808,3.4085466046223845,5.3364322527258485,2,0,전국 공통 분기비중과 지역 구조 차이,시도/시군구 직접 활동자료,활동자료가 확인되는 지역·업종만 독립 라우팅
recursive_no_target_actual,울산,4,공표 후 정밀화,보건 및 사회복지업,5,118228.18000000001,1657.0879019113308,1.4016014641444456,1.8124366376721583,0,0,의료기관·요양·복지시설 집중,"병상수, 의료기관, 건강보험 진료비, 복지시설",의료이용·시설 stock 기반 특화 라우팅
recursive_no_target_actual,울산,4,공표 후 정밀화,부동산업,5,123072.76,2156.1505410083737,1.7519315736547827,3.580822352313791,0,0,거래·임대·공시가격·입주물량의 지역 시차,"실거래, 전월세, 건축물대장, 공동주택 공시가격, 입주/준공",거래·임대 flow와 stock 지표를 구분한 부동산 특화 라우팅
recursive_no_target_actual,울산,4,공표 후 정밀화,사업서비스업,5,135771.6,3180.222017134751,2.3423322824027637,6.11144661168137,1,0,전국 공통 분기비중과 지역 구조 차이,시도/시군구 직접 활동자료,활동자료가 확인되는 지역·업종만 독립 라우팅
recursive_no_target_actual,울산,4,공표 후 정밀화,서비스업,5,1037784.52,12917.553247908741,1.2447240249747356,1.8953907155062888,0,0,전국 공통 분기비중과 지역 구조 차이,시도/시군구 직접 활동자료,활동자료가 확인되는 지역·업종만 독립 라우팅
recursive_no_target_actual,울산,4,공표 후 정밀화,숙박 및 음식점업,5,49233.48999999999,1371.4753221089595,2.7856552970527986,3.99769677161136,0,0,전국 공통 분기비중과 지역 구조 차이,시도/시군구 직접 활동자료,활동자료가 확인되는 지역·업종만 독립 라우팅
recursive_no_target_actual,울산,4,공표 후 정밀화,운수 및 창고업,5,109499.66999999998,4822.771037770493,4.40437038556417,12.708151290160194,2,1,항만·공항·물류거점 활동량의 지역차,"항만 물동량, 공항 여객/화물, 물류창고 인허가, 대중교통 승하차",항만/공항/물류 활동량이 큰 지역만 독립 라우팅
recursive_no_target_actual,울산,4,공표 후 정밀화,정보통신업,5,37883.18,817.7933111514558,2.1587240330707607,4.146108690976036,0,0,플랫폼·방송·통신사업자 집중과 지역 사업장 구조,방송/통신/콘텐츠 사업자 매출·사업체·고용,대형 사업자 집중 지역은 사업체·고용 구조 보정
recursive_no_target_actual,인천,1,1분기+1개월,건설업,5,354378.03,46691.60270039299,13.175648247830992,24.41212076995858,5,3,지역 건설수주·착공·준공 시차,"건축허가·착공·사용승인, 건설수주 공종별 지역자료",BOK식 건축 12분기·토목 24분기 분산지표와 건축물대장 이벤트 결합
recursive_no_target_actual,인천,1,1분기+1개월,"공공 행정, 국방·사회보장",5,318993.82,3520.2080579637186,1.1035348766204056,1.4873294206996874,0,0,정부·군·행정기관 지출의 지역 귀속,"지방재정 집행, 정부기관/군부대 고용, 예산집행",전국분기비중 + 지역 공공고용/재정집행 보조
recursive_no_target_actual,인천,1,1분기+1개월,"광업, 제조업",5,1350098.31,22503.841132731875,1.6668298127661438,5.316619038563618,1,0,지역 제조업 구조·대형사업장 충격,시도/시군구 제조업 중분류 생산·출하·공장가동·전력·수출,중분류 제조업 생산지수/공장등록/전력/수출을 결합한 제조업 특화 시간배분
recursive_no_target_actual,인천,1,1분기+1개월,교육 서비스업,5,244680.06,2575.013928748427,1.0524003994229965,2.619724044237432,0,0,학령인구·대학·공공교육 지출 구조,"학교/학생/교직원, 대학 재정, 교육청 집행",교육통계 stock과 교육재정 flow 결합
recursive_no_target_actual,인천,1,1분기+1개월,금융 및 보험업,5,195175.49,6507.107046750258,3.333977563858176,6.421784853057501,1,0,본점/지점 소재와 생산 귀속 차이,금융기관 점포·예수금·대출금·보험계약,시도 단위 금융활동 보조지표로만 완만 보정
recursive_no_target_actual,인천,1,1분기+1개월,기타산업 및 순생산물세,5,547753.0599999999,12619.024038916323,2.3037797431777607,4.230694342908864,0,0,전국 공통 분기비중과 지역 구조 차이,시도/시군구 직접 활동자료,활동자료가 확인되는 지역·업종만 독립 라우팅
recursive_no_target_actual,인천,1,1분기+1개월,도매 및 소매업,5,398793.93,19939.005006634892,4.999826603838954,10.900235948535869,2,1,전국 공통 분기비중과 지역 구조 차이,시도/시군구 직접 활동자료,활동자료가 확인되는 지역·업종만 독립 라우팅
recursive_no_target_actual,인천,1,1분기+1개월,문화 및 기타서비스업,5,166349.33000000002,8494.639322661875,5.106506484072929,6.973367945895058,3,0,전국 공통 분기비중과 지역 구조 차이,시도/시군구 직접 활동자료,활동자료가 확인되는 지역·업종만 독립 라우팅
recursive_no_target_actual,인천,1,1분기+1개월,보건 및 사회복지업,5,317584.7,11730.883061601497,3.6937809225701037,6.713299265623101,2,0,의료기관·요양·복지시설 집중,"병상수, 의료기관, 건강보험 진료비, 복지시설",의료이용·시설 stock 기반 특화 라우팅
recursive_no_target_actual,인천,1,1분기+1개월,부동산업,5,431922.31000000006,12173.244801159759,2.8183875940929646,6.513810449194675,1,0,거래·임대·공시가격·입주물량의 지역 시차,"실거래, 전월세, 건축물대장, 공동주택 공시가격, 입주/준공",거래·임대 flow와 stock 지표를 구분한 부동산 특화 라우팅
recursive_no_target_actual,인천,1,1분기+1개월,사업서비스업,5,275457.52,13272.797079676413,4.818455157686896,8.234059682558929,2,0,전국 공통 분기비중과 지역 구조 차이,시도/시군구 직접 활동자료,활동자료가 확인되는 지역·업종만 독립 라우팅
recursive_no_target_actual,인천,1,1분기+1개월,서비스업,5,3256514.3200000003,194742.24354037002,5.980082517812174,7.881791525791597,4,0,전국 공통 분기비중과 지역 구조 차이,시도/시군구 직접 활동자료,활동자료가 확인되는 지역·업종만 독립 라우팅
recursive_no_target_actual,인천,1,1분기+1개월,숙박 및 음식점업,5,113628.74,9872.4048679759,8.688299164433134,19.77817216451168,2,2,전국 공통 분기비중과 지역 구조 차이,시도/시군구 직접 활동자료,활동자료가 확인되는 지역·업종만 독립 라우팅
recursive_no_target_actual,인천,1,1분기+1개월,운수 및 창고업,5,662937.48,116113.31248262688,17.51497177118827,25.85202049118151,4,4,항만·공항·물류거점 활동량의 지역차,"항만 물동량, 공항 여객/화물, 물류창고 인허가, 대중교통 승하차",항만/공항/물류 활동량이 큰 지역만 독립 라우팅
recursive_no_target_actual,인천,1,1분기+1개월,정보통신업,5,90934.84,9533.218113679806,10.483570558522791,22.43072472708856,3,3,플랫폼·방송·통신사업자 집중과 지역 사업장 구조,방송/통신/콘텐츠 사업자 매출·사업체·고용,대형 사업자 집중 지역은 사업체·고용 구조 보정
recursive_no_target_actual,인천,2,1~2분기+1개월,건설업,5,354378.03,44878.37776211483,12.66398420977588,21.370945502366975,5,3,지역 건설수주·착공·준공 시차,"건축허가·착공·사용승인, 건설수주 공종별 지역자료",BOK식 건축 12분기·토목 24분기 분산지표와 건축물대장 이벤트 결합
recursive_no_target_actual,인천,2,1~2분기+1개월,"공공 행정, 국방·사회보장",5,318993.82,3451.975042242433,1.0821448021289042,1.7306650426851713,0,0,정부·군·행정기관 지출의 지역 귀속,"지방재정 집행, 정부기관/군부대 고용, 예산집행",전국분기비중 + 지역 공공고용/재정집행 보조
recursive_no_target_actual,인천,2,1~2분기+1개월,"광업, 제조업",5,1350098.31,33003.30435012549,2.4445111963828388,3.935154216929737,0,0,지역 제조업 구조·대형사업장 충격,시도/시군구 제조업 중분류 생산·출하·공장가동·전력·수출,중분류 제조업 생산지수/공장등록/전력/수출을 결합한 제조업 특화 시간배분
recursive_no_target_actual,인천,2,1~2분기+1개월,교육 서비스업,5,244680.06,1854.974925848066,0.7581226381291822,1.664969244401651,0,0,학령인구·대학·공공교육 지출 구조,"학교/학생/교직원, 대학 재정, 교육청 집행",교육통계 stock과 교육재정 flow 결합
recursive_no_target_actual,인천,2,1~2분기+1개월,금융 및 보험업,5,195175.49,5188.121382660742,2.6581828397924054,4.735051600142472,0,0,본점/지점 소재와 생산 귀속 차이,금융기관 점포·예수금·대출금·보험계약,시도 단위 금융활동 보조지표로만 완만 보정
recursive_no_target_actual,인천,2,1~2분기+1개월,기타산업 및 순생산물세,5,547753.0599999999,7719.751075520879,1.4093487812776215,2.7148946285166566,0,0,전국 공통 분기비중과 지역 구조 차이,시도/시군구 직접 활동자료,활동자료가 확인되는 지역·업종만 독립 라우팅
recursive_no_target_actual,인천,2,1~2분기+1개월,도매 및 소매업,5,398793.93,18702.61332781396,4.689793881219296,10.483632701598786,2,1,전국 공통 분기비중과 지역 구조 차이,시도/시군구 직접 활동자료,활동자료가 확인되는 지역·업종만 독립 라우팅
recursive_no_target_actual,인천,2,1~2분기+1개월,문화 및 기타서비스업,5,166349.33000000002,8451.310881384863,5.08045982594872,10.531684248557314,2,1,전국 공통 분기비중과 지역 구조 차이,시도/시군구 직접 활동자료,활동자료가 확인되는 지역·업종만 독립 라우팅
recursive_no_target_actual,인천,2,1~2분기+1개월,보건 및 사회복지업,5,317584.7,10440.051096226554,3.287328103723685,6.002140809205566,1,0,의료기관·요양·복지시설 집중,"병상수, 의료기관, 건강보험 진료비, 복지시설",의료이용·시설 stock 기반 특화 라우팅
recursive_no_target_actual,인천,2,1~2분기+1개월,부동산업,5,431922.31000000006,13858.292039220687,3.208514984840835,6.456125673690878,1,0,거래·임대·공시가격·입주물량의 지역 시차,"실거래, 전월세, 건축물대장, 공동주택 공시가격, 입주/준공",거래·임대 flow와 stock 지표를 구분한 부동산 특화 라우팅
recursive_no_target_actual,인천,2,1~2분기+1개월,사업서비스업,5,275457.52,11997.733399734803,4.355565751022082,7.997102436892943,1,0,전국 공통 분기비중과 지역 구조 차이,시도/시군구 직접 활동자료,활동자료가 확인되는 지역·업종만 독립 라우팅
recursive_no_target_actual,인천,2,1~2분기+1개월,서비스업,5,3256514.3200000003,179487.04839230457,5.51163086524688,7.032342773622751,3,0,전국 공통 분기비중과 지역 구조 차이,시도/시군구 직접 활동자료,활동자료가 확인되는 지역·업종만 독립 라우팅
recursive_no_target_actual,인천,2,1~2분기+1개월,숙박 및 음식점업,5,113628.74,4804.963155182024,4.22865126831647,8.694096949262885,2,0,전국 공통 분기비중과 지역 구조 차이,시도/시군구 직접 활동자료,활동자료가 확인되는 지역·업종만 독립 라우팅
recursive_no_target_actual,인천,2,1~2분기+1개월,운수 및 창고업,5,662937.48,123970.88945233428,18.70023843761772,22.626889304138956,5,5,항만·공항·물류거점 활동량의 지역차,"항만 물동량, 공항 여객/화물, 물류창고 인허가, 대중교통 승하차",항만/공항/물류 활동량이 큰 지역만 독립 라우팅
recursive_no_target_actual,인천,2,1~2분기+1개월,정보통신업,5,90934.84,8663.312014146632,9.526944803715091,23.64386886866627,3,3,플랫폼·방송·통신사업자 집중과 지역 사업장 구조,방송/통신/콘텐츠 사업자 매출·사업체·고용,대형 사업자 집중 지역은 사업체·고용 구조 보정
recursive_no_target_actual,인천,3,1~3분기+1개월,건설업,5,354378.03,42815.21324259918,12.081791086935942,18.23668906018713,5,4,지역 건설수주·착공·준공 시차,"건축허가·착공·사용승인, 건설수주 공종별 지역자료",BOK식 건축 12분기·토목 24분기 분산지표와 건축물대장 이벤트 결합
recursive_no_target_actual,인천,3,1~3분기+1개월,"공공 행정, 국방·사회보장",5,318993.82,3294.4730550165696,1.0327701818852069,1.5284509908445316,0,0,정부·군·행정기관 지출의 지역 귀속,"지방재정 집행, 정부기관/군부대 고용, 예산집행",전국분기비중 + 지역 공공고용/재정집행 보조
recursive_no_target_actual,인천,3,1~3분기+1개월,"광업, 제조업",5,1350098.31,32455.01311950886,2.403899988550379,3.409104988064795,0,0,지역 제조업 구조·대형사업장 충격,시도/시군구 제조업 중분류 생산·출하·공장가동·전력·수출,중분류 제조업 생산지수/공장등록/전력/수출을 결합한 제조업 특화 시간배분
recursive_no_target_actual,인천,3,1~3분기+1개월,교육 서비스업,5,244680.06,1380.5108086840482,0.5642105894056296,1.0439307012594046,0,0,학령인구·대학·공공교육 지출 구조,"학교/학생/교직원, 대학 재정, 교육청 집행",교육통계 stock과 교육재정 flow 결합
recursive_no_target_actual,인천,3,1~3분기+1개월,금융 및 보험업,5,195175.49,3737.5457908013777,1.9149667772328267,4.589906698973917,0,0,본점/지점 소재와 생산 귀속 차이,금융기관 점포·예수금·대출금·보험계약,시도 단위 금융활동 보조지표로만 완만 보정
recursive_no_target_actual,인천,3,1~3분기+1개월,기타산업 및 순생산물세,5,547753.0599999999,8196.518401294874,1.4963893403525441,2.572017405450919,0,0,전국 공통 분기비중과 지역 구조 차이,시도/시군구 직접 활동자료,활동자료가 확인되는 지역·업종만 독립 라우팅
recursive_no_target_actual,인천,3,1~3분기+1개월,도매 및 소매업,5,398793.93,19076.734493379845,4.783607035688794,9.186616577330284,2,0,전국 공통 분기비중과 지역 구조 차이,시도/시군구 직접 활동자료,활동자료가 확인되는 지역·업종만 독립 라우팅
recursive_no_target_actual,인천,3,1~3분기+1개월,문화 및 기타서비스업,5,166349.33000000002,7320.838627277524,4.400882544749368,10.732974567794852,2,1,전국 공통 분기비중과 지역 구조 차이,시도/시군구 직접 활동자료,활동자료가 확인되는 지역·업종만 독립 라우팅
recursive_no_target_actual,인천,3,1~3분기+1개월,보건 및 사회복지업,5,317584.7,9465.848209692194,2.9805743821072594,6.1493009763330555,1,0,의료기관·요양·복지시설 집중,"병상수, 의료기관, 건강보험 진료비, 복지시설",의료이용·시설 stock 기반 특화 라우팅
recursive_no_target_actual,인천,3,1~3분기+1개월,부동산업,5,431922.31000000006,15021.419181406527,3.4778058075783407,6.865223518226384,1,0,거래·임대·공시가격·입주물량의 지역 시차,"실거래, 전월세, 건축물대장, 공동주택 공시가격, 입주/준공",거래·임대 flow와 stock 지표를 구분한 부동산 특화 라우팅
recursive_no_target_actual,인천,3,1~3분기+1개월,사업서비스업,5,275457.52,11104.306217523641,4.031222751705468,6.971357270837565,2,0,전국 공통 분기비중과 지역 구조 차이,시도/시군구 직접 활동자료,활동자료가 확인되는 지역·업종만 독립 라우팅
recursive_no_target_actual,인천,3,1~3분기+1개월,서비스업,5,3256514.3200000003,171365.32829590712,5.262231682614161,6.680867555031717,3,0,전국 공통 분기비중과 지역 구조 차이,시도/시군구 직접 활동자료,활동자료가 확인되는 지역·업종만 독립 라우팅
recursive_no_target_actual,인천,3,1~3분기+1개월,숙박 및 음식점업,5,113628.74,3227.9402932032426,2.84077804013601,4.761863480312152,0,0,전국 공통 분기비중과 지역 구조 차이,시도/시군구 직접 활동자료,활동자료가 확인되는 지역·업종만 독립 라우팅
recursive_no_target_actual,인천,3,1~3분기+1개월,운수 및 창고업,5,662937.48,124422.72111746643,18.76839443705407,21.54177795529996,5,5,항만·공항·물류거점 활동량의 지역차,"항만 물동량, 공항 여객/화물, 물류창고 인허가, 대중교통 승하차",항만/공항/물류 활동량이 큰 지역만 독립 라우팅
recursive_no_target_actual,인천,3,1~3분기+1개월,정보통신업,5,90934.84,8255.207365991133,9.078156805456668,23.68551182255052,3,3,플랫폼·방송·통신사업자 집중과 지역 사업장 구조,방송/통신/콘텐츠 사업자 매출·사업체·고용,대형 사업자 집중 지역은 사업체·고용 구조 보정
recursive_no_target_actual,인천,4,공표 후 정밀화,건설업,5,354378.03,39945.24955997767,11.271931716528156,16.52339101167644,5,4,지역 건설수주·착공·준공 시차,"건축허가·착공·사용승인, 건설수주 공종별 지역자료",BOK식 건축 12분기·토목 24분기 분산지표와 건축물대장 이벤트 결합
recursive_no_target_actual,인천,4,공표 후 정밀화,"공공 행정, 국방·사회보장",5,318993.82,3358.2587954878763,1.0527660991952372,1.504312772097834,0,0,정부·군·행정기관 지출의 지역 귀속,"지방재정 집행, 정부기관/군부대 고용, 예산집행",전국분기비중 + 지역 공공고용/재정집행 보조
recursive_no_target_actual,인천,4,공표 후 정밀화,"광업, 제조업",5,1350098.31,27779.464545206894,2.0575882763090707,4.055228184824968,0,0,지역 제조업 구조·대형사업장 충격,시도/시군구 제조업 중분류 생산·출하·공장가동·전력·수출,중분류 제조업 생산지수/공장등록/전력/수출을 결합한 제조업 특화 시간배분
recursive_no_target_actual,인천,4,공표 후 정밀화,교육 서비스업,5,244680.06,1397.134140639224,0.5710044948653453,1.1844072294795032,0,0,학령인구·대학·공공교육 지출 구조,"학교/학생/교직원, 대학 재정, 교육청 집행",교육통계 stock과 교육재정 flow 결합
recursive_no_target_actual,인천,4,공표 후 정밀화,금융 및 보험업,5,195175.49,3988.04413229521,2.0433119610947106,4.413271739312804,0,0,본점/지점 소재와 생산 귀속 차이,금융기관 점포·예수금·대출금·보험계약,시도 단위 금융활동 보조지표로만 완만 보정
recursive_no_target_actual,인천,4,공표 후 정밀화,기타산업 및 순생산물세,5,547753.0599999999,8143.530810941011,1.4867157129055584,2.3268543304762437,0,0,전국 공통 분기비중과 지역 구조 차이,시도/시군구 직접 활동자료,활동자료가 확인되는 지역·업종만 독립 라우팅
recursive_no_target_actual,인천,4,공표 후 정밀화,도매 및 소매업,5,398793.93,19619.03114501429,4.919591214694339,8.568795883904453,3,0,전국 공통 분기비중과 지역 구조 차이,시도/시군구 직접 활동자료,활동자료가 확인되는 지역·업종만 독립 라우팅
recursive_no_target_actual,인천,4,공표 후 정밀화,문화 및 기타서비스업,5,166349.33000000002,7158.132466291474,4.303072616097386,11.481759714898676,2,1,전국 공통 분기비중과 지역 구조 차이,시도/시군구 직접 활동자료,활동자료가 확인되는 지역·업종만 독립 라우팅
recursive_no_target_actual,인천,4,공표 후 정밀화,보건 및 사회복지업,5,317584.7,8798.31687884638,2.7703843663899366,5.720635844703326,1,0,의료기관·요양·복지시설 집중,"병상수, 의료기관, 건강보험 진료비, 복지시설",의료이용·시설 stock 기반 특화 라우팅
recursive_no_target_actual,인천,4,공표 후 정밀화,부동산업,5,431922.31000000006,15703.665224597265,3.635761538827958,7.3516812699573455,1,0,거래·임대·공시가격·입주물량의 지역 시차,"실거래, 전월세, 건축물대장, 공동주택 공시가격, 입주/준공",거래·임대 flow와 stock 지표를 구분한 부동산 특화 라우팅
recursive_no_target_actual,인천,4,공표 후 정밀화,사업서비스업,5,275457.52,11492.329336007613,4.172087709207435,6.599235959545418,2,0,전국 공통 분기비중과 지역 구조 차이,시도/시군구 직접 활동자료,활동자료가 확인되는 지역·업종만 독립 라우팅
recursive_no_target_actual,인천,4,공표 후 정밀화,서비스업,5,3256514.3200000003,176329.47599643737,5.414669142202247,7.0470326631682205,3,0,전국 공통 분기비중과 지역 구조 차이,시도/시군구 직접 활동자료,활동자료가 확인되는 지역·업종만 독립 라우팅
recursive_no_target_actual,인천,4,공표 후 정밀화,숙박 및 음식점업,5,113628.74,2468.0794180062076,2.172055606712006,3.3052665557285774,0,0,전국 공통 분기비중과 지역 구조 차이,시도/시군구 직접 활동자료,활동자료가 확인되는 지역·업종만 독립 라우팅
recursive_no_target_actual,인천,4,공표 후 정밀화,운수 및 창고업,5,662937.48,126595.73140798825,19.09617953837642,21.69582701699215,5,5,항만·공항·물류거점 활동량의 지역차,"항만 물동량, 공항 여객/화물, 물류창고 인허가, 대중교통 승하차",항만/공항/물류 활동량이 큰 지역만 독립 라우팅
recursive_no_target_actual,인천,4,공표 후 정밀화,정보통신업,5,90934.84,8318.681461894503,9.147958540306997,23.685090554894515,3,3,플랫폼·방송·통신사업자 집중과 지역 사업장 구조,방송/통신/콘텐츠 사업자 매출·사업체·고용,대형 사업자 집중 지역은 사업체·고용 구조 보정
recursive_no_target_actual,충북,1,1분기+1개월,건설업,5,218509.09,14134.381108740832,6.468555202321712,14.320053117618269,2,2,지역 건설수주·착공·준공 시차,"건축허가·착공·사용승인, 건설수주 공종별 지역자료",BOK식 건축 12분기·토목 24분기 분산지표와 건축물대장 이벤트 결합
recursive_no_target_actual,충북,1,1분기+1개월,"공공 행정, 국방·사회보장",5,313242.56999999995,999.8190987585185,0.31918365973006757,0.5907897598175437,0,0,정부·군·행정기관 지출의 지역 귀속,"지방재정 집행, 정부기관/군부대 고용, 예산집행",전국분기비중 + 지역 공공고용/재정집행 보조
recursive_no_target_actual,충북,1,1분기+1개월,"광업, 제조업",5,1826797.6600000001,125760.09130308637,6.884182854880949,21.26127054072196,2,1,지역 제조업 구조·대형사업장 충격,시도/시군구 제조업 중분류 생산·출하·공장가동·전력·수출,중분류 제조업 생산지수/공장등록/전력/수출을 결합한 제조업 특화 시간배분
recursive_no_target_actual,충북,1,1분기+1개월,교육 서비스업,5,192960.25,2461.042927952032,1.2754144586525111,2.9428849047308745,0,0,학령인구·대학·공공교육 지출 구조,"학교/학생/교직원, 대학 재정, 교육청 집행",교육통계 stock과 교육재정 flow 결합
recursive_no_target_actual,충북,1,1분기+1개월,금융 및 보험업,5,115351.72999999998,2457.105785995096,2.1300987735468695,3.4523929944332385,0,0,본점/지점 소재와 생산 귀속 차이,금융기관 점포·예수금·대출금·보험계약,시도 단위 금융활동 보조지표로만 완만 보정
recursive_no_target_actual,충북,1,1분기+1개월,기타산업 및 순생산물세,5,424111.46,14073.084414625177,3.3182513895345287,6.211731614753366,2,0,전국 공통 분기비중과 지역 구조 차이,시도/시군구 직접 활동자료,활동자료가 확인되는 지역·업종만 독립 라우팅
recursive_no_target_actual,충북,1,1분기+1개월,도매 및 소매업,5,147333.7,5720.282877314785,3.882535276935816,5.566020010383616,1,0,전국 공통 분기비중과 지역 구조 차이,시도/시군구 직접 활동자료,활동자료가 확인되는 지역·업종만 독립 라우팅
recursive_no_target_actual,충북,1,1분기+1개월,문화 및 기타서비스업,5,114473.72,5844.009528625447,5.105110176052151,8.86752386671144,3,0,전국 공통 분기비중과 지역 구조 차이,시도/시군구 직접 활동자료,활동자료가 확인되는 지역·업종만 독립 라우팅
recursive_no_target_actual,충북,1,1분기+1개월,보건 및 사회복지업,5,167419.11,2335.191673916248,1.3948178758782366,2.9862519021475795,0,0,의료기관·요양·복지시설 집중,"병상수, 의료기관, 건강보험 진료비, 복지시설",의료이용·시설 stock 기반 특화 라우팅
recursive_no_target_actual,충북,1,1분기+1개월,부동산업,5,172406.85,3304.9097444710205,1.9169248463567545,4.336267734266104,0,0,거래·임대·공시가격·입주물량의 지역 시차,"실거래, 전월세, 건축물대장, 공동주택 공시가격, 입주/준공",거래·임대 flow와 stock 지표를 구분한 부동산 특화 라우팅
recursive_no_target_actual,충북,1,1분기+1개월,사업서비스업,5,195776.21,4933.674369311331,2.5200581670833917,6.027265719025622,1,0,전국 공통 분기비중과 지역 구조 차이,시도/시군구 직접 활동자료,활동자료가 확인되는 지역·업종만 독립 라우팅
recursive_no_target_actual,충북,1,1분기+1개월,서비스업,5,1665529.29,21929.751665173564,1.3166836390594827,2.569700692281146,0,0,전국 공통 분기비중과 지역 구조 차이,시도/시군구 직접 활동자료,활동자료가 확인되는 지역·업종만 독립 라우팅
recursive_no_target_actual,충북,1,1분기+1개월,숙박 및 음식점업,5,73283.5,7751.302621192068,10.577145771138206,20.469472486445987,4,2,전국 공통 분기비중과 지역 구조 차이,시도/시군구 직접 활동자료,활동자료가 확인되는 지역·업종만 독립 라우팅
recursive_no_target_actual,충북,1,1분기+1개월,운수 및 창고업,5,127115.14000000001,5311.5794649409145,4.178557695755922,14.107212389472574,2,1,항만·공항·물류거점 활동량의 지역차,"항만 물동량, 공항 여객/화물, 물류창고 인허가, 대중교통 승하차",항만/공항/물류 활동량이 큰 지역만 독립 라우팅
recursive_no_target_actual,충북,1,1분기+1개월,정보통신업,5,48671.57,3568.182347936561,7.331142899102209,9.036928132430289,4,0,플랫폼·방송·통신사업자 집중과 지역 사업장 구조,방송/통신/콘텐츠 사업자 매출·사업체·고용,대형 사업자 집중 지역은 사업체·고용 구조 보정
recursive_no_target_actual,충북,2,1~2분기+1개월,건설업,5,218509.09,14426.009829919261,6.602018172296292,14.757092864506411,2,2,지역 건설수주·착공·준공 시차,"건축허가·착공·사용승인, 건설수주 공종별 지역자료",BOK식 건축 12분기·토목 24분기 분산지표와 건축물대장 이벤트 결합
recursive_no_target_actual,충북,2,1~2분기+1개월,"공공 행정, 국방·사회보장",5,313242.56999999995,1415.5275954248282,0.4518950267279535,0.7650010992361277,0,0,정부·군·행정기관 지출의 지역 귀속,"지방재정 집행, 정부기관/군부대 고용, 예산집행",전국분기비중 + 지역 공공고용/재정집행 보조
recursive_no_target_actual,충북,2,1~2분기+1개월,"광업, 제조업",5,1826797.6600000001,118670.38889465487,6.496088291171495,19.66288783243419,2,2,지역 제조업 구조·대형사업장 충격,시도/시군구 제조업 중분류 생산·출하·공장가동·전력·수출,중분류 제조업 생산지수/공장등록/전력/수출을 결합한 제조업 특화 시간배분
recursive_no_target_actual,충북,2,1~2분기+1개월,교육 서비스업,5,192960.25,2304.3214322306667,1.1941948832625717,1.9912985019821656,0,0,학령인구·대학·공공교육 지출 구조,"학교/학생/교직원, 대학 재정, 교육청 집행",교육통계 stock과 교육재정 flow 결합
recursive_no_target_actual,충북,2,1~2분기+1개월,금융 및 보험업,5,115351.72999999998,1700.8632856084987,1.4745017570247962,3.196790922824988,0,0,본점/지점 소재와 생산 귀속 차이,금융기관 점포·예수금·대출금·보험계약,시도 단위 금융활동 보조지표로만 완만 보정
recursive_no_target_actual,충북,2,1~2분기+1개월,기타산업 및 순생산물세,5,424111.46,13277.890687671534,3.1307549877740946,7.378130520787997,1,0,전국 공통 분기비중과 지역 구조 차이,시도/시군구 직접 활동자료,활동자료가 확인되는 지역·업종만 독립 라우팅
recursive_no_target_actual,충북,2,1~2분기+1개월,도매 및 소매업,5,147333.7,3986.5832996951976,2.705819035085115,4.364095714826255,0,0,전국 공통 분기비중과 지역 구조 차이,시도/시군구 직접 활동자료,활동자료가 확인되는 지역·업종만 독립 라우팅
recursive_no_target_actual,충북,2,1~2분기+1개월,문화 및 기타서비스업,5,114473.72,4175.758387402217,3.647787795663683,6.046964800646358,2,0,전국 공통 분기비중과 지역 구조 차이,시도/시군구 직접 활동자료,활동자료가 확인되는 지역·업종만 독립 라우팅
recursive_no_target_actual,충북,2,1~2분기+1개월,보건 및 사회복지업,5,167419.11,998.3475505030219,0.5963163646629241,1.4950498894704125,0,0,의료기관·요양·복지시설 집중,"병상수, 의료기관, 건강보험 진료비, 복지시설",의료이용·시설 stock 기반 특화 라우팅
recursive_no_target_actual,충북,2,1~2분기+1개월,부동산업,5,172406.85,3145.9598133445106,1.824730173623908,3.620432300077926,0,0,거래·임대·공시가격·입주물량의 지역 시차,"실거래, 전월세, 건축물대장, 공동주택 공시가격, 입주/준공",거래·임대 flow와 stock 지표를 구분한 부동산 특화 라우팅
recursive_no_target_actual,충북,2,1~2분기+1개월,사업서비스업,5,195776.21,4467.72380762305,2.282056541815295,5.784610108393922,1,0,전국 공통 분기비중과 지역 구조 차이,시도/시군구 직접 활동자료,활동자료가 확인되는 지역·업종만 독립 라우팅
recursive_no_target_actual,충북,2,1~2분기+1개월,서비스업,5,1665529.29,11060.480577823939,0.6640820215070453,1.3679183681048634,0,0,전국 공통 분기비중과 지역 구조 차이,시도/시군구 직접 활동자료,활동자료가 확인되는 지역·업종만 독립 라우팅
recursive_no_target_actual,충북,2,1~2분기+1개월,숙박 및 음식점업,5,73283.5,4644.106389316186,6.3371787500817875,10.185339671210333,3,1,전국 공통 분기비중과 지역 구조 차이,시도/시군구 직접 활동자료,활동자료가 확인되는 지역·업종만 독립 라우팅
recursive_no_target_actual,충북,2,1~2분기+1개월,운수 및 창고업,5,127115.14000000001,2994.3144287742725,2.355592283322248,5.777298028772202,2,0,항만·공항·물류거점 활동량의 지역차,"항만 물동량, 공항 여객/화물, 물류창고 인허가, 대중교통 승하차",항만/공항/물류 활동량이 큰 지역만 독립 라우팅
recursive_no_target_actual,충북,2,1~2분기+1개월,정보통신업,5,48671.57,3178.66088896755,6.5308369731396585,9.75582553200507,4,0,플랫폼·방송·통신사업자 집중과 지역 사업장 구조,방송/통신/콘텐츠 사업자 매출·사업체·고용,대형 사업자 집중 지역은 사업체·고용 구조 보정
recursive_no_target_actual,충북,3,1~3분기+1개월,건설업,5,218509.09,14333.276822740918,6.559579202284407,13.954949653186432,3,2,지역 건설수주·착공·준공 시차,"건축허가·착공·사용승인, 건설수주 공종별 지역자료",BOK식 건축 12분기·토목 24분기 분산지표와 건축물대장 이벤트 결합
recursive_no_target_actual,충북,3,1~3분기+1개월,"공공 행정, 국방·사회보장",5,313242.56999999995,1303.7334117188511,0.4162056937915084,0.7916001256043377,0,0,정부·군·행정기관 지출의 지역 귀속,"지방재정 집행, 정부기관/군부대 고용, 예산집행",전국분기비중 + 지역 공공고용/재정집행 보조
recursive_no_target_actual,충북,3,1~3분기+1개월,"광업, 제조업",5,1826797.6600000001,121749.47974340926,6.664639571708738,18.72251451485661,2,2,지역 제조업 구조·대형사업장 충격,시도/시군구 제조업 중분류 생산·출하·공장가동·전력·수출,중분류 제조업 생산지수/공장등록/전력/수출을 결합한 제조업 특화 시간배분
recursive_no_target_actual,충북,3,1~3분기+1개월,교육 서비스업,5,192960.25,2182.504140791054,1.1310641133554988,1.4867757306401712,0,0,학령인구·대학·공공교육 지출 구조,"학교/학생/교직원, 대학 재정, 교육청 집행",교육통계 stock과 교육재정 flow 결합
recursive_no_target_actual,충북,3,1~3분기+1개월,금융 및 보험업,5,115351.72999999998,1218.9624995789636,1.0567353429194029,1.8730076108425464,0,0,본점/지점 소재와 생산 귀속 차이,금융기관 점포·예수금·대출금·보험계약,시도 단위 금융활동 보조지표로만 완만 보정
recursive_no_target_actual,충북,3,1~3분기+1개월,기타산업 및 순생산물세,5,424111.46,11678.188997596939,2.7535660077652553,6.832048013354538,1,0,전국 공통 분기비중과 지역 구조 차이,시도/시군구 직접 활동자료,활동자료가 확인되는 지역·업종만 독립 라우팅
recursive_no_target_actual,충북,3,1~3분기+1개월,도매 및 소매업,5,147333.7,3300.8793512123884,2.2404102735575013,4.188094648955937,0,0,전국 공통 분기비중과 지역 구조 차이,시도/시군구 직접 활동자료,활동자료가 확인되는 지역·업종만 독립 라우팅
recursive_no_target_actual,충북,3,1~3분기+1개월,문화 및 기타서비스업,5,114473.72,4512.4863671546445,3.941940881413345,5.321304821185591,2,0,전국 공통 분기비중과 지역 구조 차이,시도/시군구 직접 활동자료,활동자료가 확인되는 지역·업종만 독립 라우팅
recursive_no_target_actual,충북,3,1~3분기+1개월,보건 및 사회복지업,5,167419.11,533.2111493989287,0.31848882089919645,0.5201301971326112,0,0,의료기관·요양·복지시설 집중,"병상수, 의료기관, 건강보험 진료비, 복지시설",의료이용·시설 stock 기반 특화 라우팅
recursive_no_target_actual,충북,3,1~3분기+1개월,부동산업,5,172406.85,2579.7948648025485,1.4963412792487936,3.664642307200451,0,0,거래·임대·공시가격·입주물량의 지역 시차,"실거래, 전월세, 건축물대장, 공동주택 공시가격, 입주/준공",거래·임대 flow와 stock 지표를 구분한 부동산 특화 라우팅
recursive_no_target_actual,충북,3,1~3분기+1개월,사업서비스업,5,195776.21,3433.0988045052945,1.7535832389978818,4.7341977484674205,0,0,전국 공통 분기비중과 지역 구조 차이,시도/시군구 직접 활동자료,활동자료가 확인되는 지역·업종만 독립 라우팅
recursive_no_target_actual,충북,3,1~3분기+1개월,서비스업,5,1665529.29,7676.688365499314,0.4609158428849554,1.07752108533103,0,0,전국 공통 분기비중과 지역 구조 차이,시도/시군구 직접 활동자료,활동자료가 확인되는 지역·업종만 독립 라우팅
recursive_no_target_actual,충북,3,1~3분기+1개월,숙박 및 음식점업,5,73283.5,3231.6801277171926,4.409833219916069,5.904730859307935,2,0,전국 공통 분기비중과 지역 구조 차이,시도/시군구 직접 활동자료,활동자료가 확인되는 지역·업종만 독립 라우팅
recursive_no_target_actual,충북,3,1~3분기+1개월,운수 및 창고업,5,127115.14000000001,3043.160641388109,2.3940190298245425,5.753789168581851,2,0,항만·공항·물류거점 활동량의 지역차,"항만 물동량, 공항 여객/화물, 물류창고 인허가, 대중교통 승하차",항만/공항/물류 활동량이 큰 지역만 독립 라우팅
recursive_no_target_actual,충북,3,1~3분기+1개월,정보통신업,5,48671.57,2961.2133500075433,6.0840719746816125,9.79279102671968,3,0,플랫폼·방송·통신사업자 집중과 지역 사업장 구조,방송/통신/콘텐츠 사업자 매출·사업체·고용,대형 사업자 집중 지역은 사업체·고용 구조 보정
recursive_no_target_actual,충북,4,공표 후 정밀화,건설업,5,218509.09,14084.152255611618,6.445568125157456,13.479911366376248,3,2,지역 건설수주·착공·준공 시차,"건축허가·착공·사용승인, 건설수주 공종별 지역자료",BOK식 건축 12분기·토목 24분기 분산지표와 건축물대장 이벤트 결합
recursive_no_target_actual,충북,4,공표 후 정밀화,"공공 행정, 국방·사회보장",5,313242.56999999995,933.4219148849734,0.29798692907064755,0.6371357284580907,0,0,정부·군·행정기관 지출의 지역 귀속,"지방재정 집행, 정부기관/군부대 고용, 예산집행",전국분기비중 + 지역 공공고용/재정집행 보조
recursive_no_target_actual,충북,4,공표 후 정밀화,"광업, 제조업",5,1826797.6600000001,135585.594129582,7.422036774974957,17.92834679753432,3,2,지역 제조업 구조·대형사업장 충격,시도/시군구 제조업 중분류 생산·출하·공장가동·전력·수출,중분류 제조업 생산지수/공장등록/전력/수출을 결합한 제조업 특화 시간배분
recursive_no_target_actual,충북,4,공표 후 정밀화,교육 서비스업,5,192960.25,2219.3139193031166,1.1501404663930093,1.4117562686136098,0,0,학령인구·대학·공공교육 지출 구조,"학교/학생/교직원, 대학 재정, 교육청 집행",교육통계 stock과 교육재정 flow 결합
recursive_no_target_actual,충북,4,공표 후 정밀화,금융 및 보험업,5,115351.72999999998,1382.5380346632264,1.1985412222800877,2.6852416781181216,0,0,본점/지점 소재와 생산 귀속 차이,금융기관 점포·예수금·대출금·보험계약,시도 단위 금융활동 보조지표로만 완만 보정
recursive_no_target_actual,충북,4,공표 후 정밀화,기타산업 및 순생산물세,5,424111.46,12430.443982666271,2.9309380092361264,7.054733909331912,1,0,전국 공통 분기비중과 지역 구조 차이,시도/시군구 직접 활동자료,활동자료가 확인되는 지역·업종만 독립 라우팅
recursive_no_target_actual,충북,4,공표 후 정밀화,도매 및 소매업,5,147333.7,3478.6029609170764,2.3610368577705416,4.130588158148978,0,0,전국 공통 분기비중과 지역 구조 차이,시도/시군구 직접 활동자료,활동자료가 확인되는 지역·업종만 독립 라우팅
recursive_no_target_actual,충북,4,공표 후 정밀화,문화 및 기타서비스업,5,114473.72,3698.961129608979,3.231275378845886,5.046637789553388,1,0,전국 공통 분기비중과 지역 구조 차이,시도/시군구 직접 활동자료,활동자료가 확인되는 지역·업종만 독립 라우팅
recursive_no_target_actual,충북,4,공표 후 정밀화,보건 및 사회복지업,5,167419.11,844.0423139205523,0.5041493255582068,1.117424667420374,0,0,의료기관·요양·복지시설 집중,"병상수, 의료기관, 건강보험 진료비, 복지시설",의료이용·시설 stock 기반 특화 라우팅
recursive_no_target_actual,충북,4,공표 후 정밀화,부동산업,5,172406.85,2467.9496071439717,1.4314684173766712,3.726641436592648,0,0,거래·임대·공시가격·입주물량의 지역 시차,"실거래, 전월세, 건축물대장, 공동주택 공시가격, 입주/준공",거래·임대 flow와 stock 지표를 구분한 부동산 특화 라우팅
recursive_no_target_actual,충북,4,공표 후 정밀화,사업서비스업,5,195776.21,3297.326589550292,1.6842325170919856,4.353127636992774,0,0,전국 공통 분기비중과 지역 구조 차이,시도/시군구 직접 활동자료,활동자료가 확인되는 지역·업종만 독립 라우팅
recursive_no_target_actual,충북,4,공표 후 정밀화,서비스업,5,1665529.29,3794.6349945695256,0.2278335792323127,0.3305765005694959,0,0,전국 공통 분기비중과 지역 구조 차이,시도/시군구 직접 활동자료,활동자료가 확인되는 지역·업종만 독립 라우팅
recursive_no_target_actual,충북,4,공표 후 정밀화,숙박 및 음식점업,5,73283.5,2557.8368938442,3.4903312394252457,5.650982640709805,1,0,전국 공통 분기비중과 지역 구조 차이,시도/시군구 직접 활동자료,활동자료가 확인되는 지역·업종만 독립 라우팅
recursive_no_target_actual,충북,4,공표 후 정밀화,운수 및 창고업,5,127115.14000000001,3610.338354066487,2.8402111298988357,5.5461465332117506,1,0,항만·공항·물류거점 활동량의 지역차,"항만 물동량, 공항 여객/화물, 물류창고 인허가, 대중교통 승하차",항만/공항/물류 활동량이 큰 지역만 독립 라우팅
recursive_no_target_actual,충북,4,공표 후 정밀화,정보통신업,5,48671.57,2792.9458562456384,5.738351683016674,9.792417077086922,3,0,플랫폼·방송·통신사업자 집중과 지역 사업장 구조,방송/통신/콘텐츠 사업자 매출·사업체·고용,대형 사업자 집중 지역은 사업체·고용 구조 보정
