quarter_region,activity,route_id,year,available_quarters,candidate_cumulative_eok,candidate_annualized_eok,official_annual_eok,candidate_annualized_error_eok,candidate_annualized_ape_pct,track,annualized_predicted_eok,annualized_error_eok,annualized_ape_pct,candidate_abs_error_eok,baseline_abs_error_eok,improves,error_reduction_eok,selected_predicted_eok,selected_error_eok,selected_route_id,selected_abs_error_eok,selected_ape_pct
대구,건설업,regional_construction_orders_bok_12_24q,2021,1,10794.874315963996,48885.42729735104,41049.64,7835.787297351038,19.088565203863027,prior_year_province_anchor,36140.52852048918,-4909.111479510822,11.9589635366128,7835.787297351038,4909.111479510822,False,-2926.675817840216,36140.52852048918,-4909.111479510822,baseline,4909.111479510822,11.958963536612801
대구,건설업,regional_construction_orders_bok_12_24q,2021,2,21963.229722395,46843.12061153182,41049.64,5793.480611531821,14.113353031918965,prior_year_province_anchor,36167.22266941562,-4882.41733058438,11.893934588913275,5793.480611531821,4882.41733058438,False,-911.063280947441,36167.22266941562,-4882.41733058438,baseline,4882.41733058438,11.893934588913275
대구,건설업,regional_construction_orders_bok_12_24q,2021,3,32864.31332668399,44795.509969383485,41049.64,3745.869969383486,9.125220024788247,prior_year_province_anchor,36388.064404624485,-4661.575595375514,11.355947568299053,3745.869969383486,4661.575595375514,True,915.7056259920282,44795.509969383485,3745.869969383486,regional_construction_orders_bok_12_24q,3745.869969383486,9.125220024788247
대구,건설업,regional_construction_orders_bok_12_24q,2021,4,44134.80735939709,44134.80735939709,41049.64,3085.167359397092,7.515698942541498,prior_year_province_anchor,36719.8454828078,-4329.7945171921965,10.54770399251296,3085.167359397092,4329.7945171921965,True,1244.6271577951047,44134.80735939709,3085.167359397092,regional_construction_orders_bok_12_24q,3085.167359397092,7.515698942541498
대구,건설업,regional_construction_orders_bok_12_24q,2022,1,10773.441704854982,44047.18020091259,41365.55,2681.6302009125866,6.482762107387878,prior_year_province_anchor,41054.005149767014,-311.5448502329891,0.7531505086551227,2681.6302009125866,311.5448502329891,False,-2370.0853506795975,41054.005149767014,-311.5448502329891,baseline,311.5448502329891,0.7531505086551227
대구,건설업,regional_construction_orders_bok_12_24q,2022,2,21167.41800763464,42535.63468901853,41365.55,1170.0846890185276,2.828645307553091,prior_year_province_anchor,40844.59521579461,-520.9547842053944,1.259392862431164,1170.0846890185276,520.9547842053944,False,-649.1299048131332,40844.59521579461,-520.9547842053944,baseline,520.9547842053944,1.2593928624311639
대구,건설업,regional_construction_orders_bok_12_24q,2022,3,31158.070374129707,41843.42511535766,41365.55,477.8751153576595,1.1552490305523788,prior_year_province_anchor,41228.946428962234,-136.60357103776914,0.3302351136096804,477.8751153576595,136.60357103776914,False,-341.2715443198904,41228.946428962234,-136.60357103776914,baseline,136.60357103776914,0.3302351136096804
대구,건설업,regional_construction_orders_bok_12_24q,2022,4,40300.450481588814,40300.450481588814,41365.55,-1065.099518411189,2.5748467466555836,prior_year_province_anchor,41456.56356672509,91.013566725087,0.2200226196075889,1065.099518411189,91.013566725087,False,-974.0859516861019,41456.56356672509,91.013566725087,baseline,91.013566725087,0.2200226196075889
대구,건설업,regional_construction_orders_bok_12_24q,2024,1,7687.313084594952,26426.651098490096,31555.25,-5128.598901509904,16.25275952974514,prior_year_province_anchor,41562.76296184352,10007.512961843517,31.71425661924249,5128.598901509904,10007.512961843517,True,4878.914060333613,26426.651098490096,-5128.598901509904,regional_construction_orders_bok_12_24q,5128.598901509904,16.25275952974514
대구,건설업,regional_construction_orders_raw,2024,2,12296.129325745967,27891.929909027924,31555.25,-3663.3200909720763,11.609225377622032,prior_year_province_anchor,40546.78762125715,8991.53762125715,28.494585279017436,3663.3200909720763,8991.53762125715,True,5328.217530285074,27891.929909027924,-3663.3200909720763,regional_construction_orders_raw,3663.3200909720763,11.609225377622032
대구,건설업,regional_construction_orders_bok_12_24q,2024,3,21007.374468410275,27068.302602734195,31555.25,-4486.947397265805,14.219337185621427,prior_year_province_anchor,39499.71634908728,7944.4663490872845,25.176369539418275,4486.947397265805,7944.4663490872845,True,3457.5189518214793,27068.302602734195,-4486.947397265805,regional_construction_orders_bok_12_24q,4486.947397265805,14.219337185621427
대구,건설업,regional_construction_orders_bok_12_24q,2024,4,26637.491602359234,26637.491602359234,31555.25,-4917.758397640766,15.584596533511114,prior_year_province_anchor,38927.34928201584,7372.099282015843,23.362512678606073,4917.758397640766,7372.099282015843,True,2454.3408843750767,26637.491602359234,-4917.758397640766,regional_construction_orders_bok_12_24q,4917.758397640766,15.584596533511114
대구,건설업,regional_construction_orders_bok_12_24q,2025,1,5772.851932428084,20003.646681162692,25481.89,-5478.243318837307,21.49857533659123,prior_year_province_anchor,27670.30629118517,2188.416291185171,8.588123923245767,5478.243318837307,2188.416291185171,False,-3289.827027652136,27670.30629118517,2188.416291185171,baseline,2188.416291185171,8.588123923245767
대구,건설업,regional_construction_orders_bok_12_24q,2025,2,11498.499542027253,20998.562432283332,25481.89,-4483.3275677166675,17.59417204813563,prior_year_province_anchor,28008.19822644968,2526.3082264496807,9.914132061827756,4483.3275677166675,2526.3082264496807,False,-1957.0193412669869,28008.19822644968,2526.3082264496807,baseline,2526.3082264496807,9.914132061827756
대구,건설업,regional_construction_orders_bok_12_24q,2025,3,17192.69844771693,21800.456844886772,25481.89,-3681.4331551132273,14.447253147679499,prior_year_province_anchor,28473.61347470746,2991.7234747074617,11.740587039295209,3681.4331551132273,2991.7234747074617,False,-689.7096804057655,28473.61347470746,2991.7234747074617,baseline,2991.7234747074617,11.740587039295209
대구,건설업,regional_construction_orders_bok_12_24q,2025,4,23325.82854040494,23325.82854040494,25481.89,-2156.061459595061,8.46115205581321,prior_year_province_anchor,28655.84994117612,3173.959941176123,12.455747753310774,2156.061459595061,3173.959941176123,True,1017.8984815810618,23325.82854040494,-2156.061459595061,regional_construction_orders_bok_12_24q,2156.061459595061,8.46115205581321
대구,"광업, 제조업",regional_manufacturing_production_index,2021,1,30714.656973333334,118057.61809096734,121066.7,-3009.081909032655,2.485474460799423,prior_year_province_anchor,118942.53433572134,-2124.1656642786547,1.7545416404995386,3009.081909032655,2124.1656642786547,False,-884.9162447540002,118942.53433572134,-2124.1656642786547,baseline,2124.1656642786547,1.7545416404995386
대구,"광업, 제조업",regional_manufacturing_production_index,2021,2,63985.71264666667,131612.71027768255,121066.7,10546.010277682552,8.7109091745976,prior_year_province_anchor,123976.58485647343,2909.884856473436,2.4035385919277856,10546.010277682552,2909.884856473436,False,-7636.125421209115,123976.58485647343,2909.884856473436,baseline,2909.884856473436,2.403538591927785
대구,"광업, 제조업",regional_manufacturing_production_index,2021,3,94018.6633,128777.98876840546,121066.7,7711.2887684054585,6.3694548281281795,prior_year_province_anchor,122863.63773734988,1796.937737349872,1.4842543303401117,7711.2887684054585,1796.937737349872,False,-5914.351031055587,122863.63773734988,1796.937737349872,baseline,1796.937737349872,1.4842543303401117
대구,"광업, 제조업",regional_manufacturing_production_index,2021,4,128056.63858333335,128056.63858333335,121066.7,6989.938583333351,5.773626094816618,prior_year_province_anchor,120977.94710885554,-88.75289114445332,0.0733090859373001,6989.938583333351,88.75289114445332,False,-6901.1856921888975,120977.94710885554,-88.75289114445332,baseline,88.75289114445332,0.07330908593730012
대구,"광업, 제조업",regional_manufacturing_production_index,2022,1,30488.220347504623,127112.57096177561,126425.64,686.930961775608,0.5433478223053552,prior_year_province_anchor,126206.0744753496,-219.56552465040295,0.1736716734440916,686.930961775608,219.56552465040295,False,-467.36543712520506,126206.0744753496,-219.56552465040295,baseline,219.56552465040295,0.17367167344409168
대구,"광업, 제조업",regional_manufacturing_production_index,2022,2,63348.542395563774,126781.44952648714,126425.64,355.8095264871372,0.2814377894287402,prior_year_province_anchor,125863.16203337174,-562.4779666282557,0.444908142547869,355.8095264871372,562.4779666282557,True,206.66844014111848,126781.44952648714,355.8095264871372,regional_manufacturing_production_index,355.8095264871372,0.2814377894287402
대구,"광업, 제조업",regional_manufacturing_production_index,2022,3,94660.28484288354,128930.54909365559,126425.64,2504.9090936555876,1.9813299688699124,prior_year_province_anchor,125911.1847652982,-514.4552347018034,0.4069231800620533,2504.9090936555876,514.4552347018034,False,-1990.4538589537842,125911.1847652982,-514.4552347018034,baseline,514.4552347018034,0.40692318006205336
대구,"광업, 제조업",regional_manufacturing_production_index,2022,4,128791.69534935303,128791.69534935303,126425.64,2366.0553493530315,1.8714996019423207,prior_year_province_anchor,123998.03519079876,-2427.6048092012497,1.9201839193388697,2366.0553493530315,2427.6048092012497,True,61.54945984821825,128791.69534935303,2366.0553493530315,regional_manufacturing_production_index,2366.0553493530315,1.8714996019423207
대구,"광업, 제조업",regional_manufacturing_production_index,2024,1,31278.040331703167,121738.44718344827,123123.4,-1384.9528165517258,1.124849392196549,prior_year_province_anchor,132927.7268156528,9804.326815652808,7.963008506630589,1384.9528165517258,9804.326815652808,True,8419.373999101083,121738.44718344827,-1384.9528165517258,regional_manufacturing_production_index,1384.9528165517258,1.124849392196549
대구,"광업, 제조업",regional_manufacturing_production_index,2024,2,63883.50733290807,123605.65070762478,123123.4,482.2507076247857,0.39168079148625345,prior_year_province_anchor,131175.56490075035,8052.164900750358,6.539914346704492,482.2507076247857,8052.164900750358,True,7569.914193125573,123605.65070762478,482.2507076247857,regional_manufacturing_production_index,482.2507076247857,0.39168079148625345
대구,"광업, 제조업",regional_manufacturing_production_index,2024,3,92603.3942816642,124007.33579347002,123123.4,883.9357934700238,0.7179267251148228,prior_year_province_anchor,130144.71896860498,7021.318968604988,5.702668191915581,883.9357934700238,7021.318968604988,True,6137.383175134964,124007.33579347002,883.9357934700238,regional_manufacturing_production_index,883.9357934700238,0.7179267251148228
대구,"광업, 제조업",regional_manufacturing_production_index,2024,4,123688.03470125452,123688.03470125452,123123.4,564.6347012545302,0.4585925187694055,prior_year_province_anchor,129274.14496832204,6150.7449683220475,4.9955938256432555,564.6347012545302,6150.7449683220475,True,5586.110267067517,123688.03470125452,564.6347012545302,regional_manufacturing_production_index,564.6347012545302,0.4585925187694055
대구,"광업, 제조업",regional_manufacturing_production_index,2025,1,28965.064250177682,114541.44294547498,121818.03,-7276.587054525022,5.973325175694454,prior_year_province_anchor,123763.7816347726,1945.751634772605,1.5972607952801443,7276.587054525022,1945.751634772605,False,-5330.835419752417,123763.7816347726,1945.751634772605,baseline,1945.751634772605,1.5972607952801445
대구,"광업, 제조업",regional_manufacturing_production_index,2025,2,50185.69289267945,97167.01513692031,121818.03,-24651.01486307969,20.235932942832594,prior_year_province_anchor,124991.6677356822,3173.637735682205,2.605228253717619,24651.01486307969,3173.637735682205,False,-21477.377127397485,124991.6677356822,3173.637735682205,baseline,3173.637735682205,2.605228253717619
대구,"광업, 제조업",regional_manufacturing_production_index,2025,3,50185.69289267945,67031.77321055628,121818.03,-54786.25678944372,44.97384893635509,prior_year_province_anchor,125894.2814759878,4076.251475987796,3.3461807550062956,54786.25678944372,4076.251475987796,False,-50710.00531345593,125894.2814759878,4076.251475987796,baseline,4076.251475987796,3.3461807550062956
대구,"광업, 제조업",regional_manufacturing_production_index,2025,4,50185.69289267945,50185.69289267945,121818.03,-71632.33710732055,58.80273807360089,prior_year_province_anchor,125836.23225693674,4018.20225693674,3.2985283516214636,71632.33710732055,4018.20225693674,False,-67614.13485038381,125836.23225693674,4018.20225693674,baseline,4018.20225693674,3.2985283516214636
대구,교육 서비스업,regional_service_production_index_P,2021,1,10704.178530000003,43118.54392749245,44774.55,-1656.0060725075527,3.698543195872549,prior_year_province_anchor,43603.69180835853,-1170.8581916414696,2.6150082840396376,1656.0060725075527,1170.8581916414696,False,-485.14788086608314,43603.69180835853,-1170.8581916414696,baseline,1170.8581916414696,2.6150082840396376
대구,교육 서비스업,regional_service_production_index_P,2021,2,21429.490680000006,43467.52673427993,44774.55,-1307.0232657200759,2.9191209419638517,prior_year_province_anchor,44031.19967518264,-743.3503248173656,1.6602072490228614,1307.0232657200759,743.3503248173656,False,-563.6729409027103,44031.19967518264,-743.3503248173656,baseline,743.3503248173656,1.6602072490228614
대구,교육 서비스업,regional_service_production_index_P,2021,3,32471.80713000001,43542.48358028831,44774.55,-1232.066419711693,2.751711451509156,prior_year_province_anchor,44396.82516433857,-377.7248356614364,0.8436150350175186,1232.066419711693,377.7248356614364,False,-854.3415840502566,44396.82516433857,-377.7248356614364,baseline,377.7248356614364,0.8436150350175186
대구,교육 서비스업,regional_service_production_index_P,2021,4,43260.52014000001,43260.52014000001,44774.55,-1514.029859999995,3.3814518738881687,prior_year_province_anchor,44463.7091235161,-310.84087648390414,0.6942356237726658,1514.029859999995,310.84087648390414,False,-1203.188983516091,44463.7091235161,-310.84087648390414,baseline,310.84087648390414,0.6942356237726658
대구,교육 서비스업,regional_service_production_index_P,2022,1,11647.507510991696,47072.947433366244,46314.15,758.7974333662423,1.6383706348194718,prior_year_province_anchor,46936.92854587555,622.7785458755461,1.34468309550223,758.7974333662423,622.7785458755461,False,-136.01888749069622,46936.92854587555,622.7785458755461,baseline,622.7785458755461,1.34468309550223
대구,교육 서비스업,regional_service_production_index_P,2022,2,22518.514521250614,45458.97359467456,46314.15,-855.1764053254446,1.8464689632119873,prior_year_province_anchor,46810.40721589512,496.2572158951152,1.0715023721586496,855.1764053254446,496.2572158951152,False,-358.9191894303294,46810.40721589512,496.2572158951152,baseline,496.2572158951152,1.0715023721586496
대구,교육 서비스업,regional_service_production_index_P,2022,3,33783.24009526136,45007.674894240154,46314.15,-1306.4751057598478,2.820898377191091,prior_year_province_anchor,46624.956769100485,310.8067691004835,0.6710838244909677,1306.4751057598478,310.8067691004835,False,-995.6683366593643,46624.956769100485,310.8067691004835,baseline,310.8067691004835,0.6710838244909677
대구,교육 서비스업,regional_service_production_index_P,2022,4,45058.902296042994,45058.902296042994,46314.15,-1255.2477039570076,2.710289844371553,prior_year_province_anchor,46569.105290004045,254.9552900040435,0.5504911350074296,1255.2477039570076,254.9552900040435,False,-1000.2924139529641,46569.105290004045,254.9552900040435,baseline,254.9552900040435,0.5504911350074296
대구,교육 서비스업,regional_service_production_index_P,2023,1,11556.054902912621,44705.1138028169,46902.9,-2197.7861971831007,4.685821553002268,prior_year_province_anchor,47183.95641440315,281.056414403145,0.5992303554857908,2197.7861971831007,281.056414403145,False,-1916.7297827799557,47183.95641440315,281.056414403145,baseline,281.056414403145,0.5992303554857908
대구,교육 서비스업,regional_service_production_index_P,2023,2,22437.631893203885,44897.058474987854,46902.9,-2005.841525012147,4.276583164393133,prior_year_province_anchor,47119.038522315226,216.1385223152247,0.4608212334743153,2005.841525012147,216.1385223152247,False,-1789.7030026969223,47119.038522315226,216.1385223152247,baseline,216.1385223152247,0.46082123347431536
대구,교육 서비스업,regional_service_production_index_P,2023,3,33476.587063106796,44649.899223049535,46902.9,-2253.0007769504664,4.803542588945388,prior_year_province_anchor,47007.633388032074,104.73338803207298,0.2232983206413099,2253.0007769504664,104.73338803207298,False,-2148.2673889183934,47007.633388032074,104.73338803207298,baseline,104.73338803207298,0.22329832064130997
대구,교육 서비스업,regional_service_production_index_P,2023,4,44425.6118446602,44425.6118446602,46902.9,-2477.288155339804,5.28173770777458,prior_year_province_anchor,46901.56959833313,-1.330401666869875,0.002836501936703,2477.288155339804,1.330401666869875,False,-2475.957753672934,46901.56959833313,-1.330401666869875,baseline,1.330401666869875,0.0028365019367030076
대구,교육 서비스업,regional_service_production_index_P,2024,1,11986.824139676113,46081.64299610895,47101.24,-1019.5970038910455,2.1646924876946882,prior_year_province_anchor,47504.43188720917,403.1918872091701,0.8560111946292075,1019.5970038910455,403.1918872091701,False,-616.4051166818754,47504.43188720917,403.1918872091701,baseline,403.1918872091701,0.8560111946292075
대구,교육 서비스업,regional_service_production_index_P,2024,2,23641.340283400805,46808.90621242485,47101.24,-292.33378757514583,0.6206498758316041,prior_year_province_anchor,47524.401387672915,423.16138767291704,0.8984081686021791,292.33378757514583,423.16138767291704,True,130.8276000977712,46808.90621242485,-292.33378757514583,regional_service_production_index_P,292.33378757514583,0.6206498758316041
대구,교육 서비스업,regional_service_production_index_P,2024,3,35105.96614372469,46587.90402955002,47101.24,-513.3359704499744,1.0898565949643244,prior_year_province_anchor,47441.01231305589,339.7723130558952,0.721365962033898,513.3359704499744,339.7723130558952,False,-173.5636573940792,47441.01231305589,339.7723130558952,baseline,339.7723130558952,0.721365962033898
대구,교육 서비스업,regional_service_production_index_P,2024,4,46214.547722672054,46214.547722672054,47101.24,-886.6922773279439,1.882524276065649,prior_year_province_anchor,47426.111596418144,324.8715964181465,0.6897304538439891,886.6922773279439,324.8715964181465,False,-561.8206809097974,47426.111596418144,324.8715964181465,baseline,324.8715964181465,0.6897304538439891
대구,교육 서비스업,regional_service_production_index_P,2025,1,11962.795675398049,46121.90728712871,46989.54,-867.6327128712874,1.8464379793275,prior_year_province_anchor,46804.202270738875,-185.3377292611258,0.3944233743533684,867.6327128712874,185.3377292611258,False,-682.2949836101616,46804.202270738875,-185.3377292611258,baseline,185.3377292611258,0.39442337435336844
대구,교육 서비스업,regional_service_production_index_P,2025,2,23296.607149460713,45540.65674698796,46989.54,-1448.8832530120417,3.083416549751374,prior_year_province_anchor,46718.29075401378,-271.24924598621874,0.5772545251266957,1448.8832530120417,271.24924598621874,False,-1177.634007025823,46718.29075401378,-271.24924598621874,baseline,271.24924598621874,0.5772545251266957
대구,교육 서비스업,regional_service_production_index_P,2025,3,34751.37712378018,45747.756091954034,46989.54,-1241.783908045967,2.642681558589352,prior_year_province_anchor,46882.909382248115,-106.63061775188544,0.2269241574867203,1241.783908045967,106.63061775188544,False,-1135.1532902940817,46882.909382248115,-106.63061775188544,baseline,106.63061775188544,0.22692415748672032
대구,교육 서비스업,regional_service_production_index_P,2025,4,46327.105598356444,46327.105598356444,46989.54,-662.4344016435571,1.409748641173242,prior_year_province_anchor,46948.0884414669,-41.4515585331028,0.0882144377942469,662.4344016435571,41.4515585331028,False,-620.9828431104543,46948.0884414669,-41.4515585331028,baseline,41.4515585331028,0.08821443779424697
대구,금융 및 보험업,regional_service_production_index_K,2021,1,10222.714928732184,42495.46465696466,39905.149999999994,2590.3146569646633,6.491178850260339,prior_year_province_anchor,42362.53252145161,2457.3825214516182,6.158058600084497,2590.3146569646633,2457.3825214516182,False,-132.93213551304507,42362.53252145161,2457.3825214516182,baseline,2457.3825214516182,6.158058600084497
대구,금융 및 보험업,regional_service_production_index_K,2021,2,20455.165776444115,42099.95261966032,39905.149999999994,2194.802619660324,5.500048539249507,prior_year_province_anchor,41691.107094972554,1785.9570949725603,4.475505279325001,2194.802619660324,1785.9570949725603,False,-408.8455246877638,41691.107094972554,1785.9570949725603,baseline,1785.9570949725603,4.475505279325001
대구,금융 및 보험업,regional_service_production_index_K,2021,3,30833.655408852217,41586.437767284995,39905.149999999994,1681.2877672850009,4.213209992406998,prior_year_province_anchor,41633.33033803726,1728.1803380372658,4.330720065047409,1681.2877672850009,1728.1803380372658,True,46.892570752264874,41586.437767284995,1681.2877672850009,regional_service_production_index_K,1681.2877672850009,4.213209992406998
대구,금융 및 보험업,regional_service_production_index_K,2021,4,41377.65566391598,41377.65566391598,39905.149999999994,1472.5056639159884,3.690014105738203,prior_year_province_anchor,41563.01856650099,1657.868566500998,4.154522828509599,1472.5056639159884,1657.868566500998,True,185.36290258500958,41377.65566391598,1472.5056639159884,regional_service_production_index_K,1472.5056639159884,3.690014105738203
대구,금융 및 보험업,regional_service_production_index_K,2022,1,9849.52996470588,39867.14509523809,41970.58,-2103.4349047619107,5.011688913429147,prior_year_province_anchor,42038.25081537061,67.67081537060585,0.1612339295063491,2103.4349047619107,67.67081537060585,False,-2035.7640893913049,42038.25081537061,67.67081537060585,baseline,67.67081537060585,0.1612339295063491
대구,금융 및 보험업,regional_service_production_index_K,2022,2,20102.806152941175,40664.886316039985,41970.58,-1305.6936839600166,3.1109736485891224,prior_year_province_anchor,41745.21452309437,-225.36547690563748,0.5369605969363241,1305.6936839600166,225.36547690563748,False,-1080.3282070543792,41745.21452309437,-225.36547690563748,baseline,225.36547690563748,0.5369605969363241
대구,금융 및 보험업,regional_service_production_index_K,2022,3,30731.66022352941,41240.781796652984,41970.58,-729.798203347018,1.7388327808360475,prior_year_province_anchor,41144.90589846768,-825.6741015323205,1.96726874284873,729.798203347018,825.6741015323205,True,95.8758981853025,41240.781796652984,-729.798203347018,regional_service_production_index_K,729.798203347018,1.7388327808360475
대구,금융 및 보험업,regional_service_production_index_K,2022,4,42243.12231764705,42243.12231764705,41970.58,272.54231764705037,0.6493651449349767,prior_year_province_anchor,40996.518430326294,-974.0615696737076,2.3208198925859675,272.54231764705037,974.0615696737076,True,701.5192520266572,42243.12231764705,272.54231764705037,regional_service_production_index_K,272.54231764705037,0.6493651449349767
대구,금융 및 보험업,regional_service_production_index_K,2023,1,10914.776305845744,46811.80038131554,42718.49,4093.3103813155394,9.582057749034528,prior_year_province_anchor,42548.17750947223,-170.31249052776548,0.398685652343436,4093.3103813155394,170.31249052776548,False,-3922.997890787774,42548.17750947223,-170.31249052776548,baseline,170.31249052776548,0.39868565234343606
대구,금융 및 보험업,regional_service_production_index_K,2023,2,21614.988633029563,45420.75378794955,42718.49,2702.2637879495524,6.325747440861211,prior_year_province_anchor,42676.33854596768,-42.151454032318725,0.0986726216968781,2702.2637879495524,42.151454032318725,False,-2660.1123339172336,42676.33854596768,-42.151454032318725,baseline,42.151454032318725,0.09867262169687815
대구,금융 및 보험업,regional_service_production_index_K,2023,3,32445.80512113803,44599.35143293614,42718.49,1880.8614329361444,4.402921154132893,prior_year_province_anchor,42802.746596956385,84.25659695638751,0.1972368334095786,1880.8614329361444,84.25659695638751,False,-1796.604835979757,42802.746596956385,84.25659695638751,baseline,84.25659695638751,0.19723683340957865
대구,금융 및 보험업,regional_service_production_index_K,2023,4,43444.54124472105,43444.54124472105,42718.49,726.0512447210494,1.6996182325757523,prior_year_province_anchor,42266.658520312834,-451.83147968716366,1.0576953438362724,726.0512447210494,451.83147968716366,False,-274.2197650338858,42266.658520312834,-451.83147968716366,baseline,451.83147968716366,1.0576953438362724
대구,금융 및 보험업,regional_service_production_index_K,2024,1,10998.38297401761,43777.32436752137,43097.89,679.4343675213677,1.576491024320141,prior_year_province_anchor,43058.24500466047,-39.64499533952767,0.0919882512566802,679.4343675213677,39.64499533952767,False,-639.78937218184,43058.24500466047,-39.64499533952767,baseline,39.64499533952767,0.09198825125668024
대구,금융 및 보험업,regional_service_production_index_K,2024,2,21666.53926991626,43548.15424255503,43097.89,450.26424255502934,1.0447477650414656,prior_year_province_anchor,43172.238266268425,74.3482662684255,0.1725102232810597,450.26424255502934,74.3482662684255,False,-375.91597628660384,43172.238266268425,74.3482662684255,baseline,74.3482662684255,0.1725102232810597
대구,금융 및 보험업,regional_service_production_index_K,2024,3,32050.33370410135,42915.00979298447,43097.89,-182.88020701552887,0.4243367993549774,prior_year_province_anchor,43762.61836939345,664.7283693934514,1.5423687085225088,182.88020701552887,664.7283693934514,True,481.84816237792256,42915.00979298447,-182.88020701552887,regional_service_production_index_K,182.88020701552887,0.4243367993549774
대구,금융 및 보험업,regional_service_production_index_K,2024,4,42956.98704530814,42956.98704530814,43097.89,-140.90295469186094,0.32693701406695536,prior_year_province_anchor,44264.40486666713,1166.5148666671305,2.7066635203420173,140.90295469186094,1166.5148666671305,True,1025.6119119752695,42956.98704530814,-140.90295469186094,regional_service_production_index_K,140.90295469186094,0.32693701406695536
대구,금융 및 보험업,regional_service_production_index_K,2025,1,10712.351902626522,41839.81981651376,43932.46,-2092.640183486241,4.7633121010893555,prior_year_province_anchor,45396.70103424178,1464.2410342417788,3.3329365900333805,2092.640183486241,1464.2410342417788,False,-628.399149244462,45396.70103424178,1464.2410342417788,baseline,1464.2410342417788,3.3329365900333805
대구,금융 및 보험업,regional_service_production_index_K,2025,2,21571.952628656843,42769.45561388654,43932.46,-1163.0043861134618,2.647255323543143,prior_year_province_anchor,45182.00612171315,1249.5461217131524,2.8442434630638767,1163.0043861134618,1249.5461217131524,True,86.54173559969058,42769.45561388654,-1163.0043861134618,regional_service_production_index_K,1163.0043861134618,2.647255323543143
대구,금융 및 보험업,regional_service_production_index_K,2025,3,32210.68011958147,43171.89896966228,43932.46,-760.561030337718,1.7312051961982506,prior_year_province_anchor,44976.95834154489,1044.4983415448878,2.3775093439904977,760.561030337718,1044.4983415448878,True,283.93731120716984,43171.89896966228,-760.561030337718,regional_service_production_index_K,760.561030337718,1.7312051961982506
대구,금융 및 보험업,regional_service_production_index_K,2025,4,43199.123566090115,43199.123566090115,43932.46,-733.3364339098844,1.669235990677245,prior_year_province_anchor,45158.63750478919,1226.177504789193,2.791051320115453,733.3364339098844,1226.177504789193,True,492.84107087930875,43199.123566090115,-733.3364339098844,regional_service_production_index_K,733.3364339098844,1.669235990677245
대구,도매 및 소매업,regional_service_production_index_G,2021,1,13588.27289,55746.76057435898,54537.880000000005,1208.8805743589764,2.2165888632982735,prior_year_province_anchor,54656.82457845179,118.9445784517884,0.2180953466687527,1208.8805743589764,118.9445784517884,False,-1089.935995907188,54656.82457845179,118.9445784517884,baseline,118.9445784517884,0.21809534666875277
대구,도매 및 소매업,regional_service_production_index_G,2021,2,27772.641500000005,56106.34646464647,54537.880000000005,1568.4664646464662,2.8759212214454726,prior_year_province_anchor,55164.55248285372,626.672482853719,1.1490591179079916,1568.4664646464662,626.672482853719,False,-941.7939817927472,55164.55248285372,626.672482853719,baseline,626.672482853719,1.1490591179079916
대구,도매 및 소매업,regional_service_production_index_G,2021,3,41415.10491,56023.138194115665,54537.880000000005,1485.2581941156604,2.7233515386290414,prior_year_province_anchor,54949.32381850337,411.44381850336504,0.7544184308289302,1485.2581941156604,411.44381850336504,False,-1073.8143756122954,54949.32381850337,411.44381850336504,baseline,411.44381850336504,0.7544184308289302
대구,도매 및 소매업,regional_service_production_index_G,2021,4,56060.092939999995,56060.092939999995,54537.880000000005,1522.2129399999903,2.7911113156580165,prior_year_province_anchor,55003.40996402921,465.5299640292069,0.8535901359370897,1522.2129399999903,465.5299640292069,False,-1056.6829759707834,55003.40996402921,465.5299640292069,baseline,465.5299640292069,0.8535901359370897
대구,도매 및 소매업,regional_service_production_index_G,2023,1,13667.74554089088,56194.03520348837,53908.06,2285.9752034883713,4.24050727013432,prior_year_province_anchor,58335.66602107897,4427.606021078973,8.213254235227483,2285.9752034883713,4427.606021078973,True,2141.6308175906015,56194.03520348837,2285.9752034883713,regional_service_production_index_G,2285.9752034883713,4.24050727013432
대구,도매 및 소매업,regional_service_production_index_G,2023,2,27414.571576714592,55206.46758424301,53908.06,1298.4075842430102,2.408559284535578,prior_year_province_anchor,56021.75351386587,2113.6935138658737,3.920922982325599,1298.4075842430102,2113.6935138658737,True,815.2859296228635,55206.46758424301,1298.4075842430102,regional_service_production_index_G,1298.4075842430102,2.408559284535578
대구,도매 및 소매업,regional_service_production_index_G,2023,3,40686.91464294132,54752.482978116095,53908.06,844.4229781160975,1.5664132193146953,prior_year_province_anchor,54953.22216075334,1045.1621607533452,1.9387864463186864,844.4229781160975,1045.1621607533452,True,200.73918263724772,54752.482978116095,844.4229781160975,regional_service_production_index_G,844.4229781160975,1.5664132193146953
대구,도매 및 소매업,regional_service_production_index_G,2023,4,54644.62199858592,54644.62199858592,53908.06,736.561998585923,1.3663300044296216,prior_year_province_anchor,54090.72391885955,182.6639188595509,0.3388434287183603,736.561998585923,182.6639188595509,False,-553.8980797263721,54090.72391885955,182.6639188595509,baseline,182.6639188595509,0.3388434287183603
대구,도매 및 소매업,regional_service_production_index_G,2025,1,13199.547093425608,52824.300237388736,53863.76,-1039.4597626112663,1.9297942858264374,prior_year_province_anchor,52870.415567903816,-993.3444320961862,1.8441795227369688,1039.4597626112663,993.3444320961862,False,-46.11533051508013,52870.415567903816,-993.3444320961862,baseline,993.3444320961862,1.8441795227369686
대구,도매 및 소매업,regional_service_production_index_G,2025,2,26781.11700692042,53063.85867286975,53863.76,-799.9013271302538,1.4850454686606611,prior_year_province_anchor,53117.621461510666,-746.1385384893365,1.3852329256058924,799.9013271302538,746.1385384893365,False,-53.76278864091728,53117.621461510666,-746.1385384893365,baseline,746.1385384893365,1.3852329256058924
대구,도매 및 소매업,regional_service_production_index_G,2025,3,40560.28493079585,54376.047988734266,53863.76,512.2879887342642,0.9510810027637585,prior_year_province_anchor,53887.25067678827,23.49067678827123,0.043611282963297,512.2879887342642,23.49067678827123,False,-488.797311945993,53887.25067678827,23.49067678827123,baseline,23.49067678827123,0.04361128296329708
대구,도매 및 소매업,regional_service_production_index_G,2025,4,54563.397266436,54563.397266436,53863.76,699.6372664359951,1.2989016482250684,prior_year_province_anchor,54253.85587665172,390.0958766517215,0.7242269693978316,699.6372664359951,390.0958766517215,False,-309.54138978427363,54253.85587665172,390.0958766517215,baseline,390.0958766517215,0.7242269693978316
대구,문화 및 기타서비스업,regional_service_production_index_R_S,2021,1,4684.407136607925,19653.87598321972,20811.28,-1157.4040167802777,5.561426384058443,prior_year_province_anchor,20394.43534904393,-416.8446509560672,2.0029745933746854,1157.4040167802777,416.8446509560672,False,-740.5593658242105,20394.43534904393,-416.8446509560672,baseline,416.8446509560672,2.0029745933746854
대구,문화 및 기타서비스업,regional_service_production_index_R_S,2021,2,10422.158861392329,22635.095833333336,20811.28,1823.8158333333377,8.763592788782514,prior_year_province_anchor,21300.0702375747,488.79023757469986,2.348679358380166,1823.8158333333377,488.79023757469986,False,-1335.0255957586378,21300.0702375747,488.79023757469986,baseline,488.79023757469986,2.348679358380166
대구,문화 및 기타서비스업,regional_service_production_index_R_S,2021,3,16467.890944881892,22565.43850830622,20811.28,1754.15850830622,8.42888331859559,prior_year_province_anchor,21338.860001496705,527.5800014967062,2.535067528266912,1754.15850830622,527.5800014967062,False,-1226.5785068095138,21338.860001496705,527.5800014967062,baseline,527.5800014967062,2.535067528266912
대구,문화 및 기타서비스업,regional_service_production_index_R_S,2021,4,23877.536045494315,23877.536045494315,20811.28,3066.256045494316,14.733625444923696,prior_year_province_anchor,21483.155063447433,671.8750634474345,3.2284177784712647,3066.256045494316,671.8750634474345,False,-2394.3809820468814,21483.155063447433,671.8750634474345,baseline,671.8750634474345,3.2284177784712647
대구,문화 및 기타서비스업,regional_service_production_index_R_S,2022,1,4536.254506828529,23122.366895027626,20792.23,2330.1368950276265,11.206767600337368,prior_year_province_anchor,21370.27035270998,578.0403527099807,2.78007867703455,2330.1368950276265,578.0403527099807,False,-1752.0965423176458,21370.27035270998,578.0403527099807,baseline,578.0403527099807,2.7800786770345494
대구,문화 및 기타서비스업,regional_service_production_index_R_S,2022,2,10346.991259484068,23705.324400297988,20792.23,2913.0944002979886,14.010495268174644,prior_year_province_anchor,21575.582443668613,783.352443668613,3.76752490554699,2913.0944002979886,783.352443668613,False,-2129.7419566293756,21575.582443668613,783.352443668613,baseline,783.352443668613,3.76752490554699
대구,문화 및 기타서비스업,regional_service_production_index_R_S,2022,3,17572.064946889226,25478.527612761278,20792.23,4686.297612761278,22.53869648787686,prior_year_province_anchor,22019.86930944645,1227.639309446451,5.9043176679290825,4686.297612761278,1227.639309446451,False,-3458.658303314827,22019.86930944645,1227.639309446451,baseline,1227.639309446451,5.9043176679290825
대구,문화 및 기타서비스업,regional_service_production_index_R_S,2022,4,25052.035083459785,25052.035083459785,20792.23,4259.805083459785,20.487485389781593,prior_year_province_anchor,22004.686791092037,1212.4567910920375,5.831297513984973,4259.805083459785,1212.4567910920375,False,-3047.3482923677475,22004.686791092037,1212.4567910920375,baseline,1212.4567910920375,5.831297513984972
대구,문화 및 기타서비스업,regional_service_production_index_R_S,2023,1,4375.242347379794,24162.825216310288,22167.59,1995.2352163102878,9.000686210410278,prior_year_province_anchor,23331.606664894654,1164.0166648946542,5.250984274315134,1995.2352163102878,1164.0166648946542,False,-831.2185514156336,23331.606664894654,1164.0166648946542,baseline,1164.0166648946542,5.250984274315134
대구,문화 및 기타서비스업,regional_service_production_index_R_S,2023,2,9409.485681613542,22782.155652932193,22167.59,614.5656529321932,2.7723611494627662,prior_year_province_anchor,22512.49765002571,344.90765002571425,1.5559095509512502,614.5656529321932,344.90765002571425,False,-269.65800290647894,22512.49765002571,344.90765002571425,baseline,344.90765002571425,1.5559095509512502
대구,문화 및 기타서비스업,regional_service_production_index_R_S,2023,3,14732.041947595893,21003.088301668806,22167.59,-1164.5016983311943,5.253172303940999,prior_year_province_anchor,22286.62133574759,119.03133574758976,0.5369611028875478,1164.5016983311943,119.03133574758976,False,-1045.4703625836046,22286.62133574759,119.03133574758976,baseline,119.03133574758976,0.5369611028875478
대구,문화 및 기타서비스업,regional_service_production_index_R_S,2023,4,21400.682615703223,21400.682615703223,22167.59,-766.9073842967773,3.4595884545716395,prior_year_province_anchor,21849.115726865155,-318.47427313484513,1.4366662011289686,766.9073842967773,318.47427313484513,False,-448.4331111619322,21849.115726865155,-318.47427313484513,baseline,318.47427313484513,1.4366662011289686
대구,문화 및 기타서비스업,regional_service_production_index_R_S,2024,1,5036.237532149418,24633.81738553701,21846.68,2787.137385537011,12.757715980354961,prior_year_province_anchor,22516.99509527133,670.3150952713295,3.0682698481935446,2787.137385537011,670.3150952713295,False,-2116.8222902656817,22516.99509527133,670.3150952713295,baseline,670.3150952713295,3.0682698481935446
대구,문화 및 기타서비스업,regional_service_production_index_R_S,2024,2,10297.4283002362,23420.19556307203,21846.68,1573.5155630720292,7.202538614892648,prior_year_province_anchor,22449.538385240103,602.8583852401061,2.759496569914084,1573.5155630720292,602.8583852401061,False,-970.657177831923,22449.538385240103,602.8583852401061,baseline,602.8583852401061,2.759496569914084
대구,문화 및 기타서비스업,regional_service_production_index_R_S,2024,3,15601.282613069725,22663.395799974587,21846.68,816.7157999745868,3.738397779317438,prior_year_province_anchor,22295.92030108125,449.2403010812486,2.0563321341331893,816.7157999745868,449.2403010812486,False,-367.4754988933382,22295.92030108125,449.2403010812486,baseline,449.2403010812486,2.0563321341331893
대구,문화 및 기타서비스업,regional_service_production_index_R_S,2024,4,22051.234877963434,22051.234877963434,21846.68,204.55487796343368,0.9363202004306086,prior_year_province_anchor,22192.76267106281,346.0826710628098,1.5841430874751212,204.55487796343368,346.0826710628098,True,141.52779309937614,22051.234877963434,204.55487796343368,regional_service_production_index_R_S,204.55487796343368,0.9363202004306086
대구,문화 및 기타서비스업,regional_service_production_index_R_S,2025,1,4611.030867997538,20189.46168656142,20116.68,72.78168656141861,0.3617977049961455,prior_year_province_anchor,21426.49778504098,1309.817785040981,6.511103149431125,72.78168656141861,1309.817785040981,True,1237.0360984795625,20189.46168656142,72.78168656141861,regional_service_production_index_R_S,72.78168656141861,0.3617977049961455
대구,문화 및 기타서비스업,regional_service_production_index_R_S,2025,2,9394.975393544983,20118.694011299434,20116.68,2.0140112994340598,0.010011648539590329,prior_year_province_anchor,21427.928608331164,1311.2486083311633,6.518215770848686,2.0140112994340598,1311.2486083311633,True,1309.2345970317292,20118.694011299434,2.0140112994340598,regional_service_production_index_R_S,2.0140112994340598,0.010011648539590329
대구,문화 및 기타서비스업,regional_service_production_index_R_S,2025,3,14050.195307360831,19858.890098197637,20116.68,-257.7899018023636,1.281473393235681,prior_year_province_anchor,21709.233447708553,1592.553447708553,7.916581899739683,257.7899018023636,1592.553447708553,True,1334.7635459061894,19858.890098197637,-257.7899018023636,regional_service_production_index_R_S,257.7899018023636,1.281473393235681
대구,문화 및 기타서비스업,regional_service_production_index_R_S,2025,4,20184.78762465922,20184.78762465922,20116.68,68.10762465922016,0.33856294706293566,prior_year_province_anchor,21652.781586160272,1536.1015861602718,7.635959741668465,68.10762465922016,1536.1015861602718,True,1467.9939615010517,20184.78762465922,68.10762465922016,regional_service_production_index_R_S,68.10762465922016,0.33856294706293566
대구,보건 및 사회복지업,regional_service_production_index_Q,2021,1,13881.176456614156,52616.89540284361,57710.119999999995,-5093.2245971563825,8.82553111509105,prior_year_province_anchor,53697.869154833505,-4012.250845166491,6.952421594629314,5093.2245971563825,4012.250845166491,False,-1080.9737519898913,53697.869154833505,-4012.250845166491,baseline,4012.250845166491,6.952421594629316
대구,보건 및 사회복지업,regional_service_production_index_Q,2021,2,28093.17218054514,57347.93034711588,57710.119999999995,-362.1896528841171,0.6276016284217,prior_year_province_anchor,54968.61238279568,-2741.507617204319,4.750479841671304,362.1896528841171,2741.507617204319,True,2379.317964320202,57347.93034711588,-362.1896528841171,regional_service_production_index_Q,362.1896528841171,0.6276016284217
대구,보건 및 사회복지업,regional_service_production_index_Q,2021,3,42649.21994248563,57232.96327181209,57710.119999999995,-477.15672818790335,0.8268163853894315,prior_year_province_anchor,55580.62024443795,-2129.499755562043,3.6899936364056134,477.15672818790335,2129.499755562043,True,1652.3430273741396,57232.96327181209,-477.15672818790335,regional_service_production_index_Q,477.15672818790335,0.8268163853894315
대구,보건 및 사회복지업,regional_service_production_index_Q,2021,4,57350.828182045516,57350.828182045516,57710.119999999995,-359.2918179544795,0.6225802648729192,prior_year_province_anchor,55969.286266397445,-1740.8337336025506,3.016513799663821,359.2918179544795,1740.8337336025506,True,1381.5419156480712,57350.828182045516,-359.2918179544795,regional_service_production_index_Q,359.2918179544795,0.6225802648729192
대구,보건 및 사회복지업,regional_service_production_index_Q,2022,1,14900.236335948315,61561.12896091515,60651.5,909.62896091515,1.4997633379473714,prior_year_province_anchor,62720.89126212682,2069.3912621268173,3.4119374823818327,909.62896091515,2069.3912621268173,True,1159.7623012116674,61561.12896091515,909.62896091515,regional_service_production_index_Q,909.62896091515,1.4997633379473714
대구,보건 및 사회복지업,regional_service_production_index_Q,2022,2,30665.99131518228,62603.111804050866,60651.5,1951.6118040508663,3.217746970892503,prior_year_province_anchor,62235.34888514597,1583.8488851459697,2.61139276876247,1951.6118040508663,1583.8488851459697,False,-367.76291890489665,62235.34888514597,1583.8488851459697,baseline,1583.8488851459697,2.61139276876247
대구,보건 및 사회복지업,regional_service_production_index_Q,2022,3,46112.17017997231,62007.49164132795,60651.5,1355.9916413279498,2.2357099846301405,prior_year_province_anchor,61436.17841345269,784.6784134526897,1.293749393589095,1355.9916413279498,784.6784134526897,False,-571.31322787526,61436.17841345269,784.6784134526897,baseline,784.6784134526897,1.2937493935890947
대구,보건 및 사회복지업,regional_service_production_index_Q,2022,4,61571.664716197505,61571.664716197505,60651.5,920.1647161975052,1.5171343102767536,prior_year_province_anchor,61035.32360032437,383.8236003243728,0.6328344728891665,920.1647161975052,383.8236003243728,False,-536.3411158731324,61035.32360032437,383.8236003243728,baseline,383.8236003243728,0.6328344728891665
대구,보건 및 사회복지업,regional_service_production_index_Q,2023,1,15451.441825259517,63849.38963360143,62227.15,1622.239633601428,2.606964377448474,prior_year_province_anchor,63063.019502619856,835.8695026198548,1.3432553196150792,1622.239633601428,835.8695026198548,False,-786.3701309815733,63063.019502619856,835.8695026198548,baseline,835.8695026198548,1.3432553196150792
대구,보건 및 사회복지업,regional_service_production_index_Q,2023,2,31361.967236159173,62969.05623100304,62227.15,741.9062310030349,1.1922548774980615,prior_year_province_anchor,62521.58859651631,294.4385965163092,0.4731674140890418,741.9062310030349,294.4385965163092,False,-447.46763448672573,62521.58859651631,294.4385965163092,baseline,294.4385965163092,0.47316741408904184
대구,보건 및 사회복지업,regional_service_production_index_Q,2023,3,48098.843101211074,64224.38651458273,62227.15,1997.236514582728,3.2095902103546887,prior_year_province_anchor,62573.89434834102,346.74434834101703,0.5572235725740565,1997.236514582728,346.74434834101703,False,-1650.492166241711,62573.89434834102,346.74434834101703,baseline,346.74434834101703,0.5572235725740565
대구,보건 및 사회복지업,regional_service_production_index_Q,2023,4,64652.08553200692,64652.08553200692,62227.15,2424.9355320069153,3.8969091980058788,prior_year_province_anchor,62680.9607152291,453.8107152290977,0.729280893033182,2424.9355320069153,453.8107152290977,False,-1971.1248167778176,62680.9607152291,453.8107152290977,baseline,453.8107152290977,0.729280893033182
대구,보건 및 사회복지업,regional_service_production_index_Q,2024,1,16298.488669101238,68196.30785229201,63443.29,4753.0178522920105,7.491758154868719,prior_year_province_anchor,64662.63376914276,1219.3437691427607,1.921942839254964,4753.0178522920105,1219.3437691427607,False,-3533.67408314925,64662.63376914276,1219.3437691427607,baseline,1219.3437691427607,1.9219428392549642
대구,보건 및 사회복지업,regional_service_production_index_Q,2024,2,32394.982126191928,66781.62563780845,63443.29,3338.33563780845,5.26192074498099,prior_year_province_anchor,64241.769076808625,798.4790768086241,1.2585713584661578,3338.33563780845,798.4790768086241,False,-2539.856560999826,64241.769076808625,798.4790768086241,baseline,798.4790768086241,1.2585713584661578
대구,보건 및 사회복지업,regional_service_production_index_Q,2024,3,48844.96720430108,65654.98864194164,63443.29,2211.6986419416426,3.486103324625256,prior_year_province_anchor,64251.8794538738,808.5894538737994,1.274507444165962,2211.6986419416426,808.5894538737994,False,-1403.1091880678432,64251.8794538738,808.5894538737994,baseline,808.5894538737994,1.274507444165962
대구,보건 및 사회복지업,regional_service_production_index_Q,2024,4,65257.078180158256,65257.078180158256,63443.29,1813.7881801582553,2.8589125503394532,prior_year_province_anchor,64510.59046790875,1067.3004679087462,1.6822905431114088,1813.7881801582553,1067.3004679087462,False,-746.4877122495091,64510.59046790875,1067.3004679087462,baseline,1067.3004679087462,1.6822905431114088
대구,보건 및 사회복지업,regional_service_production_index_Q,2025,1,16446.89661443219,65851.28474051123,67234.14,-1382.8552594887733,2.0567754112550163,prior_year_province_anchor,66390.87285885324,-843.26714114676,1.2542246262787924,1382.8552594887733,843.26714114676,False,-539.5881183420133,66390.87285885324,-843.26714114676,baseline,843.26714114676,1.2542246262787924
대구,보건 및 사회복지업,regional_service_production_index_Q,2025,2,33200.63831495453,66880.00757989088,67234.14,-354.13242010911927,0.5267151778978942,prior_year_province_anchor,66896.99463495672,-337.14536504328134,0.5014496579316421,354.13242010911927,337.14536504328134,False,-16.98705506583792,66896.99463495672,-337.14536504328134,baseline,337.14536504328134,0.5014496579316421
대구,보건 및 사회복지업,regional_service_production_index_Q,2025,3,50064.84424646933,66886.83895321788,67234.14,-347.301046782115,0.5165546057138755,prior_year_province_anchor,66792.26275068235,-441.8772493176511,0.6572215385184538,347.301046782115,441.8772493176511,True,94.57620253553608,66886.83895321788,-347.301046782115,regional_service_production_index_Q,347.301046782115,0.5165546057138755
대구,보건 및 사회복지업,regional_service_production_index_Q,2025,4,67223.62146063069,67223.62146063069,67234.14,-10.51853936931002,0.0156446403111723,prior_year_province_anchor,67097.33787960226,-136.8021203977405,0.2034712132820327,10.51853936931002,136.8021203977405,True,126.28358102843049,67223.62146063069,-10.51853936931002,regional_service_production_index_Q,10.51853936931002,0.0156446403111723
대구,부동산업,regional_service_production_index_L,2021,1,18299.74083,77295.63180570221,71741.26,5554.37180570222,7.742227841694193,prior_year_province_anchor,73033.83172745253,1292.5717274525375,1.801713166806016,5554.37180570222,1292.5717274525375,False,-4261.800078249682,73033.83172745253,1292.5717274525375,baseline,1292.5717274525375,1.8017131668060158
대구,부동산업,regional_service_production_index_L,2021,2,37412.018415,78762.14403157895,71741.26,7020.884031578957,9.786396324205844,prior_year_province_anchor,72892.99096239846,1151.730962398462,1.6053955037846588,7020.884031578957,1151.730962398462,False,-5869.153069180495,72892.99096239846,1151.730962398462,baseline,1151.730962398462,1.6053955037846588
대구,부동산업,regional_service_production_index_L,2021,3,55499.793135,76498.68109579601,71741.26,4757.421095796017,6.631359828076643,prior_year_province_anchor,72254.72008573555,513.4600857355545,0.7157109949498441,4757.421095796017,513.4600857355545,False,-4243.961010060462,72254.72008573555,513.4600857355545,baseline,513.4600857355545,0.7157109949498441
대구,부동산업,regional_service_production_index_L,2021,4,75689.5651125,75689.5651125,71741.26,3948.3051125000056,5.503534664013436,prior_year_province_anchor,71841.38057719177,100.12057719177392,0.1395578739372209,3948.3051125000056,100.12057719177392,False,-3848.1845353082317,71841.38057719177,100.12057719177392,baseline,100.12057719177392,0.13955787393722097
대구,부동산업,regional_service_production_index_L,2022,1,18182.265661610265,75203.67602316602,68076.38,7127.296023166011,10.469557904174708,prior_year_province_anchor,70458.66151559116,2382.281515591152,3.499424492887477,7127.296023166011,2382.281515591152,False,-4745.014507574859,70458.66151559116,2382.281515591152,baseline,2382.281515591152,3.499424492887477
대구,부동산업,regional_service_production_index_L,2022,2,37302.106716452734,75467.198904627,68076.38,7390.818904626998,10.856656750295768,prior_year_province_anchor,69934.81460685127,1858.4346068512675,2.729925719979922,7390.818904626998,1858.4346068512675,False,-5532.38429777573,69934.81460685127,1858.4346068512675,baseline,1858.4346068512675,2.7299257199799216
대구,부동산업,regional_service_production_index_L,2022,3,55919.675239206525,76262.19236155314,68076.38,8185.812361553137,12.024453065149961,prior_year_province_anchor,70083.79807480519,2007.4180748051876,2.9487732379500606,8185.812361553137,2007.4180748051876,False,-6178.394286747949,70083.79807480519,2007.4180748051876,baseline,2007.4180748051876,2.9487732379500606
대구,부동산업,regional_service_production_index_L,2022,4,75441.33431971994,75441.33431971994,68076.38,7364.954319719938,10.818663271636856,prior_year_province_anchor,70325.50888689436,2249.128886894352,3.3038315005797196,7364.954319719938,2249.128886894352,False,-5115.825432825586,70325.50888689436,2249.128886894352,baseline,2249.128886894352,3.3038315005797196
대구,부동산업,regional_service_production_index_L,2023,1,17585.642769640483,72965.84375690609,69860.54,3105.303756906098,4.44500394200517,prior_year_province_anchor,68119.47689489798,-1741.0631051020173,2.4921981781160256,3105.303756906098,1741.0631051020173,False,-1364.2406518040807,68119.47689489798,-1741.0631051020173,baseline,1741.0631051020173,2.4921981781160256
대구,부동산업,regional_service_production_index_L,2023,2,35171.285539280965,71131.87281867146,69860.54,1271.3328186714643,1.8198153330499085,prior_year_province_anchor,68319.47798249083,-1541.0620175091608,2.205911974784565,1271.3328186714643,1541.0620175091608,True,269.72919883769646,71131.87281867146,1271.3328186714643,regional_service_production_index_L,1271.3328186714643,1.8198153330499085
대구,부동산업,regional_service_production_index_L,2023,3,52364.12185530404,70644.53086227545,69860.54,783.9908622754592,1.1222227344298503,prior_year_province_anchor,68547.8536806155,-1312.686319384491,1.8790096947210704,783.9908622754592,1312.686319384491,True,528.6954571090318,70644.53086227545,783.9908622754592,regional_service_production_index_L,783.9908622754592,1.1222227344298503
대구,부동산업,regional_service_production_index_L,2023,4,70206.59961384822,70206.59961384822,69860.54,346.0596138482215,0.49535777113692725,prior_year_province_anchor,68658.9635626314,-1201.576437368596,1.719964428228863,346.0596138482215,1201.576437368596,True,855.5168235203746,70206.59961384822,346.0596138482215,regional_service_production_index_L,346.0596138482215,0.49535777113692725
대구,부동산업,regional_service_production_index_L,2024,1,18235.60039165052,72801.40465635736,70535.43000000001,2265.974656357357,3.212533979529659,prior_year_province_anchor,70767.58177490756,232.1517749075574,0.3291278934679456,2265.974656357357,232.1517749075574,False,-2033.8228814497998,70767.58177490756,232.1517749075574,baseline,232.1517749075574,0.32912789346794563
대구,부동산업,regional_service_production_index_L,2024,2,34592.01690122659,69050.3017783505,70535.43000000001,-1485.128221649502,2.1055067242795595,prior_year_province_anchor,71297.12355031699,761.6935503169807,1.0798736894592982,1485.128221649502,761.6935503169807,False,-723.4346713325212,71297.12355031699,761.6935503169807,baseline,761.6935503169807,1.0798736894592982
대구,부동산업,regional_service_production_index_L,2024,3,49850.99002367118,66837.14675129832,70535.43000000001,-3698.283248701686,5.24315687690808,prior_year_province_anchor,71264.4190423471,728.9890423470933,1.03350761786962,3698.283248701686,728.9890423470933,False,-2969.2942063545925,71264.4190423471,728.9890423470933,baseline,728.9890423470933,1.0335076178696199
대구,부동산업,regional_service_production_index_L,2024,4,65500.83339358726,65500.83339358726,70535.43000000001,-5034.59660641275,7.1376847159119166,prior_year_province_anchor,71218.55496872881,683.1249687288073,0.9684848716861968,5034.59660641275,683.1249687288073,False,-4351.471637683942,71218.55496872881,683.1249687288073,baseline,683.1249687288073,0.9684848716861969
대구,부동산업,regional_service_production_index_L,2025,1,15088.138801927933,54195.400461665304,68077.62,-13882.219538334692,20.39175214752615,prior_year_province_anchor,70245.60059538564,2167.980595385641,3.184571663030584,13882.219538334692,2167.980595385641,False,-11714.23894294905,70245.60059538564,2167.980595385641,baseline,2167.980595385641,3.184571663030584
대구,부동산업,regional_service_production_index_L,2025,2,29447.77304796879,55760.0813428944,68077.62,-12317.538657105593,18.093374382220755,prior_year_province_anchor,70207.55762533896,2129.9376253389637,3.1286899062261044,12317.538657105593,2129.9376253389637,False,-10187.60103176663,70207.55762533896,2129.9376253389637,baseline,2129.9376253389637,3.1286899062261044
대구,부동산업,regional_service_production_index_L,2025,3,44131.18709662612,57985.39872738239,68077.62,-10092.221272617608,14.824580049387167,prior_year_province_anchor,70477.35666520511,2399.7366652051132,3.5250008228917427,10092.221272617608,2399.7366652051132,False,-7692.484607412494,70477.35666520511,2399.7366652051132,baseline,2399.7366652051132,3.5250008228917427
대구,부동산업,regional_service_production_index_L,2025,4,59429.782770254766,59429.782770254766,68077.62,-8647.83722974523,12.702907695282576,prior_year_province_anchor,70798.1743769226,2720.554376922606,3.996253654170939,8647.83722974523,2720.554376922606,False,-5927.282852822624,70798.1743769226,2720.554376922606,baseline,2720.554376922606,3.996253654170939
대구,사업서비스업,regional_service_production_index_M_N,2021,1,9601.403855,40705.47474297827,43003.32,-2297.845257021727,5.343413617882821,prior_year_province_anchor,39308.197230815495,-3695.122769184505,8.592645333394039,2297.845257021727,3695.122769184505,True,1397.2775121627783,40705.47474297827,-2297.845257021727,regional_service_production_index_M_N,2297.845257021727,5.343413617882821
대구,사업서비스업,regional_service_production_index_M_N,2021,2,20936.2557525,41202.96335055351,43003.32,-1800.3566494464903,4.186552688133126,prior_year_province_anchor,40583.428176138055,-2419.8918238619444,5.627220930528026,1800.3566494464903,2419.8918238619444,True,619.5351744154541,41202.96335055351,-1800.3566494464903,regional_service_production_index_M_N,1800.3566494464903,4.186552688133126
대구,사업서비스업,regional_service_production_index_M_N,2021,3,30302.869815000002,40661.34829251929,43003.32,-2341.971707480712,5.446025347532963,prior_year_province_anchor,40504.59324825213,-2498.726751747876,5.810543817890982,2341.971707480712,2498.726751747876,True,156.7550442671636,40661.34829251929,-2341.971707480712,regional_service_production_index_M_N,2341.971707480712,5.446025347532963
대구,사업서비스업,regional_service_production_index_M_N,2021,4,40593.656465,40593.656465,43003.32,-2409.6635349999997,5.603436048658568,prior_year_province_anchor,40515.174842060405,-2488.1451579395944,5.785937360044747,2409.6635349999997,2488.1451579395944,True,78.48162293959467,40593.656465,-2409.6635349999997,regional_service_production_index_M_N,2409.6635349999997,5.603436048658568
대구,사업서비스업,regional_service_production_index_M_N,2022,1,10377.73941914841,43875.91598335068,41827.53,2048.3859833506795,4.897219566516788,prior_year_province_anchor,44393.353557654526,2565.8235576545267,6.134293747812809,2048.3859833506795,2565.8235576545267,True,517.4375743038472,43875.91598335068,2048.3859833506795,regional_service_production_index_M_N,2048.3859833506795,4.897219566516788
대구,사업서비스업,regional_service_production_index_M_N,2022,2,22575.94919025351,43772.88549749464,41827.53,1945.3554974946383,4.650897381448626,prior_year_province_anchor,44455.15600097503,2627.626000975033,6.282049169470522,1945.3554974946383,2627.626000975033,True,682.2705034803948,43772.88549749464,1945.3554974946383,regional_service_production_index_M_N,1945.3554974946383,4.650897381448626
대구,사업서비스업,regional_service_production_index_M_N,2022,3,32673.209165641154,43768.95774480712,41827.53,1941.4277448071225,4.641507028521939,prior_year_province_anchor,44091.432872983096,2263.902872983097,5.4124708606582725,1941.4277448071225,2263.902872983097,True,322.47512817597453,43768.95774480712,1941.4277448071225,regional_service_production_index_M_N,1941.4277448071225,4.641507028521939
대구,사업서비스업,regional_service_production_index_M_N,2022,4,43320.8438985971,43320.8438985971,41827.53,1493.3138985971018,3.570169930180199,prior_year_province_anchor,44122.61160984213,2295.081609842134,5.487012046473064,1493.3138985971018,2295.081609842134,True,801.7677112450324,43320.8438985971,1493.3138985971018,regional_service_production_index_M_N,1493.3138985971018,3.570169930180199
대구,사업서비스업,regional_service_production_index_M_N,2023,1,10781.3447715612,45005.65441101479,41828.69,3176.9644110147856,7.595180272236078,prior_year_province_anchor,43633.96657037295,1805.2765703729456,4.315881205873159,3176.9644110147856,1805.2765703729456,False,-1371.68784064184,43633.96657037295,1805.2765703729456,baseline,1805.2765703729456,4.315881205873159
대구,사업서비스업,regional_service_production_index_M_N,2023,2,22303.587643537743,42798.21107594936,41828.69,969.5210759493566,2.317837531965157,prior_year_province_anchor,43704.94180354555,1876.2518035455505,4.485561951726316,969.5210759493566,1876.2518035455505,True,906.7307275961939,42798.21107594936,969.5210759493566,regional_service_production_index_M_N,969.5210759493566,2.317837531965157
대구,사업서비스업,regional_service_production_index_M_N,2023,3,31991.469011727335,42416.9363994169,41828.69,588.2463994169011,1.4063227880598246,prior_year_province_anchor,43848.872282927325,2020.1822829273224,4.82965706773825,588.2463994169011,2020.1822829273224,True,1431.9358835104213,42416.9363994169,588.2463994169011,regional_service_production_index_M_N,588.2463994169011,1.4063227880598246
대구,사업서비스업,regional_service_production_index_M_N,2023,4,42374.2617016858,42374.2617016858,41828.69,545.5717016857961,1.3043002343267172,prior_year_province_anchor,43897.98622296949,2069.2962229694895,4.947073941281664,545.5717016857961,2069.2962229694895,True,1523.7245212836933,42374.2617016858,545.5717016857961,regional_service_production_index_M_N,545.5717016857961,1.3043002343267172
대구,사업서비스업,regional_service_production_index_M_N,2025,1,10441.53255924721,41921.97400652985,42385.78,-463.8059934701523,1.0942490464258352,prior_year_province_anchor,42048.14892752852,-337.63107247147855,0.7965668497111025,463.8059934701523,337.63107247147855,False,-126.17492099867377,42048.14892752852,-337.63107247147855,baseline,337.63107247147855,0.7965668497111025
대구,사업서비스업,regional_service_production_index_M_N,2025,2,22121.722387314127,42571.82792532976,42385.78,186.0479253297599,0.4389394870868482,prior_year_province_anchor,42156.72530696466,-229.05469303533755,0.5404045720884164,186.0479253297599,229.05469303533755,True,43.00676770557766,42571.82792532976,186.0479253297599,regional_service_production_index_M_N,186.0479253297599,0.4389394870868482
대구,사업서비스업,regional_service_production_index_M_N,2025,3,32030.980537871746,42701.35983738578,42385.78,315.5798373857833,0.7445417717587911,prior_year_province_anchor,42626.73286483187,240.95286483187377,0.568475712448547,315.5798373857833,240.95286483187377,False,-74.62697255390955,42626.73286483187,240.95286483187377,baseline,240.95286483187377,0.5684757124485471
대구,사업서비스업,regional_service_production_index_M_N,2025,4,42343.175390334574,42343.175390334574,42385.78,-42.604609665424505,0.10051628085038072,prior_year_province_anchor,42797.24288480434,411.46288480434305,0.9707569019712344,42.604609665424505,411.46288480434305,True,368.85827513891854,42343.175390334574,-42.604609665424505,regional_service_production_index_M_N,42.604609665424505,0.10051628085038072
대구,서비스업,regional_service_production_index_T,2021,1,105752.3857325,434301.37877823407,436117.9,-1816.5212217659573,0.4165206752041036,prior_year_province_anchor,432092.3008824175,-4025.599117582547,0.9230529445323266,1816.5212217659573,4025.599117582547,True,2209.0778958165897,434301.37877823407,-1816.5212217659573,regional_service_production_index_T,1816.5212217659573,0.4165206752041036
대구,서비스업,regional_service_production_index_T,2021,2,217409.19180499998,445054.6403377686,436117.9,8936.74033776857,2.049156968280497,prior_year_province_anchor,438157.71361306,2039.8136130599887,0.4677206812790735,8936.74033776857,2039.8136130599887,False,-6896.926724708581,438157.71361306,2039.8136130599887,baseline,2039.8136130599887,0.46772068127907357
대구,서비스업,regional_service_production_index_T,2021,3,326957.2763275,441535.8221843349,436117.9,5417.922184334893,1.2423067671230401,prior_year_province_anchor,439197.77376520354,3079.8737652035197,0.7062020992955161,5417.922184334893,3079.8737652035197,False,-2338.0484191313735,439197.77376520354,3079.8737652035197,baseline,3079.8737652035197,0.7062020992955161
대구,서비스업,regional_service_production_index_T,2021,4,442304.34511249996,442304.34511249996,436117.9,6186.445112499932,1.4185258418652231,prior_year_province_anchor,439450.8917421288,3332.991742128739,0.7642409866984912,6186.445112499932,3332.991742128739,False,-2853.453370371193,439450.8917421288,3332.991742128739,baseline,3332.991742128739,0.7642409866984912
대구,서비스업,regional_service_production_index_T,2022,1,108535.65854588797,453945.25184446666,445405.07,8540.181844466657,1.9173966395278474,prior_year_province_anchor,455932.7983852312,10527.728385231168,2.3636301188109883,8540.181844466657,10527.728385231168,True,1987.5465407645115,453945.25184446666,8540.181844466657,regional_service_production_index_T,8540.181844466657,1.9173966395278474
대구,서비스업,regional_service_production_index_T,2022,2,224244.65084624552,456210.6257516974,445405.07,10805.555751697393,2.4260064555837664,prior_year_province_anchor,454114.8405904097,8709.770590409695,1.9554718114029763,10805.555751697393,8709.770590409695,False,-2095.7851612876984,454114.8405904097,8709.770590409695,baseline,8709.770590409695,1.9554718114029763
대구,서비스업,regional_service_production_index_T,2022,3,338498.1841239571,457916.7631086746,445405.07,12511.693108674604,2.809059427337593,prior_year_province_anchor,453631.3745895436,8226.304589543608,1.846926571703283,12511.693108674604,8226.304589543608,False,-4285.388519130996,453631.3745895436,8226.304589543608,baseline,8226.304589543608,1.846926571703283
대구,서비스업,regional_service_production_index_T,2022,4,456494.32631704415,456494.32631704415,445405.07,11089.256317044143,2.4897014120302092,prior_year_province_anchor,451902.7673272913,6497.697327291302,1.4588287751846432,11089.256317044143,6497.697327291302,False,-4591.558989752841,451902.7673272913,6497.697327291302,baseline,6497.697327291302,1.4588287751846432
대구,서비스업,regional_service_production_index_T,2023,1,111883.80601457527,470576.42931992334,454620.36,15956.06931992335,3.509756870528929,prior_year_province_anchor,467162.7384612387,12542.378461238695,2.7588686219945573,15956.06931992335,12542.378461238695,False,-3413.690858684655,467162.7384612387,12542.378461238695,baseline,12542.378461238695,2.7588686219945573
대구,서비스업,regional_service_production_index_T,2023,2,225086.2788271464,458207.62648586,454620.36,3587.266485859989,0.7890685946973403,prior_year_province_anchor,461022.0284423635,6401.6684423635015,1.4081350079357426,3587.266485859989,6401.6684423635015,True,2814.4019565035123,458207.62648586,3587.266485859989,regional_service_production_index_T,3587.266485859989,0.7890685946973403
대구,서비스업,regional_service_production_index_T,2023,3,336970.0848417217,454433.55114864866,454620.36,-186.8088513513212,0.041091175800248195,prior_year_province_anchor,459407.8035354734,4787.4435354734305,1.053064041274665,186.8088513513212,4787.4435354734305,True,4600.634684122109,454433.55114864866,-186.8088513513212,regional_service_production_index_T,186.8088513513212,0.041091175800248195
대구,서비스업,regional_service_production_index_T,2023,4,452809.8912502846,452809.8912502846,454620.36,-1810.4687497153645,0.3982374985835136,prior_year_province_anchor,456049.772128419,1429.4121284190333,0.3144188545403099,1810.4687497153645,1429.4121284190333,False,-381.0566212963313,456049.772128419,1429.4121284190333,baseline,1429.4121284190333,0.3144188545403099
대구,서비스업,regional_service_production_index_T,2024,1,115182.71217741935,466161.04003626475,459849.72,6311.320036264777,1.3724744762842906,prior_year_province_anchor,469268.492783931,9418.772783931054,2.0482284481832576,6311.320036264777,9418.772783931054,True,3107.452747666277,466161.04003626475,6311.320036264777,regional_service_production_index_T,6311.320036264777,1.3724744762842906
대구,서비스업,regional_service_production_index_T,2024,2,230569.10731182795,463839.7904641731,459849.72,3990.070464173099,0.8676900932272176,prior_year_province_anchor,466266.8951975909,6417.175197590899,1.3954939882514008,3990.070464173099,6417.175197590899,True,2427.1047334178,463839.7904641731,3990.070464173099,regional_service_production_index_T,3990.070464173099,0.8676900932272176
대구,서비스업,regional_service_production_index_T,2024,3,341881.8433064516,459410.1590969296,459849.72,-439.5609030703781,0.09558794622520987,prior_year_province_anchor,465403.68364362896,5553.9636436289875,1.207777976602658,439.5609030703781,5553.9636436289875,True,5114.402740558609,459410.1590969296,-439.5609030703781,regional_service_production_index_T,439.5609030703781,0.09558794622520987
대구,서비스업,regional_service_production_index_T,2024,4,457879.287311828,457879.287311828,459849.72,-1970.4326881719753,0.4284949196385235,prior_year_province_anchor,463565.485329936,3715.7653299359954,0.8080390545711316,1970.4326881719753,3715.7653299359954,True,1745.33264176402,457879.287311828,-1970.4326881719753,regional_service_production_index_T,1970.4326881719753,0.4284949196385235
대구,서비스업,regional_service_production_index_T,2025,1,112916.83516014235,448871.87522546423,460143.43,-11271.554774535762,2.449574206576363,prior_year_province_anchor,468096.4051388455,7952.975138845504,1.7283687259960452,11271.554774535762,7952.975138845504,False,-3318.5796356902574,468096.4051388455,7952.975138845504,baseline,7952.975138845504,1.7283687259960452
대구,서비스업,regional_service_production_index_T,2025,2,227470.1461921708,451725.1666431096,460143.43,-8418.263356890413,1.8294868095564059,prior_year_province_anchor,467532.53937811987,7389.109378119872,1.605827421706287,8418.263356890413,7389.109378119872,False,-1029.1539787705406,467532.53937811987,7389.109378119872,baseline,7389.109378119872,1.605827421706287
대구,서비스업,regional_service_production_index_T,2025,3,340386.98135231313,455877.2321000893,460143.43,-4266.19789991068,0.9271452381512172,prior_year_province_anchor,469054.394933843,8910.964933843003,1.9365624613705783,4266.19789991068,8910.964933843003,True,4644.767033932323,455877.2321000893,-4266.19789991068,regional_service_production_index_T,4266.19789991068,0.9271452381512172
대구,서비스업,regional_service_production_index_T,2025,4,456985.88722419925,456985.88722419925,460143.43,-3157.5427758007427,0.6862083798090397,prior_year_province_anchor,469349.42710539856,9205.997105398565,2.00067989787414,3157.5427758007427,9205.997105398565,True,6048.454329597822,456985.88722419925,-3157.5427758007427,regional_service_production_index_T,3157.5427758007427,0.6862083798090397
대구,숙박 및 음식점업,regional_service_production_index_I,2022,1,4061.6775000000002,18630.738097826088,19220.35,-589.6119021739105,3.0676439407914557,prior_year_province_anchor,17775.697181825166,-1444.6528181748326,7.516266967952367,589.6119021739105,1444.6528181748326,True,855.0409160009222,18630.738097826088,-589.6119021739105,regional_service_production_index_I,589.6119021739105,3.0676439407914557
대구,숙박 및 음식점업,regional_service_production_index_I,2022,2,8827.892424170617,19114.26681888148,19220.35,-106.08318111851986,0.5519315783454509,prior_year_province_anchor,18425.76912999925,-794.5808700007474,4.1340603579058,106.08318111851986,794.5808700007474,True,688.4976888822275,19114.26681888148,-106.08318111851986,regional_service_production_index_I,106.08318111851986,0.5519315783454509
대구,숙박 및 음식점업,regional_service_production_index_I,2022,3,13802.00363744076,19492.789608433734,19220.35,272.439608433735,1.4174539404003308,prior_year_province_anchor,18845.274169881657,-375.07583011834504,1.9514516130993715,272.439608433735,375.07583011834504,True,102.63622168461006,19492.789608433734,272.439608433735,regional_service_production_index_I,272.439608433735,1.4174539404003308
대구,숙박 및 음식점업,regional_service_production_index_I,2022,4,18903.16258293839,18903.16258293839,19220.35,-317.1874170616102,1.650268684293523,prior_year_province_anchor,18490.32528533992,-730.0247146600777,3.798186373609626,317.1874170616102,730.0247146600777,True,412.83729759846756,18903.16258293839,-317.1874170616102,regional_service_production_index_I,317.1874170616102,1.650268684293523
대구,숙박 및 음식점업,regional_service_production_index_I,2024,1,4876.436094470047,19981.494240755314,19485.54,495.95424075531264,2.5452424759863606,prior_year_province_anchor,19745.56224628089,260.0222462808888,1.3344369531503295,495.95424075531264,260.0222462808888,False,-235.93199447442385,19745.56224628089,260.0222462808888,baseline,260.0222462808888,1.3344369531503297
대구,숙박 및 음식점업,regional_service_production_index_I,2024,2,9775.430875576038,19863.61451424113,19485.54,378.0745142411288,1.9402824568430166,prior_year_province_anchor,19641.95383497671,156.41383497670904,0.8027174765323877,378.0745142411288,156.41383497670904,False,-221.66067926441974,19641.95383497671,156.41383497670904,baseline,156.41383497670904,0.8027174765323877
대구,숙박 및 음식점업,regional_service_production_index_I,2024,3,14636.827845622123,19626.312929969106,19485.54,140.77292996910546,0.7224481844952999,prior_year_province_anchor,19450.64570955119,-34.89429044881035,0.1790778723546299,140.77292996910546,34.89429044881035,False,-105.87863952029511,19450.64570955119,-34.89429044881035,baseline,34.89429044881035,0.1790778723546299
대구,숙박 및 음식점업,regional_service_production_index_I,2024,4,19501.984596774197,19501.984596774197,19485.54,16.444596774195816,0.08439384679200995,prior_year_province_anchor,19286.60417162535,-198.93582837465144,1.0209408021263533,16.444596774195816,198.93582837465144,True,182.49123160045562,19501.984596774197,16.444596774195816,regional_service_production_index_I,16.444596774195816,0.08439384679200995
대구,운수 및 창고업,regional_service_production_index_H,2021,1,4705.49961,19688.28288702929,20771.95,-1083.6671129707101,5.2169734327817565,prior_year_province_anchor,19558.82628644515,-1213.1237135548508,5.8402013944518965,1083.6671129707101,1213.1237135548508,True,129.4566005841407,19688.28288702929,-1083.6671129707101,regional_service_production_index_H,1083.6671129707101,5.2169734327817565
대구,운수 및 창고업,regional_service_production_index_H,2021,2,9740.089485,20430.182454116417,20771.95,-341.7675458835838,1.6453320265241531,prior_year_province_anchor,21455.648505100613,683.6985051006122,3.2914507549874337,341.7675458835838,683.6985051006122,True,341.93095921702843,20430.182454116417,-341.7675458835838,regional_service_production_index_H,341.7675458835838,1.6453320265241531
대구,운수 및 창고업,regional_service_production_index_H,2021,3,14877.827055,20146.008199052132,20771.95,-625.9418009478686,3.0133993243189425,prior_year_province_anchor,21620.24032116967,848.2903211696685,4.08382612691475,625.9418009478686,848.2903211696685,True,222.34852022179984,20146.008199052132,-625.9418009478686,regional_service_production_index_H,625.9418009478686,3.0133993243189425
대구,운수 및 창고업,regional_service_production_index_H,2021,4,20246.41899,20246.41899,20771.95,-525.5310100000024,2.530003249574558,prior_year_province_anchor,21782.1503479365,1010.2003479364976,4.863290870315486,525.5310100000024,1010.2003479364976,True,484.66933793649514,20246.41899,-525.5310100000024,regional_service_production_index_H,525.5310100000024,2.530003249574558
대구,운수 및 창고업,regional_service_production_index_H,2022,1,4958.660553129549,21335.698121085596,23577.14,-2241.441878914404,9.506843828023262,prior_year_province_anchor,22309.64177735594,-1267.4982226440588,5.375962574952089,2241.441878914404,1267.4982226440588,False,-973.943656270345,22309.64177735594,-1267.4982226440588,baseline,1267.4982226440588,5.375962574952089
대구,운수 및 창고업,regional_service_production_index_H,2022,2,10325.503529839885,21463.30083207262,23577.14,-2113.839167927381,8.96563013125163,prior_year_province_anchor,22695.42203095839,-881.7179690416051,3.73971554243477,2113.839167927381,881.7179690416051,False,-1232.1211988857758,22695.42203095839,-881.7179690416051,baseline,881.7179690416051,3.73971554243477
대구,운수 및 창고업,regional_service_production_index_H,2022,3,15596.600012130035,21224.557692307695,23577.14,-2352.5823076923043,9.97823445800595,prior_year_province_anchor,23155.20210108125,-421.93789891874985,1.7896059442271195,2352.5823076923043,421.93789891874985,False,-1930.6444087735545,23155.20210108125,-421.93789891874985,baseline,421.93789891874985,1.7896059442271195
대구,운수 및 창고업,regional_service_production_index_H,2022,4,20782.02857836002,20782.02857836002,23577.14,-2795.11142163998,11.855175910394475,prior_year_province_anchor,23429.49971466554,-147.6402853344589,0.6262009952626099,2795.11142163998,147.6402853344589,False,-2647.471136305521,23429.49971466554,-147.6402853344589,baseline,147.6402853344589,0.6262009952626099
대구,운수 및 창고업,regional_service_production_index_H,2023,1,5802.812099903007,24319.915752032517,28745.699999999997,-4425.78424796748,15.396334923023202,prior_year_province_anchor,26246.27274769856,-2499.427252301437,8.69496047165815,4425.78424796748,2499.427252301437,False,-1926.356995666043,26246.27274769856,-2499.427252301437,baseline,2499.427252301437,8.69496047165815
대구,운수 및 창고업,regional_service_production_index_H,2023,2,11937.213462657615,24025.8996193265,28745.699999999997,-4719.800380673496,16.41915271040015,prior_year_province_anchor,27587.73378077194,-1157.9662192280557,4.0283110838423,4719.800380673496,1157.9662192280557,False,-3561.8341614454403,27587.73378077194,-1157.9662192280557,baseline,1157.9662192280557,4.0283110838423
대구,운수 및 창고업,regional_service_production_index_H,2023,3,18025.878375363725,24018.973318255248,28745.699999999997,-4726.726681744749,16.44324779617386,prior_year_province_anchor,27771.97583434875,-973.7241656512488,3.387373296358234,4726.726681744749,973.7241656512488,False,-3753.0025160935,27771.97583434875,-973.7241656512488,baseline,973.7241656512488,3.387373296358234
대구,운수 및 창고업,regional_service_production_index_H,2023,4,24400.39610087294,24400.39610087294,28745.699999999997,-4345.303899127059,15.116361400581857,prior_year_province_anchor,27717.4468543754,-1028.253145624596,3.5770676853393595,4345.303899127059,1028.253145624596,False,-3317.0507535024626,27717.4468543754,-1028.253145624596,baseline,1028.253145624596,3.5770676853393595
대구,운수 및 창고업,regional_service_production_index_H,2024,1,7172.954662605435,30161.744334975367,31303.59,-1141.8456650246335,3.647650844598442,prior_year_province_anchor,33861.97490799951,2558.384907999509,8.172816306370958,1141.8456650246335,2558.384907999509,True,1416.5392429748754,30161.744334975367,-1141.8456650246335,regional_service_production_index_H,1141.8456650246335,3.647650844598442
대구,운수 및 창고업,regional_service_production_index_H,2024,2,14419.996180880973,29475.356178160913,31303.59,-1828.2338218390869,5.840332760041538,prior_year_province_anchor,32135.47948234527,831.8894823452683,2.657489068650811,1828.2338218390869,831.8894823452683,False,-996.3443394938186,32135.47948234527,831.8894823452683,baseline,831.8894823452683,2.657489068650811
대구,운수 및 창고업,regional_service_production_index_H,2024,3,21518.863987816305,29128.611322549947,31303.59,-2174.9786774500535,6.948016752871007,prior_year_province_anchor,31742.902923708272,439.31292370827214,1.403394702359289,2174.9786774500535,439.31292370827214,False,-1735.6657537417814,31742.902923708272,439.31292370827214,baseline,439.31292370827214,1.403394702359289
대구,운수 및 창고업,regional_service_production_index_H,2024,4,28954.490229615738,28954.490229615738,31303.59,-2349.0997703842622,7.504250376344254,prior_year_province_anchor,31364.52564899662,60.93564899661942,0.1946602578062753,2349.0997703842622,60.93564899661942,False,-2288.164121387643,31364.52564899662,60.93564899661942,baseline,60.93564899661942,0.19466025780627533
대구,운수 및 창고업,regional_service_production_index_H,2025,1,7252.471653872994,29275.47008450704,31124.27,-1848.7999154929603,5.940058724246256,prior_year_province_anchor,32392.244024874897,1267.974024874893,4.0739076767901485,1848.7999154929603,1267.974024874893,False,-580.8258906180672,32392.244024874897,1267.974024874893,baseline,1267.974024874893,4.0739076767901485
대구,운수 및 창고업,regional_service_production_index_H,2025,2,14890.868004187021,29899.972699673053,31124.27,-1224.2973003269472,3.933577559656651,prior_year_province_anchor,32307.35081485728,1183.0808148572796,3.801152010496245,1224.2973003269472,1183.0808148572796,False,-41.21648546966753,32307.35081485728,1183.0808148572796,baseline,1183.0808148572796,3.801152010496245
대구,운수 및 창고업,regional_service_production_index_H,2025,3,22485.574766224705,30255.238159624412,31124.27,-869.0318403755882,2.79213565611527,prior_year_province_anchor,32165.78824938452,1041.5182493845205,3.346321855531135,869.0318403755882,1041.5182493845205,True,172.48640900893224,30255.238159624412,-869.0318403755882,regional_service_production_index_H,869.0318403755882,2.79213565611527
대구,운수 및 창고업,regional_service_production_index_H,2025,4,29949.21276343336,29949.21276343336,31124.27,-1175.0572365666412,3.7753728410871683,prior_year_province_anchor,32004.976218351418,880.7062183514172,2.829644577531994,1175.0572365666412,880.7062183514172,False,-294.35101821522403,32004.976218351418,880.7062183514172,baseline,880.7062183514172,2.829644577531994
대구,정보통신업,regional_service_production_index_J,2021,1,4889.284731182795,21160.443333333333,21780.83,-620.386666666669,2.8483150856357127,prior_year_province_anchor,21680.512485208932,-100.3175147910697,0.4605770982605791,620.386666666669,100.3175147910697,False,-520.0691518755993,21680.512485208932,-100.3175147910697,baseline,100.3175147910697,0.46057709826057913
대구,정보통신업,regional_service_production_index_J,2021,2,10347.090942735682,21483.913125649007,21780.83,-296.9168743509945,1.3632027537563742,prior_year_province_anchor,21970.54595080606,189.7159508060577,0.8710225955854651,296.9168743509945,189.7159508060577,False,-107.20092354493678,21970.54595080606,189.7159508060577,baseline,189.7159508060577,0.8710225955854652
대구,정보통신업,regional_service_production_index_J,2021,3,16027.137369342334,21392.697710280372,21780.83,-388.1322897196296,1.781990354452193,prior_year_province_anchor,22359.360588258525,578.5305882585235,2.6561457403529776,388.1322897196296,578.5305882585235,True,190.39829853889387,21392.697710280372,-388.1322897196296,regional_service_production_index_J,388.1322897196296,1.781990354452193
대구,정보통신업,regional_service_production_index_J,2021,4,21552.13248312078,21552.13248312078,21780.83,-228.69751687922326,1.049994499195959,prior_year_province_anchor,22545.70408929802,764.8740892980168,3.5116847672839677,228.69751687922326,764.8740892980168,True,536.1765724187935,21552.13248312078,-228.69751687922326,regional_service_production_index_J,228.69751687922326,1.049994499195959
대구,정보통신업,regional_service_production_index_J,2022,1,5197.104520383693,22909.01252642706,21563.71,1345.3025264270618,6.2387340880908795,prior_year_province_anchor,22461.002657940688,897.2926579406885,4.161123748838621,1345.3025264270618,897.2926579406885,False,-448.0098684863733,22461.002657940688,897.2926579406885,baseline,897.2926579406885,4.161123748838621
대구,정보통신업,regional_service_production_index_J,2022,2,11047.111618705036,23010.217507492507,21563.71,1446.507507492508,6.70806418511707,prior_year_province_anchor,22571.89818160836,1008.1881816083624,4.675392970914386,1446.507507492508,1008.1881816083624,False,-438.31932588414566,22571.89818160836,1008.1881816083624,baseline,1008.1881816083624,4.675392970914386
대구,정보통신업,regional_service_production_index_J,2022,3,16949.350923261394,22792.258416639794,21563.71,1228.5484166397946,5.697296136146306,prior_year_province_anchor,22513.548250375738,949.8382503757348,4.404799778775242,1228.5484166397946,949.8382503757348,False,-278.7101662640598,22513.548250375738,949.8382503757348,baseline,949.8382503757348,4.404799778775242
대구,정보통신업,regional_service_production_index_J,2022,4,22480.741563549163,22480.741563549163,21563.71,917.0315635491643,4.252661362767188,prior_year_province_anchor,22288.143399680877,724.4333996808782,3.3595026073012404,917.0315635491643,724.4333996808782,False,-192.59816386828606,22288.143399680877,724.4333996808782,baseline,724.4333996808782,3.3595026073012404
대구,정보통신업,regional_service_production_index_J,2023,1,5385.917344330855,23297.4756281407,21299.79,1997.685628140698,9.378898233929526,prior_year_province_anchor,22966.594560887253,1666.8045608872526,7.82545067762289,1997.685628140698,1666.8045608872526,False,-330.8810672534455,22966.594560887253,1666.8045608872526,baseline,1666.8045608872526,7.82545067762289
대구,정보통신업,regional_service_production_index_J,2023,2,10611.509707249072,21594.296822695036,21299.79,294.5068226950352,1.3826747714180994,prior_year_province_anchor,22356.985383570493,1057.1953835704917,4.963407543316115,294.5068226950352,1057.1953835704917,True,762.6885608754565,21594.296822695036,294.5068226950352,regional_service_production_index_J,294.5068226950352,1.3826747714180994
대구,정보통신업,regional_service_production_index_J,2023,3,15912.254405204461,21105.19043451464,21299.79,-194.59956548536138,0.9136219910401059,prior_year_province_anchor,22391.733198850252,1091.943198850251,5.126544434711568,194.59956548536138,1091.943198850251,True,897.3436333648897,21105.19043451464,-194.59956548536138,regional_service_production_index_J,194.59956548536138,0.9136219910401059
대구,정보통신업,regional_service_production_index_J,2023,4,21588.760778345728,21588.760778345728,21299.79,288.970778345727,1.3566836966267133,prior_year_province_anchor,22461.82225191804,1162.0322519180372,5.455604266136132,288.970778345727,1162.0322519180372,True,873.0614735723102,21588.760778345728,288.970778345727,regional_service_production_index_J,288.970778345727,1.3566836966267133
대구,정보통신업,regional_service_production_index_J,2024,1,5565.923309352517,22310.291665116278,21096.47,1213.8216651162766,5.753671894474651,prior_year_province_anchor,21832.266867534017,735.7968675340162,3.4877724450299796,1213.8216651162766,735.7968675340162,False,-478.02479758226036,21832.266867534017,735.7968675340162,baseline,735.7968675340162,3.4877724450299796
대구,정보통신업,regional_service_production_index_J,2024,2,11334.513453237409,23059.68766288952,21096.47,1963.2176628895177,9.305905978059446,prior_year_province_anchor,21537.770006998293,441.3000069982918,2.091819185855699,1963.2176628895177,441.3000069982918,False,-1521.9176558912259,21537.770006998293,441.3000069982918,baseline,441.3000069982918,2.091819185855699
대구,정보통신업,regional_service_production_index_J,2024,3,16964.69697841727,23016.649647355167,21096.47,1920.1796473551658,9.10190021058104,prior_year_province_anchor,21439.87603851632,343.40603851632113,1.627789097021071,1920.1796473551658,343.40603851632113,False,-1576.7736088388447,21439.87603851632,343.40603851632113,baseline,343.40603851632113,1.627789097021071
대구,정보통신업,regional_service_production_index_J,2024,4,23099.07604316547,23099.07604316547,21096.47,2002.6060431654696,9.492612001749437,prior_year_province_anchor,21398.083539793508,301.6135397935068,1.4296872405360082,2002.6060431654696,301.6135397935068,False,-1700.9925033719628,21398.083539793508,301.6135397935068,baseline,301.6135397935068,1.4296872405360082
대구,정보통신업,regional_service_production_index_J,2025,1,5683.812482345388,23588.326580817054,20119.44,3468.886580817056,17.241466863973628,prior_year_province_anchor,21316.32615027763,1196.8861502776308,5.948903897313399,3468.886580817056,1196.8861502776308,False,-2272.000430539425,21316.32615027763,1196.8861502776308,baseline,1196.8861502776308,5.948903897313399
대구,정보통신업,regional_service_production_index_J,2025,2,10469.230457949923,21335.67986480593,20119.44,1216.2398648059316,6.045097998780938,prior_year_province_anchor,21527.545811411004,1408.1058114110056,6.99873262581367,1216.2398648059316,1408.1058114110056,True,191.865946605074,21335.67986480593,1216.2398648059316,regional_service_production_index_J,1216.2398648059316,6.045097998780938
대구,정보통신업,regional_service_production_index_J,2025,3,15227.561161994434,20733.797584498832,20119.44,614.3575844988336,3.053552109297444,prior_year_province_anchor,21534.79623640715,1415.3562364071513,7.034769538352714,614.3575844988336,1415.3562364071513,True,800.9986519083177,20733.797584498832,614.3575844988336,regional_service_production_index_J,614.3575844988336,3.053552109297444
대구,정보통신업,regional_service_production_index_J,2025,4,19913.659141878878,19913.659141878878,20119.44,-205.78085812112113,1.0227961519859456,prior_year_province_anchor,21534.72288979606,1415.2828897960608,7.034404982425261,205.78085812112113,1415.2828897960608,True,1209.5020316749396,19913.659141878878,-205.78085812112113,regional_service_production_index_J,205.78085812112113,1.0227961519859456
세종,건설업,regional_construction_orders_raw,2022,1,2304.0840804983495,11629.037020772574,12575.77,-946.7329792274268,7.528230710544379,prior_year_province_anchor,12462.42509244324,-113.34490755676052,0.9012959648336484,946.7329792274268,113.34490755676052,False,-833.3880716706662,12462.42509244324,-113.34490755676052,baseline,113.34490755676052,0.9012959648336485
세종,건설업,regional_construction_orders_bok_12_24q,2022,2,6302.315234286623,12756.570823668766,12575.77,180.8008236687656,1.4376918762729087,prior_year_province_anchor,12398.856249251838,-176.91375074816278,1.4067826522603608,180.8008236687656,176.91375074816278,False,-3.8870729206028045,12398.856249251838,-176.91375074816278,baseline,176.91375074816278,1.4067826522603608
세종,건설업,regional_construction_orders_bok_12_24q,2022,3,9557.424272098404,12666.419667944812,12575.77,90.64966794481188,0.7208279727190612,prior_year_province_anchor,12515.530570936584,-60.23942906341654,0.4790118542516008,90.64966794481188,60.23942906341654,False,-30.410238881395344,12515.530570936584,-60.23942906341654,baseline,60.23942906341654,0.4790118542516008
세종,건설업,regional_construction_orders_bok_12_24q,2022,4,12767.975393452216,12767.975393452216,12575.77,192.2053934522155,1.5283787271253808,prior_year_province_anchor,12584.62642452694,8.856424526939009,0.0704245109996366,192.2053934522155,8.856424526939009,False,-183.3489689252765,12584.62642452694,8.856424526939009,baseline,8.856424526939009,0.07042451099963666
세종,건설업,regional_construction_orders_bok_12_24q,2023,1,2933.715422860676,11821.7904917892,12255.989999999998,-434.19950821079874,3.5427534471780637,prior_year_province_anchor,12850.847923676416,594.8579236764181,4.853609734312921,434.19950821079874,594.8579236764181,True,160.65841546561933,11821.7904917892,-434.19950821079874,regional_construction_orders_bok_12_24q,434.19950821079874,3.5427534471780637
세종,건설업,regional_construction_orders_bok_12_24q,2023,2,5836.093030980826,11823.447327432157,12255.989999999998,-432.5426725678408,3.529234868565011,prior_year_province_anchor,12698.83841795875,442.8484179587522,3.6133222853376368,432.5426725678408,442.8484179587522,True,10.305745390911397,11823.447327432157,-432.5426725678408,regional_construction_orders_bok_12_24q,432.5426725678408,3.529234868565011
세종,건설업,regional_construction_orders_bok_12_24q,2023,3,8542.956331575242,11412.725136344814,12255.989999999998,-843.264863655184,6.88043041529231,prior_year_province_anchor,12691.171389492476,435.1813894924781,3.5507648871488806,843.264863655184,435.1813894924781,False,-408.08347416270584,12691.171389492476,435.1813894924781,baseline,435.1813894924781,3.5507648871488815
세종,건설업,regional_construction_orders_bok_12_24q,2023,4,11014.0084458213,11014.0084458213,12255.989999999998,-1241.9815541786975,10.133669774360927,prior_year_province_anchor,12503.037154653131,247.0471546531353,2.0157258177685793,1241.9815541786975,247.0471546531353,False,-994.9343995255622,12503.037154653131,247.0471546531353,baseline,247.0471546531353,2.0157258177685793
세종,건설업,regional_construction_orders_bok_12_24q,2024,1,2532.387774275248,9507.309439974533,10516.05,-1008.740560025466,9.592390298880913,prior_year_province_anchor,12687.394699431636,2171.3446994316364,20.64791152031073,1008.740560025466,2171.3446994316364,True,1162.6041394061704,9507.309439974533,-1008.740560025466,regional_construction_orders_bok_12_24q,1008.740560025466,9.592390298880913
세종,건설업,regional_construction_orders_raw,2024,2,4947.173819430001,10954.136233330286,10516.05,438.08623333028663,4.165881993051446,prior_year_province_anchor,12377.25939483838,1861.2093948383808,17.698749956860045,438.08623333028663,1861.2093948383808,True,1423.1231615080942,10954.136233330286,438.08623333028663,regional_construction_orders_raw,438.08623333028663,4.165881993051446
세종,건설업,regional_construction_orders_bok_12_24q,2024,3,7148.161677429593,9215.769112188429,10516.05,-1300.2808878115702,12.36472713434769,prior_year_province_anchor,12057.631786812151,1541.581786812152,14.659323479939257,1300.2808878115702,1541.581786812152,True,241.3008990005817,9215.769112188429,-1300.2808878115702,regional_construction_orders_bok_12_24q,1300.2808878115702,12.36472713434769
세종,건설업,regional_construction_orders_bok_12_24q,2024,4,9582.81693477219,9582.81693477219,10516.05,-933.2330652278088,8.874368847883082,prior_year_province_anchor,11882.911763998503,1366.861763998506,12.997862923802243,933.2330652278088,1366.861763998506,True,433.62869877069716,9582.81693477219,-933.2330652278088,regional_construction_orders_bok_12_24q,933.2330652278088,8.874368847883082
세종,교육 서비스업,regional_service_production_index_P,2022,1,2778.06962304922,10998.72621673004,10160.66,838.0662167300397,8.248147430679106,prior_year_province_anchor,9934.040005618464,-226.61999438153543,2.230366869686964,838.0662167300397,226.61999438153543,False,-611.4462223485043,9934.040005618464,-226.61999438153543,baseline,226.61999438153543,2.230366869686964
세종,교육 서비스업,regional_service_production_index_P,2022,2,5237.605464585834,10538.467033816425,10160.66,377.80703381642525,3.718331622320058,prior_year_province_anchor,9907.262199900706,-253.39780009929385,2.493910829604512,377.80703381642525,253.39780009929385,False,-124.4092337171314,9907.262199900706,-253.39780009929385,baseline,253.39780009929385,2.4939108296045123
세종,교육 서비스업,regional_service_production_index_P,2022,3,7776.7747515006,10451.84473701194,10160.66,291.18473701193943,2.86580534150281,prior_year_province_anchor,9868.012248645013,-292.64775135498894,2.8802041536178646,291.18473701193943,292.64775135498894,True,1.4630143430495082,10451.84473701194,291.18473701193943,regional_service_production_index_P,291.18473701193943,2.86580534150281
세종,교육 서비스업,regional_service_production_index_P,2022,4,10350.072657863146,10350.072657863146,10160.66,189.4126578631458,1.864176715519915,prior_year_province_anchor,9856.191474578496,-304.4685254215037,2.9965427976283405,189.4126578631458,304.4685254215037,True,115.05586755835793,10350.072657863146,189.4126578631458,regional_service_production_index_P,189.4126578631458,1.864176715519915
세종,교육 서비스업,regional_service_production_index_P,2023,1,2521.7377753352384,9395.073824733825,10382.9,-987.8261752661747,9.513971773456113,prior_year_province_anchor,10341.269976731384,-41.63002326861533,0.4009479362087214,987.8261752661747,41.63002326861533,False,-946.1961519975594,10341.269976731384,-41.63002326861533,baseline,41.63002326861533,0.40094793620872143
세종,교육 서비스업,regional_service_production_index_P,2023,2,4916.160180259399,9714.862145960036,10382.9,-668.0378540399633,6.434019917749023,prior_year_province_anchor,10327.04197426153,-55.85802573846922,0.5379809661893038,668.0378540399633,55.85802573846922,False,-612.1798283014941,10327.04197426153,-55.85802573846922,baseline,55.85802573846922,0.5379809661893038
세종,교육 서비스업,regional_service_production_index_P,2023,3,7353.021041987251,9786.100854300763,10382.9,-596.7991456992368,5.747904204983548,prior_year_province_anchor,10302.625400112942,-80.27459988705778,0.7731423772458348,596.7991456992368,80.27459988705778,False,-516.524545812179,10302.625400112942,-80.27459988705778,baseline,80.27459988705778,0.7731423772458348
세종,교육 서비스업,regional_service_production_index_P,2023,4,9814.451536601453,9814.451536601453,10382.9,-568.4484633985467,5.474852530589206,prior_year_province_anchor,10279.379484183408,-103.5205158165918,0.9970289207889106,568.4484633985467,103.5205158165918,False,-464.92794758195487,10279.379484183408,-103.5205158165918,baseline,103.5205158165918,0.9970289207889106
세종,교육 서비스업,regional_service_production_index_P,2024,1,2648.8918752844784,10309.327635075286,10635.259999999998,-325.9323649247126,3.0646393687104276,prior_year_province_anchor,10516.061178343003,-119.19882165699528,1.120788976075764,325.9323649247126,119.19882165699528,False,-206.73354326771732,10516.061178343003,-119.19882165699528,baseline,119.19882165699528,1.1207889760757639
세종,교육 서비스업,regional_service_production_index_P,2024,2,5243.435389167045,10467.812403452974,10635.259999999998,-167.44759654702466,1.574457009485661,prior_year_province_anchor,10520.48182880097,-114.7781711990283,1.0792229921885157,167.44759654702466,114.7781711990283,False,-52.669425347996366,10520.48182880097,-114.7781711990283,baseline,114.7781711990283,1.0792229921885155
세종,교육 서비스업,regional_service_production_index_P,2024,3,7868.6975421028665,10502.751215066826,10635.259999999998,-132.50878493317214,1.2459383685323364,prior_year_province_anchor,10502.021980415451,-133.23801958454533,1.2527951322726982,132.50878493317214,133.23801958454533,True,0.72923465137319,10502.751215066826,-132.50878493317214,regional_service_production_index_P,132.50878493317214,1.2459383685323364
세종,교육 서비스업,regional_service_production_index_P,2024,4,10512.863472917614,10512.863472917614,10635.259999999998,-122.39652708238464,1.15085599301178,prior_year_province_anchor,10498.723407176312,-136.53659282368608,1.2838105774911577,122.39652708238464,136.53659282368608,True,14.140065741301441,10512.863472917614,-122.39652708238464,regional_service_production_index_P,122.39652708238464,1.15085599301178
세종,교육 서비스업,regional_service_production_index_P,2025,1,2729.931876826253,10834.493238180195,10962.48,-127.98676181980409,1.16749824692774,prior_year_province_anchor,10568.190141955887,-394.2898580441106,3.596721344477806,127.98676181980409,394.2898580441106,True,266.3030962243065,10834.493238180195,-127.98676181980409,regional_service_production_index_P,127.98676181980409,1.16749824692774
세종,교육 서비스업,regional_service_production_index_P,2025,2,5402.492155540571,10831.765479945921,10962.48,-130.7145200540781,1.192380921598745,prior_year_province_anchor,10548.791686259909,-413.6883137400928,3.7736745128847926,130.7145200540781,413.6883137400928,True,282.9737936860147,10831.765479945921,-130.7145200540781,regional_service_production_index_P,130.7145200540781,1.192380921598745
세종,교육 서비스업,regional_service_production_index_P,2025,3,8091.785817037536,10810.917447447446,10962.48,-151.56255255255383,1.382557163639558,prior_year_province_anchor,10585.961873544053,-376.5181264559469,3.4346071915839023,151.56255255255383,376.5181264559469,True,224.9555739033931,10810.917447447446,-151.56255255255383,regional_service_production_index_P,151.56255255255383,1.382557163639558
세종,교육 서비스업,regional_service_production_index_P,2025,4,10816.936727354461,10816.936727354461,10962.48,-145.5432726455383,1.3276491509725747,prior_year_province_anchor,10600.679028365184,-361.80097163481696,3.3003569596917575,145.5432726455383,361.80097163481696,True,216.25769898927865,10816.936727354461,-145.5432726455383,regional_service_production_index_P,145.5432726455383,1.3276491509725747
세종,금융 및 보험업,regional_service_production_index_K,2021,1,1167.8448400000002,4761.854597349644,4782.3,-20.4454026503563,0.42752237731544024,prior_year_province_anchor,4741.370706161596,-40.92929383840419,0.8558495669114063,20.4454026503563,40.92929383840419,True,20.48389118804789,4761.854597349644,-20.4454026503563,regional_service_production_index_K,20.4454026503563,0.42752237731544024
세종,금융 및 보험업,regional_service_production_index_K,2021,2,2332.4214575,4747.931720101782,4782.3,-34.368279898218134,0.7186558747510221,prior_year_province_anchor,4666.222298854554,-116.07770114544655,2.4272358728111274,34.368279898218134,116.07770114544655,True,81.70942124722842,4747.931720101782,-34.368279898218134,regional_service_production_index_K,34.368279898218134,0.7186558747510221
세종,금융 및 보험업,regional_service_production_index_K,2021,3,3598.3129725,4856.0229048583,4782.3,73.72290485829944,1.5415784216443855,prior_year_province_anchor,4659.755711364976,-122.5442886350238,2.5624550662865944,73.72290485829944,122.5442886350238,True,48.82138377672436,4856.0229048583,73.72290485829944,regional_service_production_index_K,73.72290485829944,1.5415784216443855
세종,금융 및 보험업,regional_service_production_index_K,2021,4,4908.870195,4908.870195,4782.3,126.57019500000024,2.6466385421240872,prior_year_province_anchor,4651.886158861439,-130.4138411385611,2.7270108763264767,126.57019500000024,130.4138411385611,True,3.843646138560871,4908.870195,126.57019500000024,regional_service_production_index_K,126.57019500000024,2.6466385421240872
세종,금융 및 보험업,regional_service_production_index_K,2022,1,1283.1337549933423,5393.470802238807,5159.66,233.8108022388069,4.531515685894165,prior_year_province_anchor,5037.935636219968,-121.72436378003204,2.3591547462435902,233.8108022388069,121.72436378003204,False,-112.08643845877486,5037.935636219968,-121.72436378003204,baseline,121.72436378003204,2.3591547462435902
세종,금융 및 보험업,regional_service_production_index_K,2022,2,2618.2721038615177,5510.478327884165,5159.66,350.8183278841652,6.799252816739189,prior_year_province_anchor,5002.817667443198,-156.84233255680192,3.039780383916807,350.8183278841652,156.84233255680192,False,-193.9759953273633,5002.817667443198,-156.84233255680192,baseline,156.84233255680192,3.039780383916807
세종,금융 및 보험업,regional_service_production_index_K,2022,3,4009.6603195739012,5470.036148955494,5159.66,310.3761489554945,6.015438012494903,prior_year_province_anchor,4930.875658580373,-228.7843414196268,4.434097235469523,310.3761489554945,228.7843414196268,False,-81.5918075358677,4930.875658580373,-228.7843414196268,baseline,228.7843414196268,4.434097235469523
세종,금융 및 보험업,regional_service_production_index_K,2022,4,5393.61930758988,5393.61930758988,5159.66,233.95930758988015,4.534393886222738,prior_year_province_anchor,4913.092651456665,-246.56734854333445,4.778751866272864,233.95930758988015,246.56734854333445,True,12.608040953454292,5393.61930758988,233.95930758988015,regional_service_production_index_K,233.95930758988015,4.534393886222738
세종,금융 및 보험업,regional_service_production_index_K,2023,1,1363.5229004329005,5731.532985938792,5073.32,658.2129859387924,12.974008852956102,prior_year_province_anchor,5225.636954161115,152.31695416111506,3.002313163000069,658.2129859387924,152.31695416111506,False,-505.8960317776773,5225.636954161115,152.31695416111506,baseline,152.31695416111506,3.0023131630000686
세종,금융 및 보험업,regional_service_production_index_K,2023,2,2717.9082683982692,5598.86899878395,5073.32,525.5489987839501,10.359074507106788,prior_year_province_anchor,5241.377300460204,168.05730046020471,3.3125704757477297,525.5489987839501,168.05730046020471,False,-357.49169832374537,5241.377300460204,168.05730046020471,baseline,168.05730046020471,3.3125704757477297
세종,금융 및 보험업,regional_service_production_index_K,2023,3,4105.797922077923,5522.939396506089,5073.32,449.6193965060893,8.862429267345433,prior_year_province_anchor,5256.902350443907,183.58235044390767,3.6185840917566345,449.6193965060893,183.58235044390767,False,-266.0370460621816,5256.902350443907,183.58235044390767,baseline,183.58235044390767,3.6185840917566345
세종,금융 및 보험업,regional_service_production_index_K,2023,4,5440.892943722945,5440.892943722945,5073.32,367.57294372294564,7.2452150410962775,prior_year_province_anchor,5191.061653427683,117.74165342768356,2.320800844963132,367.57294372294564,117.74165342768356,False,-249.83129029526208,5191.061653427683,117.74165342768356,baseline,117.74165342768356,2.320800844963132
세종,금융 및 보험업,regional_service_production_index_K,2024,1,1242.059309572681,4956.214326135517,5003.9,-47.68567386448285,0.9529701605644169,prior_year_province_anchor,5113.669878009359,109.76987800935969,2.193686484729105,47.68567386448285,109.76987800935969,True,62.084204144876836,4956.214326135517,-47.68567386448285,regional_service_production_index_K,47.68567386448285,0.9529701605644169
세종,금융 및 보험업,regional_service_production_index_K,2024,2,2464.238096659824,4933.0788046320495,5003.9,-70.82119536795017,1.4153199577919258,prior_year_province_anchor,5127.2079102286825,123.30791022868289,2.464236100415334,70.82119536795017,123.30791022868289,True,52.48671486073272,4933.0788046320495,-70.82119536795017,regional_service_production_index_K,70.82119536795017,1.4153199577919258
세종,금융 및 보험업,regional_service_production_index_K,2024,3,3693.0437245754792,4893.9221859545,5003.9,-109.97781404550005,2.1978419641779423,prior_year_province_anchor,5197.322448097092,193.42244809709248,3.865433923481534,109.97781404550005,193.42244809709248,True,83.44463405159243,4893.9221859545,-109.97781404550005,regional_service_production_index_K,109.97781404550005,2.1978419641779423
세종,금융 및 보험업,regional_service_production_index_K,2024,4,4930.369576413508,4930.369576413508,5003.9,-73.53042358649145,1.4694622911427377,prior_year_province_anchor,5256.915459749622,253.0154597496221,5.056365230112954,73.53042358649145,253.0154597496221,True,179.48503616313064,4930.369576413508,-73.53042358649145,regional_service_production_index_K,73.53042358649145,1.4694622911427377
세종,금융 및 보험업,regional_service_production_index_K,2025,1,1204.8561059907834,4782.691006097561,4963.2300000000005,-180.53899390243987,3.637530275696267,prior_year_province_anchor,5270.8044942627685,307.574494262768,6.197063087198618,180.53899390243987,307.574494262768,True,127.03550036032811,4782.691006097561,-180.53899390243987,regional_service_production_index_K,180.53899390243987,3.637530275696267
세종,금융 및 보험업,regional_service_production_index_K,2025,2,2444.3013824884792,4890.480829811756,4963.2300000000005,-72.74917018824453,1.4657626220877236,prior_year_province_anchor,5245.877244395037,282.647244395037,5.694824628216645,72.74917018824453,282.647244395037,True,209.89807420679244,4890.480829811756,-72.74917018824453,regional_service_production_index_K,72.74917018824453,1.4657626220877236
세종,금융 및 보험업,regional_service_production_index_K,2025,3,3632.8237135176655,4849.973314534735,4963.2300000000005,-113.25668546526504,2.281914911564949,prior_year_province_anchor,5222.070079190802,258.8400791908016,5.215153825045416,113.25668546526504,258.8400791908016,True,145.58339372553655,4849.973314534735,-113.25668546526504,regional_service_production_index_K,113.25668546526504,2.281914911564949
세종,금융 및 보험업,regional_service_production_index_K,2025,4,4810.777131336406,4810.777131336406,4963.2300000000005,-152.45286866359493,3.07164625986696,prior_year_province_anchor,5243.16402056376,279.9340205637591,5.640158134194044,152.45286866359493,279.9340205637591,True,127.48115190016415,4810.777131336406,-152.45286866359493,regional_service_production_index_K,152.45286866359493,3.07164625986696
세종,도매 및 소매업,regional_service_production_index_G,2021,1,857.8886293146575,3539.5652631578946,3572.81,-33.24473684210534,0.9304927169960154,prior_year_province_anchor,3449.00581655316,-123.80418344683994,3.4651768061229102,33.24473684210534,123.80418344683994,True,90.5594466047346,3539.5652631578946,-33.24473684210534,regional_service_production_index_G,33.24473684210534,0.9304927169960154
세종,도매 및 소매업,regional_service_production_index_G,2021,2,1742.2922611305655,3528.7155319148933,3572.81,-44.094468085106655,1.2341677303049046,prior_year_province_anchor,3481.0449353460035,-91.76506465399645,2.568428342229126,44.094468085106655,91.76506465399645,True,47.67059656888979,3528.7155319148933,-44.094468085106655,regional_service_production_index_G,44.094468085106655,1.2341677303049046
세종,도매 및 소매업,regional_service_production_index_G,2021,3,2617.287343671836,3544.6865853658537,3572.81,-28.12341463414623,0.7871511396952602,prior_year_province_anchor,3467.4633758434406,-105.3466241565593,2.948564971452703,28.12341463414623,105.3466241565593,True,77.22320952241307,3544.6865853658537,-28.12341463414623,regional_service_production_index_G,28.12341463414623,0.7871511396952602
세종,도매 및 소매업,regional_service_production_index_G,2021,4,3523.9293646823417,3523.9293646823417,3572.81,-48.88063531765829,1.368128596753208,prior_year_province_anchor,3470.8763701392554,-101.93362986074452,2.8530380809711273,48.88063531765829,101.93362986074452,True,53.05299454308623,3523.9293646823417,-48.88063531765829,regional_service_production_index_G,48.88063531765829,1.368128596753208
세종,도매 및 소매업,regional_service_production_index_G,2022,1,889.7337524271844,3654.7388434695913,3468.36,186.37884346959117,5.3736879525075585,prior_year_province_anchor,3707.1755208520353,238.8155208520352,6.885545930988571,186.37884346959117,238.8155208520352,True,52.43667738244403,3654.7388434695913,186.37884346959117,regional_service_production_index_G,186.37884346959117,5.3736879525075585
세종,도매 및 소매업,regional_service_production_index_G,2022,2,1786.405,3613.151006381934,3468.36,144.79100638193404,4.174624502125905,prior_year_province_anchor,3696.09823733295,227.7382373329492,6.566164911743567,144.79100638193404,227.7382373329492,True,82.94723095101517,3613.151006381934,144.79100638193404,regional_service_production_index_G,144.79100638193404,4.174624502125905
세종,도매 및 소매업,regional_service_production_index_G,2022,3,2652.7247063106793,3571.6424150326793,3468.36,103.28241503267918,2.9778458704597903,prior_year_province_anchor,3705.736124436862,237.37612443686203,6.844045152085193,103.28241503267918,237.37612443686203,True,134.09370940418285,3571.6424150326793,103.28241503267918,regional_service_production_index_G,103.28241503267918,2.9778458704597903
세종,도매 및 소매업,regional_service_production_index_G,2022,4,3538.9897111650484,3538.9897111650484,3468.36,70.62971116504832,2.0364008109033755,prior_year_province_anchor,3703.6907479368792,235.3307479368791,6.785072712661866,70.62971116504832,235.3307479368791,True,164.7010367718308,3538.9897111650484,70.62971116504832,regional_service_production_index_G,70.62971116504832,2.0364008109033755
세종,도매 및 소매업,regional_service_production_index_G,2023,1,854.1293310463122,3397.3701754385966,3617.26,-219.88982456140366,6.078905706568055,prior_year_province_anchor,3617.988394433667,0.7283944336668355,0.0201366347364257,219.88982456140366,0.7283944336668355,False,-219.16143012773682,3617.988394433667,0.7283944336668355,baseline,0.7283944336668355,0.02013663473642579
세종,도매 및 소매업,regional_service_production_index_G,2023,2,1738.8543396226416,3444.7886213592233,3617.26,-172.47137864077695,4.76801166188709,prior_year_province_anchor,3474.47912869893,-142.78087130107042,3.947210631833775,172.47137864077695,142.78087130107042,False,-29.690507339706528,3474.47912869893,-142.78087130107042,baseline,142.78087130107042,3.947210631833775
세종,도매 및 소매업,regional_service_production_index_G,2023,3,2594.683430531733,3461.557070938216,3617.26,-155.7029290617843,4.304443945466576,prior_year_province_anchor,3408.2086239059836,-209.05137609401663,5.779274259909894,155.7029290617843,209.05137609401663,True,53.34844703223234,3461.557070938216,-155.7029290617843,regional_service_production_index_G,155.7029290617843,4.304443945466576
세종,도매 및 소매업,regional_service_production_index_G,2023,4,3477.7086792452837,3477.7086792452837,3617.26,-139.55132075471647,3.857928950496134,prior_year_province_anchor,3354.7163293590484,-262.54367064095186,7.258081272591736,139.55132075471647,262.54367064095186,True,122.99234988623539,3477.7086792452837,-139.55132075471647,regional_service_production_index_G,139.55132075471647,3.857928950496134
세종,도매 및 소매업,regional_service_production_index_G,2024,1,884.8673655913979,3602.8629452736322,3690.55,-87.68705472636793,2.375988801841675,prior_year_province_anchor,3527.851867063307,-162.69813293669313,4.408506399769496,87.68705472636793,162.69813293669313,True,75.0110782103252,3602.8629452736322,-87.68705472636793,regional_service_production_index_G,87.68705472636793,2.375988801841675
세종,도매 및 소매업,regional_service_production_index_G,2024,2,1813.933900293255,3627.8678005865104,3690.55,-62.6821994134898,1.6984514344336157,prior_year_province_anchor,3552.196495054928,-138.35350494507202,3.748858705208492,62.6821994134898,138.35350494507202,True,75.67130553158222,3627.8678005865104,-62.6821994134898,regional_service_production_index_G,62.6821994134898,1.6984514344336157
세종,도매 및 소매업,regional_service_production_index_G,2024,3,2701.4532160312806,3620.814464461186,3690.55,-69.73553553881402,1.889570268356045,prior_year_province_anchor,3558.45190164153,-132.09809835847,3.5793607554014986,69.73553553881402,132.09809835847,True,62.36256281965598,3620.814464461186,-69.73553553881402,regional_service_production_index_G,69.73553553881402,1.889570268356045
세종,도매 및 소매업,regional_service_production_index_G,2024,4,3619.0279667644186,3619.0279667644186,3690.55,-71.5220332355816,1.9379776248955194,prior_year_province_anchor,3564.5175910265257,-126.0324089734745,3.415003426954641,71.5220332355816,126.0324089734745,True,54.5103757378929,3619.0279667644186,-71.5220332355816,regional_service_production_index_G,71.5220332355816,1.9379776248955194
세종,문화 및 기타서비스업,regional_service_production_index_R_S,2021,1,729.0459000000001,3050.401255230126,3261.75,-211.34874476987397,6.479612011033156,prior_year_province_anchor,2901.155617337865,-360.5943826621351,11.055242819410903,211.34874476987397,360.5943826621351,True,149.24563789226113,3050.401255230126,-211.34874476987397,regional_service_production_index_R_S,211.34874476987397,6.479612011033156
세종,문화 및 기타서비스업,regional_service_production_index_R_S,2021,2,1555.2979200000002,3227.5962023346306,3261.75,-34.15379766536944,1.0471004112936135,prior_year_province_anchor,3029.984275702331,-231.76572429766884,7.1055637095935875,34.15379766536944,231.76572429766884,True,197.6119266322994,3227.5962023346306,-34.15379766536944,regional_service_production_index_R_S,34.15379766536944,1.0471004112936135
세종,문화 및 기타서비스업,regional_service_production_index_R_S,2021,3,2381.918145,3226.9847857747673,3261.75,-34.76521422523274,1.0658454579668197,prior_year_province_anchor,3035.502209372547,-226.24779062745256,6.936392753198514,34.76521422523274,226.24779062745256,True,191.48257640221982,3226.9847857747673,-34.76521422523274,regional_service_production_index_R_S,34.76521422523274,1.0658454579668197
세종,문화 및 기타서비스업,regional_service_production_index_R_S,2021,4,3315.6860250000004,3315.6860250000004,3261.75,53.93602500000043,1.653591630259843,prior_year_province_anchor,3056.0285158070183,-205.72148419298173,6.307089267815797,53.93602500000043,205.72148419298173,True,151.7854591929813,3315.6860250000004,53.93602500000043,regional_service_production_index_R_S,53.93602500000043,1.653591630259843
세종,문화 및 기타서비스업,regional_service_production_index_R_S,2022,1,826.2134092171016,3757.6018939393934,3452.54,305.0618939393935,8.835868489268583,prior_year_province_anchor,3349.3605065595084,-103.17949344049156,2.9885097186561653,305.0618939393935,103.17949344049156,False,-201.88240049890192,3349.3605065595084,-103.17949344049156,baseline,103.17949344049156,2.988509718656165
세종,문화 및 기타서비스업,regional_service_production_index_R_S,2022,2,2049.0527207107166,4368.304865056819,3452.54,915.764865056819,26.524381037057328,prior_year_province_anchor,3381.539051689088,-71.00094831091201,2.0564844523426813,915.764865056819,71.00094831091201,False,-844.763916745907,3381.539051689088,-71.00094831091201,baseline,71.00094831091201,2.0564844523426813
세종,문화 및 기타서비스업,regional_service_production_index_R_S,2022,3,3091.1465297057193,4302.948601020251,3452.54,850.4086010202509,24.631390252401157,prior_year_province_anchor,3451.172091293133,-1.3679087068671834,0.0396203579644894,850.4086010202509,1.3679087068671834,False,-849.0406923133837,3451.172091293133,-1.3679087068671834,baseline,1.3679087068671834,0.03962035796448943
세종,문화 및 기타서비스업,regional_service_production_index_R_S,2022,4,4434.241365907829,4434.241365907829,3452.54,981.7013659078293,28.434177906927342,prior_year_province_anchor,3448.792536588064,-3.747463411935769,0.108542215642274,981.7013659078293,3.747463411935769,False,-977.9539024958935,3448.792536588064,-3.747463411935769,baseline,3.747463411935769,0.10854221564227406
세종,문화 및 기타서비스업,regional_service_production_index_R_S,2023,1,879.9154386538147,4722.457167908812,3761.31,961.1471679088122,25.553521722719267,prior_year_province_anchor,3874.315963586069,113.0059635860689,3.0044309984039845,961.1471679088122,113.0059635860689,False,-848.1412043227433,3874.315963586069,113.0059635860689,baseline,113.0059635860689,3.0044309984039845
세종,문화 및 기타서비스업,regional_service_production_index_R_S,2023,2,1832.0290671458913,3964.5925119321196,3761.31,203.28251193211963,5.404566811353482,prior_year_province_anchor,3738.2993069621207,-23.010693037879264,0.6117733725185976,203.28251193211963,23.010693037879264,False,-180.27181889424037,3738.2993069621207,-23.010693037879264,baseline,23.010693037879264,0.6117733725185976
세종,문화 및 기타서비스업,regional_service_production_index_R_S,2023,3,2753.684084299951,3950.152397468947,3761.31,188.84239746894718,5.020654970447722,prior_year_province_anchor,3700.791550948026,-60.51844905197413,1.6089726465506469,188.84239746894718,60.51844905197413,False,-128.32394841697305,3700.791550948026,-60.51844905197413,baseline,60.51844905197413,1.6089726465506469
세종,문화 및 기타서비스업,regional_service_production_index_R_S,2023,4,3834.9647867995423,3834.9647867995423,3761.31,73.65478679954231,1.9582216514869106,prior_year_province_anchor,3628.141819234433,-133.16818076556683,3.5404734192493263,73.65478679954231,133.16818076556683,True,59.51339396602452,3834.9647867995423,73.65478679954231,regional_service_production_index_R_S,73.65478679954231,1.9582216514869106
세종,문화 및 기타서비스업,regional_service_production_index_R_S,2024,1,731.6270738343874,3188.6746634615383,3778.05,-589.3753365384619,15.59998773278442,prior_year_province_anchor,3820.595690455977,42.54569045597691,1.126128305765591,589.3753365384619,42.54569045597691,False,-546.8296460824849,3820.595690455977,42.54569045597691,baseline,42.54569045597691,1.126128305765591
세종,문화 및 기타서비스업,regional_service_production_index_R_S,2024,2,1646.3683718193854,3446.3234482758626,3778.05,-331.7265517241376,8.78036425468529,prior_year_province_anchor,3809.149899641209,31.09989964120859,0.8231733206603564,331.7265517241376,31.09989964120859,False,-300.626652082929,3809.149899641209,31.09989964120859,baseline,31.09989964120859,0.8231733206603562
세종,문화 및 기타서비스업,regional_service_production_index_R_S,2024,3,2466.2332666568614,3434.6415362556327,3778.05,-343.4084637443675,9.08956905663947,prior_year_province_anchor,3783.0845837395914,5.0345837395911985,0.1332587906351477,343.4084637443675,5.0345837395911985,False,-338.3738800047763,3783.0845837395914,5.0345837395911985,baseline,5.0345837395911985,0.13325879063514773
세종,문화 및 기타서비스업,regional_service_production_index_R_S,2024,4,3691.6048874834532,3691.6048874834532,3778.05,-86.44511251654694,2.288088101442462,prior_year_province_anchor,3765.581200405424,-12.468799594576469,0.3300326780899265,86.44511251654694,12.468799594576469,False,-73.97631292197048,3765.581200405424,-12.468799594576469,baseline,12.468799594576469,0.33003267808992653
세종,문화 및 기타서비스업,regional_service_production_index_R_S,2025,1,1040.3367113741947,5249.275519848771,3823.04,1426.2355198487712,37.30631957418105,prior_year_province_anchor,3705.3858964737015,-117.65410352629851,3.0775012431546234,1426.2355198487712,117.65410352629851,False,-1308.5814163224727,3705.3858964737015,-117.65410352629851,baseline,117.65410352629851,3.0775012431546234
세종,문화 및 기타서비스업,regional_service_production_index_R_S,2025,2,1889.8742544582649,4237.611189516129,3823.04,414.5711895161294,10.844019144872389,prior_year_province_anchor,3705.633335532243,-117.4066644677564,3.071028931629185,414.5711895161294,117.4066644677564,False,-297.164525048373,3705.633335532243,-117.4066644677564,baseline,117.4066644677564,3.071028931629185
세종,문화 및 기타서비스업,regional_service_production_index_R_S,2025,3,2711.6694852390237,4058.9884421265147,3823.04,235.9484421265147,6.171749239519197,prior_year_province_anchor,3754.2807157478983,-68.75928425210122,1.798549956372448,235.9484421265147,68.75928425210122,False,-167.18915787441347,3754.2807157478983,-68.75928425210122,baseline,68.75928425210122,1.7985499563724479
세종,문화 및 기타서비스업,regional_service_production_index_R_S,2025,4,4180.879698036866,4180.879698036866,3823.04,357.83969803686614,9.360082500755057,prior_year_province_anchor,3744.518227556444,-78.52177244355607,2.0539092566009267,357.83969803686614,78.52177244355607,False,-279.31792559331006,3744.518227556444,-78.52177244355607,baseline,78.52177244355607,2.0539092566009267
세종,보건 및 사회복지업,regional_service_production_index_Q,2021,1,1159.38155,4970.553269024653,4645.35,325.2032690246524,7.0006193080102115,prior_year_province_anchor,3749.709247688624,-895.6407523113767,19.280371819375866,325.2032690246524,895.6407523113767,True,570.4374832867243,4970.553269024653,325.2032690246524,regional_service_production_index_Q,325.2032690246524,7.0006193080102115
세종,보건 및 사회복지업,regional_service_production_index_Q,2021,2,2383.4298,5401.540623229462,4645.35,756.1906232294614,16.278442382801327,prior_year_province_anchor,3838.4449407119014,-806.905059288099,17.370167141078692,756.1906232294614,806.905059288099,True,50.7144360586376,5401.540623229462,756.1906232294614,regional_service_production_index_Q,756.1906232294614,16.278442382801327
세종,보건 및 사회복지업,regional_service_production_index_Q,2021,3,3729.42097,5339.185354330709,4645.35,693.8353543307085,14.936126542256417,prior_year_province_anchor,3881.181302034567,-764.1686979654332,16.450185625742584,693.8353543307085,764.1686979654332,True,70.33334363472477,5339.185354330709,693.8353543307085,regional_service_production_index_Q,693.8353543307085,14.936126542256417
세종,보건 및 사회복지업,regional_service_production_index_Q,2021,4,5045.85022,5045.85022,4645.35,400.5002199999999,8.62152948647572,prior_year_province_anchor,3908.321756576657,-737.0282434233432,15.865935686726363,400.5002199999999,737.0282434233432,True,336.52802342334326,5045.85022,400.5002199999999,regional_service_production_index_Q,400.5002199999999,8.62152948647572
세종,보건 및 사회복지업,regional_service_production_index_Q,2022,1,1222.9976748443794,5322.719760956176,5192.799999999999,129.91976095617702,2.501921139966435,prior_year_province_anchor,5048.688890919511,-144.11110908048795,2.7752100808906173,129.91976095617702,144.11110908048795,True,14.191348124310935,5322.719760956176,129.91976095617702,regional_service_production_index_Q,129.91976095617702,2.501921139966435
세종,보건 및 사회복지업,regional_service_production_index_Q,2022,2,2464.7060234346395,5217.916395348838,5192.799999999999,25.116395348838523,0.48367730990676566,prior_year_province_anchor,5009.605383727481,-183.19461627251803,3.5278581164789338,25.116395348838523,183.19461627251803,True,158.0782209236795,5217.916395348838,25.116395348838523,regional_service_production_index_Q,25.116395348838523,0.48367730990676566
세종,보건 및 사회복지업,regional_service_production_index_Q,2022,3,3736.1813529842548,5054.996916026753,5192.799999999999,-137.80308397324643,2.653733707696165,prior_year_province_anchor,4945.276529318725,-247.5234706812744,4.766666743977708,137.80308397324643,247.5234706812744,True,109.72038670802797,5054.996916026753,-137.80308397324643,regional_service_production_index_Q,137.80308397324643,2.653733707696165
세종,보건 및 사회복지업,regional_service_production_index_Q,2022,4,5021.264445258147,5021.264445258147,5192.799999999999,-171.53555474185214,3.3033345159037926,prior_year_province_anchor,4913.009908083153,-279.790091916846,5.388039052473541,171.53555474185214,279.790091916846,True,108.25453717499386,5021.264445258147,-171.53555474185214,regional_service_production_index_Q,171.53555474185214,3.3033345159037926
세종,보건 및 사회복지업,regional_service_production_index_Q,2023,1,1363.2859078590784,5597.246175243392,5452.2,145.0461752433921,2.6603238187042315,prior_year_province_anchor,5399.223466092446,-52.97653390755386,0.9716542663063324,145.0461752433921,52.97653390755386,False,-92.06964133583824,5399.223466092446,-52.97653390755386,baseline,52.97653390755386,0.9716542663063324
세종,보건 및 사회복지업,regional_service_production_index_Q,2023,2,2739.764905149051,5581.6328502415445,5452.2,129.43285024154466,2.373956389008926,prior_year_province_anchor,5352.868146024391,-99.3318539756092,1.821867392531624,129.43285024154466,99.3318539756092,False,-30.10099626593545,5352.868146024391,-99.3318539756092,baseline,99.3318539756092,1.8218673925316242
세종,보건 및 사회복지업,regional_service_production_index_Q,2023,3,4166.377642276422,5599.429455952651,5452.2,147.22945595265082,2.700367850641041,prior_year_province_anchor,5357.346371851364,-94.85362814863583,1.7397312671698733,147.22945595265082,94.85362814863583,False,-52.37582780401499,5357.346371851364,-94.85362814863583,baseline,94.85362814863583,1.7397312671698733
세종,보건 및 사회복지업,regional_service_production_index_Q,2023,4,5554.290650406504,5554.290650406504,5452.2,102.09065040650421,1.8724670849657792,prior_year_province_anchor,5366.512999854442,-85.68700014555816,1.5716041257759834,102.09065040650421,85.68700014555816,False,-16.40365026094605,5366.512999854442,-85.68700014555816,baseline,85.68700014555816,1.5716041257759834
세종,보건 및 사회복지업,regional_service_production_index_Q,2024,1,1488.454916864608,6064.253419354839,6053.410000000001,10.843419354838261,0.17912910830157316,prior_year_province_anchor,5665.591495611162,-387.8185043888389,6.406612213427454,10.843419354838261,387.8185043888389,True,376.97508503400064,6064.253419354839,10.843419354838261,regional_service_production_index_Q,10.843419354838261,0.17912910830157316
세종,보건 및 사회복지업,regional_service_production_index_Q,2024,2,2973.456342042755,6028.050337078651,6053.410000000001,-25.35966292134981,0.4189318569426126,prior_year_province_anchor,5628.716297638184,-424.6937023618166,7.015776270925256,25.35966292134981,424.6937023618166,True,399.33403944046677,6028.050337078651,-25.35966292134981,regional_service_production_index_Q,25.35966292134981,0.4189318569426126
세종,보건 및 사회복지업,regional_service_production_index_Q,2024,3,4447.233919239904,5928.70639645345,6053.410000000001,-124.70360354655077,2.0600554653749,prior_year_province_anchor,5629.602145661673,-423.80785433832807,7.001142403014632,124.70360354655077,423.80785433832807,True,299.1042507917773,5928.70639645345,-124.70360354655077,regional_service_production_index_Q,124.70360354655077,2.0600554653749
세종,보건 및 사회복지업,regional_service_production_index_Q,2024,4,5903.744038004749,5903.744038004749,6053.410000000001,-149.66596199525156,2.4724240055646574,prior_year_province_anchor,5652.269810671581,-401.1401893284201,6.626681313977081,149.66596199525156,401.1401893284201,True,251.47422733316853,5903.744038004749,-149.66596199525156,regional_service_production_index_Q,149.66596199525156,2.4724240055646574
세종,보건 및 사회복지업,regional_service_production_index_Q,2025,1,1544.7792410061425,6127.146432714618,6204.59,-77.44356728538241,1.2481657496366787,prior_year_province_anchor,6334.652154270544,130.06215427054394,2.0962247992299883,77.44356728538241,130.06215427054394,True,52.61858698516153,6127.146432714618,-77.44356728538241,regional_service_production_index_Q,77.44356728538241,1.2481657496366787
세종,보건 및 사회복지업,regional_service_production_index_Q,2025,2,3066.5417139514484,6088.563368176539,6204.59,-116.02663182346078,1.8700128747179228,prior_year_province_anchor,6382.943512122298,178.35351212229762,2.874541462406019,116.02663182346078,178.35351212229762,True,62.32688029883684,6088.563368176539,-116.02663182346078,regional_service_production_index_Q,116.02663182346078,1.8700128747179228
세종,보건 및 사회복지업,regional_service_production_index_Q,2025,3,4644.07558642878,6165.053166375462,6204.59,-39.5368336245383,0.6372191172106183,prior_year_province_anchor,6372.9505714096495,168.3605714096493,2.7134842336020477,39.5368336245383,168.3605714096493,True,128.823737785111,6165.053166375462,-39.5368336245383,regional_service_production_index_Q,39.5368336245383,0.6372191172106183
세종,보건 및 사회복지업,regional_service_production_index_Q,2025,4,6200.363211465341,6200.363211465341,6204.59,-4.226788534659136,0.06812357520253773,prior_year_province_anchor,6402.059163289974,197.46916328997395,3.1826303315766866,4.226788534659136,197.46916328997395,True,193.2423747553148,6200.363211465341,-4.226788534659136,regional_service_production_index_Q,4.226788534659136,0.06812357520253773
세종,부동산업,regional_service_production_index_L,2022,1,2589.339456282146,9473.362903225807,10607.59,-1134.2270967741933,10.692599325333967,prior_year_province_anchor,11536.956321422344,929.3663214223434,8.761333360568644,1134.2270967741933,929.3663214223434,False,-204.86077535184995,11536.956321422344,929.3663214223434,baseline,929.3663214223434,8.761333360568644
세종,부동산업,regional_service_production_index_L,2022,2,5109.629860396768,9513.27803009576,10607.59,-1094.31196990424,10.316310961342207,prior_year_province_anchor,11451.181219039698,843.5912190396975,7.952713283975885,1094.31196990424,843.5912190396975,False,-250.72075086454242,11451.181219039698,843.5912190396975,baseline,843.5912190396975,7.952713283975885
세종,부동산업,regional_service_production_index_L,2022,3,7454.420590252268,9758.383863417765,10607.59,-849.2061365822356,8.005646302150023,prior_year_province_anchor,11475.575888558333,867.9858885583326,8.182687005798043,849.2061365822356,867.9858885583326,True,18.77975197609703,9758.383863417765,-849.2061365822356,regional_service_production_index_L,849.2061365822356,8.005646302150023
세종,부동산업,regional_service_production_index_L,2022,4,9963.202819005635,9963.202819005635,10607.59,-644.3871809943648,6.07477458116655,prior_year_province_anchor,11515.15380590028,907.5638059002796,8.555796424072568,644.3871809943648,907.5638059002796,True,263.17662490591476,9963.202819005635,-644.3871809943648,regional_service_production_index_L,644.3871809943648,6.07477458116655
세종,부동산업,regional_service_production_index_L,2023,1,2410.676676292232,9275.748144444444,10631.58,-1355.831855555556,12.752872626228237,prior_year_province_anchor,10614.0620870072,-17.51791299280012,0.1647724326280771,1355.831855555556,17.51791299280012,False,-1338.313942562756,10614.0620870072,-17.51791299280012,baseline,17.51791299280012,0.1647724326280771
세종,부동산업,regional_service_production_index_L,2023,2,4726.3965838868035,9215.941086711713,10631.58,-1415.6389132882869,13.3154142026706,prior_year_province_anchor,10645.225332204383,13.64533220438352,0.1283471713929963,1415.6389132882869,13.64533220438352,False,-1401.9935810839033,10645.225332204383,13.64533220438352,baseline,13.64533220438352,0.12834717139299634
세종,부동산업,regional_service_production_index_L,2023,3,7130.947017037251,9530.864345812426,10631.58,-1100.7156541875738,10.353265029163811,prior_year_province_anchor,10680.80977808612,49.22977808612086,0.4630523222900157,1100.7156541875738,49.22977808612086,False,-1051.485876101453,10680.80977808612,49.22977808612086,baseline,49.22977808612086,0.46305232229001575
세종,부동산업,regional_service_production_index_L,2023,4,9416.035708922898,9416.035708922898,10631.58,-1215.5442910771017,11.433336259305783,prior_year_province_anchor,10698.122406426122,66.5424064261224,0.625893859860175,1215.5442910771017,66.5424064261224,False,-1149.0018846509793,10698.122406426122,66.5424064261224,baseline,66.5424064261224,0.625893859860175
세종,부동산업,regional_service_production_index_L,2024,1,2379.4817957059204,9294.189377382463,10347.75,-1053.5606226175369,10.181543066053363,prior_year_province_anchor,10769.61625327362,421.8662532736198,4.076888727246211,1053.5606226175369,421.8662532736198,False,-631.6943693439171,10769.61625327362,421.8662532736198,baseline,421.8662532736198,4.076888727246211
세종,부동산업,regional_service_production_index_L,2024,2,4274.76671437866,8516.288321451717,10347.75,-1831.461678548283,17.699129555200727,prior_year_province_anchor,10850.203459565002,502.4534595650021,4.855678379986007,1831.461678548283,502.4534595650021,False,-1329.008218983281,10850.203459565002,502.4534595650021,baseline,502.4534595650021,4.855678379986007
세종,부동산업,regional_service_production_index_L,2024,3,6266.891008458035,8275.095773195875,10347.75,-2072.654226804125,20.02999905104129,prior_year_province_anchor,10845.226392499066,497.4763924990657,4.807580319384075,2072.654226804125,497.4763924990657,False,-1575.1778343050592,10845.226392499066,497.4763924990657,baseline,497.4763924990657,4.807580319384075
세종,부동산업,regional_service_production_index_L,2024,4,8404.274365647365,8404.274365647365,10347.75,-1943.475634352635,18.781625322921748,prior_year_province_anchor,10838.24666448954,490.4966644895394,4.7401286703828305,1943.475634352635,490.4966644895394,False,-1452.9789698630957,10838.24666448954,490.4966644895394,baseline,490.4966644895394,4.7401286703828305
세종,부동산업,regional_service_production_index_L,2025,1,2899.9249999999997,10242.46765988372,10815.68,-573.2123401162808,5.299827103947979,prior_year_province_anchor,10305.231194605343,-510.44880539465703,4.719525775491296,573.2123401162808,510.44880539465703,False,-62.76353472162373,10305.231194605343,-510.44880539465703,baseline,510.44880539465703,4.719525775491296
세종,부동산업,regional_service_production_index_L,2025,2,5885.0166666666655,11570.05703883495,10815.68,754.3770388349494,6.974846138522492,prior_year_province_anchor,10299.650181725712,-516.0298182742881,4.771126903479837,754.3770388349494,516.0298182742881,False,-238.3472205606613,10299.650181725712,-516.0298182742881,baseline,516.0298182742881,4.771126903479837
세종,부동산업,regional_service_production_index_L,2025,3,8763.65,11752.576986754966,10815.68,936.8969867549658,8.66239558451217,prior_year_province_anchor,10339.230475129674,-476.44952487032606,4.405174014674307,936.8969867549658,476.44952487032606,False,-460.4474618846398,10339.230475129674,-476.44952487032606,baseline,476.44952487032606,4.405174014674307
세종,부동산업,regional_service_production_index_L,2025,4,11885.008333333331,11885.008333333331,10815.68,1069.328333333331,9.886834053275717,prior_year_province_anchor,10386.295354105034,-429.3846458949665,3.97001987757558,1069.328333333331,429.3846458949665,False,-639.9436874383646,10386.295354105034,-429.3846458949665,baseline,429.3846458949665,3.97001987757558
세종,사업서비스업,regional_service_production_index_M_N,2021,1,1478.282199450137,6453.471991271138,7326.74,-873.2680087288618,11.918916308328969,prior_year_province_anchor,5829.174203044541,-1497.5657969554586,20.439728951149604,873.2680087288618,1497.5657969554586,True,624.2977882265968,6453.471991271138,-873.2680087288618,regional_service_production_index_M_N,873.2680087288618,11.918916308328969
세종,사업서비스업,regional_service_production_index_M_N,2021,2,3068.3983729067727,6407.443575156574,7326.74,-919.2964248434255,12.547141359505396,prior_year_province_anchor,6018.283443688396,-1308.456556311604,17.85864595047189,919.2964248434255,1308.456556311604,True,389.1601314681784,6407.443575156574,-919.2964248434255,regional_service_production_index_M_N,919.2964248434255,12.547141359505396
세종,사업서비스업,regional_service_production_index_M_N,2021,3,4511.871322169456,6266.966554417634,7326.74,-1059.7734455823656,14.464460941460535,prior_year_province_anchor,6006.5926880622055,-1320.1473119377945,18.018208806888115,1059.7734455823656,1320.1473119377945,True,260.37386635542885,6266.966554417634,-1059.7734455823656,regional_service_production_index_M_N,1059.7734455823656,14.464460941460535
세종,사업서비스업,regional_service_production_index_M_N,2021,4,6203.452756810795,6203.452756810795,7326.74,-1123.2872431892047,15.331337582461021,prior_year_province_anchor,6008.161876119651,-1318.5781238803484,17.996791531845655,1123.2872431892047,1318.5781238803484,True,195.29088069114368,6203.452756810795,-1123.2872431892047,regional_service_production_index_M_N,1123.2872431892047,15.331337582461021
세종,사업서비스업,regional_service_production_index_M_N,2022,1,1780.0759192932187,7469.897745490982,7504.0,-34.10225450901817,0.4544543511329713,prior_year_province_anchor,7563.568562729802,59.56856272980167,0.7938241301945851,34.10225450901817,59.56856272980167,True,25.466308220783503,7469.897745490982,-34.10225450901817,regional_service_production_index_M_N,34.10225450901817,0.4544543511329713
세종,사업서비스업,regional_service_production_index_M_N,2022,2,3742.970446513849,7567.250895486362,7504.0,63.250895486362424,0.8428957287628256,prior_year_province_anchor,7574.098224941325,70.09822494132459,0.9341447886637072,63.250895486362424,70.09822494132459,True,6.847329454962164,7567.250895486362,63.250895486362424,regional_service_production_index_M_N,63.250895486362424,0.8428957287628256
세종,사업서비스업,regional_service_production_index_M_N,2022,3,5535.29258834766,7610.573000656599,7504.0,106.5730006565991,1.4202158936113953,prior_year_province_anchor,7512.128479563908,8.128479563907604,0.1083219558090032,106.5730006565991,8.128479563907604,False,-98.4445210926915,7512.128479563908,8.128479563907604,baseline,8.128479563907604,0.10832195580900326
세종,사업서비스업,regional_service_production_index_M_N,2022,4,7567.290799904489,7567.290799904489,7504.0,63.29079990448918,0.8434275040576916,prior_year_province_anchor,7517.440592640167,13.44059264016687,0.1791123752687482,63.29079990448918,13.44059264016687,False,-49.85020726432231,7517.440592640167,13.44059264016687,baseline,13.44059264016687,0.17911237526874826
세종,사업서비스업,regional_service_production_index_M_N,2023,1,1997.6548375910304,8492.24176904177,7591.22,901.0217690417694,11.86926171342379,prior_year_province_anchor,7830.263609105314,239.0436091053134,3.148948510322628,901.0217690417694,239.0436091053134,False,-661.978159936456,7830.263609105314,239.0436091053134,baseline,239.0436091053134,3.148948510322628
세종,사업서비스업,regional_service_production_index_M_N,2023,2,4130.6262859785,8351.027810236037,7591.22,759.8078102360369,10.00903425583815,prior_year_province_anchor,7843.000355936774,251.78035593677396,3.316731117485384,759.8078102360369,251.78035593677396,False,-508.0274542992629,7843.000355936774,251.78035593677396,baseline,251.78035593677396,3.316731117485384
세종,사업서비스업,regional_service_production_index_M_N,2023,3,5895.814125534622,8060.1592920354,7591.22,468.9392920353994,6.177390354059023,prior_year_province_anchor,7868.829169668996,277.6091696689955,3.6569770032879494,468.9392920353994,277.6091696689955,False,-191.33012236640388,7868.829169668996,277.6091696689955,baseline,277.6091696689955,3.6569770032879494
세종,사업서비스업,regional_service_production_index_M_N,2023,4,7841.424112819328,7841.424112819328,7591.22,250.20411281932775,3.2959670885487147,prior_year_province_anchor,7877.642833143566,286.4228331435661,3.773080389496893,250.20411281932775,286.4228331435661,True,36.21872032423835,7841.424112819328,250.20411281932775,regional_service_production_index_M_N,250.20411281932775,3.2959670885487147
세종,사업서비스업,regional_service_production_index_M_N,2024,1,1833.1452721238938,7195.672279635259,7624.42,-428.7477203647413,5.623348666059075,prior_year_province_anchor,7743.091386367953,118.67138636795336,1.55646444408825,428.7477203647413,118.67138636795336,False,-310.076333996788,7743.091386367953,118.67138636795336,baseline,118.67138636795336,1.5564644440882502
세종,사업서비스업,regional_service_production_index_M_N,2024,2,3634.380548672567,6899.370046199077,7624.42,-725.0499538009235,9.509575204421102,prior_year_province_anchor,7682.11272417498,57.69272417497996,0.756683448380073,725.0499538009235,57.69272417497996,False,-667.3572296259435,7682.11272417498,57.69272417497996,baseline,57.69272417497996,0.756683448380073
세종,사업서비스업,regional_service_production_index_M_N,2024,3,5320.5718938053105,7076.352790937179,7624.42,-548.0672090628213,7.1883134594214555,prior_year_province_anchor,7650.192343903016,25.772343903016008,0.3380236647904497,548.0672090628213,25.772343903016008,False,-522.2948651598053,7650.192343903016,25.772343903016008,baseline,25.772343903016008,0.33802366479044976
세종,사업서비스업,regional_service_production_index_M_N,2024,4,7245.248469026548,7245.248469026548,7624.42,-379.1715309734518,4.973119673017119,prior_year_province_anchor,7561.227789774309,-63.19221022569127,0.8288133422042762,379.1715309734518,63.19221022569127,False,-315.97932074776054,7561.227789774309,-63.19221022569127,baseline,63.19221022569127,0.8288133422042762
세종,사업서비스업,regional_service_production_index_M_N,2025,1,2101.3990217895225,8305.483628034815,7732.02,573.463628034815,7.416737515355819,prior_year_province_anchor,7486.8585296427,-245.1614703573005,3.170729904440243,573.463628034815,245.1614703573005,False,-328.3021576775145,7486.8585296427,-245.1614703573005,baseline,245.1614703573005,3.170729904440243
세종,사업서비스업,regional_service_production_index_M_N,2025,2,4321.2116133518775,8614.467144177448,7732.02,882.4471441774476,11.412892674585006,prior_year_province_anchor,7506.191033289893,-225.82896671010712,2.9206981708545388,882.4471441774476,225.82896671010712,False,-656.6181774673405,7506.191033289893,-225.82896671010712,baseline,225.82896671010712,2.9206981708545388
세종,사업서비스업,regional_service_production_index_M_N,2025,3,6137.180910987483,8357.259611742425,7732.02,625.239611742425,8.086368267832016,prior_year_province_anchor,7589.877953721981,-142.14204627801973,1.838355905416951,625.239611742425,142.14204627801973,False,-483.0975654644053,7589.877953721981,-142.14204627801973,baseline,142.14204627801973,1.838355905416951
세종,사업서비스업,regional_service_production_index_M_N,2025,4,8273.927267037552,8273.927267037552,7732.02,541.9072670375517,7.008611812146783,prior_year_province_anchor,7620.238015460268,-111.78198453973256,1.4457022167523177,541.9072670375517,111.78198453973256,False,-430.12528249781917,7620.238015460268,-111.78198453973256,baseline,111.78198453973256,1.4457022167523177
세종,서비스업,regional_service_production_index_T,2021,1,21777.854862499997,89162.14887410439,91538.03,-2375.881125895612,2.595512625621954,prior_year_province_anchor,88099.95272440728,-3438.0772755927173,3.755900444430274,2375.881125895612,3438.0772755927173,True,1062.1961496971053,89162.14887410439,-2375.881125895612,regional_service_production_index_T,2375.881125895612,2.595512625621954
세종,서비스업,regional_service_production_index_T,2021,2,44576.8722975,92243.9157734092,91538.03,705.8857734092016,0.7711393542216296,prior_year_province_anchor,88236.83133719198,-3301.198662808019,3.6063684818299233,705.8857734092016,3301.198662808019,True,2595.3128893988173,92243.9157734092,705.8857734092016,regional_service_production_index_T,705.8857734092016,0.7711393542216296
세종,서비스업,regional_service_production_index_T,2021,3,66959.08868249999,91599.3005232558,91538.03,61.27052325580735,0.06693450061772943,prior_year_province_anchor,87405.47635381561,-4132.553646184388,4.514575686394374,61.27052325580735,4132.553646184388,True,4071.2831229285803,91599.3005232558,61.27052325580735,regional_service_production_index_T,61.27052325580735,0.06693450061772943
세종,서비스업,regional_service_production_index_T,2021,4,90841.78884749999,90841.78884749999,91538.03,-696.2411525000061,0.7606031640619818,prior_year_province_anchor,86568.78558136073,-4969.244418639268,5.428611931717634,696.2411525000061,4969.244418639268,True,4273.0032661392615,90841.78884749999,-696.2411525000061,regional_service_production_index_T,696.2411525000061,0.7606031640619818
세종,서비스업,regional_service_production_index_T,2022,1,23120.754996558844,96443.41725358852,93835.75,2607.6672535885155,2.7789699060203765,prior_year_province_anchor,98393.06585335635,4557.315853356369,4.8566946535370255,2607.6672535885155,4557.315853356369,True,1949.6485997678537,96443.41725358852,2607.6672535885155,regional_service_production_index_T,2607.6672535885155,2.7789699060203765
세종,서비스업,regional_service_production_index_T,2022,2,47732.49419362239,97272.53024310425,93835.75,3436.780243104251,3.6625489145706736,prior_year_province_anchor,96821.53326282425,2985.783262824247,3.1819250795397775,3436.780243104251,2985.783262824247,False,-450.9969802800042,96821.53326282425,2985.783262824247,baseline,2985.783262824247,3.1819250795397775
세종,서비스업,regional_service_production_index_T,2022,3,71294.24451709108,96723.19074074073,93835.75,2887.440740740727,3.077122248973048,prior_year_province_anchor,95640.84595470416,1805.0959547041712,1.9236761625544323,2887.440740740727,1805.0959547041712,False,-1082.344786036556,95640.84595470416,1805.0959547041712,baseline,1805.0959547041712,1.9236761625544325
세종,서비스업,regional_service_production_index_T,2022,4,96619.97614819913,96619.97614819913,93835.75,2784.22614819913,2.9671272923157006,prior_year_province_anchor,94417.86942583352,582.1194258335163,0.6203599649744541,2784.22614819913,582.1194258335163,False,-2202.1067223656137,94417.86942583352,582.1194258335163,baseline,582.1194258335163,0.6203599649744541
세종,서비스업,regional_service_production_index_T,2023,1,23718.96919148011,99119.87034514078,97287.72,1832.150345140777,1.883228782770094,prior_year_province_anchor,101180.0473983588,3892.327398358786,4.000841420025863,1832.150345140777,3892.327398358786,True,2060.177053218009,99119.87034514078,1832.150345140777,regional_service_production_index_T,1832.150345140777,1.883228782770094
세종,서비스업,regional_service_production_index_T,2023,2,47723.46337752662,96601.69599648041,97287.72,-686.0240035195893,0.7051496360687549,prior_year_province_anchor,99014.88087616638,1727.160876166381,1.7753123170800806,686.0240035195893,1727.160876166381,True,1041.1368726467917,96601.69599648041,-686.0240035195893,regional_service_production_index_T,686.0240035195893,0.7051496360687549
세종,서비스업,regional_service_production_index_T,2023,3,70932.56650728102,96129.81988217968,97287.72,-1157.900117820318,1.1901811634811854,prior_year_province_anchor,97687.5948137112,399.8748137112125,0.4110229057801051,1157.900117820318,399.8748137112125,False,-758.0253041091055,97687.5948137112,399.8748137112125,baseline,399.8748137112125,0.41102290578010514
세종,서비스업,regional_service_production_index_T,2023,4,94916.6660508585,94916.6660508585,97287.72,-2371.0539491414966,2.4371564562737174,prior_year_province_anchor,96230.02302680706,-1057.696973192942,1.087184459860856,2371.0539491414966,1057.696973192942,False,-1313.3569759485545,96230.02302680706,-1057.696973192942,baseline,1057.696973192942,1.087184459860856
세종,서비스업,regional_service_production_index_T,2024,1,23517.121830683285,94108.92949269131,98067.27,-3958.3405073086906,4.036352299099068,prior_year_province_anchor,103094.80349884588,5027.5334988458635,5.126617166814028,3958.3405073086906,5027.5334988458635,True,1069.192991537173,94108.92949269131,-3958.3405073086906,regional_service_production_index_T,3958.3405073086906,4.036352299099068
세종,서비스업,regional_service_production_index_T,2024,2,47410.5176106575,94294.2516923077,98067.27,-3773.0183076922985,3.8473777313188164,prior_year_province_anchor,101805.45363996744,3738.183639967436,3.811856534771933,3773.0183076922985,3738.183639967436,False,-34.834667724862356,101805.45363996744,3738.183639967436,baseline,3738.183639967436,3.811856534771934
세종,서비스업,regional_service_production_index_T,2024,3,70614.07781693168,94490.48825761932,98067.27,-3576.7817423806846,3.647273695271301,prior_year_province_anchor,100464.4495282942,2397.179528294204,2.4444236372585917,3576.7817423806846,2397.179528294204,False,-1179.6022140864807,100464.4495282942,2397.179528294204,baseline,2397.179528294204,2.4444236372585917
세종,서비스업,regional_service_production_index_T,2024,4,96179.80226042116,96179.80226042116,98067.27,-1887.4677395788458,1.924666343397594,prior_year_province_anchor,99262.45226143776,1195.1822614377452,1.2187371601531736,1887.4677395788458,1195.1822614377452,False,-692.2854781411006,99262.45226143776,1195.1822614377452,baseline,1195.1822614377452,1.2187371601531736
세종,숙박 및 음식점업,regional_service_production_index_I,2022,1,625.4821255153458,3314.1443689320386,2816.53,497.61436893203836,17.667639575365374,prior_year_province_anchor,2856.4601186592163,39.93011865921608,1.4177061369563284,497.61436893203836,39.93011865921608,False,-457.6842502728223,2856.4601186592163,39.93011865921608,baseline,39.93011865921608,1.4177061369563284
세종,숙박 및 음식점업,regional_service_production_index_I,2022,2,1375.941081081081,3077.5403483606556,2816.53,261.01034836065537,9.267089232518574,prior_year_province_anchor,2960.9232277696124,144.39322776961217,5.12663553271622,261.01034836065537,144.39322776961217,False,-116.6171205910432,2960.9232277696124,144.39322776961217,baseline,144.39322776961217,5.12663553271622
세종,숙박 및 음식점업,regional_service_production_index_I,2022,3,2113.842556115437,2960.871543150465,2816.53,144.341543150465,5.124800486785689,prior_year_province_anchor,3028.335459410566,211.80545941056516,7.52008533232613,144.341543150465,211.80545941056516,True,67.46391626010018,2960.871543150465,144.341543150465,regional_service_production_index_I,144.341543150465,5.124800486785689
세종,숙박 및 음식점업,regional_service_production_index_I,2022,4,2856.5278332569856,2856.5278332569856,2816.53,39.99783325698536,1.4201103221689582,prior_year_province_anchor,2971.2970590325085,154.7670590325083,5.494955105484703,39.99783325698536,154.7670590325083,True,114.76922577552295,2856.5278332569856,39.99783325698536,regional_service_production_index_I,39.99783325698536,1.4201103221689582
세종,숙박 및 음식점업,regional_service_production_index_I,2023,1,685.7074293489638,3131.57207456979,2705.96,425.6120745697899,15.728690541241921,prior_year_province_anchor,3224.1056354325265,518.1456354325264,19.1483109666265,425.6120745697899,518.1456354325264,True,92.53356086273652,3131.57207456979,425.6120745697899,regional_service_production_index_I,425.6120745697899,15.728690541241921
세종,숙박 및 음식점업,regional_service_production_index_I,2023,2,1390.2821310445888,2886.3006258148635,2705.96,180.34062581486342,6.664571014163677,prior_year_province_anchor,2925.7521982473354,219.79219824733536,8.122522071550776,180.34062581486342,219.79219824733536,True,39.45157243247195,2886.3006258148635,180.34062581486342,regional_service_production_index_I,180.34062581486342,6.664571014163677
세종,숙박 및 음식점업,regional_service_production_index_I,2023,3,2079.527173958552,2810.155957567186,2705.96,104.19595756718581,3.8506096752053174,prior_year_province_anchor,2819.9070692227606,113.94706922276056,4.210966504411024,104.19595756718581,113.94706922276056,True,9.751111655574746,2810.155957567186,104.19595756718581,regional_service_production_index_I,104.19595756718581,3.8506096752053174
세종,숙박 및 음식점업,regional_service_production_index_I,2023,4,2771.7202281766804,2771.7202281766804,2705.96,65.76022817668036,2.430199566020206,prior_year_province_anchor,2776.8780596084416,70.91805960844158,2.6208096057754577,65.76022817668036,70.91805960844158,True,5.157831431761224,2771.7202281766804,65.76022817668036,regional_service_production_index_I,65.76022817668036,2.430199566020206
세종,숙박 및 음식점업,regional_service_production_index_I,2024,1,659.6532992980217,2666.405984522786,2689.34,-22.93401547721396,0.852774862130261,prior_year_province_anchor,2728.7097358934875,39.36973589348736,1.4639181320877002,22.93401547721396,39.36973589348736,True,16.435720416273398,2666.405984522786,-22.93401547721396,regional_service_production_index_I,22.93401547721396,0.852774862130261
세종,숙박 및 음식점업,regional_service_production_index_I,2024,2,1324.4871218889596,2640.548753180661,2689.34,-48.791246819338994,1.8142461280217077,prior_year_province_anchor,2714.3917196668585,25.05171966685839,0.93151924512551,48.791246819338994,25.05171966685839,False,-23.739527152480605,2714.3917196668585,25.05171966685839,baseline,25.05171966685839,0.9315192451255099
세종,숙박 및 음식점업,regional_service_production_index_I,2024,3,1999.1063773665178,2664.530501842926,2689.34,-24.80949815707436,0.9225125182042567,prior_year_province_anchor,2687.9541668692686,-1.3858331307314984,0.0515306034466262,24.80949815707436,1.3858331307314984,False,-23.42366502634286,2687.9541668692686,-1.3858331307314984,baseline,1.3858331307314984,0.05153060344662625
세종,숙박 및 음식점업,regional_service_production_index_I,2024,4,2697.325794511806,2697.325794511806,2689.34,7.985794511806034,0.2969425402442991,prior_year_province_anchor,2665.2846811364175,-24.05531886358267,0.8944692327330374,7.985794511806034,24.05531886358267,True,16.069524351776636,2697.325794511806,7.985794511806034,regional_service_production_index_I,7.985794511806034,0.2969425402442991
세종,숙박 및 음식점업,regional_service_production_index_I,2025,1,659.9959453691848,2698.726876090751,2643.16,55.566876090751066,2.1022895356600078,prior_year_province_anchor,2600.0364263565966,-43.12357364340323,1.631515823612768,55.566876090751066,43.12357364340323,False,-12.443302447347833,2600.0364263565966,-43.12357364340323,baseline,43.12357364340323,1.631515823612768
세종,숙박 및 음식점업,regional_service_production_index_I,2025,2,1346.391728553137,2741.9346544980444,2643.16,98.77465449804458,3.736991120403025,prior_year_province_anchor,2622.0044814714875,-21.155518528512403,0.8003873593922579,98.77465449804458,21.155518528512403,False,-77.61913596953218,2622.0044814714875,-21.155518528512403,baseline,21.155518528512403,0.8003873593922579
세종,숙박 및 음식점업,regional_service_production_index_I,2025,3,2012.1267690994455,2714.8937633170176,2643.16,71.73376331701775,2.7139395010902767,prior_year_province_anchor,2661.960298449441,18.800298449441016,0.7112811350595885,71.73376331701775,18.800298449441016,False,-52.93346486757673,2661.960298449441,18.800298449441016,baseline,18.800298449441016,0.7112811350595885
세종,숙박 및 음식점업,regional_service_production_index_I,2025,4,2648.5924242424244,2648.5924242424244,2643.16,5.432424242424531,0.20552763519516531,prior_year_province_anchor,2673.2084375632257,30.04843756322589,1.1368376323501372,5.432424242424531,30.04843756322589,True,24.616013320801358,2648.5924242424244,5.432424242424531,regional_service_production_index_I,5.432424242424531,0.20552763519516531
세종,운수 및 창고업,regional_service_production_index_H,2021,1,481.4205751437859,1878.2447609756096,2258.25,-380.00523902439045,16.827421190053823,prior_year_province_anchor,1882.656378494898,-375.5936215051019,16.632065604122747,380.00523902439045,375.5936215051019,False,-4.411617519288541,1882.656378494898,-375.5936215051019,baseline,375.5936215051019,16.632065604122744
세종,운수 및 창고업,regional_service_production_index_H,2021,2,1007.2945236309076,2019.1332330827065,2258.25,-239.1167669172935,10.588587043830112,prior_year_province_anchor,2065.237091494911,-193.01290850508897,8.547012443488939,239.1167669172935,193.01290850508897,False,-46.10385841220452,2065.237091494911,-193.01290850508897,baseline,193.01290850508897,8.54701244348894
세종,운수 및 창고업,regional_service_production_index_H,2021,3,1511.8876019004751,2034.3332839838492,2258.25,-223.91671601615076,9.915497222014869,prior_year_province_anchor,2081.0800581347457,-177.16994186525426,7.845452977538104,223.91671601615076,177.16994186525426,False,-46.7467741508965,2081.0800581347457,-177.16994186525426,baseline,177.16994186525426,7.8454529775381046
세종,운수 및 창고업,regional_service_production_index_H,2021,4,2056.6778794698675,2056.6778794698675,2258.25,-201.57212053013245,8.926032127981069,prior_year_province_anchor,2096.6648861898984,-161.58511381010155,7.155324424226794,201.57212053013245,161.58511381010155,False,-39.987006720030905,2096.6648861898984,-161.58511381010155,baseline,161.58511381010155,7.155324424226793
세종,운수 및 창고업,regional_service_production_index_H,2022,1,544.1816509542424,2324.7996070726917,2570.82,-246.02039292730842,9.56972455976336,prior_year_province_anchor,2425.422194050826,-145.3978059491742,5.655697635352697,246.02039292730842,145.3978059491742,False,-100.62258697813422,2425.422194050826,-145.3978059491742,baseline,145.3978059491742,5.655697635352697
세종,운수 및 창고업,regional_service_production_index_H,2022,2,1141.846803862957,2331.4045774647884,2570.82,-239.41542253521175,9.312803795489835,prior_year_province_anchor,2467.3628042341616,-103.4571957658386,4.024287805674399,239.41542253521175,103.4571957658386,False,-135.95822676937314,2467.3628042341616,-103.4571957658386,baseline,103.4571957658386,4.024287805674399
세종,운수 및 창고업,regional_service_production_index_H,2022,3,1719.2609220510462,2338.7756490459806,2570.82,-232.0443509540196,9.026083154558451,prior_year_province_anchor,2517.3484022812845,-53.47159771871566,2.0799432756363982,232.0443509540196,53.47159771871566,False,-178.57275323530394,2517.3484022812845,-53.47159771871566,baseline,53.47159771871566,2.0799432756363982
세종,운수 및 창고업,regional_service_production_index_H,2022,4,2304.463899747068,2304.463899747068,2570.82,-266.35610025293226,10.360744830557264,prior_year_province_anchor,2547.169029900585,-23.65097009941519,0.9199776763606629,266.35610025293226,23.65097009941519,False,-242.70513015351708,2547.169029900585,-23.65097009941519,baseline,23.65097009941519,0.9199776763606627
세종,운수 및 창고업,regional_service_production_index_H,2023,1,638.3604416403787,2703.2859160305343,2832.86,-129.57408396946585,4.57396708518832,prior_year_province_anchor,2861.6474957775104,28.78749577751023,1.0161990277497028,129.57408396946585,28.78749577751023,False,-100.78658819195562,2861.6474957775104,28.78749577751023,baseline,28.78749577751023,1.0161990277497028
세종,운수 및 창고업,regional_service_production_index_H,2023,2,1284.251451104101,2591.8635470668487,2832.86,-240.99645293315143,8.507178361555157,prior_year_province_anchor,3007.9078293067405,175.04782930674037,6.1791909697881415,240.99645293315143,175.04782930674037,False,-65.94862362641106,3007.9078293067405,175.04782930674037,baseline,175.04782930674037,6.1791909697881415
세종,운수 및 창고업,regional_service_production_index_H,2023,3,1901.7580126182966,2549.0794503171246,2832.86,-283.7805496828755,10.017457611137703,prior_year_province_anchor,3027.995855378222,195.135855378222,6.888298587936643,283.7805496828755,195.135855378222,False,-88.64469430465351,3027.995855378222,195.135855378222,baseline,195.135855378222,6.888298587936643
세종,운수 및 창고업,regional_service_production_index_H,2023,4,2565.0272555205047,2565.0272555205047,2832.86,-267.83274447949543,9.454499851016125,prior_year_province_anchor,3022.0505266647683,189.1905266647682,6.678428396206243,267.83274447949543,189.1905266647682,False,-78.64221781472722,3022.0505266647683,189.1905266647682,baseline,189.1905266647682,6.678428396206244
세종,운수 및 창고업,regional_service_production_index_H,2024,1,749.15967931346,3010.2350816696917,3073.83,-63.594918330308246,2.0689146221589434,prior_year_province_anchor,3337.0637778128735,263.23377781287354,8.563706444822047,63.594918330308246,263.23377781287354,True,199.6388594825653,3010.2350816696917,-63.594918330308246,regional_service_production_index_H,63.594918330308246,2.0689146221589434
세종,운수 및 창고업,regional_service_production_index_H,2024,2,1535.4254742547428,3066.6955345060896,3073.83,-7.134465493910284,0.23210345054574533,prior_year_province_anchor,3166.9193794674206,93.08937946742071,3.028449181230606,7.134465493910284,93.08937946742071,True,85.95491397351043,3066.6955345060896,-7.134465493910284,regional_service_production_index_H,7.134465493910284,0.23210345054574533
세종,운수 및 창고업,regional_service_production_index_H,2024,3,2314.6539024390245,3121.927346938776,3073.83,48.0973469387759,1.5647367271051391,prior_year_province_anchor,3128.231352044175,54.40135204417493,1.7698230560627926,48.0973469387759,54.40135204417493,True,6.304005105399028,3121.927346938776,48.0973469387759,regional_service_production_index_H,48.0973469387759,1.5647367271051391
세종,운수 및 창고업,regional_service_production_index_H,2024,4,3138.6655736224034,3138.6655736224034,3073.83,64.83557362240344,2.109276492922622,prior_year_province_anchor,3090.9426498577723,17.11264985777234,0.5567207639255372,64.83557362240344,17.11264985777234,False,-47.722923764631105,3090.9426498577723,17.11264985777234,baseline,17.11264985777234,0.5567207639255372
세종,운수 및 창고업,regional_service_production_index_H,2025,1,752.480601304525,3152.578847139197,3200.13,-47.551152860803086,1.485913161677903,prior_year_province_anchor,3180.7294770657677,-19.400522934232413,0.6062417131251672,47.551152860803086,19.400522934232413,False,-28.150629926570673,3180.7294770657677,-19.400522934232413,baseline,19.400522934232413,0.6062417131251672
세종,운수 및 창고업,regional_service_production_index_H,2025,2,1566.3626172034244,3201.90625,3200.13,1.7762499999998909,0.05550555758671963,prior_year_province_anchor,3172.393458872696,-27.736541127304008,0.8667316992529681,1.7762499999998909,27.736541127304008,True,25.960291127304117,3201.90625,1.7762499999998909,regional_service_production_index_H,1.7762499999998909,0.05550555758671963
세종,운수 및 창고업,regional_service_production_index_H,2025,3,2346.4112005707298,3181.728399668325,3200.13,-18.401600331675127,0.5750266499071952,prior_year_province_anchor,3158.492840425191,-41.637159574809175,1.3011083791848823,18.401600331675127,41.637159574809175,True,23.23555924313405,3181.728399668325,-18.401600331675127,regional_service_production_index_H,18.401600331675127,0.5750266499071952
세종,운수 및 창고업,regional_service_production_index_H,2025,4,3140.8703200163063,3140.8703200163063,3200.13,-59.259679983693786,1.8517897705310031,prior_year_province_anchor,3142.7020367074556,-57.42796329254452,1.7945509492597025,59.259679983693786,57.42796329254452,False,-1.8317166911492677,3142.7020367074556,-57.42796329254452,baseline,57.42796329254452,1.7945509492597025
세종,정보통신업,regional_service_production_index_J,2021,1,487.2561750000001,1943.195114656032,2138.16,-194.9648853439678,9.1183487364822,prior_year_province_anchor,2163.4619977039297,25.30199770392983,1.18335380438928,194.9648853439678,25.30199770392983,False,-169.66288764003798,2163.4619977039297,25.30199770392983,baseline,25.30199770392983,1.18335380438928
세종,정보통신업,regional_service_production_index_J,2021,2,992.0432600000001,2025.6115569167946,2138.16,-112.54844308320526,5.263798924458659,prior_year_province_anchor,2192.4039510507355,54.24395105073563,2.536945366611275,112.54844308320526,54.24395105073563,False,-58.304492032469625,2192.4039510507355,54.24395105073563,baseline,54.24395105073563,2.536945366611275
세종,정보통신업,regional_service_production_index_J,2021,3,1542.2044650000005,2114.056840301577,2138.16,-24.103159698423042,1.1272851282608898,prior_year_province_anchor,2231.203111949414,93.0431119494142,4.351550489645967,24.103159698423042,93.0431119494142,True,68.93995225099115,2114.056840301577,-24.103159698423042,regional_service_production_index_J,24.103159698423042,1.1272851282608898
세종,정보통신업,regional_service_production_index_J,2021,4,2106.8028900000004,2106.8028900000004,2138.16,-31.357109999999466,1.4665464698619126,prior_year_province_anchor,2249.7980175492285,111.6380175492286,5.22121906448669,31.357109999999466,111.6380175492286,True,80.28090754922914,2106.8028900000004,-31.357109999999466,regional_service_production_index_J,31.357109999999466,1.4665464698619126
세종,정보통신업,regional_service_production_index_J,2022,1,581.8976798825256,2516.01473015873,2243.16,272.85473015873004,12.163855015189736,prior_year_province_anchor,2204.929536377039,-38.230463622961,1.7043128275718629,272.85473015873004,38.230463622961,False,-234.62426653576904,2204.929536377039,-38.230463622961,baseline,38.230463622961,1.7043128275718629
세종,정보통신업,regional_service_production_index_J,2022,2,1124.548663729809,2388.204698544698,2243.16,145.04469854469835,6.466087953810623,prior_year_province_anchor,2215.8158186730966,-27.344181326903257,1.2190027161193695,145.04469854469835,27.344181326903257,False,-117.7005172177951,2215.8158186730966,-27.344181326903257,baseline,27.344181326903257,1.21900271611937
세종,정보통신업,regional_service_production_index_J,2022,3,1688.654508076358,2306.868044132397,2243.16,63.708044132396935,2.8401025398276065,prior_year_province_anchor,2210.087780224426,-33.07221977557401,1.474358484262113,63.708044132396935,33.07221977557401,False,-30.635824356822923,2210.087780224426,-33.07221977557401,baseline,33.07221977557401,1.474358484262113
세종,정보통신업,regional_service_production_index_J,2022,4,2277.878237885462,2277.878237885462,2243.16,34.71823788546226,1.5477379181807032,prior_year_province_anchor,2187.9604593515064,-55.19954064849344,2.460793730652002,34.71823788546226,55.19954064849344,True,20.48130276303118,2277.878237885462,34.71823788546226,regional_service_production_index_J,34.71823788546226,1.5477379181807032
세종,정보통신업,regional_service_production_index_J,2023,1,518.9207718814611,2031.3508273381294,2404.85,-373.4991726618705,15.531079803807742,prior_year_province_anchor,2388.285127694465,-16.56487230553512,0.6888110404197816,373.4991726618705,16.56487230553512,False,-356.93430035633537,2388.285127694465,-16.56487230553512,baseline,16.56487230553512,0.6888110404197816
세종,정보통신업,regional_service_production_index_J,2023,2,1051.2396967608545,2129.384085621219,2404.85,-275.4659143787808,11.454598597782848,prior_year_province_anchor,2324.892162401685,-79.95783759831511,3.324857583563013,275.4659143787808,79.95783759831511,False,-195.50807678046567,2324.892162401685,-79.95783759831511,baseline,79.95783759831511,3.324857583563013
세종,정보통신업,regional_service_production_index_J,2023,3,1583.5586216402482,2136.1111496746203,2404.85,-268.73885032537964,11.174869548012543,prior_year_province_anchor,2328.505571008368,-76.34442899163196,3.174602532034512,268.73885032537964,76.34442899163196,False,-192.3944213337477,2328.505571008368,-76.34442899163196,baseline,76.34442899163196,3.174602532034512
세종,정보통신업,regional_service_production_index_J,2023,4,2183.8989386629914,2183.8989386629914,2404.85,-220.95106133700847,9.187727356675406,prior_year_province_anchor,2335.794097943095,-69.05590205690487,2.8715263761525613,220.95106133700847,69.05590205690487,False,-151.8951592801036,2335.794097943095,-69.05590205690487,baseline,69.05590205690487,2.8715263761525613
세종,정보통신업,regional_service_production_index_J,2024,1,592.4170363378952,2493.210923535253,2548.03,-54.81907646474701,2.1514297894744963,prior_year_province_anchor,2464.969230982521,-83.06076901747929,3.2598034174432513,54.81907646474701,83.06076901747929,True,28.241692552732275,2493.210923535253,-54.81907646474701,regional_service_production_index_J,54.81907646474701,2.1514297894744963
세종,정보통신업,regional_service_production_index_J,2024,2,1171.782739499764,2434.321200980392,2548.03,-113.70879901960825,4.46261617875803,prior_year_province_anchor,2431.7191015183653,-116.31089848163492,4.5647381891749665,113.70879901960825,116.31089848163492,True,2.602099462026672,2434.321200980392,-113.70879901960825,regional_service_production_index_J,113.70879901960825,4.46261617875803
세종,정보통신업,regional_service_production_index_J,2024,3,1785.1953987730062,2461.977904328018,2548.03,-86.05209567198199,3.377201040489397,prior_year_province_anchor,2420.6663958295353,-127.3636041704649,4.998512740056627,86.05209567198199,127.3636041704649,True,41.31150849848291,2461.977904328018,-86.05209567198199,regional_service_production_index_J,86.05209567198199,3.377201040489397
세종,정보통신업,regional_service_production_index_J,2024,4,2451.9482892874,2451.9482892874,2548.03,-96.0817107126004,3.770823369921092,prior_year_province_anchor,2415.9478192354204,-132.0821807645798,5.183698024143349,96.0817107126004,132.0821807645798,True,36.00047005197939,2451.9482892874,-96.0817107126004,regional_service_production_index_J,96.0817107126004,3.770823369921092
세종,정보통신업,regional_service_production_index_J,2025,1,571.4050150428143,2364.9818678160923,3109.3900000000003,-744.408132183908,23.940648557559776,prior_year_province_anchor,2574.584208670545,-534.8057913294551,17.199701270328106,744.408132183908,534.8057913294551,False,-209.6023408544529,2574.584208670545,-534.8057913294551,baseline,534.8057913294551,17.199701270328106
세종,정보통신업,regional_service_production_index_J,2025,2,1349.7895556584124,2824.426474576271,3109.3900000000003,-284.96352542372915,9.164611882836477,prior_year_province_anchor,2600.0953028563345,-509.2946971436658,16.379247927846485,284.96352542372915,509.2946971436658,True,224.33117171993666,2824.426474576271,-284.96352542372915,regional_service_production_index_J,284.96352542372915,9.164611882836477
세종,정보통신업,regional_service_production_index_J,2025,3,2248.4698889146034,3088.251236490782,3109.3900000000003,-21.13876350921828,0.6798363508346742,prior_year_province_anchor,2600.9710086214664,-508.418991378534,16.351084662217797,21.13876350921828,508.418991378534,True,487.2802278693157,3088.251236490782,-21.13876350921828,regional_service_production_index_J,21.13876350921828,0.6798363508346742
세종,정보통신업,regional_service_production_index_J,2025,4,3186.069449201573,3186.069449201573,3109.3900000000003,76.67944920157288,2.4660608415661227,prior_year_province_anchor,2600.962149823504,-508.4278501764966,16.35136956690851,76.67944920157288,508.4278501764966,True,431.7484009749237,3186.069449201573,76.67944920157288,regional_service_production_index_J,76.67944920157288,2.4660608415661227
울산,건설업,regional_construction_orders_bok_12_24q,2021,1,6606.478503097684,26752.19151056554,23503.54,3248.651510565538,13.821966863568372,prior_year_province_anchor,25158.472514885445,1654.932514885444,7.0412053456008925,3248.651510565538,1654.932514885444,False,-1593.718995680094,25158.472514885445,1654.932514885444,baseline,1654.932514885444,7.0412053456008925
울산,건설업,regional_construction_orders_bok_12_24q,2021,2,12855.885259516235,25854.96376759339,23503.54,2351.4237675933873,10.004551516892295,prior_year_province_anchor,25177.05508795693,1673.51508795693,7.120268214732461,2351.4237675933873,1673.51508795693,False,-677.9086796364572,25177.05508795693,1673.51508795693,baseline,1673.51508795693,7.120268214732461
울산,건설업,regional_construction_orders_bok_12_24q,2021,3,18285.9627256175,24486.112295405535,23503.54,982.5722954055345,4.180528956087187,prior_year_province_anchor,25330.78943974545,1827.2494397454504,7.774358414713061,982.5722954055345,1827.2494397454504,True,844.6771443399159,24486.112295405535,982.5722954055345,regional_construction_orders_bok_12_24q,982.5722954055345,4.180528956087187
울산,건설업,regional_construction_orders_bok_12_24q,2021,4,24138.142502410832,24138.142502410832,23503.54,634.6025024108312,2.7000294526306723,prior_year_province_anchor,25561.751893205463,2058.2118932054655,8.757029337731531,634.6025024108312,2058.2118932054655,True,1423.6093907946342,24138.142502410832,634.6025024108312,regional_construction_orders_bok_12_24q,634.6025024108312,2.7000294526306723
울산,건설업,regional_construction_orders_bok_12_24q,2022,1,5974.025380233276,21827.343549740704,26504.16,-4676.816450259295,17.645593937930105,prior_year_province_anchor,23506.019324838224,-2998.140675161776,11.311962632136902,4676.816450259295,2998.140675161776,False,-1678.6757750975194,23506.019324838224,-2998.140675161776,baseline,2998.140675161776,11.311962632136902
울산,건설업,regional_construction_orders_bok_12_24q,2022,2,12372.343646582745,23230.247314858934,26504.16,-3273.9126851410656,12.35244838976623,prior_year_province_anchor,23386.118868431808,-3118.041131568192,11.764346168934209,3273.9126851410656,3118.041131568192,False,-155.87155357287338,23386.118868431808,-3118.041131568192,baseline,3118.041131568192,11.764346168934207
울산,건설업,regional_construction_orders_bok_12_24q,2022,3,19446.908559154137,25670.633648104184,26504.16,-833.5263518958163,3.144888771784567,prior_year_province_anchor,23606.184292287155,-2897.975707712845,10.934040949469235,833.5263518958163,2897.975707712845,True,2064.449355817029,25670.633648104184,-833.5263518958163,regional_construction_orders_bok_12_24q,833.5263518958163,3.144888771784567
울산,건설업,regional_construction_orders_bok_12_24q,2022,4,26915.971467918644,26915.971467918644,26504.16,411.81146791864376,1.5537616280562891,prior_year_province_anchor,23736.50952655844,-2767.6504734415576,10.442324802753824,411.81146791864376,2767.6504734415576,True,2355.839005522914,26915.971467918644,411.81146791864376,regional_construction_orders_bok_12_24q,411.81146791864376,1.5537616280562891
울산,건설업,regional_construction_orders_bok_12_24q,2023,1,9009.106382253001,40590.528982100965,33223.72,7366.8089821009635,22.173341763357516,prior_year_province_anchor,26917.572203391977,-6306.147796608027,18.980860050012545,7366.8089821009635,6306.147796608027,False,-1060.661185492936,26917.572203391977,-6306.147796608027,baseline,6306.147796608027,18.980860050012545
울산,건설업,regional_construction_orders_bok_12_24q,2023,2,18617.573875310067,40502.43846630629,33223.72,7278.718466306287,21.908198318268653,prior_year_province_anchor,26599.17089088258,-6624.549109117423,19.9392154434164,7278.718466306287,6624.549109117423,False,-654.1693571888645,26599.17089088258,-6624.549109117423,baseline,6624.549109117423,19.939215443416398
울산,건설업,regional_construction_orders_bok_12_24q,2023,3,28336.078233828546,39219.24510183503,33223.72,5995.525101835032,18.045917500614113,prior_year_province_anchor,26583.11142200145,-6640.6085779985515,19.98755280263183,5995.525101835032,6640.6085779985515,True,645.0834761635197,39219.24510183503,5995.525101835032,regional_construction_orders_bok_12_24q,5995.525101835032,18.045917500614113
울산,건설업,regional_construction_orders_bok_12_24q,2023,4,38107.89872564581,38107.89872564581,33223.72,4884.178725645812,14.70087854594793,prior_year_province_anchor,26189.04272861292,-7034.677271387081,21.173659275322212,4884.178725645812,7034.677271387081,True,2150.4985457412695,38107.89872564581,4884.178725645812,regional_construction_orders_bok_12_24q,4884.178725645812,14.70087854594793
울산,건설업,regional_construction_orders_bok_12_24q,2024,1,8660.785632094814,36634.52597280352,34918.65,1715.875972803522,4.913924143125584,prior_year_province_anchor,34393.17827636943,-525.4717236305733,1.5048454726358929,1715.875972803522,525.4717236305733,False,-1190.4042491729488,34393.17827636943,-525.4717236305733,baseline,525.4717236305733,1.5048454726358929
울산,건설업,regional_construction_orders_bok_12_24q,2024,2,17735.588704972077,36302.582857216,34918.65,1383.9328572160011,3.9633057326557615,prior_year_province_anchor,33552.458879411606,-1366.1911205883953,3.9124969624782033,1383.9328572160011,1366.1911205883953,False,-17.74173662760586,33552.458879411606,-1366.1911205883953,baseline,1366.1911205883953,3.9124969624782033
울산,건설업,regional_construction_orders_bok_12_24q,2024,3,26870.401745073003,36136.77729038043,34918.65,1218.1272903804274,3.488471892184914,prior_year_province_anchor,32686.007605109557,-2232.642394890445,6.3938393806474325,1218.1272903804274,2232.642394890445,True,1014.5151045100174,36136.77729038043,1218.1272903804274,regional_construction_orders_bok_12_24q,1218.1272903804274,3.488471892184914
울산,건설업,regional_construction_orders_bok_12_24q,2024,4,35990.13435878989,35990.13435878989,34918.65,1071.4843587898868,3.0685159901367514,prior_year_province_anchor,32212.373968303866,-2706.276031696136,7.7502309845773985,1071.4843587898868,2706.276031696136,True,1634.7916729062495,35990.13435878989,1071.4843587898868,regional_construction_orders_bok_12_24q,1071.4843587898868,3.0685159901367514
울산,건설업,regional_construction_orders_raw,2025,1,6496.797253932083,36141.66312671217,33756.35,2385.3131267121717,7.066264944853848,prior_year_province_anchor,30619.61926382117,-3136.73073617883,9.292268672942514,2385.3131267121717,3136.73073617883,True,751.4176094666582,36141.66312671217,2385.3131267121717,regional_construction_orders_raw,2385.3131267121717,7.066264944853848
울산,건설업,regional_construction_orders_raw,2025,2,15456.830928318017,32287.241823449014,33756.35,-1469.1081765509844,4.352094277227794,prior_year_province_anchor,30993.52630703345,-2762.8236929665472,8.184604357303286,1469.1081765509844,2762.8236929665472,True,1293.715516415563,32287.241823449014,-1469.1081765509844,regional_construction_orders_raw,1469.1081765509844,4.352094277227794
울산,건설업,regional_construction_orders_raw,2025,3,22828.584977798433,33625.22952721379,33756.35,-131.12047278620594,0.38843202178614084,prior_year_province_anchor,31508.549073722872,-2247.8009262771266,6.6588980333392875,131.12047278620594,2247.8009262771266,True,2116.6804534909206,33625.22952721379,-131.12047278620594,regional_construction_orders_raw,131.12047278620594,0.38843202178614084
울산,건설업,regional_construction_orders_raw,2025,4,32564.843400288566,32564.843400288566,33756.35,-1191.5065997114325,3.5297258136955936,prior_year_province_anchor,31710.209697227867,-2046.1403027721317,6.0614974746147965,1191.5065997114325,2046.1403027721317,True,854.6337030606992,32564.843400288566,-1191.5065997114325,regional_construction_orders_raw,1191.5065997114325,3.5297258136955936
울산,"광업, 제조업",regional_manufacturing_production_index,2022,1,90286.03897339884,370716.4425368353,385251.17,-14534.727463164658,3.7727925558706694,prior_year_province_anchor,381806.44469578576,-3444.7253042142256,0.8941505107471123,14534.727463164658,3444.7253042142256,False,-11090.002158950432,381806.44469578576,-3444.7253042142256,baseline,3444.7253042142256,0.8941505107471123
울산,"광업, 제조업",regional_manufacturing_production_index,2022,2,182229.22676339804,370322.8373303741,385251.17,-14928.332669625874,3.8749610207870036,prior_year_province_anchor,380769.04470646055,-4482.12529353943,1.163429378693238,14928.332669625874,4482.12529353943,False,-10446.207376086444,380769.04470646055,-4482.12529353943,baseline,4482.12529353943,1.163429378693238
울산,"광업, 제조업",regional_manufacturing_production_index,2022,3,268458.10828925803,366141.556565592,385251.17,-19109.613434407976,4.960299908864125,prior_year_province_anchor,380914.3260537937,-4336.843946206267,1.1257185659439444,19109.613434407976,4336.843946206267,False,-14772.76948820171,380914.3260537937,-4336.843946206267,baseline,4336.843946206267,1.1257185659439444
울산,"광업, 제조업",regional_manufacturing_production_index,2022,4,361258.4420188781,361258.4420188781,385251.17,-23992.72798112186,6.227814436260339,prior_year_province_anchor,375126.54729395633,-10124.62270604365,2.6280576139570586,23992.72798112186,10124.62270604365,False,-13868.105275078211,375126.54729395633,-10124.62270604365,baseline,10124.62270604365,2.6280576139570586
울산,"광업, 제조업",regional_manufacturing_production_index,2024,1,102985.46319584332,411481.36205046304,425105.1,-13623.737949536939,3.204792873465159,prior_year_province_anchor,440153.81518098427,15048.71518098429,3.5399987393668746,13623.737949536939,15048.71518098429,True,1424.977231447352,411481.36205046304,-13623.737949536939,regional_manufacturing_production_index,13623.737949536939,3.204792873465159
울산,"광업, 제조업",regional_manufacturing_production_index,2024,2,209450.8304716227,415053.04755266913,425105.1,-10052.052447330847,2.3646040584624477,prior_year_province_anchor,434352.0101690871,9246.910169087176,2.1752056536341664,10052.052447330847,9246.910169087176,False,-805.1422782436712,434352.0101690871,9246.910169087176,baseline,9246.910169087176,2.1752056536341664
울산,"광업, 제조업",regional_manufacturing_production_index,2024,3,309974.0973844924,415357.3220094259,425105.1,-9747.777990574075,2.293027769032664,prior_year_province_anchor,430938.6457735098,5833.545773509832,1.3722596537914582,9747.777990574075,5833.545773509832,False,-3914.2322170642437,430938.6457735098,5833.545773509832,baseline,5833.545773509832,1.3722596537914582
울산,"광업, 제조업",regional_manufacturing_production_index,2024,4,415290.4397282174,415290.4397282174,425105.1,-9814.660271782603,2.3087608856686503,prior_year_province_anchor,428055.97805021895,2950.878050218977,0.6941525872587689,9814.660271782603,2950.878050218977,False,-6863.782221563626,428055.97805021895,2950.878050218977,baseline,2950.878050218977,0.694152587258769
울산,교육 서비스업,regional_service_production_index_P,2021,1,5493.238767499999,21271.011684414327,21484.47,-213.45831558567443,0.9935470392598672,prior_year_province_anchor,21244.3639723191,-240.1060276809003,1.117579478017844,213.45831558567443,240.1060276809003,True,26.64771209522587,21271.011684414327,-213.45831558567443,regional_service_production_index_P,213.45831558567443,0.9935470392598672
울산,교육 서비스업,regional_service_production_index_P,2021,2,10682.7276875,21581.268055555556,21484.47,96.79805555555504,0.4505489572493761,prior_year_province_anchor,21452.652132040937,-31.81786795906737,0.1480970578239415,96.79805555555504,31.81786795906737,False,-64.98018759648767,21452.652132040937,-31.81786795906737,baseline,31.81786795906737,0.14809705782394153
울산,교육 서비스업,regional_service_production_index_P,2021,3,16093.593615000002,21522.69289869609,21484.47,38.22289869608721,0.17790943270225987,prior_year_province_anchor,21630.790281519752,146.320281519751,0.6810513897701502,38.22289869608721,146.320281519751,True,108.09738282366379,21522.69289869609,38.22289869608721,regional_service_production_index_P,38.22289869608721,0.17790943270225987
울산,교육 서비스업,regional_service_production_index_P,2021,4,21514.7561475,21514.7561475,21484.47,30.28614749999906,0.14096762684859834,prior_year_province_anchor,21663.377136296232,178.90713629623133,0.832727715862813,30.28614749999906,178.90713629623133,True,148.62098879623227,21514.7561475,30.28614749999906,regional_service_production_index_P,30.28614749999906,0.14096762684859834
울산,교육 서비스업,regional_service_production_index_P,2022,1,5470.0828140703525,21424.063805060923,22131.82,-707.7561949390765,3.1979123042708486,prior_year_province_anchor,22522.05847375366,390.2384737536595,1.7632461937321895,707.7561949390765,390.2384737536595,False,-317.51772118541703,22522.05847375366,390.2384737536595,baseline,390.2384737536595,1.7632461937321895
울산,교육 서비스업,regional_service_production_index_P,2022,2,10729.382361809045,21608.7175373494,22131.82,-523.1024626506005,2.3635763468643813,prior_year_province_anchor,22461.34890284061,329.5289028406114,1.4889372082395909,523.1024626506005,329.5289028406114,False,-193.5735598099891,22461.34890284061,329.5289028406114,baseline,329.5289028406114,1.4889372082395909
울산,교육 서비스업,regional_service_production_index_P,2022,3,16096.64407035176,21518.83415547025,22131.82,-612.9858445297505,2.769703732136582,prior_year_province_anchor,22372.362982029663,240.5429820296631,1.0868648942096182,612.9858445297505,240.5429820296631,False,-372.44286250008736,22372.362982029663,240.5429820296631,baseline,240.5429820296631,1.0868648942096182
울산,교육 서비스업,regional_service_production_index_P,2022,4,21340.52045226131,21340.52045226131,22131.82,-791.2995477386903,3.5753930211735425,prior_year_province_anchor,22345.56339549885,213.7433954988519,0.9657741455463306,791.2995477386903,213.7433954988519,False,-577.5561522398384,22345.56339549885,213.7433954988519,baseline,213.7433954988519,0.9657741455463306
울산,교육 서비스업,regional_service_production_index_P,2023,1,5742.2235943146225,22402.227575187968,22496.699999999997,-94.4724248120292,0.4199390346674366,prior_year_province_anchor,22516.754455932663,20.054455932666315,0.0891439897081186,94.4724248120292,20.054455932666315,False,-74.41796887936289,22516.754455932663,20.054455932666315,baseline,20.054455932666315,0.0891439897081186
울산,교육 서비스업,regional_service_production_index_P,2023,2,11228.526359913274,22333.30758025875,22496.699999999997,-163.3924197412489,0.726295055458129,prior_year_province_anchor,22485.774852969687,-10.925147030309745,0.0485633316455735,163.3924197412489,10.925147030309745,False,-152.46727271093914,22485.774852969687,-10.925147030309745,baseline,10.925147030309745,0.048563331645573554
울산,교육 서비스업,regional_service_production_index_P,2023,3,16784.1410166225,22251.98638134781,22496.699999999997,-244.7136186521857,1.0877756233233573,prior_year_province_anchor,22432.610975999454,-64.08902400053921,0.2848818893461673,244.7136186521857,64.08902400053921,False,-180.62459465164648,22432.610975999454,-64.08902400053921,baseline,64.08902400053921,0.2848818893461673
울산,교육 서비스업,regional_service_production_index_P,2023,4,22233.121994700068,22233.121994700068,22496.699999999997,-263.5780052999289,1.171629640346935,prior_year_province_anchor,22381.99605324178,-114.70394675821808,0.5098700998733952,263.5780052999289,114.70394675821808,False,-148.87405854171084,22381.99605324178,-114.70394675821808,baseline,114.70394675821808,0.5098700998733952
울산,교육 서비스업,regional_service_production_index_P,2024,1,5923.591510791366,22935.354317548743,23234.91,-299.55568245125687,1.2892483011608689,prior_year_province_anchor,22785.22123017933,-449.68876982067013,1.9354013844713416,299.55568245125687,449.68876982067013,True,150.13308736941326,22935.354317548743,-299.55568245125687,regional_service_production_index_P,299.55568245125687,1.2892483011608689
울산,교육 서비스업,regional_service_production_index_P,2024,2,11625.992446043165,23020.127492877487,23234.91,-214.78250712251247,0.9243956921826357,prior_year_province_anchor,22794.79948357268,-440.1105164273213,1.8941778402727671,214.78250712251247,440.1105164273213,True,225.3280093048088,23020.127492877487,-214.78250712251247,regional_service_production_index_P,214.78250712251247,0.9243956921826357
울산,교육 서비스업,regional_service_production_index_P,2024,3,17506.424820143882,23189.89564803049,23234.91,-45.014351969508425,0.1937358568185047,prior_year_province_anchor,22754.802404608756,-480.1075953912441,2.0663200132526622,45.014351969508425,480.1075953912441,True,435.0932434217357,23189.89564803049,-45.014351969508425,regional_service_production_index_P,45.014351969508425,0.1937358568185047
울산,교육 서비스업,regional_service_production_index_P,2024,4,23316.723597122298,23316.723597122298,23234.91,81.81359712229823,0.35211497321185337,prior_year_province_anchor,22747.65536355193,-487.2546364480695,2.0970799389714423,81.81359712229823,487.2546364480695,True,405.44103932577127,23316.723597122298,81.81359712229823,regional_service_production_index_P,81.81359712229823,0.35211497321185337
울산,교육 서비스업,regional_service_production_index_P,2025,1,6031.829944470153,23742.776885245905,24209.55,-466.7731147540944,1.9280536596264466,prior_year_province_anchor,23088.38211865364,-1121.1678813463586,4.631097568299943,466.7731147540944,1121.1678813463586,True,654.3947665922642,23742.776885245905,-466.7731147540944,regional_service_production_index_P,466.7731147540944,1.9280536596264466
울산,교육 서비스업,regional_service_production_index_P,2025,2,11913.13293845442,23892.603508120654,24209.55,-316.94649187934556,1.3091796083749825,prior_year_province_anchor,23046.00220765615,-1163.5477923438448,4.806152086031524,316.94649187934556,1163.5477923438448,True,846.6013004644992,23892.603508120654,-316.94649187934556,regional_service_production_index_P,316.94649187934556,1.3091796083749825
울산,교육 서비스업,regional_service_production_index_P,2025,3,17982.594620546042,23950.9318798151,24209.55,-258.61812018489945,1.0682483573007324,prior_year_province_anchor,23127.208116701193,-1082.3418832988064,4.4707228482099275,258.61812018489945,1082.3418832988064,True,823.7237631139069,23950.9318798151,-258.61812018489945,regional_service_production_index_P,258.61812018489945,1.0682483573007324
울산,교육 서비스업,regional_service_production_index_P,2025,4,23906.905314669137,23906.905314669137,24209.55,-302.64468533086256,1.250104546886921,prior_year_province_anchor,23159.36076437741,-1050.1892356225908,4.33791307819679,302.64468533086256,1050.1892356225908,True,747.5445502917282,23906.905314669137,-302.64468533086256,regional_service_production_index_P,302.64468533086256,1.250104546886921
울산,금융 및 보험업,regional_service_production_index_K,2021,1,3918.5404175000003,16259.503807053943,15668.19,591.3138070539426,3.773976490289833,prior_year_province_anchor,16445.94517812708,777.7551781270795,4.9639120927629765,591.3138070539426,777.7551781270795,True,186.4413710731369,16259.503807053943,591.3138070539426,regional_service_production_index_K,591.3138070539426,3.773976490289833
울산,금융 및 보험업,regional_service_production_index_K,2021,2,7697.267917499999,15797.368737814262,15668.19,129.1787378142617,0.8244649689227772,prior_year_province_anchor,16185.284988619203,517.0949886192029,3.300285410243321,129.1787378142617,517.0949886192029,True,387.9162508049412,15797.368737814262,129.1787378142617,regional_service_production_index_K,129.1787378142617,0.8244649689227772
울산,금융 및 보험업,regional_service_production_index_K,2021,3,11468.437962499998,15419.748521008401,15668.19,-248.44147899159907,1.5856424959845332,prior_year_province_anchor,16162.85494677393,494.66494677392984,3.1571288500709387,248.44147899159907,494.66494677392984,True,246.22346778233077,15419.748521008401,-248.44147899159907,regional_service_production_index_K,248.44147899159907,1.5856424959845332
울산,금융 및 보험업,regional_service_production_index_K,2021,4,15292.510192499998,15292.510192499998,15668.19,-375.6798075000024,2.3977230777773464,prior_year_province_anchor,16135.558572566915,467.36857256691474,2.9829136139331647,375.6798075000024,467.36857256691474,True,91.68876506691231,15292.510192499998,-375.6798075000024,regional_service_production_index_K,375.6798075000024,2.3977230777773464
울산,금융 및 보험업,regional_service_production_index_K,2022,1,3786.3824610822835,14776.750067502411,16435.3,-1658.549932497588,10.09138824662518,prior_year_province_anchor,16505.715320391646,70.41532039164667,0.4284395197632332,1658.549932497588,70.41532039164667,False,-1588.1346121059414,16505.715320391646,70.41532039164667,baseline,70.41532039164667,0.42843951976323325
울산,금융 및 보험업,regional_service_production_index_K,2022,2,7704.397850259452,15306.67555228277,16435.3,-1128.6244477172295,6.867075427386355,prior_year_province_anchor,16390.65882957576,-44.641170424238226,0.2716176183229891,1128.6244477172295,44.641170424238226,False,-1083.9832772929913,16390.65882957576,-44.641170424238226,baseline,44.641170424238226,0.27161761832298914
울산,금융 및 보험업,regional_service_production_index_K,2022,3,11707.587487027427,15611.402490939043,16435.3,-823.8975090609565,5.012975175755578,prior_year_province_anchor,16154.95627130373,-280.34372869626895,1.7057414753382596,823.8975090609565,280.34372869626895,False,-543.5537803646876,16154.95627130373,-280.34372869626895,baseline,280.34372869626895,1.7057414753382596
울산,금융 및 보험업,regional_service_production_index_K,2022,4,16125.033691623425,16125.033691623425,16435.3,-310.26630837657467,1.8878043502496131,prior_year_province_anchor,16096.69406346325,-338.60593653674914,2.0602358127734153,310.26630837657467,338.60593653674914,True,28.33962816017447,16125.033691623425,-310.26630837657467,regional_service_production_index_K,310.26630837657467,1.8878043502496131
울산,금융 및 보험업,regional_service_production_index_K,2023,1,4376.169915966387,18636.756339468302,16805.29,1831.4663394683012,10.898153732951357,prior_year_province_anchor,16646.05694145101,-159.2330585489908,0.9475174694931822,1831.4663394683012,159.2330585489908,False,-1672.2332809193103,16646.05694145101,-159.2330585489908,baseline,159.2330585489908,0.9475174694931822
울산,금융 및 보험업,regional_service_production_index_K,2023,2,8570.821512605042,17938.42793969849,16805.29,1133.1379396984885,6.7427455265484175,prior_year_province_anchor,16696.197183314573,-109.09281668542826,0.6491575967176303,1133.1379396984885,109.09281668542826,False,-1024.0451230130602,16696.197183314573,-109.09281668542826,baseline,109.09281668542826,0.6491575967176303
울산,금융 및 보험업,regional_service_production_index_K,2023,3,12749.688907563024,17560.33541666667,16805.29,755.0454166666677,4.492903226702233,prior_year_province_anchor,16745.651607400006,-59.6383925999944,0.3548786876036914,755.0454166666677,59.6383925999944,False,-695.4070240666733,16745.651607400006,-59.6383925999944,baseline,59.6383925999944,0.35487868760369146
울산,금융 및 보험업,regional_service_production_index_K,2023,4,16932.502352941177,16932.502352941177,16805.29,127.2123529411765,0.7569780285920474,prior_year_province_anchor,16535.918707619403,-269.3712923805979,1.6028958285194592,127.2123529411765,269.3712923805979,True,142.15893943942137,16932.502352941177,127.2123529411765,regional_service_production_index_K,127.2123529411765,0.7569780285920474
울산,금융 및 보험업,regional_service_production_index_K,2024,1,4214.0508133302255,16305.222759242559,16951.82,-646.5972407574409,3.8143234222487075,prior_year_province_anchor,16938.94831475482,-12.871685245179831,0.0759309929268941,646.5972407574409,12.871685245179831,False,-633.725555512261,16938.94831475482,-12.871685245179831,baseline,12.871685245179831,0.07593099292689418
울산,금융 및 보험업,regional_service_production_index_K,2024,2,8334.10792822186,16464.85134438306,16951.82,-486.96865561693994,2.8726629684419724,prior_year_province_anchor,16983.792826332065,31.97282633206487,0.1886099919186545,486.96865561693994,31.97282633206487,False,-454.9958292848751,16983.792826332065,31.97282633206487,baseline,31.97282633206487,0.18860999191865457
울산,금융 및 보험업,regional_service_production_index_K,2024,3,12360.1713446749,16415.19506035283,16951.82,-536.6249396471685,3.165588943530361,prior_year_province_anchor,17216.046092850756,264.2260928507567,1.5586886414010808,536.6249396471685,264.2260928507567,False,-272.3988467964118,17216.046092850756,264.2260928507567,baseline,264.2260928507567,1.5586886414010808
울산,금융 및 보험업,regional_service_production_index_K,2024,4,16593.804178513168,16593.804178513168,16951.82,-358.01582148683156,2.1119609663554213,prior_year_province_anchor,17413.446974875573,461.626974875573,2.7231705791801297,358.01582148683156,461.626974875573,True,103.61115338874146,16593.804178513168,-358.01582148683156,regional_service_production_index_K,358.01582148683156,2.1119609663554213
울산,금융 및 보험업,regional_service_production_index_K,2025,1,4240.95567618598,16699.748327137546,17346.6,-646.8516728624527,3.7289824683941104,prior_year_province_anchor,17856.01811425758,509.4181142575799,2.9367029519189924,646.8516728624527,509.4181142575799,False,-137.43355860487281,17856.01811425758,509.4181142575799,baseline,509.4181142575799,2.9367029519189924
울산,금융 및 보험업,regional_service_production_index_K,2025,2,8541.924876091573,17007.58256578947,17346.6,-339.0174342105274,1.9543739649875331,prior_year_province_anchor,17771.571532021164,424.9715320211654,2.449883735263195,339.0174342105274,424.9715320211654,True,85.95409781063796,17007.58256578947,-339.0174342105274,regional_service_production_index_K,339.0174342105274,1.9543739649875331
울산,금융 및 보험업,regional_service_production_index_K,2025,3,12758.875142789706,17129.07287072243,17346.6,-217.52712927756875,1.2540044116862599,prior_year_province_anchor,17690.91948476753,344.31948476753314,1.9849393239455175,217.52712927756875,344.31948476753314,True,126.7923554899644,17129.07287072243,-217.52712927756875,regional_service_production_index_K,217.52712927756875,1.2540044116862599
울산,금융 및 보험업,regional_service_production_index_K,2025,4,17075.847949020528,17075.847949020528,17346.6,-270.75205097947037,1.5608364231576817,prior_year_province_anchor,17762.379885104252,415.7798851042535,2.3968955593848564,270.75205097947037,415.7798851042535,True,145.0278341247831,17075.847949020528,-270.75205097947037,regional_service_production_index_K,270.75205097947037,1.5608364231576817
울산,도매 및 소매업,regional_service_production_index_G,2022,1,4910.560982142856,20060.16401215805,20497.21,-437.0459878419497,2.132221838201149,prior_year_province_anchor,20585.163383643343,87.95338364334384,0.429099295188681,437.0459878419497,87.95338364334384,False,-349.09260419860584,20585.163383643343,87.95338364334384,baseline,87.95338364334384,0.429099295188681
울산,도매 및 소매업,regional_service_production_index_G,2022,2,9958.893214285712,19997.140159362545,20497.21,-500.06984063745404,2.4396971131068765,prior_year_province_anchor,20523.65356577669,26.443565776691685,0.1290105618115425,500.06984063745404,26.443565776691685,False,-473.62627486076235,20523.65356577669,26.443565776691685,baseline,26.443565776691685,0.12901056181154258
울산,도매 및 소매업,regional_service_production_index_G,2022,3,14972.78263392857,20123.419859999995,20497.21,-373.7901400000046,1.8236147261017701,prior_year_province_anchor,20577.17071908956,79.96071908956219,0.3901053806325943,373.7901400000046,79.96071908956219,False,-293.8294209104424,20577.17071908956,79.96071908956219,baseline,79.96071908956219,0.3901053806325943
울산,도매 및 소매업,regional_service_production_index_G,2022,4,20109.68209821428,20109.68209821428,20497.21,-387.5279017857174,1.8906373198387363,prior_year_province_anchor,20565.81317499801,68.60317499800658,0.3346951853350118,387.5279017857174,68.60317499800658,False,-318.9247267877108,20565.81317499801,68.60317499800658,baseline,68.60317499800658,0.33469518533501186
울산,도매 및 소매업,regional_service_production_index_G,2023,1,5125.556305358455,20990.128877755513,19501.84,1488.2888777555127,7.631530551760822,prior_year_province_anchor,21381.47940186996,1879.6394018699611,9.63826696286074,1488.2888777555127,1879.6394018699611,True,391.3505241144485,20990.128877755513,1488.2888777555127,regional_service_production_index_G,1488.2888777555127,7.631530551760822
울산,도매 및 소매업,regional_service_production_index_G,2023,2,10195.945174944949,20588.353720355735,19501.84,1086.5137203557351,5.571339526709967,prior_year_province_anchor,20533.372643427727,1031.5326434277267,5.2894118884563035,1086.5137203557351,1031.5326434277267,False,-54.981076928008406,20533.372643427727,1031.5326434277267,baseline,1031.5326434277267,5.2894118884563035
울산,도매 및 소매업,regional_service_production_index_G,2023,3,15166.029615855152,20369.228734801185,19501.84,867.3887348011849,4.44772767493316,prior_year_province_anchor,20141.72919997116,639.8891999711595,3.281173468611985,867.3887348011849,639.8891999711595,False,-227.49953483002537,20141.72919997116,639.8891999711595,baseline,639.8891999711595,3.281173468611985
울산,도매 및 소매업,regional_service_production_index_G,2023,4,20351.768578419378,20351.768578419378,19501.84,849.928578419378,4.358196859472634,prior_year_province_anchor,19825.60204053258,323.7620405325797,1.6601615054404082,849.928578419378,323.7620405325797,False,-526.1665378867983,19825.60204053258,323.7620405325797,baseline,323.7620405325797,1.6601615054404082
울산,도매 및 소매업,regional_service_production_index_G,2024,1,4767.330034499754,18929.378943248532,18967.03,-37.65105675146697,0.1985079200669107,prior_year_province_anchor,19019.81130888293,52.781308882931626,0.2782792502723495,37.65105675146697,52.781308882931626,True,15.130252131464658,18929.378943248532,-37.65105675146697,regional_service_production_index_G,37.65105675146697,0.1985079200669107
울산,도매 및 소매업,regional_service_production_index_G,2024,2,9563.49472646624,19089.356419085096,18967.03,122.32641908509686,0.6449424031337372,prior_year_province_anchor,19151.06121625816,184.0312162581613,0.9702690208122268,122.32641908509686,184.0312162581613,True,61.704797173064435,19089.356419085096,122.32641908509686,regional_service_production_index_G,122.32641908509686,0.6449424031337372
울산,도매 및 소매업,regional_service_production_index_G,2024,3,14225.097683587976,19089.102645502648,18967.03,122.07264550264881,0.6436044309659911,prior_year_province_anchor,19184.786173376768,217.75617337676888,1.1480773393450048,122.07264550264881,217.75617337676888,True,95.68352787412007,19089.102645502648,122.07264550264881,regional_service_production_index_G,122.07264550264881,0.6436044309659911
울산,도매 및 소매업,regional_service_production_index_G,2024,4,19083.737466732386,19083.737466732386,18967.03,116.70746673238682,0.6153175628044392,prior_year_province_anchor,19217.488302578397,250.4583025783977,1.320492995362994,116.70746673238682,250.4583025783977,True,133.7508358460109,19083.737466732386,116.70746673238682,regional_service_production_index_G,116.70746673238682,0.6153175628044392
울산,도매 및 소매업,regional_service_production_index_G,2025,1,4747.727982875849,19005.269979838708,19457.46,-452.1900201612916,2.323993060560277,prior_year_province_anchor,18814.594749351603,-642.8652506483959,3.3039525747368668,452.1900201612916,642.8652506483959,True,190.67523048710427,19005.269979838708,-452.1900201612916,regional_service_production_index_G,452.1900201612916,2.323993060560277
울산,도매 및 소매업,regional_service_production_index_G,2025,2,9633.971168471417,19224.371613065323,19457.46,-233.08838693467624,1.197938409919261,prior_year_province_anchor,18902.566040250396,-554.8939597496028,2.8518314299482195,233.08838693467624,554.8939597496028,True,321.80557281492656,19224.371613065323,-233.08838693467624,regional_service_production_index_G,233.08838693467624,1.197938409919261
울산,도매 및 소매업,regional_service_production_index_G,2025,3,14505.885195164943,19460.429091216214,19457.46,2.96909121621502,0.015259397764225238,prior_year_province_anchor,19176.44816576749,-281.0118342325077,1.4442369879342305,2.96909121621502,281.0118342325077,True,278.04274301629266,19460.429091216214,2.96909121621502,regional_service_production_index_G,2.96909121621502,0.015259397764225238
울산,도매 및 소매업,regional_service_production_index_G,2025,4,19473.32694787207,19473.32694787207,19457.46,15.866947872069431,0.08154686106033075,prior_year_province_anchor,19306.90918436072,-150.55081563927888,0.7737434158378272,15.866947872069431,150.55081563927888,True,134.68386776720945,19473.32694787207,15.866947872069431,regional_service_production_index_G,15.866947872069431,0.08154686106033075
울산,문화 및 기타서비스업,regional_service_production_index_R_S,2021,1,2316.8176622077754,8729.262590673572,11018.24,-2288.9774093264277,20.77443774438048,prior_year_province_anchor,11002.022337321749,-16.217662678251145,0.1471892305690486,2288.9774093264277,16.217662678251145,False,-2272.7597466481766,11002.022337321749,-16.217662678251145,baseline,16.217662678251145,0.14718923056904865
울산,문화 및 기타서비스업,regional_service_production_index_R_S,2021,2,5077.7269558694825,10210.34135746606,11018.24,-807.898642533939,7.332374703527414,prior_year_province_anchor,11490.57792135955,472.3379213595508,4.2868726889190185,807.898642533939,472.3379213595508,False,-335.56072117438816,11490.57792135955,472.3379213595508,baseline,472.3379213595508,4.2868726889190185
울산,문화 및 기타서비스업,regional_service_production_index_R_S,2021,3,7867.963055381921,10582.78736842105,11018.24,-435.4526315789499,3.9521069751516564,prior_year_province_anchor,11511.503523947971,493.2635239479714,4.47679052142603,435.4526315789499,493.2635239479714,True,57.81089236902153,10582.78736842105,-435.4526315789499,regional_service_production_index_R_S,435.4526315789499,3.9521069751516564
울산,문화 및 기타서비스업,regional_service_production_index_R_S,2021,4,11434.661252656579,11434.661252656579,11018.24,416.4212526565789,3.7793808508126423,prior_year_province_anchor,11589.345222802438,571.1052228024382,5.18327085634764,416.4212526565789,571.1052228024382,True,154.68397014585935,11434.661252656579,416.4212526565789,regional_service_production_index_R_S,416.4212526565789,3.7793808508126423
울산,문화 및 기타서비스업,regional_service_production_index_R_S,2022,1,2650.944406448461,13083.744906570224,11059.87,2023.8749065702232,18.299264878974373,prior_year_province_anchor,11314.189593866557,254.319593866554,2.299480860684203,2023.8749065702232,254.319593866554,False,-1769.5553127036692,11314.189593866557,254.319593866554,baseline,254.319593866554,2.299480860684203
울산,문화 및 기타서비스업,regional_service_production_index_R_S,2022,2,6266.724924279434,14112.19573157316,11059.87,3052.325731573159,27.598206231837796,prior_year_province_anchor,11422.889197787315,363.0191977873165,3.282309808228455,3052.325731573159,363.0191977873165,False,-2689.3065337858425,11422.889197787315,363.0191977873165,baseline,363.0191977873165,3.2823098082284554
울산,문화 및 기타서비스업,regional_service_production_index_R_S,2022,3,9959.207894479727,14473.907390841321,11059.87,3414.0373908413203,30.86869367217987,prior_year_province_anchor,11658.110640965631,598.2406409656305,5.409110965731338,3414.0373908413203,598.2406409656305,False,-2815.79674987569,11658.110640965631,598.2406409656305,baseline,598.2406409656305,5.409110965731338
울산,문화 및 기타서비스업,regional_service_production_index_R_S,2022,4,14339.321621885685,14339.321621885685,11059.87,3279.4516218856843,29.65180984844925,prior_year_province_anchor,11650.072469789551,590.2024697895504,5.3364322527258485,3279.4516218856843,590.2024697895504,False,-2689.249152096134,11650.072469789551,590.2024697895504,baseline,590.2024697895504,5.3364322527258485
울산,문화 및 기타서비스업,regional_service_production_index_R_S,2023,1,2556.3494566441445,13827.644573604062,11716.57,2111.0745736040626,18.01785482956243,prior_year_province_anchor,12409.203292012418,692.6332920124187,5.911570468254947,2111.0745736040626,692.6332920124187,False,-1418.441281591644,12409.203292012418,692.6332920124187,baseline,692.6332920124187,5.911570468254947
울산,문화 및 기타서비스업,regional_service_production_index_R_S,2023,2,5609.853354917418,12836.28888769594,11716.57,1119.7188876959408,9.556712311674328,prior_year_province_anchor,11973.550041474706,256.980041474706,2.1933043670178733,1119.7188876959408,256.980041474706,False,-862.7388462212348,11973.550041474706,256.980041474706,baseline,256.980041474706,2.1933043670178733
울산,문화 및 기타서비스업,regional_service_production_index_R_S,2023,3,8784.791636636637,12648.390714768275,11716.57,931.8207147682751,7.953016239123525,prior_year_province_anchor,11853.41493277921,136.84493277920956,1.1679606982180757,931.8207147682751,136.84493277920956,False,-794.9757819890656,11853.41493277921,136.84493277920956,baseline,136.84493277920956,1.1679606982180755
울산,문화 및 기타서비스업,regional_service_production_index_R_S,2023,4,11820.651222785287,11820.651222785287,11716.57,104.08122278528754,0.8883250199101574,prior_year_province_anchor,11620.7221688391,-95.84783116089966,0.8180536723708361,104.08122278528754,95.84783116089966,False,-8.233391624387878,11620.7221688391,-95.84783116089966,baseline,95.84783116089966,0.8180536723708361
울산,문화 및 기타서비스업,regional_service_production_index_R_S,2024,1,2904.1950223900253,13429.101546894031,11942.66,1486.4415468940315,12.446486351399367,prior_year_province_anchor,11901.24633410322,-41.41366589678,0.3467708692768613,1486.4415468940315,41.41366589678,False,-1445.0278809972515,11901.24633410322,-41.41366589678,baseline,41.41366589678,0.3467708692768613
울산,문화 및 기타서비스업,regional_service_production_index_R_S,2024,2,6747.6497172710515,14218.128146160965,11942.66,2275.4681461609653,19.053277462148007,prior_year_province_anchor,11865.592423820211,-77.06757617978838,0.6453133236631402,2275.4681461609653,77.06757617978838,False,-2198.400569981177,11865.592423820211,-77.06757617978838,baseline,77.06757617978838,0.6453133236631402
울산,문화 및 기타서비스업,regional_service_production_index_R_S,2024,3,9826.734273421722,13222.669735349718,11942.66,1280.0097353497185,10.71796178866114,prior_year_province_anchor,11784.398345604532,-158.2616543954682,1.3251792682322716,1280.0097353497185,158.2616543954682,False,-1121.7480809542503,11784.398345604532,-158.2616543954682,baseline,158.2616543954682,1.3251792682322716
울산,문화 및 기타서비스업,regional_service_production_index_R_S,2024,4,12954.170641847395,12954.170641847395,11942.66,1011.5106418473952,8.469726525308392,prior_year_province_anchor,11729.874890725352,-212.78510927464777,1.7817229099266645,1011.5106418473952,212.78510927464777,False,-798.7255325727474,11729.874890725352,-212.78510927464777,baseline,212.78510927464777,1.7817229099266645
울산,문화 및 기타서비스업,regional_service_production_index_R_S,2025,1,2431.780514612452,10846.964307474316,11157.28,-310.3156925256844,2.781284439627619,prior_year_province_anchor,11712.96407680698,555.6840768069796,4.980461876075348,310.3156925256844,555.6840768069796,True,245.36838428129522,10846.964307474316,-310.3156925256844,regional_service_production_index_R_S,310.3156925256844,2.781284439627619
울산,문화 및 기타서비스업,regional_service_production_index_R_S,2025,2,5176.543700762389,9937.953694160693,11157.28,-1219.3263058393077,10.92852653907859,prior_year_province_anchor,11713.746247648258,556.4662476482572,4.987472283999839,1219.3263058393077,556.4662476482572,False,-662.8600581910505,11713.746247648258,556.4662476482572,baseline,556.4662476482572,4.987472283999839
울산,문화 및 기타서비스업,regional_service_production_index_R_S,2025,3,8033.221902795425,10589.85868927973,11157.28,-567.4213107202704,5.085659862621269,prior_year_province_anchor,11867.523757688172,710.2437576881712,6.365742884360445,567.4213107202704,710.2437576881712,True,142.82244696790076,10589.85868927973,-567.4213107202704,regional_service_production_index_R_S,567.4213107202704,5.085659862621269
울산,문화 및 기타서비스업,regional_service_production_index_R_S,2025,4,10875.673619758578,10875.673619758578,11157.28,-281.6063802414228,2.5239698227652507,prior_year_province_anchor,11836.663902147731,679.3839021477306,6.089153468835868,281.6063802414228,679.3839021477306,True,397.7775219063078,10875.673619758578,-281.6063802414228,regional_service_production_index_R_S,281.6063802414228,2.5239698227652507
울산,보건 및 사회복지업,regional_service_production_index_Q,2021,1,5128.911965,19821.881990338166,21407.86,-1585.9780096618342,7.408391168766211,prior_year_province_anchor,20880.68828604108,-527.17171395892,2.4625147677484813,1585.9780096618342,527.17171395892,False,-1058.8062957029142,20880.68828604108,-527.17171395892,baseline,527.17171395892,2.4625147677484813
울산,보건 및 사회복지업,regional_service_production_index_Q,2021,2,10370.999520000001,20909.273225806453,21407.86,-498.58677419354717,2.32898932538585,prior_year_province_anchor,21374.823223838463,-33.03677616153436,0.1543207782633778,498.58677419354717,33.03677616153436,False,-465.5499980320128,21374.823223838463,-33.03677616153436,baseline,33.03677616153436,0.15432077826337787
울산,보건 및 사회복지업,regional_service_production_index_Q,2021,3,15813.716530000002,21091.98603534512,21407.86,-315.873964654882,1.4755046261274223,prior_year_province_anchor,21612.805579352636,204.94557935263583,0.9573380027365456,315.873964654882,204.94557935263583,False,-110.92838530224617,21612.805579352636,204.94557935263583,baseline,204.94557935263583,0.9573380027365455
울산,보건 및 사회복지업,regional_service_production_index_Q,2021,4,21189.557055,21189.557055,21407.86,-218.30294499999945,1.0197326822951918,prior_year_province_anchor,21763.940329756064,356.0803297560633,1.6633158557467362,218.30294499999945,356.0803297560633,True,137.77738475606384,21189.557055,-218.30294499999945,regional_service_production_index_Q,218.30294499999945,1.0197326822951918
울산,보건 및 사회복지업,regional_service_production_index_Q,2022,1,5633.920912842923,23275.94808425276,22558.14,717.8080842527597,3.182035771800156,prior_year_province_anchor,23266.63770162616,708.4977016261582,3.140762942450744,717.8080842527597,708.4977016261582,False,-9.310382626601495,23266.63770162616,708.4977016261582,baseline,708.4977016261582,3.140762942450744
울산,보건 및 사회복지업,regional_service_production_index_Q,2022,2,11532.906370478271,23563.512569444443,22558.14,1005.3725694444438,4.456806143788645,prior_year_province_anchor,23086.52325575856,528.3832557585629,2.342317477232444,1005.3725694444438,528.3832557585629,False,-476.9893136858809,23086.52325575856,528.3832557585629,baseline,528.3832557585629,2.342317477232444
울산,보건 및 사회복지업,regional_service_production_index_Q,2022,3,17374.721043942704,23281.22185426155,22558.14,723.0818542615489,3.205414339398323,prior_year_province_anchor,22790.06685259592,231.92685259591963,1.028129325360689,723.0818542615489,231.92685259591963,False,-491.15500166562924,22790.06685259592,231.92685259591963,baseline,231.92685259591963,1.0281293253606887
울산,보건 및 사회복지업,regional_service_production_index_Q,2022,4,23273.706501578054,23273.706501578054,22558.14,715.5665015780542,3.172098859117171,prior_year_province_anchor,22641.367694782115,83.22769478211558,0.3689475053444813,715.5665015780542,83.22769478211558,False,-632.3388067959386,22641.367694782115,83.22769478211558,baseline,83.22769478211558,0.3689475053444813
울산,보건 및 사회복지업,regional_service_production_index_Q,2023,1,5717.616994193837,23619.454704797048,23744.13,-124.67529520295284,0.5250783886499646,prior_year_province_anchor,23455.88701247794,-288.2429875220623,1.2139547227970129,124.67529520295284,288.2429875220623,True,163.56769231910948,23619.454704797048,-124.67529520295284,regional_service_production_index_Q,124.67529520295284,0.5250783886499646
울산,보건 및 사회복지업,regional_service_production_index_Q,2023,2,11561.172688700311,23330.748670572328,23744.13,-413.38132942767334,1.7409832637695015,prior_year_province_anchor,23254.505247716406,-489.6247522835947,2.0620875655734476,413.38132942767334,489.6247522835947,True,76.24342285592138,23330.748670572328,-413.38132942767334,regional_service_production_index_Q,413.38132942767334,1.7409832637695015
울산,보건 및 사회복지업,regional_service_production_index_Q,2023,3,17535.704631531935,23489.34649715824,23744.13,-254.78350284176122,1.0730378533210576,prior_year_province_anchor,23273.960037775298,-470.16996222470334,1.9801524091415577,254.78350284176122,470.16996222470334,True,215.38645938294212,23489.34649715824,-254.78350284176122,regional_service_production_index_Q,254.78350284176122,1.0730378533210576
울산,보건 및 사회복지업,regional_service_production_index_Q,2023,4,23374.2227780259,23374.2227780259,23744.13,-369.90722197409923,1.5578891371218875,prior_year_province_anchor,23313.782688583495,-430.3473114165063,1.8124366376721583,369.90722197409923,430.3473114165063,True,60.44008944240704,23374.2227780259,-369.90722197409923,regional_service_production_index_Q,369.90722197409923,1.5578891371218875
울산,보건 및 사회복지업,regional_service_production_index_Q,2024,1,6104.902390086208,24957.486422907492,24515.19,442.29642290749325,1.804172934851793,prior_year_province_anchor,24673.442096527255,158.25209652725607,0.6455266980482554,442.29642290749325,158.25209652725607,False,-284.0443263802372,24673.442096527255,158.25209652725607,baseline,158.25209652725607,0.6455266980482554
울산,보건 및 사회복지업,regional_service_production_index_Q,2024,2,12296.798359913793,24861.50082352941,24515.19,346.310823529413,1.4126377300335549,prior_year_province_anchor,24512.851968790543,-2.338031209455949,0.0095370715440343,346.310823529413,2.338031209455949,False,-343.9727923199571,24512.851968790543,-2.338031209455949,baseline,2.338031209455949,0.00953707154403433
울산,보건 및 사회복지업,regional_service_production_index_Q,2024,3,18637.095142241382,24842.3215914967,24515.19,327.13159149670173,1.334403655434454,prior_year_province_anchor,24516.709804275284,1.5198042752854235,0.0061994391040225,327.13159149670173,1.5198042752854235,False,-325.6117872214163,24516.709804275284,1.5198042752854235,baseline,1.5198042752854235,0.006199439104022541
울산,보건 및 사회복지업,regional_service_production_index_Q,2024,4,24905.750153017245,24905.750153017245,24515.19,390.5601530172462,1.5931353296354065,prior_year_province_anchor,24615.42664973065,100.23664973065024,0.4088756796526979,390.5601530172462,100.23664973065024,False,-290.32350328659595,24615.42664973065,100.23664973065024,baseline,100.23664973065024,0.40887567965269794
울산,보건 및 사회복지업,regional_service_production_index_Q,2025,1,6351.6857591945745,25912.535280804692,26002.86,-90.32471919530872,0.34736455603463895,prior_year_province_anchor,25654.168666231373,-348.6913337686274,1.3409730074638997,90.32471919530872,348.6913337686274,True,258.36661457331866,25912.535280804692,-90.32471919530872,regional_service_production_index_Q,90.32471919530872,0.34736455603463895
울산,보건 및 사회복지업,regional_service_production_index_Q,2025,2,12728.556632422435,25780.22685393258,26002.86,-222.63314606741915,0.8561871504419866,prior_year_province_anchor,25849.739726690477,-153.12027330952333,0.5888593535846569,222.63314606741915,153.12027330952333,False,-69.51287275789582,25849.739726690477,-153.12027330952333,baseline,153.12027330952333,0.5888593535846569
울산,보건 및 사회복지업,regional_service_production_index_Q,2025,3,19337.13055475652,25841.245032948926,26002.86,-161.61496705107493,0.6215276590770205,prior_year_province_anchor,25809.270166520375,-193.58983347962567,0.7444943882312394,161.61496705107493,193.58983347962567,True,31.97486642855074,25841.245032948926,-161.61496705107493,regional_service_production_index_Q,161.61496705107493,0.6215276590770205
울산,보건 및 사회복지업,regional_service_production_index_Q,2025,4,25960.815545510577,25960.815545510577,26002.86,-42.044454489423515,0.1616916542619678,prior_year_province_anchor,25927.15457556893,-75.70542443107115,0.2911426836550715,42.044454489423515,75.70542443107115,True,33.660969941647636,25960.815545510577,-42.044454489423515,regional_service_production_index_Q,42.044454489423515,0.1616916542619678
울산,부동산업,regional_service_production_index_L,2021,1,6466.9748,25090.10591658584,24416.199999999997,673.9059165858416,2.7600769840754977,prior_year_province_anchor,25710.282305729717,1294.0823057297202,5.300097090168497,673.9059165858416,1294.0823057297202,True,620.1763891438786,25090.10591658584,673.9059165858416,regional_service_production_index_L,673.9059165858416,2.7600769840754977
울산,부동산업,regional_service_production_index_L,2021,2,13263.516585000001,27179.337264344267,24416.199999999997,2763.13726434427,11.316819424579872,prior_year_province_anchor,25660.701779225117,1244.50177922512,5.097033032270051,2763.13726434427,1244.50177922512,False,-1518.6354851191502,25660.701779225117,1244.50177922512,baseline,1244.50177922512,5.09703303227005
울산,부동산업,regional_service_production_index_L,2021,3,20134.677310000003,27955.122957306492,24416.199999999997,3538.922957306495,14.494159440480074,prior_year_province_anchor,25436.00968737695,1019.8096873769535,4.1767747945091935,3538.922957306495,1019.8096873769535,False,-2519.1132699295413,25436.00968737695,1019.8096873769535,baseline,1019.8096873769535,4.1767747945091935
울산,부동산업,regional_service_production_index_L,2021,4,28075.376175,28075.376175,24416.199999999997,3659.176175000004,14.986673499561784,prior_year_province_anchor,25290.500747185637,874.3007471856399,3.580822352313791,3659.176175000004,874.3007471856399,False,-2784.8754278143642,25290.500747185637,874.3007471856399,baseline,874.3007471856399,3.5808223523137914
울산,부동산업,regional_service_production_index_L,2022,1,7235.631362126246,31412.380384615386,24144.34,7268.040384615386,30.10246038870968,prior_year_province_anchor,23979.66473022284,-164.6752697771626,0.6820450249506204,7268.040384615386,164.6752697771626,False,-7103.365114838223,23979.66473022284,-164.6752697771626,baseline,164.6752697771626,0.6820450249506204
울산,부동산업,regional_service_production_index_L,2022,2,15671.793488372092,33173.06497890295,24144.34,9028.724978902948,37.3947889190715,prior_year_province_anchor,23801.380428884444,-342.9595711155562,1.420455357717611,9028.724978902948,342.9595711155562,False,-8685.765407787392,23801.380428884444,-342.9595711155562,baseline,342.9595711155562,1.4204553577176107
울산,부동산업,regional_service_production_index_L,2022,3,23626.66174972314,32944.52680667077,24144.34,8800.186806670772,36.44823924228524,prior_year_province_anchor,23852.0849630756,-292.2550369244018,1.2104494756303208,8800.186806670772,292.2550369244018,False,-8507.93176974637,23852.0849630756,-292.2550369244018,baseline,292.2550369244018,1.2104494756303208
울산,부동산업,regional_service_production_index_L,2022,4,32289.951317829447,32289.951317829447,24144.34,8145.611317829447,33.737146336696085,prior_year_province_anchor,23934.34801081013,-209.99198918987167,0.8697358850557592,8145.611317829447,209.99198918987167,False,-7935.6193286395755,23934.34801081013,-209.99198918987167,baseline,209.99198918987167,0.8697358850557592
울산,부동산업,regional_service_production_index_L,2023,1,6303.973548819295,28132.306472346783,24667.97,3464.336472346782,14.043865272848887,prior_year_province_anchor,24166.806080339076,-501.1639196609249,2.0316382728733857,3464.336472346782,501.1639196609249,False,-2963.172552685857,24166.806080339076,-501.1639196609249,baseline,501.1639196609249,2.0316382728733857
울산,부동산업,regional_service_production_index_L,2023,2,13000.176369117402,26785.387543133194,24667.97,2117.4175431331932,8.58367163221454,prior_year_province_anchor,24237.76064018062,-430.2093598193824,1.7439998500864984,2117.4175431331932,430.2093598193824,False,-1687.2081833138109,24237.76064018062,-430.2093598193824,baseline,430.2093598193824,1.7439998500864984
울산,부동산업,regional_service_production_index_L,2023,3,19316.280720147384,26399.064357976655,24667.97,1731.0943579766536,7.017579306187957,prior_year_province_anchor,24318.78168528577,-349.18831471423255,1.415553508108825,1731.0943579766536,349.18831471423255,False,-1381.906043262421,24318.78168528577,-349.18831471423255,baseline,349.18831471423255,1.415553508108825
울산,부동산업,regional_service_production_index_L,2023,4,26481.541225925306,26481.541225925306,24667.97,1813.571225925305,7.351927320834689,prior_year_province_anchor,24358.20023479152,-309.76976520848257,1.2557570209809827,1813.571225925305,309.76976520848257,False,-1503.8014607168225,24358.20023479152,-309.76976520848257,baseline,309.76976520848257,1.2557570209809827
울산,사업서비스업,regional_service_production_index_M_N,2022,1,6623.675941048562,26864.669005389507,26052.49,812.1790053895056,3.117471709573655,prior_year_province_anchor,26339.2788978724,286.7888978724004,1.1008118528109996,812.1790053895056,286.7888978724004,False,-525.3901075171052,26339.2788978724,286.7888978724004,baseline,286.7888978724004,1.1008118528109996
울산,사업서비스업,regional_service_production_index_M_N,2022,2,13712.766059434645,26466.373849382137,26052.49,413.88384938213494,1.588653711726345,prior_year_province_anchor,26375.94726511063,323.4572651106282,1.241559885871286,413.88384938213494,323.4572651106282,False,-90.42658427150673,26375.94726511063,323.4572651106282,baseline,323.4572651106282,1.241559885871286
울산,사업서비스업,regional_service_production_index_M_N,2022,3,20065.207248127568,26994.92696245734,26052.49,942.4369624573374,3.6174544638817148,prior_year_province_anchor,26160.1445797527,107.65457975269965,0.4132218446401846,942.4369624573374,107.65457975269965,False,-834.7823827046377,26160.1445797527,107.65457975269965,baseline,107.65457975269965,0.41322184464018463
울산,사업서비스업,regional_service_production_index_M_N,2022,4,27067.99539985504,27067.99539985504,26052.49,1015.5053998550393,3.897920697234849,prior_year_province_anchor,26178.643417529103,126.15341752910172,0.484227870461141,1015.5053998550393,126.15341752910172,False,-889.3519823259376,26178.643417529103,126.15341752910172,baseline,126.15341752910172,0.484227870461141
울산,사업서비스업,regional_service_production_index_M_N,2023,1,5829.326218401276,23821.844043741276,27168.71,-3346.8659562587236,12.318825429174678,prior_year_province_anchor,27191.15386107621,22.44386107621176,0.0826092261142018,3346.8659562587236,22.44386107621176,False,-3324.422095182512,27191.15386107621,22.44386107621176,baseline,22.44386107621176,0.08260922611420182
울산,사업서비스업,regional_service_production_index_M_N,2023,2,12883.849245046687,25431.774347044284,27168.71,-1736.9356529557153,6.393147311579075,prior_year_province_anchor,27235.3831310054,66.67313100540196,0.2454041101156512,1736.9356529557153,66.67313100540196,False,-1670.2625219503134,27235.3831310054,66.67313100540196,baseline,66.67313100540196,0.24540411011565125
울산,사업서비스업,regional_service_production_index_M_N,2023,3,18677.576524709635,25196.07942242704,27168.71,-1972.6305775729597,7.26067074061654,prior_year_province_anchor,27325.07554537383,156.365545373832,0.5755354058909385,1972.6305775729597,156.365545373832,False,-1816.2650321991277,27325.07554537383,156.365545373832,baseline,156.365545373832,0.5755354058909385
울산,사업서비스업,regional_service_production_index_M_N,2023,4,26361.01413573218,26361.01413573218,27168.71,-807.6958642678183,2.972890005700743,prior_year_province_anchor,27355.681626034784,186.971626034785,0.6881873524167508,807.6958642678183,186.971626034785,False,-620.7242382330332,27355.681626034784,186.971626034785,baseline,186.971626034785,0.6881873524167508
울산,사업서비스업,regional_service_production_index_M_N,2024,1,6542.99340535674,29588.315216284984,28030.539999999997,1557.7752162849865,5.557421356438323,prior_year_province_anchor,27712.252362562125,-318.28763743787204,1.1355030528768697,1557.7752162849865,318.28763743787204,False,-1239.4875788471145,27712.252362562125,-318.28763743787204,baseline,318.28763743787204,1.1355030528768695
울산,사업서비스업,regional_service_production_index_M_N,2024,2,13914.562143821742,28469.905413308774,28030.539999999997,439.3654133087766,1.5674525475027477,prior_year_province_anchor,27494.011870347585,-536.5281296524154,1.9140841726645847,439.3654133087766,536.5281296524154,True,97.16271634363875,28469.905413308774,439.3654133087766,regional_service_production_index_M_N,439.3654133087766,1.5674525475027477
울산,사업서비스업,regional_service_production_index_M_N,2024,3,20439.21070785505,28847.335824332906,28030.539999999997,816.7958243329085,2.9139496575267856,prior_year_province_anchor,27379.769949457568,-650.7700505424291,2.3216464989344807,816.7958243329085,650.7700505424291,False,-166.02577379047943,27379.769949457568,-650.7700505424291,baseline,650.7700505424291,2.3216464989344807
울산,사업서비스업,regional_service_production_index_M_N,2024,4,28370.297106684673,28370.297106684673,28030.539999999997,339.7571066846758,1.2120961875321554,prior_year_province_anchor,27061.368932045065,-969.1710679549324,3.4575540391120985,339.7571066846758,969.1710679549324,True,629.4139612702566,28370.297106684673,339.7571066846758,regional_service_production_index_M_N,339.7571066846758,1.2120961875321554
울산,사업서비스업,regional_service_production_index_M_N,2025,1,6830.159601250134,29615.44436448598,29005.3,610.1443644859792,2.103561640410474,prior_year_province_anchor,27524.806803598294,-1480.493196401705,5.104216113612702,610.1443644859792,1480.493196401705,True,870.3488319157259,29615.44436448598,610.1443644859792,regional_service_production_index_M_N,610.1443644859792,2.103561640410474
울산,사업서비스업,regional_service_production_index_M_N,2025,2,14185.948468584977,28923.62466271149,29005.3,-81.67533728851049,0.2815876315311701,prior_year_province_anchor,27595.88113014153,-1409.4188698584694,4.8591770119890825,81.67533728851049,1409.4188698584694,True,1327.743532569959,28923.62466271149,-81.67533728851049,regional_service_production_index_M_N,81.67533728851049,0.2815876315311701
울산,사업서비스업,regional_service_production_index_M_N,2025,3,21614.237924345292,30001.27355272999,29005.3,995.973552729989,3.433764011163439,prior_year_province_anchor,27903.549066935215,-1101.7509330647845,3.79844694957399,995.973552729989,1101.7509330647845,True,105.77738033479545,30001.27355272999,995.973552729989,regional_service_production_index_M_N,995.973552729989,3.433764011163439
울산,사업서비스업,regional_service_production_index_M_N,2025,4,30102.84848582821,30102.84848582821,29005.3,1097.5484858282107,3.7839584001138094,prior_year_province_anchor,28015.165284950155,-990.134715049844,3.4136337671040953,1097.5484858282107,990.134715049844,False,-107.41377077836671,28015.165284950155,-990.134715049844,baseline,990.134715049844,3.413633767104095
울산,서비스업,regional_service_production_index_T,2024,1,51958.7248747506,213466.1274225865,214545.93,-1079.8025774135021,0.503296696149632,prior_year_province_anchor,211511.8493306769,-3034.080669323128,1.4141870084988926,1079.8025774135021,3034.080669323128,True,1954.2780919096258,213466.1274225865,-1079.8025774135021,regional_service_production_index_T,1079.8025774135021,0.503296696149632
울산,서비스업,regional_service_production_index_T,2024,2,105758.32574152072,213456.73710067113,214545.93,-1089.1928993288602,0.5076735314106682,prior_year_province_anchor,211224.808970098,-3321.1210299019876,1.547976710582199,1089.1928993288602,3321.1210299019876,True,2231.9281305731274,213456.73710067113,-1089.1928993288602,regional_service_production_index_T,1089.1928993288602,0.5076735314106682
울산,서비스업,regional_service_production_index_T,2024,3,157256.83161826644,212518.14482624325,214545.93,-2027.7851737567398,0.9451520118590644,prior_year_province_anchor,211400.71476719913,-3145.215232800867,1.4659869021057017,2027.7851737567398,3145.215232800867,True,1117.4300590441271,212518.14482624325,-2027.7851737567398,regional_service_production_index_T,2027.7851737567398,0.9451520118590644
울산,서비스업,regional_service_production_index_T,2024,4,211608.6952826424,211608.6952826424,214545.93,-2937.2347173575836,1.369047046176818,prior_year_province_anchor,210945.3765972189,-3600.553402781079,1.6782203245622414,2937.2347173575836,3600.553402781079,True,663.3186854234955,211608.6952826424,-2937.2347173575836,regional_service_production_index_T,2937.2347173575836,1.369047046176818
울산,서비스업,regional_service_production_index_T,2025,1,52493.29518268812,213785.80270150575,219141.43,-5355.627298494248,2.443913639923883,prior_year_province_anchor,214398.8683283263,-4742.561671673699,2.1641556649847993,5355.627298494248,4742.561671673699,False,-613.0656268205494,214398.8683283263,-4742.561671673699,baseline,4742.561671673699,2.1641556649847993
울산,서비스업,regional_service_production_index_T,2025,2,106619.7151043932,213332.22369451693,219141.43,-5809.206305483065,2.6508936742281297,prior_year_province_anchor,215217.2354914091,-3924.194508590852,1.7907131976782535,5809.206305483065,3924.194508590852,False,-1885.0117968922132,215217.2354914091,-3924.194508590852,baseline,3924.194508590852,1.7907131976782535
울산,서비스업,regional_service_production_index_T,2025,3,161352.724214876,217120.2300087796,219141.43,-2021.1999912204046,0.9223267326586327,prior_year_province_anchor,216554.95672172008,-2586.473278279911,1.180275805574469,2021.1999912204046,2586.473278279911,True,565.2732870595064,217120.2300087796,-2021.1999912204046,regional_service_production_index_T,2021.1999912204046,0.9223267326586327
울산,서비스업,regional_service_production_index_T,2025,4,218045.48301217917,218045.48301217917,219141.43,-1095.9469878208183,0.500109444307641,prior_year_province_anchor,216964.85415831188,-2176.5758416881145,0.9932288210805754,1095.9469878208183,2176.5758416881145,True,1080.6288538672961,218045.48301217917,-1095.9469878208183,regional_service_production_index_T,1095.9469878208183,0.500109444307641
울산,숙박 및 음식점업,regional_service_production_index_I,2021,1,1792.7336699999996,7454.194054054054,9137.46,-1683.2659459459455,18.421595782043866,prior_year_province_anchor,7546.148265989686,-1591.3117340103136,17.415252531998103,1683.2659459459455,1591.3117340103136,False,-91.95421193563197,7546.148265989686,-1591.3117340103136,baseline,1591.3117340103136,17.415252531998103
울산,숙박 및 음식점업,regional_service_production_index_I,2021,2,4128.32198,8273.190340681362,9137.46,-864.2696593186374,9.45853288899363,prior_year_province_anchor,8218.320188725587,-919.1398112744118,10.059029656758137,864.2696593186374,919.1398112744118,True,54.87015195577442,8273.190340681362,-864.2696593186374,regional_service_production_index_I,864.2696593186374,9.45853288899363
울산,숙박 및 음식점업,regional_service_production_index_I,2021,3,6371.975229999999,8392.45996707277,9137.46,-745.0000329272298,8.153250826019812,prior_year_province_anchor,8610.009181258776,-527.450818741223,5.772400850359104,745.0000329272298,527.450818741223,False,-217.5492141860068,8610.009181258776,-527.450818741223,baseline,527.450818741223,5.772400850359104
울산,숙박 및 음식점업,regional_service_production_index_I,2021,4,8862.97757,8862.97757,9137.46,-274.48243,3.0039248325026873,prior_year_province_anchor,9233.4324572094,95.97245720940008,1.050318767024973,274.48243,95.97245720940008,False,-178.50997279059993,9233.4324572094,95.97245720940008,baseline,95.97245720940008,1.0503187670249727
울산,숙박 및 음식점업,regional_service_production_index_I,2023,1,2597.681244867085,12938.074402583425,10016.59,2921.4844025834245,29.166456873880474,prior_year_province_anchor,11446.191431275229,1429.6014312752286,14.272336506488022,2921.4844025834245,1429.6014312752286,False,-1491.882971308196,11446.191431275229,1429.6014312752286,baseline,1429.6014312752286,14.272336506488022
울산,숙박 및 음식점업,regional_service_production_index_I,2023,2,5255.874199265182,11054.059054545454,10016.59,1037.4690545454541,10.357507440610568,prior_year_province_anchor,10386.97968626598,370.3896862659785,3.6977622750454846,1037.4690545454541,370.3896862659785,False,-667.0793682794756,10386.97968626598,370.3896862659785,baseline,370.3896862659785,3.6977622750454846
울산,숙박 및 음식점업,regional_service_production_index_I,2023,3,7898.939226280528,10787.60088547816,10016.59,771.0108854781593,7.697338969431305,prior_year_province_anchor,10011.209241411812,-5.380758588187746,0.0537184669452153,771.0108854781593,5.380758588187746,False,-765.6301268899715,10011.209241411812,-5.380758588187746,baseline,5.380758588187746,0.05371846694521534
울산,숙박 및 음식점업,regional_service_production_index_I,2023,4,10760.278634104172,10760.278634104172,10016.59,743.6886341041718,7.42456898110207,prior_year_province_anchor,9858.448030448077,-158.14196955192529,1.5788004655469103,743.6886341041718,158.14196955192529,False,-585.5466645522465,9858.448030448077,-158.14196955192529,baseline,158.14196955192529,1.5788004655469103
울산,숙박 및 음식점업,regional_service_production_index_I,2024,1,2391.991466157863,9908.257495840266,10067.46,-159.2025041597335,1.5813572058864256,prior_year_province_anchor,10100.802174996434,33.34217499643455,0.3311875586933998,159.2025041597335,33.34217499643455,False,-125.86032916329896,10100.802174996434,33.34217499643455,baseline,33.34217499643455,0.33118755869339983
울산,숙박 및 음식점업,regional_service_production_index_I,2024,2,4741.735816429002,9707.690226151315,10067.46,-359.76977384868405,3.5735902983342775,prior_year_province_anchor,10047.801503088684,-19.658496911313705,0.1952676932544426,359.76977384868405,19.658496911313705,False,-340.11127693737035,10047.801503088684,-19.658496911313705,baseline,19.658496911313705,0.1952676932544426
울산,숙박 및 음식점업,regional_service_production_index_I,2024,3,7127.691980317333,9709.652084815321,10067.46,-357.80791518467777,3.5541031718494813,prior_year_province_anchor,9949.938220934917,-117.52177906508224,1.1673428954779284,357.80791518467777,117.52177906508224,False,-240.28613611959554,9949.938220934917,-117.52177906508224,baseline,117.52177906508224,1.1673428954779286
울산,숙박 및 음식점업,regional_service_production_index_I,2024,4,9642.401259289012,9642.401259289012,10067.46,-425.05874071098697,4.2221050861983755,prior_year_province_anchor,9866.023106115474,-201.4368938845255,2.0008710626565738,425.05874071098697,201.4368938845255,False,-223.62184682646148,9866.023106115474,-201.4368938845255,baseline,201.4368938845255,2.0008710626565738
울산,숙박 및 음식점업,regional_service_production_index_I,2025,1,2405.016002503651,9694.9047098402,10012.42,-317.5152901597994,3.1712142534951533,prior_year_province_anchor,9733.154871041956,-279.2651289580426,2.789187119178407,317.5152901597994,279.2651289580426,False,-38.25016120175678,9733.154871041956,-279.2651289580426,baseline,279.2651289580426,2.789187119178407
울산,숙박 및 음식점업,regional_service_production_index_I,2025,2,4795.328850406843,9751.38361476453,10012.42,-261.0363852354694,2.6071258021084756,prior_year_province_anchor,9815.391596836003,-197.02840316399488,1.967839974391754,261.0363852354694,197.02840316399488,False,-64.00798207147454,9815.391596836003,-197.02840316399488,baseline,197.02840316399488,1.967839974391754
울산,숙박 및 음식점업,regional_service_production_index_I,2025,3,7305.367385770916,9882.762032176122,10012.42,-129.6579678238777,1.2949713238545495,prior_year_province_anchor,9964.964945387272,-47.45505461272842,0.4739618854655359,129.6579678238777,47.45505461272842,False,-82.20291321114928,9964.964945387272,-47.45505461272842,baseline,47.45505461272842,0.47396188546553597
울산,숙박 및 음식점업,regional_service_production_index_I,2025,4,9977.140621740038,9977.140621740038,10012.42,-35.27937825996196,0.35235615625355265,prior_year_province_anchor,10007.072001617598,-5.347998382401784,0.0534136440780728,35.27937825996196,5.347998382401784,False,-29.931379877560175,10007.072001617598,-5.347998382401784,baseline,5.347998382401784,0.05341364407807287
울산,운수 및 창고업,regional_service_production_index_H,2021,1,4413.86862,17326.275250245337,19182.5,-1856.2247497546632,9.676657108065493,prior_year_province_anchor,17646.673139567454,-1535.8268604325458,8.006395727525327,1856.2247497546632,1535.8268604325458,False,-320.3978893221174,17646.673139567454,-1535.8268604325458,baseline,1535.8268604325458,8.006395727525327
울산,운수 및 창고업,regional_service_production_index_H,2021,2,9027.159015000001,18018.28146706587,19182.5,-1164.21853293413,6.069169987927173,prior_year_province_anchor,19358.054037698323,175.55403769832265,0.9151780930448205,1164.21853293413,175.55403769832265,False,-988.6644952358074,19358.054037698323,175.55403769832265,baseline,175.55403769832265,0.9151780930448203
울산,운수 및 창고업,regional_service_production_index_H,2021,3,13618.291434999997,18291.862236400266,19182.5,-890.6377635997342,4.6429702259858425,prior_year_province_anchor,19506.554665347507,324.05466534750667,1.6893244642122072,890.6377635997342,324.05466534750667,False,-566.5830982522275,19506.554665347507,324.05466534750667,baseline,324.05466534750667,1.6893244642122072
울산,운수 및 창고업,regional_service_production_index_H,2021,4,18510.772315,18510.772315,19182.5,-671.7276850000017,3.5017734132673097,prior_year_province_anchor,19652.63568669964,470.13568669963934,2.4508572224665155,671.7276850000017,470.13568669963934,False,-201.59199830036232,19652.63568669964,470.13568669963934,baseline,470.13568669963934,2.4508572224665155
울산,운수 및 창고업,regional_service_production_index_H,2022,1,4964.39609767776,20819.560742971888,19197.09,1622.4707429718874,8.451649406091692,prior_year_province_anchor,20602.518314251312,1405.4283142513125,7.321048733174207,1622.4707429718874,1405.4283142513125,False,-217.0424287205749,20602.518314251312,1405.4283142513125,baseline,1405.4283142513125,7.321048733174207
울산,운수 및 창고업,regional_service_production_index_H,2022,2,10117.081039023224,20745.727785959745,19197.09,1548.637785959745,8.06704446330014,prior_year_province_anchor,20958.77884140098,1761.688841400981,9.176853582501208,1548.637785959745,1761.688841400981,True,213.0510554412358,20745.727785959745,1548.637785959745,regional_service_production_index_H,1548.637785959745,8.06704446330014
울산,운수 및 창고업,regional_service_production_index_H,2022,3,15315.690088580322,20817.975105759848,19197.09,1620.8851057598476,8.443389627072893,prior_year_province_anchor,21383.376753360662,2186.2867533606623,11.3886362639372,1620.8851057598476,2186.2867533606623,True,565.4016476008146,20817.975105759848,1620.8851057598476,regional_service_production_index_H,1620.8851057598476,8.443389627072893
울산,운수 및 창고업,regional_service_production_index_H,2022,4,20642.88664113,20642.88664113,19197.09,1445.7966411300004,7.531332306771497,prior_year_province_anchor,21636.685240508217,2439.5952405082135,12.708151290160194,1445.7966411300004,2439.5952405082135,True,993.7985993782131,20642.88664113,1445.7966411300004,regional_service_production_index_H,1445.7966411300004,7.531332306771497
울산,운수 및 창고업,regional_service_production_index_H,2023,1,4924.19238487208,20475.7120906568,21318.879999999997,-843.1679093431958,3.9550291072664034,prior_year_province_anchor,21566.144119664863,247.2641196648656,1.1598363500562208,843.1679093431958,247.2641196648656,False,-595.9037896783302,21566.144119664863,247.2641196648656,baseline,247.2641196648656,1.1598363500562208
울산,운수 및 창고업,regional_service_production_index_H,2023,2,10027.756912124583,20460.629741261913,21318.879999999997,-858.2502587380841,4.025775550770416,prior_year_province_anchor,22668.40127626291,1349.5212762629126,6.330169672435479,858.2502587380841,1349.5212762629126,True,491.2710175248285,20460.629741261913,-858.2502587380841,regional_service_production_index_H,858.2502587380841,4.025775550770416
울산,운수 및 창고업,regional_service_production_index_H,2023,3,15016.010776418243,20238.971046476763,21318.879999999997,-1079.9089535232342,5.065505099344967,prior_year_province_anchor,22819.790036051247,1500.910036051249,7.040285587475747,1079.9089535232342,1500.910036051249,True,421.0010825280149,20238.971046476763,-1079.9089535232342,regional_service_production_index_H,1079.9089535232342,5.065505099344967
울산,운수 및 창고업,regional_service_production_index_H,2023,4,20162.282956618466,20162.282956618466,21318.879999999997,-1156.597043381531,5.425224230266933,prior_year_province_anchor,22774.98444204908,1456.1044420490834,6.830116976356561,1156.597043381531,1456.1044420490834,True,299.5073986675525,20162.282956618466,-1156.597043381531,regional_service_production_index_H,1156.597043381531,5.425224230266933
울산,운수 및 창고업,regional_service_production_index_H,2024,1,5306.012285532725,21725.658282740675,24393.74,-2668.081717259327,10.937567249873643,prior_year_province_anchor,25113.299715319255,719.5597153192539,2.949772012488671,2668.081717259327,719.5597153192539,False,-1948.522001940073,25113.299715319255,719.5597153192539,baseline,719.5597153192539,2.949772012488671
울산,운수 및 창고업,regional_service_production_index_H,2024,2,10914.580165219231,21945.371788756383,24393.74,-2448.368211243618,10.036870981012415,prior_year_province_anchor,23832.866509654697,-560.8734903453078,2.299251735671971,2448.368211243618,560.8734903453078,False,-1887.4947208983103,23832.866509654697,-560.8734903453078,baseline,560.8734903453078,2.299251735671971
울산,운수 및 창고업,regional_service_production_index_H,2024,3,16252.202736708321,21822.141387940836,24393.74,-2571.598612059166,10.542043212968434,prior_year_province_anchor,23541.717136204225,-852.0228637957771,3.492793084601939,2571.598612059166,852.0228637957771,False,-1719.575748263389,23541.717136204225,-852.0228637957771,baseline,852.0228637957771,3.492793084601939
울산,운수 및 창고업,regional_service_production_index_H,2024,4,21910.443922897684,21910.443922897684,24393.74,-2483.296077102317,10.180054707077787,prior_year_province_anchor,23261.09847969891,-1132.641520301091,4.643164682008954,2483.296077102317,1132.641520301091,False,-1350.6545568012261,23261.09847969891,-1132.641520301091,baseline,1132.641520301091,4.643164682008954
울산,운수 및 창고업,regional_service_production_index_H,2025,1,5826.946549876341,24061.56992340426,25407.46,-1345.8900765957405,5.297224030248363,prior_year_province_anchor,25242.08816814147,-165.37183185853064,0.6508790404807511,1345.8900765957405,165.37183185853064,False,-1180.51824473721,25242.08816814147,-165.37183185853064,baseline,165.37183185853064,0.6508790404807511
울산,운수 및 창고업,regional_service_production_index_H,2025,2,12096.318722176424,24282.721737691358,25407.46,-1124.7382623086414,4.4268032393188514,prior_year_province_anchor,25175.934002023936,-231.52599797606308,0.9112520416289668,1124.7382623086414,231.52599797606308,False,-893.2122643325783,25175.934002023936,-231.52599797606308,baseline,231.52599797606308,0.9112520416289669
울산,운수 및 창고업,regional_service_production_index_H,2025,3,18250.05692497939,24603.855570991946,25407.46,-803.6044290080536,3.1628680277684333,prior_year_province_anchor,25065.619484875093,-341.84051512490623,1.3454336447834858,803.6044290080536,341.84051512490623,False,-461.7639138831473,25065.619484875093,-341.84051512490623,baseline,341.84051512490623,1.3454336447834858
울산,운수 및 창고업,regional_service_production_index_H,2025,4,24368.60218054411,24368.60218054411,25407.46,-1038.8578194558904,4.088790534181262,prior_year_province_anchor,24940.304564960366,-467.1554350396327,1.8386546118330311,1038.8578194558904,467.1554350396327,False,-571.7023844162577,24940.304564960366,-467.1554350396327,baseline,467.1554350396327,1.8386546118330314
울산,정보통신업,regional_service_production_index_J,2021,1,1571.8841249999998,6370.351063829786,7172.59,-802.2389361702144,11.184787310723385,prior_year_province_anchor,6935.275834595352,-237.31416540464852,3.308625829786012,802.2389361702144,237.31416540464852,False,-564.9247707655659,6935.275834595352,-237.31416540464852,baseline,237.31416540464852,3.308625829786012
울산,정보통신업,regional_service_production_index_J,2021,2,3186.7430000000004,6608.07257646449,7172.59,-564.5174235355098,7.870482260041488,prior_year_province_anchor,7028.053257940487,-144.53674205951302,2.015126224411447,564.5174235355098,144.53674205951302,False,-419.9806814759968,7028.053257940487,-144.53674205951302,baseline,144.53674205951302,2.015126224411447
울산,정보통신업,regional_service_production_index_J,2021,3,4826.395,6738.422338568936,7172.59,-434.1676614310645,6.053150416112793,prior_year_province_anchor,7152.429319673376,-20.16068032662406,0.28107950303341,434.1676614310645,20.16068032662406,False,-414.00698110444046,7152.429319673376,-20.16068032662406,baseline,20.16068032662406,0.28107950303341
울산,정보통신업,regional_service_production_index_J,2021,4,6765.217375,6765.217375,7172.59,-407.37262499999997,5.679574951307686,prior_year_province_anchor,7212.037854322858,39.44785432285789,0.549980611227714,407.37262499999997,39.44785432285789,False,-367.9247706771421,7212.037854322858,39.44785432285789,baseline,39.44785432285789,0.549980611227714
울산,정보통신업,regional_service_production_index_J,2022,1,1801.4714194967016,7753.335983175605,7522.360000000001,230.9759831756046,3.0705255156042064,prior_year_province_anchor,7396.562228283768,-125.797771716233,1.6723178858261634,230.9759831756046,125.797771716233,False,-105.1782114593716,7396.562228283768,-125.797771716233,baseline,125.797771716233,1.6723178858261634
울산,정보통신업,regional_service_production_index_J,2022,2,3653.762558025898,7756.6650155601665,7522.360000000001,234.30501556016588,3.114780674684087,prior_year_province_anchor,7433.080884825401,-89.27911517459961,1.1868498074354272,234.30501556016588,89.27911517459961,False,-145.02590038556627,7433.080884825401,-89.27911517459961,baseline,89.27911517459961,1.1868498074354272
울산,정보통신업,regional_service_production_index_J,2022,3,5381.633005130712,7543.501332191782,7522.360000000001,21.141332191781657,0.2810465358183024,prior_year_province_anchor,7413.865852266487,-108.49414773351327,1.4422886930898449,21.141332191781657,108.49414773351327,True,87.35281554173162,7543.501332191782,21.141332191781657,regional_service_production_index_J,21.141332191781657,0.2810465358183024
울산,정보통신업,regional_service_production_index_J,2022,4,7421.431382848767,7421.431382848767,7522.360000000001,-100.928617151234,1.3417147963037395,prior_year_province_anchor,7339.63848895098,-182.7215110490206,2.429045021097376,100.928617151234,182.7215110490206,True,81.7928938977866,7421.431382848767,-100.928617151234,regional_service_production_index_J,100.928617151234,1.3417147963037395
울산,정보통신업,regional_service_production_index_J,2023,1,1763.8024746162928,7266.248521400778,7454.25,-188.00147859922163,2.522071014511475,prior_year_province_anchor,7937.771977731032,483.52197773103217,6.4865275209582745,188.00147859922163,483.52197773103217,True,295.52049913181054,7266.248521400778,-188.00147859922163,regional_service_production_index_J,188.00147859922163,2.522071014511475
울산,정보통신업,regional_service_production_index_J,2023,2,3449.4505596221957,7006.437947242206,7454.25,-447.81205275779394,6.007472955130214,prior_year_province_anchor,7727.077325885978,272.8273258859781,3.660023823804918,447.81205275779394,272.8273258859781,False,-174.98472687181584,7727.077325885978,272.8273258859781,baseline,272.8273258859781,3.660023823804918
울산,정보통신업,regional_service_production_index_J,2023,3,5223.910451003543,7203.927307066103,7454.25,-250.3226929338971,3.3581204404721747,prior_year_province_anchor,7739.086952898107,284.8369528981066,3.8211349619090664,250.3226929338971,284.8369528981066,True,34.51425996420949,7203.927307066103,-250.3226929338971,regional_service_production_index_J,250.3226929338971,3.3581204404721747
울산,정보통신업,regional_service_production_index_J,2023,4,7305.659192443921,7305.659192443921,7454.25,-148.5908075560792,1.9933703264054625,prior_year_province_anchor,7763.311307097081,309.0613070970812,4.146108690976036,148.5908075560792,309.0613070970812,True,160.47049954100203,7305.659192443921,-148.5908075560792,regional_service_production_index_J,148.5908075560792,1.9933703264054625
울산,정보통신업,regional_service_production_index_J,2024,1,1721.7450765864332,7131.457703927493,7642.7,-511.2422960725071,6.689289074181993,prior_year_province_anchor,7640.59999170487,-2.1000082951295553,0.0274773090024409,511.2422960725071,2.1000082951295553,False,-509.14228777737753,7640.59999170487,-2.1000082951295553,baseline,2.1000082951295553,0.02747730900244096
울산,정보통신업,regional_service_production_index_J,2024,2,3642.8501094091903,7715.2639031925855,7642.7,72.56390319258571,0.9494537688589859,prior_year_province_anchor,7537.535443995788,-105.1645560042116,1.376013136773805,72.56390319258571,105.1645560042116,True,32.60065281162589,7715.2639031925855,72.56390319258571,regional_service_production_index_J,72.56390319258571,0.9494537688589859
울산,정보통신업,regional_service_production_index_J,2024,3,5449.776258205689,7621.53340700442,7642.7,-21.166592995579776,0.27695177091315604,prior_year_province_anchor,7503.275664225344,-139.42433577465636,1.824281154234189,21.166592995579776,139.42433577465636,True,118.25774277907658,7621.53340700442,-21.166592995579776,regional_service_production_index_J,21.166592995579776,0.27695177091315604
울산,정보통신업,regional_service_production_index_J,2024,4,7604.6761487965,7604.6761487965,7642.7,-38.02385120350027,0.4975185628573707,prior_year_province_anchor,7488.649617038748,-154.05038296125167,2.015653930695326,38.02385120350027,154.05038296125167,True,116.0265317577514,7604.6761487965,-38.02385120350027,regional_service_production_index_J,38.02385120350027,0.4975185628573707
울산,정보통신업,regional_service_production_index_J,2025,1,1744.925309818875,7707.059578947367,8091.280000000001,-384.22042105263336,4.748574033436407,prior_year_province_anchor,7722.348140173537,-368.9318598264635,4.559622949971618,384.22042105263336,368.9318598264635,False,-15.288561226169861,7722.348140173537,-368.9318598264635,baseline,368.9318598264635,4.559622949971617
울산,정보통신업,regional_service_production_index_J,2025,2,3706.6002144899903,7737.758457711442,8091.280000000001,-353.5215422885585,4.369167082199089,prior_year_province_anchor,7798.867505932077,-292.41249406792394,3.6139213334345617,353.5215422885585,292.41249406792394,False,-61.10904822063458,7798.867505932077,-292.41249406792394,baseline,292.41249406792394,3.6139213334345612
울산,정보통신업,regional_service_production_index_J,2025,3,5883.20328884652,8209.484868639842,8091.280000000001,118.20486863984115,1.4608920793723754,prior_year_province_anchor,7801.494145512919,-289.78585448708145,3.5814587369004833,118.20486863984115,289.78585448708145,True,171.5809858472403,8209.484868639842,118.20486863984115,regional_service_production_index_J,118.20486863984115,1.4608920793723754
울산,정보통신업,regional_service_production_index_J,2025,4,8074.377764537655,8074.377764537655,8091.280000000001,-16.902235462345743,0.20889445751902966,prior_year_province_anchor,7801.467573951677,-289.8124260483237,3.581787134400536,16.902235462345743,289.8124260483237,True,272.91019058597794,8074.377764537655,-16.902235462345743,regional_service_production_index_J,16.902235462345743,0.20889445751902966
인천,건설업,regional_construction_orders_bok_12_24q,2021,1,19000.15159919233,80425.39937302252,74224.24,6201.159373022514,8.354628316871299,prior_year_province_anchor,63260.80343866595,-10963.436561334056,14.77069561282683,6201.159373022514,10963.436561334056,True,4762.277188311542,80425.39937302252,6201.159373022514,regional_construction_orders_bok_12_24q,6201.159373022514,8.354628316871299
인천,건설업,regional_construction_orders_bok_12_24q,2021,2,38209.774333855814,79680.4765654408,74224.24,5456.236565440791,7.351017087464676,prior_year_province_anchor,63307.52918887851,-10916.710811121498,14.707743469143637,5456.236565440791,10916.710811121498,True,5460.474245680707,79680.4765654408,5456.236565440791,regional_construction_orders_bok_12_24q,5456.236565440791,7.351017087464676
인천,건설업,regional_construction_orders_bok_12_24q,2021,3,57917.11569329616,80096.36455622208,74224.24,5872.124556222072,7.911329986298372,prior_year_province_anchor,63694.093142811325,-10530.14685718868,14.186937929157212,5872.124556222072,10530.14685718868,True,4658.022300966608,80096.36455622208,5872.124556222072,regional_construction_orders_bok_12_24q,5872.124556222072,7.911329986298372
인천,건설업,regional_construction_orders_bok_12_24q,2021,4,78464.93603521587,78464.93603521587,74224.24,4240.696035215864,5.713357301086361,prior_year_province_anchor,64274.846619056814,-9949.393380943193,13.404506911681668,4240.696035215864,9949.393380943193,True,5708.697345727329,78464.93603521587,4240.696035215864,regional_construction_orders_bok_12_24q,4240.696035215864,5.713357301086361
인천,건설업,regional_construction_orders_bok_12_24q,2022,1,18856.750515024705,77872.73250263608,79674.53,-1801.7974973639211,2.2614472873124214,prior_year_province_anchor,74232.13288100803,-5442.3971189919685,6.830786600174446,1801.7974973639211,5442.3971189919685,True,3640.5996216280473,77872.73250263608,-1801.7974973639211,regional_construction_orders_bok_12_24q,1801.7974973639211,2.2614472873124214
인천,건설업,regional_construction_orders_bok_12_24q,2022,2,37921.100535383724,77872.13559273627,79674.53,-1802.3944072637241,2.262196472654089,prior_year_province_anchor,73853.48660792131,-5821.043392078689,7.306027901361563,1802.3944072637241,5821.043392078689,True,4018.648984814965,77872.13559273627,-1802.3944072637241,regional_construction_orders_bok_12_24q,1802.3944072637241,2.262196472654089
인천,건설업,regional_construction_orders_bok_12_24q,2022,3,56729.70965230402,76856.26236528273,79674.53,-2818.2676347172674,3.5372253023861795,prior_year_province_anchor,74548.4543759808,-5126.075624019199,6.4337695170830616,2818.2676347172674,5126.075624019199,True,2307.8079893019312,76856.26236528273,-2818.2676347172674,regional_construction_orders_bok_12_24q,2818.2676347172674,3.5372253023861795
인천,건설업,regional_construction_orders_bok_12_24q,2022,4,73064.28118860818,73064.28118860818,79674.53,-6610.2488113918225,8.296564550041051,prior_year_province_anchor,74960.02215249292,-4714.507847507077,5.917208231422359,6610.2488113918225,4714.507847507077,False,-1895.7409638847457,74960.02215249292,-4714.507847507077,baseline,4714.507847507077,5.917208231422359
인천,건설업,regional_construction_orders_bok_12_24q,2023,1,17239.672247564125,66798.58545574121,71611.20000000001,-4812.614544258802,6.720477445230356,prior_year_province_anchor,81416.90382296305,9805.703822963042,13.69297515327636,4812.614544258802,9805.703822963042,True,4993.089278704239,66798.58545574121,-4812.614544258802,regional_construction_orders_bok_12_24q,4812.614544258802,6.720477445230356
인천,건설업,regional_construction_orders_bok_12_24q,2023,2,34137.2397005832,65773.74720860248,71611.20000000001,-5837.452791397533,8.151591917741264,prior_year_province_anchor,80453.84337896002,8842.643378960012,12.3481290342293,5837.452791397533,8842.643378960012,True,3005.19058756248,65773.74720860248,-5837.452791397533,regional_construction_orders_bok_12_24q,5837.452791397533,8.151591917741264
인천,건설업,regional_construction_orders_bok_12_24q,2023,3,50430.192592930456,64950.901292968054,71611.20000000001,-6660.298707031958,9.300638317793803,prior_year_province_anchor,80405.26870723764,8794.068707237631,12.280297924399578,6660.298707031958,8794.068707237631,True,2133.7700002056736,64950.901292968054,-6660.298707031958,regional_construction_orders_bok_12_24q,6660.298707031958,9.300638317793803
인천,건설업,regional_construction_orders_bok_12_24q,2023,4,65054.69926115348,65054.69926115348,71611.20000000001,-6556.500738846531,9.155691761688855,prior_year_province_anchor,79213.33903888472,7602.139038884707,10.61585204393266,6556.500738846531,7602.139038884707,True,1045.6383000381757,65054.69926115348,-6556.500738846531,regional_construction_orders_bok_12_24q,6556.500738846531,9.155691761688855
인천,건설업,regional_construction_orders_bok_12_24q,2024,1,15789.679411064475,59583.084339782814,65911.27,-6328.18566021719,9.601067708477155,prior_year_province_anchor,74131.87831419078,8220.608314190773,12.472234739507783,6328.18566021719,8220.608314190773,True,1892.4226539735828,59583.084339782814,-6328.18566021719,regional_construction_orders_bok_12_24q,6328.18566021719,9.601067708477155
인천,건설업,regional_construction_orders_bok_12_24q,2024,2,32030.499068733323,61039.92303939866,65911.27,-4871.346960601346,7.390764827625603,prior_year_province_anchor,72319.77163620811,6408.501636208108,9.722922401901991,4871.346960601346,6408.501636208108,True,1537.1546756067619,61039.92303939866,-4871.346960601346,regional_construction_orders_bok_12_24q,4871.346960601346,7.390764827625603
인천,건설업,regional_construction_orders_bok_12_24q,2024,3,48623.61689705076,62724.225540050975,65911.27,-3187.0444599490293,4.835355865467362,prior_year_province_anchor,70452.20185491034,4540.931854910334,6.889461931032938,3187.0444599490293,4540.931854910334,True,1353.8873949613044,62724.225540050975,-3187.0444599490293,regional_construction_orders_bok_12_24q,3187.0444599490293,4.835355865467362
인천,건설업,regional_construction_orders_bok_12_24q,2024,4,63907.87145296076,63907.87145296076,65911.27,-2003.3985470392436,3.0395386813806553,prior_year_province_anchor,69431.32059621866,3520.050596218658,5.340589850899031,2003.3985470392436,3520.050596218658,True,1516.6520491794145,63907.87145296076,-2003.3985470392436,regional_construction_orders_bok_12_24q,2003.3985470392436,3.0395386813806553
인천,건설업,regional_construction_orders_bok_12_24q,2025,1,15474.39317857651,62631.76751872826,62956.79,-325.02248127174244,0.5162627911488855,prior_year_province_anchor,57796.56408809958,-5160.225911900423,8.196456509139717,325.02248127174244,5160.225911900423,True,4835.2034306286805,62631.76751872826,-325.02248127174244,regional_construction_orders_bok_12_24q,325.02248127174244,0.5162627911488855
인천,건설업,regional_construction_orders_bok_12_24q,2025,2,30689.719337656887,61232.721792741715,62956.79,-1724.0682072582858,2.738494461452507,prior_year_province_anchor,58502.33845452171,-4454.451545478289,7.075410842068486,1724.0682072582858,4454.451545478289,True,2730.3833382200028,61232.721792741715,-1724.0682072582858,regional_construction_orders_bok_12_24q,1724.0682072582858,2.738494461452507
인천,건설업,regional_construction_orders_bok_12_24q,2025,3,46156.931341463256,60665.81268684452,62956.79,-2290.977313155483,3.638967795460161,prior_year_province_anchor,59474.47811717802,-3482.3118828219813,5.531272929928576,2290.977313155483,3482.3118828219813,True,1191.3345696664983,60665.81268684452,-2290.977313155483,regional_construction_orders_bok_12_24q,2290.977313155483,3.638967795460161
인천,건설업,regional_construction_orders_bok_12_24q,2025,4,62112.42089592641,62112.42089592641,62956.79,-844.3691040735939,1.3411883040313743,prior_year_province_anchor,59855.12593157537,-3101.6640684246304,4.926655359055998,844.3691040735939,3101.6640684246304,True,2257.2949643510365,62112.42089592641,-844.3691040735939,regional_construction_orders_bok_12_24q,844.3691040735939,1.3411883040313743
인천,"광업, 제조업",regional_manufacturing_production_index,2022,1,58271.68732322494,222047.5018611111,261514.44,-39466.938138888916,15.091686003606117,prior_year_province_anchor,262872.24677063694,1357.806770636933,0.5192091001311181,39466.938138888916,1357.806770636933,False,-38109.13136825198,262872.24677063694,1357.806770636933,baseline,1357.806770636933,0.5192091001311181
인천,"광업, 제조업",regional_manufacturing_production_index,2022,2,123473.47752369149,237494.27435081324,261514.44,-24020.16564918676,9.18502460100741,prior_year_province_anchor,262158.0009275343,643.5609275343013,0.2460900161131833,24020.16564918676,643.5609275343013,False,-23376.60472165246,262158.0009275343,643.5609275343013,baseline,643.5609275343013,0.24609001611318337
인천,"광업, 제조업",regional_manufacturing_production_index,2022,3,191120.10507872864,253876.78914205477,261514.44,-7637.650857945235,2.9205465128217147,prior_year_province_anchor,262258.0265680595,743.5865680595161,0.2843386269834722,7637.650857945235,743.5865680595161,False,-6894.064289885719,262258.0265680595,743.5865680595161,baseline,743.5865680595161,0.2843386269834722
인천,"광업, 제조업",regional_manufacturing_production_index,2022,4,257663.79848884672,257663.79848884672,261514.44,-3850.6415111532842,1.472439346428933,prior_year_province_anchor,258273.16348482348,-3241.27651517652,1.2394254463258396,3850.6415111532842,3241.27651517652,False,-609.364995976764,258273.16348482348,-3241.27651517652,baseline,3241.27651517652,1.2394254463258396
인천,"광업, 제조업",regional_manufacturing_production_index,2023,1,62276.89239637583,275373.8803533123,269154.08999999997,6219.790353312332,2.3108659999602206,prior_year_province_anchor,254844.1924079873,-14309.897592012654,5.316619038563618,6219.790353312332,14309.897592012654,True,8090.107238700322,275373.8803533123,6219.790353312332,regional_manufacturing_production_index,6219.790353312332,2.3108659999602206
인천,"광업, 제조업",regional_manufacturing_production_index,2023,2,128565.02861097238,268288.8203126396,269154.08999999997,-865.2696873603854,0.32147744340811824,prior_year_province_anchor,259378.41533103568,-9775.67466896429,3.6319993015763914,865.2696873603854,9775.67466896429,True,8910.404981603904,268288.8203126396,-865.2696873603854,regional_manufacturing_production_index,865.2696873603854,0.32147744340811824
인천,"광업, 제조업",regional_manufacturing_production_index,2023,3,196756.1735207248,265262.2183552947,269154.08999999997,-3891.871644705243,1.4459641481596075,prior_year_province_anchor,261930.8913508661,-7223.198649133876,2.683666686667803,3891.871644705243,7223.198649133876,True,3331.327004428633,265262.2183552947,-3891.871644705243,regional_manufacturing_production_index,3891.871644705243,1.4459641481596075
인천,"광업, 제조업",regional_manufacturing_production_index,2023,4,266663.7576457159,266663.7576457159,269154.08999999997,-2490.3323542840662,0.9252441061861875,prior_year_province_anchor,266859.67129234475,-2294.418707655219,0.8524554494621349,2490.3323542840662,2294.418707655219,False,-195.91364662884735,266859.67129234475,-2294.418707655219,baseline,2294.418707655219,0.8524554494621349
인천,"광업, 제조업",regional_manufacturing_production_index,2024,1,81256.55204295808,347932.86349610536,289896.84,58036.023496105336,20.01954333000157,prior_year_province_anchor,288460.7554734404,-1436.084526559629,0.4953777787159145,58036.023496105336,1436.084526559629,False,-56599.93896954571,288460.7554734404,-1436.084526559629,baseline,1436.084526559629,0.49537777871591454
인천,"광업, 제조업",regional_manufacturing_production_index,2024,2,169781.9404911495,352154.0089159773,289896.84,62257.168915977294,21.47562868087051,prior_year_province_anchor,284658.4640945658,-5238.375905434252,1.8069793052708856,62257.168915977294,5238.375905434252,False,-57018.79301054304,284658.4640945658,-5238.375905434252,baseline,5238.375905434252,1.8069793052708858
인천,"광업, 제조업",regional_manufacturing_production_index,2024,3,250304.07642062547,339237.26192679687,289896.84,49340.421926796844,17.019993017791034,prior_year_province_anchor,282421.46957516234,-7475.370424837689,2.5786312209673237,49340.421926796844,7475.370424837689,False,-41865.051501959155,282421.46957516234,-7475.370424837689,baseline,7475.370424837689,2.5786312209673237
인천,"광업, 제조업",regional_manufacturing_production_index,2024,4,330054.13387182535,330054.13387182535,289896.84,40157.29387182533,13.852270301333855,prior_year_province_anchor,280532.2742971492,-9364.565702850814,3.2303096863183516,40157.29387182533,9364.565702850814,False,-30792.728168974514,280532.2742971492,-9364.565702850814,baseline,9364.565702850814,3.2303096863183516
인천,"광업, 제조업",regional_manufacturing_production_index,2025,1,69004.94188851486,280289.5982572422,277365.43,2924.168257242185,1.0542655792548425,prior_year_province_anchor,291404.63309468876,14039.203094688768,5.061626856197893,2924.168257242185,14039.203094688768,True,11115.034837446583,280289.5982572422,2924.168257242185,regional_manufacturing_production_index,2924.168257242185,1.0542655792548425
인천,"광업, 제조업",regional_manufacturing_production_index,2025,2,117698.7455605637,228805.00370896183,277365.43,-48560.426291038166,17.507742868690652,prior_year_province_anchor,294295.7187902886,16930.288790288614,6.103965007567314,48560.426291038166,16930.288790288614,False,-31630.13750074955,294295.7187902886,16930.288790288614,baseline,16930.288790288614,6.103965007567314
인천,"광업, 제조업",regional_manufacturing_production_index,2025,3,117698.7455605637,155199.0605958471,277365.43,-122166.36940415288,44.045276083667986,prior_year_province_anchor,296420.94332969515,19055.513329695154,6.870183255964939,122166.36940415288,19055.513329695154,False,-103110.85607445773,296420.94332969515,19055.513329695154,baseline,19055.513329695154,6.870183255964939
인천,"광업, 제조업",regional_manufacturing_production_index,2025,4,117698.7455605637,117698.7455605637,277365.43,-159666.6844394363,57.56545955977149,prior_year_province_anchor,296284.26512581704,18918.835125817044,6.820905952777549,159666.6844394363,18918.835125817044,False,-140747.84931361926,296284.26512581704,18918.835125817044,baseline,18918.835125817044,6.820905952777549
인천,교육 서비스업,regional_service_production_index_P,2021,1,11092.623656585853,43942.1655940594,46969.65,-3027.4844059406023,6.445618406653238,prior_year_province_anchor,45739.174785455834,-1230.475214544167,2.619724044237432,3027.4844059406023,1230.475214544167,False,-1797.0091913964352,45739.174785455834,-1230.475214544167,baseline,1230.475214544167,2.619724044237432
인천,교육 서비스업,regional_service_production_index_P,2021,2,22406.87815546113,45209.23827534039,46969.65,-1760.4117246596143,3.747977097252405,prior_year_province_anchor,46187.6197732969,-782.0302267031002,1.664969244401651,1760.4117246596143,782.0302267031002,False,-978.3814979565141,46187.6197732969,-782.0302267031002,baseline,782.0302267031002,1.664969244401651
인천,교육 서비스업,regional_service_production_index_P,2021,3,33554.90952261934,44736.15228257247,46969.65,-2233.4977174275336,4.755193443910128,prior_year_province_anchor,46571.151705134725,-398.498294865276,0.8484165729684507,2233.4977174275336,398.498294865276,False,-1834.9994225622577,46571.151705134725,-398.498294865276,baseline,398.498294865276,0.848416572968451
인천,교육 서비스업,regional_service_production_index_P,2021,4,44824.837853036726,44824.837853036726,46969.65,-2144.812146963275,4.566378814752239,prior_year_province_anchor,46641.3112942037,-328.33870579630457,0.6990443952558825,2144.812146963275,328.33870579630457,False,-1816.4734411669706,46641.3112942037,-328.33870579630457,baseline,328.33870579630457,0.6990443952558825
인천,교육 서비스업,regional_service_production_index_P,2022,1,11727.897775030904,47391.95454545455,48977.92,-1585.9654545454468,3.238123330973318,prior_year_province_anchor,49238.04049118938,260.1204911893801,0.5310974643050994,1585.9654545454468,260.1204911893801,False,-1325.8449633560667,49238.04049118938,260.1204911893801,baseline,260.1204911893801,0.5310974643050994
인천,교육 서비스업,regional_service_production_index_P,2022,2,23479.019110012367,46969.65,48977.92,-2008.2699999999968,4.100357875548812,prior_year_province_anchor,49105.31637477245,127.39637477244833,0.2601098102419382,2008.2699999999968,127.39637477244833,False,-1880.8736252275485,49105.31637477245,127.39637477244833,baseline,127.39637477244833,0.26010981024193824
인천,교육 서비스업,regional_service_production_index_P,2022,3,35114.02264524104,46907.602906208725,48977.92,-2070.317093791273,4.2270416828466235,prior_year_province_anchor,48910.77410515081,-67.14589484918542,0.1370942147996187,2070.317093791273,67.14589484918542,False,-2003.1711989420874,48910.77410515081,-67.14589484918542,baseline,67.14589484918542,0.13709421479961872
인천,교육 서비스업,regional_service_production_index_P,2022,4,46783.861520395556,46783.861520395556,48977.92,-2194.0584796044423,4.479688969242553,prior_year_province_anchor,48852.184472756024,-125.7355272439745,0.2567187974580678,2194.0584796044423,125.7355272439745,False,-2068.3229523604678,48852.184472756024,-125.7355272439745,baseline,125.7355272439745,0.25671879745806786
인천,교육 서비스업,regional_service_production_index_P,2023,1,12496.724189625218,49850.79382178218,49592.11,258.6838217821787,0.5216229391775803,prior_year_province_anchor,49847.10828366306,254.99828366305883,0.5141912365960207,258.6838217821787,254.99828366305883,False,-3.685538119119883,49847.10828366306,254.99828366305883,baseline,254.99828366305883,0.5141912365960207
인천,교육 서비스업,regional_service_production_index_P,2023,2,24908.353953834696,49631.92783382789,49592.11,39.817833827888535,0.0802906628249706,prior_year_province_anchor,49778.52630278734,186.4163027873365,0.3758991153781044,39.817833827888535,186.4163027873365,True,146.59846895944796,49631.92783382789,39.817833827888535,regional_service_production_index_P,39.817833827888535,0.0802906628249706
인천,교육 서비스업,regional_service_production_index_P,2023,3,36882.355244477534,49139.88402116402,49592.11,-452.22597883598064,0.9118909819243034,prior_year_province_anchor,49660.83325171726,68.7232517172597,0.1385769867772508,452.22597883598064,68.7232517172597,False,-383.50272711872094,49660.83325171726,68.7232517172597,baseline,68.7232517172597,0.13857698677725086
인천,교육 서비스업,regional_service_production_index_P,2023,4,48746.94941672871,48746.94941672871,49592.11,-845.1605832712885,1.7042238841446522,prior_year_province_anchor,49548.78302083656,-43.3269791634375,0.0873666782144125,845.1605832712885,43.3269791634375,False,-801.833604107851,49548.78302083656,-43.3269791634375,baseline,43.3269791634375,0.08736667821441253
인천,교육 서비스업,regional_service_production_index_P,2024,1,12268.1728478803,47855.4213229572,49786.33,-1930.908677042804,3.8783912713445714,prior_year_province_anchor,50228.131131294314,441.80113129431265,0.8873944540485564,1930.908677042804,441.80113129431265,False,-1489.1075457484912,50228.131131294314,441.80113129431265,baseline,441.80113129431265,0.8873944540485564
인천,교육 서비스업,regional_service_production_index_P,2024,2,24437.408817955115,47825.28519277697,49786.33,-1961.0448072230283,3.9389222045951735,prior_year_province_anchor,50249.245596788845,462.9155967888437,0.9298046206435454,1961.0448072230283,462.9155967888437,False,-1498.1292104341846,50249.245596788845,462.9155967888437,baseline,462.9155967888437,0.9298046206435454
인천,교육 서비스업,regional_service_production_index_P,2024,3,36606.644788029924,48382.54634146342,49786.33,-1403.7836585365803,2.8196166669376517,prior_year_province_anchor,50161.07535227933,374.7453522793294,0.7527073240371993,1403.7836585365803,374.7453522793294,False,-1029.038306257251,50161.07535227933,374.7453522793294,baseline,374.7453522793294,0.7527073240371993
인천,교육 서비스업,regional_service_production_index_P,2024,4,48553.2727830424,48553.2727830424,49786.33,-1233.0572169576044,2.4766983566726135,prior_year_province_anchor,50145.32029281439,358.9902928143856,0.7210619718593149,1233.0572169576044,358.9902928143856,False,-874.0669241432188,50145.32029281439,358.9902928143856,baseline,358.9902928143856,0.7210619718593149
인천,교육 서비스업,regional_service_production_index_P,2025,1,12376.835985736117,48983.324677419354,49354.05,-370.72532258064894,0.7511548142060255,prior_year_province_anchor,49472.35910642173,118.30910642172968,0.2397150921185387,370.72532258064894,118.30910642172968,False,-252.41621615891927,49472.35910642173,118.30910642172968,baseline,118.30910642172968,0.23971509211853873
인천,교육 서비스업,regional_service_production_index_P,2025,2,24500.04828323994,48677.727510121455,49354.05,-676.3224898785484,1.370348512186028,prior_year_province_anchor,49381.550050811384,27.500050811380788,0.0557199476261437,676.3224898785484,27.500050811380788,False,-648.8224390671676,49381.550050811384,27.500050811380788,baseline,27.500050811380788,0.055719947626143726
인천,교육 서비스업,regional_service_production_index_P,2025,3,36610.57939633214,48558.49145608109,49354.05,-795.5585439189163,1.6119417634802335,prior_year_province_anchor,49555.553056877085,201.5030568770817,0.408280692014296,795.5585439189163,201.5030568770817,False,-594.0554870418346,49555.553056877085,201.5030568770817,baseline,201.5030568770817,0.40828069201429606
인천,교육 서비스업,regional_service_production_index_P,2025,4,48733.79169383596,48733.79169383596,49354.05,-620.2583061640398,1.2567525991565833,prior_year_province_anchor,49624.44776434881,270.3977643488106,0.5478735065284623,620.2583061640398,270.3977643488106,False,-349.8605418152292,49624.44776434881,270.3977643488106,baseline,270.3977643488106,0.5478735065284623
인천,금융 및 보험업,regional_service_production_index_K,2021,1,9298.98382,38584.995103734436,37210.67,1374.325103734438,3.693362962113926,prior_year_province_anchor,39600.25916978121,2389.5891697812112,6.421784853057501,1374.325103734438,2389.5891697812112,True,1015.2640660467732,38584.995103734436,1374.325103734438,regional_service_production_index_K,1374.325103734438,3.693362962113926
인천,금융 및 보험업,regional_service_production_index_K,2021,2,18497.88073,37905.49329918033,37210.67,694.8232991803307,1.867268982741592,prior_year_province_anchor,38972.61442525873,1761.9444252587346,4.735051600142472,694.8232991803307,1761.9444252587346,True,1067.121126078404,37905.49329918033,694.8232991803307,regional_service_production_index_K,694.8232991803307,1.867268982741592
인천,금융 및 보험업,regional_service_production_index_K,2021,3,27896.95146,37559.00566812521,37210.67,348.33566812521167,0.936117699910299,prior_year_province_anchor,38918.60503506307,1707.9350350630775,4.589906698973917,348.33566812521167,1707.9350350630775,True,1359.5993669378659,37559.00566812521,348.33566812521167,regional_service_production_index_K,348.33566812521167,0.936117699910299
인천,금융 및 보험업,regional_service_production_index_K,2021,4,37441.60315,37441.60315,37210.67,230.9331500000044,0.6206100293276213,prior_year_province_anchor,38852.877983118946,1642.2079831189476,4.413271739312804,230.9331500000044,1642.2079831189476,True,1411.2748331189432,37441.60315,230.9331500000044,regional_service_production_index_K,230.9331500000044,0.6206100293276213
인천,금융 및 보험업,regional_service_production_index_K,2022,1,9313.970862697448,37501.94726027397,38246.45,-744.5027397260274,1.9465930556326858,prior_year_province_anchor,39199.74916684886,953.2991668488612,2.4925167351449904,744.5027397260274,953.2991668488612,True,208.79642712283385,37501.94726027397,-744.5027397260274,regional_service_production_index_K,744.5027397260274,1.9465930556326858
인천,금융 및 보험업,regional_service_production_index_K,2022,2,19061.990852976916,38583.41975405804,38246.45,336.9697540580455,0.881048447785469,prior_year_province_anchor,38926.49923538853,680.0492353885347,1.778071521379199,336.9697540580455,680.0492353885347,True,343.0794813304892,38583.41975405804,336.9697540580455,regional_service_production_index_K,336.9697540580455,0.881048447785469
인천,금융 및 보험업,regional_service_production_index_K,2022,3,29180.761139732687,39164.6549543379,38246.45,918.2049543379035,2.4007586438425097,prior_year_province_anchor,38366.72457655666,120.27457655666512,0.3144725237418509,918.2049543379035,120.27457655666512,False,-797.9303777812383,38366.72457655666,120.27457655666512,baseline,120.27457655666512,0.3144725237418509
인천,금융 및 보험업,regional_service_production_index_K,2022,4,39652.19634264885,39652.19634264885,38246.45,1405.746342648854,3.6754949613594308,prior_year_province_anchor,38228.35650895574,-18.09349104425928,0.0473076352034222,1405.746342648854,18.09349104425928,False,-1387.6528516045946,38228.35650895574,-18.09349104425928,baseline,18.09349104425928,0.04730763520342223
인천,금융 및 보험업,regional_service_production_index_K,2023,1,9899.594241733179,42145.3599514563,39432.03,2713.329951456304,6.881030348821262,prior_year_province_anchor,38745.68869593436,-686.3413040656378,1.74056802063104,2713.329951456304,686.3413040656378,False,-2026.9886473906663,38745.68869593436,-686.3413040656378,baseline,686.3413040656378,1.7405680206310399
인천,금융 및 보험업,regional_service_production_index_K,2023,2,19755.577936145946,41094.97592504743,39432.03,1662.945925047432,4.217246550703659,prior_year_province_anchor,38862.39610653721,-569.6338934627856,1.4445969265665135,1662.945925047432,569.6338934627856,False,-1093.3120315846463,38862.39610653721,-569.6338934627856,baseline,569.6338934627856,1.4445969265665137
인천,금융 및 보험업,regional_service_production_index_K,2023,3,29690.060615735452,40344.25652308645,39432.03,912.2265230864505,2.313415066600554,prior_year_province_anchor,38977.50719422546,-454.5228057745408,1.1526741224698318,912.2265230864505,454.5228057745408,False,-457.70371731190966,38977.50719422546,-454.5228057745408,baseline,454.5228057745408,1.1526741224698318
인천,금융 및 보험업,regional_service_production_index_K,2023,4,39572.21063854047,39572.21063854047,39432.03,140.18063854047068,0.35549942151208214,prior_year_province_anchor,38489.328782198085,-942.701217801914,2.390699179834044,140.18063854047068,942.701217801914,True,802.5205792614433,39572.21063854047,140.18063854047068,regional_service_production_index_K,140.18063854047068,0.35549942151208214
인천,금융 및 보험업,regional_service_production_index_K,2024,1,9847.143484681508,39362.54624669603,39775.09,-412.5437533039658,1.0371912503628926,prior_year_province_anchor,39745.64664554205,-29.443354457944224,0.0740246080095462,412.5437533039658,29.443354457944224,False,-383.10039884602156,39745.64664554205,-29.443354457944224,baseline,29.443354457944224,0.07402460800954624
인천,금융 및 보험업,regional_service_production_index_K,2024,2,19624.757271324663,39310.16500662252,39775.09,-464.9249933774772,1.1688848306250903,prior_year_province_anchor,39850.870067800715,75.78006780071883,0.1905214238376804,464.9249933774772,75.78006780071883,False,-389.1449255767584,39850.870067800715,75.78006780071883,baseline,75.78006780071883,0.1905214238376804
인천,금융 및 보험업,regional_service_production_index_K,2024,3,29280.6940864007,39026.58903349001,39775.09,-748.500966509986,1.8818334955621372,prior_year_province_anchor,40395.83048044239,620.7404804423932,1.560626212140295,748.500966509986,620.7404804423932,False,-127.76048606759286,40395.83048044239,620.7404804423932,baseline,620.7404804423932,1.560626212140295
인천,금융 및 보험업,regional_service_production_index_K,2024,4,39371.19151421644,39371.19151421644,39775.09,-403.89848578355304,1.015455868945999,prior_year_province_anchor,40859.01305581175,1083.923055811756,2.725130366296484,403.89848578355304,1083.923055811756,True,680.024570028203,39371.19151421644,-403.89848578355304,regional_service_production_index_K,403.89848578355304,1.015455868945999
인천,금융 및 보험업,regional_service_production_index_K,2025,1,9956.943059602649,39810.1959929391,40511.25,-701.0540070608986,1.7305168491737446,prior_year_province_anchor,41896.6652274638,1385.4152274638036,3.4198283870870525,701.0540070608986,1385.4152274638036,True,684.361220402905,39810.1959929391,-701.0540070608986,regional_service_production_index_K,701.0540070608986,1.7305168491737446
인천,금융 및 보험업,regional_service_production_index_K,2025,2,20142.175818984546,40409.236696191314,40511.25,-102.01330380868603,0.2518147522199044,prior_year_province_anchor,41698.523056968486,1187.2730569684863,2.9307243221783734,102.01330380868603,1187.2730569684863,True,1085.2597531598003,40409.236696191314,-102.01330380868603,regional_service_production_index_K,102.01330380868603,0.2518147522199044
인천,금융 및 보험업,regional_service_production_index_K,2025,3,30037.656267108167,40389.01243395666,40511.25,-122.23756604333903,0.3017373347979611,prior_year_province_anchor,41509.28423552056,998.0342355205576,2.4635977303108585,122.23756604333903,998.0342355205576,True,875.7966694772185,40389.01243395666,-122.23756604333903,regional_service_production_index_K,122.23756604333903,0.3017373347979611
인천,금융 및 보험업,regional_service_production_index_K,2025,4,40003.37969977925,40003.37969977925,40511.25,-507.8703002207476,1.2536525044789968,prior_year_province_anchor,41676.95613475198,1165.7061347519775,2.8774874504044616,507.8703002207476,1165.7061347519775,True,657.8358345312299,40003.37969977925,-507.8703002207476,regional_service_production_index_K,507.8703002207476,1.2536525044789968
인천,도매 및 소매업,regional_service_production_index_G,2021,1,17111.042327500003,64692.031483931954,75072.11,-10380.078516068046,13.826810670524708,prior_year_province_anchor,72896.67112623987,-2175.4388737601257,2.897799027841532,10380.078516068046,2175.4388737601257,False,-8204.63964230792,72896.67112623987,-2175.4388737601257,baseline,2175.4388737601257,2.897799027841532
인천,도매 및 소매업,regional_service_production_index_G,2021,2,34980.96932000001,68322.20570312502,75072.11,-6749.904296874985,8.991227630174489,prior_year_province_anchor,73573.83586009078,-1498.2741399092192,1.9957799772901268,6749.904296874985,1498.2741399092192,False,-5251.630156965766,73573.83586009078,-1498.2741399092192,baseline,1498.2741399092192,1.9957799772901268
인천,도매 및 소매업,regional_service_production_index_G,2021,3,52868.96499500001,70281.10999667665,75072.11,-4791.000003323352,6.38186405487118,prior_year_province_anchor,73286.7819874391,-1785.3280125609017,2.378150837322811,4791.000003323352,1785.3280125609017,False,-3005.67199076245,73286.7819874391,-1785.3280125609017,baseline,1785.3280125609017,2.378150837322811
인천,도매 및 소매업,regional_service_production_index_G,2021,4,71443.57060500002,71443.57060500002,75072.11,-3628.5393949999852,4.833405368518329,prior_year_province_anchor,73358.9175348898,-1713.1924651102015,2.2820624931285423,3628.5393949999852,1713.1924651102015,False,-1915.3469298897837,73358.9175348898,-1713.1924651102015,baseline,1713.1924651102015,2.2820624931285423
인천,도매 및 소매업,regional_service_production_index_G,2022,1,18758.534314618104,78322.32806758182,78874.86,-552.5319324181764,0.700517164047171,prior_year_province_anchor,77895.41721011375,-979.4427898862486,1.2417680232792156,552.5319324181764,979.4427898862486,True,426.9108574680722,78322.32806758182,-552.5319324181764,regional_service_production_index_G,552.5319324181764,0.700517164047171
인천,도매 및 소매업,regional_service_production_index_G,2022,2,38618.278133535656,78872.24779958677,78874.86,-2.61220041323395,0.003311828906236981,prior_year_province_anchor,77662.66059623871,-1212.1994037612894,1.5368640955575572,2.61220041323395,1212.1994037612894,True,1209.5872033480555,78872.24779958677,-2.61220041323395,regional_service_production_index_G,2.61220041323395,0.003311828906236981
인천,도매 및 소매업,regional_service_production_index_G,2022,3,58231.199132524016,78689.73389268624,78874.86,-185.12610731375753,0.23470863506288003,prior_year_province_anchor,77865.17251744679,-1009.687482553214,1.2801131850544192,185.12610731375753,1009.687482553214,True,824.5613752394564,78689.73389268624,-185.12610731375753,regional_service_production_index_G,185.12610731375753,0.23470863506288003
인천,도매 및 소매업,regional_service_production_index_G,2022,4,78793.43866970156,78793.43866970156,78874.86,-81.42133029844263,0.1032284942229281,prior_year_province_anchor,77822.19493116264,-1052.665068837363,1.3346015052671574,81.42133029844263,1052.665068837363,True,971.2437385389203,78793.43866970156,-81.42133029844263,regional_service_production_index_G,81.42133029844263,0.1032284942229281
인천,도매 및 소매업,regional_service_production_index_G,2023,1,20336.409686746985,85421.15404858299,80680.88,4740.274048582985,5.875337562732317,prior_year_province_anchor,82277.59750792314,1596.7175079231383,1.9790531634299704,4740.274048582985,1596.7175079231383,False,-3143.556540659847,82277.59750792314,1596.7175079231383,baseline,1596.7175079231383,1.9790531634299704
인천,도매 및 소매업,regional_service_production_index_G,2023,2,41395.04700722892,84458.92088495576,80680.88,3778.040884955757,4.682696674795511,prior_year_province_anchor,79014.01666754606,-1666.8633324539403,2.0659954780537104,3778.040884955757,1666.8633324539403,False,-2111.1775525018165,79014.01666754606,-1666.8633324539403,baseline,1666.8633324539403,2.06599547805371
인천,도매 및 소매업,regional_service_production_index_G,2023,3,62168.59447228916,84121.18260841213,80680.88,3440.302608412123,4.264086619298305,prior_year_province_anchor,77506.94220362855,-3173.9377963714505,3.9339404780555816,3440.302608412123,3173.9377963714505,False,-266.3648120406724,77506.94220362855,-3173.9377963714505,baseline,3173.9377963714505,3.9339404780555816
인천,도매 및 소매업,regional_service_production_index_G,2023,4,83474.30966746989,83474.30966746989,80680.88,2793.4296674698853,3.4623192849035425,prior_year_province_anchor,76290.46028033677,-4390.41971966323,5.441710253610558,2793.4296674698853,4390.41971966323,True,1596.990052193345,83474.30966746989,2793.4296674698853,regional_service_production_index_G,2793.4296674698853,3.4623192849035425
인천,도매 및 소매업,regional_service_production_index_G,2024,1,20023.26029143898,82188.9338317757,80469.01,1719.9238317757117,2.1373741664967816,prior_year_province_anchor,78686.68360701487,-1782.3263929851237,2.2149227298622463,1719.9238317757117,1782.3263929851237,True,62.40256120941194,82188.9338317757,1719.9238317757117,regional_service_production_index_G,1719.9238317757117,2.1373741664967816
인천,도매 및 소매업,regional_service_production_index_G,2024,2,40689.46930783242,82051.49182736456,80469.01,1582.481827364565,1.9665730041472675,prior_year_province_anchor,79229.67637215662,-1239.3336278433708,1.540137784525211,1582.481827364565,1239.3336278433708,False,-343.14819952119433,79229.67637215662,-1239.3336278433708,baseline,1239.3336278433708,1.5401377845252113
인천,도매 및 소매업,regional_service_production_index_G,2024,3,61006.64901639344,81914.15545093243,80469.01,1445.1454509324394,1.7959031072116327,prior_year_province_anchor,79369.1995770589,-1099.8104229410965,1.3667502842909296,1445.1454509324394,1099.8104229410965,False,-345.33502799134294,79369.1995770589,-1099.8104229410965,baseline,1099.8104229410965,1.3667502842909296
인천,도매 및 소매업,regional_service_production_index_G,2024,4,81727.96792349726,81727.96792349726,80469.01,1258.9579234972625,1.5645251799385411,prior_year_province_anchor,79504.49125014519,-964.518749854804,1.1986213697109036,1258.9579234972625,964.518749854804,False,-294.4391736424585,79504.49125014519,-964.518749854804,baseline,964.518749854804,1.1986213697109038
인천,도매 및 소매업,regional_service_production_index_G,2025,1,20094.64376489098,82019.33037614677,83697.07,-1677.7396238532383,2.0045380607149546,prior_year_province_anchor,79822.29231627312,-3874.7776837268902,4.629526079857861,1677.7396238532383,3874.7776837268902,True,2197.038059873652,82019.33037614677,-1677.7396238532383,regional_service_production_index_G,1677.7396238532383,2.0045380607149546
인천,도매 및 소매업,regional_service_production_index_G,2025,2,40967.02801753203,82285.46620767495,83697.07,-1411.603792325055,1.686562973261854,prior_year_province_anchor,80195.51694274589,-3501.5530572541174,4.183602911373263,1411.603792325055,3501.5530572541174,True,2089.9492649290623,82285.46620767495,-1411.603792325055,regional_service_production_index_G,1411.603792325055,1.686562973261854
인천,도매 및 소매업,regional_service_production_index_G,2025,3,62327.76094852776,83497.80441433303,83697.07,-199.2655856669735,0.23807952377182792,prior_year_province_anchor,81357.4818627706,-2339.5881372294098,2.79530470687852,199.2655856669735,2339.5881372294098,True,2140.3225515624363,83497.80441433303,-199.2655856669735,regional_service_production_index_G,199.2655856669735,0.23807952377182792
인천,도매 및 소매업,regional_service_production_index_G,2025,4,84068.3206293549,84068.3206293549,83697.07,371.25062935489404,0.44356466642726444,prior_year_province_anchor,81910.9722621525,-1786.0977378475072,2.134002705049898,371.25062935489404,1786.0977378475072,True,1414.8471084926132,84068.3206293549,371.25062935489404,regional_service_production_index_G,371.25062935489404,0.44356466642726444
인천,문화 및 기타서비스업,regional_service_production_index_R_S,2021,1,7036.858882360295,26451.049906015036,30105.04,-3653.990093984965,12.13746965287196,prior_year_province_anchor,31860.797805100523,1755.757805100522,5.832105870314479,3653.990093984965,1755.757805100522,False,-1898.2322888844428,31860.797805100523,1755.757805100522,baseline,1755.757805100522,5.832105870314479
인천,문화 및 기타서비스업,regional_service_production_index_R_S,2021,2,15282.92512439055,30964.56891337386,30105.04,859.5289133738588,2.8550997220859324,prior_year_province_anchor,33275.60775570188,3170.567755701879,10.531684248557314,859.5289133738588,3170.567755701879,True,2311.03884232802,30964.56891337386,859.5289133738588,regional_service_production_index_R_S,859.5289133738588,2.8550997220859324
인천,문화 및 기타서비스업,regional_service_production_index_R_S,2021,3,23609.87480185023,32227.882003412968,30105.04,2122.8420034129667,7.051450532578488,prior_year_province_anchor,33336.20628682447,3231.1662868244675,10.732974567794852,2122.8420034129667,3231.1662868244675,True,1108.3242834115008,32227.882003412968,2122.8420034129667,regional_service_production_index_R_S,2122.8420034129667,7.051450532578488
인천,문화 및 기타서비스업,regional_service_production_index_R_S,2021,4,34452.29932116515,34452.29932116515,30105.04,4347.259321165147,14.440304085844588,prior_year_province_anchor,33561.628354874134,3456.588354874133,11.481759714898676,4347.259321165147,3456.588354874133,False,-890.6709662910143,33561.628354874134,3456.588354874133,baseline,3456.588354874133,11.481759714898677
인천,문화 및 기타서비스업,regional_service_production_index_R_S,2022,1,7534.21120788825,36887.324873563215,32009.81,4877.514873563214,15.237562714565358,prior_year_province_anchor,30913.670734421503,-1096.1392655784985,3.424385416778476,4877.514873563214,1096.1392655784985,False,-3781.3756079847153,30913.670734421503,-1096.1392655784985,baseline,1096.1392655784985,3.424385416778476
인천,문화 및 기타서비스업,regional_service_production_index_R_S,2022,2,17482.05574363188,39409.79965070125,32009.81,7399.989650701249,23.117880583175126,prior_year_province_anchor,31210.66980242281,-799.1401975771914,2.4965477695031346,7399.989650701249,799.1401975771914,False,-6600.849453124058,31210.66980242281,-799.1401975771914,baseline,799.1401975771914,2.4965477695031346
인천,문화 및 기타서비스업,regional_service_production_index_R_S,2022,3,33253.71832374692,48524.9103117506,32009.81,16515.1003117506,51.59387172791904,prior_year_province_anchor,31853.363491065946,-156.44650893405924,0.4887455093737177,16515.1003117506,156.44650893405924,False,-16358.653802816541,31853.363491065946,-156.44650893405924,baseline,156.44650893405924,0.48874550937371775
인천,문화 및 기타서비스업,regional_service_production_index_R_S,2022,4,45562.1881347576,45562.1881347576,32009.81,13552.378134757597,42.33820236595467,prior_year_province_anchor,31831.400859541813,-178.40914045818863,0.5573576989622514,13552.378134757597,178.40914045818863,False,-13373.968994299408,31831.400859541813,-178.40914045818863,baseline,178.40914045818863,0.5573576989622514
인천,문화 및 기타서비스업,regional_service_production_index_R_S,2023,1,6882.121563639184,41618.758592870545,33654.630000000005,7964.12859287054,23.664288072311415,prior_year_province_anchor,35927.4594886209,2272.829488620897,6.753393184298555,7964.12859287054,2272.829488620897,False,-5691.299104249643,35927.4594886209,2272.829488620897,baseline,2272.829488620897,6.753393184298555
인천,문화 및 기타서비스업,regional_service_production_index_R_S,2023,2,14121.755935779105,36804.48742268041,33654.630000000005,3149.857422680405,9.359358348852458,prior_year_province_anchor,34666.14446770779,1011.5144677077842,3.005572985671761,3149.857422680405,1011.5144677077842,False,-2138.3429549726206,34666.14446770779,1011.5144677077842,baseline,1011.5144677077842,3.0055729856717606
인천,문화 및 기타서비스업,regional_service_production_index_R_S,2023,3,25564.64853563949,35027.100273113705,33654.630000000005,1372.4702731137004,4.0781023981357105,prior_year_province_anchor,34318.32606637684,663.6960663768332,1.9720795218275555,1372.4702731137004,663.6960663768332,False,-708.7742067368672,34318.32606637684,663.6960663768332,baseline,663.6960663768332,1.9720795218275557
인천,문화 및 기타서비스업,regional_service_production_index_R_S,2023,4,34775.56881020709,34775.56881020709,33654.630000000005,1120.938810207088,3.3307120304311404,prior_year_province_anchor,33644.62771096874,-10.00228903126117,0.0297203951767146,1120.938810207088,10.00228903126117,False,-1110.9365211758268,33644.62771096874,-10.00228903126117,baseline,10.00228903126117,0.02972039517671467
인천,문화 및 기타서비스업,regional_service_production_index_R_S,2024,1,10278.753990147785,51938.8553896104,35068.51,16870.345389610397,48.10682116123666,prior_year_province_anchor,34185.09358226002,-883.4164177399798,2.519115918355185,16870.345389610397,883.4164177399798,False,-15986.928971870417,34185.09358226002,-883.4164177399798,baseline,883.4164177399798,2.5191159183551846
인천,문화 및 기타서비스업,regional_service_production_index_R_S,2024,2,21206.237194260015,52221.47756329115,35068.51,17152.967563291146,48.91273556615649,prior_year_province_anchor,34082.68142933234,-985.8285706676616,2.811150432874569,17152.967563291146,985.8285706676616,False,-16167.138992623484,34082.68142933234,-985.8285706676616,baseline,985.8285706676616,2.811150432874569
인천,문화 및 기타서비스업,regional_service_production_index_R_S,2024,3,35146.707192118236,47810.03473244636,35068.51,12741.524732446356,36.33323666288176,prior_year_province_anchor,33849.459875538036,-1219.0501244619663,3.476195950332553,12741.524732446356,1219.0501244619663,False,-11522.47460798439,33849.459875538036,-1219.0501244619663,baseline,1219.0501244619663,3.476195950332553
인천,문화 및 기타서비스업,regional_service_production_index_R_S,2024,4,44827.18868494325,44827.18868494325,35068.51,9758.678684943246,27.827468817304318,prior_year_province_anchor,33692.84691626066,-1375.6630837393386,3.9227873774487096,9758.678684943246,1375.6630837393386,False,-8383.015601203908,33692.84691626066,-1375.6630837393386,baseline,1375.6630837393386,3.9227873774487096
인천,문화 및 기타서비스업,regional_service_production_index_R_S,2025,1,8424.562460202606,36740.78116409537,35511.34,1229.4411640953767,3.4621086224720807,prior_year_province_anchor,34394.02929139289,-1117.3107086071032,3.1463490496475304,1229.4411640953767,1117.3107086071032,False,-112.13045548827358,34394.02929139289,-1117.3107086071032,baseline,1117.3107086071032,3.1463490496475304
인천,문화 및 기타서비스업,regional_service_production_index_R_S,2025,2,20452.401635311144,43233.67973147519,35511.34,7722.339731475193,21.746123158053717,prior_year_province_anchor,34396.326063298744,-1115.0139367012523,3.139881335655745,7722.339731475193,1115.0139367012523,False,-6607.32579477394,34396.326063298744,-1115.0139367012523,baseline,1115.0139367012523,3.139881335655744
인천,문화 및 기타서비스업,regional_service_production_index_R_S,2025,3,32250.924295438712,41133.81833333333,35511.34,5622.478333333333,15.832909525051244,prior_year_province_anchor,34847.87941478072,-663.4605852192763,1.8683062515221232,5622.478333333333,663.4605852192763,False,-4959.017748114056,34847.87941478072,-663.4605852192763,baseline,663.4605852192763,1.8683062515221232
인천,문화 및 기타서비스업,regional_service_production_index_R_S,2025,4,47445.96287827626,47445.96287827626,35511.34,11934.622878276263,33.607920394657775,prior_year_province_anchor,34757.262320044836,-754.0776799551604,2.123484160144789,11934.622878276263,754.0776799551604,False,-11180.545198321102,34757.262320044836,-754.0776799551604,baseline,754.0776799551604,2.123484160144789
인천,보건 및 사회복지업,regional_service_production_index_Q,2021,1,13212.6456,51814.29647058824,56095.33,-4281.033529411761,7.631711105740462,prior_year_province_anchor,53256.82239537664,-2838.507604623366,5.060149578625112,4281.033529411761,2838.507604623366,False,-1442.525924788395,53256.82239537664,-2838.507604623366,baseline,2838.507604623366,5.060149578625112
인천,보건 및 사회복지업,regional_service_production_index_Q,2021,2,26976.3648,54333.061027190335,56095.33,-1762.2689728096666,3.1415609335209664,prior_year_province_anchor,54517.12839013728,-1578.201609862721,2.8134278020340036,1762.2689728096666,1578.201609862721,False,-184.06736294694565,54517.12839013728,-1578.201609862721,baseline,1578.201609862721,2.8134278020340036
인천,보건 및 사회복지업,regional_service_production_index_Q,2021,3,41264.916,54983.23251165889,56095.33,-1112.0974883411109,1.9825134968296128,prior_year_province_anchor,55124.1095330589,-971.2204669411004,1.7313749057918018,1112.0974883411109,971.2204669411004,False,-140.87702140001045,55124.1095330589,-971.2204669411004,baseline,971.2204669411004,1.7313749057918018
인천,보건 및 사회복지업,regional_service_production_index_Q,2021,4,55448.5008,55448.5008,56095.33,-646.8292000000001,1.153089214378452,prior_year_province_anchor,55509.58325163292,-585.7467483670844,1.0441987744204095,646.8292000000001,585.7467483670844,False,-61.08245163291576,55509.58325163292,-585.7467483670844,baseline,585.7467483670844,1.0441987744204095
인천,보건 및 사회복지업,regional_service_production_index_Q,2022,1,14787.079417889256,62055.806971201586,59899.8,2156.006971201583,3.5993558763160856,prior_year_province_anchor,60965.88403531789,1066.0840353178864,1.7797789563869768,2156.006971201583,1066.0840353178864,False,-1089.9229358836965,60965.88403531789,1066.0840353178864,baseline,1066.0840353178864,1.7797789563869768
인천,보건 및 사회복지업,regional_service_production_index_Q,2022,2,30171.48251064837,62015.89741731517,59899.8,2116.09741731517,3.532728685763842,prior_year_province_anchor,60493.9277277212,594.1277277211993,0.9918693012684504,2116.09741731517,594.1277277211993,False,-1521.9696895939705,60493.9277277212,594.1277277211993,baseline,594.1277277211993,0.9918693012684505
인천,보건 및 사회복지업,regional_service_production_index_Q,2022,3,45476.242446758166,61107.3451764706,59899.8,1207.545176470594,2.0159419171192456,prior_year_province_anchor,59717.11902297751,-182.6809770224936,0.3049776076422519,1207.545176470594,182.6809770224936,False,-1024.8641994481004,59717.11902297751,-182.6809770224936,baseline,182.6809770224936,0.3049776076422519
인천,보건 및 사회복지업,regional_service_production_index_Q,2022,4,60940.28869616659,60940.28869616659,59899.8,1040.4886961665907,1.7370486982704294,prior_year_province_anchor,59327.480617648645,-572.3193823513575,0.9554612575523748,1040.4886961665907,572.3193823513575,False,-468.1693138152332,59327.480617648645,-572.3193823513575,baseline,572.3193823513575,0.9554612575523749
인천,보건 및 사회복지업,regional_service_production_index_Q,2023,1,15526.195164452189,63986.32136445242,62642.240000000005,1344.081364452417,2.1456470337785123,prior_year_province_anchor,62280.658214478346,-361.5817855216592,0.5772172028357528,1344.081364452417,361.5817855216592,False,-982.4995789307577,62280.658214478346,-361.5817855216592,baseline,361.5817855216592,0.5772172028357528
인천,보건 및 사회복지업,regional_service_production_index_Q,2023,2,31482.948682204315,63589.18495380555,62642.240000000005,946.9449538055414,1.511671603387014,prior_year_province_anchor,61745.944312801155,-896.2956871988499,1.4308167894360897,946.9449538055414,896.2956871988499,False,-50.649266606691526,61745.944312801155,-896.2956871988499,baseline,896.2956871988499,1.4308167894360895
인천,보건 및 사회복지업,regional_service_production_index_Q,2023,3,47857.2133304291,64130.90087565674,62642.240000000005,1488.6608756567366,2.3764489833964055,prior_year_province_anchor,61797.60115825098,-844.6388417490234,1.348353509946361,1488.6608756567366,844.6388417490234,False,-644.0220339077132,61797.60115825098,-844.6388417490234,baseline,844.6388417490234,1.348353509946361
인천,보건 및 사회복지업,regional_service_production_index_Q,2023,4,64114.05297320845,64114.05297320845,62642.240000000005,1471.8129732084417,2.3495535491841313,prior_year_province_anchor,61903.3392572988,-738.9007427012039,1.17955670598817,1471.8129732084417,738.9007427012039,False,-732.9122305072378,61903.3392572988,-738.9007427012039,baseline,738.9007427012039,1.17955670598817
인천,보건 및 사회복지업,regional_service_production_index_Q,2024,1,16380.805535205538,67643.09109243698,66958.0,685.0910924369819,1.023165405831987,prior_year_province_anchor,65093.969812192045,-1864.0301878079551,2.783879727303616,685.0910924369819,1864.0301878079551,True,1178.9390953709733,67643.09109243698,685.0910924369819,regional_service_production_index_Q,685.0910924369819,1.023165405831987
인천,보건 및 사회복지업,regional_service_production_index_Q,2024,2,33003.81753357754,67211.25543307087,66958.0,253.25543307086627,0.3782302832684164,prior_year_province_anchor,64670.29771625448,-2287.7022837455224,3.4166227840519765,253.25543307086627,2287.7022837455224,True,2034.4468506746562,67211.25543307087,253.25543307086627,regional_service_production_index_Q,253.25543307086627,0.3782302832684164
인천,보건 및 사회복지업,regional_service_production_index_Q,2024,3,50123.99016687018,67150.84178844058,66958.0,192.84178844057897,0.28800410472322796,prior_year_province_anchor,64680.475535206606,-2277.524464793394,3.401422480948347,192.84178844057897,2277.524464793394,True,2084.682676352815,67150.84178844058,192.84178844057897,regional_service_production_index_Q,192.84178844057897,0.28800410472322796
인천,보건 및 사회복지업,regional_service_production_index_Q,2024,4,67244.16280016281,67244.16280016281,66958.0,286.16280016281235,0.4273765646566689,prior_year_province_anchor,64940.91229684233,-2017.0877031576672,3.012467073624761,286.16280016281235,2017.0877031576672,True,1730.9249029948548,67244.16280016281,286.16280016281235,regional_service_production_index_Q,286.16280016281235,0.4273765646566689
인천,보건 및 사회복지업,regional_service_production_index_Q,2025,1,17415.42672985782,71491.34319066147,71989.33,-497.9868093385303,0.6917508599378968,prior_year_province_anchor,70068.87670678957,-1920.453293210434,2.667691577641345,497.9868093385303,1920.453293210434,True,1422.4664838719036,71491.34319066147,-497.9868093385303,regional_service_production_index_Q,497.9868093385303,0.6917508599378968
인천,보건 및 사회복지업,regional_service_production_index_Q,2025,2,35173.57687203791,71664.97412128236,71989.33,-324.3558787176444,0.4505610466407235,prior_year_province_anchor,70603.03724424493,-1386.292755755072,1.9256919820688316,324.3558787176444,1386.292755755072,True,1061.9368770374276,71664.97412128236,-324.3558787176444,regional_service_production_index_Q,324.3558787176444,0.4505610466407235
인천,보건 및 사회복지업,regional_service_production_index_Q,2025,3,53439.465402843605,71692.06002034589,71989.33,-297.26997965411283,0.41293616658762183,prior_year_province_anchor,70492.50329325904,-1496.8267067409615,2.079234112528845,297.26997965411283,1496.8267067409615,True,1199.5567270868487,71692.06002034589,-297.26997965411283,regional_service_production_index_Q,297.26997965411283,0.41293616658762183
인천,보건 및 사회복지업,regional_service_production_index_Q,2025,4,71933.8362085308,71933.8362085308,71989.33,-55.493791469198186,0.07708613411070528,prior_year_province_anchor,70814.47935222792,-1174.8506477720805,1.6319788609952064,55.493791469198186,1174.8506477720805,True,1119.3568563028823,71933.8362085308,-55.493791469198186,regional_service_production_index_Q,55.493791469198186,0.07708613411070528
인천,부동산업,regional_service_production_index_L,2021,1,21777.573825,87990.19727272727,88211.55,-221.35272727273696,0.2509339505685332,prior_year_province_anchor,86000.63429481065,-2210.915705189356,2.506378932451993,221.35272727273696,2210.915705189356,True,1989.5629779166188,87990.19727272727,-221.35272727273696,regional_service_production_index_L,221.35272727273696,0.2509339505685332
인천,부동산업,regional_service_production_index_L,2021,2,45156.745725,93443.86078634247,88211.55,5232.310786342467,5.931548404197031,prior_year_province_anchor,85834.78793507947,-2376.7620649205346,2.6943887335848133,5232.310786342467,2376.7620649205346,False,-2855.548721421932,85834.78793507947,-2376.7620649205346,baseline,2376.7620649205346,2.6943887335848133
인천,부동산업,regional_service_production_index_L,2021,3,68286.317925,93191.83613101329,88211.55,4980.286131013287,5.645843578321984,prior_year_province_anchor,85083.19516024385,-3128.3548397561535,3.5464231608628953,4980.286131013287,3128.3548397561535,False,-1851.9312912571331,85083.19516024385,-3128.3548397561535,baseline,3128.3548397561535,3.5464231608628953
인천,부동산업,regional_service_production_index_L,2021,4,93183.88799999999,93183.88799999999,88211.55,4972.337999999989,5.636833271833438,prior_year_province_anchor,84596.46922689112,-3615.080773108886,4.098194366960887,4972.337999999989,3615.080773108886,False,-1357.2572268911026,84596.46922689112,-3615.080773108886,baseline,3615.080773108886,4.098194366960887
인천,부동산업,regional_service_production_index_L,2022,1,25813.692421875,110454.00386819484,87242.78,23211.223868194837,26.605323521550822,prior_year_province_anchor,86634.50360088826,-608.276399111739,0.6972226230201961,23211.223868194837,608.276399111739,False,-22602.947469083098,86634.50360088826,-608.276399111739,baseline,608.276399111739,0.6972226230201961
인천,부동산업,regional_service_production_index_L,2022,2,54068.954531250005,111574.8117457393,87242.78,24332.031745739296,27.89002338730987,prior_year_province_anchor,85990.39234578733,-1252.3876542126673,1.4355201131975244,24332.031745739296,1252.3876542126673,False,-23079.64409152663,85990.39234578733,-1252.3876542126673,baseline,1252.3876542126673,1.4355201131975244
인천,부동산업,regional_service_production_index_L,2022,3,80630.869921875,110029.33208955223,87242.78,22786.552089552235,26.118553408720167,prior_year_province_anchor,86173.5793168891,-1069.200683110903,1.2255463238458275,22786.552089552235,1069.200683110903,False,-21717.351406441332,86173.5793168891,-1069.200683110903,baseline,1069.200683110903,1.2255463238458277
인천,부동산업,regional_service_production_index_L,2022,4,108000.078515625,108000.078515625,87242.78,20757.298515625007,23.792568870025697,prior_year_province_anchor,86470.78190021774,-771.9980997822568,0.8848848005327854,20757.298515625007,771.9980997822568,False,-19985.30041584275,86470.78190021774,-771.9980997822568,baseline,771.9980997822568,0.8848848005327854
인천,부동산업,regional_service_production_index_L,2023,1,21520.415923427532,90037.74320366135,86922.45,3115.2932036613493,3.583991481672858,prior_year_province_anchor,87318.04351509303,395.5935150930309,0.4551108661721234,3115.2932036613493,395.5935150930309,False,-2719.6996885683184,87318.04351509303,395.5935150930309,baseline,395.5935150930309,0.45511086617212343
인천,부동산업,regional_service_production_index_L,2023,2,42818.15200729262,85527.15359067735,86922.45,-1395.2964093226474,1.6052198359832786,prior_year_province_anchor,87574.41224347368,651.9622434736812,0.750050468519561,1395.2964093226474,651.9622434736812,False,-743.3341658489662,87574.41224347368,651.9622434736812,baseline,651.9622434736812,0.750050468519561
인천,부동산업,regional_service_production_index_L,2023,3,63209.26303008204,84664.9103101343,86922.45,-2257.539689865691,2.5971882866459595,prior_year_province_anchor,87867.15258816845,944.7025881684532,1.0868338250572245,2257.539689865691,944.7025881684532,False,-1312.8371016972378,87867.15258816845,944.7025881684532,baseline,944.7025881684532,1.0868338250572243
인천,부동산업,regional_service_production_index_L,2023,4,83552.6569443938,83552.6569443938,86922.45,-3369.793055606191,3.87678103367564,prior_year_province_anchor,88009.57730948259,1087.1273094825883,1.250686456125648,3369.793055606191,1087.1273094825883,False,-2282.6657461236027,88009.57730948259,1087.1273094825883,baseline,1087.1273094825883,1.250686456125648
인천,부동산업,regional_service_production_index_L,2024,1,22057.41973158195,85637.5652993348,85658.06999999999,-20.504700665187556,0.02393785041524699,prior_year_province_anchor,88051.0169038246,2392.9469038246025,2.793603572698524,20.504700665187556,2392.9469038246025,True,2372.442203159415,85637.5652993348,-20.504700665187556,regional_service_production_index_L,20.504700665187556,0.02393785041524699
인천,부동산업,regional_service_production_index_L,2024,2,44181.028269560244,86212.08822436848,85658.06999999999,554.0182243684831,0.6467787849626814,prior_year_province_anchor,88709.88768403808,3051.817684038091,3.56279062093985,554.0182243684831,3051.817684038091,True,2497.799459669608,86212.08822436848,554.0182243684831,regional_service_production_index_L,554.0182243684831,0.6467787849626814
인천,부동산업,regional_service_production_index_L,2024,3,65278.71030839519,86288.13921741318,85658.06999999999,630.0692174131837,0.735563172755566,prior_year_province_anchor,88669.19581479707,3011.12581479708,3.5152856173353895,630.0692174131837,3011.12581479708,True,2381.056597383896,86288.13921741318,630.0692174131837,regional_service_production_index_L,630.0692174131837,0.735563172755566
인천,부동산업,regional_service_production_index_L,2024,4,86475.67555682466,86475.67555682466,85658.06999999999,817.6055568246666,0.9544991579014875,prior_year_province_anchor,88612.13044361785,2954.0604436178546,3.448665658259467,817.6055568246666,2954.0604436178546,True,2136.454886793188,86475.67555682466,817.6055568246666,regional_service_production_index_L,817.6055568246666,0.9544991579014875
인천,부동산업,regional_service_production_index_L,2025,1,20308.141739380022,79617.66596399099,83887.46,-4269.794036009014,5.089907402142125,prior_year_province_anchor,85306.10181282772,1418.6418128277146,1.691125005844395,4269.794036009014,1418.6418128277146,False,-2851.1522231812996,85306.10181282772,1418.6418128277146,baseline,1418.6418128277146,1.691125005844395
인천,부동산업,regional_service_production_index_L,2025,2,40173.733174512054,78632.18335955056,83887.46,-5255.276640449447,6.2646748875808695,prior_year_province_anchor,85259.90251424452,1372.442514244511,1.636052056224507,5255.276640449447,1372.442514244511,False,-3882.834126204936,85259.90251424452,1372.442514244511,baseline,1372.442514244511,1.636052056224507
인천,부동산업,regional_service_production_index_L,2025,3,58990.31648105625,78145.34700380228,83887.46,-5742.112996197728,6.845019501362572,prior_year_province_anchor,85587.54587082128,1700.0858708212763,2.0266269485585524,5742.112996197728,1700.0858708212763,False,-4042.0271253764513,85587.54587082128,1700.0858708212763,baseline,1700.0858708212763,2.0266269485585524
인천,부동산업,regional_service_production_index_L,2025,4,76905.40842709529,76905.40842709529,83887.46,-6982.051572904718,8.323117153511046,prior_year_province_anchor,85977.1461895198,2089.6861895197944,2.4910590802484593,6982.051572904718,2089.6861895197944,False,-4892.365383384924,85977.1461895198,2089.6861895197944,baseline,2089.6861895197944,2.4910590802484593
인천,사업서비스업,regional_service_production_index_M_N,2021,1,12148.793360000001,49943.652045220966,52310.71,-2367.057954779033,4.524996802335569,prior_year_province_anchor,48182.94248340852,-4127.767516591477,7.890865019020918,2367.057954779033,4127.767516591477,True,1760.709561812444,49943.652045220966,-2367.057954779033,regional_service_production_index_M_N,2367.057954779033,4.524996802335569
인천,사업서비스업,regional_service_production_index_M_N,2021,2,25442.65948125,50809.10530454318,52310.71,-1501.6046954568155,2.870549253598002,prior_year_province_anchor,49746.086652314094,-2564.623347685905,4.902673558982291,1501.6046954568155,2564.623347685905,True,1063.0186522290896,50809.10530454318,-1501.6046954568155,regional_service_production_index_M_N,1501.6046954568155,2.870549253598002
인천,사업서비스업,regional_service_production_index_M_N,2021,3,37181.18613,50517.91593750001,52310.71,-1792.79406249999,3.427202694247488,prior_year_province_anchor,49649.452894889226,-2661.2571051107734,5.087403908512757,1792.79406249999,2661.2571051107734,True,868.4630426107833,50517.91593750001,-1792.79406249999,regional_service_production_index_M_N,1792.79406249999,3.427202694247488
인천,사업서비스업,regional_service_production_index_M_N,2021,4,50095.40245875,50095.40245875,52310.71,-2215.3075412499966,4.234902453531976,prior_year_province_anchor,49662.42353108639,-2648.2864689136113,5.0626085344924805,2215.3075412499966,2648.2864689136113,True,432.97892766361474,50095.40245875,-2215.3075412499966,regional_service_production_index_M_N,2215.3075412499966,4.234902453531976
인천,사업서비스업,regional_service_production_index_M_N,2022,1,12686.034548343723,52310.71,52130.880000000005,179.82999999999447,0.34495868859300755,prior_year_province_anchor,54001.60470901943,1870.7247090194287,3.5885154998715323,179.82999999999447,1870.7247090194287,True,1690.8947090194342,52310.71,179.82999999999447,regional_service_production_index_M_N,179.82999999999447,0.34495868859300755
인천,사업서비스업,regional_service_production_index_M_N,2022,2,26452.683934726807,52084.093205776175,52130.880000000005,-46.78679422382993,0.08974871366804076,prior_year_province_anchor,54076.783330294595,1945.90333029459,3.732726802798245,46.78679422382993,1945.90333029459,True,1899.11653607076,52084.093205776175,-46.78679422382993,regional_service_production_index_M_N,46.78679422382993,0.08974871366804076
인천,사업서비스업,regional_service_production_index_M_N,2022,3,39209.05436010268,52827.61424901186,52130.880000000005,696.7342490118535,1.3365096637767355,prior_year_province_anchor,53634.33798640231,1503.4579864023035,2.88400653586186,696.7342490118535,1503.4579864023035,True,806.72373739045,52827.61424901186,696.7342490118535,regional_service_production_index_M_N,696.7342490118535,1.3365096637767355
인천,사업서비스업,regional_service_production_index_M_N,2022,4,53026.85711160005,53026.85711160005,52130.880000000005,895.9771116000484,1.7187070534778013,prior_year_province_anchor,53672.264876088666,1541.3848760886613,2.9567597479433707,895.9771116000484,1541.3848760886613,True,645.4077644886129,53026.85711160005,895.9771116000484,regional_service_production_index_M_N,895.9771116000484,1.7187070534778013
인천,사업서비스업,regional_service_production_index_M_N,2023,1,12396.249289762449,51815.572258064516,55648.119999999995,-3832.5477419354793,6.887110906775431,prior_year_province_anchor,54396.0607704424,-1252.0592295575916,2.2499578234765014,3832.5477419354793,1252.0592295575916,False,-2580.4885123778877,54396.0607704424,-1252.0592295575916,baseline,1252.0592295575916,2.2499578234765014
인천,사업서비스업,regional_service_production_index_M_N,2023,2,26313.74215362354,52748.335431472085,55648.119999999995,-2899.78456852791,5.210929980254337,prior_year_province_anchor,54484.54168107946,-1163.5783189205322,2.090957104966946,2899.78456852791,1163.5783189205322,False,-1736.2062496073777,54484.54168107946,-1163.5783189205322,baseline,1163.5783189205322,2.0909571049669466
인천,사업서비스업,regional_service_production_index_M_N,2023,3,38207.10100566743,51671.80180039138,55648.119999999995,-3976.318199608613,7.1454672675529975,prior_year_province_anchor,54663.97187545665,-984.148124543346,1.768519986916622,3976.318199608613,984.148124543346,False,-2992.170075065267,54663.97187545665,-984.148124543346,baseline,984.148124543346,1.7685199869166217
인천,사업서비스업,regional_service_production_index_M_N,2023,4,51577.70051850959,51577.70051850959,55648.119999999995,-4070.419481490404,7.314567826353172,prior_year_province_anchor,54725.19951706701,-922.9204829329828,1.658493553660003,4070.419481490404,922.9204829329828,False,-3147.498998557421,54725.19951706701,-922.9204829329828,baseline,922.9204829329828,1.658493553660003
인천,사업서비스업,regional_service_production_index_M_N,2024,1,13313.49903229738,55394.14784989858,57039.5,-1645.3521501014184,2.8845837535417007,prior_year_province_anchor,56761.42683779026,-278.07316220973735,0.4875098172489894,1645.3521501014184,278.07316220973735,False,-1367.278987891681,56761.42683779026,-278.07316220973735,baseline,278.07316220973735,0.48750981724898945
인천,사업서비스업,regional_service_production_index_M_N,2024,2,27888.491095673373,54664.37397037745,57039.5,-2375.126029622552,4.164002190802079,prior_year_province_anchor,56314.41727791002,-725.082722089981,1.2711940358698464,2375.126029622552,725.082722089981,False,-1650.043307532571,56314.41727791002,-725.082722089981,baseline,725.082722089981,1.2711940358698464
인천,사업서비스업,regional_service_production_index_M_N,2024,3,41310.50565752589,55767.143619611714,57039.5,-1272.3563803882862,2.2306583690044377,prior_year_province_anchor,56080.4220634623,-959.077936537702,1.6814276712413363,1272.3563803882862,959.077936537702,False,-313.27844385058415,56080.4220634623,-959.077936537702,baseline,959.077936537702,1.6814276712413363
인천,사업서비스업,regional_service_production_index_M_N,2024,4,56122.87544180377,56122.87544180377,57039.5,-916.6245581962285,1.6069996374376152,prior_year_province_anchor,55428.25940925114,-1611.2405907488574,2.8247803552781097,916.6245581962285,1611.2405907488574,True,694.6160325526289,56122.87544180377,-916.6245581962285,regional_service_production_index_M_N,916.6245581962285,1.6069996374376152
인천,사업서비스업,regional_service_production_index_M_N,2025,1,13289.686525679761,56022.49414161997,58328.31,-2305.815858380025,3.953167609999373,prior_year_province_anchor,56010.38073736163,-2317.9292626383685,3.973935234259948,2305.815858380025,2317.9292626383685,True,12.113404258343508,56022.49414161997,-2305.815858380025,regional_service_production_index_M_N,2305.815858380025,3.953167609999373
인천,사업서비스업,regional_service_production_index_M_N,2025,2,29302.1044712991,58967.63484922179,58328.31,639.3248492217899,1.0960798439416295,prior_year_province_anchor,56155.01027531784,-2173.299724682154,3.7259775307773433,639.3248492217899,2173.299724682154,True,1533.9748754603643,58967.63484922179,639.3248492217899,regional_service_production_index_M_N,639.3248492217899,1.0960798439416295
인천,사업서비스업,regional_service_production_index_M_N,2025,3,43949.710211480364,59708.39796420949,58328.31,1380.087964209495,2.366068833829568,prior_year_province_anchor,56781.08545191963,-1547.2245480803683,2.652613367471762,1380.087964209495,1547.2245480803683,True,167.1365838708732,59708.39796420949,1380.087964209495,regional_service_production_index_M_N,1380.087964209495,2.366068833829568
인천,사업서비스업,regional_service_production_index_M_N,2025,4,60017.27208459215,60017.27208459215,58328.31,1688.9620845921527,2.8956129272254807,prior_year_province_anchor,57008.21390779181,-1320.096092208194,2.263216767652267,1688.9620845921527,1320.096092208194,False,-368.86599238395866,57008.21390779181,-1320.096092208194,baseline,1320.096092208194,2.263216767652267
인천,서비스업,regional_service_production_index_T,2021,1,131450.60543999998,501719.868091603,560661.29,-58941.42190839705,10.512839562795042,prior_year_province_anchor,553652.209611491,-7009.080388509086,1.2501452326963909,58941.42190839705,7009.080388509086,False,-51932.34151988797,553652.209611491,-7009.080388509086,baseline,7009.080388509086,1.2501452326963907
인천,서비스업,regional_service_production_index_T,2021,2,270777.3835199999,537523.341975186,560661.29,-23137.948024814017,4.126903076332239,prior_year_province_anchor,564882.179494369,4220.889494368923,0.7528412554340825,23137.948024814017,4220.889494368923,False,-18917.058530445094,564882.179494369,4220.889494368923,baseline,4220.889494368923,0.7528412554340825
인천,서비스업,regional_service_production_index_T,2021,3,408881.99687999993,546999.3269297658,560661.29,-13661.963070234284,2.43675875504697,prior_year_province_anchor,567363.2851240771,6701.995124077075,1.1953732571901077,13661.963070234284,6701.995124077075,False,-6959.967946157209,567363.2851240771,6701.995124077075,baseline,6701.995124077075,1.1953732571901075
인천,서비스업,regional_service_production_index_T,2021,4,555134.3750399998,555134.3750399998,560661.29,-5526.914960000198,0.985785011125023,prior_year_province_anchor,568465.9166497674,7804.626649767393,1.3920395056643544,5526.914960000198,7804.626649767393,True,2277.711689767195,555134.3750399998,-5526.914960000198,regional_service_production_index_T,5526.914960000198,0.985785011125023
인천,서비스업,regional_service_production_index_T,2022,1,142908.2838013699,603521.760516529,614421.52,-10899.759483471047,1.773987259344537,prior_year_province_anchor,582524.0363779805,-31897.48362201953,5.191465888437555,10899.759483471047,31897.48362201953,True,20997.72413854848,603521.760516529,-10899.759483471047,regional_service_production_index_T,10899.759483471047,1.773987259344537
인천,서비스업,regional_service_production_index_T,2022,2,298022.7453938357,610991.465982949,614421.52,-3430.0540170510067,0.5582574674550798,prior_year_province_anchor,584401.0322681825,-30020.487731817528,4.885975955369781,3430.0540170510067,30020.487731817528,True,26590.43371476652,610991.465982949,-3430.0540170510067,regional_service_production_index_T,3430.0540170510067,0.5582574674550798
인천,서비스업,regional_service_production_index_T,2022,3,456017.3163527398,619129.4550813684,614421.52,4707.935081368429,0.7662386371767104,prior_year_province_anchor,586216.5072999886,-28205.01270001137,4.59049883213911,4707.935081368429,28205.01270001137,True,23497.077618642943,619129.4550813684,4707.935081368429,regional_service_production_index_T,4707.935081368429,0.7662386371767104
인천,서비스업,regional_service_production_index_T,2022,4,618263.4773287673,618263.4773287673,614421.52,3841.957328767283,0.6252966739783598,prior_year_province_anchor,585460.8893810512,-28960.63061894884,4.713479211950265,3841.957328767283,28960.63061894884,True,25118.673290181556,618263.4773287673,3841.957328767283,regional_service_production_index_T,3841.957328767283,0.6252966739783598
인천,서비스업,regional_service_production_index_T,2023,1,157421.66273291924,681052.6445297505,680302.39,750.2545297504403,0.11028250683500322,prior_year_province_anchor,631339.9282386574,-48962.461761342594,7.19716150950794,750.2545297504403,48962.461761342594,True,48212.207231592154,681052.6445297505,750.2545297504403,regional_service_production_index_T,750.2545297504403,0.11028250683500322
인천,서비스업,regional_service_production_index_T,2023,2,323021.07417923695,670123.7930971008,680302.39,-10178.596902899211,1.4961871444989647,prior_year_province_anchor,632986.6090920657,-47315.7809079343,6.95511019855954,10178.596902899211,47315.7809079343,True,37137.18400503509,670123.7930971008,-10178.596902899211,regional_service_production_index_T,10178.596902899211,1.4961871444989647
인천,서비스업,regional_service_production_index_T,2023,3,490801.2186157942,665423.1258706768,680302.39,-14879.264129323186,2.187154469547459,prior_year_province_anchor,634852.2883503847,-45450.10164961533,6.680867555031717,14879.264129323186,45450.10164961533,True,30570.837520292145,665423.1258706768,-14879.264129323186,regional_service_production_index_T,14879.264129323186,2.187154469547459
인천,서비스업,regional_service_production_index_T,2023,4,660216.9127950311,660216.9127950311,680302.39,-20085.47720496892,2.9524337265622305,prior_year_province_anchor,632361.258368386,-47941.13163161406,7.0470326631682205,20085.47720496892,47941.13163161406,True,27855.65442664514,660216.9127950311,-20085.47720496892,regional_service_production_index_T,20085.47720496892,2.9524337265622305
인천,서비스업,regional_service_production_index_T,2024,1,172463.116209744,723299.8570735931,696983.11,26316.747073593084,3.7758084372508085,prior_year_province_anchor,680902.0495576495,-16081.060442350456,2.307238182909548,26316.747073593084,16081.060442350456,False,-10235.686631242628,680902.0495576495,-16081.060442350456,baseline,16081.060442350456,2.307238182909548
인천,서비스업,regional_service_production_index_T,2024,2,350263.03894715104,715896.270320675,696983.11,18913.160320675,2.713575128194283,prior_year_province_anchor,686201.7373242218,-10781.372675778228,1.5468628322683786,18913.160320675,10781.372675778228,False,-8131.787644896773,686201.7373242218,-10781.372675778228,baseline,10781.372675778228,1.5468628322683786
인천,서비스업,regional_service_production_index_T,2024,3,528624.7307927333,711096.41653985,696983.11,14113.30653984996,2.024913708432613,prior_year_province_anchor,689386.1588321665,-7596.951167833526,1.0899763651135714,14113.30653984996,7596.951167833526,False,-6516.355372016435,689386.1588321665,-7596.951167833526,baseline,7596.951167833526,1.0899763651135714
인천,서비스업,regional_service_production_index_T,2024,4,708250.4031317092,708250.4031317092,696983.11,11267.293131709215,1.6165805125047026,prior_year_province_anchor,688409.0329030289,-8574.077096971101,1.230169996080838,11267.293131709215,8574.077096971101,False,-2693.216034738114,688409.0329030289,-8574.077096971101,baseline,8574.077096971101,1.2301699960808379
인천,서비스업,regional_service_production_index_T,2025,1,170963.3367182233,702091.2924022801,704146.01,-2054.717597719864,0.2918027750693161,prior_year_province_anchor,682902.3791390284,-21243.630860971636,3.0169354877082433,2054.717597719864,21243.630860971636,True,19188.913263251772,702091.2924022801,-2054.717597719864,regional_service_production_index_T,2054.717597719864,0.2918027750693161
인천,서비스업,regional_service_production_index_T,2025,2,352845.1080368829,713471.4834923819,704146.01,9325.473492381861,1.3243664467234375,prior_year_province_anchor,691156.1443868313,-12989.865613168688,1.8447687594180484,9325.473492381861,12989.865613168688,True,3664.392120786826,713471.4834923819,9325.473492381861,regional_service_production_index_T,9325.473492381861,1.3243664467234375
인천,서비스업,regional_service_production_index_T,2025,3,532930.1749276225,714018.8289479278,704146.01,9872.818947927793,1.40209825912779,prior_year_province_anchor,697298.4786843382,-6847.53131566185,0.9724590096962774,9872.818947927793,6847.53131566185,False,-3025.287632265943,697298.4786843382,-6847.53131566185,baseline,6847.53131566185,0.9724590096962774
인천,서비스업,regional_service_production_index_T,2025,4,720893.0996946263,720893.0996946263,704146.01,16747.08969462628,2.378354695871426,prior_year_province_anchor,698468.4469506685,-5677.56304933154,0.8063047959799616,16747.08969462628,5677.56304933154,False,-11069.52664529474,698468.4469506685,-5677.56304933154,baseline,5677.56304933154,0.8063047959799616
인천,숙박 및 음식점업,regional_service_production_index_I,2021,1,4478.420180045012,18293.362921348315,21013.85,-2720.487078651684,12.946162072403125,prior_year_province_anchor,17741.49641342027,-3272.3535865797276,15.572365780567235,2720.487078651684,3272.3535865797276,True,551.8665079280436,18293.362921348315,-2720.487078651684,regional_service_production_index_I,2720.487078651684,12.946162072403125
인천,숙박 및 음식점업,regional_service_production_index_I,2021,2,9687.800895223805,19645.799077079108,21013.85,-1368.050922920891,6.510234549694088,prior_year_province_anchor,19321.817305095305,-1692.032694904694,8.051988069319492,1368.050922920891,1692.032694904694,True,323.9817719838029,19645.799077079108,-1368.050922920891,regional_service_production_index_I,1368.050922920891,6.510234549694088
인천,숙박 및 음식점업,regional_service_production_index_I,2021,3,14737.605718929733,19664.893316649985,21013.85,-1348.956683350014,6.4193695270024955,prior_year_province_anchor,20242.704174960218,-771.1458250397845,3.6697027200621712,1348.956683350014,771.1458250397845,False,-577.8108583102294,20242.704174960218,-771.1458250397845,baseline,771.1458250397845,3.6697027200621712
인천,숙박 및 음식점업,regional_service_production_index_I,2021,4,20667.65175043761,20667.65175043761,21013.85,-346.1982495623888,1.6474765431483942,prior_year_province_anchor,21708.413756120968,694.5637561209696,3.3052665557285774,346.1982495623888,694.5637561209696,True,348.3655065585808,20667.65175043761,-346.1982495623888,regional_service_production_index_I,346.1982495623888,1.6474765431483942
인천,숙박 및 음식점업,regional_service_production_index_I,2022,1,5280.940136986302,24371.235229885056,24037.74,333.49522988505487,1.3873817999739362,prior_year_province_anchor,22991.49733935304,-1046.2426606469598,4.3525001129347425,333.49522988505487,1046.2426606469598,True,712.747430761905,24371.235229885056,333.49522988505487,regional_service_production_index_I,333.49522988505487,1.3873817999739362
인천,숙박 및 음식점업,regional_service_production_index_I,2022,2,11472.567671232875,24475.217428267795,24037.74,437.4774282677936,1.819960729535279,prior_year_province_anchor,23832.315413263197,-205.42458673680449,0.8545919322565453,437.4774282677936,205.42458673680449,False,-232.0528415309891,23832.315413263197,-205.42458673680449,baseline,205.42458673680449,0.8545919322565453
인천,숙박 및 음식점업,regional_service_production_index_I,2022,3,17653.727534246573,24757.14846315054,24037.74,719.4084631505393,2.9928290394626917,prior_year_province_anchor,24374.912922077823,337.17292207782157,1.4026814587304028,719.4084631505393,337.17292207782157,False,-382.23554107271775,24374.912922077823,337.17292207782157,baseline,337.17292207782157,1.4026814587304028
인천,숙박 및 음식점업,regional_service_production_index_I,2022,4,23918.628767123286,23918.628767123286,24037.74,-119.1112328767158,0.495517602223486,prior_year_province_anchor,23915.81383577635,-121.92616422365244,0.5072280681280872,119.1112328767158,121.92616422365244,True,2.814931346936632,23918.628767123286,-119.1112328767158,regional_service_production_index_I,119.1112328767158,0.495517602223486
인천,숙박 및 음식점업,regional_service_production_index_I,2023,1,5517.634411378557,24990.6732011893,22967.16,2023.5132011893002,8.810463292759314,prior_year_province_anchor,27509.64444609886,4542.484446098861,19.77817216451168,2023.5132011893002,4542.484446098861,True,2518.9712449095605,24990.6732011893,2023.5132011893002,regional_service_production_index_I,2023.5132011893002,8.810463292759314
인천,숙박 및 음식점업,regional_service_production_index_I,2023,2,11235.144997811818,23423.637153284675,22967.16,456.4771532846753,1.9875211096394823,prior_year_province_anchor,24963.947156892325,1996.7871568923256,8.694096949262885,456.4771532846753,1996.7871568923256,True,1540.3100036076503,23423.637153284675,456.4771532846753,regional_service_production_index_I,456.4771532846753,1.9875211096394823
인천,숙박 및 음식점업,regional_service_production_index_I,2023,3,16942.13578555799,22954.509498962354,22967.16,-12.650501037645881,0.055080824262320124,prior_year_province_anchor,24060.82480450486,1093.6648045048605,4.761863480312152,12.650501037645881,1093.6648045048605,True,1081.0143034672146,22954.509498962354,-12.650501037645881,regional_service_production_index_I,12.650501037645881,0.055080824262320124
인천,숙박 및 음식점업,regional_service_production_index_I,2023,4,22586.007781181626,22586.007781181626,22967.16,-381.1522188183735,1.6595531133077557,prior_year_province_anchor,23693.680272282083,726.5202722820832,3.1633004354133605,381.1522188183735,726.5202722820832,True,345.36805346370966,22586.007781181626,-381.1522188183735,regional_service_production_index_I,381.1522188183735,1.6595531133077557
인천,숙박 및 음식점업,regional_service_production_index_I,2024,1,5359.360577550069,21938.12613918017,22964.49,-1026.3638608198307,4.469351859413514,prior_year_province_anchor,23160.25111155504,195.76111155503895,0.8524513784326974,1026.3638608198307,195.76111155503895,False,-830.6027492647918,23160.25111155504,195.76111155503895,baseline,195.76111155503895,0.8524513784326974
인천,숙박 및 음식점업,regional_service_production_index_I,2024,2,11061.035603167209,22235.995730337076,22964.49,-728.494269662926,3.172264089744322,prior_year_province_anchor,23038.72523180826,74.23523180825941,0.3232609642463621,728.494269662926,74.23523180825941,False,-654.2590378546665,23038.72523180826,74.23523180825941,baseline,74.23523180825941,0.32326096424636214
인천,숙박 및 음식점업,regional_service_production_index_I,2024,3,16677.13201676758,22232.724271965228,22964.49,-731.7657280347739,3.1865098159583507,prior_year_province_anchor,22814.333332034916,-150.15666796508594,0.6538645881754218,731.7657280347739,150.15666796508594,False,-581.609060069688,22814.333332034916,-150.15666796508594,baseline,150.15666796508594,0.6538645881754218
인천,숙박 및 음식점업,regional_service_production_index_I,2024,4,22453.688327899396,22453.688327899396,22964.49,-510.8016721006061,2.2243109779516375,prior_year_province_anchor,22621.923353341917,-342.5666466580842,1.491723293911967,510.8016721006061,342.5666466580842,False,-168.23502544252187,22621.923353341917,-342.5666466580842,baseline,342.5666466580842,1.4917232939119667
인천,숙박 및 음식점업,regional_service_production_index_I,2025,1,5371.874506908051,22506.116946107784,22645.5,-139.38305389221568,0.615500006147869,prior_year_province_anchor,22201.91962068827,-443.5803793117302,1.9588014365402848,139.38305389221568,443.5803793117302,True,304.1973254195145,22506.116946107784,-139.38305389221568,regional_service_production_index_I,139.38305389221568,0.615500006147869
인천,숙박 및 음식점업,regional_service_production_index_I,2025,2,11055.558430204861,22442.569772727275,22645.5,-202.93022727272546,0.8961172297927864,prior_year_province_anchor,22389.506605601066,-255.9933943989381,1.1304382521866954,202.93022727272546,255.9933943989381,True,53.06316712621265,22442.569772727275,-202.93022727272546,regional_service_production_index_I,202.93022727272546,0.8961172297927864
인천,숙박 및 음식점업,regional_service_production_index_I,2025,3,16755.653375416867,22559.407591404746,22645.5,-86.0924085952538,0.38017446554615175,prior_year_province_anchor,22730.69253204846,85.19253204845882,0.3762007111720157,86.0924085952538,85.19253204845882,False,-0.8998765467949852,22730.69253204846,85.19253204845882,baseline,85.19253204845882,0.3762007111720157
인천,숙박 및 음식점업,regional_service_production_index_I,2025,4,22504.981386374464,22504.981386374464,22645.5,-140.5186136255361,0.6205145111635252,prior_year_province_anchor,22826.74129427158,181.24129427157823,0.8003413228746472,140.5186136255361,181.24129427157823,True,40.722680646042136,22504.981386374464,-140.5186136255361,regional_service_production_index_I,140.5186136255361,0.6205145111635252
인천,운수 및 창고업,regional_service_production_index_H,2021,1,17590.76194048512,53131.009818731116,74372.88,-21241.87018126889,28.56131184010742,prior_year_province_anchor,76955.12747890454,2582.2474789045373,3.4720283507974106,21241.87018126889,2582.2474789045373,False,-18659.62270236435,76955.12747890454,2582.2474789045373,baseline,2582.2474789045373,3.4720283507974106
인천,운수 및 창고업,regional_service_production_index_H,2021,2,36534.65941485371,67080.85537190082,74372.88,-7292.024628099185,9.804682335952547,prior_year_province_anchor,84418.26424916215,10045.384249162147,13.506783990565038,7292.024628099185,10045.384249162147,True,2753.359621062962,67080.85537190082,-7292.024628099185,regional_service_production_index_H,7292.024628099185,9.804682335952547
인천,운수 및 창고업,regional_service_production_index_H,2021,3,55942.489072268065,72918.51818774446,74372.88,-1454.361812255549,1.9555001934247391,prior_year_province_anchor,85065.85853739185,10692.978537391842,14.377523819693202,1454.361812255549,10692.978537391842,True,9238.616725136293,72918.51818774446,-1454.361812255549,regional_service_production_index_H,1454.361812255549,1.9555001934247391
인천,운수 및 창고업,regional_service_production_index_H,2021,4,76297.51360340085,76297.51360340085,74372.88,1924.6336034008418,2.5878164236759984,prior_year_province_anchor,85702.90119871909,11330.021198719083,15.234076183037532,1924.6336034008418,11330.021198719083,True,9405.387595318241,76297.51360340085,1924.6336034008418,regional_service_production_index_H,1924.6336034008418,2.5878164236759984
인천,운수 및 창고업,regional_service_production_index_H,2022,1,19069.00292880669,82709.18083516484,105023.27,-22314.089164835168,21.246804793675885,prior_year_province_anchor,79878.50494297744,-25144.765057022567,23.942089269380553,22314.089164835168,25144.765057022567,True,2830.675892187399,82709.18083516484,-22314.089164835168,regional_service_production_index_H,22314.089164835168,21.246804793675885
인천,운수 및 창고업,regional_service_production_index_H,2022,2,41661.62596402332,87004.4643809524,105023.27,-18018.805619047605,17.156964946004447,prior_year_province_anchor,81259.77095351303,-23763.499046486977,22.626889304138956,18018.805619047605,23763.499046486977,True,5744.693427439372,87004.4643809524,-18018.805619047605,regional_service_production_index_H,18018.805619047605,17.156964946004447
인천,운수 및 창고업,regional_service_production_index_H,2022,3,66063.16627311884,90100.66250172773,105023.27,-14922.607498272278,14.208858187592405,prior_year_province_anchor,82905.98943476484,-22117.280565235167,21.059409562504737,14922.607498272278,22117.280565235167,True,7194.673066962889,90100.66250172773,-14922.607498272278,regional_service_production_index_H,14922.607498272278,14.208858187592405
인천,운수 및 창고업,regional_service_production_index_H,2022,4,92386.68118571068,92386.68118571068,105023.27,-12636.588814289324,12.032179929542588,prior_year_province_anchor,83888.09768648849,-21135.172313511517,20.124275613882062,12636.588814289324,21135.172313511517,True,8498.583499222193,92386.68118571068,-12636.588814289324,regional_service_production_index_H,12636.588814289324,12.032179929542588
인천,운수 및 창고업,regional_service_production_index_H,2023,1,32558.713114419745,157742.46086956523,155085.44,2657.0208695652254,1.7132626180544255,prior_year_province_anchor,114992.720272361,-40092.71972763901,25.85202049118151,2657.0208695652254,40092.71972763901,True,37435.69885807378,157742.46086956523,2657.0208695652254,regional_service_production_index_H,2657.0208695652254,1.7132626180544255
인천,운수 및 창고업,regional_service_production_index_H,2023,2,69637.08969406487,154423.63218905474,155085.44,-661.8078109452617,0.4267375525034856,prior_year_province_anchor,120870.05968795498,-34215.38031204502,22.062277614226726,661.8078109452617,34215.38031204502,True,33553.572501099756,154423.63218905474,-661.8078109452617,regional_service_production_index_H,661.8078109452617,0.4267375525034856
인천,운수 및 창고업,regional_service_production_index_H,2023,3,109585.77387721803,153251.29758128923,155085.44,-1834.1424187107768,1.1826657735960107,prior_year_province_anchor,121677.27887420006,-33408.16112579995,21.54177795529996,1834.1424187107768,33408.16112579995,True,31574.01870708917,153251.29758128923,-1834.1424187107768,regional_service_production_index_H,1834.1424187107768,1.1826657735960107
인천,운수 및 창고업,regional_service_production_index_H,2023,4,150348.42588823172,150348.42588823172,155085.44,-4737.01411176828,3.0544544425113536,prior_year_province_anchor,121438.37120905884,-33647.06879094115,21.69582701699215,4737.01411176828,33647.06879094115,True,28910.05467917287,150348.42588823172,-4737.01411176828,regional_service_production_index_H,4737.01411176828,3.0544544425113536
인천,운수 및 창고업,regional_service_production_index_H,2024,1,40500.30082917794,187020.7970526316,165626.9,21393.897052631597,12.916921739543275,prior_year_province_anchor,182688.1682434613,17061.268243461265,10.301024920143568,21393.897052631597,17061.268243461265,False,-4332.628809170332,182688.1682434613,17061.268243461265,baseline,17061.268243461265,10.301024920143567
인천,운수 및 창고업,regional_service_production_index_H,2024,2,81751.83473429263,176504.4995386035,165626.9,10877.599538603507,6.567531927847171,prior_year_province_anchor,173373.58196636327,7746.681966363278,4.677188286663143,10877.599538603507,7746.681966363278,False,-3130.9175722402288,173373.58196636327,7746.681966363278,baseline,7746.681966363278,4.677188286663143
인천,운수 및 창고업,regional_service_production_index_H,2024,3,122870.79809659494,168575.08440969506,165626.9,2948.1844096950663,1.7800154502046868,prior_year_province_anchor,171255.5988130602,5628.698813060211,3.398420675059554,2948.1844096950663,5628.698813060211,True,2680.514403365145,168575.08440969506,2948.1844096950663,regional_service_production_index_H,2948.1844096950663,1.7800154502046868
인천,운수 및 창고업,regional_service_production_index_H,2024,4,166685.36249608206,166685.36249608206,165626.9,1058.4624960820656,0.6390643645941967,prior_year_province_anchor,169214.2219763626,3587.321976362611,2.1659054032663843,1058.4624960820656,3587.321976362611,True,2528.8594802805455,166685.36249608206,1058.4624960820656,regional_service_production_index_H,1058.4624960820656,0.6390643645941967
인천,운수 및 창고업,regional_service_production_index_H,2025,1,40813.94579798515,167976.21773049646,162828.99,5147.227730496466,3.1611248896750306,prior_year_province_anchor,171386.95471936453,8557.964719364536,5.255799178859082,5147.227730496466,8557.964719364536,True,3410.7369888680696,167976.21773049646,5147.227730496466,regional_service_production_index_H,5147.227730496466,3.1611248896750306
인천,운수 및 창고업,regional_service_production_index_H,2025,2,82045.03251590669,167283.16900000002,162828.99,4454.179000000033,2.7354950736966637,prior_year_province_anchor,170937.78581553377,8108.795815533784,4.979946025295487,4454.179000000033,8108.795815533784,True,3654.616815533751,167283.16900000002,4454.179000000033,regional_service_production_index_H,4454.179000000033,2.7354950736966637
인천,운수 및 창고업,regional_service_production_index_H,2025,3,123671.30536850478,167771.32308937242,162828.99,4942.333089372434,3.035290637970815,prior_year_province_anchor,170188.7800665031,7359.790066503105,4.519950695820876,4942.333089372434,7359.790066503105,True,2417.4569771306706,167771.32308937242,4942.333089372434,regional_service_production_index_H,4942.333089372434,3.035290637970815
인천,운수 및 창고업,regional_service_production_index_H,2025,4,166263.58877253445,166263.58877253445,162828.99,3434.5987725344603,2.1093287949120487,prior_year_province_anchor,169337.92563789868,6508.935637898685,3.997405890621004,3434.5987725344603,6508.935637898685,True,3074.3368653642246,166263.58877253445,3434.5987725344603,regional_service_production_index_H,3434.5987725344603,2.1093287949120487
인천,정보통신업,regional_service_production_index_J,2021,1,4259.690879999999,16920.321271102282,18675.84,-1755.5187288977177,9.3999452174452,prior_year_province_anchor,17801.9504273313,-873.8895726687006,4.679251764143945,1755.5187288977177,873.8895726687006,False,-881.6291562290171,17801.9504273313,-873.8895726687006,baseline,873.8895726687006,4.679251764143945
인천,정보통신업,regional_service_production_index_J,2021,2,8608.478879999999,17776.93108931337,18675.84,-898.9089106866304,4.81321809721346,prior_year_province_anchor,18040.097997890327,-635.7420021096732,3.404087859553697,898.9089106866304,635.7420021096732,False,-263.1669085769572,18040.097997890327,-635.7420021096732,baseline,635.7420021096732,3.404087859553697
인천,정보통신업,regional_service_production_index_J,2021,3,13088.7912,17948.290983887553,18675.84,-727.5490161124471,3.895669571555802,prior_year_province_anchor,18359.35516056449,-316.48483943551037,1.694621711449179,727.5490161124471,316.48483943551037,False,-411.06417667693677,18359.35516056449,-316.48483943551037,baseline,316.48483943551037,1.694621711449179
인천,정보통신업,regional_service_production_index_J,2021,4,18184.297919999997,18184.297919999997,18675.84,-491.5420800000029,2.631967718721101,prior_year_province_anchor,18512.362510839237,-163.47748916076307,0.8753420952458528,491.5420800000029,163.47748916076307,False,-328.0645908392398,18512.362510839237,-163.47748916076307,baseline,163.47748916076307,0.8753420952458528
인천,정보통신업,regional_service_production_index_J,2022,1,4919.510816612226,21001.019282868525,19311.879999999997,1689.1392828685275,8.746633071811381,prior_year_province_anchor,19259.06168445883,-52.818315541167976,0.2735016763834902,1689.1392828685275,52.818315541167976,False,-1636.3209673273595,19259.06168445883,-52.818315541167976,baseline,52.818315541167976,0.27350167638349027
인천,정보통신업,regional_service_production_index_J,2022,2,9799.804983667755,20700.82018728438,19311.879999999997,1388.940187284381,7.192154193607153,prior_year_province_anchor,19354.14843385161,42.26843385160828,0.2188727034944722,1388.940187284381,42.26843385160828,False,-1346.6717534327727,19354.14843385161,42.26843385160828,baseline,42.26843385160828,0.21887270349447221
인천,정보통신업,regional_service_production_index_J,2022,3,14623.45287914139,20316.40811669368,19311.879999999997,1004.5281166936838,5.201607076543993,prior_year_province_anchor,19304.11661016114,-7.763389838855801,0.0402000729025646,1004.5281166936838,7.763389838855801,False,-996.764726854828,19304.11661016114,-7.763389838855801,baseline,7.763389838855801,0.04020007290256465
인천,정보통신업,regional_service_production_index_J,2022,4,19725.9747270182,19725.9747270182,19311.879999999997,414.09472701820414,2.144248654290541,prior_year_province_anchor,19110.844475803693,-201.03552419630432,1.0409940627028769,414.09472701820414,201.03552419630432,False,-213.05920282189982,19110.844475803693,-201.03552419630432,baseline,201.03552419630432,1.0409940627028769
인천,정보통신업,regional_service_production_index_J,2023,1,4274.465155732272,17139.50731620903,18172.53,-1033.0226837909686,5.684528702337917,prior_year_province_anchor,20550.446319642364,2377.916319642365,13.085224344889596,1033.0226837909686,2377.916319642365,True,1344.8936358513965,17139.50731620903,-1033.0226837909686,regional_service_production_index_J,1033.0226837909686,5.684528702337917
인천,정보통신업,regional_service_production_index_J,2023,2,8736.631376187319,17585.918292574475,18172.53,-586.6117074255235,3.228013421496751,prior_year_province_anchor,20004.969686561355,1832.439686561356,10.083569467549957,586.6117074255235,1832.439686561356,True,1245.8279791358325,17585.918292574475,-586.6117074255235,regional_service_production_index_J,586.6117074255235,3.228013421496751
인천,정보통신업,regional_service_production_index_J,2023,3,13134.808597305055,17717.90182359952,18172.53,-454.62817640047797,2.501732980495715,prior_year_province_anchor,20036.061937122857,1863.531937122858,10.25466424940753,454.62817640047797,1863.531937122858,True,1408.90376072238,17717.90182359952,-454.62817640047797,regional_service_production_index_J,454.62817640047797,2.501732980495715
인천,정보통신업,regional_service_production_index_J,2023,4,17916.91981444665,17916.91981444665,18172.53,-255.61018555334886,1.4065745691620752,prior_year_province_anchor,20098.777431091523,1926.247431091524,10.599775766453677,255.61018555334886,1926.247431091524,True,1670.6372455381752,17916.91981444665,-255.61018555334886,regional_service_production_index_J,255.61018555334886,1.4065745691620752
인천,정보통신업,regional_service_production_index_J,2024,1,4608.034392857143,19315.114221556883,18110.51,1204.604221556885,6.651409714894198,prior_year_province_anchor,18626.827993058523,516.3179930585247,2.850930167391889,1204.604221556885,516.3179930585247,False,-688.2862284983603,18626.827993058523,516.3179930585247,baseline,516.3179930585247,2.850930167391889
인천,정보통신업,regional_service_production_index_J,2024,2,9666.055242857143,19822.964853515623,18110.51,1712.4548535156246,9.455586029966161,prior_year_province_anchor,18375.56950492361,265.05950492360716,1.463567314910553,1712.4548535156246,265.05950492360716,False,-1447.3953485920174,18375.56950492361,265.05950492360716,baseline,265.05950492360716,1.463567314910553
인천,정보통신업,regional_service_production_index_J,2024,3,14988.010457142855,20444.834011042545,18110.51,2334.3240110425468,12.88933338179072,prior_year_province_anchor,18292.0484430231,181.53844302310245,1.0023927709551108,2334.3240110425468,181.53844302310245,False,-2152.7855680194443,18292.0484430231,181.53844302310245,baseline,181.53844302310245,1.0023927709551108
인천,정보통신업,regional_service_production_index_J,2024,4,19725.848635714283,19725.848635714283,18110.51,1615.3386357142845,8.919343716517561,prior_year_province_anchor,18256.39196768624,145.88196768624402,0.8055099921882047,1615.3386357142845,145.88196768624402,False,-1469.4566680280404,18256.39196768624,145.88196768624402,baseline,145.88196768624402,0.8055099921882047
인천,정보통신업,regional_service_production_index_J,2025,1,3992.336597938144,17090.199577464788,16664.08,426.11957746478583,2.557114328932565,prior_year_province_anchor,18299.248068888508,1635.1680688885062,9.81253131819162,426.11957746478583,1635.1680688885062,True,1209.0484914237204,17090.199577464788,426.11957746478583,regional_service_production_index_J,426.11957746478583,2.557114328932565
인천,정보통신업,regional_service_production_index_J,2025,2,8230.966597938143,16797.214288272153,16664.08,133.13428827215103,0.7989297235259972,prior_year_province_anchor,18480.57204323837,1816.4920432383697,10.90064403938513,133.13428827215103,1816.4920432383697,True,1683.3577549662186,16797.214288272153,133.13428827215103,regional_service_production_index_J,133.13428827215103,0.7989297235259972
인천,정보통신업,regional_service_production_index_J,2025,3,12052.48680412371,15862.38087182448,16664.08,-801.6991281755218,4.810941427162626,prior_year_province_anchor,18486.7962548907,1822.7162548907,10.937995106184678,801.6991281755218,1822.7162548907,True,1021.0171267151782,15862.38087182448,-801.6991281755218,regional_service_production_index_J,801.6991281755218,4.810941427162626
인천,정보통신업,regional_service_production_index_J,2025,4,16469.878144329894,16469.878144329894,16664.08,-194.20185567010776,1.1653920028594902,prior_year_province_anchor,18486.73328963947,1822.6532896394672,10.93761725603494,194.20185567010776,1822.6532896394672,True,1628.4514339693594,16469.878144329894,-194.20185567010776,regional_service_production_index_J,194.20185567010776,1.1653920028594902
충북,건설업,regional_construction_orders_bok_12_24q,2021,1,10415.928165578373,39792.06882456623,38452.119999999995,1339.948824566236,3.4847202821749126,prior_year_province_anchor,37800.763657912015,-651.35634208798,1.693941301774727,1339.948824566236,651.35634208798,False,-688.592482478256,37800.763657912015,-651.35634208798,baseline,651.35634208798,1.693941301774727
충북,건설업,regional_construction_orders_bok_12_24q,2021,2,21392.92685581638,43849.803818154185,38452.119999999995,5397.68381815419,14.03741540948637,prior_year_province_anchor,37828.68409117423,-623.4359088257625,1.621330394333947,5397.68381815419,623.4359088257625,False,-4774.247909328427,37828.68409117423,-623.4359088257625,baseline,623.4359088257625,1.621330394333947
충북,건설업,regional_construction_orders_bok_12_24q,2021,3,33395.17217419159,45106.48653733385,38452.119999999995,6654.366537333852,17.305590790140705,prior_year_province_anchor,38059.6709245212,-392.4490754787985,1.0206175250644138,6654.366537333852,392.4490754787985,False,-6261.917461855053,38059.6709245212,-392.4490754787985,baseline,392.4490754787985,1.0206175250644138
충북,건설업,regional_construction_orders_bok_12_24q,2021,4,46368.756816491026,46368.756816491026,38452.119999999995,7916.636816491031,20.588297385140354,prior_year_province_anchor,38406.69346779874,-45.42653220125794,0.1181379133354882,7916.636816491031,45.42653220125794,False,-7871.210284289773,38406.69346779874,-45.42653220125794,baseline,45.42653220125794,0.11813791333548827
충북,건설업,regional_construction_orders_bok_12_24q,2022,1,11703.45292277702,52100.451718060154,44883.57,7216.8817180601545,16.079116964314903,prior_year_province_anchor,38456.21893491662,-6427.351065083378,14.320053117618269,7216.8817180601545,6427.351065083378,False,-789.5306529767768,38456.21893491662,-6427.351065083378,baseline,6427.351065083378,14.320053117618267
충북,건설업,regional_construction_orders_raw,2022,2,18843.151443927793,43400.77210263633,44883.57,-1482.797897363671,3.3036540929424083,prior_year_province_anchor,38260.05989419426,-6623.510105805741,14.757092864506411,1482.797897363671,6623.510105805741,True,5140.71220844207,43400.77210263633,-1482.797897363671,regional_construction_orders_raw,1482.797897363671,3.3036540929424083
충북,건설업,regional_construction_orders_raw,2022,3,32089.84771474803,46422.45949165704,44883.57,1538.8894916570425,3.42862542274833,prior_year_province_anchor,38620.09040394731,-6263.47959605269,13.954949653186432,1538.8894916570425,6263.47959605269,True,4724.590104395647,46422.45949165704,1538.8894916570425,regional_construction_orders_raw,1538.8894916570425,3.42862542274833
충북,건설업,regional_construction_orders_raw,2022,4,45937.28364561787,45937.28364561787,44883.57,1053.7136456178705,2.3476600582749336,prior_year_province_anchor,38833.30454593456,-6050.26545406544,13.479911366376248,1053.7136456178705,6050.26545406544,True,4996.55180844757,45937.28364561787,1053.7136456178705,regional_construction_orders_raw,1053.7136456178705,2.3476600582749336
충북,건설업,regional_construction_orders_bok_12_24q,2023,1,12760.715790342616,56160.04772064843,44923.93,11236.117720648428,25.011430924784246,prior_year_province_anchor,45867.186850302365,943.2568503023648,2.099675719159844,11236.117720648428,943.2568503023648,False,-10292.860870346063,45867.186850302365,943.2568503023648,baseline,943.2568503023648,2.0996757191598436
충북,건설업,regional_construction_orders_bok_12_24q,2023,2,25480.93509735623,55249.004129351764,44923.93,10325.074129351764,22.98346144104437,prior_year_province_anchor,45324.63522700219,400.7052270021886,0.8919638753826493,10325.074129351764,400.7052270021886,False,-9924.368902349575,45324.63522700219,400.7052270021886,baseline,400.7052270021886,0.8919638753826493
충북,건설업,regional_construction_orders_bok_12_24q,2023,3,38138.33660456391,52852.57687135999,44923.93,7928.64687135999,17.649050008224993,prior_year_province_anchor,45297.270104534175,373.3401045341743,0.8310495197863907,7928.64687135999,373.3401045341743,False,-7555.306766825815,45297.270104534175,373.3401045341743,baseline,373.3401045341743,0.8310495197863907
충북,건설업,regional_construction_orders_bok_12_24q,2023,4,50995.809699082485,50995.809699082485,44923.93,6071.879699082485,13.515913899524119,prior_year_province_anchor,44625.78226547755,-298.14773452244845,0.6636724225205775,6071.879699082485,298.14773452244845,False,-5773.731964560036,44625.78226547755,-298.14773452244845,baseline,298.14773452244845,0.6636724225205775
충북,건설업,regional_construction_orders_bok_12_24q,2024,1,10946.491242733715,43745.601223215825,46546.03,-2800.4287767841743,6.016471816789045,prior_year_province_anchor,46505.229798624016,-40.800201375983306,0.0876555989328913,2800.4287767841743,40.800201375983306,False,-2759.628575408191,46505.229798624016,-40.800201375983306,baseline,40.800201375983306,0.08765559893289139
충북,건설업,regional_construction_orders_bok_12_24q,2024,2,21955.734536256386,43940.71316207987,46546.03,-2605.3168379201306,5.597291193083772,prior_year_province_anchor,45368.438995590055,-1177.5910044099437,2.529949395061069,2605.3168379201306,1177.5910044099437,False,-1427.725833510187,45368.438995590055,-1177.5910044099437,baseline,1177.5910044099437,2.529949395061069
충북,건설업,regional_construction_orders_bok_12_24q,2024,3,32703.19020072978,43728.32725561876,46546.03,-2817.7027443812403,6.053583397727455,prior_year_province_anchor,44196.854465165525,-2349.175534834474,5.046994415709512,2817.7027443812403,2349.175534834474,False,-468.52720954676624,44196.854465165525,-2349.175534834474,baseline,2349.175534834474,5.046994415709512
충북,건설업,regional_construction_orders_bok_12_24q,2024,4,44211.224973973454,44211.224973973454,46546.03,-2334.8050260265445,5.016120657393433,prior_year_province_anchor,43556.423943071546,-2989.6060569284527,6.42290235478397,2334.8050260265445,2989.6060569284527,True,654.8010309019082,44211.224973973454,-2334.8050260265445,regional_construction_orders_bok_12_24q,2334.8050260265445,5.016120657393433
충북,건설업,regional_construction_orders_bok_12_24q,2025,1,12330.510013093033,49801.06777087656,43703.439999999995,6097.627770876563,13.952283323410155,prior_year_province_anchor,40815.48733534652,-2887.9526646534723,6.608067155934344,6097.627770876563,2887.9526646534723,False,-3209.6751062230906,40815.48733534652,-2887.9526646534723,baseline,2887.9526646534723,6.608067155934344
충북,건설업,regional_construction_orders_bok_12_24q,2025,2,24995.14065003218,50331.53341828953,43703.439999999995,6628.093418289536,15.166067976089609,prior_year_province_anchor,41313.89974391816,-2389.540256081833,5.467625102467525,6628.093418289536,2389.540256081833,False,-4238.553162207703,41313.89974391816,-2389.540256081833,baseline,2389.540256081833,5.467625102467525
충북,건설업,regional_construction_orders_bok_12_24q,2025,3,37634.05378478473,50877.22660539111,43703.439999999995,7173.786605391113,16.414695514566162,prior_year_province_anchor,42000.417268192694,-1703.0227318073012,3.896770441428184,7173.786605391113,1703.0227318073012,False,-5470.763873583812,42000.417268192694,-1703.0227318073012,baseline,1703.0227318073012,3.896770441428184
충북,건설업,regional_construction_orders_bok_12_24q,2025,4,49502.784101333316,49502.784101333316,43703.439999999995,5799.344101333321,13.269765724010105,prior_year_province_anchor,42269.22781589377,-1434.212184106225,3.2816917480780123,5799.344101333321,1434.212184106225,False,-4365.131917227096,42269.22781589377,-1434.212184106225,baseline,1434.212184106225,3.2816917480780123
충북,"광업, 제조업",regional_manufacturing_production_index,2021,1,93063.56936999998,396859.57087420044,367467.87,29391.70087420044,7.998441026748934,prior_year_province_anchor,354380.4489165593,-13087.421083440711,3.561514394017826,29391.70087420044,13087.421083440711,False,-16304.279790759729,354380.4489165593,-13087.421083440711,baseline,13087.421083440711,3.5615143940178258
충북,"광업, 제조업",regional_manufacturing_production_index,2021,2,184829.49576,384927.79401596665,367467.87,17459.92401596665,4.751415141673925,prior_year_province_anchor,369379.0286372286,1911.1586372285965,0.5200886371993819,17459.92401596665,1911.1586372285965,False,-15548.765378738055,369379.0286372286,1911.1586372285965,baseline,1911.1586372285965,0.5200886371993819
충북,"광업, 제조업",regional_manufacturing_production_index,2021,3,285001.89189,387406.28711826005,367467.87,19938.417118260055,5.4258940021776745,prior_year_province_anchor,366063.0853382388,-1404.784661761194,0.3822877526030219,19938.417118260055,1404.784661761194,False,-18533.63245649886,366063.0853382388,-1404.784661761194,baseline,1404.784661761194,0.3822877526030219
충북,"광업, 제조업",regional_manufacturing_production_index,2021,4,388333.76658,388333.76658,367467.87,20865.89658,5.678291432663215,prior_year_province_anchor,360444.8101335303,-7023.0598664696445,1.9112037921763456,20865.89658,7023.0598664696445,False,-13842.836713530356,360444.8101335303,-7023.0598664696445,baseline,7023.0598664696445,1.9112037921763458
충북,"광업, 제조업",regional_manufacturing_production_index,2022,1,92334.11029565595,385289.89461351925,381258.56,4031.334613519255,1.057375502210168,prior_year_province_anchor,383067.21603307704,1808.6560330770444,0.4743909312034973,4031.334613519255,1808.6560330770444,False,-2222.6785804422107,383067.21603307704,1808.6560330770444,baseline,1808.6560330770444,0.4743909312034973
충북,"광업, 제조업",regional_manufacturing_production_index,2022,2,192542.91343236956,404539.9490705128,381258.56,23281.389070512785,6.1064567495908255,prior_year_province_anchor,382026.39042275975,767.8304227597546,0.201393621892648,23281.389070512785,767.8304227597546,False,-22513.55864775303,382026.39042275975,767.8304227597546,baseline,767.8304227597546,0.20139362189264803
충북,"광업, 제조업",regional_manufacturing_production_index,2022,3,285918.0848154874,389582.13951994455,381258.56,8323.579519944557,2.183184954573756,prior_year_province_anchor,382172.1515067792,913.591506779194,0.239625178980688,8323.579519944557,913.591506779194,False,-7409.988013165363,382172.1515067792,913.591506779194,baseline,913.591506779194,0.23962517898068808
충북,"광업, 제조업",regional_manufacturing_production_index,2022,4,371124.93074313516,371124.93074313516,381258.56,-10133.629256864835,2.6579414392334786,prior_year_province_anchor,376365.2607972396,-4893.2992027603905,1.2834594986563423,10133.629256864835,4893.2992027603905,False,-5240.330054104445,376365.2607972396,-4893.2992027603905,baseline,4893.2992027603905,1.2834594986563423
충북,"광업, 제조업",regional_manufacturing_production_index,2024,1,82742.8297324113,341336.6222511628,341791.63,-455.0077488372335,0.13312430993036123,prior_year_province_anchor,392472.6359883414,50681.005988341465,14.82804186525617,455.0077488372335,50681.005988341465,True,50225.99823950423,341336.6222511628,-455.0077488372335,regional_manufacturing_production_index,455.0077488372335,0.13312430993036123
충북,"광업, 제조업",regional_manufacturing_production_index,2024,2,170192.58690469028,332927.83063961176,341791.63,-8863.79936038825,2.593334237116412,prior_year_province_anchor,387299.33150255994,45507.70150255994,13.31445755490266,8863.79936038825,45507.70150255994,True,36643.90214217169,332927.83063961176,-8863.79936038825,regional_manufacturing_production_index,8863.79936038825,2.593334237116412
충북,"광업, 제조업",regional_manufacturing_production_index,2024,3,253375.830900481,338478.96920373524,341791.63,-3312.6607962647686,0.9692047743430021,prior_year_province_anchor,384255.73157063586,42464.10157063586,12.423973510011308,3312.6607962647686,42464.10157063586,True,39151.44077437109,338478.96920373524,-3312.6607962647686,regional_manufacturing_production_index,3312.6607962647686,0.9692047743430021
충북,"광업, 제조업",regional_manufacturing_production_index,2024,4,340440.22559230303,340440.22559230303,341791.63,-1351.404407696973,0.39538838551926303,prior_year_province_anchor,381685.3387647181,39893.70876471803,11.671938474537258,1351.404407696973,39893.70876471803,True,38542.30435702106,340440.22559230303,-1351.404407696973,regional_manufacturing_production_index,1351.404407696973,0.39538838551926303
충북,"광업, 제조업",regional_manufacturing_production_index,2025,1,85751.89423431437,352820.83429474384,370075.14,-17254.305705256178,4.662379025312583,prior_year_province_anchor,343569.3349916668,-26505.805008333235,7.162276560466404,17254.305705256178,26505.805008333235,True,9251.499303077057,352820.83429474384,-17254.305705256178,regional_manufacturing_production_index,17254.305705256178,4.662379025312583
충북,"광업, 제조업",regional_manufacturing_production_index,2025,2,150418.16317027813,300884.9817386382,370075.14,-69190.15826136182,18.696245919507543,prior_year_province_anchor,346977.95749465347,-23097.182505346544,6.241214285657378,69190.15826136182,23097.182505346544,False,-46092.97575601528,346977.95749465347,-23097.182505346544,baseline,23097.182505346544,6.241214285657378
충북,"광업, 제조업",regional_manufacturing_production_index,2025,3,150418.16317027813,202104.49126453014,370075.14,-167970.64873546988,45.38825513528681,prior_year_province_anchor,349483.62109360745,-20591.518906392565,5.564145407441463,167970.64873546988,20591.518906392565,False,-147379.1298290773,349483.62109360745,-20591.518906392565,baseline,20591.518906392565,5.564145407441463
충북,"광업, 제조업",regional_manufacturing_production_index,2025,4,150418.16317027813,150418.16317027813,370075.14,-219656.97682972188,59.35469667855071,prior_year_province_anchor,349322.4759562925,-20752.66404370754,5.60768930431467,219656.97682972188,20752.66404370754,False,-198904.31278601434,349322.4759562925,-20752.66404370754,baseline,20752.66404370754,5.60768930431467
충북,교육 서비스업,regional_service_production_index_P,2021,1,8826.808305,34446.0811902439,36470.39,-2024.3088097560976,5.55055432573136,prior_year_province_anchor,35397.10839799352,-1073.2816020064784,2.9428849047308745,2024.3088097560976,1073.2816020064784,False,-951.0272077496193,35397.10839799352,-1073.2816020064784,baseline,1073.2816020064784,2.9428849047308745
충북,교육 서비스업,regional_service_production_index_P,2021,2,17524.945935000003,35137.73621052632,36470.39,-1332.653789473683,3.654070574714674,prior_year_province_anchor,35744.155670262946,-726.2343297370535,1.9912985019821656,1332.653789473683,726.2343297370535,False,-606.4194597366295,35744.155670262946,-726.2343297370535,baseline,726.2343297370535,1.9912985019821656
충북,교육 서비스업,regional_service_production_index_P,2021,3,26205.927475,34755.87198275862,36470.39,-1714.518017241382,4.701123342090343,prior_year_province_anchor,36040.9673514757,-429.422648524298,1.1774555976075332,1714.518017241382,429.422648524298,False,-1285.095368717084,36040.9673514757,-429.422648524298,baseline,429.422648524298,1.1774555976075332
충북,교육 서비스업,regional_service_production_index_P,2021,4,34878.33097,34878.33097,36470.39,-1592.0590299999967,4.365346874546713,prior_year_province_anchor,36095.26318411987,-375.1268158801322,1.028579118238473,1592.0590299999967,375.1268158801322,False,-1216.9322141198645,36095.26318411987,-375.1268158801322,baseline,375.1268158801322,1.028579118238473
충북,교육 서비스업,regional_service_production_index_P,2022,1,9543.653457943925,37710.87945578231,38221.17,-510.29054421768524,1.3350992243766615,prior_year_province_anchor,38231.71020369671,10.540203696713434,0.027576873488471,510.29054421768524,10.540203696713434,False,-499.7503405209718,38231.71020369671,10.540203696713434,baseline,10.540203696713434,0.02757687348847101
충북,교육 서비스업,regional_service_production_index_P,2022,2,18701.614153959665,37220.14838472834,38221.17,-1001.0216152716603,2.6190239997144524,prior_year_province_anchor,38128.65431631221,-92.51568368779408,0.2420535103655751,1001.0216152716603,92.51568368779408,False,-908.5059315838662,38128.65431631221,-92.51568368779408,baseline,92.51568368779408,0.24205351036557513
충북,교육 서비스업,regional_service_production_index_P,2022,3,27689.152466797834,36852.40390507365,38221.17,-1368.7660949263518,3.581172671915464,prior_year_province_anchor,37977.59867720986,-243.57132279013604,0.6372680972093111,1368.7660949263518,243.57132279013604,False,-1125.1947721362158,37977.59867720986,-243.57132279013604,baseline,243.57132279013604,0.6372680972093111
충북,교육 서비스업,regional_service_production_index_P,2022,4,36578.0251893753,36578.0251893753,38221.17,-1643.1448106246971,4.29904372530903,prior_year_province_anchor,37932.10576513795,-289.06423486204585,0.7562935275451952,1643.1448106246971,289.06423486204585,False,-1354.0805757626513,37932.10576513795,-289.06423486204585,baseline,289.06423486204585,0.7562935275451952
충북,교육 서비스업,regional_service_production_index_P,2024,1,10451.7086770428,39392.69118240146,39559.04,-166.34881759854034,0.4205077211139106,prior_year_province_anchor,39715.88830337772,156.84830337771564,0.39649168275498,166.34881759854034,156.84830337771564,False,-9.500514220824698,39715.88830337772,156.84830337771564,baseline,156.84830337771564,0.39649168275498003
충북,교육 서비스업,regional_service_production_index_P,2024,2,19892.57691634241,38933.020599714415,39559.04,-626.019400285586,1.5824939136176865,prior_year_province_anchor,39732.58372353927,173.54372353926738,0.4386954879068536,626.019400285586,173.54372353926738,False,-452.47567674631864,39732.58372353927,173.54372353926738,baseline,173.54372353926738,0.4386954879068536
충북,교육 서비스업,regional_service_production_index_P,2024,3,29476.488613813228,38923.35298008991,39559.04,-635.6870199100886,1.606932372246871,prior_year_province_anchor,39662.86662469941,103.82662469940988,0.2624599199055636,635.6870199100886,103.82662469940988,False,-531.8603952106787,39662.86662469941,103.82662469940988,baseline,103.82662469940988,0.2624599199055636
충북,교육 서비스업,regional_service_production_index_P,2024,4,38860.139469844355,38860.139469844355,39559.04,-698.9005301556463,1.7667277319056436,prior_year_province_anchor,39650.40894077152,91.368940771521,0.2309685492153525,698.9005301556463,91.368940771521,False,-607.5315893841253,39650.40894077152,91.368940771521,baseline,91.368940771521,0.23096854921535256
충북,교육 서비스업,regional_service_production_index_P,2025,1,10290.204269938651,38259.65547445256,39496.67,-1237.0145255474417,3.1319463781312242,prior_year_province_anchor,39309.56615571586,-187.10384428413815,0.4737205548825716,1237.0145255474417,187.10384428413815,False,-1049.9106812633036,39309.56615571586,-187.10384428413815,baseline,187.10384428413815,0.47372055488257153
충북,교육 서비스업,regional_service_production_index_P,2025,2,19755.25065030675,38591.87267497603,39496.67,-904.7973250239666,2.2908192640644556,prior_year_province_anchor,39237.411428439285,-259.2585715607129,0.6564061516090164,904.7973250239666,259.2585715607129,False,-645.5387534632537,39237.411428439285,-259.2585715607129,baseline,259.2585715607129,0.6564061516090164
충북,교육 서비스업,regional_service_production_index_P,2025,3,29501.821487116562,38893.536900679384,39496.67,-603.1330993206138,1.5270479747295502,prior_year_province_anchor,39375.67010059032,-120.99989940968226,0.3063546861284312,603.1330993206138,120.99989940968226,False,-482.1331999109316,39375.67010059032,-120.99989940968226,baseline,120.99989940968226,0.30635468612843125
충북,교육 서비스업,regional_service_production_index_P,2025,4,38947.45238773006,38947.45238773006,39496.67,-549.2176122699384,1.3905415627948847,prior_year_province_anchor,39430.41220527372,-66.25779472627619,0.1677553948884202,549.2176122699384,66.25779472627619,False,-482.9598175436622,39430.41220527372,-66.25779472627619,baseline,66.25779472627619,0.1677553948884202
충북,금융 및 보험업,regional_service_production_index_K,2021,1,5360.536274068517,21941.43762538383,21623.73,317.7076253838313,1.4692544967211083,prior_year_province_anchor,22192.728502459915,568.9985024599155,2.6313614832404744,317.7076253838313,568.9985024599155,True,251.29087707608414,21941.43762538383,317.7076253838313,regional_service_production_index_K,317.7076253838313,1.4692544967211083
충북,금융 및 보험업,regional_service_production_index_K,2021,2,10721.072548137034,21829.71951120163,21623.73,205.9895112016311,0.9526085980616253,prior_year_province_anchor,21840.984607263083,217.25460726308305,1.0047045873356863,205.9895112016311,217.25460726308305,True,11.265096061451942,21829.71951120163,205.9895112016311,regional_service_production_index_K,205.9895112016311,0.9526085980616253
충북,금융 및 보험업,regional_service_production_index_K,2021,3,16198.9183695924,21803.9295052171,21623.73,180.19950521710052,0.8333414504209057,prior_year_province_anchor,21810.716731286393,186.98673128639348,0.864729310282701,180.19950521710052,186.98673128639348,True,6.787226069292956,21803.9295052171,180.19950521710052,regional_service_production_index_K,180.19950521710052,0.8333414504209057
충북,금융 및 보험업,regional_service_production_index_K,2021,4,21783.872908227055,21783.872908227055,21623.73,160.14290822705516,0.7405887338912166,prior_year_province_anchor,21773.88205773516,150.15205773515845,0.6943855557536024,160.14290822705516,150.15205773515845,False,-9.990850491896708,21773.88205773516,150.15205773515845,baseline,150.15205773515845,0.6943855557536024
충북,금융 및 보험업,regional_service_production_index_K,2022,1,5518.58246312339,22426.13292102759,22478.23,-52.09707897240878,0.23176682048545988,prior_year_province_anchor,22779.595424019004,301.3654240190044,1.3406990853772938,52.09707897240878,301.3654240190044,True,249.26834504659564,22426.13292102759,-52.09707897240878,regional_service_production_index_K,52.09707897240878,0.23176682048545988
충북,금융 및 보험업,regional_service_production_index_K,2022,2,11239.681713884334,22837.62159847764,22478.23,359.3915984776395,1.5988429626249019,prior_year_province_anchor,22620.80555876213,142.57555876213155,0.634282853953054,359.3915984776395,142.57555876213155,False,-216.81603971550794,22620.80555876213,142.57555876213155,baseline,142.57555876213155,0.634282853953054
충북,금융 및 보험업,regional_service_production_index_K,2022,3,17112.66855537345,23012.65976070529,22478.23,534.4297607052904,2.3775437866117146,prior_year_province_anchor,22295.511633983857,-182.71836601614268,0.8128681218055989,534.4297607052904,182.71836601614268,False,-351.7113946891477,22295.511633983857,-182.71836601614268,baseline,182.71836601614268,0.8128681218055989
충북,금융 및 보험업,regional_service_production_index_K,2022,4,23289.43057831889,23289.43057831889,22478.23,811.2005783188906,3.6088276448763565,prior_year_province_anchor,22215.10375723606,-263.12624276394126,1.17058257151004,811.2005783188906,263.12624276394126,False,-548.0743355549494,22215.10375723606,-263.12624276394126,baseline,263.12624276394126,1.17058257151004
충북,금융 및 보험업,regional_service_production_index_K,2023,1,5800.360654347826,24478.586247706422,23244.03,1234.5562477064232,5.311283145420235,prior_year_province_anchor,22770.532295903704,-473.4977040962949,2.037072332535687,1234.5562477064232,473.4977040962949,False,-761.0585436101283,22770.532295903704,-473.4977040962949,baseline,473.4977040962949,2.037072332535687
충북,금융 및 보험업,regional_service_production_index_K,2023,2,11522.536160869566,23875.52537837838,23244.03,631.4953783783822,2.716806760180494,prior_year_province_anchor,22839.120310512473,-404.9096894875256,1.7419943507538307,631.4953783783822,404.9096894875256,False,-226.58568889085655,22839.120310512473,-404.9096894875256,baseline,404.9096894875256,1.7419943507538307
충북,금융 및 보험업,regional_service_production_index_K,2023,3,17298.46395652174,23542.28822485207,23244.03,298.25822485207027,1.2831605571498155,prior_year_province_anchor,22906.7701788731,-337.2598211268996,1.4509524429580396,298.25822485207027,337.2598211268996,True,39.00159627482935,23542.28822485207,298.25822485207027,regional_service_production_index_K,298.25822485207027,1.2831605571498155
충북,금융 및 보험업,regional_service_production_index_K,2023,4,23162.350043478258,23162.350043478258,23244.03,-81.67995652174068,0.3514018718859883,prior_year_province_anchor,22619.87161876572,-624.1583812342797,2.6852416781181216,81.67995652174068,624.1583812342797,True,542.478424712539,23162.350043478258,-81.67995652174068,regional_service_production_index_K,81.67995652174068,0.3514018718859883
충북,금융 및 보험업,regional_service_production_index_K,2025,1,5928.591597981496,23714.366391925985,24390.679999999997,-676.3136080740114,2.7728362147919268,prior_year_province_anchor,24874.67063296328,483.99063296328313,1.9843261153985177,676.3136080740114,483.99063296328313,False,-192.3229751107283,24874.67063296328,483.99063296328313,baseline,483.99063296328313,1.9843261153985177
충북,금융 및 보험업,regional_service_production_index_K,2025,2,11976.350866274177,23972.863939393934,24390.679999999997,-417.8160606060628,1.7130152197727282,prior_year_province_anchor,24757.03069186504,366.3506918650455,1.502010980690352,417.8160606060628,366.3506918650455,False,-51.4653687410173,24757.03069186504,366.3506918650455,baseline,366.3506918650455,1.502010980690352
충북,금융 및 보험업,regional_service_production_index_K,2025,3,17949.63034062237,24054.224260355026,24390.679999999997,-336.4557396449709,1.3794438680880194,prior_year_province_anchor,24644.676800954367,253.99680095436997,1.0413682642483524,336.4557396449709,253.99680095436997,False,-82.45893869060092,24644.676800954367,253.99680095436997,baseline,253.99680095436997,1.0413682642483524
충북,금융 및 보험업,regional_service_production_index_K,2025,4,24061.938763666945,24061.938763666945,24390.679999999997,-328.74123633305135,1.3478149700338464,prior_year_province_anchor,24744.226090740107,353.54609074011023,1.4495130547410335,328.74123633305135,353.54609074011023,True,24.804854407058883,24061.938763666945,-328.74123633305135,regional_service_production_index_K,328.74123633305135,1.3478149700338464
충북,도매 및 소매업,regional_service_production_index_G,2021,1,7282.8854249999995,29786.85245398773,29772.34,14.512453987728804,0.04874475431803078,prior_year_province_anchor,29589.367033306647,-182.97296669335265,0.6145736838063539,14.512453987728804,182.97296669335265,True,168.46051270562384,29786.85245398773,14.512453987728804,regional_service_production_index_G,14.512453987728804,0.04874475431803078
충북,도매 및 소매업,regional_service_production_index_G,2021,2,14866.474075,29867.351230537417,29772.34,95.01123053741685,0.3191258414266962,prior_year_province_anchor,29864.23384879163,91.89384879163116,0.3086551100505744,95.01123053741685,91.89384879163116,False,-3.1173817457856927,29864.23384879163,91.89384879163116,baseline,91.89384879163116,0.3086551100505743
충북,도매 및 소매업,regional_service_production_index_G,2021,3,22347.383575,30087.35587344328,29772.34,315.0158734432807,1.0580823457050426,prior_year_province_anchor,29747.716286809773,-24.623713190227136,0.0827066773731159,315.0158734432807,24.623713190227136,False,-290.3921602530536,29747.716286809773,-24.623713190227136,baseline,24.623713190227136,0.0827066773731159
충북,도매 및 소매업,regional_service_production_index_G,2021,4,30209.672775,30209.672775,29772.34,437.33277499999895,1.4689230843124825,prior_year_province_anchor,29776.99670739264,4.656707392641692,0.0156410527108104,437.33277499999895,4.656707392641692,False,-432.67606760735725,29776.99670739264,4.656707392641692,baseline,4.656707392641692,0.01564105271081041
충북,도매 및 소매업,regional_service_production_index_G,2022,1,7322.015154163632,30371.9843101712,29638.72,733.2643101711983,2.4740080211669,prior_year_province_anchor,30892.012182703224,1253.2921827032224,4.228563793251606,733.2643101711983,1253.2921827032224,True,520.027872532024,30371.9843101712,733.2643101711983,regional_service_production_index_G,733.2643101711983,2.4740080211669
충북,도매 및 소매업,regional_service_production_index_G,2022,2,14911.46817674193,30301.103808584117,29638.72,662.3838085841162,2.234859699015734,prior_year_province_anchor,30799.704824851386,1160.9848248513808,3.917122010840484,662.3838085841162,1160.9848248513808,True,498.60101626726464,30301.103808584117,662.3838085841162,regional_service_production_index_G,662.3838085841162,2.234859699015734
충북,도매 및 소매업,regional_service_production_index_G,2022,3,22262.39553289634,30094.784115523467,29638.72,456.06411552346617,1.5387443031394952,prior_year_province_anchor,30880.01764633903,1241.2976463390332,4.188094648955937,456.06411552346617,1241.2976463390332,True,785.2335308155671,30094.784115523467,456.06411552346617,regional_service_production_index_G,456.06411552346617,1.5387443031394952
충북,도매 및 소매업,regional_service_production_index_G,2022,4,29938.585161446954,29938.585161446954,29638.72,299.8651614469527,1.0117345197328114,prior_year_province_anchor,30862.973458546938,1224.253458546933,4.130588158148978,299.8651614469527,1224.253458546933,True,924.3882970999803,29938.585161446954,299.8651614469527,regional_service_production_index_G,299.8651614469527,1.0117345197328114
충북,도매 및 소매업,regional_service_production_index_G,2023,1,7584.9935296958,31013.862981243834,29287.22,1726.6429812438328,5.895550964700073,prior_year_province_anchor,30917.352525685073,1630.1325256850723,5.566020010383616,1726.6429812438328,1630.1325256850723,False,-96.51045555876044,30917.352525685073,1630.1325256850723,baseline,1630.1325256850723,5.566020010383616
충북,도매 및 소매업,regional_service_production_index_G,2023,2,15069.807899565429,30256.492641783807,29287.22,969.2726417838057,3.309541300894403,prior_year_province_anchor,29691.00073134284,403.7807313428384,1.3786925879029774,969.2726417838057,403.7807313428384,False,-565.4919104409673,29691.00073134284,403.7807313428384,baseline,403.7807313428384,1.3786925879029774
충북,도매 및 소매업,regional_service_production_index_G,2023,3,22311.33002414293,30004.392519480523,29287.22,717.1725194805222,2.4487558719486593,prior_year_province_anchor,29124.689197040825,-162.53080295917607,0.5549546968239938,717.1725194805222,162.53080295917607,False,-554.6417165213461,29124.689197040825,-162.53080295917607,baseline,162.53080295917607,0.5549546968239938
충북,도매 및 소매업,regional_service_production_index_G,2023,4,29846.233973925646,29846.233973925646,29287.22,559.0139739256447,1.9087300669904643,prior_year_province_anchor,28667.57326752048,-619.646732479523,2.1157581104643013,559.0139739256447,619.646732479523,True,60.632758553878375,29846.233973925646,559.0139739256447,regional_service_production_index_G,559.0139739256447,1.9087300669904643
충북,도매 및 소매업,regional_service_production_index_G,2024,1,7098.868237832653,27933.37681132075,29197.14,-1263.7631886792478,4.328380069689182,prior_year_province_anchor,28563.32521247956,-633.8147875204377,2.170811207948579,1263.7631886792478,633.8147875204377,False,-629.9484011588102,28563.32521247956,-633.8147875204377,baseline,633.8147875204377,2.170811207948579
충북,도매 및 소매업,regional_service_production_index_G,2024,2,14436.471906017741,28591.891889838556,29197.14,-605.248110161443,2.072970538078192,prior_year_province_anchor,28760.431993802653,-436.70800619734655,1.495721862474703,605.248110161443,436.70800619734655,False,-168.5401039640965,28760.431993802653,-436.70800619734655,baseline,436.70800619734655,1.495721862474703
충북,도매 및 소매업,regional_service_production_index_G,2024,3,21535.340143850393,28808.179518922385,29197.14,-388.96048107761453,1.3321869233685715,prior_year_province_anchor,28811.07902190991,-386.0609780900886,1.322256145944735,388.96048107761453,386.0609780900886,False,-2.8995029875259206,28811.07902190991,-386.0609780900886,baseline,386.0609780900886,1.322256145944735
충북,도매 및 소매업,regional_service_production_index_G,2024,4,28823.792399904098,28823.792399904098,29197.14,-373.3476000959017,1.2787129153605514,prior_year_province_anchor,28860.190000791725,-336.9499992082747,1.1540513872532538,373.3476000959017,336.9499992082747,False,-36.39760088762705,28860.190000791725,-336.9499992082747,baseline,336.9499992082747,1.1540513872532538
충북,도매 및 소매업,regional_service_production_index_G,2025,1,7169.480419001217,29110.501602373886,29438.28,-327.77839762611256,1.1134427610108764,prior_year_province_anchor,28962.486849026096,-475.7931509739028,1.6162396409501605,327.77839762611256,475.7931509739028,True,148.01475334779025,29110.501602373886,-327.77839762611256,regional_service_production_index_G,327.77839762611256,1.1134427610108764
충북,도매 및 소매업,regional_service_production_index_G,2025,2,14616.351449451888,29182.939056420233,29438.28,-255.34094357976574,0.8673772502325738,prior_year_province_anchor,29097.90657980908,-340.3734201909174,1.1562272666436946,255.34094357976574,340.3734201909174,True,85.03247661115165,29182.939056420233,-255.34094357976574,regional_service_production_index_G,255.34094357976574,0.8673772502325738
충북,도매 및 소매업,regional_service_production_index_G,2025,3,22098.785378806333,29577.93087055755,29438.28,139.65087055755066,0.47438529206716784,prior_year_province_anchor,29519.51052951656,81.23052951656064,0.2759350393995866,139.65087055755066,81.23052951656064,False,-58.420341040990024,29519.51052951656,81.23052951656064,baseline,81.23052951656064,0.27593503939958663
충북,도매 및 소매업,regional_service_production_index_G,2025,4,29666.570265529845,29666.570265529845,29438.28,228.29026552984578,0.7754877850534942,prior_year_province_anchor,29720.33736557941,282.0573655794069,0.9581312684688336,228.29026552984578,282.0573655794069,True,53.76710004956112,29666.570265529845,228.29026552984578,regional_service_production_index_G,228.29026552984578,0.7754877850534942
충북,문화 및 기타서비스업,regional_service_production_index_R_S,2021,1,4514.7990748843595,20096.76004451864,22515.71,-2418.949955481359,10.743387419190242,prior_year_province_anchor,20861.286958261055,-1654.4230417389444,7.347860856881459,2418.949955481359,1654.4230417389444,False,-764.5269137424148,20861.286958261055,-1654.4230417389444,baseline,1654.4230417389444,7.347860856881459
충북,문화 및 기타서비스업,regional_service_production_index_R_S,2021,2,10793.15016377047,22159.75568788501,22515.71,-355.9543121149909,1.5809153347373497,prior_year_province_anchor,21787.65285002077,-728.0571499792277,3.2335518177273896,355.9543121149909,728.0571499792277,True,372.1028378642368,22159.75568788501,-355.9543121149909,regional_service_production_index_R_S,355.9543121149909,1.5809153347373497
충북,문화 및 기타서비스업,regional_service_production_index_R_S,2021,3,17002.65387673459,23035.94653794037,22515.71,520.2365379403709,2.310549114109086,prior_year_province_anchor,21827.33055535416,-688.3794446458414,3.0573295030262937,520.2365379403709,688.3794446458414,True,168.14290670547052,23035.94653794037,520.2365379403709,regional_service_production_index_R_S,520.2365379403709,2.310549114109086
충북,문화 및 기타서비스업,regional_service_production_index_R_S,2021,4,23508.730901362665,23508.730901362665,22515.71,993.0209013626663,4.410346826116815,prior_year_province_anchor,21974.928693890284,-540.7813061097149,2.4017954846181397,993.0209013626663,540.7813061097149,False,-452.2395952529514,21974.928693890284,-540.7813061097149,baseline,540.7813061097149,2.4017954846181397
충북,문화 및 기타서비스업,regional_service_production_index_R_S,2022,1,4734.943745212886,24655.032592375366,22663.14,1991.8925923753668,8.789128922008896,prior_year_province_anchor,23120.491559669517,457.3515596695179,2.0180414526385926,1991.8925923753668,457.3515596695179,False,-1534.541032705849,23120.491559669517,457.3515596695179,baseline,457.3515596695179,2.0180414526385926
충북,문화 및 기타서비스업,regional_service_production_index_R_S,2022,2,11668.707108583012,25415.795316486747,22663.14,2752.6553164867473,12.145957340804264,prior_year_province_anchor,23342.618673073364,679.4786730733649,2.9981665077008963,2752.6553164867473,679.4786730733649,False,-2073.1766434133824,23342.618673073364,679.4786730733649,baseline,679.4786730733649,2.9981665077008963
충북,문화 및 기타서비스업,regional_service_production_index_R_S,2022,3,17963.36719193512,24837.06181747391,22663.14,2173.921817473911,9.592324000442616,prior_year_province_anchor,23823.292551351456,1160.152551351457,5.119116553802593,2173.921817473911,1160.152551351457,False,-1013.7692661224537,23823.292551351456,1160.152551351457,baseline,1160.152551351457,5.119116553802593
충북,문화 및 기타서비스업,regional_service_production_index_R_S,2022,4,25211.609947060148,25211.609947060148,22663.14,2548.469947060148,11.24499935604752,prior_year_province_anchor,23806.86658753939,1143.7265875393896,5.046637789553388,2548.469947060148,1143.7265875393896,False,-1404.7433595207585,23806.86658753939,1143.7265875393896,baseline,1143.7265875393896,5.046637789553388
충북,문화 및 기타서비스업,regional_service_production_index_R_S,2023,1,4751.029449753547,25297.2596464917,23366.63,1930.6296464916995,8.262336701919358,prior_year_province_anchor,25438.671492096157,2072.0414920961557,8.86752386671144,1930.6296464916995,2072.0414920961557,True,141.41184560445618,25297.2596464917,1930.6296464916995,regional_service_production_index_R_S,1930.6296464916995,8.262336701919358
충북,문화 및 기타서비스업,regional_service_production_index_R_S,2023,2,11018.10236595916,23805.90211258422,23366.63,439.2721125842181,1.8799121336034255,prior_year_province_anchor,24545.58918341754,1178.9591834175408,5.045482311388252,439.2721125842181,1178.9591834175408,True,739.6870708333227,23805.90211258422,439.2721125842181,regional_service_production_index_R_S,439.2721125842181,1.8799121336034255
충북,문화 및 기타서비스업,regional_service_production_index_R_S,2023,3,17296.5741052208,24275.764955527316,23366.63,909.1349555273155,3.890740579738351,prior_year_province_anchor,24299.314100895594,932.6841008955926,3.991521673838258,909.1349555273155,932.6841008955926,True,23.549145368277095,24275.764955527316,909.1349555273155,regional_service_production_index_R_S,909.1349555273155,3.890740579738351
충북,문화 및 기타서비스업,regional_service_production_index_R_S,2023,4,23353.908677195453,23353.908677195453,23366.63,-12.721322804547526,0.054442265763387905,prior_year_province_anchor,23822.29759619617,455.66759619617005,1.950078364728547,12.721322804547526,455.66759619617005,True,442.9462733916225,23353.908677195453,-12.721322804547526,regional_service_production_index_R_S,12.721322804547526,0.054442265763387905
충북,문화 및 기타서비스업,regional_service_production_index_R_S,2024,1,4952.064987309646,24342.108315738966,22749.63,1592.4783157389647,7.000018531022108,prior_year_province_anchor,23734.93433896152,985.3043389615196,4.3310785228661715,1592.4783157389647,985.3043389615196,False,-607.1739767774451,23734.93433896152,985.3043389615196,baseline,985.3043389615196,4.331078522866172
충북,문화 및 기타서비스업,regional_service_production_index_R_S,2024,2,11176.931569699338,23690.562176701846,22749.63,940.9321767018446,4.136032879224166,prior_year_province_anchor,23663.828910526725,914.198910526724,4.018522105751715,940.9321767018446,914.198910526724,False,-26.733266175120548,23663.828910526725,914.198910526724,baseline,914.198910526724,4.018522105751716
충북,문화 및 기타서비스업,regional_service_production_index_R_S,2024,3,16416.403368801253,22165.49836694346,22749.63,-584.1316330565423,2.5676533335115446,prior_year_province_anchor,23501.901658450664,752.2716584506634,3.306742388560444,584.1316330565423,752.2716584506634,True,168.14002539412104,22165.49836694346,-584.1316330565423,regional_service_production_index_R_S,584.1316330565423,2.5676533335115446
충북,문화 및 기타서비스업,regional_service_production_index_R_S,2024,4,22862.527576142136,22862.527576142136,22749.63,112.89757614213522,0.49626115300396184,prior_year_province_anchor,23393.16425522741,643.5342552274087,2.8287680073364214,112.89757614213522,643.5342552274087,True,530.6366790852735,22862.527576142136,112.89757614213522,regional_service_production_index_R_S,112.89757614213522,0.49626115300396184
충북,문화 및 기타서비스업,regional_service_production_index_R_S,2025,1,4757.380472912301,21963.714638415473,23178.61,-1214.8953615845276,5.241450464823074,prior_year_province_anchor,22312.081140269453,-866.528859730548,3.7384850072137543,1214.8953615845276,866.528859730548,False,-348.36650185397957,22312.081140269453,-866.528859730548,baseline,866.528859730548,3.7384850072137543
충북,문화 및 기타서비스업,regional_service_production_index_R_S,2025,2,10645.092756659682,21774.64585714286,23178.61,-1403.9641428571413,6.05715417299459,prior_year_province_anchor,22313.571101235924,-865.0388987640763,3.7320568350046712,1403.9641428571413,865.0388987640763,False,-538.925244093065,22313.571101235924,-865.0388987640763,baseline,865.0388987640763,3.7320568350046712
충북,문화 및 기타서비스업,regional_service_production_index_R_S,2025,3,16303.561038611193,22705.37616923718,23178.61,-473.2338307628197,2.0416833915529002,prior_year_province_anchor,22606.50261362339,-572.1073863766105,2.468255802986506,473.2338307628197,572.1073863766105,True,98.87355561379081,22705.37616923718,-473.2338307628197,regional_service_production_index_R_S,473.2338307628197,2.0416833915529002
충북,문화 및 기타서비스업,regional_service_production_index_R_S,2025,4,22300.220966776415,22300.220966776415,23178.61,-878.389033223586,3.7896536212636827,prior_year_province_anchor,22547.71752760416,-630.8924723958407,2.7218736257085334,878.389033223586,630.8924723958407,False,-247.49656082774527,22547.71752760416,-630.8924723958407,baseline,630.8924723958407,2.7218736257085334
충북,보건 및 사회복지업,regional_service_production_index_Q,2022,1,8091.227233991333,33745.941696787144,32377.67,1368.2716967871456,4.225973322932582,prior_year_province_anchor,33118.11014835384,740.4401483538386,2.28688521550142,1368.2716967871456,740.4401483538386,False,-627.831548433307,33118.11014835384,740.4401483538386,baseline,740.4401483538386,2.28688521550142
충북,보건 및 사회복지업,regional_service_production_index_Q,2022,2,16387.85280211844,33667.23073194856,32377.67,1289.5607319485644,3.9828707005431965,prior_year_province_anchor,32861.73231954809,484.0623195480948,1.4950498894704125,1289.5607319485644,484.0623195480948,False,-805.4984124004695,32861.73231954809,484.0623195480948,baseline,484.0623195480948,1.4950498894704123
충북,보건 및 사회복지업,regional_service_production_index_Q,2022,3,24589.114857968223,33002.64398061389,32377.67,624.9739806138896,1.9302623709917657,prior_year_province_anchor,32439.751458366813,62.08145836681433,0.1917415872322323,624.9739806138896,62.08145836681433,False,-562.8925222470752,32439.751458366813,62.08145836681433,baseline,62.08145836681433,0.19174158723223236
충북,보건 및 사회복지업,regional_service_production_index_Q,2022,4,32768.369949446314,32768.369949446314,32377.67,390.69994944631617,1.2066956931932291,prior_year_province_anchor,32228.0906610226,-149.57933897739713,0.4619830240329126,390.69994944631617,149.57933897739713,False,-241.12061046891904,32228.0906610226,-149.57933897739713,baseline,149.57933897739713,0.46198302403291264
충북,보건 및 사회복지업,regional_service_production_index_Q,2023,1,8306.42709200806,33639.900108794194,33278.72,361.1801087941931,1.0853185122330218,prior_year_province_anchor,33666.04234145934,387.3223414593376,1.1638739154010058,361.1801087941931,387.3223414593376,True,26.142232665144547,33639.900108794194,361.1801087941931,regional_service_production_index_Q,361.1801087941931,1.0853185122330218
충북,보건 및 사회복지업,regional_service_production_index_Q,2023,2,16765.066198791134,33522.62789167413,33278.72,243.9078916741273,0.7329244985207584,prior_year_province_anchor,33377.00074539209,98.28074539209048,0.2953260984559817,243.9078916741273,98.28074539209048,False,-145.62714628203685,33377.00074539209,98.28074539209048,baseline,98.28074539209048,0.2953260984559817
충북,보건 및 사회복지업,regional_service_production_index_Q,2023,3,25296.18721737184,33710.640900954655,33278.72,431.9209009546539,1.297889164471031,prior_year_province_anchor,33404.92404607642,126.20404607641832,0.3792334743536359,431.9209009546539,126.20404607641832,False,-305.7168548782356,33404.92404607642,126.20404607641832,baseline,126.20404607641832,0.37923347435363597
충북,보건 및 사회복지업,regional_service_production_index_Q,2023,4,33631.607074098945,33631.607074098945,33278.72,352.88707409894414,1.0603985793292052,prior_year_province_anchor,33462.08117032179,183.36117032179027,0.5509862468321807,352.88707409894414,183.36117032179027,False,-169.52590377715387,33462.08117032179,183.36117032179027,baseline,183.36117032179027,0.5509862468321807
충북,보건 및 사회복지업,regional_service_production_index_Q,2024,1,8592.22124137931,34788.74917975567,34731.51,57.23917975567019,0.16480475440218462,prior_year_province_anchor,34581.20263688514,-150.30736311486544,0.4327694451374715,57.23917975567019,150.30736311486544,True,93.06818335919525,34788.74917975567,57.23917975567019,regional_service_production_index_Q,57.23917975567019,0.16480475440218462
충북,보건 및 사회복지업,regional_service_production_index_Q,2024,2,17084.03255172414,34271.470402075225,34731.51,-460.0395979247769,1.324559738188109,prior_year_province_anchor,34356.12663301747,-375.3833669825326,1.0808149918691488,460.0395979247769,375.3833669825326,False,-84.65623094224429,34356.12663301747,-375.3833669825326,baseline,375.3833669825326,1.0808149918691488
충북,보건 및 사회복지업,regional_service_production_index_Q,2024,3,25783.835862068965,34279.94223495702,34731.51,-451.56776504297886,1.3001673841505275,prior_year_province_anchor,34361.53360421005,-369.9763957899486,1.065247079064367,451.56776504297886,369.9763957899486,False,-81.59136925303028,34361.53360421005,-369.9763957899486,baseline,369.9763957899486,1.065247079064367
충북,보건 및 사회복지업,regional_service_production_index_Q,2024,4,34390.401379310344,34390.401379310344,34731.51,-341.108620689658,0.9821301195647928,prior_year_province_anchor,34499.890758554815,-231.61924144518707,0.6668850316188011,341.108620689658,231.61924144518707,False,-109.48937924447091,34499.890758554815,-231.61924144518707,baseline,231.61924144518707,0.6668850316188011
충북,보건 및 사회복지업,regional_service_production_index_Q,2025,1,9133.771451511991,36557.95835559266,36558.9,-0.9416444073431194,0.0025756913018256003,prior_year_province_anchor,36345.14011814315,-213.75988185685128,0.5846999823759776,0.9416444073431194,213.75988185685128,True,212.81823744950816,36557.95835559266,-0.9416444073431194,regional_service_production_index_Q,0.9416444073431194,0.0025756913018256003
충북,보건 및 사회복지업,regional_service_production_index_Q,2025,2,18166.137034410847,36568.69314861461,36558.9,9.79314861461171,0.026787317492079108,prior_year_province_anchor,36622.212343243016,63.312343243014766,0.173179015897674,9.79314861461171,63.312343243014766,True,53.519194628403056,36568.69314861461,9.79314861461171,regional_service_production_index_Q,9.79314861461171,0.026787317492079108
충북,보건 및 사회복지업,regional_service_production_index_Q,2025,3,27372.341249217938,36509.14500417246,36558.9,-49.75499582754128,0.13609544003660198,prior_year_province_anchor,36564.87773014218,5.9777301421781885,0.0163509573378252,49.75499582754128,5.9777301421781885,False,-43.77726568536309,36564.87773014218,5.9777301421781885,baseline,5.9777301421781885,0.016350957337825232
충북,보건 및 사회복지업,regional_service_production_index_Q,2025,4,36527.84252971846,36527.84252971846,36558.9,-31.05747028154292,0.08495187295444588,prior_year_province_anchor,36731.888613260526,172.9886132605243,0.473177839761383,31.05747028154292,172.9886132605243,True,141.93114297898137,36527.84252971846,-31.05747028154292,regional_service_production_index_Q,31.05747028154292,0.08495187295444588
충북,부동산업,regional_service_production_index_L,2021,1,8650.51984496124,35773.969865563595,33579.17,2194.7998655635965,6.536194508570631,prior_year_province_anchor,33925.95758239796,346.787582397963,1.0327461411284524,2194.7998655635965,346.787582397963,False,-1848.0122831656336,33925.95758239796,346.787582397963,baseline,346.787582397963,1.0327461411284524
충북,부동산업,regional_service_production_index_L,2021,2,17506.22279819955,35482.70905727318,33579.17,1903.5390572731849,5.668809137549215,prior_year_province_anchor,33860.53368626543,281.36368626543117,0.8379113785880687,1903.5390572731849,281.36368626543117,False,-1622.1753710077537,33860.53368626543,281.36368626543117,baseline,281.36368626543117,0.8379113785880687
충북,부동산업,regional_service_production_index_L,2021,3,27338.597346836712,36884.969902159246,33579.17,3305.7999021592477,9.844793370888107,prior_year_province_anchor,33564.04163353358,-15.128366466415171,0.0450528302707159,3305.7999021592477,15.128366466415171,False,-3290.6715356928325,33564.04163353358,-15.128366466415171,baseline,15.128366466415171,0.04505283027071596
충북,부동산업,regional_service_production_index_L,2021,4,37811.143193298325,37811.143193298325,33579.17,4231.973193298327,12.602971405482407,prior_year_province_anchor,33372.035568641404,-207.13443135859416,0.6168539346225478,4231.973193298327,207.13443135859416,False,-4024.8387619397326,33372.035568641404,-207.13443135859416,baseline,207.13443135859416,0.6168539346225478
충북,부동산업,regional_service_production_index_L,2022,1,9591.966077707835,41926.174307400375,33776.33,8149.8443074003735,24.128862749151175,prior_year_province_anchor,32978.84756402534,-797.4824359746635,2.3610689378468988,8149.8443074003735,797.4824359746635,False,-7352.36187142571,32978.84756402534,-797.4824359746635,baseline,797.4824359746635,2.3610689378468988
충북,부동산업,regional_service_production_index_L,2022,2,20947.804336878657,45244.50753867791,33776.33,11468.177538677912,33.95329669824375,prior_year_province_anchor,32733.65602932105,-1042.6739706789522,3.086996043320728,11468.177538677912,1042.6739706789522,False,-10425.50356799896,32733.65602932105,-1042.6739706789522,baseline,1042.6739706789522,3.086996043320728
충북,부동산업,regional_service_production_index_L,2022,3,33207.4448708487,45928.15926748723,33776.33,12151.829267487228,35.97735238697404,prior_year_province_anchor,32803.38916040138,-972.9408395986248,2.880540424606891,12151.829267487228,972.9408395986248,False,-11178.888427888603,32803.38916040138,-972.9408395986248,baseline,972.9408395986248,2.8805404246068913
충북,부동산업,regional_service_production_index_L,2022,4,45678.4585174734,45678.4585174734,33776.33,11902.1285174734,35.23807505869762,prior_year_province_anchor,32916.524208030714,-859.8057919692874,2.5455867821320055,11902.1285174734,859.8057919692874,False,-11042.322725504113,32916.524208030714,-859.8057919692874,baseline,859.8057919692874,2.5455867821320055
충북,부동산업,regional_service_production_index_L,2023,1,9485.613658847935,45171.9914893617,34113.04,11058.951489361702,32.418545780035146,prior_year_province_anchor,33797.858762297925,-315.18123770207603,0.9239318386812668,11058.951489361702,315.18123770207603,False,-10743.770251659626,33797.858762297925,-315.18123770207603,baseline,315.18123770207603,0.9239318386812668
충북,부동산업,regional_service_production_index_L,2023,2,19084.407935216215,41615.165111343085,34113.04,7502.125111343084,21.991957067863446,prior_year_province_anchor,33897.09041848341,-215.94958151659375,0.633041152347002,7502.125111343084,215.94958151659375,False,-7286.175529826491,33897.09041848341,-215.94958151659375,baseline,215.94958151659375,0.633041152347002
충북,부동산업,regional_service_production_index_L,2023,3,29319.169490984525,40329.94626865672,34113.04,6216.9062686567195,18.224427575662325,prior_year_province_anchor,34010.400296095475,-102.63970390452596,0.3008811407735164,6216.9062686567195,102.63970390452596,False,-6114.2665647521935,34010.400296095475,-102.63970390452596,baseline,102.63970390452596,0.3008811407735164
충북,부동산업,regional_service_production_index_L,2023,4,38810.17270304772,38810.17270304772,34113.04,4697.132703047719,13.769317255359589,prior_year_province_anchor,34065.52808436759,-47.51191563241446,0.139277870375711,4697.132703047719,47.51191563241446,False,-4649.620787415304,34065.52808436759,-47.51191563241446,baseline,47.51191563241446,0.13927787037571104
충북,부동산업,regional_service_production_index_L,2024,1,9128.708246076934,37349.90231818182,36072.0,1277.9023181818193,3.5426433748664317,prior_year_province_anchor,34555.950294553884,-1516.0497054461157,4.202843494805156,1277.9023181818193,1516.0497054461157,True,238.1473872642964,37349.90231818182,1277.9023181818193,regional_service_production_index_L,1277.9023181818193,3.5426433748664317
충북,부동산업,regional_service_production_index_L,2024,2,19688.070301347034,40037.78430951708,36072.0,3965.784309517083,10.99407936770094,prior_year_province_anchor,34814.52659193452,-1257.4734080654816,3.486009669731319,3965.784309517083,1257.4734080654816,False,-2708.3109014516012,34814.52659193452,-1257.4734080654816,baseline,1257.4734080654816,3.4860096697313194
충북,부동산업,regional_service_production_index_L,2024,3,28930.472889876408,38295.64986764706,36072.0,2223.6498676470583,6.16447623543762,prior_year_province_anchor,34798.55691594065,-1273.4430840593486,3.5302813374898774,2223.6498676470583,1273.4430840593486,False,-950.2067835877097,34798.55691594065,-1273.4430840593486,baseline,1273.4430840593486,3.5302813374898774
충북,부동산업,regional_service_production_index_L,2024,4,38736.60992639911,38736.60992639911,36072.0,2664.6099263991127,7.386920399199138,prior_year_province_anchor,34776.16139798583,-1295.8386020141695,3.592366938384813,2664.6099263991127,1295.8386020141695,False,-1368.7713243849432,34776.16139798583,-1295.8386020141695,baseline,1295.8386020141695,3.5923669383848127
충북,부동산업,regional_service_production_index_L,2025,1,8196.37715543598,34780.3715620135,34866.31,-85.9384379865005,0.24647987695428772,prior_year_province_anchor,35923.780498350265,1057.470498350267,3.032929204008876,85.9384379865005,1057.470498350267,True,971.5320603637665,34780.3715620135,-85.9384379865005,regional_service_production_index_L,85.9384379865005,0.24647987695428772
충북,부동산업,regional_service_production_index_L,2025,2,15942.791732909378,31367.711260827713,34866.31,-3498.5987391722847,10.034324650851453,prior_year_province_anchor,35904.325225794,1038.015225793999,2.977129572340747,3498.5987391722847,1038.015225793999,False,-2460.5835133782857,35904.325225794,1038.015225793999,baseline,1038.015225793999,2.977129572340747
충북,부동산업,regional_service_production_index_L,2025,3,23874.48501895561,31966.86818405109,34866.31,-2899.441815948907,8.31588377419035,prior_year_province_anchor,36042.301147484,1175.9911474840046,3.3728580612172743,2899.441815948907,1175.9911474840046,False,-1723.4506684649023,36042.301147484,1175.9911474840046,baseline,1175.9911474840046,3.3728580612172743
충북,부동산업,regional_service_production_index_L,2025,4,31223.87379234438,31223.87379234438,34866.31,-3642.436207655617,10.446864631375151,prior_year_province_anchor,36206.368148948,1340.0581489480028,3.843418328317516,3642.436207655617,1340.0581489480028,False,-2302.3780587076144,36206.368148948,1340.0581489480028,baseline,1340.0581489480028,3.843418328317516
충북,사업서비스업,regional_service_production_index_M_N,2021,1,8979.679184898112,36405.70390268626,36761.0,-355.29609731373785,0.9665028081764312,prior_year_province_anchor,36156.271189151106,-604.7288108488938,1.6450281843499737,355.29609731373785,604.7288108488938,True,249.43271353515593,36405.70390268626,-355.29609731373785,regional_service_production_index_M_N,355.29609731373785,0.9665028081764312
충북,사업서비스업,regional_service_production_index_M_N,2021,2,18818.72377797224,36912.94053457577,36761.0,151.94053457576956,0.41331991669369594,prior_year_province_anchor,37329.247798002914,568.2477980029144,1.545789826182406,151.94053457576956,568.2477980029144,True,416.3072634271448,36912.94053457577,151.94053457576956,regional_service_production_index_M_N,151.94053457576956,0.41331991669369594
충북,사업서비스업,regional_service_production_index_M_N,2021,3,27297.489436179516,36877.65884141192,36761.0,116.65884141191782,0.31734403691933794,prior_year_province_anchor,37256.73424529319,495.7342452931916,1.348533079331878,116.65884141191782,495.7342452931916,True,379.07540388127376,36877.65884141192,116.65884141191782,regional_service_production_index_M_N,116.65884141191782,0.31734403691933794
충북,사업서비스업,regional_service_production_index_M_N,2021,4,36971.09469933741,36971.09469933741,36761.0,210.0946993374091,0.5715151909289984,prior_year_province_anchor,37266.467354473934,505.4673544739344,1.3750098051574615,210.0946993374091,505.4673544739344,True,295.3726551365253,36971.09469933741,210.0946993374091,regional_service_production_index_M_N,210.0946993374091,0.5715151909289984
충북,사업서비스업,regional_service_production_index_M_N,2022,1,9353.606836544437,38510.627942681676,37730.350000000006,780.2779426816705,2.0680379129312887,prior_year_province_anchor,37949.26796504255,218.91796504254307,0.5802171595083084,780.2779426816705,218.91796504254307,False,-561.3599776391275,37949.26796504255,218.91796504254307,baseline,218.91796504254307,0.5802171595083084
충북,사업서비스업,regional_service_production_index_M_N,2022,2,19241.83604723431,37802.33724053724,37730.350000000006,71.98724053723708,0.19079399087799895,prior_year_province_anchor,38002.099240323834,271.7492403238284,0.7202404438968321,71.98724053723708,271.7492403238284,True,199.76199978659133,37802.33724053724,71.98724053723708,regional_service_production_index_M_N,71.98724053723708,0.19079399087799895
충북,사업서비스업,regional_service_production_index_M_N,2022,3,27539.906401491615,37299.41868686869,37730.350000000006,-430.93131313131744,1.1421344173359573,prior_year_province_anchor,37691.17372235586,-39.17627764414647,0.103832266714055,430.93131313131744,39.17627764414647,False,-391.75503548717097,37691.17372235586,-39.17627764414647,baseline,39.17627764414647,0.10383226671405502
충북,사업서비스업,regional_service_production_index_M_N,2022,4,36811.26364201368,36811.26364201368,37730.350000000006,-919.086357986329,2.435933825120437,prior_year_province_anchor,37717.82659142416,-12.52340857584204,0.0331918696111804,919.086357986329,12.52340857584204,False,-906.5629494104869,37717.82659142416,-12.52340857584204,baseline,12.52340857584204,0.033191869611180494
충북,사업서비스업,regional_service_production_index_M_N,2024,1,9447.548549954648,37484.18105912597,39730.3,-2246.118940874032,5.653415506235874,prior_year_province_anchor,41131.25999133503,1400.9599913350248,3.5261752147228305,2246.118940874032,1400.9599913350248,False,-845.1589495390072,41131.25999133503,1400.9599913350248,baseline,1400.9599913350248,3.5261752147228305
충북,사업서비스업,regional_service_production_index_M_N,2024,2,19469.892642218485,37637.565511022054,39730.3,-2092.734488977949,5.267351338847048,prior_year_province_anchor,40807.34166421847,1077.0416642184646,2.71088228434838,2092.734488977949,1077.0416642184646,False,-1015.6928247594842,40807.34166421847,1077.0416642184646,baseline,1077.0416642184646,2.71088228434838
충북,사업서비스업,regional_service_production_index_M_N,2024,3,27820.104247764688,37317.52902485661,39730.3,-2412.770975143394,6.072873789383403,prior_year_province_anchor,40637.78077510125,907.4807751012486,2.2841024988516283,2412.770975143394,907.4807751012486,False,-1505.2902000421454,40637.78077510125,907.4807751012486,baseline,907.4807751012486,2.2841024988516283
충북,사업서비스업,regional_service_production_index_M_N,2024,4,36990.70585460673,36990.70585460673,39730.3,-2739.5941453932755,6.895478124739244,prior_year_province_anchor,40165.20153984603,434.9015398460251,1.094634422206792,2739.5941453932755,434.9015398460251,False,-2304.6926055472504,40165.20153984603,434.9015398460251,baseline,434.9015398460251,1.094634422206792
충북,사업서비스업,regional_service_production_index_M_N,2025,1,10029.389193388895,39268.83080752212,41230.04,-1961.2091924778797,4.756748216780482,prior_year_province_anchor,39013.47714846027,-2216.562851539733,5.3760870751998615,1961.2091924778797,2216.562851539733,True,255.35365906185325,39268.83080752212,-1961.2091924778797,regional_service_production_index_M_N,1961.2091924778797,4.756748216780482
충북,사업서비스업,regional_service_production_index_M_N,2025,2,21310.347379573384,40487.372275899084,41230.04,-742.6677241009165,1.801278204195088,prior_year_province_anchor,39114.21742374075,-2115.8225762592483,5.131749996505578,742.6677241009165,2115.8225762592483,True,1373.1548521583318,40487.372275899084,-742.6677241009165,regional_service_production_index_M_N,742.6677241009165,1.801278204195088
충북,사업서비스업,regional_service_production_index_M_N,2025,3,30750.43278711682,40886.98604432757,41230.04,-343.0539556724325,0.8320485637957966,prior_year_province_anchor,39550.303900462,-1679.7360995380004,4.074058864696712,343.0539556724325,1679.7360995380004,True,1336.682143865568,40886.98604432757,-343.0539556724325,regional_service_production_index_M_N,343.0539556724325,0.8320485637957966
충북,사업서비스업,regional_service_production_index_M_N,2025,4,41402.80026839949,41402.80026839949,41230.04,172.7602683994919,0.4190155246017028,prior_year_province_anchor,39708.50798167482,-1521.5320183251824,3.690348149856712,172.7602683994919,1521.5320183251824,True,1348.7717499256905,41402.80026839949,172.7602683994919,regional_service_production_index_M_N,172.7602683994919,0.4190155246017028
충북,서비스업,regional_service_production_index_T,2021,1,73119.27060734817,295505.2542424243,313923.54000000004,-18418.285757575766,5.867124764704094,prior_year_province_anchor,308376.30946287914,-5547.230537120893,1.7670642147832851,18418.285757575766,5547.230537120893,False,-12871.055220454873,308376.30946287914,-5547.230537120893,baseline,5547.230537120893,1.7670642147832853
충북,서비스업,regional_service_production_index_T,2021,2,151568.59071482127,304736.6489698492,313923.54000000004,-9186.891030150815,2.9264740803288642,prior_year_province_anchor,312295.62135597446,-1627.9186440255726,0.5185717018945354,9186.891030150815,1627.9186440255726,False,-7558.972386125242,312295.62135597446,-1627.9186440255726,baseline,1627.9186440255726,0.5185717018945354
충북,서비스업,regional_service_production_index_T,2021,3,229492.4129842539,308017.1567762495,313923.54000000004,-5906.383223750512,1.8814719099276567,prior_year_province_anchor,312775.4329241434,-1148.107075856649,0.3657282521268233,5906.383223750512,1148.107075856649,False,-4758.276147893863,312775.4329241434,-1148.107075856649,baseline,1148.107075856649,0.3657282521268233
충북,서비스업,regional_service_production_index_T,2021,4,311019.64900024986,311019.64900024986,313923.54000000004,-2903.890999750176,0.9250312989431042,prior_year_province_anchor,312899.45755832474,-1024.082441675302,0.3262203406840092,2903.890999750176,1024.082441675302,False,-1879.8085580748739,312899.45755832474,-1024.082441675302,baseline,1024.082441675302,0.32622034068400924
충북,서비스업,regional_service_production_index_T,2022,1,78727.14411296164,334873.26289527724,326297.57999999996,8575.682895277278,2.6281785158435067,prior_year_province_anchor,329569.3745471913,3271.7945471913554,1.0027026701182875,8575.682895277278,3271.7945471913554,False,-5303.888348085922,329569.3745471913,3271.7945471913554,baseline,3271.7945471913554,1.0027026701182877
충북,서비스업,regional_service_production_index_T,2022,2,163970.68321506158,336468.8165230312,326297.57999999996,10171.236523031257,3.1171657856093384,prior_year_province_anchor,328171.73936319235,1874.1593631923895,0.5743712114544,10171.236523031257,1874.1593631923895,False,-8297.077159838867,328171.73936319235,1874.1593631923895,baseline,1874.1593631923895,0.5743712114544
충북,서비스업,regional_service_production_index_T,2022,3,247395.69348298342,335283.0742885182,326297.57999999996,8985.494288518268,2.7537728868593723,prior_year_province_anchor,327994.91171033535,1697.331710335391,0.5201790679340593,8985.494288518268,1697.331710335391,False,-7288.162578182877,327994.91171033535,1697.331710335391,baseline,1697.331710335391,0.5201790679340593
충북,서비스업,regional_service_production_index_T,2022,4,334003.1292107169,334003.1292107169,326297.57999999996,7705.54921071697,2.3615097637919873,prior_year_province_anchor,326716.2328705718,418.65287057182286,0.1283040072107868,7705.54921071697,418.65287057182286,False,-7286.896340145147,326716.2328705718,418.65287057182286,baseline,418.65287057182286,0.12830400721078683
충북,서비스업,regional_service_production_index_T,2023,1,81648.41895190561,346396.7572088546,334766.37,11630.387208854605,3.474180279475087,prior_year_province_anchor,343368.86372741446,8602.493727414461,2.569700692281146,11630.387208854605,8602.493727414461,False,-3027.8934814401437,343368.86372741446,8602.493727414461,baseline,8602.493727414461,2.569700692281146
충북,서비스업,regional_service_production_index_T,2023,2,165369.50855716874,336852.4924768945,334766.37,2086.122476894525,0.6231577194849426,prior_year_province_anchor,339345.7006654679,4579.330665467889,1.3679183681048634,2086.122476894525,4579.330665467889,True,2493.208188573364,336852.4924768945,2086.122476894525,regional_service_production_index_T,2086.122476894525,0.6231577194849426
충북,서비스업,regional_service_production_index_T,2023,3,247165.97541288563,333692.9922266462,334766.37,-1073.3777733537718,0.32063488735555246,prior_year_province_anchor,338373.5482233473,3607.1782233472914,1.07752108533103,1073.3777733537718,3607.1782233472914,True,2533.8004499935196,333692.9922266462,-1073.3777733537718,regional_service_production_index_T,1073.3777733537718,0.32063488735555246
충북,서비스업,regional_service_production_index_T,2023,4,330146.8254990925,330146.8254990925,334766.37,-4619.544500907476,1.3799308756454467,prior_year_province_anchor,335873.0289510295,1106.6589510295307,0.3305765005694959,4619.544500907476,1106.6589510295307,False,-3512.885549877945,335873.0289510295,1106.6589510295307,baseline,1106.6589510295307,0.3305765005694959
충북,서비스업,regional_service_production_index_T,2024,1,82340.51746412556,332945.33806890296,342655.82,-9710.481931097049,2.8338879319478796,prior_year_province_anchor,345820.44271909614,3164.6227190961363,0.923557264865992,9710.481931097049,3164.6227190961363,False,-6545.8592120009125,345820.44271909614,3164.6227190961363,baseline,3164.6227190961363,0.9235572648659919
충북,서비스업,regional_service_production_index_T,2024,2,167683.42389686097,334766.37000000005,342655.82,-7889.449999999953,2.3024415578290642,prior_year_province_anchor,343706.3673573364,1050.5473573363852,0.3065896727907277,7889.449999999953,1050.5473573363852,False,-6838.902642663568,343706.3673573364,1050.5473573363852,baseline,1050.5473573363852,0.30658967279072774
충북,서비스업,regional_service_production_index_T,2024,3,249123.22467040358,332761.18060197664,342655.82,-9894.63939802337,2.887632084586618,prior_year_province_anchor,342807.41842680704,151.5984268070315,0.044242186461923,9894.63939802337,151.5984268070315,False,-9743.040971216338,342807.41842680704,151.5984268070315,baseline,151.5984268070315,0.04424218646192307
충북,서비스업,regional_service_production_index_T,2024,4,333865.653309417,333865.653309417,342655.82,-8790.166690582992,2.565304943772148,prior_year_province_anchor,341118.3472628399,-1537.472737160104,0.4486930171389191,8790.166690582992,1537.472737160104,False,-7252.693953422888,341118.3472628399,-1537.472737160104,baseline,1537.472737160104,0.4486930171389192
충북,서비스업,regional_service_production_index_T,2025,1,84123.2363848921,341094.0341294439,347885.98,-6791.945870556054,1.9523482580574398,prior_year_province_anchor,348932.13092443394,1046.150924433954,0.3007166096299581,6791.945870556054,1046.150924433954,False,-5745.7949461221,348932.13092443394,1046.150924433954,baseline,1046.150924433954,0.3007166096299581
충북,서비스업,regional_service_production_index_T,2025,2,171559.01779226618,341582.14464637416,347885.98,-6303.835353625822,1.81204064435877,prior_year_province_anchor,348502.6422291967,616.6622291966924,0.1772598680742156,6303.835353625822,616.6622291966924,False,-5687.1731244291295,348502.6422291967,616.6622291966924,baseline,616.6622291966924,0.17725986807421568
충북,서비스업,regional_service_production_index_T,2025,3,257916.29616906474,345649.7997469117,347885.98,-2236.1802530882997,0.6427911389496925,prior_year_province_anchor,349395.66297606553,1509.6829760655528,0.4339591311111626,2236.1802530882997,1509.6829760655528,False,-726.4972770227469,349395.66297606553,1509.6829760655528,baseline,1509.6829760655528,0.43395913111116263
충북,서비스업,regional_service_production_index_T,2025,4,345275.04164568346,345275.04164568346,347885.98,-2610.938354316517,0.7505155437182369,prior_year_province_anchor,349036.43880546093,1150.4588054609485,0.330699962516727,2610.938354316517,1150.4588054609485,False,-1460.4795488555683,349036.43880546093,1150.4588054609485,baseline,1150.4588054609485,0.33069996251672706
충북,숙박 및 음식점업,regional_service_production_index_I,2021,1,2530.0714500000004,10929.034341252702,13057.25,-2128.215658747298,16.299110905797914,prior_year_province_anchor,10768.15324633074,-2289.0967536692588,17.53123171930735,2128.215658747298,2289.0967536692588,True,160.88109492196054,10929.034341252702,-2128.215658747298,regional_service_production_index_I,2128.215658747298,16.299110905797914
충북,숙박 및 음식점업,regional_service_production_index_I,2021,2,5653.61645,11759.992615704628,13057.25,-1297.2573842953716,9.935150083634545,prior_year_province_anchor,11727.324735780889,-1329.925264219111,10.185339671210333,1297.2573842953716,1329.925264219111,True,32.66787992373952,11759.992615704628,-1297.2573842953716,regional_service_production_index_I,1297.2573842953716,9.935150083634545
충북,숙박 및 음식점업,regional_service_production_index_I,2021,3,9014.550870000001,11963.571161247513,13057.25,-1093.6788387524866,8.376027408163944,prior_year_province_anchor,12286.254529873017,-770.9954701269853,5.904730859307935,1093.6788387524866,770.9954701269853,False,-322.6833686255013,12286.254529873017,-770.9954701269853,baseline,770.9954701269853,5.904730859307935
충북,숙박 및 음식점업,regional_service_production_index_I,2021,4,12675.34561,12675.34561,13057.25,-381.9043899999997,2.924845507285222,prior_year_province_anchor,13175.862994501482,118.6129945014818,0.9084071646133896,381.9043899999997,118.6129945014818,False,-263.2913954985179,13175.862994501482,118.6129945014818,baseline,118.6129945014818,0.9084071646133893
충북,숙박 및 음식점업,regional_service_production_index_I,2022,1,3008.5088097585017,15072.257716049382,15750.48,-678.2222839506176,4.306041999676312,prior_year_province_anchor,14286.08621587746,-1464.3937841225395,9.29745496088081,678.2222839506176,1464.3937841225395,True,786.1715001719219,15072.257716049382,-678.2222839506176,regional_service_production_index_I,678.2222839506176,4.306041999676312
충북,숙박 및 음식점업,regional_service_production_index_I,2022,2,7014.491128634795,15726.411602209944,15750.48,-24.068397790055315,0.15281056697989723,prior_year_province_anchor,14808.540204778325,-941.9397952216768,5.980387868951784,24.068397790055315,941.9397952216768,True,917.8713974316215,15726.411602209944,-24.068397790055315,regional_service_production_index_I,24.068397790055315,0.15281056697989723
충북,숙박 및 음식점업,regional_service_production_index_I,2022,3,11567.475049285362,16265.008229383227,15750.48,514.5282293832279,3.266746342862109,prior_year_province_anchor,15145.690703374956,-604.7892966250438,3.839815019129854,514.5282293832279,604.7892966250438,True,90.26106724181591,16265.008229383227,514.5282293832279,regional_service_production_index_I,514.5282293832279,3.266746342862109
충북,숙박 및 음식점업,regional_service_production_index_I,2022,4,16033.58224494825,16033.58224494825,15750.48,283.1022449482498,1.797419792592034,prior_year_province_anchor,14860.42310937153,-890.0568906284698,5.650982640709805,283.1022449482498,890.0568906284698,True,606.95464568022,16033.58224494825,283.1022449482498,regional_service_production_index_I,283.1022449482498,1.797419792592034
충북,숙박 및 음식점업,regional_service_production_index_I,2023,1,3729.794581577363,19877.61112299465,14965.33,4912.281122994651,32.824408970564974,prior_year_province_anchor,18028.654106855847,3063.3241068558473,20.469472486445987,4912.281122994651,3063.3241068558473,False,-1848.9570161388037,18028.654106855847,3063.3241068558473,baseline,3063.3241068558473,20.469472486445987
충북,숙박 및 음식점업,regional_service_production_index_I,2023,2,7636.596363636363,17455.577834862386,14965.33,2490.2478348623863,16.640113080449186,prior_year_province_anchor,16360.312083105204,1394.982083105204,9.321425475450283,2490.2478348623863,1394.982083105204,False,-1095.2657517571822,16360.312083105204,1394.982083105204,baseline,1394.982083105204,9.321425475450285
충북,숙박 및 음식점업,regional_service_production_index_I,2023,3,11429.607802528597,15842.485585535465,14965.33,877.1555855354654,5.861251208863857,prior_year_province_anchor,15768.444000649031,803.1140006490314,5.366497101293666,877.1555855354654,803.1140006490314,False,-74.04158488643407,15768.444000649031,803.1140006490314,baseline,803.1140006490314,5.366497101293666
충북,숙박 및 음식점업,regional_service_production_index_I,2023,4,15209.975869957858,15209.975869957858,14965.33,244.64586995785794,1.6347509206803854,prior_year_province_anchor,15527.83304722006,562.5030472200615,3.758707941756456,244.64586995785794,562.5030472200615,True,317.85717726220355,15209.975869957858,244.64586995785794,regional_service_production_index_I,244.64586995785794,1.6347509206803854
충북,숙박 및 음식점업,regional_service_production_index_I,2024,1,3483.2023275145466,14204.381016949152,14855.3,-650.9189830508476,4.3817289657620355,prior_year_province_anchor,15091.14756753939,235.8475675393911,1.5876324782359907,650.9189830508476,235.8475675393911,False,-415.0714155114565,15091.14756753939,235.8475675393911,baseline,235.8475675393911,1.5876324782359907
충북,숙박 및 음식점업,regional_service_production_index_I,2024,2,7059.7047173732335,14060.968170529803,14855.3,-794.3318294701967,5.347127486285681,prior_year_province_anchor,15011.96168239073,156.66168239073158,1.054584440507641,794.3318294701967,156.66168239073158,False,-637.6701470794651,15011.96168239073,156.66168239073158,baseline,156.66168239073158,1.054584440507641
충북,숙박 및 음식점업,regional_service_production_index_I,2024,3,10567.787061512885,14063.106012168142,14855.3,-792.1939878318572,5.332736382515716,prior_year_province_anchor,14865.748618632086,10.448618632086436,0.0703359651577984,792.1939878318572,10.448618632086436,False,-781.7453691997707,14865.748618632086,10.448618632086436,baseline,10.448618632086436,0.07033596515779848
충북,숙박 및 음식점업,regional_service_production_index_I,2024,4,14203.379490856194,14203.379490856194,14855.3,-651.9205091438052,4.38847084302441,prior_year_province_anchor,14740.374875146445,-114.92512485355655,0.7736304541379613,651.9205091438052,114.92512485355655,False,-536.9953842902487,14740.374875146445,-114.92512485355655,baseline,114.92512485355655,0.7736304541379613
충북,운수 및 창고업,regional_service_production_index_H,2021,1,4086.4985721430357,16473.697368951613,20213.86,-3740.162631048388,18.502960993340153,prior_year_province_anchor,17362.24783768936,-2851.612162310641,14.107212389472574,3740.162631048388,2851.612162310641,False,-888.550468737747,17362.24783768936,-2851.612162310641,baseline,2851.612162310641,14.107212389472574
충북,운수 및 창고업,regional_service_production_index_H,2021,2,8591.677894473618,17153.3299550674,20213.86,-3060.5300449326023,15.140750182956655,prior_year_province_anchor,19046.045064681228,-1167.8149353187728,5.777298028772202,3060.5300449326023,1167.8149353187728,False,-1892.7151096138296,19046.045064681228,-1167.8149353187728,baseline,1167.8149353187728,5.777298028772202
충북,운수 및 창고업,regional_service_production_index_H,2021,3,13035.79960740185,17464.04108207705,20213.86,-2749.818917922952,13.603630963719704,prior_year_province_anchor,19192.152190988025,-1021.7078090119758,5.054491368852736,2749.818917922952,1021.7078090119758,False,-1728.1111089109763,19192.152190988025,-1021.7078090119758,baseline,1021.7078090119758,5.054491368852736
충북,운수 및 창고업,regional_service_production_index_H,2021,4,17754.680562640657,17754.680562640657,20213.86,-2459.179437359344,12.165808199717143,prior_year_province_anchor,19335.878709694356,-877.9812903056445,4.343461814347405,2459.179437359344,877.9812903056445,False,-1581.1981470536994,19335.878709694356,-877.9812903056445,baseline,877.9812903056445,4.343461814347405
충북,운수 및 창고업,regional_service_production_index_H,2023,1,5508.20988976378,24362.182049751245,25037.32,-675.1379502487544,2.6965264263457684,prior_year_province_anchor,25023.30308406562,-14.01691593437863,0.055984090686937,675.1379502487544,14.01691593437863,False,-661.1210343143757,25023.30308406562,-14.01691593437863,baseline,14.01691593437863,0.05598409068693706
충북,운수 및 창고업,regional_service_production_index_H,2023,2,11178.425952755908,23382.636875294123,25037.32,-1654.6831247058763,6.608866782490604,prior_year_province_anchor,26302.257483752805,1264.9374837528048,5.052207998910445,1654.6831247058763,1264.9374837528048,False,-389.7456409530714,26302.257483752805,1264.9374837528048,baseline,1264.9374837528048,5.052207998910445
충북,운수 및 창고업,regional_service_production_index_H,2023,3,16585.38198425197,22517.416896762377,25037.32,-2519.9031032376224,10.064587995990076,prior_year_province_anchor,26477.914606263177,1440.5946062631774,5.753789168581851,2519.9031032376224,1440.5946062631774,False,-1079.308496974445,26477.914606263177,1440.5946062631774,baseline,1440.5946062631774,5.753789168581851
충북,운수 및 창고업,regional_service_production_index_H,2023,4,22169.53226771654,22169.53226771654,25037.32,-2867.787732283461,11.4540523198308,prior_year_province_anchor,26425.926455189132,1388.6064551891322,5.5461465332117506,2867.787732283461,1388.6064551891322,False,-1479.1812770943288,26425.926455189132,1388.6064551891322,baseline,1388.6064551891322,5.5461465332117506
충북,운수 및 창고업,regional_service_production_index_H,2024,1,6140.690038821648,24715.14860294118,29500.47,-4785.321397058822,16.221170025626108,prior_year_province_anchor,29493.56257122124,-6.907428778762551,0.0234146397625615,4785.321397058822,6.907428778762551,False,-4778.41396828006,29493.56257122124,-6.907428778762551,baseline,6.907428778762551,0.02341463976256158
충북,운수 및 창고업,regional_service_production_index_H,2024,2,12613.000210093629,25014.64126811594,29500.47,-4485.828731884059,15.205956826735504,prior_year_province_anchor,27989.796148742695,-1510.6738512573063,5.1208467229752825,4485.828731884059,1510.6738512573063,False,-2975.154880626753,27989.796148742695,-1510.6738512573063,baseline,1510.6738512573063,5.1208467229752825
충북,운수 및 창고업,regional_service_production_index_H,2024,3,19022.41690796986,25427.09512820513,29500.47,-4073.374871794873,13.807830423701292,prior_year_province_anchor,27647.8644885955,-1852.6055114045012,6.279918629786241,4073.374871794873,1852.6055114045012,False,-2220.7693603903717,27647.8644885955,-1852.6055114045012,baseline,1852.6055114045012,6.279918629786241
충북,운수 및 창고업,regional_service_production_index_H,2024,4,25620.51402603334,25620.51402603334,29500.47,-3879.955973966662,13.152183588826421,prior_year_province_anchor,27318.30031351249,-2182.169686487512,7.397067526339452,3879.955973966662,2182.169686487512,False,-1697.78628747915,27318.30031351249,-2182.169686487512,baseline,2182.169686487512,7.397067526339452
충북,운수 및 창고업,regional_service_production_index_H,2025,1,6912.629658558358,28841.24162011173,29859.82,-1018.5783798882694,3.4112006699580553,prior_year_province_anchor,30526.41639787964,666.596397879639,2.232419344388677,1018.5783798882694,666.596397879639,False,-351.98198200863044,30526.41639787964,666.596397879639,baseline,666.596397879639,2.232419344388677
충북,운수 및 창고업,regional_service_production_index_H,2025,2,14253.184010265564,28952.183839528556,29859.82,-907.6361604714439,3.0396571729884636,prior_year_province_anchor,30446.41312683857,586.5931268385721,1.964489828935915,907.6361604714439,586.5931268385721,False,-321.0430336328718,30446.41312683857,586.5931268385721,baseline,586.5931268385721,1.964489828935915
충북,운수 및 창고업,regional_service_production_index_H,2025,3,21685.906757420216,29207.85938683498,29859.82,-651.960613165018,2.183404364678079,prior_year_province_anchor,30313.004715348,453.1847153480012,1.5177074588795283,651.960613165018,453.1847153480012,False,-198.7758978170168,30313.004715348,453.1847153480012,baseline,453.1847153480012,1.5177074588795283
충북,운수 및 창고업,regional_service_production_index_H,2025,4,29204.214443204637,29204.214443204637,29859.82,-655.6055567953626,2.195611215323343,prior_year_province_anchor,30161.455627938827,301.6356279388274,1.010172291523617,655.6055567953626,301.6356279388274,False,-353.96992885653526,30161.455627938827,301.6356279388274,baseline,301.6356279388274,1.0101722915236173
충북,정보통신업,regional_service_production_index_J,2021,1,2166.941112221945,8731.048731117826,9846.41,-1115.361268882174,11.327593192667926,prior_year_province_anchor,9103.615550310453,-742.794449689547,7.543809872730741,1115.361268882174,742.794449689547,False,-372.566819192627,9103.615550310453,-742.794449689547,baseline,742.794449689547,7.543809872730741
충북,정보통신업,regional_service_production_index_J,2021,2,4338.220444888778,8974.777662874872,9846.41,-871.6323371251274,8.852285626183832,prior_year_province_anchor,9225.400179217251,-621.0098207827468,6.306966912638686,871.6323371251274,621.0098207827468,False,-250.62251634238055,9225.400179217251,-621.0098207827468,baseline,621.0098207827468,6.306966912638686
충북,정보통신업,regional_service_production_index_J,2021,3,6654.830162459387,9062.6192920354,9846.41,-783.7907079645993,7.960167289038332,prior_year_province_anchor,9388.662878017176,-457.747121982824,4.64887326429454,783.7907079645993,457.747121982824,False,-326.04358598177527,9388.662878017176,-457.747121982824,baseline,457.747121982824,4.64887326429454
충북,정보통신업,regional_service_production_index_J,2021,4,9036.513186703327,9036.513186703327,9846.41,-809.8968132966729,8.225300523710398,prior_year_province_anchor,9466.908242139438,-379.50175786056207,3.854214458473313,809.8968132966729,379.50175786056207,False,-430.39505543611085,9466.908242139438,-379.50175786056207,baseline,379.50175786056207,3.8542144584733125
충북,정보통신업,regional_service_production_index_J,2022,1,2505.3275564090254,10447.642242242242,9872.25,575.392242242242,5.828379976623789,prior_year_province_anchor,10153.889435906687,281.63943590668714,2.852839382174146,575.392242242242,281.63943590668714,False,-293.75280633555485,10153.889435906687,281.63943590668714,baseline,281.63943590668714,2.852839382174146
충북,정보통신업,regional_service_production_index_J,2022,2,5008.291596255401,10432.271395,9872.25,560.0213949999998,5.672682468535539,prior_year_province_anchor,10204.02169862918,331.7716986291798,3.360649280854717,560.0213949999998,331.7716986291798,False,-228.24969637081995,10204.02169862918,331.7716986291798,baseline,331.7716986291798,3.360649280854717
충북,정보통신업,regional_service_production_index_J,2022,3,7541.981351416227,10241.165029335072,9872.25,368.9150293350722,3.736889050976952,prior_year_province_anchor,10177.643590788148,305.3935907881478,3.0934547928602676,368.9150293350722,305.3935907881478,False,-63.5214385469244,10177.643590788148,305.3935907881478,baseline,305.3935907881478,3.0934547928602676
충북,정보통신업,regional_service_production_index_J,2022,4,10061.490007201151,10061.490007201151,9872.25,189.24000720115146,1.9168883203033904,prior_year_province_anchor,10075.745382274135,203.4953822741354,2.061286761114593,189.24000720115146,203.4953822741354,True,14.255375072983952,10061.490007201151,189.24000720115146,regional_service_production_index_J,189.24000720115146,1.9168883203033904
충북,정보통신업,regional_service_production_index_J,2023,1,2400.2299154334037,9639.41391509434,9679.17,-39.75608490566083,0.4107385747503228,prior_year_province_anchor,10515.551830290002,836.3818302900017,8.641049080551348,39.75608490566083,836.3818302900017,True,796.6257453843409,9639.41391509434,-39.75608490566083,regional_service_production_index_J,39.75608490566083,0.4107385747503228
충북,정보통신업,regional_service_production_index_J,2023,2,4819.012332628611,9681.234308636149,9679.17,2.0643086361487804,0.02132733112600337,prior_year_province_anchor,10236.434398086452,557.2643980864523,5.757357274295753,2.0643086361487804,557.2643980864523,True,555.2000894503035,9681.234308636149,2.0643086361487804,regional_service_production_index_J,2.0643086361487804,0.02132733112600337
충북,정보통신업,regional_service_production_index_J,2023,3,7309.685694150811,9751.592604199312,9679.17,72.42260419931154,0.7482315549712583,prior_year_province_anchor,10252.344133924516,573.1741339245164,5.921728143265552,72.42260419931154,573.1741339245164,True,500.7515297252048,9751.592604199312,72.42260419931154,regional_service_production_index_J,72.42260419931154,0.7482315549712583
충북,정보통신업,regional_service_production_index_J,2023,4,9881.526250880903,9881.526250880903,9679.17,202.35625088090273,2.090636396311902,prior_year_province_anchor,10284.435311757448,605.2653117574482,6.253277003683665,202.35625088090273,605.2653117574482,True,402.9090608765455,9881.526250880903,202.35625088090273,regional_service_production_index_J,202.35625088090273,2.090636396311902
충북,정보통신업,regional_service_production_index_J,2024,1,2385.1510208871155,9819.447826086956,9667.86,151.58782608695583,1.5679563635277696,prior_year_province_anchor,9921.141123749543,253.28112374954253,2.619826143009337,151.58782608695583,253.28112374954253,True,101.6932976625867,9819.447826086956,151.58782608695583,regional_service_production_index_J,151.58782608695583,1.5679563635277696
충북,정보통신업,regional_service_production_index_J,2024,2,4795.289338183525,9832.88155437921,9667.86,165.0215543792092,1.7069088131107524,prior_year_province_anchor,9787.314209137166,119.45420913716588,1.2355806676675696,165.0215543792092,119.45420913716588,False,-45.56734524204332,9787.314209137166,119.45420913716588,baseline,119.45420913716588,1.2355806676675694
충북,정보통신업,regional_service_production_index_J,2024,3,7289.475834311194,9854.205751903552,9667.86,186.345751903551,1.9274767311850916,prior_year_province_anchor,9742.828683086833,74.96868308683224,0.7754423738741795,186.345751903551,74.96868308683224,False,-111.37706881671875,9742.828683086833,74.96868308683224,baseline,74.96868308683224,0.7754423738741795
충북,정보통신업,regional_service_production_index_J,2024,4,9826.822206054916,9826.822206054916,9667.86,158.96220605491544,1.6442336365536472,prior_year_province_anchor,9723.837101486126,55.97710148612532,0.5790019868525745,158.96220605491544,55.97710148612532,False,-102.98510456879012,9723.837101486126,55.97710148612532,baseline,55.97710148612532,0.5790019868525745
대구,건설업,regional_construction_orders_bok_12_24q,2021,1,10794.874315963996,48885.42729735104,41049.64,7835.787297351038,19.088565203863027,recursive_no_target_actual,36140.52852048918,-4909.111479510822,11.9589635366128,7835.787297351038,4909.111479510822,False,-2926.675817840216,36140.52852048918,-4909.111479510822,baseline,4909.111479510822,11.958963536612801
대구,건설업,regional_construction_orders_bok_12_24q,2021,2,21963.229722395,46843.12061153182,41049.64,5793.480611531821,14.113353031918965,recursive_no_target_actual,36167.22266941562,-4882.41733058438,11.893934588913275,5793.480611531821,4882.41733058438,False,-911.063280947441,36167.22266941562,-4882.41733058438,baseline,4882.41733058438,11.893934588913275
대구,건설업,regional_construction_orders_bok_12_24q,2021,3,32864.31332668399,44795.509969383485,41049.64,3745.869969383486,9.125220024788247,recursive_no_target_actual,36388.064404624485,-4661.575595375514,11.355947568299053,3745.869969383486,4661.575595375514,True,915.7056259920282,44795.509969383485,3745.869969383486,regional_construction_orders_bok_12_24q,3745.869969383486,9.125220024788247
대구,건설업,regional_construction_orders_bok_12_24q,2021,4,44134.80735939709,44134.80735939709,41049.64,3085.167359397092,7.515698942541498,recursive_no_target_actual,36719.8454828078,-4329.7945171921965,10.54770399251296,3085.167359397092,4329.7945171921965,True,1244.6271577951047,44134.80735939709,3085.167359397092,regional_construction_orders_bok_12_24q,3085.167359397092,7.515698942541498
대구,건설업,regional_construction_orders_bok_12_24q,2022,1,10773.441704854982,44047.18020091259,41365.55,2681.6302009125866,6.482762107387878,recursive_no_target_actual,41054.005149767014,-311.5448502329891,0.7531505086551227,2681.6302009125866,311.5448502329891,False,-2370.0853506795975,41054.005149767014,-311.5448502329891,baseline,311.5448502329891,0.7531505086551227
대구,건설업,regional_construction_orders_bok_12_24q,2022,2,21167.41800763464,42535.63468901853,41365.55,1170.0846890185276,2.828645307553091,recursive_no_target_actual,40844.59521579461,-520.9547842053944,1.259392862431164,1170.0846890185276,520.9547842053944,False,-649.1299048131332,40844.59521579461,-520.9547842053944,baseline,520.9547842053944,1.2593928624311639
대구,건설업,regional_construction_orders_bok_12_24q,2022,3,31158.070374129707,41843.42511535766,41365.55,477.8751153576595,1.1552490305523788,recursive_no_target_actual,41228.946428962234,-136.60357103776914,0.3302351136096804,477.8751153576595,136.60357103776914,False,-341.2715443198904,41228.946428962234,-136.60357103776914,baseline,136.60357103776914,0.3302351136096804
대구,건설업,regional_construction_orders_bok_12_24q,2022,4,40300.450481588814,40300.450481588814,41365.55,-1065.099518411189,2.5748467466555836,recursive_no_target_actual,41456.56356672509,91.013566725087,0.2200226196075889,1065.099518411189,91.013566725087,False,-974.0859516861019,41456.56356672509,91.013566725087,baseline,91.013566725087,0.2200226196075889
대구,건설업,regional_construction_orders_bok_12_24q,2024,1,7687.313084594952,26426.651098490096,31555.25,-5128.598901509904,16.25275952974514,recursive_no_target_actual,42574.77886298177,11019.528862981771,34.92138031858969,5128.598901509904,11019.528862981771,True,5890.9299614718675,26426.651098490096,-5128.598901509904,regional_construction_orders_bok_12_24q,5128.598901509904,16.25275952974514
대구,건설업,regional_construction_orders_raw,2024,2,12296.129325745967,27891.929909027924,31555.25,-3663.3200909720763,11.609225377622032,recursive_no_target_actual,41534.065436508725,9978.815436508725,31.62331287664881,3663.3200909720763,9978.815436508725,True,6315.4953455366485,27891.929909027924,-3663.3200909720763,regional_construction_orders_raw,3663.3200909720763,11.609225377622032
대구,건설업,regional_construction_orders_bok_12_24q,2024,3,21007.374468410275,27068.302602734195,31555.25,-4486.947397265805,14.219337185621427,recursive_no_target_actual,40461.49892048238,8906.24892048238,28.224301567829063,4486.947397265805,8906.24892048238,True,4419.301523216574,27068.302602734195,-4486.947397265805,regional_construction_orders_bok_12_24q,4486.947397265805,14.219337185621427
대구,건설업,regional_construction_orders_bok_12_24q,2024,4,26637.491602359234,26637.491602359234,31555.25,-4917.758397640766,15.584596533511114,recursive_no_target_actual,39875.19523005181,8319.94523005181,26.36627892363968,4917.758397640766,8319.94523005181,True,3402.1868324110437,26637.491602359234,-4917.758397640766,regional_construction_orders_bok_12_24q,4917.758397640766,15.584596533511114
대구,건설업,regional_construction_orders_bok_12_24q,2025,1,5772.851932428084,20003.646681162692,25481.89,-5478.243318837307,21.49857533659123,recursive_no_target_actual,34965.93642694446,9484.046426944464,37.21877155479623,5478.243318837307,9484.046426944464,True,4005.8031081071567,20003.646681162692,-5478.243318837307,regional_construction_orders_bok_12_24q,5478.243318837307,21.49857533659123
대구,건설업,regional_construction_orders_bok_12_24q,2025,2,11498.499542027253,20998.562432283332,25481.89,-4483.3275677166675,17.59417204813563,recursive_no_target_actual,35392.917892321304,9911.027892321305,38.89439869774693,4483.3275677166675,9911.027892321305,True,5427.700324604637,20998.562432283332,-4483.3275677166675,regional_construction_orders_bok_12_24q,4483.3275677166675,17.59417204813563
대구,건설업,regional_construction_orders_bok_12_24q,2025,3,17192.69844771693,21800.456844886772,25481.89,-3681.4331551132273,14.447253147679499,recursive_no_target_actual,35981.04582308787,10499.155823087873,41.20242188898811,3681.4331551132273,10499.155823087873,True,6817.722667974645,21800.456844886772,-3681.4331551132273,regional_construction_orders_bok_12_24q,3681.4331551132273,14.447253147679499
대구,건설업,regional_construction_orders_bok_12_24q,2025,4,23325.82854040494,23325.82854040494,25481.89,-2156.061459595061,8.46115205581321,recursive_no_target_actual,36211.331264606255,10729.441264606256,42.106143871613355,2156.061459595061,10729.441264606256,True,8573.379805011195,23325.82854040494,-2156.061459595061,regional_construction_orders_bok_12_24q,2156.061459595061,8.46115205581321
대구,"광업, 제조업",regional_manufacturing_production_index,2021,1,30714.656973333334,118057.61809096734,121066.7,-3009.081909032655,2.485474460799423,recursive_no_target_actual,118942.53433572134,-2124.1656642786547,1.7545416404995386,3009.081909032655,2124.1656642786547,False,-884.9162447540002,118942.53433572134,-2124.1656642786547,baseline,2124.1656642786547,1.7545416404995386
대구,"광업, 제조업",regional_manufacturing_production_index,2021,2,63985.71264666667,131612.71027768255,121066.7,10546.010277682552,8.7109091745976,recursive_no_target_actual,123976.58485647343,2909.884856473436,2.4035385919277856,10546.010277682552,2909.884856473436,False,-7636.125421209115,123976.58485647343,2909.884856473436,baseline,2909.884856473436,2.403538591927785
대구,"광업, 제조업",regional_manufacturing_production_index,2021,3,94018.6633,128777.98876840546,121066.7,7711.2887684054585,6.3694548281281795,recursive_no_target_actual,122863.63773734988,1796.937737349872,1.4842543303401117,7711.2887684054585,1796.937737349872,False,-5914.351031055587,122863.63773734988,1796.937737349872,baseline,1796.937737349872,1.4842543303401117
대구,"광업, 제조업",regional_manufacturing_production_index,2021,4,128056.63858333335,128056.63858333335,121066.7,6989.938583333351,5.773626094816618,recursive_no_target_actual,120977.94710885554,-88.75289114445332,0.0733090859373001,6989.938583333351,88.75289114445332,False,-6901.1856921888975,120977.94710885554,-88.75289114445332,baseline,88.75289114445332,0.07330908593730012
대구,"광업, 제조업",regional_manufacturing_production_index,2022,1,30488.220347504623,127112.57096177561,126425.64,686.930961775608,0.5433478223053552,recursive_no_target_actual,126206.0744753496,-219.56552465040295,0.1736716734440916,686.930961775608,219.56552465040295,False,-467.36543712520506,126206.0744753496,-219.56552465040295,baseline,219.56552465040295,0.17367167344409168
대구,"광업, 제조업",regional_manufacturing_production_index,2022,2,63348.542395563774,126781.44952648714,126425.64,355.8095264871372,0.2814377894287402,recursive_no_target_actual,125863.16203337174,-562.4779666282557,0.444908142547869,355.8095264871372,562.4779666282557,True,206.66844014111848,126781.44952648714,355.8095264871372,regional_manufacturing_production_index,355.8095264871372,0.2814377894287402
대구,"광업, 제조업",regional_manufacturing_production_index,2022,3,94660.28484288354,128930.54909365559,126425.64,2504.9090936555876,1.9813299688699124,recursive_no_target_actual,125911.1847652982,-514.4552347018034,0.4069231800620533,2504.9090936555876,514.4552347018034,False,-1990.4538589537842,125911.1847652982,-514.4552347018034,baseline,514.4552347018034,0.40692318006205336
대구,"광업, 제조업",regional_manufacturing_production_index,2022,4,128791.69534935303,128791.69534935303,126425.64,2366.0553493530315,1.8714996019423207,recursive_no_target_actual,123998.03519079876,-2427.6048092012497,1.9201839193388697,2366.0553493530315,2427.6048092012497,True,61.54945984821825,128791.69534935303,2366.0553493530315,regional_manufacturing_production_index,2366.0553493530315,1.8714996019423207
대구,"광업, 제조업",regional_manufacturing_production_index,2024,1,31278.040331703167,121738.44718344827,123123.4,-1384.9528165517258,1.124849392196549,recursive_no_target_actual,137601.51369412246,14478.113694122469,11.759026873951232,1384.9528165517258,14478.113694122469,True,13093.160877570743,121738.44718344827,-1384.9528165517258,regional_manufacturing_production_index,1384.9528165517258,1.124849392196549
대구,"광업, 제조업",regional_manufacturing_production_index,2024,2,63883.50733290807,123605.65070762478,123123.4,482.2507076247857,0.39168079148625345,recursive_no_target_actual,135787.74513354115,12664.345133541152,10.285896209446094,482.2507076247857,12664.345133541152,True,12182.094425916366,123605.65070762478,482.2507076247857,regional_manufacturing_production_index,482.2507076247857,0.39168079148625345
대구,"광업, 제조업",regional_manufacturing_production_index,2024,3,92603.3942816642,124007.33579347002,123123.4,883.9357934700238,0.7179267251148228,recursive_no_target_actual,134720.6542861565,11597.254286156502,9.41921217750363,883.9357934700238,11597.254286156502,True,10713.318492686478,124007.33579347002,883.9357934700238,regional_manufacturing_production_index,883.9357934700238,0.7179267251148228
대구,"광업, 제조업",regional_manufacturing_production_index,2024,4,123688.03470125452,123688.03470125452,123123.4,564.6347012545302,0.4585925187694055,recursive_no_target_actual,133819.47058963688,10696.070589636887,8.687276821170379,564.6347012545302,10696.070589636887,True,10131.435888382357,123688.03470125452,564.6347012545302,regional_manufacturing_production_index,564.6347012545302,0.4585925187694055
대구,"광업, 제조업",regional_manufacturing_production_index,2025,1,28965.064250177682,114541.44294547498,121818.03,-7276.587054525022,5.973325175694454,recursive_no_target_actual,134515.4839497341,12697.453949734105,10.423296083292517,7276.587054525022,12697.453949734105,True,5420.866895209083,114541.44294547498,-7276.587054525022,regional_manufacturing_production_index,7276.587054525022,5.973325175694454
대구,"광업, 제조업",regional_manufacturing_production_index,2025,2,50185.69289267945,97167.01513692031,121818.03,-24651.01486307969,20.235932942832594,recursive_no_target_actual,135850.03991527838,14032.00991527838,11.518828465111758,24651.01486307969,14032.00991527838,False,-10619.00494780131,135850.03991527838,14032.00991527838,baseline,14032.00991527838,11.518828465111758
대구,"광업, 제조업",regional_manufacturing_production_index,2025,3,50185.69289267945,67031.77321055628,121818.03,-54786.25678944372,44.97384893635509,recursive_no_target_actual,136831.06620983026,15013.036209830258,12.324149561300784,54786.25678944372,15013.036209830258,False,-39773.220579613466,136831.06620983026,15013.036209830258,baseline,15013.036209830258,12.324149561300784
대구,"광업, 제조업",regional_manufacturing_production_index,2025,4,50185.69289267945,50185.69289267945,121818.03,-71632.33710732055,58.80273807360089,recursive_no_target_actual,136767.97409442771,14949.944094427716,12.272357461721976,71632.33710732055,14949.944094427716,False,-56682.39301289283,136767.97409442771,14949.944094427716,baseline,14949.944094427716,12.272357461721976
대구,교육 서비스업,regional_service_production_index_P,2021,1,10704.178530000003,43118.54392749245,44774.55,-1656.0060725075527,3.698543195872549,recursive_no_target_actual,43603.69180835853,-1170.8581916414696,2.6150082840396376,1656.0060725075527,1170.8581916414696,False,-485.14788086608314,43603.69180835853,-1170.8581916414696,baseline,1170.8581916414696,2.6150082840396376
대구,교육 서비스업,regional_service_production_index_P,2021,2,21429.490680000006,43467.52673427993,44774.55,-1307.0232657200759,2.9191209419638517,recursive_no_target_actual,44031.19967518264,-743.3503248173656,1.6602072490228614,1307.0232657200759,743.3503248173656,False,-563.6729409027103,44031.19967518264,-743.3503248173656,baseline,743.3503248173656,1.6602072490228614
대구,교육 서비스업,regional_service_production_index_P,2021,3,32471.80713000001,43542.48358028831,44774.55,-1232.066419711693,2.751711451509156,recursive_no_target_actual,44396.82516433857,-377.7248356614364,0.8436150350175186,1232.066419711693,377.7248356614364,False,-854.3415840502566,44396.82516433857,-377.7248356614364,baseline,377.7248356614364,0.8436150350175186
대구,교육 서비스업,regional_service_production_index_P,2021,4,43260.52014000001,43260.52014000001,44774.55,-1514.029859999995,3.3814518738881687,recursive_no_target_actual,44463.7091235161,-310.84087648390414,0.6942356237726658,1514.029859999995,310.84087648390414,False,-1203.188983516091,44463.7091235161,-310.84087648390414,baseline,310.84087648390414,0.6942356237726658
대구,교육 서비스업,regional_service_production_index_P,2022,1,11647.507510991696,47072.947433366244,46314.15,758.7974333662423,1.6383706348194718,recursive_no_target_actual,46936.92854587555,622.7785458755461,1.34468309550223,758.7974333662423,622.7785458755461,False,-136.01888749069622,46936.92854587555,622.7785458755461,baseline,622.7785458755461,1.34468309550223
대구,교육 서비스업,regional_service_production_index_P,2022,2,22518.514521250614,45458.97359467456,46314.15,-855.1764053254446,1.8464689632119873,recursive_no_target_actual,46810.40721589512,496.2572158951152,1.0715023721586496,855.1764053254446,496.2572158951152,False,-358.9191894303294,46810.40721589512,496.2572158951152,baseline,496.2572158951152,1.0715023721586496
대구,교육 서비스업,regional_service_production_index_P,2022,3,33783.24009526136,45007.674894240154,46314.15,-1306.4751057598478,2.820898377191091,recursive_no_target_actual,46624.956769100485,310.8067691004835,0.6710838244909677,1306.4751057598478,310.8067691004835,False,-995.6683366593643,46624.956769100485,310.8067691004835,baseline,310.8067691004835,0.6710838244909677
대구,교육 서비스업,regional_service_production_index_P,2022,4,45058.902296042994,45058.902296042994,46314.15,-1255.2477039570076,2.710289844371553,recursive_no_target_actual,46569.105290004045,254.9552900040435,0.5504911350074296,1255.2477039570076,254.9552900040435,False,-1000.2924139529641,46569.105290004045,254.9552900040435,baseline,254.9552900040435,0.5504911350074296
대구,교육 서비스업,regional_service_production_index_P,2023,1,11556.054902912621,44705.1138028169,46902.9,-2197.7861971831007,4.685821553002268,recursive_no_target_actual,47183.95641440315,281.056414403145,0.5992303554857908,2197.7861971831007,281.056414403145,False,-1916.7297827799557,47183.95641440315,281.056414403145,baseline,281.056414403145,0.5992303554857908
대구,교육 서비스업,regional_service_production_index_P,2023,2,22437.631893203885,44897.058474987854,46902.9,-2005.841525012147,4.276583164393133,recursive_no_target_actual,47119.038522315226,216.1385223152247,0.4608212334743153,2005.841525012147,216.1385223152247,False,-1789.7030026969223,47119.038522315226,216.1385223152247,baseline,216.1385223152247,0.46082123347431536
대구,교육 서비스업,regional_service_production_index_P,2023,3,33476.587063106796,44649.899223049535,46902.9,-2253.0007769504664,4.803542588945388,recursive_no_target_actual,47007.633388032074,104.73338803207298,0.2232983206413099,2253.0007769504664,104.73338803207298,False,-2148.2673889183934,47007.633388032074,104.73338803207298,baseline,104.73338803207298,0.22329832064130997
대구,교육 서비스업,regional_service_production_index_P,2023,4,44425.6118446602,44425.6118446602,46902.9,-2477.288155339804,5.28173770777458,recursive_no_target_actual,46901.56959833313,-1.330401666869875,0.002836501936703,2477.288155339804,1.330401666869875,False,-2475.957753672934,46901.56959833313,-1.330401666869875,baseline,1.330401666869875,0.0028365019367030076
대구,교육 서비스업,regional_service_production_index_P,2024,1,11986.824139676113,46081.64299610895,47101.24,-1019.5970038910455,2.1646924876946882,recursive_no_target_actual,47503.08442307866,401.84442307866266,0.8531504119183755,1019.5970038910455,401.84442307866266,False,-617.7525808123828,47503.08442307866,401.84442307866266,baseline,401.84442307866266,0.8531504119183755
대구,교육 서비스업,regional_service_production_index_P,2024,2,23641.340283400805,46808.90621242485,47101.24,-292.33378757514583,0.6206498758316041,recursive_no_target_actual,47523.05335710714,421.8133571071448,0.8955461833003651,292.33378757514583,421.8133571071448,True,129.47956953199895,46808.90621242485,-292.33378757514583,regional_service_production_index_P,292.33378757514583,0.6206498758316041
대구,교육 서비스업,regional_service_production_index_P,2024,3,35105.96614372469,46587.90402955002,47101.24,-513.3359704499744,1.0898565949643244,recursive_no_target_actual,47439.66664782283,338.4266478228383,0.7185089985376993,513.3359704499744,338.4266478228383,False,-174.90932262713613,47439.66664782283,338.4266478228383,baseline,338.4266478228383,0.7185089985376993
대구,교육 서비스업,regional_service_production_index_P,2024,4,46214.547722672054,46214.547722672054,47101.24,-886.6922773279439,1.882524276065649,recursive_no_target_actual,47424.76635384421,323.52635384420864,0.6868743876895993,886.6922773279439,323.52635384420864,False,-563.1659234837352,47424.76635384421,323.52635384420864,baseline,323.52635384420864,0.6868743876895993
대구,교육 서비스업,regional_service_production_index_P,2025,1,11962.795675398049,46121.90728712871,46989.54,-867.6327128712874,1.8464379793275,recursive_no_target_actual,47125.68834849902,136.14834849901672,0.2897418201987436,867.6327128712874,136.14834849901672,False,-731.4843643722706,47125.68834849902,136.14834849901672,baseline,136.14834849901672,0.28974182019874367
대구,교육 서비스업,regional_service_production_index_P,2025,2,23296.607149460713,45540.65674698796,46989.54,-1448.8832530120417,3.083416549751374,recursive_no_target_actual,47039.18672756946,49.64672756945947,0.1056548490780277,1448.8832530120417,49.64672756945947,False,-1399.2365254425822,47039.18672756946,49.64672756945947,baseline,49.64672756945947,0.10565484907802773
대구,교육 서비스업,regional_service_production_index_P,2025,3,34751.37712378018,45747.756091954034,46989.54,-1241.783908045967,2.642681558589352,recursive_no_target_actual,47204.93607899851,215.3960789985067,0.4583915462856344,1241.783908045967,215.3960789985067,False,-1026.3878290474604,47204.93607899851,215.3960789985067,baseline,215.3960789985067,0.45839154628563444
대구,교육 서비스업,regional_service_production_index_P,2025,4,46327.105598356444,46327.105598356444,46989.54,-662.4344016435571,1.409748641173242,recursive_no_target_actual,47270.5628364812,281.0228364811992,0.5980540275159093,662.4344016435571,281.0228364811992,False,-381.4115651623579,47270.5628364812,281.0228364811992,baseline,281.0228364811992,0.5980540275159093
대구,금융 및 보험업,regional_service_production_index_K,2021,1,10222.714928732184,42495.46465696466,39905.149999999994,2590.3146569646633,6.491178850260339,recursive_no_target_actual,42362.53252145161,2457.3825214516182,6.158058600084497,2590.3146569646633,2457.3825214516182,False,-132.93213551304507,42362.53252145161,2457.3825214516182,baseline,2457.3825214516182,6.158058600084497
대구,금융 및 보험업,regional_service_production_index_K,2021,2,20455.165776444115,42099.95261966032,39905.149999999994,2194.802619660324,5.500048539249507,recursive_no_target_actual,41691.107094972554,1785.9570949725603,4.475505279325001,2194.802619660324,1785.9570949725603,False,-408.8455246877638,41691.107094972554,1785.9570949725603,baseline,1785.9570949725603,4.475505279325001
대구,금융 및 보험업,regional_service_production_index_K,2021,3,30833.655408852217,41586.437767284995,39905.149999999994,1681.2877672850009,4.213209992406998,recursive_no_target_actual,41633.33033803726,1728.1803380372658,4.330720065047409,1681.2877672850009,1728.1803380372658,True,46.892570752264874,41586.437767284995,1681.2877672850009,regional_service_production_index_K,1681.2877672850009,4.213209992406998
대구,금융 및 보험업,regional_service_production_index_K,2021,4,41377.65566391598,41377.65566391598,39905.149999999994,1472.5056639159884,3.690014105738203,recursive_no_target_actual,41563.01856650099,1657.868566500998,4.154522828509599,1472.5056639159884,1657.868566500998,True,185.36290258500958,41377.65566391598,1472.5056639159884,regional_service_production_index_K,1472.5056639159884,3.690014105738203
대구,금융 및 보험업,regional_service_production_index_K,2022,1,9849.52996470588,39867.14509523809,41970.58,-2103.4349047619107,5.011688913429147,recursive_no_target_actual,42038.25081537061,67.67081537060585,0.1612339295063491,2103.4349047619107,67.67081537060585,False,-2035.7640893913049,42038.25081537061,67.67081537060585,baseline,67.67081537060585,0.1612339295063491
대구,금융 및 보험업,regional_service_production_index_K,2022,2,20102.806152941175,40664.886316039985,41970.58,-1305.6936839600166,3.1109736485891224,recursive_no_target_actual,41745.21452309437,-225.36547690563748,0.5369605969363241,1305.6936839600166,225.36547690563748,False,-1080.3282070543792,41745.21452309437,-225.36547690563748,baseline,225.36547690563748,0.5369605969363241
대구,금융 및 보험업,regional_service_production_index_K,2022,3,30731.66022352941,41240.781796652984,41970.58,-729.798203347018,1.7388327808360475,recursive_no_target_actual,41144.90589846768,-825.6741015323205,1.96726874284873,729.798203347018,825.6741015323205,True,95.8758981853025,41240.781796652984,-729.798203347018,regional_service_production_index_K,729.798203347018,1.7388327808360475
대구,금융 및 보험업,regional_service_production_index_K,2022,4,42243.12231764705,42243.12231764705,41970.58,272.54231764705037,0.6493651449349767,recursive_no_target_actual,40996.518430326294,-974.0615696737076,2.3208198925859675,272.54231764705037,974.0615696737076,True,701.5192520266572,42243.12231764705,272.54231764705037,regional_service_production_index_K,272.54231764705037,0.6493651449349767
대구,금융 및 보험업,regional_service_production_index_K,2023,1,10914.776305845744,46811.80038131554,42718.49,4093.3103813155394,9.582057749034528,recursive_no_target_actual,42548.17750947223,-170.31249052776548,0.398685652343436,4093.3103813155394,170.31249052776548,False,-3922.997890787774,42548.17750947223,-170.31249052776548,baseline,170.31249052776548,0.39868565234343606
대구,금융 및 보험업,regional_service_production_index_K,2023,2,21614.988633029563,45420.75378794955,42718.49,2702.2637879495524,6.325747440861211,recursive_no_target_actual,42676.33854596768,-42.151454032318725,0.0986726216968781,2702.2637879495524,42.151454032318725,False,-2660.1123339172336,42676.33854596768,-42.151454032318725,baseline,42.151454032318725,0.09867262169687815
대구,금융 및 보험업,regional_service_production_index_K,2023,3,32445.80512113803,44599.35143293614,42718.49,1880.8614329361444,4.402921154132893,recursive_no_target_actual,42802.746596956385,84.25659695638751,0.1972368334095786,1880.8614329361444,84.25659695638751,False,-1796.604835979757,42802.746596956385,84.25659695638751,baseline,84.25659695638751,0.19723683340957865
대구,금융 및 보험업,regional_service_production_index_K,2023,4,43444.54124472105,43444.54124472105,42718.49,726.0512447210494,1.6996182325757523,recursive_no_target_actual,42266.658520312834,-451.83147968716366,1.0576953438362724,726.0512447210494,451.83147968716366,False,-274.2197650338858,42266.658520312834,-451.83147968716366,baseline,451.83147968716366,1.0576953438362724
대구,금융 및 보험업,regional_service_production_index_K,2024,1,10998.38297401761,43777.32436752137,43097.89,679.4343675213677,1.576491024320141,recursive_no_target_actual,42602.81995210856,-495.0700478914368,1.1487106396425366,679.4343675213677,495.0700478914368,False,-184.3643196299309,42602.81995210856,-495.0700478914368,baseline,495.0700478914368,1.1487106396425366
대구,금융 및 보험업,regional_service_production_index_K,2024,2,21666.53926991626,43548.15424255503,43097.89,450.26424255502934,1.0447477650414656,recursive_no_target_actual,42715.6075122962,-382.28248770380014,0.8870097531545051,450.26424255502934,382.28248770380014,False,-67.9817548512292,42715.6075122962,-382.28248770380014,baseline,382.28248770380014,0.8870097531545051
대구,금융 및 보험업,regional_service_production_index_K,2024,3,32050.33370410135,42915.00979298447,43097.89,-182.88020701552887,0.4243367993549774,recursive_no_target_actual,43299.74319255954,201.853192559538,0.4683598026714022,182.88020701552887,201.853192559538,True,18.972985544009134,42915.00979298447,-182.88020701552887,regional_service_production_index_K,182.88020701552887,0.4243367993549774
대구,금융 및 보험업,regional_service_production_index_K,2024,4,42956.98704530814,42956.98704530814,43097.89,-140.90295469186094,0.32693701406695536,recursive_no_target_actual,43796.22231741555,698.3323174155521,1.620339922477764,140.90295469186094,698.3323174155521,True,557.4293627236912,42956.98704530814,-140.90295469186094,regional_service_production_index_K,140.90295469186094,0.32693701406695536
대구,금융 및 보험업,regional_service_production_index_K,2025,1,10712.351902626522,41839.81981651376,43932.46,-2092.640183486241,4.7633121010893555,recursive_no_target_actual,46132.28190458747,2199.821904587472,5.007281414670319,2092.640183486241,2199.821904587472,True,107.18172110123123,41839.81981651376,-2092.640183486241,regional_service_production_index_K,2092.640183486241,4.7633121010893555
대구,금융 및 보험업,regional_service_production_index_K,2025,2,21571.952628656843,42769.45561388654,43932.46,-1163.0043861134618,2.647255323543143,recursive_no_target_actual,45914.10820467962,1981.6482046796227,4.510669797866139,1163.0043861134618,1981.6482046796227,True,818.6438185661609,42769.45561388654,-1163.0043861134618,regional_service_production_index_K,1163.0043861134618,2.647255323543143
대구,금융 및 보험업,regional_service_production_index_K,2025,3,32210.68011958147,43171.89896966228,43932.46,-760.561030337718,1.7312051961982506,recursive_no_target_actual,45705.737953469135,1773.2779534691365,4.036372999529587,760.561030337718,1773.2779534691365,True,1012.7169231314185,43171.89896966228,-760.561030337718,regional_service_production_index_K,760.561030337718,1.7312051961982506
대구,금융 및 보험업,regional_service_production_index_K,2025,4,43199.123566090115,43199.123566090115,43932.46,-733.3364339098844,1.669235990677245,recursive_no_target_actual,45890.36093672631,1957.9009367263136,4.456615761389901,733.3364339098844,1957.9009367263136,True,1224.5645028164292,43199.123566090115,-733.3364339098844,regional_service_production_index_K,733.3364339098844,1.669235990677245
대구,도매 및 소매업,regional_service_production_index_G,2021,1,13588.27289,55746.76057435898,54537.880000000005,1208.8805743589764,2.2165888632982735,recursive_no_target_actual,54656.82457845179,118.9445784517884,0.2180953466687527,1208.8805743589764,118.9445784517884,False,-1089.935995907188,54656.82457845179,118.9445784517884,baseline,118.9445784517884,0.21809534666875277
대구,도매 및 소매업,regional_service_production_index_G,2021,2,27772.641500000005,56106.34646464647,54537.880000000005,1568.4664646464662,2.8759212214454726,recursive_no_target_actual,55164.55248285372,626.672482853719,1.1490591179079916,1568.4664646464662,626.672482853719,False,-941.7939817927472,55164.55248285372,626.672482853719,baseline,626.672482853719,1.1490591179079916
대구,도매 및 소매업,regional_service_production_index_G,2021,3,41415.10491,56023.138194115665,54537.880000000005,1485.2581941156604,2.7233515386290414,recursive_no_target_actual,54949.32381850337,411.44381850336504,0.7544184308289302,1485.2581941156604,411.44381850336504,False,-1073.8143756122954,54949.32381850337,411.44381850336504,baseline,411.44381850336504,0.7544184308289302
대구,도매 및 소매업,regional_service_production_index_G,2021,4,56060.092939999995,56060.092939999995,54537.880000000005,1522.2129399999903,2.7911113156580165,recursive_no_target_actual,55003.40996402921,465.5299640292069,0.8535901359370897,1522.2129399999903,465.5299640292069,False,-1056.6829759707834,55003.40996402921,465.5299640292069,baseline,465.5299640292069,0.8535901359370897
대구,도매 및 소매업,regional_service_production_index_G,2023,1,13667.74554089088,56194.03520348837,53908.06,2285.9752034883713,4.24050727013432,recursive_no_target_actual,58335.66602107897,4427.606021078973,8.213254235227483,2285.9752034883713,4427.606021078973,True,2141.6308175906015,56194.03520348837,2285.9752034883713,regional_service_production_index_G,2285.9752034883713,4.24050727013432
대구,도매 및 소매업,regional_service_production_index_G,2023,2,27414.571576714592,55206.46758424301,53908.06,1298.4075842430102,2.408559284535578,recursive_no_target_actual,56021.75351386587,2113.6935138658737,3.920922982325599,1298.4075842430102,2113.6935138658737,True,815.2859296228635,55206.46758424301,1298.4075842430102,regional_service_production_index_G,1298.4075842430102,2.408559284535578
대구,도매 및 소매업,regional_service_production_index_G,2023,3,40686.91464294132,54752.482978116095,53908.06,844.4229781160975,1.5664132193146953,recursive_no_target_actual,54953.22216075334,1045.1621607533452,1.9387864463186864,844.4229781160975,1045.1621607533452,True,200.73918263724772,54752.482978116095,844.4229781160975,regional_service_production_index_G,844.4229781160975,1.5664132193146953
대구,도매 및 소매업,regional_service_production_index_G,2023,4,54644.62199858592,54644.62199858592,53908.06,736.561998585923,1.3663300044296216,recursive_no_target_actual,54090.72391885955,182.6639188595509,0.3388434287183603,736.561998585923,182.6639188595509,False,-553.8980797263721,54090.72391885955,182.6639188595509,baseline,182.6639188595509,0.3388434287183603
대구,도매 및 소매업,regional_service_production_index_G,2025,1,13199.547093425608,52824.300237388736,53863.76,-1039.4597626112663,1.9297942858264374,recursive_no_target_actual,52873.65920779151,-990.10079220849,1.8381575890886377,1039.4597626112663,990.10079220849,False,-49.35897040277632,52873.65920779151,-990.10079220849,baseline,990.10079220849,1.8381575890886377
대구,도매 및 소매업,regional_service_production_index_G,2025,2,26781.11700692042,53063.85867286975,53863.76,-799.9013271302538,1.4850454686606611,recursive_no_target_actual,53120.880267666456,-742.8797323335457,1.3791828352375433,799.9013271302538,742.8797323335457,False,-57.02159479670809,53120.880267666456,-742.8797323335457,baseline,742.8797323335457,1.3791828352375433
대구,도매 및 소매업,regional_service_production_index_G,2025,3,40560.28493079585,54376.047988734266,53863.76,512.2879887342642,0.9510810027637585,recursive_no_target_actual,53890.55670027713,26.79670027712564,0.0497490340019442,512.2879887342642,26.79670027712564,False,-485.4912884571386,53890.55670027713,26.79670027712564,baseline,26.79670027712564,0.049749034001944234
대구,도매 및 소매업,regional_service_production_index_G,2025,4,54563.397266436,54563.397266436,53863.76,699.6372664359951,1.2989016482250684,recursive_no_target_actual,54257.18439164621,393.42439164620737,0.7304064767223962,699.6372664359951,393.42439164620737,False,-306.21287478978775,54257.18439164621,393.42439164620737,baseline,393.42439164620737,0.7304064767223962
대구,문화 및 기타서비스업,regional_service_production_index_R_S,2021,1,4684.407136607925,19653.87598321972,20811.28,-1157.4040167802777,5.561426384058443,recursive_no_target_actual,20394.43534904393,-416.8446509560672,2.0029745933746854,1157.4040167802777,416.8446509560672,False,-740.5593658242105,20394.43534904393,-416.8446509560672,baseline,416.8446509560672,2.0029745933746854
대구,문화 및 기타서비스업,regional_service_production_index_R_S,2021,2,10422.158861392329,22635.095833333336,20811.28,1823.8158333333377,8.763592788782514,recursive_no_target_actual,21300.0702375747,488.79023757469986,2.348679358380166,1823.8158333333377,488.79023757469986,False,-1335.0255957586378,21300.0702375747,488.79023757469986,baseline,488.79023757469986,2.348679358380166
대구,문화 및 기타서비스업,regional_service_production_index_R_S,2021,3,16467.890944881892,22565.43850830622,20811.28,1754.15850830622,8.42888331859559,recursive_no_target_actual,21338.860001496705,527.5800014967062,2.535067528266912,1754.15850830622,527.5800014967062,False,-1226.5785068095138,21338.860001496705,527.5800014967062,baseline,527.5800014967062,2.535067528266912
대구,문화 및 기타서비스업,regional_service_production_index_R_S,2021,4,23877.536045494315,23877.536045494315,20811.28,3066.256045494316,14.733625444923696,recursive_no_target_actual,21483.155063447433,671.8750634474345,3.2284177784712647,3066.256045494316,671.8750634474345,False,-2394.3809820468814,21483.155063447433,671.8750634474345,baseline,671.8750634474345,3.2284177784712647
대구,문화 및 기타서비스업,regional_service_production_index_R_S,2022,1,4536.254506828529,23122.366895027626,20792.23,2330.1368950276265,11.206767600337368,recursive_no_target_actual,21370.27035270998,578.0403527099807,2.78007867703455,2330.1368950276265,578.0403527099807,False,-1752.0965423176458,21370.27035270998,578.0403527099807,baseline,578.0403527099807,2.7800786770345494
대구,문화 및 기타서비스업,regional_service_production_index_R_S,2022,2,10346.991259484068,23705.324400297988,20792.23,2913.0944002979886,14.010495268174644,recursive_no_target_actual,21575.582443668613,783.352443668613,3.76752490554699,2913.0944002979886,783.352443668613,False,-2129.7419566293756,21575.582443668613,783.352443668613,baseline,783.352443668613,3.76752490554699
대구,문화 및 기타서비스업,regional_service_production_index_R_S,2022,3,17572.064946889226,25478.527612761278,20792.23,4686.297612761278,22.53869648787686,recursive_no_target_actual,22019.86930944645,1227.639309446451,5.9043176679290825,4686.297612761278,1227.639309446451,False,-3458.658303314827,22019.86930944645,1227.639309446451,baseline,1227.639309446451,5.9043176679290825
대구,문화 및 기타서비스업,regional_service_production_index_R_S,2022,4,25052.035083459785,25052.035083459785,20792.23,4259.805083459785,20.487485389781593,recursive_no_target_actual,22004.686791092037,1212.4567910920375,5.831297513984973,4259.805083459785,1212.4567910920375,False,-3047.3482923677475,22004.686791092037,1212.4567910920375,baseline,1212.4567910920375,5.831297513984972
대구,문화 및 기타서비스업,regional_service_production_index_R_S,2023,1,4375.242347379794,24162.825216310288,22167.59,1995.2352163102878,9.000686210410278,recursive_no_target_actual,23331.606664894654,1164.0166648946542,5.250984274315134,1995.2352163102878,1164.0166648946542,False,-831.2185514156336,23331.606664894654,1164.0166648946542,baseline,1164.0166648946542,5.250984274315134
대구,문화 및 기타서비스업,regional_service_production_index_R_S,2023,2,9409.485681613542,22782.155652932193,22167.59,614.5656529321932,2.7723611494627662,recursive_no_target_actual,22512.49765002571,344.90765002571425,1.5559095509512502,614.5656529321932,344.90765002571425,False,-269.65800290647894,22512.49765002571,344.90765002571425,baseline,344.90765002571425,1.5559095509512502
대구,문화 및 기타서비스업,regional_service_production_index_R_S,2023,3,14732.041947595893,21003.088301668806,22167.59,-1164.5016983311943,5.253172303940999,recursive_no_target_actual,22286.62133574759,119.03133574758976,0.5369611028875478,1164.5016983311943,119.03133574758976,False,-1045.4703625836046,22286.62133574759,119.03133574758976,baseline,119.03133574758976,0.5369611028875478
대구,문화 및 기타서비스업,regional_service_production_index_R_S,2023,4,21400.682615703223,21400.682615703223,22167.59,-766.9073842967773,3.4595884545716395,recursive_no_target_actual,21849.115726865155,-318.47427313484513,1.4366662011289686,766.9073842967773,318.47427313484513,False,-448.4331111619322,21849.115726865155,-318.47427313484513,baseline,318.47427313484513,1.4366662011289686
대구,문화 및 기타서비스업,regional_service_production_index_R_S,2024,1,5036.237532149418,24633.81738553701,21846.68,2787.137385537011,12.757715980354961,recursive_no_target_actual,22193.5010372277,346.821037227699,1.5875228511961497,2787.137385537011,346.821037227699,False,-2440.316348309312,22193.5010372277,346.821037227699,baseline,346.821037227699,1.5875228511961497
대구,문화 및 기타서비스업,regional_service_production_index_R_S,2024,2,10297.4283002362,23420.19556307203,21846.68,1573.5155630720292,7.202538614892648,recursive_no_target_actual,22127.013454949887,280.3334549498868,1.283185614243843,1573.5155630720292,280.3334549498868,False,-1293.1821081221424,22127.013454949887,280.3334549498868,baseline,280.3334549498868,1.283185614243843
대구,문화 및 기타서비스업,regional_service_production_index_R_S,2024,3,15601.282613069725,22663.395799974587,21846.68,816.7157999745868,3.738397779317438,recursive_no_target_actual,21975.602349884964,128.9223498849642,0.5901233042501844,816.7157999745868,128.9223498849642,False,-687.7934500896226,21975.602349884964,128.9223498849642,baseline,128.9223498849642,0.5901233042501844
대구,문화 및 기타서비스업,regional_service_production_index_R_S,2024,4,22051.234877963434,22051.234877963434,21846.68,204.55487796343368,0.9363202004306086,recursive_no_target_actual,21873.92675067089,27.246750670889018,0.1247180380308999,204.55487796343368,27.246750670889018,False,-177.30812729254467,21873.92675067089,27.246750670889018,baseline,27.246750670889018,0.12471803803089997
대구,문화 및 기타서비스업,regional_service_production_index_R_S,2025,1,4611.030867997538,20189.46168656142,20116.68,72.78168656141861,0.3617977049961455,recursive_no_target_actual,21453.22049269722,1336.5404926972187,6.6439417075641645,72.78168656141861,1336.5404926972187,True,1263.7588061358001,20189.46168656142,72.78168656141861,regional_service_production_index_R_S,72.78168656141861,0.3617977049961455
대구,문화 및 기타서비스업,regional_service_production_index_R_S,2025,2,9394.975393544983,20118.694011299434,20116.68,2.0140112994340598,0.010011648539590329,recursive_no_target_actual,21454.653100482137,1337.9731004821333,6.651063199703596,2.0140112994340598,1337.9731004821333,True,1335.9590891826992,20118.694011299434,2.0140112994340598,regional_service_production_index_R_S,2.0140112994340598,0.010011648539590329
대구,문화 및 기타서비스업,regional_service_production_index_R_S,2025,3,14050.195307360831,19858.890098197637,20116.68,-257.7899018023636,1.281473393235681,recursive_no_target_actual,21736.30877773608,1619.6287777360812,8.051173343395039,257.7899018023636,1619.6287777360812,True,1361.8388759337176,19858.890098197637,-257.7899018023636,regional_service_production_index_R_S,257.7899018023636,1.281473393235681
대구,문화 및 기타서비스업,regional_service_production_index_R_S,2025,4,20184.78762465922,20184.78762465922,20116.68,68.10762465922016,0.33856294706293566,recursive_no_target_actual,21679.78651053365,1563.1065105336456,7.7702011988739965,68.10762465922016,1563.1065105336456,True,1494.9988858744255,20184.78762465922,68.10762465922016,regional_service_production_index_R_S,68.10762465922016,0.33856294706293566
대구,보건 및 사회복지업,regional_service_production_index_Q,2021,1,13881.176456614156,52616.89540284361,57710.119999999995,-5093.2245971563825,8.82553111509105,recursive_no_target_actual,53697.869154833505,-4012.250845166491,6.952421594629314,5093.2245971563825,4012.250845166491,False,-1080.9737519898913,53697.869154833505,-4012.250845166491,baseline,4012.250845166491,6.952421594629316
대구,보건 및 사회복지업,regional_service_production_index_Q,2021,2,28093.17218054514,57347.93034711588,57710.119999999995,-362.1896528841171,0.6276016284217,recursive_no_target_actual,54968.61238279568,-2741.507617204319,4.750479841671304,362.1896528841171,2741.507617204319,True,2379.317964320202,57347.93034711588,-362.1896528841171,regional_service_production_index_Q,362.1896528841171,0.6276016284217
대구,보건 및 사회복지업,regional_service_production_index_Q,2021,3,42649.21994248563,57232.96327181209,57710.119999999995,-477.15672818790335,0.8268163853894315,recursive_no_target_actual,55580.62024443795,-2129.499755562043,3.6899936364056134,477.15672818790335,2129.499755562043,True,1652.3430273741396,57232.96327181209,-477.15672818790335,regional_service_production_index_Q,477.15672818790335,0.8268163853894315
대구,보건 및 사회복지업,regional_service_production_index_Q,2021,4,57350.828182045516,57350.828182045516,57710.119999999995,-359.2918179544795,0.6225802648729192,recursive_no_target_actual,55969.286266397445,-1740.8337336025506,3.016513799663821,359.2918179544795,1740.8337336025506,True,1381.5419156480712,57350.828182045516,-359.2918179544795,regional_service_production_index_Q,359.2918179544795,0.6225802648729192
대구,보건 및 사회복지업,regional_service_production_index_Q,2022,1,14900.236335948315,61561.12896091515,60651.5,909.62896091515,1.4997633379473714,recursive_no_target_actual,62720.89126212682,2069.3912621268173,3.4119374823818327,909.62896091515,2069.3912621268173,True,1159.7623012116674,61561.12896091515,909.62896091515,regional_service_production_index_Q,909.62896091515,1.4997633379473714
대구,보건 및 사회복지업,regional_service_production_index_Q,2022,2,30665.99131518228,62603.111804050866,60651.5,1951.6118040508663,3.217746970892503,recursive_no_target_actual,62235.34888514597,1583.8488851459697,2.61139276876247,1951.6118040508663,1583.8488851459697,False,-367.76291890489665,62235.34888514597,1583.8488851459697,baseline,1583.8488851459697,2.61139276876247
대구,보건 및 사회복지업,regional_service_production_index_Q,2022,3,46112.17017997231,62007.49164132795,60651.5,1355.9916413279498,2.2357099846301405,recursive_no_target_actual,61436.17841345269,784.6784134526897,1.293749393589095,1355.9916413279498,784.6784134526897,False,-571.31322787526,61436.17841345269,784.6784134526897,baseline,784.6784134526897,1.2937493935890947
대구,보건 및 사회복지업,regional_service_production_index_Q,2022,4,61571.664716197505,61571.664716197505,60651.5,920.1647161975052,1.5171343102767536,recursive_no_target_actual,61035.32360032437,383.8236003243728,0.6328344728891665,920.1647161975052,383.8236003243728,False,-536.3411158731324,61035.32360032437,383.8236003243728,baseline,383.8236003243728,0.6328344728891665
대구,보건 및 사회복지업,regional_service_production_index_Q,2023,1,15451.441825259517,63849.38963360143,62227.15,1622.239633601428,2.606964377448474,recursive_no_target_actual,63063.019502619856,835.8695026198548,1.3432553196150792,1622.239633601428,835.8695026198548,False,-786.3701309815733,63063.019502619856,835.8695026198548,baseline,835.8695026198548,1.3432553196150792
대구,보건 및 사회복지업,regional_service_production_index_Q,2023,2,31361.967236159173,62969.05623100304,62227.15,741.9062310030349,1.1922548774980615,recursive_no_target_actual,62521.58859651631,294.4385965163092,0.4731674140890418,741.9062310030349,294.4385965163092,False,-447.46763448672573,62521.58859651631,294.4385965163092,baseline,294.4385965163092,0.47316741408904184
대구,보건 및 사회복지업,regional_service_production_index_Q,2023,3,48098.843101211074,64224.38651458273,62227.15,1997.236514582728,3.2095902103546887,recursive_no_target_actual,62573.89434834102,346.74434834101703,0.5572235725740565,1997.236514582728,346.74434834101703,False,-1650.492166241711,62573.89434834102,346.74434834101703,baseline,346.74434834101703,0.5572235725740565
대구,보건 및 사회복지업,regional_service_production_index_Q,2023,4,64652.08553200692,64652.08553200692,62227.15,2424.9355320069153,3.8969091980058788,recursive_no_target_actual,62680.9607152291,453.8107152290977,0.729280893033182,2424.9355320069153,453.8107152290977,False,-1971.1248167778176,62680.9607152291,453.8107152290977,baseline,453.8107152290977,0.729280893033182
대구,보건 및 사회복지업,regional_service_production_index_Q,2024,1,16298.488669101238,68196.30785229201,63443.29,4753.0178522920105,7.491758154868719,recursive_no_target_actual,65134.20600215314,1690.9160021531425,2.6652400941898544,4753.0178522920105,1690.9160021531425,False,-3062.101850138868,65134.20600215314,1690.9160021531425,baseline,1690.9160021531425,2.6652400941898544
대구,보건 및 사회복지업,regional_service_production_index_Q,2024,2,32394.982126191928,66781.62563780845,63443.29,3338.33563780845,5.26192074498099,recursive_no_target_actual,64710.272024032296,1266.9820240322952,1.997030771941832,3338.33563780845,1266.9820240322952,False,-2071.353613776155,64710.272024032296,1266.9820240322952,baseline,1266.9820240322952,1.9970307719418319
대구,보건 및 사회복지업,regional_service_production_index_Q,2024,3,48844.96720430108,65654.98864194164,63443.29,2211.6986419416426,3.486103324625256,recursive_no_target_actual,64720.456134145614,1277.166134145613,2.0130830764697305,2211.6986419416426,1277.166134145613,False,-934.5325077960297,64720.456134145614,1277.166134145613,baseline,1277.166134145613,2.0130830764697305
대구,보건 및 사회복지업,regional_service_production_index_Q,2024,4,65257.078180158256,65257.078180158256,63443.29,1813.7881801582553,2.8589125503394532,recursive_no_target_actual,64981.0538781741,1537.763878174097,2.423840059640818,1813.7881801582553,1537.763878174097,False,-276.0243019841582,64981.0538781741,1537.763878174097,baseline,1537.763878174097,2.423840059640818
대구,보건 및 사회복지업,regional_service_production_index_Q,2025,1,16446.89661443219,65851.28474051123,67234.14,-1382.8552594887733,2.0567754112550163,recursive_no_target_actual,68000.08143115132,765.9414311513247,1.139215034432395,1382.8552594887733,765.9414311513247,False,-616.9138283374486,68000.08143115132,765.9414311513247,baseline,765.9414311513247,1.139215034432395
대구,보건 및 사회복지업,regional_service_production_index_Q,2025,2,33200.63831495453,66880.00757989088,67234.14,-354.13242010911927,0.5267151778978942,recursive_no_target_actual,68518.47078961456,1284.330789614556,1.9102360640212788,354.13242010911927,1284.330789614556,True,930.1983695054366,66880.00757989088,-354.13242010911927,regional_service_production_index_Q,354.13242010911927,0.5267151778978942
대구,보건 및 사회복지업,regional_service_production_index_Q,2025,3,50064.84424646933,66886.83895321788,67234.14,-347.301046782115,0.5165546057138755,recursive_no_target_actual,68411.20037197394,1177.0603719739447,1.7506885221911734,347.301046782115,1177.0603719739447,True,829.7593251918297,66886.83895321788,-347.301046782115,regional_service_production_index_Q,347.301046782115,0.5165546057138755
대구,보건 및 사회복지업,regional_service_production_index_Q,2025,4,67223.62146063069,67223.62146063069,67234.14,-10.51853936931002,0.0156446403111723,recursive_no_target_actual,68723.67003408061,1489.5300340806134,2.21543702958142,10.51853936931002,1489.5300340806134,True,1479.0114947113034,67223.62146063069,-10.51853936931002,regional_service_production_index_Q,10.51853936931002,0.0156446403111723
대구,부동산업,regional_service_production_index_L,2021,1,18299.74083,77295.63180570221,71741.26,5554.37180570222,7.742227841694193,recursive_no_target_actual,73033.83172745253,1292.5717274525375,1.801713166806016,5554.37180570222,1292.5717274525375,False,-4261.800078249682,73033.83172745253,1292.5717274525375,baseline,1292.5717274525375,1.8017131668060158
대구,부동산업,regional_service_production_index_L,2021,2,37412.018415,78762.14403157895,71741.26,7020.884031578957,9.786396324205844,recursive_no_target_actual,72892.99096239846,1151.730962398462,1.6053955037846588,7020.884031578957,1151.730962398462,False,-5869.153069180495,72892.99096239846,1151.730962398462,baseline,1151.730962398462,1.6053955037846588
대구,부동산업,regional_service_production_index_L,2021,3,55499.793135,76498.68109579601,71741.26,4757.421095796017,6.631359828076643,recursive_no_target_actual,72254.72008573555,513.4600857355545,0.7157109949498441,4757.421095796017,513.4600857355545,False,-4243.961010060462,72254.72008573555,513.4600857355545,baseline,513.4600857355545,0.7157109949498441
대구,부동산업,regional_service_production_index_L,2021,4,75689.5651125,75689.5651125,71741.26,3948.3051125000056,5.503534664013436,recursive_no_target_actual,71841.38057719177,100.12057719177392,0.1395578739372209,3948.3051125000056,100.12057719177392,False,-3848.1845353082317,71841.38057719177,100.12057719177392,baseline,100.12057719177392,0.13955787393722097
대구,부동산업,regional_service_production_index_L,2022,1,18182.265661610265,75203.67602316602,68076.38,7127.296023166011,10.469557904174708,recursive_no_target_actual,70458.66151559116,2382.281515591152,3.499424492887477,7127.296023166011,2382.281515591152,False,-4745.014507574859,70458.66151559116,2382.281515591152,baseline,2382.281515591152,3.499424492887477
대구,부동산업,regional_service_production_index_L,2022,2,37302.106716452734,75467.198904627,68076.38,7390.818904626998,10.856656750295768,recursive_no_target_actual,69934.81460685127,1858.4346068512675,2.729925719979922,7390.818904626998,1858.4346068512675,False,-5532.38429777573,69934.81460685127,1858.4346068512675,baseline,1858.4346068512675,2.7299257199799216
대구,부동산업,regional_service_production_index_L,2022,3,55919.675239206525,76262.19236155314,68076.38,8185.812361553137,12.024453065149961,recursive_no_target_actual,70083.79807480519,2007.4180748051876,2.9487732379500606,8185.812361553137,2007.4180748051876,False,-6178.394286747949,70083.79807480519,2007.4180748051876,baseline,2007.4180748051876,2.9487732379500606
대구,부동산업,regional_service_production_index_L,2022,4,75441.33431971994,75441.33431971994,68076.38,7364.954319719938,10.818663271636856,recursive_no_target_actual,70325.50888689436,2249.128886894352,3.3038315005797196,7364.954319719938,2249.128886894352,False,-5115.825432825586,70325.50888689436,2249.128886894352,baseline,2249.128886894352,3.3038315005797196
대구,부동산업,regional_service_production_index_L,2023,1,17585.642769640483,72965.84375690609,69860.54,3105.303756906098,4.44500394200517,recursive_no_target_actual,68119.47689489798,-1741.0631051020173,2.4921981781160256,3105.303756906098,1741.0631051020173,False,-1364.2406518040807,68119.47689489798,-1741.0631051020173,baseline,1741.0631051020173,2.4921981781160256
대구,부동산업,regional_service_production_index_L,2023,2,35171.285539280965,71131.87281867146,69860.54,1271.3328186714643,1.8198153330499085,recursive_no_target_actual,68319.47798249083,-1541.0620175091608,2.205911974784565,1271.3328186714643,1541.0620175091608,True,269.72919883769646,71131.87281867146,1271.3328186714643,regional_service_production_index_L,1271.3328186714643,1.8198153330499085
대구,부동산업,regional_service_production_index_L,2023,3,52364.12185530404,70644.53086227545,69860.54,783.9908622754592,1.1222227344298503,recursive_no_target_actual,68547.8536806155,-1312.686319384491,1.8790096947210704,783.9908622754592,1312.686319384491,True,528.6954571090318,70644.53086227545,783.9908622754592,regional_service_production_index_L,783.9908622754592,1.1222227344298503
대구,부동산업,regional_service_production_index_L,2023,4,70206.59961384822,70206.59961384822,69860.54,346.0596138482215,0.49535777113692725,recursive_no_target_actual,68658.9635626314,-1201.576437368596,1.719964428228863,346.0596138482215,1201.576437368596,True,855.5168235203746,70206.59961384822,346.0596138482215,regional_service_production_index_L,346.0596138482215,0.49535777113692725
대구,부동산업,regional_service_production_index_L,2024,1,18235.60039165052,72801.40465635736,70535.43000000001,2265.974656357357,3.212533979529659,recursive_no_target_actual,69550.40454166138,-985.0254583386268,1.3964974174519482,2265.974656357357,985.0254583386268,False,-1280.9491980187304,69550.40454166138,-985.0254583386268,baseline,985.0254583386268,1.3964974174519482
대구,부동산업,regional_service_production_index_L,2024,2,34592.01690122659,69050.3017783505,70535.43000000001,-1485.128221649502,2.1055067242795595,recursive_no_target_actual,70070.83838690116,-464.591613098848,0.6586641820980577,1485.128221649502,464.591613098848,False,-1020.5366085506539,70070.83838690116,-464.591613098848,baseline,464.591613098848,0.6586641820980575
대구,부동산업,regional_service_production_index_L,2024,3,49850.99002367118,66837.14675129832,70535.43000000001,-3698.283248701686,5.24315687690808,recursive_no_target_actual,70038.69638483477,-496.7336151652416,0.7042327737496483,3698.283248701686,496.7336151652416,False,-3201.549633536444,70038.69638483477,-496.7336151652416,baseline,496.7336151652416,0.7042327737496482
대구,부동산업,regional_service_production_index_L,2024,4,65500.83339358726,65500.83339358726,70535.43000000001,-5034.59660641275,7.1376847159119166,recursive_no_target_actual,69993.62115696806,-541.8088430319476,0.7681371518284464,5034.59660641275,541.8088430319476,False,-4492.787763380802,69993.62115696806,-541.8088430319476,baseline,541.8088430319476,0.7681371518284464
대구,부동산업,regional_service_production_index_L,2025,1,15088.138801927933,54195.400461665304,68077.62,-13882.219538334692,20.39175214752615,recursive_no_target_actual,69706.01803968745,1628.398039687454,2.39197263313179,13882.219538334692,1628.398039687454,False,-12253.821498647238,69706.01803968745,1628.398039687454,baseline,1628.398039687454,2.39197263313179
대구,부동산업,regional_service_production_index_L,2025,2,29447.77304796879,55760.0813428944,68077.62,-12317.538657105593,18.093374382220755,recursive_no_target_actual,69668.26729182737,1590.6472918273794,2.3365201248624428,12317.538657105593,1590.6472918273794,False,-10726.891365278214,69668.26729182737,1590.6472918273794,baseline,1590.6472918273794,2.3365201248624428
대구,부동산업,regional_service_production_index_L,2025,3,44131.18709662612,57985.39872738239,68077.62,-10092.221272617608,14.824580049387167,recursive_no_target_actual,69935.99390503301,1858.373905033019,2.7297868301403883,10092.221272617608,1858.373905033019,False,-8233.847367584589,69935.99390503301,1858.373905033019,baseline,1858.373905033019,2.7297868301403883
대구,부동산업,regional_service_production_index_L,2025,4,59429.782770254766,59429.782770254766,68077.62,-8647.83722974523,12.702907695282576,recursive_no_target_actual,70254.34729671717,2176.727296717174,3.197419793343501,8647.83722974523,2176.727296717174,False,-6471.109933028056,70254.34729671717,2176.727296717174,baseline,2176.727296717174,3.197419793343501
대구,사업서비스업,regional_service_production_index_M_N,2021,1,9601.403855,40705.47474297827,43003.32,-2297.845257021727,5.343413617882821,recursive_no_target_actual,39308.197230815495,-3695.122769184505,8.592645333394039,2297.845257021727,3695.122769184505,True,1397.2775121627783,40705.47474297827,-2297.845257021727,regional_service_production_index_M_N,2297.845257021727,5.343413617882821
대구,사업서비스업,regional_service_production_index_M_N,2021,2,20936.2557525,41202.96335055351,43003.32,-1800.3566494464903,4.186552688133126,recursive_no_target_actual,40583.428176138055,-2419.8918238619444,5.627220930528026,1800.3566494464903,2419.8918238619444,True,619.5351744154541,41202.96335055351,-1800.3566494464903,regional_service_production_index_M_N,1800.3566494464903,4.186552688133126
대구,사업서비스업,regional_service_production_index_M_N,2021,3,30302.869815000002,40661.34829251929,43003.32,-2341.971707480712,5.446025347532963,recursive_no_target_actual,40504.59324825213,-2498.726751747876,5.810543817890982,2341.971707480712,2498.726751747876,True,156.7550442671636,40661.34829251929,-2341.971707480712,regional_service_production_index_M_N,2341.971707480712,5.446025347532963
대구,사업서비스업,regional_service_production_index_M_N,2021,4,40593.656465,40593.656465,43003.32,-2409.6635349999997,5.603436048658568,recursive_no_target_actual,40515.174842060405,-2488.1451579395944,5.785937360044747,2409.6635349999997,2488.1451579395944,True,78.48162293959467,40593.656465,-2409.6635349999997,regional_service_production_index_M_N,2409.6635349999997,5.603436048658568
대구,사업서비스업,regional_service_production_index_M_N,2022,1,10377.73941914841,43875.91598335068,41827.53,2048.3859833506795,4.897219566516788,recursive_no_target_actual,44393.353557654526,2565.8235576545267,6.134293747812809,2048.3859833506795,2565.8235576545267,True,517.4375743038472,43875.91598335068,2048.3859833506795,regional_service_production_index_M_N,2048.3859833506795,4.897219566516788
대구,사업서비스업,regional_service_production_index_M_N,2022,2,22575.94919025351,43772.88549749464,41827.53,1945.3554974946383,4.650897381448626,recursive_no_target_actual,44455.15600097503,2627.626000975033,6.282049169470522,1945.3554974946383,2627.626000975033,True,682.2705034803948,43772.88549749464,1945.3554974946383,regional_service_production_index_M_N,1945.3554974946383,4.650897381448626
대구,사업서비스업,regional_service_production_index_M_N,2022,3,32673.209165641154,43768.95774480712,41827.53,1941.4277448071225,4.641507028521939,recursive_no_target_actual,44091.432872983096,2263.902872983097,5.4124708606582725,1941.4277448071225,2263.902872983097,True,322.47512817597453,43768.95774480712,1941.4277448071225,regional_service_production_index_M_N,1941.4277448071225,4.641507028521939
대구,사업서비스업,regional_service_production_index_M_N,2022,4,43320.8438985971,43320.8438985971,41827.53,1493.3138985971018,3.570169930180199,recursive_no_target_actual,44122.61160984213,2295.081609842134,5.487012046473064,1493.3138985971018,2295.081609842134,True,801.7677112450324,43320.8438985971,1493.3138985971018,regional_service_production_index_M_N,1493.3138985971018,3.570169930180199
대구,사업서비스업,regional_service_production_index_M_N,2023,1,10781.3447715612,45005.65441101479,41828.69,3176.9644110147856,7.595180272236078,recursive_no_target_actual,43633.96657037295,1805.2765703729456,4.315881205873159,3176.9644110147856,1805.2765703729456,False,-1371.68784064184,43633.96657037295,1805.2765703729456,baseline,1805.2765703729456,4.315881205873159
대구,사업서비스업,regional_service_production_index_M_N,2023,2,22303.587643537743,42798.21107594936,41828.69,969.5210759493566,2.317837531965157,recursive_no_target_actual,43704.94180354555,1876.2518035455505,4.485561951726316,969.5210759493566,1876.2518035455505,True,906.7307275961939,42798.21107594936,969.5210759493566,regional_service_production_index_M_N,969.5210759493566,2.317837531965157
대구,사업서비스업,regional_service_production_index_M_N,2023,3,31991.469011727335,42416.9363994169,41828.69,588.2463994169011,1.4063227880598246,recursive_no_target_actual,43848.872282927325,2020.1822829273224,4.82965706773825,588.2463994169011,2020.1822829273224,True,1431.9358835104213,42416.9363994169,588.2463994169011,regional_service_production_index_M_N,588.2463994169011,1.4063227880598246
대구,사업서비스업,regional_service_production_index_M_N,2023,4,42374.2617016858,42374.2617016858,41828.69,545.5717016857961,1.3043002343267172,recursive_no_target_actual,43897.98622296949,2069.2962229694895,4.947073941281664,545.5717016857961,2069.2962229694895,True,1523.7245212836933,42374.2617016858,545.5717016857961,regional_service_production_index_M_N,545.5717016857961,1.3043002343267172
대구,사업서비스업,regional_service_production_index_M_N,2025,1,10441.53255924721,41921.97400652985,42385.78,-463.8059934701523,1.0942490464258352,recursive_no_target_actual,42935.661346796376,549.8813467963773,1.2973250623118822,463.8059934701523,549.8813467963773,True,86.07535332622501,41921.97400652985,-463.8059934701523,regional_service_production_index_M_N,463.8059934701523,1.0942490464258352
대구,사업서비스업,regional_service_production_index_M_N,2025,2,22121.722387314127,42571.82792532976,42385.78,186.0479253297599,0.4389394870868482,recursive_no_target_actual,43046.52945339878,660.7494533987847,1.5588941701645804,186.0479253297599,660.7494533987847,True,474.7015280690248,42571.82792532976,186.0479253297599,regional_service_production_index_M_N,186.0479253297599,0.4389394870868482
대구,사업서비스업,regional_service_production_index_M_N,2025,3,32030.980537871746,42701.35983738578,42385.78,315.5798373857833,0.7445417717587911,recursive_no_target_actual,43526.45748470886,1140.67748470886,2.691179647298835,315.5798373857833,1140.67748470886,True,825.0976473230767,42701.35983738578,315.5798373857833,regional_service_production_index_M_N,315.5798373857833,0.7445417717587911
대구,사업서비스업,regional_service_production_index_M_N,2025,4,42343.175390334574,42343.175390334574,42385.78,-42.604609665424505,0.10051628085038072,recursive_no_target_actual,43700.56646835024,1314.7864683502412,3.1019518063610985,42.604609665424505,1314.7864683502412,True,1272.1818586848167,42343.175390334574,-42.604609665424505,regional_service_production_index_M_N,42.604609665424505,0.10051628085038072
대구,서비스업,regional_service_production_index_T,2021,1,105752.3857325,434301.37877823407,436117.9,-1816.5212217659573,0.4165206752041036,recursive_no_target_actual,432092.3008824175,-4025.599117582547,0.9230529445323266,1816.5212217659573,4025.599117582547,True,2209.0778958165897,434301.37877823407,-1816.5212217659573,regional_service_production_index_T,1816.5212217659573,0.4165206752041036
대구,서비스업,regional_service_production_index_T,2021,2,217409.19180499998,445054.6403377686,436117.9,8936.74033776857,2.049156968280497,recursive_no_target_actual,438157.71361306,2039.8136130599887,0.4677206812790735,8936.74033776857,2039.8136130599887,False,-6896.926724708581,438157.71361306,2039.8136130599887,baseline,2039.8136130599887,0.46772068127907357
대구,서비스업,regional_service_production_index_T,2021,3,326957.2763275,441535.8221843349,436117.9,5417.922184334893,1.2423067671230401,recursive_no_target_actual,439197.77376520354,3079.8737652035197,0.7062020992955161,5417.922184334893,3079.8737652035197,False,-2338.0484191313735,439197.77376520354,3079.8737652035197,baseline,3079.8737652035197,0.7062020992955161
대구,서비스업,regional_service_production_index_T,2021,4,442304.34511249996,442304.34511249996,436117.9,6186.445112499932,1.4185258418652231,recursive_no_target_actual,439450.8917421288,3332.991742128739,0.7642409866984912,6186.445112499932,3332.991742128739,False,-2853.453370371193,439450.8917421288,3332.991742128739,baseline,3332.991742128739,0.7642409866984912
대구,서비스업,regional_service_production_index_T,2022,1,108535.65854588797,453945.25184446666,445405.07,8540.181844466657,1.9173966395278474,recursive_no_target_actual,455932.7983852312,10527.728385231168,2.3636301188109883,8540.181844466657,10527.728385231168,True,1987.5465407645115,453945.25184446666,8540.181844466657,regional_service_production_index_T,8540.181844466657,1.9173966395278474
대구,서비스업,regional_service_production_index_T,2022,2,224244.65084624552,456210.6257516974,445405.07,10805.555751697393,2.4260064555837664,recursive_no_target_actual,454114.8405904097,8709.770590409695,1.9554718114029763,10805.555751697393,8709.770590409695,False,-2095.7851612876984,454114.8405904097,8709.770590409695,baseline,8709.770590409695,1.9554718114029763
대구,서비스업,regional_service_production_index_T,2022,3,338498.1841239571,457916.7631086746,445405.07,12511.693108674604,2.809059427337593,recursive_no_target_actual,453631.3745895436,8226.304589543608,1.846926571703283,12511.693108674604,8226.304589543608,False,-4285.388519130996,453631.3745895436,8226.304589543608,baseline,8226.304589543608,1.846926571703283
대구,서비스업,regional_service_production_index_T,2022,4,456494.32631704415,456494.32631704415,445405.07,11089.256317044143,2.4897014120302092,recursive_no_target_actual,451902.7673272913,6497.697327291302,1.4588287751846432,11089.256317044143,6497.697327291302,False,-4591.558989752841,451902.7673272913,6497.697327291302,baseline,6497.697327291302,1.4588287751846432
대구,서비스업,regional_service_production_index_T,2023,1,111883.80601457527,470576.42931992334,454620.36,15956.06931992335,3.509756870528929,recursive_no_target_actual,467162.7384612387,12542.378461238695,2.7588686219945573,15956.06931992335,12542.378461238695,False,-3413.690858684655,467162.7384612387,12542.378461238695,baseline,12542.378461238695,2.7588686219945573
대구,서비스업,regional_service_production_index_T,2023,2,225086.2788271464,458207.62648586,454620.36,3587.266485859989,0.7890685946973403,recursive_no_target_actual,461022.0284423635,6401.6684423635015,1.4081350079357426,3587.266485859989,6401.6684423635015,True,2814.4019565035123,458207.62648586,3587.266485859989,regional_service_production_index_T,3587.266485859989,0.7890685946973403
대구,서비스업,regional_service_production_index_T,2023,3,336970.0848417217,454433.55114864866,454620.36,-186.8088513513212,0.041091175800248195,recursive_no_target_actual,459407.8035354734,4787.4435354734305,1.053064041274665,186.8088513513212,4787.4435354734305,True,4600.634684122109,454433.55114864866,-186.8088513513212,regional_service_production_index_T,186.8088513513212,0.041091175800248195
대구,서비스업,regional_service_production_index_T,2023,4,452809.8912502846,452809.8912502846,454620.36,-1810.4687497153645,0.3982374985835136,recursive_no_target_actual,456049.772128419,1429.4121284190333,0.3144188545403099,1810.4687497153645,1429.4121284190333,False,-381.0566212963313,456049.772128419,1429.4121284190333,baseline,1429.4121284190333,0.3144188545403099
대구,서비스업,regional_service_production_index_T,2024,1,115182.71217741935,466161.04003626475,459849.72,6311.320036264777,1.3724744762842906,recursive_no_target_actual,469852.2232675172,10002.503267517195,2.1751678499482825,6311.320036264777,10002.503267517195,True,3691.1832312524184,466161.04003626475,6311.320036264777,regional_service_production_index_T,6311.320036264777,1.3724744762842906
대구,서비스업,regional_service_production_index_T,2024,2,230569.10731182795,463839.7904641731,459849.72,3990.070464173099,0.8676900932272176,recursive_no_target_actual,466797.4119067652,6947.69190676522,1.5108613976681815,3990.070464173099,6947.69190676522,True,2957.6214425921207,463839.7904641731,3990.070464173099,regional_service_production_index_T,3990.070464173099,0.8676900932272176
대구,서비스업,regional_service_production_index_T,2024,3,341881.8433064516,459410.1590969296,459849.72,-439.5609030703781,0.09558794622520987,recursive_no_target_actual,465862.4901729528,6012.770172952849,1.3075511219084464,439.5609030703781,6012.770172952849,True,5573.209269882471,459410.1590969296,-439.5609030703781,regional_service_production_index_T,439.5609030703781,0.09558794622520987
대구,서비스업,regional_service_production_index_T,2024,4,457879.287311828,457879.287311828,459849.72,-1970.4326881719753,0.4284949196385235,recursive_no_target_actual,464115.0268813306,4265.306881330558,0.927543650854144,1970.4326881719753,4265.306881330558,True,2294.874193158583,457879.287311828,-1970.4326881719753,regional_service_production_index_T,1970.4326881719753,0.4284949196385235
대구,서비스업,regional_service_production_index_T,2025,1,112916.83516014235,448871.87522546423,460143.43,-11271.554774535762,2.449574206576363,recursive_no_target_actual,471598.2259895252,11454.795989525212,2.4893968364440657,11271.554774535762,11454.795989525212,True,183.24121498944987,448871.87522546423,-11271.554774535762,regional_service_production_index_T,11271.554774535762,2.449574206576363
대구,서비스업,regional_service_production_index_T,2025,2,227470.1461921708,451725.1666431096,460143.43,-8418.263356890413,1.8294868095564059,recursive_no_target_actual,470901.9167033552,10758.486703355216,2.338072436100026,8418.263356890413,10758.486703355216,True,2340.2233464648034,451725.1666431096,-8418.263356890413,regional_service_production_index_T,8418.263356890413,1.8294868095564059
대구,서비스업,regional_service_production_index_T,2025,3,340386.98135231313,455877.2321000893,460143.43,-4266.19789991068,0.9271452381512172,recursive_no_target_actual,472350.1524813095,12206.722481309494,2.652808164904038,4266.19789991068,12206.722481309494,True,7940.524581398815,455877.2321000893,-4266.19789991068,regional_service_production_index_T,4266.19789991068,0.9271452381512172
대구,서비스업,regional_service_production_index_T,2025,4,456985.88722419925,456985.88722419925,460143.43,-3157.5427758007427,0.6862083798090397,recursive_no_target_actual,472679.2644750426,12535.83447504259,2.7243319490713125,3157.5427758007427,12535.83447504259,True,9378.291699241847,456985.88722419925,-3157.5427758007427,regional_service_production_index_T,3157.5427758007427,0.6862083798090397
대구,숙박 및 음식점업,regional_service_production_index_I,2022,1,4061.6775000000002,18630.738097826088,19220.35,-589.6119021739105,3.0676439407914557,recursive_no_target_actual,17775.697181825166,-1444.6528181748326,7.516266967952367,589.6119021739105,1444.6528181748326,True,855.0409160009222,18630.738097826088,-589.6119021739105,regional_service_production_index_I,589.6119021739105,3.0676439407914557
대구,숙박 및 음식점업,regional_service_production_index_I,2022,2,8827.892424170617,19114.26681888148,19220.35,-106.08318111851986,0.5519315783454509,recursive_no_target_actual,18425.76912999925,-794.5808700007474,4.1340603579058,106.08318111851986,794.5808700007474,True,688.4976888822275,19114.26681888148,-106.08318111851986,regional_service_production_index_I,106.08318111851986,0.5519315783454509
대구,숙박 및 음식점업,regional_service_production_index_I,2022,3,13802.00363744076,19492.789608433734,19220.35,272.439608433735,1.4174539404003308,recursive_no_target_actual,18845.274169881657,-375.07583011834504,1.9514516130993715,272.439608433735,375.07583011834504,True,102.63622168461006,19492.789608433734,272.439608433735,regional_service_production_index_I,272.439608433735,1.4174539404003308
대구,숙박 및 음식점업,regional_service_production_index_I,2022,4,18903.16258293839,18903.16258293839,19220.35,-317.1874170616102,1.650268684293523,recursive_no_target_actual,18490.32528533992,-730.0247146600777,3.798186373609626,317.1874170616102,730.0247146600777,True,412.83729759846756,18903.16258293839,-317.1874170616102,regional_service_production_index_I,317.1874170616102,1.650268684293523
대구,숙박 및 음식점업,regional_service_production_index_I,2024,1,4876.436094470047,19981.494240755314,19485.54,495.95424075531264,2.5452424759863606,recursive_no_target_actual,19108.59876814031,-376.9412318596914,1.934466439522289,495.95424075531264,376.9412318596914,False,-119.01300889562123,19108.59876814031,-376.9412318596914,baseline,376.9412318596914,1.9344664395222886
대구,숙박 및 음식점업,regional_service_production_index_I,2024,2,9775.430875576038,19863.61451424113,19485.54,378.0745142411288,1.9402824568430166,recursive_no_target_actual,19008.33261537533,-477.2073846246713,2.4490334095163453,378.0745142411288,477.2073846246713,True,99.13287038354252,19863.61451424113,378.0745142411288,regional_service_production_index_I,378.0745142411288,1.9402824568430166
대구,숙박 및 음식점업,regional_service_production_index_I,2024,3,14636.827845622123,19626.312929969106,19485.54,140.77292996910546,0.7224481844952999,recursive_no_target_actual,18823.195815306248,-662.344184693753,3.3991574505697715,140.77292996910546,662.344184693753,True,521.5712547246476,19626.312929969106,140.77292996910546,regional_service_production_index_I,140.77292996910546,0.7224481844952999
대구,숙박 및 음식점업,regional_service_production_index_I,2024,4,19501.984596774197,19501.984596774197,19485.54,16.444596774195816,0.08439384679200995,recursive_no_target_actual,18664.44602178624,-821.0939782137611,4.213863091368066,16.444596774195816,821.0939782137611,True,804.6493814395653,19501.984596774197,16.444596774195816,regional_service_production_index_I,16.444596774195816,0.08439384679200995
대구,운수 및 창고업,regional_service_production_index_H,2021,1,4705.49961,19688.28288702929,20771.95,-1083.6671129707101,5.2169734327817565,recursive_no_target_actual,19558.82628644515,-1213.1237135548508,5.8402013944518965,1083.6671129707101,1213.1237135548508,True,129.4566005841407,19688.28288702929,-1083.6671129707101,regional_service_production_index_H,1083.6671129707101,5.2169734327817565
대구,운수 및 창고업,regional_service_production_index_H,2021,2,9740.089485,20430.182454116417,20771.95,-341.7675458835838,1.6453320265241531,recursive_no_target_actual,21455.648505100613,683.6985051006122,3.2914507549874337,341.7675458835838,683.6985051006122,True,341.93095921702843,20430.182454116417,-341.7675458835838,regional_service_production_index_H,341.7675458835838,1.6453320265241531
대구,운수 및 창고업,regional_service_production_index_H,2021,3,14877.827055,20146.008199052132,20771.95,-625.9418009478686,3.0133993243189425,recursive_no_target_actual,21620.24032116967,848.2903211696685,4.08382612691475,625.9418009478686,848.2903211696685,True,222.34852022179984,20146.008199052132,-625.9418009478686,regional_service_production_index_H,625.9418009478686,3.0133993243189425
대구,운수 및 창고업,regional_service_production_index_H,2021,4,20246.41899,20246.41899,20771.95,-525.5310100000024,2.530003249574558,recursive_no_target_actual,21782.1503479365,1010.2003479364976,4.863290870315486,525.5310100000024,1010.2003479364976,True,484.66933793649514,20246.41899,-525.5310100000024,regional_service_production_index_H,525.5310100000024,2.530003249574558
대구,운수 및 창고업,regional_service_production_index_H,2022,1,4958.660553129549,21335.698121085596,23577.14,-2241.441878914404,9.506843828023262,recursive_no_target_actual,22309.64177735594,-1267.4982226440588,5.375962574952089,2241.441878914404,1267.4982226440588,False,-973.943656270345,22309.64177735594,-1267.4982226440588,baseline,1267.4982226440588,5.375962574952089
대구,운수 및 창고업,regional_service_production_index_H,2022,2,10325.503529839885,21463.30083207262,23577.14,-2113.839167927381,8.96563013125163,recursive_no_target_actual,22695.42203095839,-881.7179690416051,3.73971554243477,2113.839167927381,881.7179690416051,False,-1232.1211988857758,22695.42203095839,-881.7179690416051,baseline,881.7179690416051,3.73971554243477
대구,운수 및 창고업,regional_service_production_index_H,2022,3,15596.600012130035,21224.557692307695,23577.14,-2352.5823076923043,9.97823445800595,recursive_no_target_actual,23155.20210108125,-421.93789891874985,1.7896059442271195,2352.5823076923043,421.93789891874985,False,-1930.6444087735545,23155.20210108125,-421.93789891874985,baseline,421.93789891874985,1.7896059442271195
대구,운수 및 창고업,regional_service_production_index_H,2022,4,20782.02857836002,20782.02857836002,23577.14,-2795.11142163998,11.855175910394475,recursive_no_target_actual,23429.49971466554,-147.6402853344589,0.6262009952626099,2795.11142163998,147.6402853344589,False,-2647.471136305521,23429.49971466554,-147.6402853344589,baseline,147.6402853344589,0.6262009952626099
대구,운수 및 창고업,regional_service_production_index_H,2023,1,5802.812099903007,24319.915752032517,28745.699999999997,-4425.78424796748,15.396334923023202,recursive_no_target_actual,26246.27274769856,-2499.427252301437,8.69496047165815,4425.78424796748,2499.427252301437,False,-1926.356995666043,26246.27274769856,-2499.427252301437,baseline,2499.427252301437,8.69496047165815
대구,운수 및 창고업,regional_service_production_index_H,2023,2,11937.213462657615,24025.8996193265,28745.699999999997,-4719.800380673496,16.41915271040015,recursive_no_target_actual,27587.73378077194,-1157.9662192280557,4.0283110838423,4719.800380673496,1157.9662192280557,False,-3561.8341614454403,27587.73378077194,-1157.9662192280557,baseline,1157.9662192280557,4.0283110838423
대구,운수 및 창고업,regional_service_production_index_H,2023,3,18025.878375363725,24018.973318255248,28745.699999999997,-4726.726681744749,16.44324779617386,recursive_no_target_actual,27771.97583434875,-973.7241656512488,3.387373296358234,4726.726681744749,973.7241656512488,False,-3753.0025160935,27771.97583434875,-973.7241656512488,baseline,973.7241656512488,3.387373296358234
대구,운수 및 창고업,regional_service_production_index_H,2023,4,24400.39610087294,24400.39610087294,28745.699999999997,-4345.303899127059,15.116361400581857,recursive_no_target_actual,27717.4468543754,-1028.253145624596,3.5770676853393595,4345.303899127059,1028.253145624596,False,-3317.0507535024626,27717.4468543754,-1028.253145624596,baseline,1028.253145624596,3.5770676853393595
대구,운수 및 창고업,regional_service_production_index_H,2024,1,7172.954662605435,30161.744334975367,31303.59,-1141.8456650246335,3.647650844598442,recursive_no_target_actual,32650.70914594774,1347.1191459477411,4.303401449954275,1141.8456650246335,1347.1191459477411,True,205.27348092310763,30161.744334975367,-1141.8456650246335,regional_service_production_index_H,1141.8456650246335,3.647650844598442
대구,운수 및 창고업,regional_service_production_index_H,2024,2,14419.996180880973,29475.356178160913,31303.59,-1828.2338218390869,5.840332760041538,recursive_no_target_actual,30985.971630253433,-317.6183697465676,1.0146387994046933,1828.2338218390869,317.6183697465676,False,-1510.6154520925193,30985.971630253433,-317.6183697465676,baseline,317.6183697465676,1.0146387994046933
대구,운수 및 창고업,regional_service_production_index_H,2024,3,21518.863987816305,29128.611322549947,31303.59,-2174.9786774500535,6.948016752871007,recursive_no_target_actual,30607.437800835654,-696.1521991643422,2.2238733613759387,2174.9786774500535,696.1521991643422,False,-1478.8264782857113,30607.437800835654,-696.1521991643422,baseline,696.1521991643422,2.2238733613759387
대구,운수 및 창고업,regional_service_production_index_H,2024,4,28954.490229615738,28954.490229615738,31303.59,-2349.0997703842622,7.504250376344254,recursive_no_target_actual,30242.595337346385,-1060.9946626536148,3.389370556711274,2349.0997703842622,1060.9946626536148,False,-1288.1051077306474,30242.595337346385,-1060.9946626536148,baseline,1060.9946626536148,3.389370556711274
대구,운수 및 창고업,regional_service_production_index_H,2025,1,7252.471653872994,29275.47008450704,31124.27,-1848.7999154929603,5.940058724246256,recursive_no_target_actual,31294.35084323772,170.08084323771982,0.5464572927741593,1848.7999154929603,170.08084323771982,False,-1678.7190722552405,31294.35084323772,170.08084323771982,baseline,170.08084323771982,0.5464572927741593
대구,운수 및 창고업,regional_service_production_index_H,2025,2,14890.868004187021,29899.972699673053,31124.27,-1224.2973003269472,3.933577559656651,recursive_no_target_actual,31212.334978685085,88.0649786850845,0.2829463267253641,1224.2973003269472,88.0649786850845,False,-1136.2323216418627,31212.334978685085,88.0649786850845,baseline,88.0649786850845,0.28294632672536413
대구,운수 및 창고업,regional_service_production_index_H,2025,3,22485.574766224705,30255.238159624412,31124.27,-869.0318403755882,2.79213565611527,recursive_no_target_actual,31075.570493125782,-48.69950687421806,0.156467948884321,869.0318403755882,48.69950687421806,False,-820.3323335013702,31075.570493125782,-48.69950687421806,baseline,48.69950687421806,0.156467948884321
대구,운수 및 창고업,regional_service_production_index_H,2025,4,29949.21276343336,29949.21276343336,31124.27,-1175.0572365666412,3.7753728410871683,recursive_no_target_actual,30920.20897772417,-204.0610222758296,0.6556331193497216,1175.0572365666412,204.0610222758296,False,-970.9962142908116,30920.20897772417,-204.0610222758296,baseline,204.0610222758296,0.6556331193497216
대구,정보통신업,regional_service_production_index_J,2021,1,4889.284731182795,21160.443333333333,21780.83,-620.386666666669,2.8483150856357127,recursive_no_target_actual,21680.512485208932,-100.3175147910697,0.4605770982605791,620.386666666669,100.3175147910697,False,-520.0691518755993,21680.512485208932,-100.3175147910697,baseline,100.3175147910697,0.46057709826057913
대구,정보통신업,regional_service_production_index_J,2021,2,10347.090942735682,21483.913125649007,21780.83,-296.9168743509945,1.3632027537563742,recursive_no_target_actual,21970.54595080606,189.7159508060577,0.8710225955854651,296.9168743509945,189.7159508060577,False,-107.20092354493678,21970.54595080606,189.7159508060577,baseline,189.7159508060577,0.8710225955854652
대구,정보통신업,regional_service_production_index_J,2021,3,16027.137369342334,21392.697710280372,21780.83,-388.1322897196296,1.781990354452193,recursive_no_target_actual,22359.360588258525,578.5305882585235,2.6561457403529776,388.1322897196296,578.5305882585235,True,190.39829853889387,21392.697710280372,-388.1322897196296,regional_service_production_index_J,388.1322897196296,1.781990354452193
대구,정보통신업,regional_service_production_index_J,2021,4,21552.13248312078,21552.13248312078,21780.83,-228.69751687922326,1.049994499195959,recursive_no_target_actual,22545.70408929802,764.8740892980168,3.5116847672839677,228.69751687922326,764.8740892980168,True,536.1765724187935,21552.13248312078,-228.69751687922326,regional_service_production_index_J,228.69751687922326,1.049994499195959
대구,정보통신업,regional_service_production_index_J,2022,1,5197.104520383693,22909.01252642706,21563.71,1345.3025264270618,6.2387340880908795,recursive_no_target_actual,22461.002657940688,897.2926579406885,4.161123748838621,1345.3025264270618,897.2926579406885,False,-448.0098684863733,22461.002657940688,897.2926579406885,baseline,897.2926579406885,4.161123748838621
대구,정보통신업,regional_service_production_index_J,2022,2,11047.111618705036,23010.217507492507,21563.71,1446.507507492508,6.70806418511707,recursive_no_target_actual,22571.89818160836,1008.1881816083624,4.675392970914386,1446.507507492508,1008.1881816083624,False,-438.31932588414566,22571.89818160836,1008.1881816083624,baseline,1008.1881816083624,4.675392970914386
대구,정보통신업,regional_service_production_index_J,2022,3,16949.350923261394,22792.258416639794,21563.71,1228.5484166397946,5.697296136146306,recursive_no_target_actual,22513.548250375738,949.8382503757348,4.404799778775242,1228.5484166397946,949.8382503757348,False,-278.7101662640598,22513.548250375738,949.8382503757348,baseline,949.8382503757348,4.404799778775242
대구,정보통신업,regional_service_production_index_J,2022,4,22480.741563549163,22480.741563549163,21563.71,917.0315635491643,4.252661362767188,recursive_no_target_actual,22288.143399680877,724.4333996808782,3.3595026073012404,917.0315635491643,724.4333996808782,False,-192.59816386828606,22288.143399680877,724.4333996808782,baseline,724.4333996808782,3.3595026073012404
대구,정보통신업,regional_service_production_index_J,2023,1,5385.917344330855,23297.4756281407,21299.79,1997.685628140698,9.378898233929526,recursive_no_target_actual,22966.594560887253,1666.8045608872526,7.82545067762289,1997.685628140698,1666.8045608872526,False,-330.8810672534455,22966.594560887253,1666.8045608872526,baseline,1666.8045608872526,7.82545067762289
대구,정보통신업,regional_service_production_index_J,2023,2,10611.509707249072,21594.296822695036,21299.79,294.5068226950352,1.3826747714180994,recursive_no_target_actual,22356.985383570493,1057.1953835704917,4.963407543316115,294.5068226950352,1057.1953835704917,True,762.6885608754565,21594.296822695036,294.5068226950352,regional_service_production_index_J,294.5068226950352,1.3826747714180994
대구,정보통신업,regional_service_production_index_J,2023,3,15912.254405204461,21105.19043451464,21299.79,-194.59956548536138,0.9136219910401059,recursive_no_target_actual,22391.733198850252,1091.943198850251,5.126544434711568,194.59956548536138,1091.943198850251,True,897.3436333648897,21105.19043451464,-194.59956548536138,regional_service_production_index_J,194.59956548536138,0.9136219910401059
대구,정보통신업,regional_service_production_index_J,2023,4,21588.760778345728,21588.760778345728,21299.79,288.970778345727,1.3566836966267133,recursive_no_target_actual,22461.82225191804,1162.0322519180372,5.455604266136132,288.970778345727,1162.0322519180372,True,873.0614735723102,21588.760778345728,288.970778345727,regional_service_production_index_J,288.970778345727,1.3566836966267133
대구,정보통신업,regional_service_production_index_J,2024,1,5565.923309352517,22310.291665116278,21096.47,1213.8216651162766,5.753671894474651,recursive_no_target_actual,23023.348950153435,1926.8789501534336,9.133655773470318,1213.8216651162766,1926.8789501534336,True,713.057285037157,22310.291665116278,1213.8216651162766,regional_service_production_index_J,1213.8216651162766,5.753671894474651
대구,정보통신업,regional_service_production_index_J,2024,2,11334.513453237409,23059.68766288952,21096.47,1963.2176628895177,9.305905978059446,recursive_no_target_actual,22712.78550633069,1616.3155063306876,7.66154482873527,1963.2176628895177,1616.3155063306876,False,-346.90215655883003,22712.78550633069,1616.3155063306876,baseline,1616.3155063306876,7.66154482873527
대구,정보통신업,regional_service_production_index_J,2024,3,16964.69697841727,23016.649647355167,21096.47,1920.1796473551658,9.10190021058104,recursive_no_target_actual,22609.550830327924,1513.0808303279227,7.172199094578015,1920.1796473551658,1513.0808303279227,False,-407.09881702724306,22609.550830327924,1513.0808303279227,baseline,1513.0808303279227,7.172199094578015
대구,정보통신업,regional_service_production_index_J,2024,4,23099.07604316547,23099.07604316547,21096.47,2002.6060431654696,9.492612001749437,recursive_no_target_actual,22565.478298261856,1469.008298261855,6.963289584759227,2002.6060431654696,1469.008298261855,False,-533.5977449036145,22565.478298261856,1469.008298261855,baseline,1469.008298261855,6.963289584759227
대구,정보통신업,regional_service_production_index_J,2025,1,5683.812482345388,23588.326580817054,20119.44,3468.886580817056,17.241466863973628,recursive_no_target_actual,22800.643668953217,2681.203668953218,13.326432887561571,3468.886580817056,2681.203668953218,False,-787.682911863838,22800.643668953217,2681.203668953218,baseline,2681.203668953218,13.326432887561573
대구,정보통신업,regional_service_production_index_J,2025,2,10469.230457949923,21335.67986480593,20119.44,1216.2398648059316,6.045097998780938,recursive_no_target_actual,23026.571166751262,2907.1311667512637,14.449364230571346,1216.2398648059316,2907.1311667512637,True,1690.891301945332,21335.67986480593,1216.2398648059316,regional_service_production_index_J,1216.2398648059316,6.045097998780938
대구,정보통신업,regional_service_production_index_J,2025,3,15227.561161994434,20733.797584498832,20119.44,614.3575844988336,3.053552109297444,recursive_no_target_actual,23034.32645983601,2914.8864598360124,14.487910497687867,614.3575844988336,2914.8864598360124,True,2300.5288753371788,20733.797584498832,614.3575844988336,regional_service_production_index_J,614.3575844988336,3.053552109297444
대구,정보통신업,regional_service_production_index_J,2025,4,19913.659141878878,19913.659141878878,20119.44,-205.78085812112113,1.0227961519859456,recursive_no_target_actual,23034.248005887992,2914.808005887993,14.4875205566755,205.78085812112113,2914.808005887993,True,2709.027147766872,19913.659141878878,-205.78085812112113,regional_service_production_index_J,205.78085812112113,1.0227961519859456
세종,건설업,regional_construction_orders_raw,2022,1,2304.0840804983495,11629.037020772574,12575.77,-946.7329792274268,7.528230710544379,recursive_no_target_actual,12462.42509244324,-113.34490755676052,0.9012959648336484,946.7329792274268,113.34490755676052,False,-833.3880716706662,12462.42509244324,-113.34490755676052,baseline,113.34490755676052,0.9012959648336485
세종,건설업,regional_construction_orders_bok_12_24q,2022,2,6302.315234286623,12756.570823668766,12575.77,180.8008236687656,1.4376918762729087,recursive_no_target_actual,12398.856249251838,-176.91375074816278,1.4067826522603608,180.8008236687656,176.91375074816278,False,-3.8870729206028045,12398.856249251838,-176.91375074816278,baseline,176.91375074816278,1.4067826522603608
세종,건설업,regional_construction_orders_bok_12_24q,2022,3,9557.424272098404,12666.419667944812,12575.77,90.64966794481188,0.7208279727190612,recursive_no_target_actual,12515.530570936584,-60.23942906341654,0.4790118542516008,90.64966794481188,60.23942906341654,False,-30.410238881395344,12515.530570936584,-60.23942906341654,baseline,60.23942906341654,0.4790118542516008
세종,건설업,regional_construction_orders_bok_12_24q,2022,4,12767.975393452216,12767.975393452216,12575.77,192.2053934522155,1.5283787271253808,recursive_no_target_actual,12584.62642452694,8.856424526939009,0.0704245109996366,192.2053934522155,8.856424526939009,False,-183.3489689252765,12584.62642452694,8.856424526939009,baseline,8.856424526939009,0.07042451099963666
세종,건설업,regional_construction_orders_bok_12_24q,2023,1,2933.715422860676,11821.7904917892,12255.989999999998,-434.19950821079874,3.5427534471780637,recursive_no_target_actual,12850.847923676416,594.8579236764181,4.853609734312921,434.19950821079874,594.8579236764181,True,160.65841546561933,11821.7904917892,-434.19950821079874,regional_construction_orders_bok_12_24q,434.19950821079874,3.5427534471780637
세종,건설업,regional_construction_orders_bok_12_24q,2023,2,5836.093030980826,11823.447327432157,12255.989999999998,-432.5426725678408,3.529234868565011,recursive_no_target_actual,12698.83841795875,442.8484179587522,3.6133222853376368,432.5426725678408,442.8484179587522,True,10.305745390911397,11823.447327432157,-432.5426725678408,regional_construction_orders_bok_12_24q,432.5426725678408,3.529234868565011
세종,건설업,regional_construction_orders_bok_12_24q,2023,3,8542.956331575242,11412.725136344814,12255.989999999998,-843.264863655184,6.88043041529231,recursive_no_target_actual,12691.171389492476,435.1813894924781,3.5507648871488806,843.264863655184,435.1813894924781,False,-408.08347416270584,12691.171389492476,435.1813894924781,baseline,435.1813894924781,3.5507648871488815
세종,건설업,regional_construction_orders_bok_12_24q,2023,4,11014.0084458213,11014.0084458213,12255.989999999998,-1241.9815541786975,10.133669774360927,recursive_no_target_actual,12503.037154653131,247.0471546531353,2.0157258177685793,1241.9815541786975,247.0471546531353,False,-994.9343995255622,12503.037154653131,247.0471546531353,baseline,247.0471546531353,2.0157258177685793
세종,건설업,regional_construction_orders_bok_12_24q,2024,1,2532.387774275248,9507.309439974533,10516.05,-1008.740560025466,9.592390298880913,recursive_no_target_actual,12943.137789990282,2427.0877899902825,23.07984262142423,1008.740560025466,2427.0877899902825,True,1418.3472299648165,9507.309439974533,-1008.740560025466,regional_construction_orders_bok_12_24q,1008.740560025466,9.592390298880913
세종,건설업,regional_construction_orders_raw,2024,2,4947.173819430001,10954.136233330286,10516.05,438.08623333028663,4.165881993051446,recursive_no_target_actual,12626.751007992323,2110.7010079923257,20.07123404693137,438.08623333028663,2110.7010079923257,True,1672.614774662039,10954.136233330286,438.08623333028663,regional_construction_orders_raw,438.08623333028663,4.165881993051446
세종,건설업,regional_construction_orders_bok_12_24q,2024,3,7148.161677429593,9215.769112188429,10516.05,-1300.2808878115702,12.36472713434769,recursive_no_target_actual,12300.680583750393,1784.6305837503933,16.970541065803165,1300.2808878115702,1784.6305837503933,True,484.34969593882306,9215.769112188429,-1300.2808878115702,regional_construction_orders_bok_12_24q,1300.2808878115702,12.36472713434769
세종,건설업,regional_construction_orders_bok_12_24q,2024,4,9582.81693477219,9582.81693477219,10516.05,-933.2330652278088,8.874368847883082,recursive_no_target_actual,12122.438684328084,1606.3886843280834,15.275590020284074,933.2330652278088,1606.3886843280834,True,673.1556191002746,9582.81693477219,-933.2330652278088,regional_construction_orders_bok_12_24q,933.2330652278088,8.874368847883082
세종,교육 서비스업,regional_service_production_index_P,2022,1,2778.06962304922,10998.72621673004,10160.66,838.0662167300397,8.248147430679106,recursive_no_target_actual,9934.040005618464,-226.61999438153543,2.230366869686964,838.0662167300397,226.61999438153543,False,-611.4462223485043,9934.040005618464,-226.61999438153543,baseline,226.61999438153543,2.230366869686964
세종,교육 서비스업,regional_service_production_index_P,2022,2,5237.605464585834,10538.467033816425,10160.66,377.80703381642525,3.718331622320058,recursive_no_target_actual,9907.262199900706,-253.39780009929385,2.493910829604512,377.80703381642525,253.39780009929385,False,-124.4092337171314,9907.262199900706,-253.39780009929385,baseline,253.39780009929385,2.4939108296045123
세종,교육 서비스업,regional_service_production_index_P,2022,3,7776.7747515006,10451.84473701194,10160.66,291.18473701193943,2.86580534150281,recursive_no_target_actual,9868.012248645013,-292.64775135498894,2.8802041536178646,291.18473701193943,292.64775135498894,True,1.4630143430495082,10451.84473701194,291.18473701193943,regional_service_production_index_P,291.18473701193943,2.86580534150281
세종,교육 서비스업,regional_service_production_index_P,2022,4,10350.072657863146,10350.072657863146,10160.66,189.4126578631458,1.864176715519915,recursive_no_target_actual,9856.191474578496,-304.4685254215037,2.9965427976283405,189.4126578631458,304.4685254215037,True,115.05586755835793,10350.072657863146,189.4126578631458,regional_service_production_index_P,189.4126578631458,1.864176715519915
세종,교육 서비스업,regional_service_production_index_P,2023,1,2521.7377753352384,9395.073824733825,10382.9,-987.8261752661747,9.513971773456113,recursive_no_target_actual,10341.269976731384,-41.63002326861533,0.4009479362087214,987.8261752661747,41.63002326861533,False,-946.1961519975594,10341.269976731384,-41.63002326861533,baseline,41.63002326861533,0.40094793620872143
세종,교육 서비스업,regional_service_production_index_P,2023,2,4916.160180259399,9714.862145960036,10382.9,-668.0378540399633,6.434019917749023,recursive_no_target_actual,10327.04197426153,-55.85802573846922,0.5379809661893038,668.0378540399633,55.85802573846922,False,-612.1798283014941,10327.04197426153,-55.85802573846922,baseline,55.85802573846922,0.5379809661893038
세종,교육 서비스업,regional_service_production_index_P,2023,3,7353.021041987251,9786.100854300763,10382.9,-596.7991456992368,5.747904204983548,recursive_no_target_actual,10302.625400112942,-80.27459988705778,0.7731423772458348,596.7991456992368,80.27459988705778,False,-516.524545812179,10302.625400112942,-80.27459988705778,baseline,80.27459988705778,0.7731423772458348
세종,교육 서비스업,regional_service_production_index_P,2023,4,9814.451536601453,9814.451536601453,10382.9,-568.4484633985467,5.474852530589206,recursive_no_target_actual,10279.379484183408,-103.5205158165918,0.9970289207889106,568.4484633985467,103.5205158165918,False,-464.92794758195487,10279.379484183408,-103.5205158165918,baseline,103.5205158165918,0.9970289207889106
세종,교육 서비스업,regional_service_production_index_P,2024,1,2648.8918752844784,10309.327635075286,10635.259999999998,-325.9323649247126,3.0646393687104276,recursive_no_target_actual,10411.213007067066,-224.04699293293197,2.106643306632203,325.9323649247126,224.04699293293197,False,-101.88537199178063,10411.213007067066,-224.04699293293197,baseline,224.04699293293197,2.106643306632203
세종,교육 서비스업,regional_service_production_index_P,2024,2,5243.435389167045,10467.812403452974,10635.259999999998,-167.44759654702466,1.574457009485661,recursive_no_target_actual,10415.589582361485,-219.67041763851557,2.0654917476254986,167.44759654702466,219.67041763851557,True,52.222821091490914,10467.812403452974,-167.44759654702466,regional_service_production_index_P,167.44759654702466,1.574457009485661
세종,교육 서비스업,regional_service_production_index_P,2024,3,7868.6975421028665,10502.751215066826,10635.259999999998,-132.50878493317214,1.2459383685323364,recursive_no_target_actual,10397.3137840031,-237.94621599689708,2.237333323274627,132.50878493317214,237.94621599689708,True,105.43743106372494,10502.751215066826,-132.50878493317214,regional_service_production_index_P,132.50878493317214,1.2459383685323364
세종,교육 서비스업,regional_service_production_index_P,2024,4,10512.863472917614,10512.863472917614,10635.259999999998,-122.39652708238464,1.15085599301178,recursive_no_target_actual,10394.048098493133,-241.21190150686743,2.2680395355343217,122.39652708238464,241.21190150686743,True,118.8153744244828,10512.863472917614,-122.39652708238464,regional_service_production_index_P,122.39652708238464,1.15085599301178
세종,교육 서비스업,regional_service_production_index_P,2025,1,2729.931876826253,10834.493238180195,10962.48,-127.98676181980409,1.16749824692774,recursive_no_target_actual,10328.499411345889,-633.9805886541126,5.783185817936385,127.98676181980409,633.9805886541126,True,505.9938268343085,10834.493238180195,-127.98676181980409,regional_service_production_index_P,127.98676181980409,1.16749824692774
세종,교육 서비스업,regional_service_production_index_P,2025,2,5402.492155540571,10831.765479945921,10962.48,-130.7145200540781,1.192380921598745,recursive_no_target_actual,10309.540920294374,-652.9390797056258,5.956125618524511,130.7145200540781,652.9390797056258,True,522.2245596515477,10831.765479945921,-130.7145200540781,regional_service_production_index_P,130.7145200540781,1.192380921598745
세종,교육 서비스업,regional_service_production_index_P,2025,3,8091.785817037536,10810.917447447446,10962.48,-151.56255255255383,1.382557163639558,recursive_no_target_actual,10345.868073035484,-616.6119269645169,5.624748478122806,151.56255255255383,616.6119269645169,True,465.0493744119631,10810.917447447446,-151.56255255255383,regional_service_production_index_P,151.56255255255383,1.382557163639558
세종,교육 서비스업,regional_service_production_index_P,2025,4,10816.936727354461,10816.936727354461,10962.48,-145.5432726455383,1.3276491509725747,recursive_no_target_actual,10360.251436966762,-602.2285630332372,5.493543094566532,145.5432726455383,602.2285630332372,True,456.68529038769884,10816.936727354461,-145.5432726455383,regional_service_production_index_P,145.5432726455383,1.3276491509725747
세종,금융 및 보험업,regional_service_production_index_K,2021,1,1167.8448400000002,4761.854597349644,4782.3,-20.4454026503563,0.42752237731544024,recursive_no_target_actual,4741.370706161596,-40.92929383840419,0.8558495669114063,20.4454026503563,40.92929383840419,True,20.48389118804789,4761.854597349644,-20.4454026503563,regional_service_production_index_K,20.4454026503563,0.42752237731544024
세종,금융 및 보험업,regional_service_production_index_K,2021,2,2332.4214575,4747.931720101782,4782.3,-34.368279898218134,0.7186558747510221,recursive_no_target_actual,4666.222298854554,-116.07770114544655,2.4272358728111274,34.368279898218134,116.07770114544655,True,81.70942124722842,4747.931720101782,-34.368279898218134,regional_service_production_index_K,34.368279898218134,0.7186558747510221
세종,금융 및 보험업,regional_service_production_index_K,2021,3,3598.3129725,4856.0229048583,4782.3,73.72290485829944,1.5415784216443855,recursive_no_target_actual,4659.755711364976,-122.5442886350238,2.5624550662865944,73.72290485829944,122.5442886350238,True,48.82138377672436,4856.0229048583,73.72290485829944,regional_service_production_index_K,73.72290485829944,1.5415784216443855
세종,금융 및 보험업,regional_service_production_index_K,2021,4,4908.870195,4908.870195,4782.3,126.57019500000024,2.6466385421240872,recursive_no_target_actual,4651.886158861439,-130.4138411385611,2.7270108763264767,126.57019500000024,130.4138411385611,True,3.843646138560871,4908.870195,126.57019500000024,regional_service_production_index_K,126.57019500000024,2.6466385421240872
세종,금융 및 보험업,regional_service_production_index_K,2022,1,1283.1337549933423,5393.470802238807,5159.66,233.8108022388069,4.531515685894165,recursive_no_target_actual,5037.935636219968,-121.72436378003204,2.3591547462435902,233.8108022388069,121.72436378003204,False,-112.08643845877486,5037.935636219968,-121.72436378003204,baseline,121.72436378003204,2.3591547462435902
세종,금융 및 보험업,regional_service_production_index_K,2022,2,2618.2721038615177,5510.478327884165,5159.66,350.8183278841652,6.799252816739189,recursive_no_target_actual,5002.817667443198,-156.84233255680192,3.039780383916807,350.8183278841652,156.84233255680192,False,-193.9759953273633,5002.817667443198,-156.84233255680192,baseline,156.84233255680192,3.039780383916807
세종,금융 및 보험업,regional_service_production_index_K,2022,3,4009.6603195739012,5470.036148955494,5159.66,310.3761489554945,6.015438012494903,recursive_no_target_actual,4930.875658580373,-228.7843414196268,4.434097235469523,310.3761489554945,228.7843414196268,False,-81.5918075358677,4930.875658580373,-228.7843414196268,baseline,228.7843414196268,4.434097235469523
세종,금융 및 보험업,regional_service_production_index_K,2022,4,5393.61930758988,5393.61930758988,5159.66,233.95930758988015,4.534393886222738,recursive_no_target_actual,4913.092651456665,-246.56734854333445,4.778751866272864,233.95930758988015,246.56734854333445,True,12.608040953454292,5393.61930758988,233.95930758988015,regional_service_production_index_K,233.95930758988015,4.534393886222738
세종,금융 및 보험업,regional_service_production_index_K,2023,1,1363.5229004329005,5731.532985938792,5073.32,658.2129859387924,12.974008852956102,recursive_no_target_actual,5225.636954161115,152.31695416111506,3.002313163000069,658.2129859387924,152.31695416111506,False,-505.8960317776773,5225.636954161115,152.31695416111506,baseline,152.31695416111506,3.0023131630000686
세종,금융 및 보험업,regional_service_production_index_K,2023,2,2717.9082683982692,5598.86899878395,5073.32,525.5489987839501,10.359074507106788,recursive_no_target_actual,5241.377300460204,168.05730046020471,3.3125704757477297,525.5489987839501,168.05730046020471,False,-357.49169832374537,5241.377300460204,168.05730046020471,baseline,168.05730046020471,3.3125704757477297
세종,금융 및 보험업,regional_service_production_index_K,2023,3,4105.797922077923,5522.939396506089,5073.32,449.6193965060893,8.862429267345433,recursive_no_target_actual,5256.902350443907,183.58235044390767,3.6185840917566345,449.6193965060893,183.58235044390767,False,-266.0370460621816,5256.902350443907,183.58235044390767,baseline,183.58235044390767,3.6185840917566345
세종,금융 및 보험업,regional_service_production_index_K,2023,4,5440.892943722945,5440.892943722945,5073.32,367.57294372294564,7.2452150410962775,recursive_no_target_actual,5191.061653427683,117.74165342768356,2.320800844963132,367.57294372294564,117.74165342768356,False,-249.83129029526208,5191.061653427683,117.74165342768356,baseline,117.74165342768356,2.320800844963132
세종,금융 및 보험업,regional_service_production_index_K,2024,1,1242.059309572681,4956.214326135517,5003.9,-47.68567386448285,0.9529701605644169,recursive_no_target_actual,5232.347971746826,228.44797174682665,4.565398424165683,47.68567386448285,228.44797174682665,True,180.7622978823438,4956.214326135517,-47.68567386448285,regional_service_production_index_K,47.68567386448285,0.9529701605644169
세종,금융 및 보험업,regional_service_production_index_K,2024,2,2464.238096659824,4933.0788046320495,5003.9,-70.82119536795017,1.4153199577919258,recursive_no_target_actual,5246.200194732287,242.3001947322873,4.842226957618804,70.82119536795017,242.3001947322873,True,171.47899936433714,4933.0788046320495,-70.82119536795017,regional_service_production_index_K,70.82119536795017,1.4153199577919258
세종,금융 및 보험업,regional_service_production_index_K,2024,3,3693.0437245754792,4893.9221859545,5003.9,-109.97781404550005,2.1978419641779423,recursive_no_target_actual,5317.941951387988,314.0419513879888,6.275943791602326,109.97781404550005,314.0419513879888,True,204.06413734248872,4893.9221859545,-109.97781404550005,regional_service_production_index_K,109.97781404550005,2.1978419641779423
세종,금융 및 보험업,regional_service_production_index_K,2024,4,4930.369576413508,4930.369576413508,5003.9,-73.53042358649145,1.4694622911427377,recursive_no_target_actual,5378.917998158489,375.0179981584897,7.494514242060987,73.53042358649145,375.0179981584897,True,301.48757457199827,4930.369576413508,-73.53042358649145,regional_service_production_index_K,73.53042358649145,1.4694622911427377
세종,금융 및 보험업,regional_service_production_index_K,2025,1,1204.8561059907834,4782.691006097561,4963.2300000000005,-180.53899390243987,3.637530275696267,recursive_no_target_actual,5665.825687756483,702.5956877564822,14.156017104919218,180.53899390243987,702.5956877564822,True,522.0566938540424,4782.691006097561,-180.53899390243987,regional_service_production_index_K,180.53899390243987,3.637530275696267
세종,금융 및 보험업,regional_service_production_index_K,2025,2,2444.3013824884792,4890.480829811756,4963.2300000000005,-72.74917018824453,1.4657626220877236,recursive_no_target_actual,5639.03026159726,675.8002615972591,13.616138313099716,72.74917018824453,675.8002615972591,True,603.0510914090146,4890.480829811756,-72.74917018824453,regional_service_production_index_K,72.74917018824453,1.4657626220877236
세종,금융 및 보험업,regional_service_production_index_K,2025,3,3632.8237135176655,4849.973314534735,4963.2300000000005,-113.25668546526504,2.281914911564949,recursive_no_target_actual,5613.438865006162,650.2088650061614,13.100518513269812,113.25668546526504,650.2088650061614,True,536.9521795408964,4849.973314534735,-113.25668546526504,regional_service_production_index_K,113.25668546526504,2.281914911564949
세종,금융 및 보험업,regional_service_production_index_K,2025,4,4810.777131336406,4810.777131336406,4963.2300000000005,-152.45286866359493,3.07164625986696,recursive_no_target_actual,5636.113694819529,672.8836948195285,13.557374830896984,152.45286866359493,672.8836948195285,True,520.4308261559336,4810.777131336406,-152.45286866359493,regional_service_production_index_K,152.45286866359493,3.07164625986696
세종,도매 및 소매업,regional_service_production_index_G,2021,1,857.8886293146575,3539.5652631578946,3572.81,-33.24473684210534,0.9304927169960154,recursive_no_target_actual,3449.00581655316,-123.80418344683994,3.4651768061229102,33.24473684210534,123.80418344683994,True,90.5594466047346,3539.5652631578946,-33.24473684210534,regional_service_production_index_G,33.24473684210534,0.9304927169960154
세종,도매 및 소매업,regional_service_production_index_G,2021,2,1742.2922611305655,3528.7155319148933,3572.81,-44.094468085106655,1.2341677303049046,recursive_no_target_actual,3481.0449353460035,-91.76506465399645,2.568428342229126,44.094468085106655,91.76506465399645,True,47.67059656888979,3528.7155319148933,-44.094468085106655,regional_service_production_index_G,44.094468085106655,1.2341677303049046
세종,도매 및 소매업,regional_service_production_index_G,2021,3,2617.287343671836,3544.6865853658537,3572.81,-28.12341463414623,0.7871511396952602,recursive_no_target_actual,3467.4633758434406,-105.3466241565593,2.948564971452703,28.12341463414623,105.3466241565593,True,77.22320952241307,3544.6865853658537,-28.12341463414623,regional_service_production_index_G,28.12341463414623,0.7871511396952602
세종,도매 및 소매업,regional_service_production_index_G,2021,4,3523.9293646823417,3523.9293646823417,3572.81,-48.88063531765829,1.368128596753208,recursive_no_target_actual,3470.8763701392554,-101.93362986074452,2.8530380809711273,48.88063531765829,101.93362986074452,True,53.05299454308623,3523.9293646823417,-48.88063531765829,regional_service_production_index_G,48.88063531765829,1.368128596753208
세종,도매 및 소매업,regional_service_production_index_G,2022,1,889.7337524271844,3654.7388434695913,3468.36,186.37884346959117,5.3736879525075585,recursive_no_target_actual,3707.1755208520353,238.8155208520352,6.885545930988571,186.37884346959117,238.8155208520352,True,52.43667738244403,3654.7388434695913,186.37884346959117,regional_service_production_index_G,186.37884346959117,5.3736879525075585
세종,도매 및 소매업,regional_service_production_index_G,2022,2,1786.405,3613.151006381934,3468.36,144.79100638193404,4.174624502125905,recursive_no_target_actual,3696.09823733295,227.7382373329492,6.566164911743567,144.79100638193404,227.7382373329492,True,82.94723095101517,3613.151006381934,144.79100638193404,regional_service_production_index_G,144.79100638193404,4.174624502125905
세종,도매 및 소매업,regional_service_production_index_G,2022,3,2652.7247063106793,3571.6424150326793,3468.36,103.28241503267918,2.9778458704597903,recursive_no_target_actual,3705.736124436862,237.37612443686203,6.844045152085193,103.28241503267918,237.37612443686203,True,134.09370940418285,3571.6424150326793,103.28241503267918,regional_service_production_index_G,103.28241503267918,2.9778458704597903
세종,도매 및 소매업,regional_service_production_index_G,2022,4,3538.9897111650484,3538.9897111650484,3468.36,70.62971116504832,2.0364008109033755,recursive_no_target_actual,3703.6907479368792,235.3307479368791,6.785072712661866,70.62971116504832,235.3307479368791,True,164.7010367718308,3538.9897111650484,70.62971116504832,regional_service_production_index_G,70.62971116504832,2.0364008109033755
세종,도매 및 소매업,regional_service_production_index_G,2023,1,854.1293310463122,3397.3701754385966,3617.26,-219.88982456140366,6.078905706568055,recursive_no_target_actual,3617.988394433667,0.7283944336668355,0.0201366347364257,219.88982456140366,0.7283944336668355,False,-219.16143012773682,3617.988394433667,0.7283944336668355,baseline,0.7283944336668355,0.02013663473642579
세종,도매 및 소매업,regional_service_production_index_G,2023,2,1738.8543396226416,3444.7886213592233,3617.26,-172.47137864077695,4.76801166188709,recursive_no_target_actual,3474.47912869893,-142.78087130107042,3.947210631833775,172.47137864077695,142.78087130107042,False,-29.690507339706528,3474.47912869893,-142.78087130107042,baseline,142.78087130107042,3.947210631833775
세종,도매 및 소매업,regional_service_production_index_G,2023,3,2594.683430531733,3461.557070938216,3617.26,-155.7029290617843,4.304443945466576,recursive_no_target_actual,3408.2086239059836,-209.05137609401663,5.779274259909894,155.7029290617843,209.05137609401663,True,53.34844703223234,3461.557070938216,-155.7029290617843,regional_service_production_index_G,155.7029290617843,4.304443945466576
세종,도매 및 소매업,regional_service_production_index_G,2023,4,3477.7086792452837,3477.7086792452837,3617.26,-139.55132075471647,3.857928950496134,recursive_no_target_actual,3354.7163293590484,-262.54367064095186,7.258081272591736,139.55132075471647,262.54367064095186,True,122.99234988623539,3477.7086792452837,-139.55132075471647,regional_service_production_index_G,139.55132075471647,3.857928950496134
세종,도매 및 소매업,regional_service_production_index_G,2024,1,884.8673655913979,3602.8629452736322,3690.55,-87.68705472636793,2.375988801841675,recursive_no_target_actual,3271.7975113752073,-418.75248862479293,11.346614694958554,87.68705472636793,418.75248862479293,True,331.065433898425,3602.8629452736322,-87.68705472636793,regional_service_production_index_G,87.68705472636793,2.375988801841675
세종,도매 및 소매업,regional_service_production_index_G,2024,2,1813.933900293255,3627.8678005865104,3690.55,-62.6821994134898,1.6984514344336157,recursive_no_target_actual,3294.3751864816863,-396.17481351831384,10.734844766181569,62.6821994134898,396.17481351831384,True,333.49261410482404,3627.8678005865104,-62.6821994134898,regional_service_production_index_G,62.6821994134898,1.6984514344336157
세종,도매 및 소매업,regional_service_production_index_G,2024,3,2701.4532160312806,3620.814464461186,3690.55,-69.73553553881402,1.889570268356045,recursive_no_target_actual,3300.176570574301,-390.3734294256992,10.57764911532696,69.73553553881402,390.3734294256992,True,320.6378938868852,3620.814464461186,-69.73553553881402,regional_service_production_index_G,69.73553553881402,1.889570268356045
세종,도매 및 소매업,regional_service_production_index_G,2024,4,3619.0279667644186,3619.0279667644186,3690.55,-71.5220332355816,1.9379776248955194,recursive_no_target_actual,3305.802007293991,-384.747992706009,10.42522097535622,71.5220332355816,384.747992706009,True,313.22595947042737,3619.0279667644186,-71.5220332355816,regional_service_production_index_G,71.5220332355816,1.9379776248955194
세종,문화 및 기타서비스업,regional_service_production_index_R_S,2021,1,729.0459000000001,3050.401255230126,3261.75,-211.34874476987397,6.479612011033156,recursive_no_target_actual,2901.155617337865,-360.5943826621351,11.055242819410903,211.34874476987397,360.5943826621351,True,149.24563789226113,3050.401255230126,-211.34874476987397,regional_service_production_index_R_S,211.34874476987397,6.479612011033156
세종,문화 및 기타서비스업,regional_service_production_index_R_S,2021,2,1555.2979200000002,3227.5962023346306,3261.75,-34.15379766536944,1.0471004112936135,recursive_no_target_actual,3029.984275702331,-231.76572429766884,7.1055637095935875,34.15379766536944,231.76572429766884,True,197.6119266322994,3227.5962023346306,-34.15379766536944,regional_service_production_index_R_S,34.15379766536944,1.0471004112936135
세종,문화 및 기타서비스업,regional_service_production_index_R_S,2021,3,2381.918145,3226.9847857747673,3261.75,-34.76521422523274,1.0658454579668197,recursive_no_target_actual,3035.502209372547,-226.24779062745256,6.936392753198514,34.76521422523274,226.24779062745256,True,191.48257640221982,3226.9847857747673,-34.76521422523274,regional_service_production_index_R_S,34.76521422523274,1.0658454579668197
세종,문화 및 기타서비스업,regional_service_production_index_R_S,2021,4,3315.6860250000004,3315.6860250000004,3261.75,53.93602500000043,1.653591630259843,recursive_no_target_actual,3056.0285158070183,-205.72148419298173,6.307089267815797,53.93602500000043,205.72148419298173,True,151.7854591929813,3315.6860250000004,53.93602500000043,regional_service_production_index_R_S,53.93602500000043,1.653591630259843
세종,문화 및 기타서비스업,regional_service_production_index_R_S,2022,1,826.2134092171016,3757.6018939393934,3452.54,305.0618939393935,8.835868489268583,recursive_no_target_actual,3349.3605065595084,-103.17949344049156,2.9885097186561653,305.0618939393935,103.17949344049156,False,-201.88240049890192,3349.3605065595084,-103.17949344049156,baseline,103.17949344049156,2.988509718656165
세종,문화 및 기타서비스업,regional_service_production_index_R_S,2022,2,2049.0527207107166,4368.304865056819,3452.54,915.764865056819,26.524381037057328,recursive_no_target_actual,3381.539051689088,-71.00094831091201,2.0564844523426813,915.764865056819,71.00094831091201,False,-844.763916745907,3381.539051689088,-71.00094831091201,baseline,71.00094831091201,2.0564844523426813
세종,문화 및 기타서비스업,regional_service_production_index_R_S,2022,3,3091.1465297057193,4302.948601020251,3452.54,850.4086010202509,24.631390252401157,recursive_no_target_actual,3451.172091293133,-1.3679087068671834,0.0396203579644894,850.4086010202509,1.3679087068671834,False,-849.0406923133837,3451.172091293133,-1.3679087068671834,baseline,1.3679087068671834,0.03962035796448943
세종,문화 및 기타서비스업,regional_service_production_index_R_S,2022,4,4434.241365907829,4434.241365907829,3452.54,981.7013659078293,28.434177906927342,recursive_no_target_actual,3448.792536588064,-3.747463411935769,0.108542215642274,981.7013659078293,3.747463411935769,False,-977.9539024958935,3448.792536588064,-3.747463411935769,baseline,3.747463411935769,0.10854221564227406
세종,문화 및 기타서비스업,regional_service_production_index_R_S,2023,1,879.9154386538147,4722.457167908812,3761.31,961.1471679088122,25.553521722719267,recursive_no_target_actual,3874.315963586069,113.0059635860689,3.0044309984039845,961.1471679088122,113.0059635860689,False,-848.1412043227433,3874.315963586069,113.0059635860689,baseline,113.0059635860689,3.0044309984039845
세종,문화 및 기타서비스업,regional_service_production_index_R_S,2023,2,1832.0290671458913,3964.5925119321196,3761.31,203.28251193211963,5.404566811353482,recursive_no_target_actual,3738.2993069621207,-23.010693037879264,0.6117733725185976,203.28251193211963,23.010693037879264,False,-180.27181889424037,3738.2993069621207,-23.010693037879264,baseline,23.010693037879264,0.6117733725185976
세종,문화 및 기타서비스업,regional_service_production_index_R_S,2023,3,2753.684084299951,3950.152397468947,3761.31,188.84239746894718,5.020654970447722,recursive_no_target_actual,3700.791550948026,-60.51844905197413,1.6089726465506469,188.84239746894718,60.51844905197413,False,-128.32394841697305,3700.791550948026,-60.51844905197413,baseline,60.51844905197413,1.6089726465506469
세종,문화 및 기타서비스업,regional_service_production_index_R_S,2023,4,3834.9647867995423,3834.9647867995423,3761.31,73.65478679954231,1.9582216514869106,recursive_no_target_actual,3628.141819234433,-133.16818076556683,3.5404734192493263,73.65478679954231,133.16818076556683,True,59.51339396602452,3834.9647867995423,73.65478679954231,regional_service_production_index_R_S,73.65478679954231,1.9582216514869106
세종,문화 및 기타서비스업,regional_service_production_index_R_S,2024,1,731.6270738343874,3188.6746634615383,3778.05,-589.3753365384619,15.59998773278442,recursive_no_target_actual,3685.3285155783974,-92.72148442160278,2.4542153868160237,589.3753365384619,92.72148442160278,False,-496.65385211685907,3685.3285155783974,-92.72148442160278,baseline,92.72148442160278,2.4542153868160237
세종,문화 및 기타서비스업,regional_service_production_index_R_S,2024,2,1646.3683718193854,3446.3234482758626,3778.05,-331.7265517241376,8.78036425468529,recursive_no_target_actual,3674.28795994505,-103.76204005495084,2.7464443312013027,331.7265517241376,103.76204005495084,False,-227.96451166918678,3674.28795994505,-103.76204005495084,baseline,103.76204005495084,2.746444331201303
세종,문화 및 기타서비스업,regional_service_production_index_R_S,2024,3,2466.2332666568614,3434.6415362556327,3778.05,-343.4084637443675,9.08956905663947,recursive_no_target_actual,3649.145479624571,-128.90452037542855,3.4119326206754423,343.4084637443675,128.90452037542855,False,-214.50394336893896,3649.145479624571,-128.90452037542855,baseline,128.90452037542855,3.4119326206754423
세종,문화 및 기타서비스업,regional_service_production_index_R_S,2024,4,3691.6048874834532,3691.6048874834532,3778.05,-86.44511251654694,2.288088101442462,recursive_no_target_actual,3632.26179892482,-145.78820107518004,3.858821378096638,86.44511251654694,145.78820107518004,True,59.3430885586331,3691.6048874834532,-86.44511251654694,regional_service_production_index_R_S,86.44511251654694,2.288088101442462
세종,문화 및 기타서비스업,regional_service_production_index_R_S,2025,1,1040.3367113741947,5249.275519848771,3823.04,1426.2355198487712,37.30631957418105,recursive_no_target_actual,3562.4016733595963,-260.63832664040365,6.817567345369226,1426.2355198487712,260.63832664040365,False,-1165.5971932083676,3562.4016733595963,-260.63832664040365,baseline,260.63832664040365,6.817567345369226
세종,문화 및 기타서비스업,regional_service_production_index_R_S,2025,2,1889.8742544582649,4237.611189516129,3823.04,414.5711895161294,10.844019144872389,recursive_no_target_actual,3562.6395641868494,-260.4004358131506,6.811344788784596,414.5711895161294,260.4004358131506,False,-154.1707537029788,3562.6395641868494,-260.4004358131506,baseline,260.4004358131506,6.811344788784596
세종,문화 및 기타서비스업,regional_service_production_index_R_S,2025,3,2711.6694852390237,4058.9884421265147,3823.04,235.9484421265147,6.171749239519197,recursive_no_target_actual,3609.4097288948583,-213.6302711051412,5.587968504256854,235.9484421265147,213.6302711051412,False,-22.3181710213735,3609.4097288948583,-213.6302711051412,baseline,213.6302711051412,5.587968504256853
세종,문화 및 기타서비스업,regional_service_production_index_R_S,2025,4,4180.879698036866,4180.879698036866,3823.04,357.83969803686614,9.360082500755057,recursive_no_target_actual,3600.0239576847703,-223.0160423152297,5.833473945217149,357.83969803686614,223.0160423152297,False,-134.82365572163644,3600.0239576847703,-223.0160423152297,baseline,223.0160423152297,5.833473945217149
세종,보건 및 사회복지업,regional_service_production_index_Q,2021,1,1159.38155,4970.553269024653,4645.35,325.2032690246524,7.0006193080102115,recursive_no_target_actual,3749.709247688624,-895.6407523113767,19.280371819375866,325.2032690246524,895.6407523113767,True,570.4374832867243,4970.553269024653,325.2032690246524,regional_service_production_index_Q,325.2032690246524,7.0006193080102115
세종,보건 및 사회복지업,regional_service_production_index_Q,2021,2,2383.4298,5401.540623229462,4645.35,756.1906232294614,16.278442382801327,recursive_no_target_actual,3838.4449407119014,-806.905059288099,17.370167141078692,756.1906232294614,806.905059288099,True,50.7144360586376,5401.540623229462,756.1906232294614,regional_service_production_index_Q,756.1906232294614,16.278442382801327
세종,보건 및 사회복지업,regional_service_production_index_Q,2021,3,3729.42097,5339.185354330709,4645.35,693.8353543307085,14.936126542256417,recursive_no_target_actual,3881.181302034567,-764.1686979654332,16.450185625742584,693.8353543307085,764.1686979654332,True,70.33334363472477,5339.185354330709,693.8353543307085,regional_service_production_index_Q,693.8353543307085,14.936126542256417
세종,보건 및 사회복지업,regional_service_production_index_Q,2021,4,5045.85022,5045.85022,4645.35,400.5002199999999,8.62152948647572,recursive_no_target_actual,3908.321756576657,-737.0282434233432,15.865935686726363,400.5002199999999,737.0282434233432,True,336.52802342334326,5045.85022,400.5002199999999,regional_service_production_index_Q,400.5002199999999,8.62152948647572
세종,보건 및 사회복지업,regional_service_production_index_Q,2022,1,1222.9976748443794,5322.719760956176,5192.799999999999,129.91976095617702,2.501921139966435,recursive_no_target_actual,5048.688890919511,-144.11110908048795,2.7752100808906173,129.91976095617702,144.11110908048795,True,14.191348124310935,5322.719760956176,129.91976095617702,regional_service_production_index_Q,129.91976095617702,2.501921139966435
세종,보건 및 사회복지업,regional_service_production_index_Q,2022,2,2464.7060234346395,5217.916395348838,5192.799999999999,25.116395348838523,0.48367730990676566,recursive_no_target_actual,5009.605383727481,-183.19461627251803,3.5278581164789338,25.116395348838523,183.19461627251803,True,158.0782209236795,5217.916395348838,25.116395348838523,regional_service_production_index_Q,25.116395348838523,0.48367730990676566
세종,보건 및 사회복지업,regional_service_production_index_Q,2022,3,3736.1813529842548,5054.996916026753,5192.799999999999,-137.80308397324643,2.653733707696165,recursive_no_target_actual,4945.276529318725,-247.5234706812744,4.766666743977708,137.80308397324643,247.5234706812744,True,109.72038670802797,5054.996916026753,-137.80308397324643,regional_service_production_index_Q,137.80308397324643,2.653733707696165
세종,보건 및 사회복지업,regional_service_production_index_Q,2022,4,5021.264445258147,5021.264445258147,5192.799999999999,-171.53555474185214,3.3033345159037926,recursive_no_target_actual,4913.009908083153,-279.790091916846,5.388039052473541,171.53555474185214,279.790091916846,True,108.25453717499386,5021.264445258147,-171.53555474185214,regional_service_production_index_Q,171.53555474185214,3.3033345159037926
세종,보건 및 사회복지업,regional_service_production_index_Q,2023,1,1363.2859078590784,5597.246175243392,5452.2,145.0461752433921,2.6603238187042315,recursive_no_target_actual,5399.223466092446,-52.97653390755386,0.9716542663063324,145.0461752433921,52.97653390755386,False,-92.06964133583824,5399.223466092446,-52.97653390755386,baseline,52.97653390755386,0.9716542663063324
세종,보건 및 사회복지업,regional_service_production_index_Q,2023,2,2739.764905149051,5581.6328502415445,5452.2,129.43285024154466,2.373956389008926,recursive_no_target_actual,5352.868146024391,-99.3318539756092,1.821867392531624,129.43285024154466,99.3318539756092,False,-30.10099626593545,5352.868146024391,-99.3318539756092,baseline,99.3318539756092,1.8218673925316242
세종,보건 및 사회복지업,regional_service_production_index_Q,2023,3,4166.377642276422,5599.429455952651,5452.2,147.22945595265082,2.700367850641041,recursive_no_target_actual,5357.346371851364,-94.85362814863583,1.7397312671698733,147.22945595265082,94.85362814863583,False,-52.37582780401499,5357.346371851364,-94.85362814863583,baseline,94.85362814863583,1.7397312671698733
세종,보건 및 사회복지업,regional_service_production_index_Q,2023,4,5554.290650406504,5554.290650406504,5452.2,102.09065040650421,1.8724670849657792,recursive_no_target_actual,5366.512999854442,-85.68700014555816,1.5716041257759834,102.09065040650421,85.68700014555816,False,-16.40365026094605,5366.512999854442,-85.68700014555816,baseline,85.68700014555816,1.5716041257759834
세종,보건 및 사회복지업,regional_service_production_index_Q,2024,1,1488.454916864608,6064.253419354839,6053.410000000001,10.843419354838261,0.17912910830157316,recursive_no_target_actual,5576.5508259165235,-476.8591740834772,7.877529757334745,10.843419354838261,476.8591740834772,True,466.01575472863897,6064.253419354839,10.843419354838261,regional_service_production_index_Q,10.843419354838261,0.17912910830157316
세종,보건 및 사회복지업,regional_service_production_index_Q,2024,2,2973.456342042755,6028.050337078651,6053.410000000001,-25.35966292134981,0.4189318569426126,recursive_no_target_actual,5540.255160076278,-513.1548399237226,8.477120167372151,25.35966292134981,513.1548399237226,True,487.79517700237284,6028.050337078651,-25.35966292134981,regional_service_production_index_Q,25.35966292134981,0.4189318569426126
세종,보건 및 사회복지업,regional_service_production_index_Q,2024,3,4447.233919239904,5928.70639645345,6053.410000000001,-124.70360354655077,2.0600554653749,recursive_no_target_actual,5541.12708607568,-512.2829139243204,8.46271628593339,124.70360354655077,512.2829139243204,True,387.5793103777696,5928.70639645345,-124.70360354655077,regional_service_production_index_Q,124.70360354655077,2.0600554653749
세종,보건 및 사회복지업,regional_service_production_index_Q,2024,4,5903.744038004749,5903.744038004749,6053.410000000001,-149.66596199525156,2.4724240055646574,recursive_no_target_actual,5563.4385051270765,-489.97149487292427,8.094140242820561,149.66596199525156,489.97149487292427,True,340.3055328776727,5903.744038004749,-149.66596199525156,regional_service_production_index_Q,149.66596199525156,2.4724240055646574
세종,보건 및 사회복지업,regional_service_production_index_Q,2025,1,1544.7792410061425,6127.146432714618,6204.59,-77.44356728538241,1.2481657496366787,recursive_no_target_actual,5821.916525009032,-382.6734749909683,6.167586818645041,77.44356728538241,382.6734749909683,True,305.2299077055859,6127.146432714618,-77.44356728538241,regional_service_production_index_Q,77.44356728538241,1.2481657496366787
세종,보건 및 사회복지업,regional_service_production_index_Q,2025,2,3066.5417139514484,6088.563368176539,6204.59,-116.02663182346078,1.8700128747179228,recursive_no_target_actual,5866.299112631102,-338.29088736889844,5.452268197719727,116.02663182346078,338.29088736889844,True,222.26425554543766,6088.563368176539,-116.02663182346078,regional_service_production_index_Q,116.02663182346078,1.8700128747179228
세종,보건 및 사회복지업,regional_service_production_index_Q,2025,3,4644.07558642878,6165.053166375462,6204.59,-39.5368336245383,0.6372191172106183,recursive_no_target_actual,5857.115014554118,-347.47498544588234,5.600289228553092,39.5368336245383,347.47498544588234,True,307.93815182134404,6165.053166375462,-39.5368336245383,regional_service_production_index_Q,39.5368336245383,0.6372191172106183
세종,보건 및 사회복지업,regional_service_production_index_Q,2025,4,6200.363211465341,6200.363211465341,6204.59,-4.226788534659136,0.06812357520253773,recursive_no_target_actual,5883.867516184939,-320.7224838150614,5.169116473692241,4.226788534659136,320.7224838150614,True,316.4956952804023,6200.363211465341,-4.226788534659136,regional_service_production_index_Q,4.226788534659136,0.06812357520253773
세종,부동산업,regional_service_production_index_L,2022,1,2589.339456282146,9473.362903225807,10607.59,-1134.2270967741933,10.692599325333967,recursive_no_target_actual,11536.956321422344,929.3663214223434,8.761333360568644,1134.2270967741933,929.3663214223434,False,-204.86077535184995,11536.956321422344,929.3663214223434,baseline,929.3663214223434,8.761333360568644
세종,부동산업,regional_service_production_index_L,2022,2,5109.629860396768,9513.27803009576,10607.59,-1094.31196990424,10.316310961342207,recursive_no_target_actual,11451.181219039698,843.5912190396975,7.952713283975885,1094.31196990424,843.5912190396975,False,-250.72075086454242,11451.181219039698,843.5912190396975,baseline,843.5912190396975,7.952713283975885
세종,부동산업,regional_service_production_index_L,2022,3,7454.420590252268,9758.383863417765,10607.59,-849.2061365822356,8.005646302150023,recursive_no_target_actual,11475.575888558333,867.9858885583326,8.182687005798043,849.2061365822356,867.9858885583326,True,18.77975197609703,9758.383863417765,-849.2061365822356,regional_service_production_index_L,849.2061365822356,8.005646302150023
세종,부동산업,regional_service_production_index_L,2022,4,9963.202819005635,9963.202819005635,10607.59,-644.3871809943648,6.07477458116655,recursive_no_target_actual,11515.15380590028,907.5638059002796,8.555796424072568,644.3871809943648,907.5638059002796,True,263.17662490591476,9963.202819005635,-644.3871809943648,regional_service_production_index_L,644.3871809943648,6.07477458116655
세종,부동산업,regional_service_production_index_L,2023,1,2410.676676292232,9275.748144444444,10631.58,-1355.831855555556,12.752872626228237,recursive_no_target_actual,10614.0620870072,-17.51791299280012,0.1647724326280771,1355.831855555556,17.51791299280012,False,-1338.313942562756,10614.0620870072,-17.51791299280012,baseline,17.51791299280012,0.1647724326280771
세종,부동산업,regional_service_production_index_L,2023,2,4726.3965838868035,9215.941086711713,10631.58,-1415.6389132882869,13.3154142026706,recursive_no_target_actual,10645.225332204383,13.64533220438352,0.1283471713929963,1415.6389132882869,13.64533220438352,False,-1401.9935810839033,10645.225332204383,13.64533220438352,baseline,13.64533220438352,0.12834717139299634
세종,부동산업,regional_service_production_index_L,2023,3,7130.947017037251,9530.864345812426,10631.58,-1100.7156541875738,10.353265029163811,recursive_no_target_actual,10680.80977808612,49.22977808612086,0.4630523222900157,1100.7156541875738,49.22977808612086,False,-1051.485876101453,10680.80977808612,49.22977808612086,baseline,49.22977808612086,0.46305232229001575
세종,부동산업,regional_service_production_index_L,2023,4,9416.035708922898,9416.035708922898,10631.58,-1215.5442910771017,11.433336259305783,recursive_no_target_actual,10698.122406426122,66.5424064261224,0.625893859860175,1215.5442910771017,66.5424064261224,False,-1149.0018846509793,10698.122406426122,66.5424064261224,baseline,66.5424064261224,0.625893859860175
세종,부동산업,regional_service_production_index_L,2024,1,2379.4817957059204,9294.189377382463,10347.75,-1053.5606226175369,10.181543066053363,recursive_no_target_actual,10837.022620133364,489.2726201333626,4.728299583323549,1053.5606226175369,489.2726201333626,False,-564.2880024841743,10837.022620133364,489.2726201333626,baseline,489.2726201333626,4.728299583323549
세종,부동산업,regional_service_production_index_L,2024,2,4274.76671437866,8516.288321451717,10347.75,-1831.461678548283,17.699129555200727,recursive_no_target_actual,10918.114216800754,570.3642168007536,5.511963632681053,1831.461678548283,570.3642168007536,False,-1261.0974617475295,10918.114216800754,570.3642168007536,baseline,570.3642168007536,5.511963632681053
세종,부동산업,regional_service_production_index_L,2024,3,6266.891008458035,8275.095773195875,10347.75,-2072.654226804125,20.02999905104129,recursive_no_target_actual,10913.105998577652,565.3559985776519,5.463564529271117,2072.654226804125,565.3559985776519,False,-1507.298228226473,10913.105998577652,565.3559985776519,baseline,565.3559985776519,5.463564529271117
세종,부동산업,regional_service_production_index_L,2024,4,8404.274365647365,8404.274365647365,10347.75,-1943.475634352635,18.781625322921748,recursive_no_target_actual,10906.08258487908,558.3325848790791,5.3956907045403995,1943.475634352635,558.3325848790791,False,-1385.143049473556,10906.08258487908,558.3325848790791,baseline,558.3325848790791,5.3956907045403995
세종,부동산업,regional_service_production_index_L,2025,1,2899.9249999999997,10242.46765988372,10815.68,-573.2123401162808,5.299827103947979,recursive_no_target_actual,10861.269596254062,45.58959625406169,0.4215139154825372,573.2123401162808,45.58959625406169,False,-527.6227438622191,10861.269596254062,45.58959625406169,baseline,45.58959625406169,0.42151391548253725
세종,부동산업,regional_service_production_index_L,2025,2,5885.0166666666655,11570.05703883495,10815.68,754.3770388349494,6.974846138522492,recursive_no_target_actual,10855.387449181266,39.707449181265474,0.367128550227683,754.3770388349494,39.707449181265474,False,-714.6695896536839,10855.387449181266,39.707449181265474,baseline,39.707449181265474,0.36712855022768304
세종,부동산업,regional_service_production_index_L,2025,3,8763.65,11752.576986754966,10815.68,936.8969867549658,8.66239558451217,recursive_no_target_actual,10897.103372797255,81.42337279725689,0.7528271250375093,936.8969867549658,81.42337279725689,False,-855.473613957709,10897.103372797255,81.42337279725689,baseline,81.42337279725689,0.7528271250375093
세종,부동산업,regional_service_production_index_L,2025,4,11885.008333333331,11885.008333333331,10815.68,1069.328333333331,9.886834053275717,recursive_no_target_actual,10946.70772707259,131.0277270725892,1.211460833462059,1069.328333333331,131.0277270725892,False,-938.3006062607419,10946.70772707259,131.0277270725892,baseline,131.0277270725892,1.2114608334620587
세종,사업서비스업,regional_service_production_index_M_N,2021,1,1478.282199450137,6453.471991271138,7326.74,-873.2680087288618,11.918916308328969,recursive_no_target_actual,5829.174203044541,-1497.5657969554586,20.439728951149604,873.2680087288618,1497.5657969554586,True,624.2977882265968,6453.471991271138,-873.2680087288618,regional_service_production_index_M_N,873.2680087288618,11.918916308328969
세종,사업서비스업,regional_service_production_index_M_N,2021,2,3068.3983729067727,6407.443575156574,7326.74,-919.2964248434255,12.547141359505396,recursive_no_target_actual,6018.283443688396,-1308.456556311604,17.85864595047189,919.2964248434255,1308.456556311604,True,389.1601314681784,6407.443575156574,-919.2964248434255,regional_service_production_index_M_N,919.2964248434255,12.547141359505396
세종,사업서비스업,regional_service_production_index_M_N,2021,3,4511.871322169456,6266.966554417634,7326.74,-1059.7734455823656,14.464460941460535,recursive_no_target_actual,6006.5926880622055,-1320.1473119377945,18.018208806888115,1059.7734455823656,1320.1473119377945,True,260.37386635542885,6266.966554417634,-1059.7734455823656,regional_service_production_index_M_N,1059.7734455823656,14.464460941460535
세종,사업서비스업,regional_service_production_index_M_N,2021,4,6203.452756810795,6203.452756810795,7326.74,-1123.2872431892047,15.331337582461021,recursive_no_target_actual,6008.161876119651,-1318.5781238803484,17.996791531845655,1123.2872431892047,1318.5781238803484,True,195.29088069114368,6203.452756810795,-1123.2872431892047,regional_service_production_index_M_N,1123.2872431892047,15.331337582461021
세종,사업서비스업,regional_service_production_index_M_N,2022,1,1780.0759192932187,7469.897745490982,7504.0,-34.10225450901817,0.4544543511329713,recursive_no_target_actual,7563.568562729802,59.56856272980167,0.7938241301945851,34.10225450901817,59.56856272980167,True,25.466308220783503,7469.897745490982,-34.10225450901817,regional_service_production_index_M_N,34.10225450901817,0.4544543511329713
세종,사업서비스업,regional_service_production_index_M_N,2022,2,3742.970446513849,7567.250895486362,7504.0,63.250895486362424,0.8428957287628256,recursive_no_target_actual,7574.098224941325,70.09822494132459,0.9341447886637072,63.250895486362424,70.09822494132459,True,6.847329454962164,7567.250895486362,63.250895486362424,regional_service_production_index_M_N,63.250895486362424,0.8428957287628256
세종,사업서비스업,regional_service_production_index_M_N,2022,3,5535.29258834766,7610.573000656599,7504.0,106.5730006565991,1.4202158936113953,recursive_no_target_actual,7512.128479563908,8.128479563907604,0.1083219558090032,106.5730006565991,8.128479563907604,False,-98.4445210926915,7512.128479563908,8.128479563907604,baseline,8.128479563907604,0.10832195580900326
세종,사업서비스업,regional_service_production_index_M_N,2022,4,7567.290799904489,7567.290799904489,7504.0,63.29079990448918,0.8434275040576916,recursive_no_target_actual,7517.440592640167,13.44059264016687,0.1791123752687482,63.29079990448918,13.44059264016687,False,-49.85020726432231,7517.440592640167,13.44059264016687,baseline,13.44059264016687,0.17911237526874826
세종,사업서비스업,regional_service_production_index_M_N,2023,1,1997.6548375910304,8492.24176904177,7591.22,901.0217690417694,11.86926171342379,recursive_no_target_actual,7830.263609105314,239.0436091053134,3.148948510322628,901.0217690417694,239.0436091053134,False,-661.978159936456,7830.263609105314,239.0436091053134,baseline,239.0436091053134,3.148948510322628
세종,사업서비스업,regional_service_production_index_M_N,2023,2,4130.6262859785,8351.027810236037,7591.22,759.8078102360369,10.00903425583815,recursive_no_target_actual,7843.000355936774,251.78035593677396,3.316731117485384,759.8078102360369,251.78035593677396,False,-508.0274542992629,7843.000355936774,251.78035593677396,baseline,251.78035593677396,3.316731117485384
세종,사업서비스업,regional_service_production_index_M_N,2023,3,5895.814125534622,8060.1592920354,7591.22,468.9392920353994,6.177390354059023,recursive_no_target_actual,7868.829169668996,277.6091696689955,3.6569770032879494,468.9392920353994,277.6091696689955,False,-191.33012236640388,7868.829169668996,277.6091696689955,baseline,277.6091696689955,3.6569770032879494
세종,사업서비스업,regional_service_production_index_M_N,2023,4,7841.424112819328,7841.424112819328,7591.22,250.20411281932775,3.2959670885487147,recursive_no_target_actual,7877.642833143566,286.4228331435661,3.773080389496893,250.20411281932775,286.4228331435661,True,36.21872032423835,7841.424112819328,250.20411281932775,regional_service_production_index_M_N,250.20411281932775,3.2959670885487147
세종,사업서비스업,regional_service_production_index_M_N,2024,1,1833.1452721238938,7195.672279635259,7624.42,-428.7477203647413,5.623348666059075,recursive_no_target_actual,8035.244449007827,410.8244490078269,5.388271488294544,428.7477203647413,410.8244490078269,False,-17.923271356914427,8035.244449007827,410.8244490078269,baseline,410.8244490078269,5.388271488294545
세종,사업서비스업,regional_service_production_index_M_N,2024,2,3634.380548672567,6899.370046199077,7624.42,-725.0499538009235,9.509575204421102,recursive_no_target_actual,7971.965012869872,347.54501286987215,4.55831411267837,725.0499538009235,347.54501286987215,False,-377.50494093105135,7971.965012869872,347.54501286987215,baseline,347.54501286987215,4.55831411267837
세종,사업서비스업,regional_service_production_index_M_N,2024,3,5320.5718938053105,7076.352790937179,7624.42,-548.0672090628213,7.1883134594214555,recursive_no_target_actual,7938.840250989614,314.42025098961403,4.123857958895418,548.0672090628213,314.42025098961403,False,-233.64695807320732,7938.840250989614,314.42025098961403,baseline,314.42025098961403,4.123857958895418
세종,사업서비스업,regional_service_production_index_M_N,2024,4,7245.248469026548,7245.248469026548,7624.42,-379.1715309734518,4.973119673017119,recursive_no_target_actual,7846.518992715473,222.0989927154733,2.9129952536123835,379.1715309734518,222.0989927154733,False,-157.07253825797852,7846.518992715473,222.0989927154733,baseline,222.0989927154733,2.9129952536123835
세종,사업서비스업,regional_service_production_index_M_N,2025,1,2101.3990217895225,8305.483628034815,7732.02,573.463628034815,7.416737515355819,recursive_no_target_actual,7704.950363255865,-27.069636744135096,0.3500978624490766,573.463628034815,27.069636744135096,False,-546.3939912906799,7704.950363255865,-27.069636744135096,baseline,27.069636744135096,0.3500978624490766
세종,사업서비스업,regional_service_production_index_M_N,2025,2,4321.2116133518775,8614.467144177448,7732.02,882.4471441774476,11.412892674585006,recursive_no_target_actual,7724.846021816706,-7.173978183294821,0.0927827163314996,882.4471441774476,7.173978183294821,False,-875.2731659941528,7724.846021816706,-7.173978183294821,baseline,7.173978183294821,0.09278271633149968
세종,사업서비스업,regional_service_production_index_M_N,2025,3,6137.180910987483,8357.259611742425,7732.02,625.239611742425,8.086368267832016,recursive_no_target_actual,7810.970738268876,78.95073826887528,1.0210881279261472,625.239611742425,78.95073826887528,False,-546.2888734735498,7810.970738268876,78.95073826887528,baseline,78.95073826887528,1.0210881279261472
세종,사업서비스업,regional_service_production_index_M_N,2025,4,8273.927267037552,8273.927267037552,7732.02,541.9072670375517,7.008611812146783,recursive_no_target_actual,7842.215187164593,110.19518716459244,1.425179799904713,541.9072670375517,110.19518716459244,False,-431.7120798729593,7842.215187164593,110.19518716459244,baseline,110.19518716459244,1.4251797999047136
세종,서비스업,regional_service_production_index_T,2021,1,21777.854862499997,89162.14887410439,91538.03,-2375.881125895612,2.595512625621954,recursive_no_target_actual,88099.95272440728,-3438.0772755927173,3.755900444430274,2375.881125895612,3438.0772755927173,True,1062.1961496971053,89162.14887410439,-2375.881125895612,regional_service_production_index_T,2375.881125895612,2.595512625621954
세종,서비스업,regional_service_production_index_T,2021,2,44576.8722975,92243.9157734092,91538.03,705.8857734092016,0.7711393542216296,recursive_no_target_actual,88236.83133719198,-3301.198662808019,3.6063684818299233,705.8857734092016,3301.198662808019,True,2595.3128893988173,92243.9157734092,705.8857734092016,regional_service_production_index_T,705.8857734092016,0.7711393542216296
세종,서비스업,regional_service_production_index_T,2021,3,66959.08868249999,91599.3005232558,91538.03,61.27052325580735,0.06693450061772943,recursive_no_target_actual,87405.47635381561,-4132.553646184388,4.514575686394374,61.27052325580735,4132.553646184388,True,4071.2831229285803,91599.3005232558,61.27052325580735,regional_service_production_index_T,61.27052325580735,0.06693450061772943
세종,서비스업,regional_service_production_index_T,2021,4,90841.78884749999,90841.78884749999,91538.03,-696.2411525000061,0.7606031640619818,recursive_no_target_actual,86568.78558136073,-4969.244418639268,5.428611931717634,696.2411525000061,4969.244418639268,True,4273.0032661392615,90841.78884749999,-696.2411525000061,regional_service_production_index_T,696.2411525000061,0.7606031640619818
세종,서비스업,regional_service_production_index_T,2022,1,23120.754996558844,96443.41725358852,93835.75,2607.6672535885155,2.7789699060203765,recursive_no_target_actual,98393.06585335635,4557.315853356369,4.8566946535370255,2607.6672535885155,4557.315853356369,True,1949.6485997678537,96443.41725358852,2607.6672535885155,regional_service_production_index_T,2607.6672535885155,2.7789699060203765
세종,서비스업,regional_service_production_index_T,2022,2,47732.49419362239,97272.53024310425,93835.75,3436.780243104251,3.6625489145706736,recursive_no_target_actual,96821.53326282425,2985.783262824247,3.1819250795397775,3436.780243104251,2985.783262824247,False,-450.9969802800042,96821.53326282425,2985.783262824247,baseline,2985.783262824247,3.1819250795397775
세종,서비스업,regional_service_production_index_T,2022,3,71294.24451709108,96723.19074074073,93835.75,2887.440740740727,3.077122248973048,recursive_no_target_actual,95640.84595470416,1805.0959547041712,1.9236761625544323,2887.440740740727,1805.0959547041712,False,-1082.344786036556,95640.84595470416,1805.0959547041712,baseline,1805.0959547041712,1.9236761625544325
세종,서비스업,regional_service_production_index_T,2022,4,96619.97614819913,96619.97614819913,93835.75,2784.22614819913,2.9671272923157006,recursive_no_target_actual,94417.86942583352,582.1194258335163,0.6203599649744541,2784.22614819913,582.1194258335163,False,-2202.1067223656137,94417.86942583352,582.1194258335163,baseline,582.1194258335163,0.6203599649744541
세종,서비스업,regional_service_production_index_T,2023,1,23718.96919148011,99119.87034514078,97287.72,1832.150345140777,1.883228782770094,recursive_no_target_actual,101180.0473983588,3892.327398358786,4.000841420025863,1832.150345140777,3892.327398358786,True,2060.177053218009,99119.87034514078,1832.150345140777,regional_service_production_index_T,1832.150345140777,1.883228782770094
세종,서비스업,regional_service_production_index_T,2023,2,47723.46337752662,96601.69599648041,97287.72,-686.0240035195893,0.7051496360687549,recursive_no_target_actual,99014.88087616638,1727.160876166381,1.7753123170800806,686.0240035195893,1727.160876166381,True,1041.1368726467917,96601.69599648041,-686.0240035195893,regional_service_production_index_T,686.0240035195893,0.7051496360687549
세종,서비스업,regional_service_production_index_T,2023,3,70932.56650728102,96129.81988217968,97287.72,-1157.900117820318,1.1901811634811854,recursive_no_target_actual,97687.5948137112,399.8748137112125,0.4110229057801051,1157.900117820318,399.8748137112125,False,-758.0253041091055,97687.5948137112,399.8748137112125,baseline,399.8748137112125,0.41102290578010514
세종,서비스업,regional_service_production_index_T,2023,4,94916.6660508585,94916.6660508585,97287.72,-2371.0539491414966,2.4371564562737174,recursive_no_target_actual,96230.02302680706,-1057.696973192942,1.087184459860856,2371.0539491414966,1057.696973192942,False,-1313.3569759485545,96230.02302680706,-1057.696973192942,baseline,1057.696973192942,1.087184459860856
세종,서비스업,regional_service_production_index_T,2024,1,23517.121830683285,94108.92949269131,98067.27,-3958.3405073086906,4.036352299099068,recursive_no_target_actual,101620.72919283988,3553.4591928398877,3.623491500109963,3958.3405073086906,3553.4591928398877,False,-404.8813144688029,101620.72919283988,3553.4591928398877,baseline,3553.4591928398877,3.623491500109963
세종,서비스업,regional_service_production_index_T,2024,2,47410.5176106575,94294.2516923077,98067.27,-3773.0183076922985,3.8473777313188164,recursive_no_target_actual,100410.6335080814,2343.3635080813983,2.3895469998108423,3773.0183076922985,2343.3635080813983,False,-1429.6547996109002,100410.6335080814,2343.3635080813983,baseline,2343.3635080813983,2.3895469998108423
세종,서비스업,regional_service_production_index_T,2024,3,70614.07781693168,94490.48825761932,98067.27,-3576.7817423806846,3.647273695271301,recursive_no_target_actual,99132.03801924878,1064.768019248775,1.0857526871593093,3576.7817423806846,1064.768019248775,False,-2512.0137231319095,99132.03801924878,1064.768019248775,baseline,1064.768019248775,1.0857526871593093
세종,서비스업,regional_service_production_index_T,2024,4,96179.80226042116,96179.80226042116,98067.27,-1887.4677395788458,1.924666343397594,recursive_no_target_actual,97975.30749096228,-91.96250903772308,0.0937749251485465,1887.4677395788458,91.96250903772308,False,-1795.5052305411227,97975.30749096228,-91.96250903772308,baseline,91.96250903772308,0.09377492514854657
세종,숙박 및 음식점업,regional_service_production_index_I,2022,1,625.4821255153458,3314.1443689320386,2816.53,497.61436893203836,17.667639575365374,recursive_no_target_actual,2856.4601186592163,39.93011865921608,1.4177061369563284,497.61436893203836,39.93011865921608,False,-457.6842502728223,2856.4601186592163,39.93011865921608,baseline,39.93011865921608,1.4177061369563284
세종,숙박 및 음식점업,regional_service_production_index_I,2022,2,1375.941081081081,3077.5403483606556,2816.53,261.01034836065537,9.267089232518574,recursive_no_target_actual,2960.9232277696124,144.39322776961217,5.12663553271622,261.01034836065537,144.39322776961217,False,-116.6171205910432,2960.9232277696124,144.39322776961217,baseline,144.39322776961217,5.12663553271622
세종,숙박 및 음식점업,regional_service_production_index_I,2022,3,2113.842556115437,2960.871543150465,2816.53,144.341543150465,5.124800486785689,recursive_no_target_actual,3028.335459410566,211.80545941056516,7.52008533232613,144.341543150465,211.80545941056516,True,67.46391626010018,2960.871543150465,144.341543150465,regional_service_production_index_I,144.341543150465,5.124800486785689
세종,숙박 및 음식점업,regional_service_production_index_I,2022,4,2856.5278332569856,2856.5278332569856,2816.53,39.99783325698536,1.4201103221689582,recursive_no_target_actual,2971.2970590325085,154.7670590325083,5.494955105484703,39.99783325698536,154.7670590325083,True,114.76922577552295,2856.5278332569856,39.99783325698536,regional_service_production_index_I,39.99783325698536,1.4201103221689582
세종,숙박 및 음식점업,regional_service_production_index_I,2023,1,685.7074293489638,3131.57207456979,2705.96,425.6120745697899,15.728690541241921,recursive_no_target_actual,3224.1056354325265,518.1456354325264,19.1483109666265,425.6120745697899,518.1456354325264,True,92.53356086273652,3131.57207456979,425.6120745697899,regional_service_production_index_I,425.6120745697899,15.728690541241921
세종,숙박 및 음식점업,regional_service_production_index_I,2023,2,1390.2821310445888,2886.3006258148635,2705.96,180.34062581486342,6.664571014163677,recursive_no_target_actual,2925.7521982473354,219.79219824733536,8.122522071550776,180.34062581486342,219.79219824733536,True,39.45157243247195,2886.3006258148635,180.34062581486342,regional_service_production_index_I,180.34062581486342,6.664571014163677
세종,숙박 및 음식점업,regional_service_production_index_I,2023,3,2079.527173958552,2810.155957567186,2705.96,104.19595756718581,3.8506096752053174,recursive_no_target_actual,2819.9070692227606,113.94706922276056,4.210966504411024,104.19595756718581,113.94706922276056,True,9.751111655574746,2810.155957567186,104.19595756718581,regional_service_production_index_I,104.19595756718581,3.8506096752053174
세종,숙박 및 음식점업,regional_service_production_index_I,2023,4,2771.7202281766804,2771.7202281766804,2705.96,65.76022817668036,2.430199566020206,recursive_no_target_actual,2776.8780596084416,70.91805960844158,2.6208096057754577,65.76022817668036,70.91805960844158,True,5.157831431761224,2771.7202281766804,65.76022817668036,regional_service_production_index_I,65.76022817668036,2.430199566020206
세종,숙박 및 음식점업,regional_service_production_index_I,2024,1,659.6532992980217,2666.405984522786,2689.34,-22.93401547721396,0.852774862130261,recursive_no_target_actual,2800.2240227655143,110.88402276551416,4.123094244889606,22.93401547721396,110.88402276551416,True,87.9500072883002,2666.405984522786,-22.93401547721396,regional_service_production_index_I,22.93401547721396,0.852774862130261
세종,숙박 및 음식점업,regional_service_production_index_I,2024,2,1324.4871218889596,2640.548753180661,2689.34,-48.791246819338994,1.8142461280217077,recursive_no_target_actual,2785.530758594261,96.19075859426084,3.576742196756856,48.791246819338994,96.19075859426084,True,47.39951177492185,2640.548753180661,-48.791246819338994,regional_service_production_index_I,48.791246819338994,1.8142461280217077
세종,숙박 및 음식점업,regional_service_production_index_I,2024,3,1999.1063773665178,2664.530501842926,2689.34,-24.80949815707436,0.9225125182042567,recursive_no_target_actual,2758.40032787342,69.06032787341974,2.567928483323779,24.80949815707436,69.06032787341974,True,44.25082971634538,2664.530501842926,-24.80949815707436,regional_service_production_index_I,24.80949815707436,0.9225125182042567
세종,숙박 및 음식점업,regional_service_production_index_I,2024,4,2697.325794511806,2697.325794511806,2689.34,7.985794511806034,0.2969425402442991,recursive_no_target_actual,2735.136718080903,45.79671808090279,1.7028980374702636,7.985794511806034,45.79671808090279,True,37.81092356909676,2697.325794511806,7.985794511806034,regional_service_production_index_I,7.985794511806034,0.2969425402442991
세종,숙박 및 음식점업,regional_service_production_index_I,2025,1,659.9959453691848,2698.726876090751,2643.16,55.566876090751066,2.1022895356600078,recursive_no_target_actual,2644.3123956345353,1.1523956345354236,0.0435991629161845,55.566876090751066,1.1523956345354236,False,-54.41448045621564,2644.3123956345353,1.1523956345354236,baseline,1.1523956345354236,0.043599162916184556
세종,숙박 및 음식점업,regional_service_production_index_I,2025,2,1346.391728553137,2741.9346544980444,2643.16,98.77465449804458,3.736991120403025,recursive_no_target_actual,2666.654544328848,23.49454432884795,0.8888808974427561,98.77465449804458,23.49454432884795,False,-75.28011016919663,2666.654544328848,23.49454432884795,baseline,23.49454432884795,0.8888808974427561
세종,숙박 및 음식점업,regional_service_production_index_I,2025,3,2012.1267690994455,2714.8937633170176,2643.16,71.73376331701775,2.7139395010902767,recursive_no_target_actual,2707.2907681299735,64.1307681299736,2.4262915650196586,71.73376331701775,64.1307681299736,False,-7.602995187044144,2707.2907681299735,64.1307681299736,baseline,64.1307681299736,2.4262915650196586
세종,숙박 및 음식점업,regional_service_production_index_I,2025,4,2648.5924242424244,2648.5924242424244,2643.16,5.432424242424531,0.20552763519516531,recursive_no_target_actual,2718.7304515839796,75.57045158397978,2.8590948555509232,5.432424242424531,75.57045158397978,True,70.13802734155524,2648.5924242424244,5.432424242424531,regional_service_production_index_I,5.432424242424531,0.20552763519516531
세종,운수 및 창고업,regional_service_production_index_H,2021,1,481.4205751437859,1878.2447609756096,2258.25,-380.00523902439045,16.827421190053823,recursive_no_target_actual,1882.656378494898,-375.5936215051019,16.632065604122747,380.00523902439045,375.5936215051019,False,-4.411617519288541,1882.656378494898,-375.5936215051019,baseline,375.5936215051019,16.632065604122744
세종,운수 및 창고업,regional_service_production_index_H,2021,2,1007.2945236309076,2019.1332330827065,2258.25,-239.1167669172935,10.588587043830112,recursive_no_target_actual,2065.237091494911,-193.01290850508897,8.547012443488939,239.1167669172935,193.01290850508897,False,-46.10385841220452,2065.237091494911,-193.01290850508897,baseline,193.01290850508897,8.54701244348894
세종,운수 및 창고업,regional_service_production_index_H,2021,3,1511.8876019004751,2034.3332839838492,2258.25,-223.91671601615076,9.915497222014869,recursive_no_target_actual,2081.0800581347457,-177.16994186525426,7.845452977538104,223.91671601615076,177.16994186525426,False,-46.7467741508965,2081.0800581347457,-177.16994186525426,baseline,177.16994186525426,7.8454529775381046
세종,운수 및 창고업,regional_service_production_index_H,2021,4,2056.6778794698675,2056.6778794698675,2258.25,-201.57212053013245,8.926032127981069,recursive_no_target_actual,2096.6648861898984,-161.58511381010155,7.155324424226794,201.57212053013245,161.58511381010155,False,-39.987006720030905,2096.6648861898984,-161.58511381010155,baseline,161.58511381010155,7.155324424226793
세종,운수 및 창고업,regional_service_production_index_H,2022,1,544.1816509542424,2324.7996070726917,2570.82,-246.02039292730842,9.56972455976336,recursive_no_target_actual,2425.422194050826,-145.3978059491742,5.655697635352697,246.02039292730842,145.3978059491742,False,-100.62258697813422,2425.422194050826,-145.3978059491742,baseline,145.3978059491742,5.655697635352697
세종,운수 및 창고업,regional_service_production_index_H,2022,2,1141.846803862957,2331.4045774647884,2570.82,-239.41542253521175,9.312803795489835,recursive_no_target_actual,2467.3628042341616,-103.4571957658386,4.024287805674399,239.41542253521175,103.4571957658386,False,-135.95822676937314,2467.3628042341616,-103.4571957658386,baseline,103.4571957658386,4.024287805674399
세종,운수 및 창고업,regional_service_production_index_H,2022,3,1719.2609220510462,2338.7756490459806,2570.82,-232.0443509540196,9.026083154558451,recursive_no_target_actual,2517.3484022812845,-53.47159771871566,2.0799432756363982,232.0443509540196,53.47159771871566,False,-178.57275323530394,2517.3484022812845,-53.47159771871566,baseline,53.47159771871566,2.0799432756363982
세종,운수 및 창고업,regional_service_production_index_H,2022,4,2304.463899747068,2304.463899747068,2570.82,-266.35610025293226,10.360744830557264,recursive_no_target_actual,2547.169029900585,-23.65097009941519,0.9199776763606629,266.35610025293226,23.65097009941519,False,-242.70513015351708,2547.169029900585,-23.65097009941519,baseline,23.65097009941519,0.9199776763606627
세종,운수 및 창고업,regional_service_production_index_H,2023,1,638.3604416403787,2703.2859160305343,2832.86,-129.57408396946585,4.57396708518832,recursive_no_target_actual,2861.6474957775104,28.78749577751023,1.0161990277497028,129.57408396946585,28.78749577751023,False,-100.78658819195562,2861.6474957775104,28.78749577751023,baseline,28.78749577751023,1.0161990277497028
세종,운수 및 창고업,regional_service_production_index_H,2023,2,1284.251451104101,2591.8635470668487,2832.86,-240.99645293315143,8.507178361555157,recursive_no_target_actual,3007.9078293067405,175.04782930674037,6.1791909697881415,240.99645293315143,175.04782930674037,False,-65.94862362641106,3007.9078293067405,175.04782930674037,baseline,175.04782930674037,6.1791909697881415
세종,운수 및 창고업,regional_service_production_index_H,2023,3,1901.7580126182966,2549.0794503171246,2832.86,-283.7805496828755,10.017457611137703,recursive_no_target_actual,3027.995855378222,195.135855378222,6.888298587936643,283.7805496828755,195.135855378222,False,-88.64469430465351,3027.995855378222,195.135855378222,baseline,195.135855378222,6.888298587936643
세종,운수 및 창고업,regional_service_production_index_H,2023,4,2565.0272555205047,2565.0272555205047,2832.86,-267.83274447949543,9.454499851016125,recursive_no_target_actual,3022.0505266647683,189.1905266647682,6.678428396206243,267.83274447949543,189.1905266647682,False,-78.64221781472722,3022.0505266647683,189.1905266647682,baseline,189.1905266647682,6.678428396206244
세종,운수 및 창고업,regional_service_production_index_H,2024,1,749.15967931346,3010.2350816696917,3073.83,-63.594918330308246,2.0689146221589434,recursive_no_target_actual,3559.927192749841,486.09719274984127,15.81405584400703,63.594918330308246,486.09719274984127,True,422.502274419533,3010.2350816696917,-63.594918330308246,regional_service_production_index_H,63.594918330308246,2.0689146221589434
세종,운수 및 창고업,regional_service_production_index_H,2024,2,1535.4254742547428,3066.6955345060896,3073.83,-7.134465493910284,0.23210345054574533,recursive_no_target_actual,3378.419822590731,304.5898225907313,9.909130387520822,7.134465493910284,304.5898225907313,True,297.455357096821,3066.6955345060896,-7.134465493910284,regional_service_production_index_H,7.134465493910284,0.23210345054574533
세종,운수 및 창고업,regional_service_production_index_H,2024,3,2314.6539024390245,3121.927346938776,3073.83,48.0973469387759,1.5647367271051391,recursive_no_target_actual,3337.1480429581193,263.31804295811935,8.566447817807731,48.0973469387759,263.31804295811935,True,215.22069601934345,3121.927346938776,48.0973469387759,regional_service_production_index_H,48.0973469387759,1.5647367271051391
세종,운수 및 창고업,regional_service_production_index_H,2024,4,3138.6655736224034,3138.6655736224034,3073.83,64.83557362240344,2.109276492922622,recursive_no_target_actual,3297.3690414963235,223.5390414963235,7.272329357717361,64.83557362240344,223.5390414963235,True,158.70346787392006,3138.6655736224034,64.83557362240344,regional_service_production_index_H,64.83557362240344,2.109276492922622
세종,운수 및 창고업,regional_service_production_index_H,2025,1,752.480601304525,3152.578847139197,3200.13,-47.551152860803086,1.485913161677903,recursive_no_target_actual,3412.042600615992,211.91260061599175,6.621999750509879,47.551152860803086,211.91260061599175,True,164.36144775518866,3152.578847139197,-47.551152860803086,regional_service_production_index_H,47.551152860803086,1.485913161677903
세종,운수 및 창고업,regional_service_production_index_H,2025,2,1566.3626172034244,3201.90625,3200.13,1.7762499999998909,0.05550555758671963,recursive_no_target_actual,3403.100359724601,202.9703597246007,6.34256607464699,1.7762499999998909,202.9703597246007,True,201.19410972460082,3201.90625,1.7762499999998909,regional_service_production_index_H,1.7762499999998909,0.05550555758671963
세종,운수 및 창고업,regional_service_production_index_H,2025,3,2346.4112005707298,3181.728399668325,3200.13,-18.401600331675127,0.5750266499071952,recursive_no_target_actual,3388.1888425208335,188.05884252083345,5.876600091897311,18.401600331675127,188.05884252083345,True,169.65724218915832,3181.728399668325,-18.401600331675127,regional_service_production_index_H,18.401600331675127,0.5750266499071952
세종,운수 및 창고업,regional_service_production_index_H,2025,4,3140.8703200163063,3140.8703200163063,3200.13,-59.259679983693786,1.8517897705310031,recursive_no_target_actual,3371.2496795485135,171.11967954851343,5.3472727529354565,59.259679983693786,171.11967954851343,True,111.85999956481965,3140.8703200163063,-59.259679983693786,regional_service_production_index_H,59.259679983693786,1.8517897705310031
세종,정보통신업,regional_service_production_index_J,2021,1,487.2561750000001,1943.195114656032,2138.16,-194.9648853439678,9.1183487364822,recursive_no_target_actual,2163.4619977039297,25.30199770392983,1.18335380438928,194.9648853439678,25.30199770392983,False,-169.66288764003798,2163.4619977039297,25.30199770392983,baseline,25.30199770392983,1.18335380438928
세종,정보통신업,regional_service_production_index_J,2021,2,992.0432600000001,2025.6115569167946,2138.16,-112.54844308320526,5.263798924458659,recursive_no_target_actual,2192.4039510507355,54.24395105073563,2.536945366611275,112.54844308320526,54.24395105073563,False,-58.304492032469625,2192.4039510507355,54.24395105073563,baseline,54.24395105073563,2.536945366611275
세종,정보통신업,regional_service_production_index_J,2021,3,1542.2044650000005,2114.056840301577,2138.16,-24.103159698423042,1.1272851282608898,recursive_no_target_actual,2231.203111949414,93.0431119494142,4.351550489645967,24.103159698423042,93.0431119494142,True,68.93995225099115,2114.056840301577,-24.103159698423042,regional_service_production_index_J,24.103159698423042,1.1272851282608898
세종,정보통신업,regional_service_production_index_J,2021,4,2106.8028900000004,2106.8028900000004,2138.16,-31.357109999999466,1.4665464698619126,recursive_no_target_actual,2249.7980175492285,111.6380175492286,5.22121906448669,31.357109999999466,111.6380175492286,True,80.28090754922914,2106.8028900000004,-31.357109999999466,regional_service_production_index_J,31.357109999999466,1.4665464698619126
세종,정보통신업,regional_service_production_index_J,2022,1,581.8976798825256,2516.01473015873,2243.16,272.85473015873004,12.163855015189736,recursive_no_target_actual,2204.929536377039,-38.230463622961,1.7043128275718629,272.85473015873004,38.230463622961,False,-234.62426653576904,2204.929536377039,-38.230463622961,baseline,38.230463622961,1.7043128275718629
세종,정보통신업,regional_service_production_index_J,2022,2,1124.548663729809,2388.204698544698,2243.16,145.04469854469835,6.466087953810623,recursive_no_target_actual,2215.8158186730966,-27.344181326903257,1.2190027161193695,145.04469854469835,27.344181326903257,False,-117.7005172177951,2215.8158186730966,-27.344181326903257,baseline,27.344181326903257,1.21900271611937
세종,정보통신업,regional_service_production_index_J,2022,3,1688.654508076358,2306.868044132397,2243.16,63.708044132396935,2.8401025398276065,recursive_no_target_actual,2210.087780224426,-33.07221977557401,1.474358484262113,63.708044132396935,33.07221977557401,False,-30.635824356822923,2210.087780224426,-33.07221977557401,baseline,33.07221977557401,1.474358484262113
세종,정보통신업,regional_service_production_index_J,2022,4,2277.878237885462,2277.878237885462,2243.16,34.71823788546226,1.5477379181807032,recursive_no_target_actual,2187.9604593515064,-55.19954064849344,2.460793730652002,34.71823788546226,55.19954064849344,True,20.48130276303118,2277.878237885462,34.71823788546226,regional_service_production_index_J,34.71823788546226,1.5477379181807032
세종,정보통신업,regional_service_production_index_J,2023,1,518.9207718814611,2031.3508273381294,2404.85,-373.4991726618705,15.531079803807742,recursive_no_target_actual,2388.285127694465,-16.56487230553512,0.6888110404197816,373.4991726618705,16.56487230553512,False,-356.93430035633537,2388.285127694465,-16.56487230553512,baseline,16.56487230553512,0.6888110404197816
세종,정보통신업,regional_service_production_index_J,2023,2,1051.2396967608545,2129.384085621219,2404.85,-275.4659143787808,11.454598597782848,recursive_no_target_actual,2324.892162401685,-79.95783759831511,3.324857583563013,275.4659143787808,79.95783759831511,False,-195.50807678046567,2324.892162401685,-79.95783759831511,baseline,79.95783759831511,3.324857583563013
세종,정보통신업,regional_service_production_index_J,2023,3,1583.5586216402482,2136.1111496746203,2404.85,-268.73885032537964,11.174869548012543,recursive_no_target_actual,2328.505571008368,-76.34442899163196,3.174602532034512,268.73885032537964,76.34442899163196,False,-192.3944213337477,2328.505571008368,-76.34442899163196,baseline,76.34442899163196,3.174602532034512
세종,정보통신업,regional_service_production_index_J,2023,4,2183.8989386629914,2183.8989386629914,2404.85,-220.95106133700847,9.187727356675406,recursive_no_target_actual,2335.794097943095,-69.05590205690487,2.8715263761525613,220.95106133700847,69.05590205690487,False,-151.8951592801036,2335.794097943095,-69.05590205690487,baseline,69.05590205690487,2.8715263761525613
세종,정보통신업,regional_service_production_index_J,2024,1,592.4170363378952,2493.210923535253,2548.03,-54.81907646474701,2.1514297894744963,recursive_no_target_actual,2394.186989350813,-153.84301064918736,6.037723678653208,54.81907646474701,153.84301064918736,True,99.02393418444035,2493.210923535253,-54.81907646474701,regional_service_production_index_J,54.81907646474701,2.1514297894744963
세종,정보통신업,regional_service_production_index_J,2024,2,1171.782739499764,2434.321200980392,2548.03,-113.70879901960825,4.46261617875803,recursive_no_target_actual,2361.8916461243252,-186.13835387567497,7.305186904223064,113.70879901960825,186.13835387567497,True,72.42955485606672,2434.321200980392,-113.70879901960825,regional_service_production_index_J,113.70879901960825,4.46261617875803
세종,정보통신업,regional_service_production_index_J,2024,3,1785.1953987730062,2461.977904328018,2548.03,-86.05209567198199,3.377201040489397,recursive_no_target_actual,2351.1563217946286,-196.87367820537156,7.726505504463116,86.05209567198199,196.87367820537156,True,110.82158253338957,2461.977904328018,-86.05209567198199,regional_service_production_index_J,86.05209567198199,3.377201040489397
세종,정보통신업,regional_service_production_index_J,2024,4,2451.9482892874,2451.9482892874,2548.03,-96.0817107126004,3.770823369921092,recursive_no_target_actual,2346.573240371993,-201.45675962800715,7.906373144272521,96.0817107126004,201.45675962800715,True,105.37504891540675,2451.9482892874,-96.0817107126004,regional_service_production_index_J,96.0817107126004,3.770823369921092
세종,정보통신업,regional_service_production_index_J,2025,1,571.4050150428143,2364.9818678160923,3109.3900000000003,-744.408132183908,23.940648557559776,recursive_no_target_actual,2371.027974219536,-738.3620257804641,23.7462018524683,744.408132183908,738.3620257804641,False,-6.0461064034439005,2371.027974219536,-738.3620257804641,baseline,738.3620257804641,23.7462018524683
세종,정보통신업,regional_service_production_index_J,2025,2,1349.7895556584124,2824.426474576271,3109.3900000000003,-284.96352542372915,9.164611882836477,recursive_no_target_actual,2394.52206610581,-714.8679338941902,22.990616612717933,284.96352542372915,714.8679338941902,True,429.904408470461,2824.426474576271,-284.96352542372915,regional_service_production_index_J,284.96352542372915,9.164611882836477
세종,정보통신업,regional_service_production_index_J,2025,3,2248.4698889146034,3088.251236490782,3109.3900000000003,-21.13876350921828,0.6798363508346742,recursive_no_target_actual,2395.328535305505,-714.0614646944955,22.964680039959458,21.13876350921828,714.0614646944955,True,692.9227011852772,3088.251236490782,-21.13876350921828,regional_service_production_index_J,21.13876350921828,0.6798363508346742
세종,정보통신업,regional_service_production_index_J,2025,4,3186.069449201573,3186.069449201573,3109.3900000000003,76.67944920157288,2.4660608415661227,recursive_no_target_actual,2395.320376917165,-714.0696230828353,22.96494241902223,76.67944920157288,714.0696230828353,True,637.3901738812624,3186.069449201573,76.67944920157288,regional_service_production_index_J,76.67944920157288,2.4660608415661227
울산,건설업,regional_construction_orders_bok_12_24q,2021,1,6606.478503097684,26752.19151056554,23503.54,3248.651510565538,13.821966863568372,recursive_no_target_actual,25158.472514885445,1654.932514885444,7.0412053456008925,3248.651510565538,1654.932514885444,False,-1593.718995680094,25158.472514885445,1654.932514885444,baseline,1654.932514885444,7.0412053456008925
울산,건설업,regional_construction_orders_bok_12_24q,2021,2,12855.885259516235,25854.96376759339,23503.54,2351.4237675933873,10.004551516892295,recursive_no_target_actual,25177.05508795693,1673.51508795693,7.120268214732461,2351.4237675933873,1673.51508795693,False,-677.9086796364572,25177.05508795693,1673.51508795693,baseline,1673.51508795693,7.120268214732461
울산,건설업,regional_construction_orders_bok_12_24q,2021,3,18285.9627256175,24486.112295405535,23503.54,982.5722954055345,4.180528956087187,recursive_no_target_actual,25330.78943974545,1827.2494397454504,7.774358414713061,982.5722954055345,1827.2494397454504,True,844.6771443399159,24486.112295405535,982.5722954055345,regional_construction_orders_bok_12_24q,982.5722954055345,4.180528956087187
울산,건설업,regional_construction_orders_bok_12_24q,2021,4,24138.142502410832,24138.142502410832,23503.54,634.6025024108312,2.7000294526306723,recursive_no_target_actual,25561.751893205463,2058.2118932054655,8.757029337731531,634.6025024108312,2058.2118932054655,True,1423.6093907946342,24138.142502410832,634.6025024108312,regional_construction_orders_bok_12_24q,634.6025024108312,2.7000294526306723
울산,건설업,regional_construction_orders_bok_12_24q,2022,1,5974.025380233276,21827.343549740704,26504.16,-4676.816450259295,17.645593937930105,recursive_no_target_actual,23506.019324838224,-2998.140675161776,11.311962632136902,4676.816450259295,2998.140675161776,False,-1678.6757750975194,23506.019324838224,-2998.140675161776,baseline,2998.140675161776,11.311962632136902
울산,건설업,regional_construction_orders_bok_12_24q,2022,2,12372.343646582745,23230.247314858934,26504.16,-3273.9126851410656,12.35244838976623,recursive_no_target_actual,23386.118868431808,-3118.041131568192,11.764346168934209,3273.9126851410656,3118.041131568192,False,-155.87155357287338,23386.118868431808,-3118.041131568192,baseline,3118.041131568192,11.764346168934207
울산,건설업,regional_construction_orders_bok_12_24q,2022,3,19446.908559154137,25670.633648104184,26504.16,-833.5263518958163,3.144888771784567,recursive_no_target_actual,23606.184292287155,-2897.975707712845,10.934040949469235,833.5263518958163,2897.975707712845,True,2064.449355817029,25670.633648104184,-833.5263518958163,regional_construction_orders_bok_12_24q,833.5263518958163,3.144888771784567
울산,건설업,regional_construction_orders_bok_12_24q,2022,4,26915.971467918644,26915.971467918644,26504.16,411.81146791864376,1.5537616280562891,recursive_no_target_actual,23736.50952655844,-2767.6504734415576,10.442324802753824,411.81146791864376,2767.6504734415576,True,2355.839005522914,26915.971467918644,411.81146791864376,regional_construction_orders_bok_12_24q,411.81146791864376,1.5537616280562891
울산,건설업,regional_construction_orders_bok_12_24q,2023,1,9009.106382253001,40590.528982100965,33223.72,7366.8089821009635,22.173341763357516,recursive_no_target_actual,26917.572203391977,-6306.147796608027,18.980860050012545,7366.8089821009635,6306.147796608027,False,-1060.661185492936,26917.572203391977,-6306.147796608027,baseline,6306.147796608027,18.980860050012545
울산,건설업,regional_construction_orders_bok_12_24q,2023,2,18617.573875310067,40502.43846630629,33223.72,7278.718466306287,21.908198318268653,recursive_no_target_actual,26599.17089088258,-6624.549109117423,19.9392154434164,7278.718466306287,6624.549109117423,False,-654.1693571888645,26599.17089088258,-6624.549109117423,baseline,6624.549109117423,19.939215443416398
울산,건설업,regional_construction_orders_bok_12_24q,2023,3,28336.078233828546,39219.24510183503,33223.72,5995.525101835032,18.045917500614113,recursive_no_target_actual,26583.11142200145,-6640.6085779985515,19.98755280263183,5995.525101835032,6640.6085779985515,True,645.0834761635197,39219.24510183503,5995.525101835032,regional_construction_orders_bok_12_24q,5995.525101835032,18.045917500614113
울산,건설업,regional_construction_orders_bok_12_24q,2023,4,38107.89872564581,38107.89872564581,33223.72,4884.178725645812,14.70087854594793,recursive_no_target_actual,26189.04272861292,-7034.677271387081,21.173659275322212,4884.178725645812,7034.677271387081,True,2150.4985457412695,38107.89872564581,4884.178725645812,regional_construction_orders_bok_12_24q,4884.178725645812,14.70087854594793
울산,건설업,regional_construction_orders_bok_12_24q,2024,1,8660.785632094814,36634.52597280352,34918.65,1715.875972803522,4.913924143125584,recursive_no_target_actual,27110.883894176823,-7807.766105823175,22.359873894962075,1715.875972803522,7807.766105823175,True,6091.890133019653,36634.52597280352,1715.875972803522,regional_construction_orders_bok_12_24q,1715.875972803522,4.913924143125584
울산,건설업,regional_construction_orders_bok_12_24q,2024,2,17735.588704972077,36302.582857216,34918.65,1383.9328572160011,3.9633057326557615,recursive_no_target_actual,26448.1755577924,-8470.474442207604,24.257737461807956,1383.9328572160011,8470.474442207604,True,7086.541584991603,36302.582857216,1383.9328572160011,regional_construction_orders_bok_12_24q,1383.9328572160011,3.9633057326557615
울산,건설업,regional_construction_orders_bok_12_24q,2024,3,26870.401745073003,36136.77729038043,34918.65,1218.1272903804274,3.488471892184914,recursive_no_target_actual,25765.18372409775,-9153.46627590225,26.213688890899995,1218.1272903804274,9153.46627590225,True,7935.338985521823,36136.77729038043,1218.1272903804274,regional_construction_orders_bok_12_24q,1218.1272903804274,3.488471892184914
울산,건설업,regional_construction_orders_bok_12_24q,2024,4,35990.13435878989,35990.13435878989,34918.65,1071.4843587898868,3.0685159901367514,recursive_no_target_actual,25391.835659762615,-9526.814340237386,27.282882758174747,1071.4843587898868,9526.814340237386,True,8455.3299814475,35990.13435878989,1071.4843587898868,regional_construction_orders_bok_12_24q,1071.4843587898868,3.0685159901367514
울산,건설업,regional_construction_orders_raw,2025,1,6496.797253932083,36141.66312671217,33756.35,2385.3131267121717,7.066264944853848,recursive_no_target_actual,22265.70443907335,-11490.645560926649,34.039952663503755,2385.3131267121717,11490.645560926649,True,9105.332434214477,36141.66312671217,2385.3131267121717,regional_construction_orders_raw,2385.3131267121717,7.066264944853848
울산,건설업,regional_construction_orders_raw,2025,2,15456.830928318017,32287.241823449014,33756.35,-1469.1081765509844,4.352094277227794,recursive_no_target_actual,22537.598862061463,-11218.751137938536,33.23449110445453,1469.1081765509844,11218.751137938536,True,9749.642961387552,32287.241823449014,-1469.1081765509844,regional_construction_orders_raw,1469.1081765509844,4.352094277227794
울산,건설업,regional_construction_orders_raw,2025,3,22828.584977798433,33625.22952721379,33756.35,-131.12047278620594,0.38843202178614084,recursive_no_target_actual,22912.108571137105,-10844.241428862892,32.12504144809167,131.12047278620594,10844.241428862892,True,10713.120956076686,33625.22952721379,-131.12047278620594,regional_construction_orders_raw,131.12047278620594,0.38843202178614084
울산,건설업,regional_construction_orders_raw,2025,4,32564.843400288566,32564.843400288566,33756.35,-1191.5065997114325,3.5297258136955936,recursive_no_target_actual,23058.750363161827,-10697.599636838171,31.69062898340067,1191.5065997114325,10697.599636838171,True,9506.093037126739,32564.843400288566,-1191.5065997114325,regional_construction_orders_raw,1191.5065997114325,3.5297258136955936
울산,"광업, 제조업",regional_manufacturing_production_index,2022,1,90286.03897339884,370716.4425368353,385251.17,-14534.727463164658,3.7727925558706694,recursive_no_target_actual,381806.44469578576,-3444.7253042142256,0.8941505107471123,14534.727463164658,3444.7253042142256,False,-11090.002158950432,381806.44469578576,-3444.7253042142256,baseline,3444.7253042142256,0.8941505107471123
울산,"광업, 제조업",regional_manufacturing_production_index,2022,2,182229.22676339804,370322.8373303741,385251.17,-14928.332669625874,3.8749610207870036,recursive_no_target_actual,380769.04470646055,-4482.12529353943,1.163429378693238,14928.332669625874,4482.12529353943,False,-10446.207376086444,380769.04470646055,-4482.12529353943,baseline,4482.12529353943,1.163429378693238
울산,"광업, 제조업",regional_manufacturing_production_index,2022,3,268458.10828925803,366141.556565592,385251.17,-19109.613434407976,4.960299908864125,recursive_no_target_actual,380914.3260537937,-4336.843946206267,1.1257185659439444,19109.613434407976,4336.843946206267,False,-14772.76948820171,380914.3260537937,-4336.843946206267,baseline,4336.843946206267,1.1257185659439444
울산,"광업, 제조업",regional_manufacturing_production_index,2022,4,361258.4420188781,361258.4420188781,385251.17,-23992.72798112186,6.227814436260339,recursive_no_target_actual,375126.54729395633,-10124.62270604365,2.6280576139570586,23992.72798112186,10124.62270604365,False,-13868.105275078211,375126.54729395633,-10124.62270604365,baseline,10124.62270604365,2.6280576139570586
울산,"광업, 제조업",regional_manufacturing_production_index,2024,1,102985.46319584332,411481.36205046304,425105.1,-13623.737949536939,3.204792873465159,recursive_no_target_actual,420175.3427118301,-4929.7572881698725,1.1596561151983058,13623.737949536939,4929.7572881698725,False,-8693.980661367066,420175.3427118301,-4929.7572881698725,baseline,4929.7572881698725,1.1596561151983058
울산,"광업, 제조업",regional_manufacturing_production_index,2024,2,209450.8304716227,415053.04755266913,425105.1,-10052.052447330847,2.3646040584624477,recursive_no_target_actual,414636.8801899985,-10468.219810001494,2.462501581373993,10052.052447330847,10468.219810001494,True,416.167362670647,415053.04755266913,-10052.052447330847,regional_manufacturing_production_index,10052.052447330847,2.3646040584624477
울산,"광업, 제조업",regional_manufacturing_production_index,2024,3,309974.0973844924,415357.3220094259,425105.1,-9747.777990574075,2.293027769032664,recursive_no_target_actual,411378.4475574827,-13726.652442517285,3.229002061494271,9747.777990574075,13726.652442517285,True,3978.8744519432094,415357.3220094259,-9747.777990574075,regional_manufacturing_production_index,9747.777990574075,2.293027769032664
울산,"광업, 제조업",regional_manufacturing_production_index,2024,4,415290.4397282174,415290.4397282174,425105.1,-9814.660271782603,2.3087608856686503,recursive_no_target_actual,408626.6234069637,-16478.476593036263,3.8763300165150367,9814.660271782603,16478.476593036263,True,6663.81632125366,415290.4397282174,-9814.660271782603,regional_manufacturing_production_index,9814.660271782603,2.3087608856686503
울산,교육 서비스업,regional_service_production_index_P,2021,1,5493.238767499999,21271.011684414327,21484.47,-213.45831558567443,0.9935470392598672,recursive_no_target_actual,21244.3639723191,-240.1060276809003,1.117579478017844,213.45831558567443,240.1060276809003,True,26.64771209522587,21271.011684414327,-213.45831558567443,regional_service_production_index_P,213.45831558567443,0.9935470392598672
울산,교육 서비스업,regional_service_production_index_P,2021,2,10682.7276875,21581.268055555556,21484.47,96.79805555555504,0.4505489572493761,recursive_no_target_actual,21452.652132040937,-31.81786795906737,0.1480970578239415,96.79805555555504,31.81786795906737,False,-64.98018759648767,21452.652132040937,-31.81786795906737,baseline,31.81786795906737,0.14809705782394153
울산,교육 서비스업,regional_service_production_index_P,2021,3,16093.593615000002,21522.69289869609,21484.47,38.22289869608721,0.17790943270225987,recursive_no_target_actual,21630.790281519752,146.320281519751,0.6810513897701502,38.22289869608721,146.320281519751,True,108.09738282366379,21522.69289869609,38.22289869608721,regional_service_production_index_P,38.22289869608721,0.17790943270225987
울산,교육 서비스업,regional_service_production_index_P,2021,4,21514.7561475,21514.7561475,21484.47,30.28614749999906,0.14096762684859834,recursive_no_target_actual,21663.377136296232,178.90713629623133,0.832727715862813,30.28614749999906,178.90713629623133,True,148.62098879623227,21514.7561475,30.28614749999906,regional_service_production_index_P,30.28614749999906,0.14096762684859834
울산,교육 서비스업,regional_service_production_index_P,2022,1,5470.0828140703525,21424.063805060923,22131.82,-707.7561949390765,3.1979123042708486,recursive_no_target_actual,22522.05847375366,390.2384737536595,1.7632461937321895,707.7561949390765,390.2384737536595,False,-317.51772118541703,22522.05847375366,390.2384737536595,baseline,390.2384737536595,1.7632461937321895
울산,교육 서비스업,regional_service_production_index_P,2022,2,10729.382361809045,21608.7175373494,22131.82,-523.1024626506005,2.3635763468643813,recursive_no_target_actual,22461.34890284061,329.5289028406114,1.4889372082395909,523.1024626506005,329.5289028406114,False,-193.5735598099891,22461.34890284061,329.5289028406114,baseline,329.5289028406114,1.4889372082395909
울산,교육 서비스업,regional_service_production_index_P,2022,3,16096.64407035176,21518.83415547025,22131.82,-612.9858445297505,2.769703732136582,recursive_no_target_actual,22372.362982029663,240.5429820296631,1.0868648942096182,612.9858445297505,240.5429820296631,False,-372.44286250008736,22372.362982029663,240.5429820296631,baseline,240.5429820296631,1.0868648942096182
울산,교육 서비스업,regional_service_production_index_P,2022,4,21340.52045226131,21340.52045226131,22131.82,-791.2995477386903,3.5753930211735425,recursive_no_target_actual,22345.56339549885,213.7433954988519,0.9657741455463306,791.2995477386903,213.7433954988519,False,-577.5561522398384,22345.56339549885,213.7433954988519,baseline,213.7433954988519,0.9657741455463306
울산,교육 서비스업,regional_service_production_index_P,2023,1,5742.2235943146225,22402.227575187968,22496.699999999997,-94.4724248120292,0.4199390346674366,recursive_no_target_actual,22516.754455932663,20.054455932666315,0.0891439897081186,94.4724248120292,20.054455932666315,False,-74.41796887936289,22516.754455932663,20.054455932666315,baseline,20.054455932666315,0.0891439897081186
울산,교육 서비스업,regional_service_production_index_P,2023,2,11228.526359913274,22333.30758025875,22496.699999999997,-163.3924197412489,0.726295055458129,recursive_no_target_actual,22485.774852969687,-10.925147030309745,0.0485633316455735,163.3924197412489,10.925147030309745,False,-152.46727271093914,22485.774852969687,-10.925147030309745,baseline,10.925147030309745,0.048563331645573554
울산,교육 서비스업,regional_service_production_index_P,2023,3,16784.1410166225,22251.98638134781,22496.699999999997,-244.7136186521857,1.0877756233233573,recursive_no_target_actual,22432.610975999454,-64.08902400053921,0.2848818893461673,244.7136186521857,64.08902400053921,False,-180.62459465164648,22432.610975999454,-64.08902400053921,baseline,64.08902400053921,0.2848818893461673
울산,교육 서비스업,regional_service_production_index_P,2023,4,22233.121994700068,22233.121994700068,22496.699999999997,-263.5780052999289,1.171629640346935,recursive_no_target_actual,22381.99605324178,-114.70394675821808,0.5098700998733952,263.5780052999289,114.70394675821808,False,-148.87405854171084,22381.99605324178,-114.70394675821808,baseline,114.70394675821808,0.5098700998733952
울산,교육 서비스업,regional_service_production_index_P,2024,1,5923.591510791366,22935.354317548743,23234.91,-299.55568245125687,1.2892483011608689,recursive_no_target_actual,22669.04619993664,-565.8638000633582,2.435403451372776,299.55568245125687,565.8638000633582,True,266.30811761210134,22935.354317548743,-299.55568245125687,regional_service_production_index_P,299.55568245125687,1.2892483011608689
울산,교육 서비스업,regional_service_production_index_P,2024,2,11625.992446043165,23020.127492877487,23234.91,-214.78250712251247,0.9243956921826357,recursive_no_target_actual,22678.57561667985,-556.3343833201507,2.394390093700172,214.78250712251247,556.3343833201507,True,341.5518761976382,23020.127492877487,-214.78250712251247,regional_service_production_index_P,214.78250712251247,0.9243956921826357
울산,교육 서비스업,regional_service_production_index_P,2024,3,17506.424820143882,23189.89564803049,23234.91,-45.014351969508425,0.1937358568185047,recursive_no_target_actual,22638.78247086239,-596.1275291376114,2.56565456521076,45.014351969508425,596.1275291376114,True,551.113177168103,23189.89564803049,-45.014351969508425,regional_service_production_index_P,45.014351969508425,0.1937358568185047
울산,교육 서비스업,regional_service_production_index_P,2024,4,23316.723597122298,23316.723597122298,23234.91,81.81359712229823,0.35211497321185337,recursive_no_target_actual,22631.67187043093,-603.2381295690684,2.5962576552655827,81.81359712229823,603.2381295690684,True,521.4245324467702,23316.723597122298,81.81359712229823,regional_service_production_index_P,81.81359712229823,0.35211497321185337
울산,교육 서비스업,regional_service_production_index_P,2025,1,6031.829944470153,23742.776885245905,24209.55,-466.7731147540944,1.9280536596264466,recursive_no_target_actual,22488.948230421127,-1720.6017695788723,7.107119998425714,466.7731147540944,1720.6017695788723,True,1253.828654824778,23742.776885245905,-466.7731147540944,regional_service_production_index_P,466.7731147540944,1.9280536596264466
울산,교육 서비스업,regional_service_production_index_P,2025,2,11913.13293845442,23892.603508120654,24209.55,-316.94649187934556,1.3091796083749825,recursive_no_target_actual,22447.668611107212,-1761.881388892787,7.277629649839783,316.94649187934556,1761.881388892787,True,1444.9348970134415,23892.603508120654,-316.94649187934556,regional_service_production_index_P,316.94649187934556,1.3091796083749825
울산,교육 서비스업,regional_service_production_index_P,2025,3,17982.594620546042,23950.9318798151,24209.55,-258.61812018489945,1.0682483573007324,recursive_no_target_actual,22526.766205522137,-1682.7837944778655,6.9509090192831575,258.61812018489945,1682.7837944778655,True,1424.165674292966,23950.9318798151,-258.61812018489945,regional_service_production_index_P,258.61812018489945,1.0682483573007324
울산,교육 서비스업,regional_service_production_index_P,2025,4,23906.905314669137,23906.905314669137,24209.55,-302.64468533086256,1.250104546886921,recursive_no_target_actual,22558.084087621686,-1651.465912378313,6.821547333090922,302.64468533086256,1651.465912378313,True,1348.8212270474505,23906.905314669137,-302.64468533086256,regional_service_production_index_P,302.64468533086256,1.250104546886921
울산,금융 및 보험업,regional_service_production_index_K,2021,1,3918.5404175000003,16259.503807053943,15668.19,591.3138070539426,3.773976490289833,recursive_no_target_actual,16445.94517812708,777.7551781270795,4.9639120927629765,591.3138070539426,777.7551781270795,True,186.4413710731369,16259.503807053943,591.3138070539426,regional_service_production_index_K,591.3138070539426,3.773976490289833
울산,금융 및 보험업,regional_service_production_index_K,2021,2,7697.267917499999,15797.368737814262,15668.19,129.1787378142617,0.8244649689227772,recursive_no_target_actual,16185.284988619203,517.0949886192029,3.300285410243321,129.1787378142617,517.0949886192029,True,387.9162508049412,15797.368737814262,129.1787378142617,regional_service_production_index_K,129.1787378142617,0.8244649689227772
울산,금융 및 보험업,regional_service_production_index_K,2021,3,11468.437962499998,15419.748521008401,15668.19,-248.44147899159907,1.5856424959845332,recursive_no_target_actual,16162.85494677393,494.66494677392984,3.1571288500709387,248.44147899159907,494.66494677392984,True,246.22346778233077,15419.748521008401,-248.44147899159907,regional_service_production_index_K,248.44147899159907,1.5856424959845332
울산,금융 및 보험업,regional_service_production_index_K,2021,4,15292.510192499998,15292.510192499998,15668.19,-375.6798075000024,2.3977230777773464,recursive_no_target_actual,16135.558572566915,467.36857256691474,2.9829136139331647,375.6798075000024,467.36857256691474,True,91.68876506691231,15292.510192499998,-375.6798075000024,regional_service_production_index_K,375.6798075000024,2.3977230777773464
울산,금융 및 보험업,regional_service_production_index_K,2022,1,3786.3824610822835,14776.750067502411,16435.3,-1658.549932497588,10.09138824662518,recursive_no_target_actual,16505.715320391646,70.41532039164667,0.4284395197632332,1658.549932497588,70.41532039164667,False,-1588.1346121059414,16505.715320391646,70.41532039164667,baseline,70.41532039164667,0.42843951976323325
울산,금융 및 보험업,regional_service_production_index_K,2022,2,7704.397850259452,15306.67555228277,16435.3,-1128.6244477172295,6.867075427386355,recursive_no_target_actual,16390.65882957576,-44.641170424238226,0.2716176183229891,1128.6244477172295,44.641170424238226,False,-1083.9832772929913,16390.65882957576,-44.641170424238226,baseline,44.641170424238226,0.27161761832298914
울산,금융 및 보험업,regional_service_production_index_K,2022,3,11707.587487027427,15611.402490939043,16435.3,-823.8975090609565,5.012975175755578,recursive_no_target_actual,16154.95627130373,-280.34372869626895,1.7057414753382596,823.8975090609565,280.34372869626895,False,-543.5537803646876,16154.95627130373,-280.34372869626895,baseline,280.34372869626895,1.7057414753382596
울산,금융 및 보험업,regional_service_production_index_K,2022,4,16125.033691623425,16125.033691623425,16435.3,-310.26630837657467,1.8878043502496131,recursive_no_target_actual,16096.69406346325,-338.60593653674914,2.0602358127734153,310.26630837657467,338.60593653674914,True,28.33962816017447,16125.033691623425,-310.26630837657467,regional_service_production_index_K,310.26630837657467,1.8878043502496131
울산,금융 및 보험업,regional_service_production_index_K,2023,1,4376.169915966387,18636.756339468302,16805.29,1831.4663394683012,10.898153732951357,recursive_no_target_actual,16646.05694145101,-159.2330585489908,0.9475174694931822,1831.4663394683012,159.2330585489908,False,-1672.2332809193103,16646.05694145101,-159.2330585489908,baseline,159.2330585489908,0.9475174694931822
울산,금융 및 보험업,regional_service_production_index_K,2023,2,8570.821512605042,17938.42793969849,16805.29,1133.1379396984885,6.7427455265484175,recursive_no_target_actual,16696.197183314573,-109.09281668542826,0.6491575967176303,1133.1379396984885,109.09281668542826,False,-1024.0451230130602,16696.197183314573,-109.09281668542826,baseline,109.09281668542826,0.6491575967176303
울산,금융 및 보험업,regional_service_production_index_K,2023,3,12749.688907563024,17560.33541666667,16805.29,755.0454166666677,4.492903226702233,recursive_no_target_actual,16745.651607400006,-59.6383925999944,0.3548786876036914,755.0454166666677,59.6383925999944,False,-695.4070240666733,16745.651607400006,-59.6383925999944,baseline,59.6383925999944,0.35487868760369146
울산,금융 및 보험업,regional_service_production_index_K,2023,4,16932.502352941177,16932.502352941177,16805.29,127.2123529411765,0.7569780285920474,recursive_no_target_actual,16535.918707619403,-269.3712923805979,1.6028958285194592,127.2123529411765,269.3712923805979,True,142.15893943942137,16932.502352941177,127.2123529411765,regional_service_production_index_K,127.2123529411765,0.7569780285920474
울산,금융 및 보험업,regional_service_production_index_K,2024,1,4214.0508133302255,16305.222759242559,16951.82,-646.5972407574409,3.8143234222487075,recursive_no_target_actual,16667.434618822546,-284.3853811774534,1.6776097267281824,646.5972407574409,284.3853811774534,False,-362.2118595799875,16667.434618822546,-284.3853811774534,baseline,284.3853811774534,1.6776097267281824
울산,금융 및 보험업,regional_service_production_index_K,2024,2,8334.10792822186,16464.85134438306,16951.82,-486.96865561693994,2.8726629684419724,recursive_no_target_actual,16711.560319594402,-240.25968040559744,1.417309058293431,486.96865561693994,240.25968040559744,False,-246.7089752113425,16711.560319594402,-240.25968040559744,baseline,240.25968040559744,1.4173090582934307
울산,금융 및 보험업,regional_service_production_index_K,2024,3,12360.1713446749,16415.19506035283,16951.82,-536.6249396471685,3.165588943530361,recursive_no_target_actual,16940.090808192464,-11.729191807535244,0.0691913423310019,536.6249396471685,11.729191807535244,False,-524.8957478396333,16940.090808192464,-11.729191807535244,baseline,11.729191807535244,0.0691913423310019
울산,금융 및 보험업,regional_service_production_index_K,2024,4,16593.804178513168,16593.804178513168,16951.82,-358.01582148683156,2.1119609663554213,recursive_no_target_actual,17134.32755971384,182.50755971384208,1.0766251630435084,358.01582148683156,182.50755971384208,False,-175.50826177298947,17134.32755971384,182.50755971384208,baseline,182.50755971384208,1.0766251630435086
울산,금융 및 보험업,regional_service_production_index_K,2025,1,4240.95567618598,16699.748327137546,17346.6,-646.8516728624527,3.7289824683941104,recursive_no_target_actual,18048.260498393287,701.6604983932884,4.044945397906728,646.8516728624527,701.6604983932884,True,54.80882553083575,16699.748327137546,-646.8516728624527,regional_service_production_index_K,646.8516728624527,3.7289824683941104
울산,금융 및 보험업,regional_service_production_index_K,2025,2,8541.924876091573,17007.58256578947,17346.6,-339.0174342105274,1.9543739649875331,recursive_no_target_actual,17962.90474300318,616.3047430031802,3.5528849630658472,339.0174342105274,616.3047430031802,True,277.28730879265277,17007.58256578947,-339.0174342105274,regional_service_production_index_K,339.0174342105274,1.9543739649875331
울산,금융 및 보험업,regional_service_production_index_K,2025,3,12758.875142789706,17129.07287072243,17346.6,-217.52712927756875,1.2540044116862599,recursive_no_target_actual,17881.384375514303,534.784375514304,3.0829348432217496,217.52712927756875,534.784375514304,True,317.2572462367352,17129.07287072243,-217.52712927756875,regional_service_production_index_K,217.52712927756875,1.2540044116862599
울산,금융 및 보험업,regional_service_production_index_K,2025,4,17075.847949020528,17075.847949020528,17346.6,-270.75205097947037,1.5608364231576817,recursive_no_target_actual,17953.614136502663,607.0141365026648,3.4993263031525763,270.75205097947037,607.0141365026648,True,336.2620855231944,17075.847949020528,-270.75205097947037,regional_service_production_index_K,270.75205097947037,1.5608364231576817
울산,도매 및 소매업,regional_service_production_index_G,2022,1,4910.560982142856,20060.16401215805,20497.21,-437.0459878419497,2.132221838201149,recursive_no_target_actual,20585.163383643343,87.95338364334384,0.429099295188681,437.0459878419497,87.95338364334384,False,-349.09260419860584,20585.163383643343,87.95338364334384,baseline,87.95338364334384,0.429099295188681
울산,도매 및 소매업,regional_service_production_index_G,2022,2,9958.893214285712,19997.140159362545,20497.21,-500.06984063745404,2.4396971131068765,recursive_no_target_actual,20523.65356577669,26.443565776691685,0.1290105618115425,500.06984063745404,26.443565776691685,False,-473.62627486076235,20523.65356577669,26.443565776691685,baseline,26.443565776691685,0.12901056181154258
울산,도매 및 소매업,regional_service_production_index_G,2022,3,14972.78263392857,20123.419859999995,20497.21,-373.7901400000046,1.8236147261017701,recursive_no_target_actual,20577.17071908956,79.96071908956219,0.3901053806325943,373.7901400000046,79.96071908956219,False,-293.8294209104424,20577.17071908956,79.96071908956219,baseline,79.96071908956219,0.3901053806325943
울산,도매 및 소매업,regional_service_production_index_G,2022,4,20109.68209821428,20109.68209821428,20497.21,-387.5279017857174,1.8906373198387363,recursive_no_target_actual,20565.81317499801,68.60317499800658,0.3346951853350118,387.5279017857174,68.60317499800658,False,-318.9247267877108,20565.81317499801,68.60317499800658,baseline,68.60317499800658,0.33469518533501186
울산,도매 및 소매업,regional_service_production_index_G,2023,1,5125.556305358455,20990.128877755513,19501.84,1488.2888777555127,7.631530551760822,recursive_no_target_actual,21381.47940186996,1879.6394018699611,9.63826696286074,1488.2888777555127,1879.6394018699611,True,391.3505241144485,20990.128877755513,1488.2888777555127,regional_service_production_index_G,1488.2888777555127,7.631530551760822
울산,도매 및 소매업,regional_service_production_index_G,2023,2,10195.945174944949,20588.353720355735,19501.84,1086.5137203557351,5.571339526709967,recursive_no_target_actual,20533.372643427727,1031.5326434277267,5.2894118884563035,1086.5137203557351,1031.5326434277267,False,-54.981076928008406,20533.372643427727,1031.5326434277267,baseline,1031.5326434277267,5.2894118884563035
울산,도매 및 소매업,regional_service_production_index_G,2023,3,15166.029615855152,20369.228734801185,19501.84,867.3887348011849,4.44772767493316,recursive_no_target_actual,20141.72919997116,639.8891999711595,3.281173468611985,867.3887348011849,639.8891999711595,False,-227.49953483002537,20141.72919997116,639.8891999711595,baseline,639.8891999711595,3.281173468611985
울산,도매 및 소매업,regional_service_production_index_G,2023,4,20351.768578419378,20351.768578419378,19501.84,849.928578419378,4.358196859472634,recursive_no_target_actual,19825.60204053258,323.7620405325797,1.6601615054404082,849.928578419378,323.7620405325797,False,-526.1665378867983,19825.60204053258,323.7620405325797,baseline,323.7620405325797,1.6601615054404082
울산,도매 및 소매업,regional_service_production_index_G,2024,1,4767.330034499754,18929.378943248532,18967.03,-37.65105675146697,0.1985079200669107,recursive_no_target_actual,19335.57089464041,368.54089464040953,1.9430606407034183,37.65105675146697,368.54089464040953,True,330.88983788894257,18929.378943248532,-37.65105675146697,regional_service_production_index_G,37.65105675146697,0.1985079200669107
울산,도매 및 소매업,regional_service_production_index_G,2024,2,9563.49472646624,19089.356419085096,18967.03,122.32641908509686,0.6449424031337372,recursive_no_target_actual,19468.99976245381,501.9697624538094,2.646538559035386,122.32641908509686,501.9697624538094,True,379.6433433687125,19089.356419085096,122.32641908509686,regional_service_production_index_G,122.32641908509686,0.6449424031337372
울산,도매 및 소매업,regional_service_production_index_G,2024,3,14225.097683587976,19089.102645502648,18967.03,122.07264550264881,0.6436044309659911,recursive_no_target_actual,19503.28460832822,536.2546083282214,2.8272987828258898,122.07264550264881,536.2546083282214,True,414.18196282557255,19089.102645502648,122.07264550264881,regional_service_production_index_G,122.07264550264881,0.6436044309659911
울산,도매 및 소매업,regional_service_production_index_G,2024,4,19083.737466732386,19083.737466732386,18967.03,116.70746673238682,0.6153175628044392,recursive_no_target_actual,19536.529645690316,569.4996456903173,3.0025768171944542,116.70746673238682,569.4996456903173,True,452.79217895793045,19083.737466732386,116.70746673238682,regional_service_production_index_G,116.70746673238682,0.6153175628044392
울산,도매 및 소매업,regional_service_production_index_G,2025,1,4747.727982875849,19005.269979838708,19457.46,-452.1900201612916,2.323993060560277,recursive_no_target_actual,19379.51740954472,-77.94259045528088,0.4005794716025673,452.1900201612916,77.94259045528088,False,-374.24742970601073,19379.51740954472,-77.94259045528088,baseline,77.94259045528088,0.4005794716025673
울산,도매 및 소매업,regional_service_production_index_G,2025,2,9633.971168471417,19224.371613065323,19457.46,-233.08838693467624,1.197938409919261,recursive_no_target_actual,19470.130106029825,12.670106029825549,0.0651169578651352,233.08838693467624,12.670106029825549,False,-220.4182809048507,19470.130106029825,12.670106029825549,baseline,12.670106029825549,0.06511695786513527
울산,도매 및 소매업,regional_service_production_index_G,2025,3,14505.885195164943,19460.429091216214,19457.46,2.96909121621502,0.015259397764225238,recursive_no_target_actual,19752.23575275414,294.77575275413983,1.5149755042751718,2.96909121621502,294.77575275413983,True,291.8066615379248,19460.429091216214,2.96909121621502,regional_service_production_index_G,2.96909121621502,0.015259397764225238
울산,도매 및 소매업,regional_service_production_index_G,2025,4,19473.32694787207,19473.32694787207,19457.46,15.866947872069431,0.08154686106033075,recursive_no_target_actual,19886.61396364712,429.1539636471207,2.2056011609281,15.866947872069431,429.1539636471207,True,413.28701577505126,19473.32694787207,15.866947872069431,regional_service_production_index_G,15.866947872069431,0.08154686106033075
울산,문화 및 기타서비스업,regional_service_production_index_R_S,2021,1,2316.8176622077754,8729.262590673572,11018.24,-2288.9774093264277,20.77443774438048,recursive_no_target_actual,11002.022337321749,-16.217662678251145,0.1471892305690486,2288.9774093264277,16.217662678251145,False,-2272.7597466481766,11002.022337321749,-16.217662678251145,baseline,16.217662678251145,0.14718923056904865
울산,문화 및 기타서비스업,regional_service_production_index_R_S,2021,2,5077.7269558694825,10210.34135746606,11018.24,-807.898642533939,7.332374703527414,recursive_no_target_actual,11490.57792135955,472.3379213595508,4.2868726889190185,807.898642533939,472.3379213595508,False,-335.56072117438816,11490.57792135955,472.3379213595508,baseline,472.3379213595508,4.2868726889190185
울산,문화 및 기타서비스업,regional_service_production_index_R_S,2021,3,7867.963055381921,10582.78736842105,11018.24,-435.4526315789499,3.9521069751516564,recursive_no_target_actual,11511.503523947971,493.2635239479714,4.47679052142603,435.4526315789499,493.2635239479714,True,57.81089236902153,10582.78736842105,-435.4526315789499,regional_service_production_index_R_S,435.4526315789499,3.9521069751516564
울산,문화 및 기타서비스업,regional_service_production_index_R_S,2021,4,11434.661252656579,11434.661252656579,11018.24,416.4212526565789,3.7793808508126423,recursive_no_target_actual,11589.345222802438,571.1052228024382,5.18327085634764,416.4212526565789,571.1052228024382,True,154.68397014585935,11434.661252656579,416.4212526565789,regional_service_production_index_R_S,416.4212526565789,3.7793808508126423
울산,문화 및 기타서비스업,regional_service_production_index_R_S,2022,1,2650.944406448461,13083.744906570224,11059.87,2023.8749065702232,18.299264878974373,recursive_no_target_actual,11314.189593866557,254.319593866554,2.299480860684203,2023.8749065702232,254.319593866554,False,-1769.5553127036692,11314.189593866557,254.319593866554,baseline,254.319593866554,2.299480860684203
울산,문화 및 기타서비스업,regional_service_production_index_R_S,2022,2,6266.724924279434,14112.19573157316,11059.87,3052.325731573159,27.598206231837796,recursive_no_target_actual,11422.889197787315,363.0191977873165,3.282309808228455,3052.325731573159,363.0191977873165,False,-2689.3065337858425,11422.889197787315,363.0191977873165,baseline,363.0191977873165,3.2823098082284554
울산,문화 및 기타서비스업,regional_service_production_index_R_S,2022,3,9959.207894479727,14473.907390841321,11059.87,3414.0373908413203,30.86869367217987,recursive_no_target_actual,11658.110640965631,598.2406409656305,5.409110965731338,3414.0373908413203,598.2406409656305,False,-2815.79674987569,11658.110640965631,598.2406409656305,baseline,598.2406409656305,5.409110965731338
울산,문화 및 기타서비스업,regional_service_production_index_R_S,2022,4,14339.321621885685,14339.321621885685,11059.87,3279.4516218856843,29.65180984844925,recursive_no_target_actual,11650.072469789551,590.2024697895504,5.3364322527258485,3279.4516218856843,590.2024697895504,False,-2689.249152096134,11650.072469789551,590.2024697895504,baseline,590.2024697895504,5.3364322527258485
울산,문화 및 기타서비스업,regional_service_production_index_R_S,2023,1,2556.3494566441445,13827.644573604062,11716.57,2111.0745736040626,18.01785482956243,recursive_no_target_actual,12409.203292012418,692.6332920124187,5.911570468254947,2111.0745736040626,692.6332920124187,False,-1418.441281591644,12409.203292012418,692.6332920124187,baseline,692.6332920124187,5.911570468254947
울산,문화 및 기타서비스업,regional_service_production_index_R_S,2023,2,5609.853354917418,12836.28888769594,11716.57,1119.7188876959408,9.556712311674328,recursive_no_target_actual,11973.550041474706,256.980041474706,2.1933043670178733,1119.7188876959408,256.980041474706,False,-862.7388462212348,11973.550041474706,256.980041474706,baseline,256.980041474706,2.1933043670178733
울산,문화 및 기타서비스업,regional_service_production_index_R_S,2023,3,8784.791636636637,12648.390714768275,11716.57,931.8207147682751,7.953016239123525,recursive_no_target_actual,11853.41493277921,136.84493277920956,1.1679606982180757,931.8207147682751,136.84493277920956,False,-794.9757819890656,11853.41493277921,136.84493277920956,baseline,136.84493277920956,1.1679606982180755
울산,문화 및 기타서비스업,regional_service_production_index_R_S,2023,4,11820.651222785287,11820.651222785287,11716.57,104.08122278528754,0.8883250199101574,recursive_no_target_actual,11620.7221688391,-95.84783116089966,0.8180536723708361,104.08122278528754,95.84783116089966,False,-8.233391624387878,11620.7221688391,-95.84783116089966,baseline,95.84783116089966,0.8180536723708361
울산,문화 및 기타서비스업,regional_service_production_index_R_S,2024,1,2904.1950223900253,13429.101546894031,11942.66,1486.4415468940315,12.446486351399367,recursive_no_target_actual,11803.88775140919,-138.7722485908107,1.161987769816864,1486.4415468940315,138.7722485908107,False,-1347.6692983032208,11803.88775140919,-138.7722485908107,baseline,138.7722485908107,1.1619877698168641
울산,문화 및 기타서비스업,regional_service_production_index_R_S,2024,2,6747.6497172710515,14218.128146160965,11942.66,2275.4681461609653,19.053277462148007,recursive_no_target_actual,11768.525509248591,-174.1344907514067,1.4580879866914631,2275.4681461609653,174.1344907514067,False,-2101.3336554095586,11768.525509248591,-174.1344907514067,baseline,174.1344907514067,1.4580879866914631
울산,문화 및 기타서비스업,regional_service_production_index_R_S,2024,3,9826.734273421722,13222.669735349718,11942.66,1280.0097353497185,10.71796178866114,recursive_no_target_actual,11687.995642171503,-254.66435782849476,2.132392262933842,1280.0097353497185,254.66435782849476,False,-1025.3453775212238,11687.995642171503,-254.66435782849476,baseline,254.66435782849476,2.132392262933842
울산,문화 및 기타서비스업,regional_service_production_index_R_S,2024,4,12954.170641847395,12954.170641847395,11942.66,1011.5106418473952,8.469726525308392,recursive_no_target_actual,11633.91821841727,-308.74178158273025,2.585201132601366,1011.5106418473952,308.74178158273025,False,-702.7688602646649,11633.91821841727,-308.74178158273025,baseline,308.74178158273025,2.585201132601366
울산,문화 및 기타서비스업,regional_service_production_index_R_S,2025,1,2431.780514612452,10846.964307474316,11157.28,-310.3156925256844,2.781284439627619,recursive_no_target_actual,11410.160396832174,252.88039683217357,2.266505786644895,310.3156925256844,252.88039683217357,False,-57.43529569351085,11410.160396832174,252.88039683217357,baseline,252.88039683217357,2.2665057866448954
울산,문화 및 기타서비스업,regional_service_production_index_R_S,2025,2,5176.543700762389,9937.953694160693,11157.28,-1219.3263058393077,10.92852653907859,recursive_no_target_actual,11410.922346984004,253.6423469840047,2.273334961424331,1219.3263058393077,253.6423469840047,False,-965.683958855303,11410.922346984004,253.6423469840047,baseline,253.6423469840047,2.2733349614243314
울산,문화 및 기타서비스업,regional_service_production_index_R_S,2025,3,8033.221902795425,10589.85868927973,11157.28,-567.4213107202704,5.085659862621269,recursive_no_target_actual,11560.72439909268,403.4443990926793,3.615974494614093,567.4213107202704,403.4443990926793,False,-163.9769116275911,11560.72439909268,403.4443990926793,baseline,403.4443990926793,3.615974494614093
울산,문화 및 기타서비스업,regional_service_production_index_R_S,2025,4,10875.673619758578,10875.673619758578,11157.28,-281.6063802414228,2.5239698227652507,recursive_no_target_actual,11530.66233288719,373.3823328871895,3.3465354717923135,281.6063802414228,373.3823328871895,True,91.77595264576667,10875.673619758578,-281.6063802414228,regional_service_production_index_R_S,281.6063802414228,2.5239698227652507
울산,보건 및 사회복지업,regional_service_production_index_Q,2021,1,5128.911965,19821.881990338166,21407.86,-1585.9780096618342,7.408391168766211,recursive_no_target_actual,20880.68828604108,-527.17171395892,2.4625147677484813,1585.9780096618342,527.17171395892,False,-1058.8062957029142,20880.68828604108,-527.17171395892,baseline,527.17171395892,2.4625147677484813
울산,보건 및 사회복지업,regional_service_production_index_Q,2021,2,10370.999520000001,20909.273225806453,21407.86,-498.58677419354717,2.32898932538585,recursive_no_target_actual,21374.823223838463,-33.03677616153436,0.1543207782633778,498.58677419354717,33.03677616153436,False,-465.5499980320128,21374.823223838463,-33.03677616153436,baseline,33.03677616153436,0.15432077826337787
울산,보건 및 사회복지업,regional_service_production_index_Q,2021,3,15813.716530000002,21091.98603534512,21407.86,-315.873964654882,1.4755046261274223,recursive_no_target_actual,21612.805579352636,204.94557935263583,0.9573380027365456,315.873964654882,204.94557935263583,False,-110.92838530224617,21612.805579352636,204.94557935263583,baseline,204.94557935263583,0.9573380027365455
울산,보건 및 사회복지업,regional_service_production_index_Q,2021,4,21189.557055,21189.557055,21407.86,-218.30294499999945,1.0197326822951918,recursive_no_target_actual,21763.940329756064,356.0803297560633,1.6633158557467362,218.30294499999945,356.0803297560633,True,137.77738475606384,21189.557055,-218.30294499999945,regional_service_production_index_Q,218.30294499999945,1.0197326822951918
울산,보건 및 사회복지업,regional_service_production_index_Q,2022,1,5633.920912842923,23275.94808425276,22558.14,717.8080842527597,3.182035771800156,recursive_no_target_actual,23266.63770162616,708.4977016261582,3.140762942450744,717.8080842527597,708.4977016261582,False,-9.310382626601495,23266.63770162616,708.4977016261582,baseline,708.4977016261582,3.140762942450744
울산,보건 및 사회복지업,regional_service_production_index_Q,2022,2,11532.906370478271,23563.512569444443,22558.14,1005.3725694444438,4.456806143788645,recursive_no_target_actual,23086.52325575856,528.3832557585629,2.342317477232444,1005.3725694444438,528.3832557585629,False,-476.9893136858809,23086.52325575856,528.3832557585629,baseline,528.3832557585629,2.342317477232444
울산,보건 및 사회복지업,regional_service_production_index_Q,2022,3,17374.721043942704,23281.22185426155,22558.14,723.0818542615489,3.205414339398323,recursive_no_target_actual,22790.06685259592,231.92685259591963,1.028129325360689,723.0818542615489,231.92685259591963,False,-491.15500166562924,22790.06685259592,231.92685259591963,baseline,231.92685259591963,1.0281293253606887
울산,보건 및 사회복지업,regional_service_production_index_Q,2022,4,23273.706501578054,23273.706501578054,22558.14,715.5665015780542,3.172098859117171,recursive_no_target_actual,22641.367694782115,83.22769478211558,0.3689475053444813,715.5665015780542,83.22769478211558,False,-632.3388067959386,22641.367694782115,83.22769478211558,baseline,83.22769478211558,0.3689475053444813
울산,보건 및 사회복지업,regional_service_production_index_Q,2023,1,5717.616994193837,23619.454704797048,23744.13,-124.67529520295284,0.5250783886499646,recursive_no_target_actual,23455.88701247794,-288.2429875220623,1.2139547227970129,124.67529520295284,288.2429875220623,True,163.56769231910948,23619.454704797048,-124.67529520295284,regional_service_production_index_Q,124.67529520295284,0.5250783886499646
울산,보건 및 사회복지업,regional_service_production_index_Q,2023,2,11561.172688700311,23330.748670572328,23744.13,-413.38132942767334,1.7409832637695015,recursive_no_target_actual,23254.505247716406,-489.6247522835947,2.0620875655734476,413.38132942767334,489.6247522835947,True,76.24342285592138,23330.748670572328,-413.38132942767334,regional_service_production_index_Q,413.38132942767334,1.7409832637695015
울산,보건 및 사회복지업,regional_service_production_index_Q,2023,3,17535.704631531935,23489.34649715824,23744.13,-254.78350284176122,1.0730378533210576,recursive_no_target_actual,23273.960037775298,-470.16996222470334,1.9801524091415577,254.78350284176122,470.16996222470334,True,215.38645938294212,23489.34649715824,-254.78350284176122,regional_service_production_index_Q,254.78350284176122,1.0730378533210576
울산,보건 및 사회복지업,regional_service_production_index_Q,2023,4,23374.2227780259,23374.2227780259,23744.13,-369.90722197409923,1.5578891371218875,recursive_no_target_actual,23313.782688583495,-430.3473114165063,1.8124366376721583,369.90722197409923,430.3473114165063,True,60.44008944240704,23374.2227780259,-369.90722197409923,regional_service_production_index_Q,369.90722197409923,1.5578891371218875
울산,보건 및 사회복지업,regional_service_production_index_Q,2024,1,6104.902390086208,24957.486422907492,24515.19,442.29642290749325,1.804172934851793,recursive_no_target_actual,24226.251592194963,-288.93840780503524,1.1786097020053088,442.29642290749325,288.93840780503524,False,-153.358015102458,24226.251592194963,-288.93840780503524,baseline,288.93840780503524,1.1786097020053088
울산,보건 및 사회복지업,regional_service_production_index_Q,2024,2,12296.798359913793,24861.50082352941,24515.19,346.310823529413,1.4126377300335549,recursive_no_target_actual,24068.57205876983,-446.6179412301644,1.821800855837399,346.310823529413,446.6179412301644,True,100.30711770075135,24861.50082352941,346.310823529413,regional_service_production_index_Q,346.310823529413,1.4126377300335549
울산,보건 및 사회복지업,regional_service_production_index_Q,2024,3,18637.095142241382,24842.3215914967,24515.19,327.13159149670173,1.334403655434454,recursive_no_target_actual,24072.359973430834,-442.83002656916506,1.8063495594738,327.13159149670173,442.83002656916506,True,115.69843507246333,24842.3215914967,327.13159149670173,regional_service_production_index_Q,327.13159149670173,1.334403655434454
울산,보건 및 사회복지업,regional_service_production_index_Q,2024,4,24905.750153017245,24905.750153017245,24515.19,390.5601530172462,1.5931353296354065,recursive_no_target_actual,24169.287638611604,-345.90236138839464,1.410971570640059,390.5601530172462,345.90236138839464,False,-44.657791628851555,24169.287638611604,-345.90236138839464,baseline,345.90236138839464,1.410971570640059
울산,보건 및 사회복지업,regional_service_production_index_Q,2025,1,6351.6857591945745,25912.535280804692,26002.86,-90.32471919530872,0.34736455603463895,recursive_no_target_actual,25292.1956396668,-710.6643603332013,2.7330238301986833,90.32471919530872,710.6643603332013,True,620.3396411378926,25912.535280804692,-90.32471919530872,regional_service_production_index_Q,90.32471919530872,0.34736455603463895
울산,보건 및 사회복지업,regional_service_production_index_Q,2025,2,12728.556632422435,25780.22685393258,26002.86,-222.63314606741915,0.8561871504419866,recursive_no_target_actual,25485.007248062426,-517.8527519375748,1.99152228615458,222.63314606741915,517.8527519375748,True,295.21960587015565,25780.22685393258,-222.63314606741915,regional_service_production_index_Q,222.63314606741915,0.8561871504419866
울산,보건 및 사회복지업,regional_service_production_index_Q,2025,3,19337.13055475652,25841.245032948926,26002.86,-161.61496705107493,0.6215276590770205,recursive_no_target_actual,25445.108701881083,-557.7512981189175,2.144961354708357,161.61496705107493,557.7512981189175,True,396.13633106784255,25841.245032948926,-161.61496705107493,regional_service_production_index_Q,161.61496705107493,0.6215276590770205
울산,보건 및 사회복지업,regional_service_production_index_Q,2025,4,25960.815545510577,25960.815545510577,26002.86,-42.044454489423515,0.1616916542619678,recursive_no_target_actual,25561.32979543175,-441.53020456825107,1.6980063137987556,42.044454489423515,441.53020456825107,True,399.48575007882755,25960.815545510577,-42.044454489423515,regional_service_production_index_Q,42.044454489423515,0.1616916542619678
울산,부동산업,regional_service_production_index_L,2021,1,6466.9748,25090.10591658584,24416.199999999997,673.9059165858416,2.7600769840754977,recursive_no_target_actual,25710.282305729717,1294.0823057297202,5.300097090168497,673.9059165858416,1294.0823057297202,True,620.1763891438786,25090.10591658584,673.9059165858416,regional_service_production_index_L,673.9059165858416,2.7600769840754977
울산,부동산업,regional_service_production_index_L,2021,2,13263.516585000001,27179.337264344267,24416.199999999997,2763.13726434427,11.316819424579872,recursive_no_target_actual,25660.701779225117,1244.50177922512,5.097033032270051,2763.13726434427,1244.50177922512,False,-1518.6354851191502,25660.701779225117,1244.50177922512,baseline,1244.50177922512,5.09703303227005
울산,부동산업,regional_service_production_index_L,2021,3,20134.677310000003,27955.122957306492,24416.199999999997,3538.922957306495,14.494159440480074,recursive_no_target_actual,25436.00968737695,1019.8096873769535,4.1767747945091935,3538.922957306495,1019.8096873769535,False,-2519.1132699295413,25436.00968737695,1019.8096873769535,baseline,1019.8096873769535,4.1767747945091935
울산,부동산업,regional_service_production_index_L,2021,4,28075.376175,28075.376175,24416.199999999997,3659.176175000004,14.986673499561784,recursive_no_target_actual,25290.500747185637,874.3007471856399,3.580822352313791,3659.176175000004,874.3007471856399,False,-2784.8754278143642,25290.500747185637,874.3007471856399,baseline,874.3007471856399,3.5808223523137914
울산,부동산업,regional_service_production_index_L,2022,1,7235.631362126246,31412.380384615386,24144.34,7268.040384615386,30.10246038870968,recursive_no_target_actual,23979.66473022284,-164.6752697771626,0.6820450249506204,7268.040384615386,164.6752697771626,False,-7103.365114838223,23979.66473022284,-164.6752697771626,baseline,164.6752697771626,0.6820450249506204
울산,부동산업,regional_service_production_index_L,2022,2,15671.793488372092,33173.06497890295,24144.34,9028.724978902948,37.3947889190715,recursive_no_target_actual,23801.380428884444,-342.9595711155562,1.420455357717611,9028.724978902948,342.9595711155562,False,-8685.765407787392,23801.380428884444,-342.9595711155562,baseline,342.9595711155562,1.4204553577176107
울산,부동산업,regional_service_production_index_L,2022,3,23626.66174972314,32944.52680667077,24144.34,8800.186806670772,36.44823924228524,recursive_no_target_actual,23852.0849630756,-292.2550369244018,1.2104494756303208,8800.186806670772,292.2550369244018,False,-8507.93176974637,23852.0849630756,-292.2550369244018,baseline,292.2550369244018,1.2104494756303208
울산,부동산업,regional_service_production_index_L,2022,4,32289.951317829447,32289.951317829447,24144.34,8145.611317829447,33.737146336696085,recursive_no_target_actual,23934.34801081013,-209.99198918987167,0.8697358850557592,8145.611317829447,209.99198918987167,False,-7935.6193286395755,23934.34801081013,-209.99198918987167,baseline,209.99198918987167,0.8697358850557592
울산,부동산업,regional_service_production_index_L,2023,1,6303.973548819295,28132.306472346783,24667.97,3464.336472346782,14.043865272848887,recursive_no_target_actual,24166.806080339076,-501.1639196609249,2.0316382728733857,3464.336472346782,501.1639196609249,False,-2963.172552685857,24166.806080339076,-501.1639196609249,baseline,501.1639196609249,2.0316382728733857
울산,부동산업,regional_service_production_index_L,2023,2,13000.176369117402,26785.387543133194,24667.97,2117.4175431331932,8.58367163221454,recursive_no_target_actual,24237.76064018062,-430.2093598193824,1.7439998500864984,2117.4175431331932,430.2093598193824,False,-1687.2081833138109,24237.76064018062,-430.2093598193824,baseline,430.2093598193824,1.7439998500864984
울산,부동산업,regional_service_production_index_L,2023,3,19316.280720147384,26399.064357976655,24667.97,1731.0943579766536,7.017579306187957,recursive_no_target_actual,24318.78168528577,-349.18831471423255,1.415553508108825,1731.0943579766536,349.18831471423255,False,-1381.906043262421,24318.78168528577,-349.18831471423255,baseline,349.18831471423255,1.415553508108825
울산,부동산업,regional_service_production_index_L,2023,4,26481.541225925306,26481.541225925306,24667.97,1813.571225925305,7.351927320834689,recursive_no_target_actual,24358.20023479152,-309.76976520848257,1.2557570209809827,1813.571225925305,309.76976520848257,False,-1503.8014607168225,24358.20023479152,-309.76976520848257,baseline,309.76976520848257,1.2557570209809827
울산,사업서비스업,regional_service_production_index_M_N,2022,1,6623.675941048562,26864.669005389507,26052.49,812.1790053895056,3.117471709573655,recursive_no_target_actual,26339.2788978724,286.7888978724004,1.1008118528109996,812.1790053895056,286.7888978724004,False,-525.3901075171052,26339.2788978724,286.7888978724004,baseline,286.7888978724004,1.1008118528109996
울산,사업서비스업,regional_service_production_index_M_N,2022,2,13712.766059434645,26466.373849382137,26052.49,413.88384938213494,1.588653711726345,recursive_no_target_actual,26375.94726511063,323.4572651106282,1.241559885871286,413.88384938213494,323.4572651106282,False,-90.42658427150673,26375.94726511063,323.4572651106282,baseline,323.4572651106282,1.241559885871286
울산,사업서비스업,regional_service_production_index_M_N,2022,3,20065.207248127568,26994.92696245734,26052.49,942.4369624573374,3.6174544638817148,recursive_no_target_actual,26160.1445797527,107.65457975269965,0.4132218446401846,942.4369624573374,107.65457975269965,False,-834.7823827046377,26160.1445797527,107.65457975269965,baseline,107.65457975269965,0.41322184464018463
울산,사업서비스업,regional_service_production_index_M_N,2022,4,27067.99539985504,27067.99539985504,26052.49,1015.5053998550393,3.897920697234849,recursive_no_target_actual,26178.643417529103,126.15341752910172,0.484227870461141,1015.5053998550393,126.15341752910172,False,-889.3519823259376,26178.643417529103,126.15341752910172,baseline,126.15341752910172,0.484227870461141
울산,사업서비스업,regional_service_production_index_M_N,2023,1,5829.326218401276,23821.844043741276,27168.71,-3346.8659562587236,12.318825429174678,recursive_no_target_actual,27191.15386107621,22.44386107621176,0.0826092261142018,3346.8659562587236,22.44386107621176,False,-3324.422095182512,27191.15386107621,22.44386107621176,baseline,22.44386107621176,0.08260922611420182
울산,사업서비스업,regional_service_production_index_M_N,2023,2,12883.849245046687,25431.774347044284,27168.71,-1736.9356529557153,6.393147311579075,recursive_no_target_actual,27235.3831310054,66.67313100540196,0.2454041101156512,1736.9356529557153,66.67313100540196,False,-1670.2625219503134,27235.3831310054,66.67313100540196,baseline,66.67313100540196,0.24540411011565125
울산,사업서비스업,regional_service_production_index_M_N,2023,3,18677.576524709635,25196.07942242704,27168.71,-1972.6305775729597,7.26067074061654,recursive_no_target_actual,27325.07554537383,156.365545373832,0.5755354058909385,1972.6305775729597,156.365545373832,False,-1816.2650321991277,27325.07554537383,156.365545373832,baseline,156.365545373832,0.5755354058909385
울산,사업서비스업,regional_service_production_index_M_N,2023,4,26361.01413573218,26361.01413573218,27168.71,-807.6958642678183,2.972890005700743,recursive_no_target_actual,27355.681626034784,186.971626034785,0.6881873524167508,807.6958642678183,186.971626034785,False,-620.7242382330332,27355.681626034784,186.971626034785,baseline,186.971626034785,0.6881873524167508
울산,사업서비스업,regional_service_production_index_M_N,2024,1,6542.99340535674,29588.315216284984,28030.539999999997,1557.7752162849865,5.557421356438323,recursive_no_target_actual,27902.96457839109,-127.57542160890809,0.4551300888563263,1557.7752162849865,127.57542160890809,False,-1430.1997946760785,27902.96457839109,-127.57542160890809,baseline,127.57542160890809,0.45513008885632633
울산,사업서비스업,regional_service_production_index_M_N,2024,2,13914.562143821742,28469.905413308774,28030.539999999997,439.3654133087766,1.5674525475027477,recursive_no_target_actual,27683.222182711277,-347.3178172887201,1.2390693054387112,439.3654133087766,347.3178172887201,False,-92.04759602005652,27683.222182711277,-347.3178172887201,baseline,347.3178172887201,1.2390693054387112
울산,사업서비스업,regional_service_production_index_M_N,2024,3,20439.21070785505,28847.335824332906,28030.539999999997,816.7958243329085,2.9139496575267856,recursive_no_target_actual,27568.19406337054,-462.34593662945554,1.6494364240912076,816.7958243329085,462.34593662945554,False,-354.449887703453,27568.19406337054,-462.34593662945554,baseline,462.34593662945554,1.6494364240912076
울산,사업서비스업,regional_service_production_index_M_N,2024,4,28370.297106684673,28370.297106684673,28030.539999999997,339.7571066846758,1.2120961875321554,recursive_no_target_actual,27247.60185042624,-782.938149573758,2.7931611362954767,339.7571066846758,782.938149573758,True,443.18104288908216,28370.297106684673,339.7571066846758,regional_service_production_index_M_N,339.7571066846758,1.2120961875321554
울산,사업서비스업,regional_service_production_index_M_N,2025,1,6830.159601250134,29615.44436448598,29005.3,610.1443644859792,2.103561640410474,recursive_no_target_actual,26755.99459711977,-2249.305402880229,7.754808269110228,610.1443644859792,2249.305402880229,True,1639.1610383942498,29615.44436448598,610.1443644859792,regional_service_production_index_M_N,610.1443644859792,2.103561640410474
울산,사업서비스업,regional_service_production_index_M_N,2025,2,14185.948468584977,28923.62466271149,29005.3,-81.67533728851049,0.2815876315311701,recursive_no_target_actual,26825.08370319612,-2180.2162968038792,7.516613504441875,81.67533728851049,2180.2162968038792,True,2098.5409595153687,28923.62466271149,-81.67533728851049,regional_service_production_index_M_N,81.67533728851049,0.2815876315311701
울산,사업서비스업,regional_service_production_index_M_N,2025,3,21614.237924345292,30001.27355272999,29005.3,995.973552729989,3.433764011163439,recursive_no_target_actual,27124.15797875043,-1881.142021249565,6.48551134189119,995.973552729989,1881.142021249565,True,885.168468519576,30001.27355272999,995.973552729989,regional_service_production_index_M_N,995.973552729989,3.433764011163439
울산,사업서비스업,regional_service_production_index_M_N,2025,4,30102.84848582821,30102.84848582821,29005.3,1097.5484858282107,3.7839584001138094,recursive_no_target_actual,27232.656575941983,-1772.6434240580163,6.11144661168137,1097.5484858282107,1772.6434240580163,True,675.0949382298056,30102.84848582821,1097.5484858282107,regional_service_production_index_M_N,1097.5484858282107,3.7839584001138094
울산,서비스업,regional_service_production_index_T,2024,1,51958.7248747506,213466.1274225865,214545.93,-1079.8025774135021,0.503296696149632,recursive_no_target_actual,212552.68035133003,-1993.2496486699383,0.9290549807539756,1079.8025774135021,1993.2496486699383,True,913.4470712564362,213466.1274225865,-1079.8025774135021,regional_service_production_index_T,1079.8025774135021,0.503296696149632
울산,서비스업,regional_service_production_index_T,2024,2,105758.32574152072,213456.73710067113,214545.93,-1089.1928993288602,0.5076735314106682,recursive_no_target_actual,212363.31248011804,-2182.617519881954,1.017319470885304,1089.1928993288602,2182.617519881954,True,1093.424620553094,213456.73710067113,-1089.1928993288602,regional_service_production_index_T,1089.1928993288602,0.5076735314106682
울산,서비스업,regional_service_production_index_T,2024,3,157256.83161826644,212518.14482624325,214545.93,-2027.7851737567398,0.9451520118590644,recursive_no_target_actual,212577.57942220417,-1968.350577795849,0.917449507336657,2027.7851737567398,1968.350577795849,False,-59.434595960890874,212577.57942220417,-1968.350577795849,baseline,1968.350577795849,0.917449507336657
울산,서비스업,regional_service_production_index_T,2024,4,211608.6952826424,211608.6952826424,214545.93,-2937.2347173575836,1.369047046176818,recursive_no_target_actual,212153.43607589023,-2392.493924109731,1.1151430018316968,2937.2347173575836,2392.493924109731,False,-544.7407932478527,212153.43607589023,-2392.493924109731,baseline,2392.493924109731,1.1151430018316968
울산,서비스업,regional_service_production_index_T,2025,1,52493.29518268812,213785.80270150575,219141.43,-5355.627298494248,2.443913639923883,recursive_no_target_actual,213159.6927160213,-5981.7372839786985,2.729624098911237,5355.627298494248,5981.7372839786985,True,626.1099854844506,213785.80270150575,-5355.627298494248,regional_service_production_index_T,5355.627298494248,2.443913639923883
울산,서비스업,regional_service_production_index_T,2025,2,106619.7151043932,213332.22369451693,219141.43,-5809.206305483065,2.6508936742281297,recursive_no_target_actual,213978.74553614008,-5162.684463859914,2.355868748259931,5809.206305483065,5162.684463859914,False,-646.521841623151,213978.74553614008,-5162.684463859914,baseline,5162.684463859914,2.3558687482599314
울산,서비스업,regional_service_production_index_T,2025,3,161352.724214876,217120.2300087796,219141.43,-2021.1999912204046,0.9223267326586327,recursive_no_target_actual,215283.3797771568,-3858.050222843216,1.7605298198716768,2021.1999912204046,3858.050222843216,True,1836.8502316228114,217120.2300087796,-2021.1999912204046,regional_service_production_index_T,2021.1999912204046,0.9223267326586327
울산,서비스업,regional_service_production_index_T,2025,4,218045.48301217917,218045.48301217917,219141.43,-1095.9469878208183,0.500109444307641,recursive_no_target_actual,215680.07256861727,-3461.357431382726,1.57950846235818,1095.9469878208183,3461.357431382726,True,2365.410443561908,218045.48301217917,-1095.9469878208183,regional_service_production_index_T,1095.9469878208183,0.500109444307641
울산,숙박 및 음식점업,regional_service_production_index_I,2021,1,1792.7336699999996,7454.194054054054,9137.46,-1683.2659459459455,18.421595782043866,recursive_no_target_actual,7546.148265989686,-1591.3117340103136,17.415252531998103,1683.2659459459455,1591.3117340103136,False,-91.95421193563197,7546.148265989686,-1591.3117340103136,baseline,1591.3117340103136,17.415252531998103
울산,숙박 및 음식점업,regional_service_production_index_I,2021,2,4128.32198,8273.190340681362,9137.46,-864.2696593186374,9.45853288899363,recursive_no_target_actual,8218.320188725587,-919.1398112744118,10.059029656758137,864.2696593186374,919.1398112744118,True,54.87015195577442,8273.190340681362,-864.2696593186374,regional_service_production_index_I,864.2696593186374,9.45853288899363
울산,숙박 및 음식점업,regional_service_production_index_I,2021,3,6371.975229999999,8392.45996707277,9137.46,-745.0000329272298,8.153250826019812,recursive_no_target_actual,8610.009181258776,-527.450818741223,5.772400850359104,745.0000329272298,527.450818741223,False,-217.5492141860068,8610.009181258776,-527.450818741223,baseline,527.450818741223,5.772400850359104
울산,숙박 및 음식점업,regional_service_production_index_I,2021,4,8862.97757,8862.97757,9137.46,-274.48243,3.0039248325026873,recursive_no_target_actual,9233.4324572094,95.97245720940008,1.050318767024973,274.48243,95.97245720940008,False,-178.50997279059993,9233.4324572094,95.97245720940008,baseline,95.97245720940008,1.0503187670249727
울산,숙박 및 음식점업,regional_service_production_index_I,2023,1,2597.681244867085,12938.074402583425,10016.59,2921.4844025834245,29.166456873880474,recursive_no_target_actual,11446.191431275229,1429.6014312752286,14.272336506488022,2921.4844025834245,1429.6014312752286,False,-1491.882971308196,11446.191431275229,1429.6014312752286,baseline,1429.6014312752286,14.272336506488022
울산,숙박 및 음식점업,regional_service_production_index_I,2023,2,5255.874199265182,11054.059054545454,10016.59,1037.4690545454541,10.357507440610568,recursive_no_target_actual,10386.97968626598,370.3896862659785,3.6977622750454846,1037.4690545454541,370.3896862659785,False,-667.0793682794756,10386.97968626598,370.3896862659785,baseline,370.3896862659785,3.6977622750454846
울산,숙박 및 음식점업,regional_service_production_index_I,2023,3,7898.939226280528,10787.60088547816,10016.59,771.0108854781593,7.697338969431305,recursive_no_target_actual,10011.209241411812,-5.380758588187746,0.0537184669452153,771.0108854781593,5.380758588187746,False,-765.6301268899715,10011.209241411812,-5.380758588187746,baseline,5.380758588187746,0.05371846694521534
울산,숙박 및 음식점업,regional_service_production_index_I,2023,4,10760.278634104172,10760.278634104172,10016.59,743.6886341041718,7.42456898110207,recursive_no_target_actual,9858.448030448077,-158.14196955192529,1.5788004655469103,743.6886341041718,158.14196955192529,False,-585.5466645522465,9858.448030448077,-158.14196955192529,baseline,158.14196955192529,1.5788004655469103
울산,숙박 및 음식점업,regional_service_production_index_I,2024,1,2391.991466157863,9908.257495840266,10067.46,-159.2025041597335,1.5813572058864256,recursive_no_target_actual,9941.33066323362,-126.12933676638022,1.2528416975719818,159.2025041597335,126.12933676638022,False,-33.07316739335329,9941.33066323362,-126.12933676638022,baseline,126.12933676638022,1.2528416975719818
울산,숙박 및 음식점업,regional_service_production_index_I,2024,2,4741.735816429002,9707.690226151315,10067.46,-359.76977384868405,3.5735902983342775,recursive_no_target_actual,9889.166766180691,-178.2932338193059,1.770985271551175,359.76977384868405,178.2932338193059,False,-181.47654002937816,9889.166766180691,-178.2932338193059,baseline,178.2932338193059,1.770985271551175
울산,숙박 및 음식점업,regional_service_production_index_I,2024,3,7127.691980317333,9709.652084815321,10067.46,-357.80791518467777,3.5541031718494813,recursive_no_target_actual,9792.848549981169,-274.61145001883233,2.727713345956501,357.80791518467777,274.61145001883233,False,-83.19646516584544,9792.848549981169,-274.61145001883233,baseline,274.61145001883233,2.727713345956501
울산,숙박 및 음식점업,regional_service_production_index_I,2024,4,9642.401259289012,9642.401259289012,10067.46,-425.05874071098697,4.2221050861983755,recursive_no_target_actual,9710.25828738516,-357.2017126148403,3.5480817665512485,425.05874071098697,357.2017126148403,False,-67.85702809614668,9710.25828738516,-357.2017126148403,baseline,357.2017126148403,3.5480817665512485
울산,숙박 및 음식점업,regional_service_production_index_I,2025,1,2405.016002503651,9694.9047098402,10012.42,-317.5152901597994,3.1712142534951533,recursive_no_target_actual,9387.814577752322,-624.6054222476778,6.238306246119098,317.5152901597994,624.6054222476778,True,307.0901320878784,9694.9047098402,-317.5152901597994,regional_service_production_index_I,317.5152901597994,3.1712142534951533
울산,숙박 및 음식점업,regional_service_production_index_I,2025,2,4795.328850406843,9751.38361476453,10012.42,-261.0363852354694,2.6071258021084756,recursive_no_target_actual,9467.13347727306,-545.2865227269394,5.44610116961673,261.0363852354694,545.2865227269394,True,284.25013749147,9751.38361476453,-261.0363852354694,regional_service_production_index_I,261.0363852354694,2.6071258021084756
울산,숙박 및 음식점업,regional_service_production_index_I,2025,3,7305.367385770916,9882.762032176122,10012.42,-129.6579678238777,1.2949713238545495,recursive_no_target_actual,9611.39984111676,-401.0201588832406,4.005227096778207,129.6579678238777,401.0201588832406,True,271.3621910593629,9882.762032176122,-129.6579678238777,regional_service_production_index_I,129.6579678238777,1.2949713238545495
울산,숙박 및 음식점업,regional_service_production_index_I,2025,4,9977.140621740038,9977.140621740038,10012.42,-35.27937825996196,0.35235615625355265,recursive_no_target_actual,9652.012904562547,-360.4070954374529,3.5996002508629568,35.27937825996196,360.4070954374529,True,325.1277171774909,9977.140621740038,-35.27937825996196,regional_service_production_index_I,35.27937825996196,0.35235615625355265
울산,운수 및 창고업,regional_service_production_index_H,2021,1,4413.86862,17326.275250245337,19182.5,-1856.2247497546632,9.676657108065493,recursive_no_target_actual,17646.673139567454,-1535.8268604325458,8.006395727525327,1856.2247497546632,1535.8268604325458,False,-320.3978893221174,17646.673139567454,-1535.8268604325458,baseline,1535.8268604325458,8.006395727525327
울산,운수 및 창고업,regional_service_production_index_H,2021,2,9027.159015000001,18018.28146706587,19182.5,-1164.21853293413,6.069169987927173,recursive_no_target_actual,19358.054037698323,175.55403769832265,0.9151780930448205,1164.21853293413,175.55403769832265,False,-988.6644952358074,19358.054037698323,175.55403769832265,baseline,175.55403769832265,0.9151780930448203
울산,운수 및 창고업,regional_service_production_index_H,2021,3,13618.291434999997,18291.862236400266,19182.5,-890.6377635997342,4.6429702259858425,recursive_no_target_actual,19506.554665347507,324.05466534750667,1.6893244642122072,890.6377635997342,324.05466534750667,False,-566.5830982522275,19506.554665347507,324.05466534750667,baseline,324.05466534750667,1.6893244642122072
울산,운수 및 창고업,regional_service_production_index_H,2021,4,18510.772315,18510.772315,19182.5,-671.7276850000017,3.5017734132673097,recursive_no_target_actual,19652.63568669964,470.13568669963934,2.4508572224665155,671.7276850000017,470.13568669963934,False,-201.59199830036232,19652.63568669964,470.13568669963934,baseline,470.13568669963934,2.4508572224665155
울산,운수 및 창고업,regional_service_production_index_H,2022,1,4964.39609767776,20819.560742971888,19197.09,1622.4707429718874,8.451649406091692,recursive_no_target_actual,20602.518314251312,1405.4283142513125,7.321048733174207,1622.4707429718874,1405.4283142513125,False,-217.0424287205749,20602.518314251312,1405.4283142513125,baseline,1405.4283142513125,7.321048733174207
울산,운수 및 창고업,regional_service_production_index_H,2022,2,10117.081039023224,20745.727785959745,19197.09,1548.637785959745,8.06704446330014,recursive_no_target_actual,20958.77884140098,1761.688841400981,9.176853582501208,1548.637785959745,1761.688841400981,True,213.0510554412358,20745.727785959745,1548.637785959745,regional_service_production_index_H,1548.637785959745,8.06704446330014
울산,운수 및 창고업,regional_service_production_index_H,2022,3,15315.690088580322,20817.975105759848,19197.09,1620.8851057598476,8.443389627072893,recursive_no_target_actual,21383.376753360662,2186.2867533606623,11.3886362639372,1620.8851057598476,2186.2867533606623,True,565.4016476008146,20817.975105759848,1620.8851057598476,regional_service_production_index_H,1620.8851057598476,8.443389627072893
울산,운수 및 창고업,regional_service_production_index_H,2022,4,20642.88664113,20642.88664113,19197.09,1445.7966411300004,7.531332306771497,recursive_no_target_actual,21636.685240508217,2439.5952405082135,12.708151290160194,1445.7966411300004,2439.5952405082135,True,993.7985993782131,20642.88664113,1445.7966411300004,regional_service_production_index_H,1445.7966411300004,7.531332306771497
울산,운수 및 창고업,regional_service_production_index_H,2023,1,4924.19238487208,20475.7120906568,21318.879999999997,-843.1679093431958,3.9550291072664034,recursive_no_target_actual,21566.144119664863,247.2641196648656,1.1598363500562208,843.1679093431958,247.2641196648656,False,-595.9037896783302,21566.144119664863,247.2641196648656,baseline,247.2641196648656,1.1598363500562208
울산,운수 및 창고업,regional_service_production_index_H,2023,2,10027.756912124583,20460.629741261913,21318.879999999997,-858.2502587380841,4.025775550770416,recursive_no_target_actual,22668.40127626291,1349.5212762629126,6.330169672435479,858.2502587380841,1349.5212762629126,True,491.2710175248285,20460.629741261913,-858.2502587380841,regional_service_production_index_H,858.2502587380841,4.025775550770416
울산,운수 및 창고업,regional_service_production_index_H,2023,3,15016.010776418243,20238.971046476763,21318.879999999997,-1079.9089535232342,5.065505099344967,recursive_no_target_actual,22819.790036051247,1500.910036051249,7.040285587475747,1079.9089535232342,1500.910036051249,True,421.0010825280149,20238.971046476763,-1079.9089535232342,regional_service_production_index_H,1079.9089535232342,5.065505099344967
울산,운수 및 창고업,regional_service_production_index_H,2023,4,20162.282956618466,20162.282956618466,21318.879999999997,-1156.597043381531,5.425224230266933,recursive_no_target_actual,22774.98444204908,1456.1044420490834,6.830116976356561,1156.597043381531,1456.1044420490834,True,299.5073986675525,20162.282956618466,-1156.597043381531,regional_service_production_index_H,1156.597043381531,5.425224230266933
울산,운수 및 창고업,regional_service_production_index_H,2024,1,5306.012285532725,21725.658282740675,24393.74,-2668.081717259327,10.937567249873643,recursive_no_target_actual,26828.567462498577,2434.827462498575,9.981361867834025,2668.081717259327,2434.827462498575,False,-233.2542547607518,26828.567462498577,2434.827462498575,baseline,2434.827462498575,9.981361867834023
울산,운수 및 창고업,regional_service_production_index_H,2024,2,10914.580165219231,21945.371788756383,24393.74,-2448.368211243618,10.036870981012415,recursive_no_target_actual,25460.67917108301,1066.9391710830096,4.373823657557264,2448.368211243618,1066.9391710830096,False,-1381.4290401606086,25460.67917108301,1066.9391710830096,baseline,1066.9391710830096,4.373823657557264
울산,운수 및 창고업,regional_service_production_index_H,2024,3,16252.202736708321,21822.141387940836,24393.74,-2571.598612059166,10.542043212968434,recursive_no_target_actual,25149.64395484995,755.9039548499495,3.0987620383342183,2571.598612059166,755.9039548499495,False,-1815.6946572092165,25149.64395484995,755.9039548499495,baseline,755.9039548499495,3.0987620383342183
울산,운수 및 창고업,regional_service_production_index_H,2024,4,21910.443922897684,21910.443922897684,24393.74,-2483.296077102317,10.180054707077787,recursive_no_target_actual,24849.85871584784,456.1187158478387,1.8698187151615075,2483.296077102317,456.1187158478387,False,-2027.1773612544785,24849.85871584784,456.1187158478387,baseline,456.1187158478387,1.8698187151615073
울산,운수 및 창고업,regional_service_production_index_H,2025,1,5826.946549876341,24061.56992340426,25407.46,-1345.8900765957405,5.297224030248363,recursive_no_target_actual,25714.069456806956,306.6094568069566,1.2067694165688212,1345.8900765957405,306.6094568069566,False,-1039.280619788784,25714.069456806956,306.6094568069566,baseline,306.6094568069566,1.2067694165688212
울산,운수 및 창고업,regional_service_production_index_H,2025,2,12096.318722176424,24282.721737691358,25407.46,-1124.7382623086414,4.4268032393188514,recursive_no_target_actual,25646.678327710495,239.2183277104959,0.9415279123158944,1124.7382623086414,239.2183277104959,False,-885.5199345981455,25646.678327710495,239.2183277104959,baseline,239.2183277104959,0.9415279123158944
울산,운수 및 창고업,regional_service_production_index_H,2025,3,18250.05692497939,24603.855570991946,25407.46,-803.6044290080536,3.1628680277684333,recursive_no_target_actual,25534.30112907446,126.84112907446251,0.4992279002877994,803.6044290080536,126.84112907446251,False,-676.763299933591,25534.30112907446,126.84112907446251,baseline,126.84112907446251,0.49922790028779945
울산,운수 및 창고업,regional_service_production_index_H,2025,4,24368.60218054411,24368.60218054411,25407.46,-1038.8578194558904,4.088790534181262,recursive_no_target_actual,25406.64304733428,-0.8169526657184178,0.0032154047107362,1038.8578194558904,0.8169526657184178,False,-1038.040866790172,25406.64304733428,-0.8169526657184178,baseline,0.8169526657184178,0.0032154047107362084
울산,정보통신업,regional_service_production_index_J,2021,1,1571.8841249999998,6370.351063829786,7172.59,-802.2389361702144,11.184787310723385,recursive_no_target_actual,6935.275834595352,-237.31416540464852,3.308625829786012,802.2389361702144,237.31416540464852,False,-564.9247707655659,6935.275834595352,-237.31416540464852,baseline,237.31416540464852,3.308625829786012
울산,정보통신업,regional_service_production_index_J,2021,2,3186.7430000000004,6608.07257646449,7172.59,-564.5174235355098,7.870482260041488,recursive_no_target_actual,7028.053257940487,-144.53674205951302,2.015126224411447,564.5174235355098,144.53674205951302,False,-419.9806814759968,7028.053257940487,-144.53674205951302,baseline,144.53674205951302,2.015126224411447
울산,정보통신업,regional_service_production_index_J,2021,3,4826.395,6738.422338568936,7172.59,-434.1676614310645,6.053150416112793,recursive_no_target_actual,7152.429319673376,-20.16068032662406,0.28107950303341,434.1676614310645,20.16068032662406,False,-414.00698110444046,7152.429319673376,-20.16068032662406,baseline,20.16068032662406,0.28107950303341
울산,정보통신업,regional_service_production_index_J,2021,4,6765.217375,6765.217375,7172.59,-407.37262499999997,5.679574951307686,recursive_no_target_actual,7212.037854322858,39.44785432285789,0.549980611227714,407.37262499999997,39.44785432285789,False,-367.9247706771421,7212.037854322858,39.44785432285789,baseline,39.44785432285789,0.549980611227714
울산,정보통신업,regional_service_production_index_J,2022,1,1801.4714194967016,7753.335983175605,7522.360000000001,230.9759831756046,3.0705255156042064,recursive_no_target_actual,7396.562228283768,-125.797771716233,1.6723178858261634,230.9759831756046,125.797771716233,False,-105.1782114593716,7396.562228283768,-125.797771716233,baseline,125.797771716233,1.6723178858261634
울산,정보통신업,regional_service_production_index_J,2022,2,3653.762558025898,7756.6650155601665,7522.360000000001,234.30501556016588,3.114780674684087,recursive_no_target_actual,7433.080884825401,-89.27911517459961,1.1868498074354272,234.30501556016588,89.27911517459961,False,-145.02590038556627,7433.080884825401,-89.27911517459961,baseline,89.27911517459961,1.1868498074354272
울산,정보통신업,regional_service_production_index_J,2022,3,5381.633005130712,7543.501332191782,7522.360000000001,21.141332191781657,0.2810465358183024,recursive_no_target_actual,7413.865852266487,-108.49414773351327,1.4422886930898449,21.141332191781657,108.49414773351327,True,87.35281554173162,7543.501332191782,21.141332191781657,regional_service_production_index_J,21.141332191781657,0.2810465358183024
울산,정보통신업,regional_service_production_index_J,2022,4,7421.431382848767,7421.431382848767,7522.360000000001,-100.928617151234,1.3417147963037395,recursive_no_target_actual,7339.63848895098,-182.7215110490206,2.429045021097376,100.928617151234,182.7215110490206,True,81.7928938977866,7421.431382848767,-100.928617151234,regional_service_production_index_J,100.928617151234,1.3417147963037395
울산,정보통신업,regional_service_production_index_J,2023,1,1763.8024746162928,7266.248521400778,7454.25,-188.00147859922163,2.522071014511475,recursive_no_target_actual,7937.771977731032,483.52197773103217,6.4865275209582745,188.00147859922163,483.52197773103217,True,295.52049913181054,7266.248521400778,-188.00147859922163,regional_service_production_index_J,188.00147859922163,2.522071014511475
울산,정보통신업,regional_service_production_index_J,2023,2,3449.4505596221957,7006.437947242206,7454.25,-447.81205275779394,6.007472955130214,recursive_no_target_actual,7727.077325885978,272.8273258859781,3.660023823804918,447.81205275779394,272.8273258859781,False,-174.98472687181584,7727.077325885978,272.8273258859781,baseline,272.8273258859781,3.660023823804918
울산,정보통신업,regional_service_production_index_J,2023,3,5223.910451003543,7203.927307066103,7454.25,-250.3226929338971,3.3581204404721747,recursive_no_target_actual,7739.086952898107,284.8369528981066,3.8211349619090664,250.3226929338971,284.8369528981066,True,34.51425996420949,7203.927307066103,-250.3226929338971,regional_service_production_index_J,250.3226929338971,3.3581204404721747
울산,정보통신업,regional_service_production_index_J,2023,4,7305.659192443921,7305.659192443921,7454.25,-148.5908075560792,1.9933703264054625,recursive_no_target_actual,7763.311307097081,309.0613070970812,4.146108690976036,148.5908075560792,309.0613070970812,True,160.47049954100203,7305.659192443921,-148.5908075560792,regional_service_production_index_J,148.5908075560792,1.9933703264054625
울산,정보통신업,regional_service_production_index_J,2024,1,1721.7450765864332,7131.457703927493,7642.7,-511.2422960725071,6.689289074181993,recursive_no_target_actual,7957.387572003661,314.68757200366144,4.117492142877013,511.2422960725071,314.68757200366144,False,-196.55472406884564,7957.387572003661,314.68757200366144,baseline,314.68757200366144,4.117492142877013
울산,정보통신업,regional_service_production_index_J,2024,2,3642.8501094091903,7715.2639031925855,7642.7,72.56390319258571,0.9494537688589859,recursive_no_target_actual,7850.049856124698,207.3498561246979,2.713044553949493,72.56390319258571,207.3498561246979,True,134.7859529321122,7715.2639031925855,72.56390319258571,regional_service_production_index_J,72.56390319258571,0.9494537688589859
울산,정보통신업,regional_service_production_index_J,2024,3,5449.776258205689,7621.53340700442,7642.7,-21.166592995579776,0.27695177091315604,recursive_no_target_actual,7814.369628647681,171.66962864768084,2.24619085725831,21.166592995579776,171.66962864768084,True,150.50303565210106,7621.53340700442,-21.166592995579776,regional_service_production_index_J,21.166592995579776,0.27695177091315604
울산,정보통신업,regional_service_production_index_J,2024,4,7604.6761487965,7604.6761487965,7642.7,-38.02385120350027,0.4975185628573707,recursive_no_target_actual,7799.137169647536,156.4371696475364,2.0468835574801627,38.02385120350027,156.4371696475364,True,118.41331844403612,7604.6761487965,-38.02385120350027,regional_service_production_index_J,38.02385120350027,0.4975185628573707
울산,정보통신업,regional_service_production_index_J,2025,1,1744.925309818875,7707.059578947367,8091.280000000001,-384.22042105263336,4.748574033436407,recursive_no_target_actual,7880.415614506123,-210.8643854938773,2.606069564937529,384.22042105263336,210.8643854938773,False,-173.35603555875605,7880.415614506123,-210.8643854938773,baseline,210.8643854938773,2.606069564937529
울산,정보통신업,regional_service_production_index_J,2025,2,3706.6002144899903,7737.758457711442,8091.280000000001,-353.5215422885585,4.369167082199089,recursive_no_target_actual,7958.501242580663,-132.77875741933804,1.6410105375087505,353.5215422885585,132.77875741933804,False,-220.7427848692205,7958.501242580663,-132.77875741933804,baseline,132.77875741933804,1.6410105375087505
울산,정보통신업,regional_service_production_index_J,2025,3,5883.20328884652,8209.484868639842,8091.280000000001,118.20486863984115,1.4608920793723754,recursive_no_target_actual,7961.181646415199,-130.09835358480177,1.6078834694238957,118.20486863984115,130.09835358480177,True,11.893484944960619,8209.484868639842,118.20486863984115,regional_service_production_index_J,118.20486863984115,1.4608920793723754
울산,정보통신업,regional_service_production_index_J,2025,4,8074.377764537655,8074.377764537655,8091.280000000001,-16.902235462345743,0.20889445751902966,recursive_no_target_actual,7961.154530965041,-130.12546903495968,1.60821858883835,16.902235462345743,130.12546903495968,True,113.22323357261394,8074.377764537655,-16.902235462345743,regional_service_production_index_J,16.902235462345743,0.20889445751902966
인천,건설업,regional_construction_orders_bok_12_24q,2021,1,19000.15159919233,80425.39937302252,74224.24,6201.159373022514,8.354628316871299,recursive_no_target_actual,63260.80343866595,-10963.436561334056,14.77069561282683,6201.159373022514,10963.436561334056,True,4762.277188311542,80425.39937302252,6201.159373022514,regional_construction_orders_bok_12_24q,6201.159373022514,8.354628316871299
인천,건설업,regional_construction_orders_bok_12_24q,2021,2,38209.774333855814,79680.4765654408,74224.24,5456.236565440791,7.351017087464676,recursive_no_target_actual,63307.52918887851,-10916.710811121498,14.707743469143637,5456.236565440791,10916.710811121498,True,5460.474245680707,79680.4765654408,5456.236565440791,regional_construction_orders_bok_12_24q,5456.236565440791,7.351017087464676
인천,건설업,regional_construction_orders_bok_12_24q,2021,3,57917.11569329616,80096.36455622208,74224.24,5872.124556222072,7.911329986298372,recursive_no_target_actual,63694.093142811325,-10530.14685718868,14.186937929157212,5872.124556222072,10530.14685718868,True,4658.022300966608,80096.36455622208,5872.124556222072,regional_construction_orders_bok_12_24q,5872.124556222072,7.911329986298372
인천,건설업,regional_construction_orders_bok_12_24q,2021,4,78464.93603521587,78464.93603521587,74224.24,4240.696035215864,5.713357301086361,recursive_no_target_actual,64274.846619056814,-9949.393380943193,13.404506911681668,4240.696035215864,9949.393380943193,True,5708.697345727329,78464.93603521587,4240.696035215864,regional_construction_orders_bok_12_24q,4240.696035215864,5.713357301086361
인천,건설업,regional_construction_orders_bok_12_24q,2022,1,18856.750515024705,77872.73250263608,79674.53,-1801.7974973639211,2.2614472873124214,recursive_no_target_actual,74232.13288100803,-5442.3971189919685,6.830786600174446,1801.7974973639211,5442.3971189919685,True,3640.5996216280473,77872.73250263608,-1801.7974973639211,regional_construction_orders_bok_12_24q,1801.7974973639211,2.2614472873124214
인천,건설업,regional_construction_orders_bok_12_24q,2022,2,37921.100535383724,77872.13559273627,79674.53,-1802.3944072637241,2.262196472654089,recursive_no_target_actual,73853.48660792131,-5821.043392078689,7.306027901361563,1802.3944072637241,5821.043392078689,True,4018.648984814965,77872.13559273627,-1802.3944072637241,regional_construction_orders_bok_12_24q,1802.3944072637241,2.262196472654089
인천,건설업,regional_construction_orders_bok_12_24q,2022,3,56729.70965230402,76856.26236528273,79674.53,-2818.2676347172674,3.5372253023861795,recursive_no_target_actual,74548.4543759808,-5126.075624019199,6.4337695170830616,2818.2676347172674,5126.075624019199,True,2307.8079893019312,76856.26236528273,-2818.2676347172674,regional_construction_orders_bok_12_24q,2818.2676347172674,3.5372253023861795
인천,건설업,regional_construction_orders_bok_12_24q,2022,4,73064.28118860818,73064.28118860818,79674.53,-6610.2488113918225,8.296564550041051,recursive_no_target_actual,74960.02215249292,-4714.507847507077,5.917208231422359,6610.2488113918225,4714.507847507077,False,-1895.7409638847457,74960.02215249292,-4714.507847507077,baseline,4714.507847507077,5.917208231422359
인천,건설업,regional_construction_orders_bok_12_24q,2023,1,17239.672247564125,66798.58545574121,71611.20000000001,-4812.614544258802,6.720477445230356,recursive_no_target_actual,81416.90382296305,9805.703822963042,13.69297515327636,4812.614544258802,9805.703822963042,True,4993.089278704239,66798.58545574121,-4812.614544258802,regional_construction_orders_bok_12_24q,4812.614544258802,6.720477445230356
인천,건설업,regional_construction_orders_bok_12_24q,2023,2,34137.2397005832,65773.74720860248,71611.20000000001,-5837.452791397533,8.151591917741264,recursive_no_target_actual,80453.84337896002,8842.643378960012,12.3481290342293,5837.452791397533,8842.643378960012,True,3005.19058756248,65773.74720860248,-5837.452791397533,regional_construction_orders_bok_12_24q,5837.452791397533,8.151591917741264
인천,건설업,regional_construction_orders_bok_12_24q,2023,3,50430.192592930456,64950.901292968054,71611.20000000001,-6660.298707031958,9.300638317793803,recursive_no_target_actual,80405.26870723764,8794.068707237631,12.280297924399578,6660.298707031958,8794.068707237631,True,2133.7700002056736,64950.901292968054,-6660.298707031958,regional_construction_orders_bok_12_24q,6660.298707031958,9.300638317793803
인천,건설업,regional_construction_orders_bok_12_24q,2023,4,65054.69926115348,65054.69926115348,71611.20000000001,-6556.500738846531,9.155691761688855,recursive_no_target_actual,79213.33903888472,7602.139038884707,10.61585204393266,6556.500738846531,7602.139038884707,True,1045.6383000381757,65054.69926115348,-6556.500738846531,regional_construction_orders_bok_12_24q,6556.500738846531,9.155691761688855
인천,건설업,regional_construction_orders_bok_12_24q,2024,1,15789.679411064475,59583.084339782814,65911.27,-6328.18566021719,9.601067708477155,recursive_no_target_actual,82001.60883341348,16090.33883341348,24.41212076995858,6328.18566021719,16090.33883341348,True,9762.15317319629,59583.084339782814,-6328.18566021719,regional_construction_orders_bok_12_24q,6328.18566021719,9.601067708477155
인천,건설업,regional_construction_orders_bok_12_24q,2024,2,32030.499068733323,61039.92303939866,65911.27,-4871.346960601346,7.390764827625603,recursive_no_target_actual,79997.13159161796,14085.861591617955,21.370945502366975,4871.346960601346,14085.861591617955,True,9214.51463101661,61039.92303939866,-4871.346960601346,regional_construction_orders_bok_12_24q,4871.346960601346,7.390764827625603
인천,건설업,regional_construction_orders_bok_12_24q,2024,3,48623.61689705076,62724.225540050975,65911.27,-3187.0444599490293,4.835355865467362,recursive_no_target_actual,77931.3033655204,12020.0333655204,18.23668906018713,3187.0444599490293,12020.0333655204,True,8832.98890557137,62724.225540050975,-3187.0444599490293,regional_construction_orders_bok_12_24q,3187.0444599490293,4.835355865467362
인천,건설업,regional_construction_orders_bok_12_24q,2024,4,63907.87145296076,63907.87145296076,65911.27,-2003.3985470392436,3.0395386813806553,recursive_no_target_actual,76802.0468628618,10890.776862861792,16.52339101167644,2003.3985470392436,10890.776862861792,True,8887.378315822549,63907.87145296076,-2003.3985470392436,regional_construction_orders_bok_12_24q,2003.3985470392436,3.0395386813806553
인천,건설업,regional_construction_orders_bok_12_24q,2025,1,15474.39317857651,62631.76751872826,62956.79,-325.02248127174244,0.5162627911488855,recursive_no_target_actual,67346.51636369045,4389.726363690446,6.972601944429578,325.02248127174244,4389.726363690446,True,4064.703882418704,62631.76751872826,-325.02248127174244,regional_construction_orders_bok_12_24q,325.02248127174244,0.5162627911488855
인천,건설업,regional_construction_orders_bok_12_24q,2025,2,30689.719337656887,61232.721792741715,62956.79,-1724.0682072582858,2.738494461452507,recursive_no_target_actual,68168.90858833668,5212.118588336678,8.278882370490424,1724.0682072582858,5212.118588336678,True,3488.050381078392,61232.721792741715,-1724.0682072582858,regional_construction_orders_bok_12_24q,1724.0682072582858,2.738494461452507
인천,건설업,regional_construction_orders_bok_12_24q,2025,3,46156.931341463256,60665.81268684452,62956.79,-2290.977313155483,3.638967795460161,recursive_no_target_actual,69301.67868863327,6344.888688633269,10.078164227612731,2290.977313155483,6344.888688633269,True,4053.9113754777864,60665.81268684452,-2290.977313155483,regional_construction_orders_bok_12_24q,2290.977313155483,3.638967795460161
인천,건설업,regional_construction_orders_bok_12_24q,2025,4,62112.42089592641,62112.42089592641,62956.79,-844.3691040735939,1.3411883040313743,recursive_no_target_actual,69745.2224297809,6788.4324297809,10.782685123845894,844.3691040735939,6788.4324297809,True,5944.063325707306,62112.42089592641,-844.3691040735939,regional_construction_orders_bok_12_24q,844.3691040735939,1.3411883040313743
인천,"광업, 제조업",regional_manufacturing_production_index,2022,1,58271.68732322494,222047.5018611111,261514.44,-39466.938138888916,15.091686003606117,recursive_no_target_actual,262872.24677063694,1357.806770636933,0.5192091001311181,39466.938138888916,1357.806770636933,False,-38109.13136825198,262872.24677063694,1357.806770636933,baseline,1357.806770636933,0.5192091001311181
인천,"광업, 제조업",regional_manufacturing_production_index,2022,2,123473.47752369149,237494.27435081324,261514.44,-24020.16564918676,9.18502460100741,recursive_no_target_actual,262158.0009275343,643.5609275343013,0.2460900161131833,24020.16564918676,643.5609275343013,False,-23376.60472165246,262158.0009275343,643.5609275343013,baseline,643.5609275343013,0.24609001611318337
인천,"광업, 제조업",regional_manufacturing_production_index,2022,3,191120.10507872864,253876.78914205477,261514.44,-7637.650857945235,2.9205465128217147,recursive_no_target_actual,262258.0265680595,743.5865680595161,0.2843386269834722,7637.650857945235,743.5865680595161,False,-6894.064289885719,262258.0265680595,743.5865680595161,baseline,743.5865680595161,0.2843386269834722
인천,"광업, 제조업",regional_manufacturing_production_index,2022,4,257663.79848884672,257663.79848884672,261514.44,-3850.6415111532842,1.472439346428933,recursive_no_target_actual,258273.16348482348,-3241.27651517652,1.2394254463258396,3850.6415111532842,3241.27651517652,False,-609.364995976764,258273.16348482348,-3241.27651517652,baseline,3241.27651517652,1.2394254463258396
인천,"광업, 제조업",regional_manufacturing_production_index,2023,1,62276.89239637583,275373.8803533123,269154.08999999997,6219.790353312332,2.3108659999602206,recursive_no_target_actual,254844.1924079873,-14309.897592012654,5.316619038563618,6219.790353312332,14309.897592012654,True,8090.107238700322,275373.8803533123,6219.790353312332,regional_manufacturing_production_index,6219.790353312332,2.3108659999602206
인천,"광업, 제조업",regional_manufacturing_production_index,2023,2,128565.02861097238,268288.8203126396,269154.08999999997,-865.2696873603854,0.32147744340811824,recursive_no_target_actual,259378.41533103568,-9775.67466896429,3.6319993015763914,865.2696873603854,9775.67466896429,True,8910.404981603904,268288.8203126396,-865.2696873603854,regional_manufacturing_production_index,865.2696873603854,0.32147744340811824
인천,"광업, 제조업",regional_manufacturing_production_index,2023,3,196756.1735207248,265262.2183552947,269154.08999999997,-3891.871644705243,1.4459641481596075,recursive_no_target_actual,261930.8913508661,-7223.198649133876,2.683666686667803,3891.871644705243,7223.198649133876,True,3331.327004428633,265262.2183552947,-3891.871644705243,regional_manufacturing_production_index,3891.871644705243,1.4459641481596075
인천,"광업, 제조업",regional_manufacturing_production_index,2023,4,266663.7576457159,266663.7576457159,269154.08999999997,-2490.3323542840662,0.9252441061861875,recursive_no_target_actual,266859.67129234475,-2294.418707655219,0.8524554494621349,2490.3323542840662,2294.418707655219,False,-195.91364662884735,266859.67129234475,-2294.418707655219,baseline,2294.418707655219,0.8524554494621349
인천,"광업, 제조업",regional_manufacturing_production_index,2024,1,81256.55204295808,347932.86349610536,289896.84,58036.023496105336,20.01954333000157,recursive_no_target_actual,286001.7560438474,-3895.083956152608,1.3436103533079586,58036.023496105336,3895.083956152608,False,-54140.93953995273,286001.7560438474,-3895.083956152608,baseline,3895.083956152608,1.3436103533079586
인천,"광업, 제조업",regional_manufacturing_production_index,2024,2,169781.9404911495,352154.0089159773,289896.84,62257.168915977294,21.47562868087051,recursive_no_target_actual,282231.8775050365,-7664.962494963547,2.6440310611745703,62257.168915977294,7664.962494963547,False,-54592.20642101375,282231.8775050365,-7664.962494963547,baseline,7664.962494963547,2.6440310611745703
인천,"광업, 제조업",regional_manufacturing_production_index,2024,3,250304.07642062547,339237.26192679687,289896.84,49340.421926796844,17.019993017791034,recursive_no_target_actual,280013.9523673178,-9882.88763268222,3.409104988064795,49340.421926796844,9882.88763268222,False,-39457.53429411462,280013.9523673178,-9882.88763268222,baseline,9882.88763268222,3.409104988064795
인천,"광업, 제조업",regional_manufacturing_production_index,2024,4,330054.13387182535,330054.13387182535,289896.84,40157.29387182533,13.852270301333855,recursive_no_target_actual,278140.8616374031,-11755.978362596945,4.055228184824968,40157.29387182533,11755.978362596945,False,-28401.315509228385,278140.8616374031,-11755.978362596945,baseline,11755.978362596945,4.055228184824969
인천,"광업, 제조업",regional_manufacturing_production_index,2025,1,69004.94188851486,280289.5982572422,277365.43,2924.168257242185,1.0542655792548425,recursive_no_target_actual,279587.5102815472,2222.0802815472125,0.8011381524897362,2924.168257242185,2222.0802815472125,False,-702.0879756949726,279587.5102815472,2222.0802815472125,baseline,2222.0802815472125,0.8011381524897362
인천,"광업, 제조업",regional_manufacturing_production_index,2025,2,117698.7455605637,228805.00370896183,277365.43,-48560.426291038166,17.507742868690652,recursive_no_target_actual,282361.3558551716,4995.925855171634,1.801207113363635,48560.426291038166,4995.925855171634,False,-43564.50043586653,282361.3558551716,4995.925855171634,baseline,4995.925855171634,1.801207113363635
인천,"광업, 제조업",regional_manufacturing_production_index,2025,3,117698.7455605637,155199.0605958471,277365.43,-122166.36940415288,44.045276083667986,recursive_no_target_actual,284400.3976900654,7034.967690065387,2.536353463394983,122166.36940415288,7034.967690065387,False,-115131.4017140875,284400.3976900654,7034.967690065387,baseline,7034.967690065387,2.536353463394983
인천,"광업, 제조업",regional_manufacturing_production_index,2025,4,117698.7455605637,117698.7455605637,277365.43,-159666.6844394363,57.56545955977149,recursive_no_target_actual,284269.2620992334,6903.832099233405,2.489074467295151,159666.6844394363,6903.832099233405,False,-152762.8523402029,284269.2620992334,6903.832099233405,baseline,6903.832099233405,2.489074467295151
인천,교육 서비스업,regional_service_production_index_P,2021,1,11092.623656585853,43942.1655940594,46969.65,-3027.4844059406023,6.445618406653238,recursive_no_target_actual,45739.174785455834,-1230.475214544167,2.619724044237432,3027.4844059406023,1230.475214544167,False,-1797.0091913964352,45739.174785455834,-1230.475214544167,baseline,1230.475214544167,2.619724044237432
인천,교육 서비스업,regional_service_production_index_P,2021,2,22406.87815546113,45209.23827534039,46969.65,-1760.4117246596143,3.747977097252405,recursive_no_target_actual,46187.6197732969,-782.0302267031002,1.664969244401651,1760.4117246596143,782.0302267031002,False,-978.3814979565141,46187.6197732969,-782.0302267031002,baseline,782.0302267031002,1.664969244401651
인천,교육 서비스업,regional_service_production_index_P,2021,3,33554.90952261934,44736.15228257247,46969.65,-2233.4977174275336,4.755193443910128,recursive_no_target_actual,46571.151705134725,-398.498294865276,0.8484165729684507,2233.4977174275336,398.498294865276,False,-1834.9994225622577,46571.151705134725,-398.498294865276,baseline,398.498294865276,0.848416572968451
인천,교육 서비스업,regional_service_production_index_P,2021,4,44824.837853036726,44824.837853036726,46969.65,-2144.812146963275,4.566378814752239,recursive_no_target_actual,46641.3112942037,-328.33870579630457,0.6990443952558825,2144.812146963275,328.33870579630457,False,-1816.4734411669706,46641.3112942037,-328.33870579630457,baseline,328.33870579630457,0.6990443952558825
인천,교육 서비스업,regional_service_production_index_P,2022,1,11727.897775030904,47391.95454545455,48977.92,-1585.9654545454468,3.238123330973318,recursive_no_target_actual,49238.04049118938,260.1204911893801,0.5310974643050994,1585.9654545454468,260.1204911893801,False,-1325.8449633560667,49238.04049118938,260.1204911893801,baseline,260.1204911893801,0.5310974643050994
인천,교육 서비스업,regional_service_production_index_P,2022,2,23479.019110012367,46969.65,48977.92,-2008.2699999999968,4.100357875548812,recursive_no_target_actual,49105.31637477245,127.39637477244833,0.2601098102419382,2008.2699999999968,127.39637477244833,False,-1880.8736252275485,49105.31637477245,127.39637477244833,baseline,127.39637477244833,0.26010981024193824
인천,교육 서비스업,regional_service_production_index_P,2022,3,35114.02264524104,46907.602906208725,48977.92,-2070.317093791273,4.2270416828466235,recursive_no_target_actual,48910.77410515081,-67.14589484918542,0.1370942147996187,2070.317093791273,67.14589484918542,False,-2003.1711989420874,48910.77410515081,-67.14589484918542,baseline,67.14589484918542,0.13709421479961872
인천,교육 서비스업,regional_service_production_index_P,2022,4,46783.861520395556,46783.861520395556,48977.92,-2194.0584796044423,4.479688969242553,recursive_no_target_actual,48852.184472756024,-125.7355272439745,0.2567187974580678,2194.0584796044423,125.7355272439745,False,-2068.3229523604678,48852.184472756024,-125.7355272439745,baseline,125.7355272439745,0.25671879745806786
인천,교육 서비스업,regional_service_production_index_P,2023,1,12496.724189625218,49850.79382178218,49592.11,258.6838217821787,0.5216229391775803,recursive_no_target_actual,49847.10828366306,254.99828366305883,0.5141912365960207,258.6838217821787,254.99828366305883,False,-3.685538119119883,49847.10828366306,254.99828366305883,baseline,254.99828366305883,0.5141912365960207
인천,교육 서비스업,regional_service_production_index_P,2023,2,24908.353953834696,49631.92783382789,49592.11,39.817833827888535,0.0802906628249706,recursive_no_target_actual,49778.52630278734,186.4163027873365,0.3758991153781044,39.817833827888535,186.4163027873365,True,146.59846895944796,49631.92783382789,39.817833827888535,regional_service_production_index_P,39.817833827888535,0.0802906628249706
인천,교육 서비스업,regional_service_production_index_P,2023,3,36882.355244477534,49139.88402116402,49592.11,-452.22597883598064,0.9118909819243034,recursive_no_target_actual,49660.83325171726,68.7232517172597,0.1385769867772508,452.22597883598064,68.7232517172597,False,-383.50272711872094,49660.83325171726,68.7232517172597,baseline,68.7232517172597,0.13857698677725086
인천,교육 서비스업,regional_service_production_index_P,2023,4,48746.94941672871,48746.94941672871,49592.11,-845.1605832712885,1.7042238841446522,recursive_no_target_actual,49548.78302083656,-43.3269791634375,0.0873666782144125,845.1605832712885,43.3269791634375,False,-801.833604107851,49548.78302083656,-43.3269791634375,baseline,43.3269791634375,0.08736667821441253
인천,교육 서비스업,regional_service_production_index_P,2024,1,12268.1728478803,47855.4213229572,49786.33,-1930.908677042804,3.8783912713445714,recursive_no_target_actual,50184.24848159572,397.9184815957197,0.7992524887769787,1930.908677042804,397.9184815957197,False,-1532.9901954470843,50184.24848159572,397.9184815957197,baseline,397.9184815957197,0.799252488776979
인천,교육 서비스업,regional_service_production_index_P,2024,2,24437.408817955115,47825.28519277697,49786.33,-1961.0448072230283,3.9389222045951735,recursive_no_target_actual,50205.344500083134,419.0145000831326,0.8416256030182031,1961.0448072230283,419.0145000831326,False,-1542.0303071398957,50205.344500083134,419.0145000831326,baseline,419.0145000831326,0.8416256030182031
인천,교육 서비스업,regional_service_production_index_P,2024,3,36606.644788029924,48382.54634146342,49786.33,-1403.7836585365803,2.8196166669376517,recursive_no_target_actual,50117.25128698741,330.92128698741,0.6646830304370898,1403.7836585365803,330.92128698741,False,-1072.8623715491703,50117.25128698741,330.92128698741,baseline,330.92128698741,0.6646830304370898
인천,교육 서비스업,regional_service_production_index_P,2024,4,48553.2727830424,48553.2727830424,49786.33,-1233.0572169576044,2.4766983566726135,recursive_no_target_actual,50101.50999219458,315.1799921945785,0.6330653257522266,1233.0572169576044,315.1799921945785,False,-917.8772247630259,50101.50999219458,315.1799921945785,baseline,315.1799921945785,0.6330653257522266
인천,교육 서비스업,regional_service_production_index_P,2025,1,12376.835985736117,48983.324677419354,49354.05,-370.72532258064894,0.7511548142060255,recursive_no_target_actual,49785.551457756104,431.50145775610144,0.874297970999546,370.72532258064894,431.50145775610144,True,60.77613517545251,48983.324677419354,-370.72532258064894,regional_service_production_index_P,370.72532258064894,0.7511548142060255
인천,교육 서비스업,regional_service_production_index_P,2025,2,24500.04828323994,48677.727510121455,49354.05,-676.3224898785484,1.370348512186028,recursive_no_target_actual,49694.16752150205,340.1175215020485,0.6891380170463184,676.3224898785484,340.1175215020485,False,-336.2049683764999,49694.16752150205,340.1175215020485,baseline,340.1175215020485,0.6891380170463184
인천,교육 서비스업,regional_service_production_index_P,2025,3,36610.57939633214,48558.49145608109,49354.05,-795.5585439189163,1.6119417634802335,recursive_no_target_actual,49869.27208026492,515.2220802649172,1.0439307012594046,795.5585439189163,515.2220802649172,False,-280.3364636539991,49869.27208026492,515.2220802649172,baseline,515.2220802649172,1.0439307012594046
인천,교육 서비스업,regional_service_production_index_P,2025,4,48733.79169383596,48733.79169383596,49354.05,-620.2583061640398,1.2567525991565833,recursive_no_target_actual,49938.60293624093,584.5529362409288,1.1844072294795032,620.2583061640398,584.5529362409288,False,-35.70536992311099,49938.60293624093,584.5529362409288,baseline,584.5529362409288,1.1844072294795032
인천,금융 및 보험업,regional_service_production_index_K,2021,1,9298.98382,38584.995103734436,37210.67,1374.325103734438,3.693362962113926,recursive_no_target_actual,39600.25916978121,2389.5891697812112,6.421784853057501,1374.325103734438,2389.5891697812112,True,1015.2640660467732,38584.995103734436,1374.325103734438,regional_service_production_index_K,1374.325103734438,3.693362962113926
인천,금융 및 보험업,regional_service_production_index_K,2021,2,18497.88073,37905.49329918033,37210.67,694.8232991803307,1.867268982741592,recursive_no_target_actual,38972.61442525873,1761.9444252587346,4.735051600142472,694.8232991803307,1761.9444252587346,True,1067.121126078404,37905.49329918033,694.8232991803307,regional_service_production_index_K,694.8232991803307,1.867268982741592
인천,금융 및 보험업,regional_service_production_index_K,2021,3,27896.95146,37559.00566812521,37210.67,348.33566812521167,0.936117699910299,recursive_no_target_actual,38918.60503506307,1707.9350350630775,4.589906698973917,348.33566812521167,1707.9350350630775,True,1359.5993669378659,37559.00566812521,348.33566812521167,regional_service_production_index_K,348.33566812521167,0.936117699910299
인천,금융 및 보험업,regional_service_production_index_K,2021,4,37441.60315,37441.60315,37210.67,230.9331500000044,0.6206100293276213,recursive_no_target_actual,38852.877983118946,1642.2079831189476,4.413271739312804,230.9331500000044,1642.2079831189476,True,1411.2748331189432,37441.60315,230.9331500000044,regional_service_production_index_K,230.9331500000044,0.6206100293276213
인천,금융 및 보험업,regional_service_production_index_K,2022,1,9313.970862697448,37501.94726027397,38246.45,-744.5027397260274,1.9465930556326858,recursive_no_target_actual,39199.74916684886,953.2991668488612,2.4925167351449904,744.5027397260274,953.2991668488612,True,208.79642712283385,37501.94726027397,-744.5027397260274,regional_service_production_index_K,744.5027397260274,1.9465930556326858
인천,금융 및 보험업,regional_service_production_index_K,2022,2,19061.990852976916,38583.41975405804,38246.45,336.9697540580455,0.881048447785469,recursive_no_target_actual,38926.49923538853,680.0492353885347,1.778071521379199,336.9697540580455,680.0492353885347,True,343.0794813304892,38583.41975405804,336.9697540580455,regional_service_production_index_K,336.9697540580455,0.881048447785469
인천,금융 및 보험업,regional_service_production_index_K,2022,3,29180.761139732687,39164.6549543379,38246.45,918.2049543379035,2.4007586438425097,recursive_no_target_actual,38366.72457655666,120.27457655666512,0.3144725237418509,918.2049543379035,120.27457655666512,False,-797.9303777812383,38366.72457655666,120.27457655666512,baseline,120.27457655666512,0.3144725237418509
인천,금융 및 보험업,regional_service_production_index_K,2022,4,39652.19634264885,39652.19634264885,38246.45,1405.746342648854,3.6754949613594308,recursive_no_target_actual,38228.35650895574,-18.09349104425928,0.0473076352034222,1405.746342648854,18.09349104425928,False,-1387.6528516045946,38228.35650895574,-18.09349104425928,baseline,18.09349104425928,0.04730763520342223
인천,금융 및 보험업,regional_service_production_index_K,2023,1,9899.594241733179,42145.3599514563,39432.03,2713.329951456304,6.881030348821262,recursive_no_target_actual,38745.68869593436,-686.3413040656378,1.74056802063104,2713.329951456304,686.3413040656378,False,-2026.9886473906663,38745.68869593436,-686.3413040656378,baseline,686.3413040656378,1.7405680206310399
인천,금융 및 보험업,regional_service_production_index_K,2023,2,19755.577936145946,41094.97592504743,39432.03,1662.945925047432,4.217246550703659,recursive_no_target_actual,38862.39610653721,-569.6338934627856,1.4445969265665135,1662.945925047432,569.6338934627856,False,-1093.3120315846463,38862.39610653721,-569.6338934627856,baseline,569.6338934627856,1.4445969265665137
인천,금융 및 보험업,regional_service_production_index_K,2023,3,29690.060615735452,40344.25652308645,39432.03,912.2265230864505,2.313415066600554,recursive_no_target_actual,38977.50719422546,-454.5228057745408,1.1526741224698318,912.2265230864505,454.5228057745408,False,-457.70371731190966,38977.50719422546,-454.5228057745408,baseline,454.5228057745408,1.1526741224698318
인천,금융 및 보험업,regional_service_production_index_K,2023,4,39572.21063854047,39572.21063854047,39432.03,140.18063854047068,0.35549942151208214,recursive_no_target_actual,38489.328782198085,-942.701217801914,2.390699179834044,140.18063854047068,942.701217801914,True,802.5205792614433,39572.21063854047,140.18063854047068,regional_service_production_index_K,140.18063854047068,0.35549942151208214
인천,금융 및 보험업,regional_service_production_index_K,2024,1,9847.143484681508,39362.54624669603,39775.09,-412.5437533039658,1.0371912503628926,recursive_no_target_actual,38795.44779716734,-979.642202832656,2.4629540821470326,412.5437533039658,979.642202832656,True,567.0984495286903,39362.54624669603,-412.5437533039658,regional_service_production_index_K,412.5437533039658,1.0371912503628926
인천,금융 및 보험업,regional_service_production_index_K,2024,2,19624.757271324663,39310.16500662252,39775.09,-464.9249933774772,1.1688848306250903,recursive_no_target_actual,38898.155643933074,-876.9343560669222,2.204732550113456,464.9249933774772,876.9343560669222,True,412.00936268944497,39310.16500662252,-464.9249933774772,regional_service_production_index_K,464.9249933774772,1.1688848306250903
인천,금융 및 보험업,regional_service_production_index_K,2024,3,29280.6940864007,39026.58903349001,39775.09,-748.500966509986,1.8818334955621372,recursive_no_target_actual,39430.0876924593,-345.00230754069344,0.8673828457476613,748.500966509986,345.00230754069344,False,-403.4986589692926,39430.0876924593,-345.00230754069344,baseline,345.00230754069344,0.8673828457476613
인천,금융 및 보험업,regional_service_production_index_K,2024,4,39371.19151421644,39371.19151421644,39775.09,-403.89848578355304,1.015455868945999,recursive_no_target_actual,39882.19696579818,107.10696579818614,0.269281517145998,403.89848578355304,107.10696579818614,False,-296.7915199853669,39882.19696579818,107.10696579818614,baseline,107.10696579818614,0.269281517145998
인천,금융 및 보험업,regional_service_production_index_K,2025,1,9956.943059602649,39810.1959929391,40511.25,-701.0540070608986,1.7305168491737446,recursive_no_target_actual,42009.48520322189,1498.2352032218914,3.698318869997572,701.0540070608986,1498.2352032218914,True,797.1811961609928,39810.1959929391,-701.0540070608986,regional_service_production_index_K,701.0540070608986,1.7305168491737446
인천,금융 및 보험업,regional_service_production_index_K,2025,2,20142.175818984546,40409.236696191314,40511.25,-102.01330380868603,0.2518147522199044,recursive_no_target_actual,41810.809472483765,1299.5594724837647,3.2078977382424996,102.01330380868603,1299.5594724837647,True,1197.5461686750787,40409.236696191314,-102.01330380868603,regional_service_production_index_K,102.01330380868603,0.2518147522199044
인천,금융 및 보험업,regional_service_production_index_K,2025,3,30037.656267108167,40389.01243395666,40511.25,-122.23756604333903,0.3017373347979611,recursive_no_target_actual,41621.0610658664,1109.811065866401,2.739513260801385,122.23756604333903,1109.811065866401,True,987.5734998230619,40389.01243395666,-122.23756604333903,regional_service_production_index_K,122.23756604333903,0.3017373347979611
인천,금융 및 보험업,regional_service_production_index_K,2025,4,40003.37969977925,40003.37969977925,40511.25,-507.8703002207476,1.2536525044789968,recursive_no_target_actual,41789.1844745319,1277.934474531903,3.1545175094125786,507.8703002207476,1277.934474531903,True,770.0641743111555,40003.37969977925,-507.8703002207476,regional_service_production_index_K,507.8703002207476,1.2536525044789968
인천,도매 및 소매업,regional_service_production_index_G,2021,1,17111.042327500003,64692.031483931954,75072.11,-10380.078516068046,13.826810670524708,recursive_no_target_actual,72896.67112623987,-2175.4388737601257,2.897799027841532,10380.078516068046,2175.4388737601257,False,-8204.63964230792,72896.67112623987,-2175.4388737601257,baseline,2175.4388737601257,2.897799027841532
인천,도매 및 소매업,regional_service_production_index_G,2021,2,34980.96932000001,68322.20570312502,75072.11,-6749.904296874985,8.991227630174489,recursive_no_target_actual,73573.83586009078,-1498.2741399092192,1.9957799772901268,6749.904296874985,1498.2741399092192,False,-5251.630156965766,73573.83586009078,-1498.2741399092192,baseline,1498.2741399092192,1.9957799772901268
인천,도매 및 소매업,regional_service_production_index_G,2021,3,52868.96499500001,70281.10999667665,75072.11,-4791.000003323352,6.38186405487118,recursive_no_target_actual,73286.7819874391,-1785.3280125609017,2.378150837322811,4791.000003323352,1785.3280125609017,False,-3005.67199076245,73286.7819874391,-1785.3280125609017,baseline,1785.3280125609017,2.378150837322811
인천,도매 및 소매업,regional_service_production_index_G,2021,4,71443.57060500002,71443.57060500002,75072.11,-3628.5393949999852,4.833405368518329,recursive_no_target_actual,73358.9175348898,-1713.1924651102015,2.2820624931285423,3628.5393949999852,1713.1924651102015,False,-1915.3469298897837,73358.9175348898,-1713.1924651102015,baseline,1713.1924651102015,2.2820624931285423
인천,도매 및 소매업,regional_service_production_index_G,2022,1,18758.534314618104,78322.32806758182,78874.86,-552.5319324181764,0.700517164047171,recursive_no_target_actual,77895.41721011375,-979.4427898862486,1.2417680232792156,552.5319324181764,979.4427898862486,True,426.9108574680722,78322.32806758182,-552.5319324181764,regional_service_production_index_G,552.5319324181764,0.700517164047171
인천,도매 및 소매업,regional_service_production_index_G,2022,2,38618.278133535656,78872.24779958677,78874.86,-2.61220041323395,0.003311828906236981,recursive_no_target_actual,77662.66059623871,-1212.1994037612894,1.5368640955575572,2.61220041323395,1212.1994037612894,True,1209.5872033480555,78872.24779958677,-2.61220041323395,regional_service_production_index_G,2.61220041323395,0.003311828906236981
인천,도매 및 소매업,regional_service_production_index_G,2022,3,58231.199132524016,78689.73389268624,78874.86,-185.12610731375753,0.23470863506288003,recursive_no_target_actual,77865.17251744679,-1009.687482553214,1.2801131850544192,185.12610731375753,1009.687482553214,True,824.5613752394564,78689.73389268624,-185.12610731375753,regional_service_production_index_G,185.12610731375753,0.23470863506288003
인천,도매 및 소매업,regional_service_production_index_G,2022,4,78793.43866970156,78793.43866970156,78874.86,-81.42133029844263,0.1032284942229281,recursive_no_target_actual,77822.19493116264,-1052.665068837363,1.3346015052671574,81.42133029844263,1052.665068837363,True,971.2437385389203,78793.43866970156,-81.42133029844263,regional_service_production_index_G,81.42133029844263,0.1032284942229281
인천,도매 및 소매업,regional_service_production_index_G,2023,1,20336.409686746985,85421.15404858299,80680.88,4740.274048582985,5.875337562732317,recursive_no_target_actual,82277.59750792314,1596.7175079231383,1.9790531634299704,4740.274048582985,1596.7175079231383,False,-3143.556540659847,82277.59750792314,1596.7175079231383,baseline,1596.7175079231383,1.9790531634299704
인천,도매 및 소매업,regional_service_production_index_G,2023,2,41395.04700722892,84458.92088495576,80680.88,3778.040884955757,4.682696674795511,recursive_no_target_actual,79014.01666754606,-1666.8633324539403,2.0659954780537104,3778.040884955757,1666.8633324539403,False,-2111.1775525018165,79014.01666754606,-1666.8633324539403,baseline,1666.8633324539403,2.06599547805371
인천,도매 및 소매업,regional_service_production_index_G,2023,3,62168.59447228916,84121.18260841213,80680.88,3440.302608412123,4.264086619298305,recursive_no_target_actual,77506.94220362855,-3173.9377963714505,3.9339404780555816,3440.302608412123,3173.9377963714505,False,-266.3648120406724,77506.94220362855,-3173.9377963714505,baseline,3173.9377963714505,3.9339404780555816
인천,도매 및 소매업,regional_service_production_index_G,2023,4,83474.30966746989,83474.30966746989,80680.88,2793.4296674698853,3.4623192849035425,recursive_no_target_actual,76290.46028033677,-4390.41971966323,5.441710253610558,2793.4296674698853,4390.41971966323,True,1596.990052193345,83474.30966746989,2793.4296674698853,regional_service_production_index_G,2793.4296674698853,3.4623192849035425
인천,도매 및 소매업,regional_service_production_index_G,2024,1,20023.26029143898,82188.9338317757,80469.01,1719.9238317757117,2.1373741664967816,recursive_no_target_actual,74404.78227694584,-6064.227723054151,7.536103306172341,1719.9238317757117,6064.227723054151,True,4344.30389127844,82188.9338317757,1719.9238317757117,regional_service_production_index_G,1719.9238317757117,2.1373741664967816
인천,도매 및 소매업,regional_service_production_index_G,2024,2,40689.46930783242,82051.49182736456,80469.01,1582.481827364565,1.9665730041472675,recursive_no_target_actual,74918.22694911051,-5550.783050889484,6.898038202395536,1582.481827364565,5550.783050889484,True,3968.301223524919,82051.49182736456,1582.481827364565,regional_service_production_index_G,1582.481827364565,1.9665730041472675
인천,도매 및 소매업,regional_service_production_index_G,2024,3,61006.64901639344,81914.15545093243,80469.01,1445.1454509324394,1.7959031072116327,recursive_no_target_actual,75050.15770546545,-5418.852294534547,6.734085947539987,1445.1454509324394,5418.852294534547,True,3973.7068436021073,81914.15545093243,1445.1454509324394,regional_service_production_index_G,1445.1454509324394,1.7959031072116327
인천,도매 및 소매업,regional_service_production_index_G,2024,4,81727.96792349726,81727.96792349726,80469.01,1258.9579234972625,1.5645251799385411,recursive_no_target_actual,75178.08719770513,-5290.922802294866,6.575106121343939,1258.9579234972625,5290.922802294866,True,4031.964878797604,81727.96792349726,1258.9579234972625,regional_service_production_index_G,1258.9579234972625,1.5645251799385411
인천,도매 및 소매업,regional_service_production_index_G,2025,1,20094.64376489098,82019.33037614677,83697.07,-1677.7396238532383,2.0045380607149546,recursive_no_target_actual,74573.89188798878,-9123.178112011228,10.900235948535869,1677.7396238532383,9123.178112011228,True,7445.43848815799,82019.33037614677,-1677.7396238532383,regional_service_production_index_G,1677.7396238532383,2.0045380607149546
인천,도매 및 소매업,regional_service_production_index_G,2025,2,40967.02801753203,82285.46620767495,83697.07,-1411.603792325055,1.686562973261854,recursive_no_target_actual,74922.57659919998,-8774.493400800027,10.483632701598786,1411.603792325055,8774.493400800027,True,7362.889608474972,82285.46620767495,-1411.603792325055,regional_service_production_index_G,1411.603792325055,1.686562973261854
인천,도매 및 소매업,regional_service_production_index_G,2025,3,62327.76094852776,83497.80441433303,83697.07,-199.2655856669735,0.23807952377182792,recursive_no_target_actual,76008.14109264028,-7688.928907359732,9.186616577330284,199.2655856669735,7688.928907359732,True,7489.6633216927585,83497.80441433303,-199.2655856669735,regional_service_production_index_G,199.2655856669735,0.23807952377182792
인천,도매 및 소매업,regional_service_production_index_G,2025,4,84068.3206293549,84068.3206293549,83697.07,371.25062935489404,0.44356466642726444,recursive_no_target_actual,76525.23891089138,-7171.831089108629,8.568795883904453,371.25062935489404,7171.831089108629,True,6800.580459753735,84068.3206293549,371.25062935489404,regional_service_production_index_G,371.25062935489404,0.44356466642726444
인천,문화 및 기타서비스업,regional_service_production_index_R_S,2021,1,7036.858882360295,26451.049906015036,30105.04,-3653.990093984965,12.13746965287196,recursive_no_target_actual,31860.797805100523,1755.757805100522,5.832105870314479,3653.990093984965,1755.757805100522,False,-1898.2322888844428,31860.797805100523,1755.757805100522,baseline,1755.757805100522,5.832105870314479
인천,문화 및 기타서비스업,regional_service_production_index_R_S,2021,2,15282.92512439055,30964.56891337386,30105.04,859.5289133738588,2.8550997220859324,recursive_no_target_actual,33275.60775570188,3170.567755701879,10.531684248557314,859.5289133738588,3170.567755701879,True,2311.03884232802,30964.56891337386,859.5289133738588,regional_service_production_index_R_S,859.5289133738588,2.8550997220859324
인천,문화 및 기타서비스업,regional_service_production_index_R_S,2021,3,23609.87480185023,32227.882003412968,30105.04,2122.8420034129667,7.051450532578488,recursive_no_target_actual,33336.20628682447,3231.1662868244675,10.732974567794852,2122.8420034129667,3231.1662868244675,True,1108.3242834115008,32227.882003412968,2122.8420034129667,regional_service_production_index_R_S,2122.8420034129667,7.051450532578488
인천,문화 및 기타서비스업,regional_service_production_index_R_S,2021,4,34452.29932116515,34452.29932116515,30105.04,4347.259321165147,14.440304085844588,recursive_no_target_actual,33561.628354874134,3456.588354874133,11.481759714898676,4347.259321165147,3456.588354874133,False,-890.6709662910143,33561.628354874134,3456.588354874133,baseline,3456.588354874133,11.481759714898677
인천,문화 및 기타서비스업,regional_service_production_index_R_S,2022,1,7534.21120788825,36887.324873563215,32009.81,4877.514873563214,15.237562714565358,recursive_no_target_actual,30913.670734421503,-1096.1392655784985,3.424385416778476,4877.514873563214,1096.1392655784985,False,-3781.3756079847153,30913.670734421503,-1096.1392655784985,baseline,1096.1392655784985,3.424385416778476
인천,문화 및 기타서비스업,regional_service_production_index_R_S,2022,2,17482.05574363188,39409.79965070125,32009.81,7399.989650701249,23.117880583175126,recursive_no_target_actual,31210.66980242281,-799.1401975771914,2.4965477695031346,7399.989650701249,799.1401975771914,False,-6600.849453124058,31210.66980242281,-799.1401975771914,baseline,799.1401975771914,2.4965477695031346
인천,문화 및 기타서비스업,regional_service_production_index_R_S,2022,3,33253.71832374692,48524.9103117506,32009.81,16515.1003117506,51.59387172791904,recursive_no_target_actual,31853.363491065946,-156.44650893405924,0.4887455093737177,16515.1003117506,156.44650893405924,False,-16358.653802816541,31853.363491065946,-156.44650893405924,baseline,156.44650893405924,0.48874550937371775
인천,문화 및 기타서비스업,regional_service_production_index_R_S,2022,4,45562.1881347576,45562.1881347576,32009.81,13552.378134757597,42.33820236595467,recursive_no_target_actual,31831.400859541813,-178.40914045818863,0.5573576989622514,13552.378134757597,178.40914045818863,False,-13373.968994299408,31831.400859541813,-178.40914045818863,baseline,178.40914045818863,0.5573576989622514
인천,문화 및 기타서비스업,regional_service_production_index_R_S,2023,1,6882.121563639184,41618.758592870545,33654.630000000005,7964.12859287054,23.664288072311415,recursive_no_target_actual,35927.4594886209,2272.829488620897,6.753393184298555,7964.12859287054,2272.829488620897,False,-5691.299104249643,35927.4594886209,2272.829488620897,baseline,2272.829488620897,6.753393184298555
인천,문화 및 기타서비스업,regional_service_production_index_R_S,2023,2,14121.755935779105,36804.48742268041,33654.630000000005,3149.857422680405,9.359358348852458,recursive_no_target_actual,34666.14446770779,1011.5144677077842,3.005572985671761,3149.857422680405,1011.5144677077842,False,-2138.3429549726206,34666.14446770779,1011.5144677077842,baseline,1011.5144677077842,3.0055729856717606
인천,문화 및 기타서비스업,regional_service_production_index_R_S,2023,3,25564.64853563949,35027.100273113705,33654.630000000005,1372.4702731137004,4.0781023981357105,recursive_no_target_actual,34318.32606637684,663.6960663768332,1.9720795218275555,1372.4702731137004,663.6960663768332,False,-708.7742067368672,34318.32606637684,663.6960663768332,baseline,663.6960663768332,1.9720795218275557
인천,문화 및 기타서비스업,regional_service_production_index_R_S,2023,4,34775.56881020709,34775.56881020709,33654.630000000005,1120.938810207088,3.3307120304311404,recursive_no_target_actual,33644.62771096874,-10.00228903126117,0.0297203951767146,1120.938810207088,10.00228903126117,False,-1110.9365211758268,33644.62771096874,-10.00228903126117,baseline,10.00228903126117,0.02972039517671467
인천,문화 및 기타서비스업,regional_service_production_index_R_S,2024,1,10278.753990147785,51938.8553896104,35068.51,16870.345389610397,48.10682116123666,recursive_no_target_actual,34174.933637355854,-893.5763626441476,2.548087622325977,16870.345389610397,893.5763626441476,False,-15976.769026966249,34174.933637355854,-893.5763626441476,baseline,893.5763626441476,2.548087622325977
인천,문화 및 기타서비스업,regional_service_production_index_R_S,2024,2,21206.237194260015,52221.47756329115,35068.51,17152.967563291146,48.91273556615649,recursive_no_target_actual,34072.55192172473,-995.9580782752746,2.8400353430336067,17152.967563291146,995.9580782752746,False,-16157.009485015871,34072.55192172473,-995.9580782752746,baseline,995.9580782752746,2.8400353430336067
인천,문화 및 기타서비스업,regional_service_production_index_R_S,2024,3,35146.707192118236,47810.03473244636,35068.51,12741.524732446356,36.33323666288176,recursive_no_target_actual,33839.39968229785,-1229.1103177021505,3.504883206335685,12741.524732446356,1229.1103177021505,False,-11512.414414744206,33839.39968229785,-1229.1103177021505,baseline,1229.1103177021505,3.504883206335685
인천,문화 및 기타서비스업,regional_service_production_index_R_S,2024,4,44827.18868494325,44827.18868494325,35068.51,9758.678684943246,27.827468817304318,recursive_no_target_actual,33682.83326901087,-1385.6767309891293,3.951341904714883,9758.678684943246,1385.6767309891293,False,-8373.001953954117,33682.83326901087,-1385.6767309891293,baseline,1385.6767309891293,3.951341904714883
인천,문화 및 기타서비스업,regional_service_production_index_R_S,2025,1,8424.562460202606,36740.78116409537,35511.34,1229.4411640953767,3.4621086224720807,recursive_no_target_actual,33035.00359928219,-2476.3364007178097,6.973367945895058,1229.4411640953767,2476.3364007178097,True,1246.895236622433,36740.78116409537,1229.4411640953767,regional_service_production_index_R_S,1229.4411640953767,3.4621086224720807
인천,문화 및 기타서비스업,regional_service_production_index_R_S,2025,2,20452.401635311144,43233.67973147519,35511.34,7722.339731475193,21.746123158053717,recursive_no_target_actual,33037.20961787726,-2474.130382122734,6.967155793396515,7722.339731475193,2474.130382122734,False,-5248.209349352459,33037.20961787726,-2474.130382122734,baseline,2474.130382122734,6.967155793396515
인천,문화 및 기타서비스업,regional_service_production_index_R_S,2025,3,32250.924295438712,41133.81833333333,35511.34,5622.478333333333,15.832909525051244,recursive_no_target_actual,33470.92055255998,-2040.4194474400135,5.745824988412192,5622.478333333333,2040.4194474400135,False,-3582.058885893319,33470.92055255998,-2040.4194474400135,baseline,2040.4194474400135,5.745824988412191
인천,문화 및 기타서비스업,regional_service_production_index_R_S,2025,4,47445.96287827626,47445.96287827626,35511.34,11934.622878276263,33.607920394657775,recursive_no_target_actual,33383.884049061235,-2127.455950938762,5.990919945399869,11934.622878276263,2127.455950938762,False,-9807.166927337501,33383.884049061235,-2127.455950938762,baseline,2127.455950938762,5.990919945399869
인천,보건 및 사회복지업,regional_service_production_index_Q,2021,1,13212.6456,51814.29647058824,56095.33,-4281.033529411761,7.631711105740462,recursive_no_target_actual,53256.82239537664,-2838.507604623366,5.060149578625112,4281.033529411761,2838.507604623366,False,-1442.525924788395,53256.82239537664,-2838.507604623366,baseline,2838.507604623366,5.060149578625112
인천,보건 및 사회복지업,regional_service_production_index_Q,2021,2,26976.3648,54333.061027190335,56095.33,-1762.2689728096666,3.1415609335209664,recursive_no_target_actual,54517.12839013728,-1578.201609862721,2.8134278020340036,1762.2689728096666,1578.201609862721,False,-184.06736294694565,54517.12839013728,-1578.201609862721,baseline,1578.201609862721,2.8134278020340036
인천,보건 및 사회복지업,regional_service_production_index_Q,2021,3,41264.916,54983.23251165889,56095.33,-1112.0974883411109,1.9825134968296128,recursive_no_target_actual,55124.1095330589,-971.2204669411004,1.7313749057918018,1112.0974883411109,971.2204669411004,False,-140.87702140001045,55124.1095330589,-971.2204669411004,baseline,971.2204669411004,1.7313749057918018
인천,보건 및 사회복지업,regional_service_production_index_Q,2021,4,55448.5008,55448.5008,56095.33,-646.8292000000001,1.153089214378452,recursive_no_target_actual,55509.58325163292,-585.7467483670844,1.0441987744204095,646.8292000000001,585.7467483670844,False,-61.08245163291576,55509.58325163292,-585.7467483670844,baseline,585.7467483670844,1.0441987744204095
인천,보건 및 사회복지업,regional_service_production_index_Q,2022,1,14787.079417889256,62055.806971201586,59899.8,2156.006971201583,3.5993558763160856,recursive_no_target_actual,60965.88403531789,1066.0840353178864,1.7797789563869768,2156.006971201583,1066.0840353178864,False,-1089.9229358836965,60965.88403531789,1066.0840353178864,baseline,1066.0840353178864,1.7797789563869768
인천,보건 및 사회복지업,regional_service_production_index_Q,2022,2,30171.48251064837,62015.89741731517,59899.8,2116.09741731517,3.532728685763842,recursive_no_target_actual,60493.9277277212,594.1277277211993,0.9918693012684504,2116.09741731517,594.1277277211993,False,-1521.9696895939705,60493.9277277212,594.1277277211993,baseline,594.1277277211993,0.9918693012684505
인천,보건 및 사회복지업,regional_service_production_index_Q,2022,3,45476.242446758166,61107.3451764706,59899.8,1207.545176470594,2.0159419171192456,recursive_no_target_actual,59717.11902297751,-182.6809770224936,0.3049776076422519,1207.545176470594,182.6809770224936,False,-1024.8641994481004,59717.11902297751,-182.6809770224936,baseline,182.6809770224936,0.3049776076422519
인천,보건 및 사회복지업,regional_service_production_index_Q,2022,4,60940.28869616659,60940.28869616659,59899.8,1040.4886961665907,1.7370486982704294,recursive_no_target_actual,59327.480617648645,-572.3193823513575,0.9554612575523748,1040.4886961665907,572.3193823513575,False,-468.1693138152332,59327.480617648645,-572.3193823513575,baseline,572.3193823513575,0.9554612575523749
인천,보건 및 사회복지업,regional_service_production_index_Q,2023,1,15526.195164452189,63986.32136445242,62642.240000000005,1344.081364452417,2.1456470337785123,recursive_no_target_actual,62280.658214478346,-361.5817855216592,0.5772172028357528,1344.081364452417,361.5817855216592,False,-982.4995789307577,62280.658214478346,-361.5817855216592,baseline,361.5817855216592,0.5772172028357528
인천,보건 및 사회복지업,regional_service_production_index_Q,2023,2,31482.948682204315,63589.18495380555,62642.240000000005,946.9449538055414,1.511671603387014,recursive_no_target_actual,61745.944312801155,-896.2956871988499,1.4308167894360897,946.9449538055414,896.2956871988499,False,-50.649266606691526,61745.944312801155,-896.2956871988499,baseline,896.2956871988499,1.4308167894360895
인천,보건 및 사회복지업,regional_service_production_index_Q,2023,3,47857.2133304291,64130.90087565674,62642.240000000005,1488.6608756567366,2.3764489833964055,recursive_no_target_actual,61797.60115825098,-844.6388417490234,1.348353509946361,1488.6608756567366,844.6388417490234,False,-644.0220339077132,61797.60115825098,-844.6388417490234,baseline,844.6388417490234,1.348353509946361
인천,보건 및 사회복지업,regional_service_production_index_Q,2023,4,64114.05297320845,64114.05297320845,62642.240000000005,1471.8129732084417,2.3495535491841313,recursive_no_target_actual,61903.3392572988,-738.9007427012039,1.17955670598817,1471.8129732084417,738.9007427012039,False,-732.9122305072378,61903.3392572988,-738.9007427012039,baseline,738.9007427012039,1.17955670598817
인천,보건 및 사회복지업,regional_service_production_index_Q,2024,1,16380.805535205538,67643.09109243698,66958.0,685.0910924369819,1.023165405831987,recursive_no_target_actual,64326.14952607841,-2631.850473921593,3.930598993281748,685.0910924369819,2631.850473921593,True,1946.7593814846114,67643.09109243698,685.0910924369819,regional_service_production_index_Q,685.0910924369819,1.023165405831987
인천,보건 및 사회복지업,regional_service_production_index_Q,2024,2,33003.81753357754,67211.25543307087,66958.0,253.25543307086627,0.3782302832684164,recursive_no_target_actual,63907.47488275988,-3050.5251172401186,4.555878486872545,253.25543307086627,3050.5251172401186,True,2797.2696841692523,67211.25543307087,253.25543307086627,regional_service_production_index_Q,253.25543307086627,0.3782302832684164
인천,보건 및 사회복지업,regional_service_production_index_Q,2024,3,50123.99016687018,67150.84178844058,66958.0,192.84178844057897,0.28800410472322796,recursive_no_target_actual,63917.53264856605,-3040.467351433952,4.5408574799634875,192.84178844057897,3040.467351433952,True,2847.625562993373,67150.84178844058,192.84178844057897,regional_service_production_index_Q,192.84178844057897,0.28800410472322796
인천,보건 및 사회복지업,regional_service_production_index_Q,2024,4,67244.16280016281,67244.16280016281,66958.0,286.16280016281235,0.4273765646566689,recursive_no_target_actual,64174.89741091503,-2783.1025890849705,4.15649002223031,286.16280016281235,2783.1025890849705,True,2496.939788922158,67244.16280016281,286.16280016281235,regional_service_production_index_Q,286.16280016281235,0.4273765646566689
인천,보건 및 사회복지업,regional_service_production_index_Q,2025,1,17415.42672985782,71491.34319066147,71989.33,-497.9868093385303,0.6917508599378968,recursive_no_target_actual,67156.47083778301,-4832.8591622169915,6.713299265623101,497.9868093385303,4832.8591622169915,True,4334.872352878461,71491.34319066147,-497.9868093385303,regional_service_production_index_Q,497.9868093385303,0.6917508599378968
인천,보건 및 사회복지업,regional_service_production_index_Q,2025,2,35173.57687203791,71664.97412128236,71989.33,-324.3558787176444,0.4505610466407235,recursive_no_target_actual,67668.42904579634,-4320.900954203666,6.002140809205566,324.3558787176444,4320.900954203666,True,3996.5450754860212,71664.97412128236,-324.3558787176444,regional_service_production_index_Q,324.3558787176444,0.4505610466407235
인천,보건 및 사회복지업,regional_service_production_index_Q,2025,3,53439.465402843605,71692.06002034589,71989.33,-297.26997965411283,0.41293616658762183,recursive_no_target_actual,67562.48942745438,-4426.840572545625,6.1493009763330555,297.26997965411283,4426.840572545625,True,4129.570592891512,71692.06002034589,-297.26997965411283,regional_service_production_index_Q,297.26997965411283,0.41293616658762183
인천,보건 및 사회복지업,regional_service_production_index_Q,2025,4,71933.8362085308,71933.8362085308,71989.33,-55.493791469198186,0.07708613411070528,recursive_no_target_actual,67871.08258365824,-4118.247416341765,5.720635844703326,55.493791469198186,4118.247416341765,True,4062.7536248725664,71933.8362085308,-55.493791469198186,regional_service_production_index_Q,55.493791469198186,0.07708613411070528
인천,부동산업,regional_service_production_index_L,2021,1,21777.573825,87990.19727272727,88211.55,-221.35272727273696,0.2509339505685332,recursive_no_target_actual,86000.63429481065,-2210.915705189356,2.506378932451993,221.35272727273696,2210.915705189356,True,1989.5629779166188,87990.19727272727,-221.35272727273696,regional_service_production_index_L,221.35272727273696,0.2509339505685332
인천,부동산업,regional_service_production_index_L,2021,2,45156.745725,93443.86078634247,88211.55,5232.310786342467,5.931548404197031,recursive_no_target_actual,85834.78793507947,-2376.7620649205346,2.6943887335848133,5232.310786342467,2376.7620649205346,False,-2855.548721421932,85834.78793507947,-2376.7620649205346,baseline,2376.7620649205346,2.6943887335848133
인천,부동산업,regional_service_production_index_L,2021,3,68286.317925,93191.83613101329,88211.55,4980.286131013287,5.645843578321984,recursive_no_target_actual,85083.19516024385,-3128.3548397561535,3.5464231608628953,4980.286131013287,3128.3548397561535,False,-1851.9312912571331,85083.19516024385,-3128.3548397561535,baseline,3128.3548397561535,3.5464231608628953
인천,부동산업,regional_service_production_index_L,2021,4,93183.88799999999,93183.88799999999,88211.55,4972.337999999989,5.636833271833438,recursive_no_target_actual,84596.46922689112,-3615.080773108886,4.098194366960887,4972.337999999989,3615.080773108886,False,-1357.2572268911026,84596.46922689112,-3615.080773108886,baseline,3615.080773108886,4.098194366960887
인천,부동산업,regional_service_production_index_L,2022,1,25813.692421875,110454.00386819484,87242.78,23211.223868194837,26.605323521550822,recursive_no_target_actual,86634.50360088826,-608.276399111739,0.6972226230201961,23211.223868194837,608.276399111739,False,-22602.947469083098,86634.50360088826,-608.276399111739,baseline,608.276399111739,0.6972226230201961
인천,부동산업,regional_service_production_index_L,2022,2,54068.954531250005,111574.8117457393,87242.78,24332.031745739296,27.89002338730987,recursive_no_target_actual,85990.39234578733,-1252.3876542126673,1.4355201131975244,24332.031745739296,1252.3876542126673,False,-23079.64409152663,85990.39234578733,-1252.3876542126673,baseline,1252.3876542126673,1.4355201131975244
인천,부동산업,regional_service_production_index_L,2022,3,80630.869921875,110029.33208955223,87242.78,22786.552089552235,26.118553408720167,recursive_no_target_actual,86173.5793168891,-1069.200683110903,1.2255463238458275,22786.552089552235,1069.200683110903,False,-21717.351406441332,86173.5793168891,-1069.200683110903,baseline,1069.200683110903,1.2255463238458277
인천,부동산업,regional_service_production_index_L,2022,4,108000.078515625,108000.078515625,87242.78,20757.298515625007,23.792568870025697,recursive_no_target_actual,86470.78190021774,-771.9980997822568,0.8848848005327854,20757.298515625007,771.9980997822568,False,-19985.30041584275,86470.78190021774,-771.9980997822568,baseline,771.9980997822568,0.8848848005327854
인천,부동산업,regional_service_production_index_L,2023,1,21520.415923427532,90037.74320366135,86922.45,3115.2932036613493,3.583991481672858,recursive_no_target_actual,87318.04351509303,395.5935150930309,0.4551108661721234,3115.2932036613493,395.5935150930309,False,-2719.6996885683184,87318.04351509303,395.5935150930309,baseline,395.5935150930309,0.45511086617212343
인천,부동산업,regional_service_production_index_L,2023,2,42818.15200729262,85527.15359067735,86922.45,-1395.2964093226474,1.6052198359832786,recursive_no_target_actual,87574.41224347368,651.9622434736812,0.750050468519561,1395.2964093226474,651.9622434736812,False,-743.3341658489662,87574.41224347368,651.9622434736812,baseline,651.9622434736812,0.750050468519561
인천,부동산업,regional_service_production_index_L,2023,3,63209.26303008204,84664.9103101343,86922.45,-2257.539689865691,2.5971882866459595,recursive_no_target_actual,87867.15258816845,944.7025881684532,1.0868338250572245,2257.539689865691,944.7025881684532,False,-1312.8371016972378,87867.15258816845,944.7025881684532,baseline,944.7025881684532,1.0868338250572243
인천,부동산업,regional_service_production_index_L,2023,4,83552.6569443938,83552.6569443938,86922.45,-3369.793055606191,3.87678103367564,recursive_no_target_actual,88009.57730948259,1087.1273094825883,1.250686456125648,3369.793055606191,1087.1273094825883,False,-2282.6657461236027,88009.57730948259,1087.1273094825883,baseline,1087.1273094825883,1.250686456125648
인천,부동산업,regional_service_production_index_L,2024,1,22057.41973158195,85637.5652993348,85658.06999999999,-20.504700665187556,0.02393785041524699,recursive_no_target_actual,89152.25904672162,3494.189046721629,4.07922925034574,20.504700665187556,3494.189046721629,True,3473.6843460564414,85637.5652993348,-20.504700665187556,regional_service_production_index_L,20.504700665187556,0.02393785041524699
인천,부동산업,regional_service_production_index_L,2024,2,44181.028269560244,86212.08822436848,85658.06999999999,554.0182243684831,0.6467787849626814,recursive_no_target_actual,89819.37023454663,4161.3002345466375,4.858036416821717,554.0182243684831,4161.3002345466375,True,3607.2820101781545,86212.08822436848,554.0182243684831,regional_service_production_index_L,554.0182243684831,0.6467787849626814
인천,부동산업,regional_service_production_index_L,2024,3,65278.71030839519,86288.13921741318,85658.06999999999,630.0692174131837,0.735563172755566,recursive_no_target_actual,89778.16943760826,4120.099437608267,4.809937274571173,630.0692174131837,4120.099437608267,True,3490.0302201950835,86288.13921741318,630.0692174131837,regional_service_production_index_L,630.0692174131837,0.735563172755566
인천,부동산업,regional_service_production_index_L,2024,4,86475.67555682466,86475.67555682466,85658.06999999999,817.6055568246666,0.9544991579014875,recursive_no_target_actual,89720.39035756057,4062.320357560573,4.74248410869002,817.6055568246666,4062.320357560573,True,3244.7148007359065,86475.67555682466,817.6055568246666,regional_service_production_index_L,817.6055568246666,0.9544991579014875
인천,부동산업,regional_service_production_index_L,2025,1,20308.141739380022,79617.66596399099,83887.46,-4269.794036009014,5.089907402142125,recursive_no_target_actual,89351.73013504401,5464.270135044004,6.513810449194675,4269.794036009014,5464.270135044004,True,1194.4760990349896,79617.66596399099,-4269.794036009014,regional_service_production_index_L,4269.794036009014,5.089907402142125
인천,부동산업,regional_service_production_index_L,2025,2,40173.733174512054,78632.18335955056,83887.46,-5255.276640449447,6.2646748875808695,recursive_no_target_actual,89303.33984206717,5415.8798420671665,6.456125673690878,5255.276640449447,5415.8798420671665,True,160.6032016177196,78632.18335955056,-5255.276640449447,regional_service_production_index_L,5255.276640449447,6.2646748875808695
인천,부동산업,regional_service_production_index_L,2025,3,58990.31648105625,78145.34700380228,83887.46,-5742.112996197728,6.845019501362572,recursive_no_target_actual,89646.52163276276,5759.06163276275,6.865223518226384,5742.112996197728,5759.06163276275,True,16.948636565022753,78145.34700380228,-5742.112996197728,regional_service_production_index_L,5742.112996197728,6.845019501362572
인천,부동산업,regional_service_production_index_L,2025,4,76905.40842709529,76905.40842709529,83887.46,-6982.051572904718,8.323117153511046,recursive_no_target_actual,90054.59868466297,6167.138684662961,7.3516812699573455,6982.051572904718,6167.138684662961,False,-814.9128882417572,90054.59868466297,6167.138684662961,baseline,6167.138684662961,7.3516812699573455
인천,사업서비스업,regional_service_production_index_M_N,2021,1,12148.793360000001,49943.652045220966,52310.71,-2367.057954779033,4.524996802335569,recursive_no_target_actual,48182.94248340852,-4127.767516591477,7.890865019020918,2367.057954779033,4127.767516591477,True,1760.709561812444,49943.652045220966,-2367.057954779033,regional_service_production_index_M_N,2367.057954779033,4.524996802335569
인천,사업서비스업,regional_service_production_index_M_N,2021,2,25442.65948125,50809.10530454318,52310.71,-1501.6046954568155,2.870549253598002,recursive_no_target_actual,49746.086652314094,-2564.623347685905,4.902673558982291,1501.6046954568155,2564.623347685905,True,1063.0186522290896,50809.10530454318,-1501.6046954568155,regional_service_production_index_M_N,1501.6046954568155,2.870549253598002
인천,사업서비스업,regional_service_production_index_M_N,2021,3,37181.18613,50517.91593750001,52310.71,-1792.79406249999,3.427202694247488,recursive_no_target_actual,49649.452894889226,-2661.2571051107734,5.087403908512757,1792.79406249999,2661.2571051107734,True,868.4630426107833,50517.91593750001,-1792.79406249999,regional_service_production_index_M_N,1792.79406249999,3.427202694247488
인천,사업서비스업,regional_service_production_index_M_N,2021,4,50095.40245875,50095.40245875,52310.71,-2215.3075412499966,4.234902453531976,recursive_no_target_actual,49662.42353108639,-2648.2864689136113,5.0626085344924805,2215.3075412499966,2648.2864689136113,True,432.97892766361474,50095.40245875,-2215.3075412499966,regional_service_production_index_M_N,2215.3075412499966,4.234902453531976
인천,사업서비스업,regional_service_production_index_M_N,2022,1,12686.034548343723,52310.71,52130.880000000005,179.82999999999447,0.34495868859300755,recursive_no_target_actual,54001.60470901943,1870.7247090194287,3.5885154998715323,179.82999999999447,1870.7247090194287,True,1690.8947090194342,52310.71,179.82999999999447,regional_service_production_index_M_N,179.82999999999447,0.34495868859300755
인천,사업서비스업,regional_service_production_index_M_N,2022,2,26452.683934726807,52084.093205776175,52130.880000000005,-46.78679422382993,0.08974871366804076,recursive_no_target_actual,54076.783330294595,1945.90333029459,3.732726802798245,46.78679422382993,1945.90333029459,True,1899.11653607076,52084.093205776175,-46.78679422382993,regional_service_production_index_M_N,46.78679422382993,0.08974871366804076
인천,사업서비스업,regional_service_production_index_M_N,2022,3,39209.05436010268,52827.61424901186,52130.880000000005,696.7342490118535,1.3365096637767355,recursive_no_target_actual,53634.33798640231,1503.4579864023035,2.88400653586186,696.7342490118535,1503.4579864023035,True,806.72373739045,52827.61424901186,696.7342490118535,regional_service_production_index_M_N,696.7342490118535,1.3365096637767355
인천,사업서비스업,regional_service_production_index_M_N,2022,4,53026.85711160005,53026.85711160005,52130.880000000005,895.9771116000484,1.7187070534778013,recursive_no_target_actual,53672.264876088666,1541.3848760886613,2.9567597479433707,895.9771116000484,1541.3848760886613,True,645.4077644886129,53026.85711160005,895.9771116000484,regional_service_production_index_M_N,895.9771116000484,1.7187070534778013
인천,사업서비스업,regional_service_production_index_M_N,2023,1,12396.249289762449,51815.572258064516,55648.119999999995,-3832.5477419354793,6.887110906775431,recursive_no_target_actual,54396.0607704424,-1252.0592295575916,2.2499578234765014,3832.5477419354793,1252.0592295575916,False,-2580.4885123778877,54396.0607704424,-1252.0592295575916,baseline,1252.0592295575916,2.2499578234765014
인천,사업서비스업,regional_service_production_index_M_N,2023,2,26313.74215362354,52748.335431472085,55648.119999999995,-2899.78456852791,5.210929980254337,recursive_no_target_actual,54484.54168107946,-1163.5783189205322,2.090957104966946,2899.78456852791,1163.5783189205322,False,-1736.2062496073777,54484.54168107946,-1163.5783189205322,baseline,1163.5783189205322,2.0909571049669466
인천,사업서비스업,regional_service_production_index_M_N,2023,3,38207.10100566743,51671.80180039138,55648.119999999995,-3976.318199608613,7.1454672675529975,recursive_no_target_actual,54663.97187545665,-984.148124543346,1.768519986916622,3976.318199608613,984.148124543346,False,-2992.170075065267,54663.97187545665,-984.148124543346,baseline,984.148124543346,1.7685199869166217
인천,사업서비스업,regional_service_production_index_M_N,2023,4,51577.70051850959,51577.70051850959,55648.119999999995,-4070.419481490404,7.314567826353172,recursive_no_target_actual,54725.19951706701,-922.9204829329828,1.658493553660003,4070.419481490404,922.9204829329828,False,-3147.498998557421,54725.19951706701,-922.9204829329828,baseline,922.9204829329828,1.658493553660003
인천,사업서비스업,regional_service_production_index_M_N,2024,1,13313.49903229738,55394.14784989858,57039.5,-1645.3521501014184,2.8845837535417007,recursive_no_target_actual,55820.04223272007,-1219.4577672799278,2.1379180520164582,1645.3521501014184,1219.4577672799278,False,-425.8943828214906,55820.04223272007,-1219.4577672799278,baseline,1219.4577672799278,2.1379180520164582
인천,사업서비스업,regional_service_production_index_M_N,2024,2,27888.491095673373,54664.37397037745,57039.5,-2375.126029622552,4.164002190802079,recursive_no_target_actual,55380.446297574694,-1659.0537024253065,2.908604918390425,2375.126029622552,1659.0537024253065,False,-716.0723271972454,55380.446297574694,-1659.0537024253065,baseline,1659.0537024253065,2.908604918390425
인천,사업서비스업,regional_service_production_index_M_N,2024,3,41310.50565752589,55767.143619611714,57039.5,-1272.3563803882862,2.2306583690044377,recursive_no_target_actual,55150.33187867446,-1889.168121325543,3.312034855364341,1272.3563803882862,1889.168121325543,True,616.8117409372569,55767.143619611714,-1272.3563803882862,regional_service_production_index_M_N,1272.3563803882862,2.2306583690044377
인천,사업서비스업,regional_service_production_index_M_N,2024,4,56122.87544180377,56122.87544180377,57039.5,-916.6245581962285,1.6069996374376152,recursive_no_target_actual,54508.98530004277,-2530.5146999572316,4.436425108840771,916.6245581962285,2530.5146999572316,True,1613.8901417610032,56122.87544180377,-916.6245581962285,regional_service_production_index_M_N,916.6245581962285,1.6069996374376152
인천,사업서비스업,regional_service_production_index_M_N,2025,1,13289.686525679761,56022.49414161997,58328.31,-2305.815858380025,3.953167609999373,recursive_no_target_actual,53525.52214277201,-4802.787857227988,8.234059682558929,2305.815858380025,4802.787857227988,True,2496.971998847963,56022.49414161997,-2305.815858380025,regional_service_production_index_M_N,2305.815858380025,3.953167609999373
인천,사업서비스업,regional_service_production_index_M_N,2025,2,29302.1044712991,58967.63484922179,58328.31,639.3248492217899,1.0960798439416295,recursive_no_target_actual,53663.73529959153,-4664.57470040847,7.997102436892943,639.3248492217899,4664.57470040847,True,4025.2498511866797,58967.63484922179,639.3248492217899,regional_service_production_index_M_N,639.3248492217899,1.0960798439416295
인천,사업서비스업,regional_service_production_index_M_N,2025,3,43949.710211480364,59708.39796420949,58328.31,1380.087964209495,2.366068833829568,recursive_no_target_actual,54262.03511985832,-4066.274880141674,6.971357270837565,1380.087964209495,4066.274880141674,True,2686.186915932179,59708.39796420949,1380.087964209495,regional_service_production_index_M_N,1380.087964209495,2.366068833829568
인천,사업서비스업,regional_service_production_index_M_N,2025,4,60017.27208459215,60017.27208459215,58328.31,1688.9620845921527,2.8956129272254807,recursive_no_target_actual,54479.08719188487,-3849.222808115126,6.599235959545418,1688.9620845921527,3849.222808115126,True,2160.2607235229734,60017.27208459215,1688.9620845921527,regional_service_production_index_M_N,1688.9620845921527,2.8956129272254807
인천,서비스업,regional_service_production_index_T,2021,1,131450.60543999998,501719.868091603,560661.29,-58941.42190839705,10.512839562795042,recursive_no_target_actual,553652.209611491,-7009.080388509086,1.2501452326963909,58941.42190839705,7009.080388509086,False,-51932.34151988797,553652.209611491,-7009.080388509086,baseline,7009.080388509086,1.2501452326963907
인천,서비스업,regional_service_production_index_T,2021,2,270777.3835199999,537523.341975186,560661.29,-23137.948024814017,4.126903076332239,recursive_no_target_actual,564882.179494369,4220.889494368923,0.7528412554340825,23137.948024814017,4220.889494368923,False,-18917.058530445094,564882.179494369,4220.889494368923,baseline,4220.889494368923,0.7528412554340825
인천,서비스업,regional_service_production_index_T,2021,3,408881.99687999993,546999.3269297658,560661.29,-13661.963070234284,2.43675875504697,recursive_no_target_actual,567363.2851240771,6701.995124077075,1.1953732571901077,13661.963070234284,6701.995124077075,False,-6959.967946157209,567363.2851240771,6701.995124077075,baseline,6701.995124077075,1.1953732571901075
인천,서비스업,regional_service_production_index_T,2021,4,555134.3750399998,555134.3750399998,560661.29,-5526.914960000198,0.985785011125023,recursive_no_target_actual,568465.9166497674,7804.626649767393,1.3920395056643544,5526.914960000198,7804.626649767393,True,2277.711689767195,555134.3750399998,-5526.914960000198,regional_service_production_index_T,5526.914960000198,0.985785011125023
인천,서비스업,regional_service_production_index_T,2022,1,142908.2838013699,603521.760516529,614421.52,-10899.759483471047,1.773987259344537,recursive_no_target_actual,582524.0363779805,-31897.48362201953,5.191465888437555,10899.759483471047,31897.48362201953,True,20997.72413854848,603521.760516529,-10899.759483471047,regional_service_production_index_T,10899.759483471047,1.773987259344537
인천,서비스업,regional_service_production_index_T,2022,2,298022.7453938357,610991.465982949,614421.52,-3430.0540170510067,0.5582574674550798,recursive_no_target_actual,584401.0322681825,-30020.487731817528,4.885975955369781,3430.0540170510067,30020.487731817528,True,26590.43371476652,610991.465982949,-3430.0540170510067,regional_service_production_index_T,3430.0540170510067,0.5582574674550798
인천,서비스업,regional_service_production_index_T,2022,3,456017.3163527398,619129.4550813684,614421.52,4707.935081368429,0.7662386371767104,recursive_no_target_actual,586216.5072999886,-28205.01270001137,4.59049883213911,4707.935081368429,28205.01270001137,True,23497.077618642943,619129.4550813684,4707.935081368429,regional_service_production_index_T,4707.935081368429,0.7662386371767104
인천,서비스업,regional_service_production_index_T,2022,4,618263.4773287673,618263.4773287673,614421.52,3841.957328767283,0.6252966739783598,recursive_no_target_actual,585460.8893810512,-28960.63061894884,4.713479211950265,3841.957328767283,28960.63061894884,True,25118.673290181556,618263.4773287673,3841.957328767283,regional_service_production_index_T,3841.957328767283,0.6252966739783598
인천,서비스업,regional_service_production_index_T,2023,1,157421.66273291924,681052.6445297505,680302.39,750.2545297504403,0.11028250683500322,recursive_no_target_actual,631339.9282386574,-48962.461761342594,7.19716150950794,750.2545297504403,48962.461761342594,True,48212.207231592154,681052.6445297505,750.2545297504403,regional_service_production_index_T,750.2545297504403,0.11028250683500322
인천,서비스업,regional_service_production_index_T,2023,2,323021.07417923695,670123.7930971008,680302.39,-10178.596902899211,1.4961871444989647,recursive_no_target_actual,632986.6090920657,-47315.7809079343,6.95511019855954,10178.596902899211,47315.7809079343,True,37137.18400503509,670123.7930971008,-10178.596902899211,regional_service_production_index_T,10178.596902899211,1.4961871444989647
인천,서비스업,regional_service_production_index_T,2023,3,490801.2186157942,665423.1258706768,680302.39,-14879.264129323186,2.187154469547459,recursive_no_target_actual,634852.2883503847,-45450.10164961533,6.680867555031717,14879.264129323186,45450.10164961533,True,30570.837520292145,665423.1258706768,-14879.264129323186,regional_service_production_index_T,14879.264129323186,2.187154469547459
인천,서비스업,regional_service_production_index_T,2023,4,660216.9127950311,660216.9127950311,680302.39,-20085.47720496892,2.9524337265622305,recursive_no_target_actual,632361.258368386,-47941.13163161406,7.0470326631682205,20085.47720496892,47941.13163161406,True,27855.65442664514,660216.9127950311,-20085.47720496892,regional_service_production_index_T,20085.47720496892,2.9524337265622305
인천,서비스업,regional_service_production_index_T,2024,1,172463.116209744,723299.8570735931,696983.11,26316.747073593084,3.7758084372508085,recursive_no_target_actual,645609.2127768808,-51373.89722311916,7.3708955763819235,26316.747073593084,51373.89722311916,True,25057.150149526075,723299.8570735931,26316.747073593084,regional_service_production_index_T,26316.747073593084,3.7758084372508085
인천,서비스업,regional_service_production_index_T,2024,2,350263.03894715104,715896.270320675,696983.11,18913.160320675,2.713575128194283,recursive_no_target_actual,648571.1807918041,-48411.929208195885,6.945925735301661,18913.160320675,48411.929208195885,True,29498.768887520884,715896.270320675,18913.160320675,regional_service_production_index_T,18913.160320675,2.713575128194283
인천,서비스업,regional_service_production_index_T,2024,3,528624.7307927333,711096.41653985,696983.11,14113.30653984996,2.024913708432613,recursive_no_target_actual,650525.6686662954,-46457.44133370463,6.665504610822583,14113.30653984996,46457.44133370463,True,32344.134793854668,711096.41653985,14113.30653984996,regional_service_production_index_T,14113.30653984996,2.024913708432613
인천,서비스업,regional_service_production_index_T,2024,4,708250.4031317092,708250.4031317092,696983.11,11267.293131709215,1.6165805125047026,recursive_no_target_actual,649144.0805446475,-47839.02945535246,6.863728656975986,11267.293131709215,47839.02945535246,True,36571.73632364324,708250.4031317092,11267.293131709215,regional_service_production_index_T,11267.293131709215,1.6165805125047026
인천,서비스업,regional_service_production_index_T,2025,1,170963.3367182233,702091.2924022801,704146.01,-2054.717597719864,0.2918027750693161,recursive_no_target_actual,648646.6894546204,-55499.320545379655,7.881791525791597,2054.717597719864,55499.320545379655,True,53444.60294765979,702091.2924022801,-2054.717597719864,regional_service_production_index_T,2054.717597719864,0.2918027750693161
인천,서비스업,regional_service_production_index_T,2025,2,352845.1080368829,713471.4834923819,704146.01,9325.473492381861,1.3243664467234375,recursive_no_target_actual,654628.0489500121,-49517.961049987935,7.032342773622751,9325.473492381861,49517.961049987935,True,40192.48755760607,713471.4834923819,9325.473492381861,regional_service_production_index_T,9325.473492381861,1.3243664467234375
인천,서비스업,regional_service_production_index_T,2025,3,532930.1749276225,714018.8289479278,704146.01,9872.818947927793,1.40209825912779,recursive_no_target_actual,659595.2325115013,-44550.77748849872,6.326923231234203,9872.818947927793,44550.77748849872,True,34677.95854057093,714018.8289479278,9872.818947927793,regional_service_production_index_T,9872.818947927793,1.40209825912779
인천,서비스업,regional_service_production_index_T,2025,4,720893.0996946263,720893.0996946263,704146.01,16747.08969462628,2.378354695871426,recursive_no_target_actual,660361.9523592454,-43784.05764075462,6.218036745071469,16747.08969462628,43784.05764075462,True,27036.967946128338,720893.0996946263,16747.08969462628,regional_service_production_index_T,16747.08969462628,2.378354695871426
인천,숙박 및 음식점업,regional_service_production_index_I,2021,1,4478.420180045012,18293.362921348315,21013.85,-2720.487078651684,12.946162072403125,recursive_no_target_actual,17741.49641342027,-3272.3535865797276,15.572365780567235,2720.487078651684,3272.3535865797276,True,551.8665079280436,18293.362921348315,-2720.487078651684,regional_service_production_index_I,2720.487078651684,12.946162072403125
인천,숙박 및 음식점업,regional_service_production_index_I,2021,2,9687.800895223805,19645.799077079108,21013.85,-1368.050922920891,6.510234549694088,recursive_no_target_actual,19321.817305095305,-1692.032694904694,8.051988069319492,1368.050922920891,1692.032694904694,True,323.9817719838029,19645.799077079108,-1368.050922920891,regional_service_production_index_I,1368.050922920891,6.510234549694088
인천,숙박 및 음식점업,regional_service_production_index_I,2021,3,14737.605718929733,19664.893316649985,21013.85,-1348.956683350014,6.4193695270024955,recursive_no_target_actual,20242.704174960218,-771.1458250397845,3.6697027200621712,1348.956683350014,771.1458250397845,False,-577.8108583102294,20242.704174960218,-771.1458250397845,baseline,771.1458250397845,3.6697027200621712
인천,숙박 및 음식점업,regional_service_production_index_I,2021,4,20667.65175043761,20667.65175043761,21013.85,-346.1982495623888,1.6474765431483942,recursive_no_target_actual,21708.413756120968,694.5637561209696,3.3052665557285774,346.1982495623888,694.5637561209696,True,348.3655065585808,20667.65175043761,-346.1982495623888,regional_service_production_index_I,346.1982495623888,1.6474765431483942
인천,숙박 및 음식점업,regional_service_production_index_I,2022,1,5280.940136986302,24371.235229885056,24037.74,333.49522988505487,1.3873817999739362,recursive_no_target_actual,22991.49733935304,-1046.2426606469598,4.3525001129347425,333.49522988505487,1046.2426606469598,True,712.747430761905,24371.235229885056,333.49522988505487,regional_service_production_index_I,333.49522988505487,1.3873817999739362
인천,숙박 및 음식점업,regional_service_production_index_I,2022,2,11472.567671232875,24475.217428267795,24037.74,437.4774282677936,1.819960729535279,recursive_no_target_actual,23832.315413263197,-205.42458673680449,0.8545919322565453,437.4774282677936,205.42458673680449,False,-232.0528415309891,23832.315413263197,-205.42458673680449,baseline,205.42458673680449,0.8545919322565453
인천,숙박 및 음식점업,regional_service_production_index_I,2022,3,17653.727534246573,24757.14846315054,24037.74,719.4084631505393,2.9928290394626917,recursive_no_target_actual,24374.912922077823,337.17292207782157,1.4026814587304028,719.4084631505393,337.17292207782157,False,-382.23554107271775,24374.912922077823,337.17292207782157,baseline,337.17292207782157,1.4026814587304028
인천,숙박 및 음식점업,regional_service_production_index_I,2022,4,23918.628767123286,23918.628767123286,24037.74,-119.1112328767158,0.495517602223486,recursive_no_target_actual,23915.81383577635,-121.92616422365244,0.5072280681280872,119.1112328767158,121.92616422365244,True,2.814931346936632,23918.628767123286,-119.1112328767158,regional_service_production_index_I,119.1112328767158,0.495517602223486
인천,숙박 및 음식점업,regional_service_production_index_I,2023,1,5517.634411378557,24990.6732011893,22967.16,2023.5132011893002,8.810463292759314,recursive_no_target_actual,27509.64444609886,4542.484446098861,19.77817216451168,2023.5132011893002,4542.484446098861,True,2518.9712449095605,24990.6732011893,2023.5132011893002,regional_service_production_index_I,2023.5132011893002,8.810463292759314
인천,숙박 및 음식점업,regional_service_production_index_I,2023,2,11235.144997811818,23423.637153284675,22967.16,456.4771532846753,1.9875211096394823,recursive_no_target_actual,24963.947156892325,1996.7871568923256,8.694096949262885,456.4771532846753,1996.7871568923256,True,1540.3100036076503,23423.637153284675,456.4771532846753,regional_service_production_index_I,456.4771532846753,1.9875211096394823
인천,숙박 및 음식점업,regional_service_production_index_I,2023,3,16942.13578555799,22954.509498962354,22967.16,-12.650501037645881,0.055080824262320124,recursive_no_target_actual,24060.82480450486,1093.6648045048605,4.761863480312152,12.650501037645881,1093.6648045048605,True,1081.0143034672146,22954.509498962354,-12.650501037645881,regional_service_production_index_I,12.650501037645881,0.055080824262320124
인천,숙박 및 음식점업,regional_service_production_index_I,2023,4,22586.007781181626,22586.007781181626,22967.16,-381.1522188183735,1.6595531133077557,recursive_no_target_actual,23693.680272282083,726.5202722820832,3.1633004354133605,381.1522188183735,726.5202722820832,True,345.36805346370966,22586.007781181626,-381.1522188183735,regional_service_production_index_I,381.1522188183735,1.6595531133077557
인천,숙박 및 음식점업,regional_service_production_index_I,2024,1,5359.360577550069,21938.12613918017,22964.49,-1026.3638608198307,4.469351859413514,recursive_no_target_actual,23892.87943580969,928.389435809684,4.042717412011693,1026.3638608198307,928.389435809684,False,-97.97442501014677,23892.87943580969,928.389435809684,baseline,928.389435809684,4.042717412011693
인천,숙박 및 음식점업,regional_service_production_index_I,2024,2,11061.035603167209,22235.995730337076,22964.49,-728.494269662926,3.172264089744322,recursive_no_target_actual,23767.50932737974,803.0193273797377,3.496787115149248,728.494269662926,803.0193273797377,True,74.52505771681172,22235.995730337076,-728.494269662926,regional_service_production_index_I,728.494269662926,3.172264089744322
인천,숙박 및 음식점업,regional_service_production_index_I,2024,3,16677.13201676758,22232.724271965228,22964.49,-731.7657280347739,3.1865098159583507,recursive_no_target_actual,23536.01923766383,571.5292376638281,2.4887521458731636,731.7657280347739,571.5292376638281,False,-160.23649037094583,23536.01923766383,571.5292376638281,baseline,571.5292376638281,2.4887521458731636
인천,숙박 및 음식점업,regional_service_production_index_I,2024,4,22453.688327899396,22453.688327899396,22964.49,-510.8016721006061,2.2243109779516375,recursive_no_target_actual,23337.52275327706,373.03275327705705,1.624389452049913,510.8016721006061,373.03275327705705,False,-137.76891882354903,23337.52275327706,373.03275327705705,baseline,373.03275327705705,1.624389452049913
인천,숙박 및 음식점업,regional_service_production_index_I,2025,1,5371.874506908051,22506.116946107784,22645.5,-139.38305389221568,0.615500006147869,recursive_no_target_actual,22562.565261159332,-82.9347388406677,0.3662305484121247,139.38305389221568,82.9347388406677,False,-56.44831505154798,22562.565261159332,-82.9347388406677,baseline,82.9347388406677,0.3662305484121247
인천,숙박 및 음식점업,regional_service_production_index_I,2025,2,11055.558430204861,22442.569772727275,22645.5,-202.93022727272546,0.8961172297927864,recursive_no_target_actual,22753.199389268462,107.69938926846226,0.4755884801327515,202.93022727272546,107.69938926846226,False,-95.2308380042632,22753.199389268462,107.69938926846226,baseline,107.69938926846226,0.47558848013275157
인천,숙박 및 음식점업,regional_service_production_index_I,2025,3,16755.653375416867,22559.407591404746,22645.5,-86.0924085952538,0.38017446554615175,recursive_no_target_actual,23099.927503916948,454.4275039169479,2.0067011278927285,86.0924085952538,454.4275039169479,True,368.3350953216941,22559.407591404746,-86.0924085952538,regional_service_production_index_I,86.0924085952538,0.38017446554615175
인천,숙박 및 음식점업,regional_service_production_index_I,2025,4,22504.981386374464,22504.981386374464,22645.5,-140.5186136255361,0.6205145111635252,recursive_no_target_actual,23197.536472102445,552.0364721024453,2.4377314349537227,140.5186136255361,552.0364721024453,True,411.51785847690917,22504.981386374464,-140.5186136255361,regional_service_production_index_I,140.5186136255361,0.6205145111635252
인천,운수 및 창고업,regional_service_production_index_H,2021,1,17590.76194048512,53131.009818731116,74372.88,-21241.87018126889,28.56131184010742,recursive_no_target_actual,76955.12747890454,2582.2474789045373,3.4720283507974106,21241.87018126889,2582.2474789045373,False,-18659.62270236435,76955.12747890454,2582.2474789045373,baseline,2582.2474789045373,3.4720283507974106
인천,운수 및 창고업,regional_service_production_index_H,2021,2,36534.65941485371,67080.85537190082,74372.88,-7292.024628099185,9.804682335952547,recursive_no_target_actual,84418.26424916215,10045.384249162147,13.506783990565038,7292.024628099185,10045.384249162147,True,2753.359621062962,67080.85537190082,-7292.024628099185,regional_service_production_index_H,7292.024628099185,9.804682335952547
인천,운수 및 창고업,regional_service_production_index_H,2021,3,55942.489072268065,72918.51818774446,74372.88,-1454.361812255549,1.9555001934247391,recursive_no_target_actual,85065.85853739185,10692.978537391842,14.377523819693202,1454.361812255549,10692.978537391842,True,9238.616725136293,72918.51818774446,-1454.361812255549,regional_service_production_index_H,1454.361812255549,1.9555001934247391
인천,운수 및 창고업,regional_service_production_index_H,2021,4,76297.51360340085,76297.51360340085,74372.88,1924.6336034008418,2.5878164236759984,recursive_no_target_actual,85702.90119871909,11330.021198719083,15.234076183037532,1924.6336034008418,11330.021198719083,True,9405.387595318241,76297.51360340085,1924.6336034008418,regional_service_production_index_H,1924.6336034008418,2.5878164236759984
인천,운수 및 창고업,regional_service_production_index_H,2022,1,19069.00292880669,82709.18083516484,105023.27,-22314.089164835168,21.246804793675885,recursive_no_target_actual,79878.50494297744,-25144.765057022567,23.942089269380553,22314.089164835168,25144.765057022567,True,2830.675892187399,82709.18083516484,-22314.089164835168,regional_service_production_index_H,22314.089164835168,21.246804793675885
인천,운수 및 창고업,regional_service_production_index_H,2022,2,41661.62596402332,87004.4643809524,105023.27,-18018.805619047605,17.156964946004447,recursive_no_target_actual,81259.77095351303,-23763.499046486977,22.626889304138956,18018.805619047605,23763.499046486977,True,5744.693427439372,87004.4643809524,-18018.805619047605,regional_service_production_index_H,18018.805619047605,17.156964946004447
인천,운수 및 창고업,regional_service_production_index_H,2022,3,66063.16627311884,90100.66250172773,105023.27,-14922.607498272278,14.208858187592405,recursive_no_target_actual,82905.98943476484,-22117.280565235167,21.059409562504737,14922.607498272278,22117.280565235167,True,7194.673066962889,90100.66250172773,-14922.607498272278,regional_service_production_index_H,14922.607498272278,14.208858187592405
인천,운수 및 창고업,regional_service_production_index_H,2022,4,92386.68118571068,92386.68118571068,105023.27,-12636.588814289324,12.032179929542588,recursive_no_target_actual,83888.09768648849,-21135.172313511517,20.124275613882062,12636.588814289324,21135.172313511517,True,8498.583499222193,92386.68118571068,-12636.588814289324,regional_service_production_index_H,12636.588814289324,12.032179929542588
인천,운수 및 창고업,regional_service_production_index_H,2023,1,32558.713114419745,157742.46086956523,155085.44,2657.0208695652254,1.7132626180544255,recursive_no_target_actual,114992.720272361,-40092.71972763901,25.85202049118151,2657.0208695652254,40092.71972763901,True,37435.69885807378,157742.46086956523,2657.0208695652254,regional_service_production_index_H,2657.0208695652254,1.7132626180544255
인천,운수 및 창고업,regional_service_production_index_H,2023,2,69637.08969406487,154423.63218905474,155085.44,-661.8078109452617,0.4267375525034856,recursive_no_target_actual,120870.05968795498,-34215.38031204502,22.062277614226726,661.8078109452617,34215.38031204502,True,33553.572501099756,154423.63218905474,-661.8078109452617,regional_service_production_index_H,661.8078109452617,0.4267375525034856
인천,운수 및 창고업,regional_service_production_index_H,2023,3,109585.77387721803,153251.29758128923,155085.44,-1834.1424187107768,1.1826657735960107,recursive_no_target_actual,121677.27887420006,-33408.16112579995,21.54177795529996,1834.1424187107768,33408.16112579995,True,31574.01870708917,153251.29758128923,-1834.1424187107768,regional_service_production_index_H,1834.1424187107768,1.1826657735960107
인천,운수 및 창고업,regional_service_production_index_H,2023,4,150348.42588823172,150348.42588823172,155085.44,-4737.01411176828,3.0544544425113536,recursive_no_target_actual,121438.37120905884,-33647.06879094115,21.69582701699215,4737.01411176828,33647.06879094115,True,28910.05467917287,150348.42588823172,-4737.01411176828,regional_service_production_index_H,4737.01411176828,3.0544544425113536
인천,운수 및 창고업,regional_service_production_index_H,2024,1,40500.30082917794,187020.7970526316,165626.9,21393.897052631597,12.916921739543275,recursive_no_target_actual,143052.45928084833,-22574.440719151666,13.629694644500178,21393.897052631597,22574.440719151666,True,1180.5436665200687,187020.7970526316,21393.897052631597,regional_service_production_index_H,21393.897052631597,12.916921739543275
인천,운수 및 창고업,regional_service_production_index_H,2024,2,81751.83473429263,176504.4995386035,165626.9,10877.599538603507,6.567531927847171,recursive_no_target_actual,135758.749529778,-29868.150470221997,18.033393410262462,10877.599538603507,29868.150470221997,True,18990.55093161849,176504.4995386035,10877.599538603507,regional_service_production_index_H,10877.599538603507,6.567531927847171
인천,운수 및 창고업,regional_service_production_index_H,2024,3,122870.79809659494,168575.08440969506,165626.9,2948.1844096950663,1.7800154502046868,recursive_no_target_actual,134100.2803376646,-31526.619662335404,19.03472181290322,2948.1844096950663,31526.619662335404,True,28578.435252640338,168575.08440969506,2948.1844096950663,regional_service_production_index_H,2948.1844096950663,1.7800154502046868
인천,운수 및 창고업,regional_service_production_index_H,2024,4,166685.36249608206,166685.36249608206,165626.9,1058.4624960820656,0.6390643645941967,recursive_no_target_actual,132501.79708822185,-33125.10291177814,19.99983270337013,1058.4624960820656,33125.10291177814,True,32066.640415696078,166685.36249608206,1058.4624960820656,regional_service_production_index_H,1058.4624960820656,0.6390643645941967
인천,운수 및 창고업,regional_service_production_index_H,2025,1,40813.94579798515,167976.21773049646,162828.99,5147.227730496466,3.1611248896750306,recursive_no_target_actual,137109.8505000909,-25719.1394999091,15.795184567507972,5147.227730496466,25719.1394999091,True,20571.911769412633,167976.21773049646,5147.227730496466,regional_service_production_index_H,5147.227730496466,3.1611248896750306
인천,운수 및 창고업,regional_service_production_index_H,2025,2,82045.03251590669,167283.16900000002,162828.99,4454.179000000033,2.7354950736966637,recursive_no_target_actual,136750.51462558185,-26078.475374418136,16.01586755185188,4454.179000000033,26078.475374418136,True,21624.296374418103,167283.16900000002,4454.179000000033,regional_service_production_index_H,4454.179000000033,2.7354950736966637
인천,운수 및 창고업,regional_service_production_index_H,2025,3,123671.30536850478,167771.32308937242,162828.99,4942.333089372434,3.035290637970815,recursive_no_target_actual,136151.30877329592,-26677.681226704062,16.383864584988256,4942.333089372434,26677.681226704062,True,21735.348137331628,167771.32308937242,4942.333089372434,regional_service_production_index_H,4942.333089372434,3.035290637970815
인천,운수 및 창고업,regional_service_production_index_H,2025,4,166263.58877253445,166263.58877253445,162828.99,3434.5987725344603,2.1093287949120487,recursive_no_target_actual,135470.62380696164,-27358.366193038353,16.801901303347982,3434.5987725344603,27358.366193038353,True,23923.767420503893,166263.58877253445,3434.5987725344603,regional_service_production_index_H,3434.5987725344603,2.1093287949120487
인천,정보통신업,regional_service_production_index_J,2021,1,4259.690879999999,16920.321271102282,18675.84,-1755.5187288977177,9.3999452174452,recursive_no_target_actual,17801.9504273313,-873.8895726687006,4.679251764143945,1755.5187288977177,873.8895726687006,False,-881.6291562290171,17801.9504273313,-873.8895726687006,baseline,873.8895726687006,4.679251764143945
인천,정보통신업,regional_service_production_index_J,2021,2,8608.478879999999,17776.93108931337,18675.84,-898.9089106866304,4.81321809721346,recursive_no_target_actual,18040.097997890327,-635.7420021096732,3.404087859553697,898.9089106866304,635.7420021096732,False,-263.1669085769572,18040.097997890327,-635.7420021096732,baseline,635.7420021096732,3.404087859553697
인천,정보통신업,regional_service_production_index_J,2021,3,13088.7912,17948.290983887553,18675.84,-727.5490161124471,3.895669571555802,recursive_no_target_actual,18359.35516056449,-316.48483943551037,1.694621711449179,727.5490161124471,316.48483943551037,False,-411.06417667693677,18359.35516056449,-316.48483943551037,baseline,316.48483943551037,1.694621711449179
인천,정보통신업,regional_service_production_index_J,2021,4,18184.297919999997,18184.297919999997,18675.84,-491.5420800000029,2.631967718721101,recursive_no_target_actual,18512.362510839237,-163.47748916076307,0.8753420952458528,491.5420800000029,163.47748916076307,False,-328.0645908392398,18512.362510839237,-163.47748916076307,baseline,163.47748916076307,0.8753420952458528
인천,정보통신업,regional_service_production_index_J,2022,1,4919.510816612226,21001.019282868525,19311.879999999997,1689.1392828685275,8.746633071811381,recursive_no_target_actual,19259.06168445883,-52.818315541167976,0.2735016763834902,1689.1392828685275,52.818315541167976,False,-1636.3209673273595,19259.06168445883,-52.818315541167976,baseline,52.818315541167976,0.27350167638349027
인천,정보통신업,regional_service_production_index_J,2022,2,9799.804983667755,20700.82018728438,19311.879999999997,1388.940187284381,7.192154193607153,recursive_no_target_actual,19354.14843385161,42.26843385160828,0.2188727034944722,1388.940187284381,42.26843385160828,False,-1346.6717534327727,19354.14843385161,42.26843385160828,baseline,42.26843385160828,0.21887270349447221
인천,정보통신업,regional_service_production_index_J,2022,3,14623.45287914139,20316.40811669368,19311.879999999997,1004.5281166936838,5.201607076543993,recursive_no_target_actual,19304.11661016114,-7.763389838855801,0.0402000729025646,1004.5281166936838,7.763389838855801,False,-996.764726854828,19304.11661016114,-7.763389838855801,baseline,7.763389838855801,0.04020007290256465
인천,정보통신업,regional_service_production_index_J,2022,4,19725.9747270182,19725.9747270182,19311.879999999997,414.09472701820414,2.144248654290541,recursive_no_target_actual,19110.844475803693,-201.03552419630432,1.0409940627028769,414.09472701820414,201.03552419630432,False,-213.05920282189982,19110.844475803693,-201.03552419630432,baseline,201.03552419630432,1.0409940627028769
인천,정보통신업,regional_service_production_index_J,2023,1,4274.465155732272,17139.50731620903,18172.53,-1033.0226837909686,5.684528702337917,recursive_no_target_actual,20550.446319642364,2377.916319642365,13.085224344889596,1033.0226837909686,2377.916319642365,True,1344.8936358513965,17139.50731620903,-1033.0226837909686,regional_service_production_index_J,1033.0226837909686,5.684528702337917
인천,정보통신업,regional_service_production_index_J,2023,2,8736.631376187319,17585.918292574475,18172.53,-586.6117074255235,3.228013421496751,recursive_no_target_actual,20004.969686561355,1832.439686561356,10.083569467549957,586.6117074255235,1832.439686561356,True,1245.8279791358325,17585.918292574475,-586.6117074255235,regional_service_production_index_J,586.6117074255235,3.228013421496751
인천,정보통신업,regional_service_production_index_J,2023,3,13134.808597305055,17717.90182359952,18172.53,-454.62817640047797,2.501732980495715,recursive_no_target_actual,20036.061937122857,1863.531937122858,10.25466424940753,454.62817640047797,1863.531937122858,True,1408.90376072238,17717.90182359952,-454.62817640047797,regional_service_production_index_J,454.62817640047797,2.501732980495715
인천,정보통신업,regional_service_production_index_J,2023,4,17916.91981444665,17916.91981444665,18172.53,-255.61018555334886,1.4065745691620752,recursive_no_target_actual,20098.777431091523,1926.247431091524,10.599775766453677,255.61018555334886,1926.247431091524,True,1670.6372455381752,17916.91981444665,-255.61018555334886,regional_service_production_index_J,255.61018555334886,1.4065745691620752
인천,정보통신업,regional_service_production_index_J,2024,1,4608.034392857143,19315.114221556883,18110.51,1204.604221556885,6.651409714894198,recursive_no_target_actual,20601.22999272575,2490.7199927257534,13.752898138847296,1204.604221556885,2490.7199927257534,True,1286.1157711688684,19315.114221556883,1204.604221556885,regional_service_production_index_J,1204.604221556885,6.651409714894198
인천,정보통신업,regional_service_production_index_J,2024,2,9666.055242857143,19822.964853515623,18110.51,1712.4548535156246,9.455586029966161,recursive_no_target_actual,20323.33866825435,2212.828668254351,12.218477934935857,1712.4548535156246,2212.828668254351,True,500.37381473872665,19822.964853515623,1712.4548535156246,regional_service_production_index_J,1712.4548535156246,9.455586029966161
인천,정보통신업,regional_service_production_index_J,2024,3,14988.010457142855,20444.834011042545,18110.51,2334.3240110425468,12.88933338179072,recursive_no_target_actual,20230.96456107463,2120.454561074632,11.708419923429169,2334.3240110425468,2120.454561074632,False,-213.869449967915,20230.96456107463,2120.454561074632,baseline,2120.454561074632,11.708419923429169
인천,정보통신업,regional_service_production_index_J,2024,4,19725.848635714283,19725.848635714283,18110.51,1615.3386357142845,8.919343716517561,recursive_no_target_actual,20191.528579305843,2081.0185793058445,11.490668011590202,1615.3386357142845,2081.0185793058445,True,465.67994359156,19725.848635714283,1615.3386357142845,regional_service_production_index_J,1615.3386357142845,8.919343716517561
인천,정보통신업,regional_service_production_index_J,2025,1,3992.336597938144,17090.199577464788,16664.08,426.11957746478583,2.557114328932565,recursive_no_target_actual,20401.95391310182,3737.873913101819,22.43072472708856,426.11957746478583,3737.873913101819,True,3311.7543356370334,17090.199577464788,426.11957746478583,regional_service_production_index_J,426.11957746478583,2.557114328932565
인천,정보통신업,regional_service_production_index_J,2025,2,8230.966597938143,16797.214288272153,16664.08,133.13428827215103,0.7989297235259972,recursive_no_target_actual,20604.113223369644,3940.033223369642,23.64386886866627,133.13428827215103,3940.033223369642,True,3806.898935097491,16797.214288272153,133.13428827215103,regional_service_production_index_J,133.13428827215103,0.7989297235259972
인천,정보통신업,regional_service_production_index_J,2025,3,12052.48680412371,15862.38087182448,16664.08,-801.6991281755218,4.810941427162626,recursive_no_target_actual,20611.05263851928,3946.972638519277,23.68551182255052,801.6991281755218,3946.972638519277,True,3145.2735103437553,15862.38087182448,-801.6991281755218,regional_service_production_index_J,801.6991281755218,4.810941427162626
인천,정보통신업,regional_service_production_index_J,2025,4,16469.878144329894,16469.878144329894,16664.08,-194.20185567010776,1.1653920028594902,recursive_no_target_actual,20610.98243814007,3946.902438140067,23.685090554894515,194.20185567010776,3946.902438140067,True,3752.700582469959,16469.878144329894,-194.20185567010776,regional_service_production_index_J,194.20185567010776,1.1653920028594902
충북,건설업,regional_construction_orders_bok_12_24q,2021,1,10415.928165578373,39792.06882456623,38452.119999999995,1339.948824566236,3.4847202821749126,recursive_no_target_actual,37800.763657912015,-651.35634208798,1.693941301774727,1339.948824566236,651.35634208798,False,-688.592482478256,37800.763657912015,-651.35634208798,baseline,651.35634208798,1.693941301774727
충북,건설업,regional_construction_orders_bok_12_24q,2021,2,21392.92685581638,43849.803818154185,38452.119999999995,5397.68381815419,14.03741540948637,recursive_no_target_actual,37828.68409117423,-623.4359088257625,1.621330394333947,5397.68381815419,623.4359088257625,False,-4774.247909328427,37828.68409117423,-623.4359088257625,baseline,623.4359088257625,1.621330394333947
충북,건설업,regional_construction_orders_bok_12_24q,2021,3,33395.17217419159,45106.48653733385,38452.119999999995,6654.366537333852,17.305590790140705,recursive_no_target_actual,38059.6709245212,-392.4490754787985,1.0206175250644138,6654.366537333852,392.4490754787985,False,-6261.917461855053,38059.6709245212,-392.4490754787985,baseline,392.4490754787985,1.0206175250644138
충북,건설업,regional_construction_orders_bok_12_24q,2021,4,46368.756816491026,46368.756816491026,38452.119999999995,7916.636816491031,20.588297385140354,recursive_no_target_actual,38406.69346779874,-45.42653220125794,0.1181379133354882,7916.636816491031,45.42653220125794,False,-7871.210284289773,38406.69346779874,-45.42653220125794,baseline,45.42653220125794,0.11813791333548827
충북,건설업,regional_construction_orders_bok_12_24q,2022,1,11703.45292277702,52100.451718060154,44883.57,7216.8817180601545,16.079116964314903,recursive_no_target_actual,38456.21893491662,-6427.351065083378,14.320053117618269,7216.8817180601545,6427.351065083378,False,-789.5306529767768,38456.21893491662,-6427.351065083378,baseline,6427.351065083378,14.320053117618267
충북,건설업,regional_construction_orders_raw,2022,2,18843.151443927793,43400.77210263633,44883.57,-1482.797897363671,3.3036540929424083,recursive_no_target_actual,38260.05989419426,-6623.510105805741,14.757092864506411,1482.797897363671,6623.510105805741,True,5140.71220844207,43400.77210263633,-1482.797897363671,regional_construction_orders_raw,1482.797897363671,3.3036540929424083
충북,건설업,regional_construction_orders_raw,2022,3,32089.84771474803,46422.45949165704,44883.57,1538.8894916570425,3.42862542274833,recursive_no_target_actual,38620.09040394731,-6263.47959605269,13.954949653186432,1538.8894916570425,6263.47959605269,True,4724.590104395647,46422.45949165704,1538.8894916570425,regional_construction_orders_raw,1538.8894916570425,3.42862542274833
충북,건설업,regional_construction_orders_raw,2022,4,45937.28364561787,45937.28364561787,44883.57,1053.7136456178705,2.3476600582749336,recursive_no_target_actual,38833.30454593456,-6050.26545406544,13.479911366376248,1053.7136456178705,6050.26545406544,True,4996.55180844757,45937.28364561787,1053.7136456178705,regional_construction_orders_raw,1053.7136456178705,2.3476600582749336
충북,건설업,regional_construction_orders_bok_12_24q,2023,1,12760.715790342616,56160.04772064843,44923.93,11236.117720648428,25.011430924784246,recursive_no_target_actual,45867.186850302365,943.2568503023648,2.099675719159844,11236.117720648428,943.2568503023648,False,-10292.860870346063,45867.186850302365,943.2568503023648,baseline,943.2568503023648,2.0996757191598436
충북,건설업,regional_construction_orders_bok_12_24q,2023,2,25480.93509735623,55249.004129351764,44923.93,10325.074129351764,22.98346144104437,recursive_no_target_actual,45324.63522700219,400.7052270021886,0.8919638753826493,10325.074129351764,400.7052270021886,False,-9924.368902349575,45324.63522700219,400.7052270021886,baseline,400.7052270021886,0.8919638753826493
충북,건설업,regional_construction_orders_bok_12_24q,2023,3,38138.33660456391,52852.57687135999,44923.93,7928.64687135999,17.649050008224993,recursive_no_target_actual,45297.270104534175,373.3401045341743,0.8310495197863907,7928.64687135999,373.3401045341743,False,-7555.306766825815,45297.270104534175,373.3401045341743,baseline,373.3401045341743,0.8310495197863907
충북,건설업,regional_construction_orders_bok_12_24q,2023,4,50995.809699082485,50995.809699082485,44923.93,6071.879699082485,13.515913899524119,recursive_no_target_actual,44625.78226547755,-298.14773452244845,0.6636724225205775,6071.879699082485,298.14773452244845,False,-5773.731964560036,44625.78226547755,-298.14773452244845,baseline,298.14773452244845,0.6636724225205775
충북,건설업,regional_construction_orders_bok_12_24q,2024,1,10946.491242733715,43745.601223215825,46546.03,-2800.4287767841743,6.016471816789045,recursive_no_target_actual,46196.58741342073,-349.4425865792655,0.7507462754165404,2800.4287767841743,349.4425865792655,False,-2450.986190204909,46196.58741342073,-349.4425865792655,baseline,349.4425865792655,0.7507462754165404
충북,건설업,regional_construction_orders_bok_12_24q,2024,2,21955.734536256386,43940.71316207987,46546.03,-2605.3168379201306,5.597291193083772,recursive_no_target_actual,45067.34117744826,-1478.6888225517396,3.1768312411428847,2605.3168379201306,1478.6888225517396,False,-1126.628015368391,45067.34117744826,-1478.6888225517396,baseline,1478.6888225517396,3.1768312411428847
충북,건설업,regional_construction_orders_bok_12_24q,2024,3,32703.19020072978,43728.32725561876,46546.03,-2817.7027443812403,6.053583397727455,recursive_no_target_actual,43903.53213045867,-2642.49786954133,5.677171328126867,2817.7027443812403,2642.49786954133,False,-175.2048748399102,43903.53213045867,-2642.49786954133,baseline,2642.49786954133,5.677171328126867
충북,건설업,regional_construction_orders_bok_12_24q,2024,4,44211.224973973454,44211.224973973454,46546.03,-2334.8050260265445,5.016120657393433,recursive_no_target_actual,43267.35196912524,-3278.678030874762,7.043947745650407,2334.8050260265445,3278.678030874762,True,943.8730048482175,44211.224973973454,-2334.8050260265445,regional_construction_orders_bok_12_24q,2334.8050260265445,5.016120657393433
충북,건설업,regional_construction_orders_bok_12_24q,2025,1,12330.510013093033,49801.06777087656,43703.439999999995,6097.627770876563,13.952283323410155,recursive_no_target_actual,37940.46573531215,-5762.974264687844,13.186546104123256,6097.627770876563,5762.974264687844,False,-334.6535061887189,37940.46573531215,-5762.974264687844,baseline,5762.974264687844,13.186546104123256
충북,건설업,regional_construction_orders_bok_12_24q,2025,2,24995.14065003218,50331.53341828953,43703.439999999995,6628.093418289536,15.166067976089609,recursive_no_target_actual,38403.770234266165,-5299.66976573383,12.126436192972063,6628.093418289536,5299.66976573383,False,-1328.4236525557062,38403.770234266165,-5299.66976573383,baseline,5299.66976573383,12.126436192972065
충북,건설업,regional_construction_orders_bok_12_24q,2025,3,37634.05378478473,50877.22660539111,43703.439999999995,7173.786605391113,16.414695514566162,recursive_no_target_actual,39041.92982286607,-4661.510177133925,10.66623171341644,7173.786605391113,4661.510177133925,False,-2512.276428257188,39041.92982286607,-4661.510177133925,baseline,4661.510177133925,10.666231713416439
충북,건설업,regional_construction_orders_bok_12_24q,2025,4,49502.784101333316,49502.784101333316,43703.439999999995,5799.344101333321,13.269765724010105,recursive_no_target_actual,39291.805496052286,-4411.634503947709,10.094478841820482,5799.344101333321,4411.634503947709,False,-1387.7095973856121,39291.805496052286,-4411.634503947709,baseline,4411.634503947709,10.094478841820482
충북,"광업, 제조업",regional_manufacturing_production_index,2021,1,93063.56936999998,396859.57087420044,367467.87,29391.70087420044,7.998441026748934,recursive_no_target_actual,354380.4489165593,-13087.421083440711,3.561514394017826,29391.70087420044,13087.421083440711,False,-16304.279790759729,354380.4489165593,-13087.421083440711,baseline,13087.421083440711,3.5615143940178258
충북,"광업, 제조업",regional_manufacturing_production_index,2021,2,184829.49576,384927.79401596665,367467.87,17459.92401596665,4.751415141673925,recursive_no_target_actual,369379.0286372286,1911.1586372285965,0.5200886371993819,17459.92401596665,1911.1586372285965,False,-15548.765378738055,369379.0286372286,1911.1586372285965,baseline,1911.1586372285965,0.5200886371993819
충북,"광업, 제조업",regional_manufacturing_production_index,2021,3,285001.89189,387406.28711826005,367467.87,19938.417118260055,5.4258940021776745,recursive_no_target_actual,366063.0853382388,-1404.784661761194,0.3822877526030219,19938.417118260055,1404.784661761194,False,-18533.63245649886,366063.0853382388,-1404.784661761194,baseline,1404.784661761194,0.3822877526030219
충북,"광업, 제조업",regional_manufacturing_production_index,2021,4,388333.76658,388333.76658,367467.87,20865.89658,5.678291432663215,recursive_no_target_actual,360444.8101335303,-7023.0598664696445,1.9112037921763456,20865.89658,7023.0598664696445,False,-13842.836713530356,360444.8101335303,-7023.0598664696445,baseline,7023.0598664696445,1.9112037921763458
충북,"광업, 제조업",regional_manufacturing_production_index,2022,1,92334.11029565595,385289.89461351925,381258.56,4031.334613519255,1.057375502210168,recursive_no_target_actual,383067.21603307704,1808.6560330770444,0.4743909312034973,4031.334613519255,1808.6560330770444,False,-2222.6785804422107,383067.21603307704,1808.6560330770444,baseline,1808.6560330770444,0.4743909312034973
충북,"광업, 제조업",regional_manufacturing_production_index,2022,2,192542.91343236956,404539.9490705128,381258.56,23281.389070512785,6.1064567495908255,recursive_no_target_actual,382026.39042275975,767.8304227597546,0.201393621892648,23281.389070512785,767.8304227597546,False,-22513.55864775303,382026.39042275975,767.8304227597546,baseline,767.8304227597546,0.20139362189264803
충북,"광업, 제조업",regional_manufacturing_production_index,2022,3,285918.0848154874,389582.13951994455,381258.56,8323.579519944557,2.183184954573756,recursive_no_target_actual,382172.1515067792,913.591506779194,0.239625178980688,8323.579519944557,913.591506779194,False,-7409.988013165363,382172.1515067792,913.591506779194,baseline,913.591506779194,0.23962517898068808
충북,"광업, 제조업",regional_manufacturing_production_index,2022,4,371124.93074313516,371124.93074313516,381258.56,-10133.629256864835,2.6579414392334786,recursive_no_target_actual,376365.2607972396,-4893.2992027603905,1.2834594986563423,10133.629256864835,4893.2992027603905,False,-5240.330054104445,376365.2607972396,-4893.2992027603905,baseline,4893.2992027603905,1.2834594986563423
충북,"광업, 제조업",regional_manufacturing_production_index,2024,1,82742.8297324113,341336.6222511628,341791.63,-455.0077488372335,0.13312430993036123,recursive_no_target_actual,414460.8731398434,72669.2431398434,21.26127054072196,455.0077488372335,72669.2431398434,True,72214.23539100616,341336.6222511628,-455.0077488372335,regional_manufacturing_production_index,455.0077488372335,0.13312430993036123
충북,"광업, 제조업",regional_manufacturing_production_index,2024,2,170192.58690469028,332927.83063961176,341791.63,-8863.79936038825,2.593334237116412,recursive_no_target_actual,408997.7348275485,67206.1048275485,19.66288783243419,8863.79936038825,67206.1048275485,True,58342.305467160244,332927.83063961176,-8863.79936038825,regional_manufacturing_production_index,8863.79936038825,2.593334237116412
충북,"광업, 제조업",regional_manufacturing_production_index,2024,3,253375.830900481,338478.96920373524,341791.63,-3312.6607962647686,0.9692047743430021,recursive_no_target_actual,405783.617537315,63991.987537315,18.72251451485661,3312.6607962647686,63991.987537315,True,60679.32674105023,338478.96920373524,-3312.6607962647686,regional_manufacturing_production_index,3312.6607962647686,0.9692047743430021
충북,"광업, 제조업",regional_manufacturing_production_index,2024,4,340440.22559230303,340440.22559230303,341791.63,-1351.404407696973,0.39538838551926303,recursive_no_target_actual,403069.21875134535,61277.58875134535,17.92834679753432,1351.404407696973,61277.58875134535,True,59926.184343648376,340440.22559230303,-1351.404407696973,regional_manufacturing_production_index,1351.404407696973,0.39538838551926303
충북,"광업, 제조업",regional_manufacturing_production_index,2025,1,85751.89423431437,352820.83429474384,370075.14,-17254.305705256178,4.662379025312583,recursive_no_target_actual,405165.6368589553,35090.4968589553,9.481992456709008,17254.305705256178,35090.4968589553,True,17836.191153699125,352820.83429474384,-17254.305705256178,regional_manufacturing_production_index,17254.305705256178,4.662379025312583
충북,"광업, 제조업",regional_manufacturing_production_index,2025,2,150418.16317027813,300884.9817386382,370075.14,-69190.15826136182,18.696245919507543,recursive_no_target_actual,409185.3690252963,39110.229025296285,10.568185970367068,69190.15826136182,39110.229025296285,False,-30079.929236065538,409185.3690252963,39110.229025296285,baseline,39110.229025296285,10.568185970367068
충북,"광업, 제조업",regional_manufacturing_production_index,2025,3,150418.16317027813,202104.49126453014,370075.14,-167970.64873546988,45.38825513528681,recursive_no_target_actual,412140.2566838502,42065.11668385018,11.366642105127672,167970.64873546988,42065.11668385018,False,-125905.5320516197,412140.2566838502,42065.11668385018,baseline,42065.11668385018,11.366642105127672
충북,"광업, 제조업",regional_manufacturing_production_index,2025,4,150418.16317027813,150418.16317027813,370075.14,-219656.97682972188,59.35469667855071,recursive_no_target_actual,411950.22088747006,41875.080887470045,11.315291507413884,219656.97682972188,41875.080887470045,False,-177781.89594225184,411950.22088747006,41875.080887470045,baseline,41875.080887470045,11.315291507413884
충북,교육 서비스업,regional_service_production_index_P,2021,1,8826.808305,34446.0811902439,36470.39,-2024.3088097560976,5.55055432573136,recursive_no_target_actual,35397.10839799352,-1073.2816020064784,2.9428849047308745,2024.3088097560976,1073.2816020064784,False,-951.0272077496193,35397.10839799352,-1073.2816020064784,baseline,1073.2816020064784,2.9428849047308745
충북,교육 서비스업,regional_service_production_index_P,2021,2,17524.945935000003,35137.73621052632,36470.39,-1332.653789473683,3.654070574714674,recursive_no_target_actual,35744.155670262946,-726.2343297370535,1.9912985019821656,1332.653789473683,726.2343297370535,False,-606.4194597366295,35744.155670262946,-726.2343297370535,baseline,726.2343297370535,1.9912985019821656
충북,교육 서비스업,regional_service_production_index_P,2021,3,26205.927475,34755.87198275862,36470.39,-1714.518017241382,4.701123342090343,recursive_no_target_actual,36040.9673514757,-429.422648524298,1.1774555976075332,1714.518017241382,429.422648524298,False,-1285.095368717084,36040.9673514757,-429.422648524298,baseline,429.422648524298,1.1774555976075332
충북,교육 서비스업,regional_service_production_index_P,2021,4,34878.33097,34878.33097,36470.39,-1592.0590299999967,4.365346874546713,recursive_no_target_actual,36095.26318411987,-375.1268158801322,1.028579118238473,1592.0590299999967,375.1268158801322,False,-1216.9322141198645,36095.26318411987,-375.1268158801322,baseline,375.1268158801322,1.028579118238473
충북,교육 서비스업,regional_service_production_index_P,2022,1,9543.653457943925,37710.87945578231,38221.17,-510.29054421768524,1.3350992243766615,recursive_no_target_actual,38231.71020369671,10.540203696713434,0.027576873488471,510.29054421768524,10.540203696713434,False,-499.7503405209718,38231.71020369671,10.540203696713434,baseline,10.540203696713434,0.02757687348847101
충북,교육 서비스업,regional_service_production_index_P,2022,2,18701.614153959665,37220.14838472834,38221.17,-1001.0216152716603,2.6190239997144524,recursive_no_target_actual,38128.65431631221,-92.51568368779408,0.2420535103655751,1001.0216152716603,92.51568368779408,False,-908.5059315838662,38128.65431631221,-92.51568368779408,baseline,92.51568368779408,0.24205351036557513
충북,교육 서비스업,regional_service_production_index_P,2022,3,27689.152466797834,36852.40390507365,38221.17,-1368.7660949263518,3.581172671915464,recursive_no_target_actual,37977.59867720986,-243.57132279013604,0.6372680972093111,1368.7660949263518,243.57132279013604,False,-1125.1947721362158,37977.59867720986,-243.57132279013604,baseline,243.57132279013604,0.6372680972093111
충북,교육 서비스업,regional_service_production_index_P,2022,4,36578.0251893753,36578.0251893753,38221.17,-1643.1448106246971,4.29904372530903,recursive_no_target_actual,37932.10576513795,-289.06423486204585,0.7562935275451952,1643.1448106246971,289.06423486204585,False,-1354.0805757626513,37932.10576513795,-289.06423486204585,baseline,289.06423486204585,0.7562935275451952
충북,교육 서비스업,regional_service_production_index_P,2024,1,10451.7086770428,39392.69118240146,39559.04,-166.34881759854034,0.4205077211139106,recursive_no_target_actual,39155.196760619205,-403.84323938079615,1.0208620820444485,166.34881759854034,403.84323938079615,True,237.4944217822558,39392.69118240146,-166.34881759854034,regional_service_production_index_P,166.34881759854034,0.4205077211139106
충북,교육 서비스업,regional_service_production_index_P,2024,2,19892.57691634241,38933.020599714415,39559.04,-626.019400285586,1.5824939136176865,recursive_no_target_actual,39171.65648214005,-387.38351785994746,0.9792540917574024,626.019400285586,387.38351785994746,False,-238.63588242563856,39171.65648214005,-387.38351785994746,baseline,387.38351785994746,0.9792540917574023
충북,교육 서비스업,regional_service_production_index_P,2024,3,29476.488613813228,38923.35298008991,39559.04,-635.6870199100886,1.606932372246871,recursive_no_target_actual,39102.923618813365,-456.1163811866354,1.1530016430799013,635.6870199100886,456.1163811866354,False,-179.57063872345316,39102.923618813365,-456.1163811866354,baseline,456.1163811866354,1.1530016430799013
충북,교육 서비스업,regional_service_production_index_P,2024,4,38860.139469844355,38860.139469844355,39559.04,-698.9005301556463,1.7667277319056436,recursive_no_target_actual,39090.641807019245,-468.398192980756,1.1840484323703406,698.9005301556463,468.398192980756,False,-230.50233717489027,39090.641807019245,-468.398192980756,baseline,468.398192980756,1.1840484323703406
충북,교육 서비스업,regional_service_production_index_P,2025,1,10290.204269938651,38259.65547445256,39496.67,-1237.0145255474417,3.1319463781312242,recursive_no_target_actual,38844.12185387753,-652.5481461224699,1.6521599064489991,1237.0145255474417,652.5481461224699,False,-584.4663794249718,38844.12185387753,-652.5481461224699,baseline,652.5481461224699,1.6521599064489991
충북,교육 서비스업,regional_service_production_index_P,2025,2,19755.25065030675,38591.87267497603,39496.67,-904.7973250239666,2.2908192640644556,recursive_no_target_actual,38772.82147351815,-723.8485264818519,1.8326824172312548,904.7973250239666,723.8485264818519,False,-180.94879854211467,38772.82147351815,-723.8485264818519,baseline,723.8485264818519,1.8326824172312548
충북,교육 서비스업,regional_service_production_index_P,2025,3,29501.821487116562,38893.536900679384,39496.67,-603.1330993206138,1.5270479747295502,recursive_no_target_actual,38909.44309602896,-587.2269039710372,1.4867757306401712,603.1330993206138,587.2269039710372,False,-15.906195349576592,38909.44309602896,-587.2269039710372,baseline,587.2269039710372,1.4867757306401712
충북,교육 서비스업,regional_service_production_index_P,2025,4,38947.45238773006,38947.45238773006,39496.67,-549.2176122699384,1.3905415627948847,recursive_no_target_actual,38963.53702768002,-533.1329723199815,1.3498175221353637,549.2176122699384,533.1329723199815,False,-16.08463994995691,38963.53702768002,-533.1329723199815,baseline,533.1329723199815,1.3498175221353637
충북,금융 및 보험업,regional_service_production_index_K,2021,1,5360.536274068517,21941.43762538383,21623.73,317.7076253838313,1.4692544967211083,recursive_no_target_actual,22192.728502459915,568.9985024599155,2.6313614832404744,317.7076253838313,568.9985024599155,True,251.29087707608414,21941.43762538383,317.7076253838313,regional_service_production_index_K,317.7076253838313,1.4692544967211083
충북,금융 및 보험업,regional_service_production_index_K,2021,2,10721.072548137034,21829.71951120163,21623.73,205.9895112016311,0.9526085980616253,recursive_no_target_actual,21840.984607263083,217.25460726308305,1.0047045873356863,205.9895112016311,217.25460726308305,True,11.265096061451942,21829.71951120163,205.9895112016311,regional_service_production_index_K,205.9895112016311,0.9526085980616253
충북,금융 및 보험업,regional_service_production_index_K,2021,3,16198.9183695924,21803.9295052171,21623.73,180.19950521710052,0.8333414504209057,recursive_no_target_actual,21810.716731286393,186.98673128639348,0.864729310282701,180.19950521710052,186.98673128639348,True,6.787226069292956,21803.9295052171,180.19950521710052,regional_service_production_index_K,180.19950521710052,0.8333414504209057
충북,금융 및 보험업,regional_service_production_index_K,2021,4,21783.872908227055,21783.872908227055,21623.73,160.14290822705516,0.7405887338912166,recursive_no_target_actual,21773.88205773516,150.15205773515845,0.6943855557536024,160.14290822705516,150.15205773515845,False,-9.990850491896708,21773.88205773516,150.15205773515845,baseline,150.15205773515845,0.6943855557536024
충북,금융 및 보험업,regional_service_production_index_K,2022,1,5518.58246312339,22426.13292102759,22478.23,-52.09707897240878,0.23176682048545988,recursive_no_target_actual,22779.595424019004,301.3654240190044,1.3406990853772938,52.09707897240878,301.3654240190044,True,249.26834504659564,22426.13292102759,-52.09707897240878,regional_service_production_index_K,52.09707897240878,0.23176682048545988
충북,금융 및 보험업,regional_service_production_index_K,2022,2,11239.681713884334,22837.62159847764,22478.23,359.3915984776395,1.5988429626249019,recursive_no_target_actual,22620.80555876213,142.57555876213155,0.634282853953054,359.3915984776395,142.57555876213155,False,-216.81603971550794,22620.80555876213,142.57555876213155,baseline,142.57555876213155,0.634282853953054
충북,금융 및 보험업,regional_service_production_index_K,2022,3,17112.66855537345,23012.65976070529,22478.23,534.4297607052904,2.3775437866117146,recursive_no_target_actual,22295.511633983857,-182.71836601614268,0.8128681218055989,534.4297607052904,182.71836601614268,False,-351.7113946891477,22295.511633983857,-182.71836601614268,baseline,182.71836601614268,0.8128681218055989
충북,금융 및 보험업,regional_service_production_index_K,2022,4,23289.43057831889,23289.43057831889,22478.23,811.2005783188906,3.6088276448763565,recursive_no_target_actual,22215.10375723606,-263.12624276394126,1.17058257151004,811.2005783188906,263.12624276394126,False,-548.0743355549494,22215.10375723606,-263.12624276394126,baseline,263.12624276394126,1.17058257151004
충북,금융 및 보험업,regional_service_production_index_K,2023,1,5800.360654347826,24478.586247706422,23244.03,1234.5562477064232,5.311283145420235,recursive_no_target_actual,22770.532295903704,-473.4977040962949,2.037072332535687,1234.5562477064232,473.4977040962949,False,-761.0585436101283,22770.532295903704,-473.4977040962949,baseline,473.4977040962949,2.037072332535687
충북,금융 및 보험업,regional_service_production_index_K,2023,2,11522.536160869566,23875.52537837838,23244.03,631.4953783783822,2.716806760180494,recursive_no_target_actual,22839.120310512473,-404.9096894875256,1.7419943507538307,631.4953783783822,404.9096894875256,False,-226.58568889085655,22839.120310512473,-404.9096894875256,baseline,404.9096894875256,1.7419943507538307
충북,금융 및 보험업,regional_service_production_index_K,2023,3,17298.46395652174,23542.28822485207,23244.03,298.25822485207027,1.2831605571498155,recursive_no_target_actual,22906.7701788731,-337.2598211268996,1.4509524429580396,298.25822485207027,337.2598211268996,True,39.00159627482935,23542.28822485207,298.25822485207027,regional_service_production_index_K,298.25822485207027,1.2831605571498155
충북,금융 및 보험업,regional_service_production_index_K,2023,4,23162.350043478258,23162.350043478258,23244.03,-81.67995652174068,0.3514018718859883,recursive_no_target_actual,22619.87161876572,-624.1583812342797,2.6852416781181216,81.67995652174068,624.1583812342797,True,542.478424712539,23162.350043478258,-81.67995652174068,regional_service_production_index_K,81.67995652174068,0.3514018718859883
충북,금융 및 보험업,regional_service_production_index_K,2025,1,5928.591597981496,23714.366391925985,24390.679999999997,-676.3136080740114,2.7728362147919268,recursive_no_target_actual,24688.639478348672,297.9594783486755,1.2216120188066732,676.3136080740114,297.9594783486755,False,-378.35412972533595,24688.639478348672,297.9594783486755,baseline,297.9594783486755,1.2216120188066732
충북,금융 및 보험업,regional_service_production_index_K,2025,2,11976.350866274177,23972.863939393934,24390.679999999997,-417.8160606060628,1.7130152197727282,recursive_no_target_actual,24571.87933559608,181.199335596084,0.7429039928205529,417.8160606060628,181.199335596084,False,-236.6167250099788,24571.87933559608,181.199335596084,baseline,181.199335596084,0.7429039928205529
충북,금융 및 보험업,regional_service_production_index_K,2025,3,17949.63034062237,24054.224260355026,24390.679999999997,-336.4557396449709,1.3794438680880194,recursive_no_target_actual,24460.36571004449,69.68571004449404,0.2857063027537324,336.4557396449709,69.68571004449404,False,-266.77002960047685,24460.36571004449,69.68571004449404,baseline,69.68571004449404,0.2857063027537324
충북,금융 및 보험업,regional_service_production_index_K,2025,4,24061.938763666945,24061.938763666945,24390.679999999997,-328.74123633305135,1.3478149700338464,recursive_no_target_actual,24559.17049673336,168.49049673336413,0.6907986851263029,328.74123633305135,168.49049673336413,False,-160.25073959968722,24559.17049673336,168.49049673336413,baseline,168.49049673336413,0.6907986851263029
충북,도매 및 소매업,regional_service_production_index_G,2021,1,7282.8854249999995,29786.85245398773,29772.34,14.512453987728804,0.04874475431803078,recursive_no_target_actual,29589.367033306647,-182.97296669335265,0.6145736838063539,14.512453987728804,182.97296669335265,True,168.46051270562384,29786.85245398773,14.512453987728804,regional_service_production_index_G,14.512453987728804,0.04874475431803078
충북,도매 및 소매업,regional_service_production_index_G,2021,2,14866.474075,29867.351230537417,29772.34,95.01123053741685,0.3191258414266962,recursive_no_target_actual,29864.23384879163,91.89384879163116,0.3086551100505744,95.01123053741685,91.89384879163116,False,-3.1173817457856927,29864.23384879163,91.89384879163116,baseline,91.89384879163116,0.3086551100505743
충북,도매 및 소매업,regional_service_production_index_G,2021,3,22347.383575,30087.35587344328,29772.34,315.0158734432807,1.0580823457050426,recursive_no_target_actual,29747.716286809773,-24.623713190227136,0.0827066773731159,315.0158734432807,24.623713190227136,False,-290.3921602530536,29747.716286809773,-24.623713190227136,baseline,24.623713190227136,0.0827066773731159
충북,도매 및 소매업,regional_service_production_index_G,2021,4,30209.672775,30209.672775,29772.34,437.33277499999895,1.4689230843124825,recursive_no_target_actual,29776.99670739264,4.656707392641692,0.0156410527108104,437.33277499999895,4.656707392641692,False,-432.67606760735725,29776.99670739264,4.656707392641692,baseline,4.656707392641692,0.01564105271081041
충북,도매 및 소매업,regional_service_production_index_G,2022,1,7322.015154163632,30371.9843101712,29638.72,733.2643101711983,2.4740080211669,recursive_no_target_actual,30892.012182703224,1253.2921827032224,4.228563793251606,733.2643101711983,1253.2921827032224,True,520.027872532024,30371.9843101712,733.2643101711983,regional_service_production_index_G,733.2643101711983,2.4740080211669
충북,도매 및 소매업,regional_service_production_index_G,2022,2,14911.46817674193,30301.103808584117,29638.72,662.3838085841162,2.234859699015734,recursive_no_target_actual,30799.704824851386,1160.9848248513808,3.917122010840484,662.3838085841162,1160.9848248513808,True,498.60101626726464,30301.103808584117,662.3838085841162,regional_service_production_index_G,662.3838085841162,2.234859699015734
충북,도매 및 소매업,regional_service_production_index_G,2022,3,22262.39553289634,30094.784115523467,29638.72,456.06411552346617,1.5387443031394952,recursive_no_target_actual,30880.01764633903,1241.2976463390332,4.188094648955937,456.06411552346617,1241.2976463390332,True,785.2335308155671,30094.784115523467,456.06411552346617,regional_service_production_index_G,456.06411552346617,1.5387443031394952
충북,도매 및 소매업,regional_service_production_index_G,2022,4,29938.585161446954,29938.585161446954,29638.72,299.8651614469527,1.0117345197328114,recursive_no_target_actual,30862.973458546938,1224.253458546933,4.130588158148978,299.8651614469527,1224.253458546933,True,924.3882970999803,29938.585161446954,299.8651614469527,regional_service_production_index_G,299.8651614469527,1.0117345197328114
충북,도매 및 소매업,regional_service_production_index_G,2023,1,7584.9935296958,31013.862981243834,29287.22,1726.6429812438328,5.895550964700073,recursive_no_target_actual,30917.352525685073,1630.1325256850723,5.566020010383616,1726.6429812438328,1630.1325256850723,False,-96.51045555876044,30917.352525685073,1630.1325256850723,baseline,1630.1325256850723,5.566020010383616
충북,도매 및 소매업,regional_service_production_index_G,2023,2,15069.807899565429,30256.492641783807,29287.22,969.2726417838057,3.309541300894403,recursive_no_target_actual,29691.00073134284,403.7807313428384,1.3786925879029774,969.2726417838057,403.7807313428384,False,-565.4919104409673,29691.00073134284,403.7807313428384,baseline,403.7807313428384,1.3786925879029774
충북,도매 및 소매업,regional_service_production_index_G,2023,3,22311.33002414293,30004.392519480523,29287.22,717.1725194805222,2.4487558719486593,recursive_no_target_actual,29124.689197040825,-162.53080295917607,0.5549546968239938,717.1725194805222,162.53080295917607,False,-554.6417165213461,29124.689197040825,-162.53080295917607,baseline,162.53080295917607,0.5549546968239938
충북,도매 및 소매업,regional_service_production_index_G,2023,4,29846.233973925646,29846.233973925646,29287.22,559.0139739256447,1.9087300669904643,recursive_no_target_actual,28667.57326752048,-619.646732479523,2.1157581104643013,559.0139739256447,619.646732479523,True,60.632758553878375,29846.233973925646,559.0139739256447,regional_service_production_index_G,559.0139739256447,1.9087300669904643
충북,도매 및 소매업,regional_service_production_index_G,2024,1,7098.868237832653,27933.37681132075,29197.14,-1263.7631886792478,4.328380069689182,recursive_no_target_actual,27958.994342678234,-1238.1456573217656,4.24064020421783,1263.7631886792478,1238.1456573217656,False,-25.61753135748222,27958.994342678234,-1238.1456573217656,baseline,1238.1456573217656,4.24064020421783
충북,도매 및 소매업,regional_service_production_index_G,2024,2,14436.471906017741,28591.891889838556,29197.14,-605.248110161443,2.072970538078192,recursive_no_target_actual,28151.930821289207,-1045.209178710793,3.5798341163236977,605.248110161443,1045.209178710793,True,439.9610685493499,28591.891889838556,-605.248110161443,regional_service_production_index_G,605.248110161443,2.072970538078192
충북,도매 및 소매업,regional_service_production_index_G,2024,3,21535.340143850393,28808.179518922385,29197.14,-388.96048107761453,1.3321869233685715,recursive_no_target_actual,28201.506280791575,-995.6337192084248,3.410038514760092,388.96048107761453,995.6337192084248,True,606.6732381308103,28808.179518922385,-388.96048107761453,regional_service_production_index_G,388.96048107761453,1.3321869233685715
충북,도매 및 소매업,regional_service_production_index_G,2024,4,28823.792399904098,28823.792399904098,29197.14,-373.3476000959017,1.2787129153605514,recursive_no_target_actual,28249.57819015457,-947.5618098454288,3.245392561892805,373.3476000959017,947.5618098454288,True,574.2142097495271,28823.792399904098,-373.3476000959017,regional_service_production_index_G,373.3476000959017,1.2787129153605514
충북,도매 및 소매업,regional_service_production_index_G,2025,1,7169.480419001217,29110.501602373886,29438.28,-327.77839762611256,1.1134427610108764,recursive_no_target_actual,28022.540455088627,-1415.739544911372,4.809178881753186,327.77839762611256,1415.739544911372,True,1087.9611472852594,29110.501602373886,-327.77839762611256,regional_service_production_index_G,327.77839762611256,1.1134427610108764
충북,도매 및 소매업,regional_service_production_index_G,2025,2,14616.351449451888,29182.939056420233,29438.28,-255.34094357976574,0.8673772502325738,recursive_no_target_actual,28153.565284001445,-1284.7147159985543,4.364095714826255,255.34094357976574,1284.7147159985543,True,1029.3737724187886,29182.939056420233,-255.34094357976574,regional_service_production_index_G,255.34094357976574,0.8673772502325738
충북,도매 및 소매업,regional_service_production_index_G,2025,3,22098.785378806333,29577.93087055755,29438.28,139.65087055755066,0.47438529206716784,recursive_no_target_actual,28561.48653048447,-876.7934695155272,2.9784126977375287,139.65087055755066,876.7934695155272,True,737.1425989579766,29577.93087055755,139.65087055755066,regional_service_production_index_G,139.65087055755066,0.47438529206716784
충북,도매 및 소매업,regional_service_production_index_G,2025,4,29666.570265529845,29666.570265529845,29438.28,228.29026552984578,0.7754877850534942,recursive_no_target_actual,28755.79574734745,-682.4842526525499,2.3183564143440103,228.29026552984578,682.4842526525499,True,454.19398712270413,29666.570265529845,228.29026552984578,regional_service_production_index_G,228.29026552984578,0.7754877850534942
충북,문화 및 기타서비스업,regional_service_production_index_R_S,2021,1,4514.7990748843595,20096.76004451864,22515.71,-2418.949955481359,10.743387419190242,recursive_no_target_actual,20861.286958261055,-1654.4230417389444,7.347860856881459,2418.949955481359,1654.4230417389444,False,-764.5269137424148,20861.286958261055,-1654.4230417389444,baseline,1654.4230417389444,7.347860856881459
충북,문화 및 기타서비스업,regional_service_production_index_R_S,2021,2,10793.15016377047,22159.75568788501,22515.71,-355.9543121149909,1.5809153347373497,recursive_no_target_actual,21787.65285002077,-728.0571499792277,3.2335518177273896,355.9543121149909,728.0571499792277,True,372.1028378642368,22159.75568788501,-355.9543121149909,regional_service_production_index_R_S,355.9543121149909,1.5809153347373497
충북,문화 및 기타서비스업,regional_service_production_index_R_S,2021,3,17002.65387673459,23035.94653794037,22515.71,520.2365379403709,2.310549114109086,recursive_no_target_actual,21827.33055535416,-688.3794446458414,3.0573295030262937,520.2365379403709,688.3794446458414,True,168.14290670547052,23035.94653794037,520.2365379403709,regional_service_production_index_R_S,520.2365379403709,2.310549114109086
충북,문화 및 기타서비스업,regional_service_production_index_R_S,2021,4,23508.730901362665,23508.730901362665,22515.71,993.0209013626663,4.410346826116815,recursive_no_target_actual,21974.928693890284,-540.7813061097149,2.4017954846181397,993.0209013626663,540.7813061097149,False,-452.2395952529514,21974.928693890284,-540.7813061097149,baseline,540.7813061097149,2.4017954846181397
충북,문화 및 기타서비스업,regional_service_production_index_R_S,2022,1,4734.943745212886,24655.032592375366,22663.14,1991.8925923753668,8.789128922008896,recursive_no_target_actual,23120.491559669517,457.3515596695179,2.0180414526385926,1991.8925923753668,457.3515596695179,False,-1534.541032705849,23120.491559669517,457.3515596695179,baseline,457.3515596695179,2.0180414526385926
충북,문화 및 기타서비스업,regional_service_production_index_R_S,2022,2,11668.707108583012,25415.795316486747,22663.14,2752.6553164867473,12.145957340804264,recursive_no_target_actual,23342.618673073364,679.4786730733649,2.9981665077008963,2752.6553164867473,679.4786730733649,False,-2073.1766434133824,23342.618673073364,679.4786730733649,baseline,679.4786730733649,2.9981665077008963
충북,문화 및 기타서비스업,regional_service_production_index_R_S,2022,3,17963.36719193512,24837.06181747391,22663.14,2173.921817473911,9.592324000442616,recursive_no_target_actual,23823.292551351456,1160.152551351457,5.119116553802593,2173.921817473911,1160.152551351457,False,-1013.7692661224537,23823.292551351456,1160.152551351457,baseline,1160.152551351457,5.119116553802593
충북,문화 및 기타서비스업,regional_service_production_index_R_S,2022,4,25211.609947060148,25211.609947060148,22663.14,2548.469947060148,11.24499935604752,recursive_no_target_actual,23806.86658753939,1143.7265875393896,5.046637789553388,2548.469947060148,1143.7265875393896,False,-1404.7433595207585,23806.86658753939,1143.7265875393896,baseline,1143.7265875393896,5.046637789553388
충북,문화 및 기타서비스업,regional_service_production_index_R_S,2023,1,4751.029449753547,25297.2596464917,23366.63,1930.6296464916995,8.262336701919358,recursive_no_target_actual,25438.671492096157,2072.0414920961557,8.86752386671144,1930.6296464916995,2072.0414920961557,True,141.41184560445618,25297.2596464917,1930.6296464916995,regional_service_production_index_R_S,1930.6296464916995,8.262336701919358
충북,문화 및 기타서비스업,regional_service_production_index_R_S,2023,2,11018.10236595916,23805.90211258422,23366.63,439.2721125842181,1.8799121336034255,recursive_no_target_actual,24545.58918341754,1178.9591834175408,5.045482311388252,439.2721125842181,1178.9591834175408,True,739.6870708333227,23805.90211258422,439.2721125842181,regional_service_production_index_R_S,439.2721125842181,1.8799121336034255
충북,문화 및 기타서비스업,regional_service_production_index_R_S,2023,3,17296.5741052208,24275.764955527316,23366.63,909.1349555273155,3.890740579738351,recursive_no_target_actual,24299.314100895594,932.6841008955926,3.991521673838258,909.1349555273155,932.6841008955926,True,23.549145368277095,24275.764955527316,909.1349555273155,regional_service_production_index_R_S,909.1349555273155,3.890740579738351
충북,문화 및 기타서비스업,regional_service_production_index_R_S,2023,4,23353.908677195453,23353.908677195453,23366.63,-12.721322804547526,0.054442265763387905,recursive_no_target_actual,23822.29759619617,455.66759619617005,1.950078364728547,12.721322804547526,455.66759619617005,True,442.9462733916225,23353.908677195453,-12.721322804547526,regional_service_production_index_R_S,12.721322804547526,0.054442265763387905
충북,문화 및 기타서비스업,regional_service_production_index_R_S,2024,1,4952.064987309646,24342.108315738966,22749.63,1592.4783157389647,7.000018531022108,recursive_no_target_actual,24197.784158388135,1448.1541583881335,6.365616312828531,1592.4783157389647,1448.1541583881335,False,-144.32415735083123,24197.784158388135,1448.1541583881335,baseline,1448.1541583881335,6.365616312828531
충북,문화 및 기타서비스업,regional_service_production_index_R_S,2024,2,11176.931569699338,23690.562176701846,22749.63,940.9321767018446,4.136032879224166,recursive_no_target_actual,24125.292118377285,1375.662118377284,6.046964800646358,940.9321767018446,1375.662118377284,True,434.7299416754395,23690.562176701846,940.9321767018446,regional_service_production_index_R_S,940.9321767018446,4.136032879224166
충북,문화 및 기타서비스업,regional_service_production_index_R_S,2024,3,16416.403368801253,22165.49836694346,22749.63,-584.1316330565423,2.5676533335115446,recursive_no_target_actual,23960.207157991885,1210.5771579918835,5.321304821185591,584.1316330565423,1210.5771579918835,True,626.4455249353412,22165.49836694346,-584.1316330565423,regional_service_production_index_R_S,584.1316330565423,2.5676533335115446
충북,문화 및 기타서비스업,regional_service_production_index_R_S,2024,4,22862.527576142136,22862.527576142136,22749.63,112.89757614213522,0.49626115300396184,recursive_no_target_actual,23849.349290194008,1099.719290194007,4.834009564964384,112.89757614213522,1099.719290194007,True,986.8217140518718,22862.527576142136,112.89757614213522,regional_service_production_index_R_S,112.89757614213522,0.49626115300396184
충북,문화 및 기타서비스업,regional_service_production_index_R_S,2025,1,4757.380472912301,21963.714638415473,23178.61,-1214.8953615845276,5.241450464823074,recursive_no_target_actual,23390.649276732696,212.03927673269573,0.9148058349171746,1214.8953615845276,212.03927673269573,False,-1002.8560848518318,23390.649276732696,212.03927673269573,baseline,212.03927673269573,0.9148058349171746
충북,문화 및 기타서비스업,regional_service_production_index_R_S,2025,2,10645.092756659682,21774.64585714286,23178.61,-1403.9641428571413,6.05715417299459,recursive_no_target_actual,23392.2112625548,213.6012625547992,0.9215447455856892,1403.9641428571413,213.6012625547992,False,-1190.362880302342,23392.2112625548,213.6012625547992,baseline,213.6012625547992,0.9215447455856896
충북,문화 및 기타서비스업,regional_service_production_index_R_S,2025,3,16303.561038611193,22705.37616923718,23178.61,-473.2338307628197,2.0416833915529002,recursive_no_target_actual,23699.30311226987,520.6931122698697,2.2464380403737314,473.2338307628197,520.6931122698697,True,47.45928150705004,22705.37616923718,-473.2338307628197,regional_service_production_index_R_S,473.2338307628197,2.0416833915529002
충북,문화 및 기타서비스업,regional_service_production_index_R_S,2025,4,22300.220966776415,22300.220966776415,23178.61,-878.389033223586,3.7896536212636827,recursive_no_target_actual,23637.676349569698,459.0663495696972,1.9805603078428653,878.389033223586,459.0663495696972,False,-419.3226836538888,23637.676349569698,459.0663495696972,baseline,459.0663495696972,1.9805603078428653
충북,보건 및 사회복지업,regional_service_production_index_Q,2022,1,8091.227233991333,33745.941696787144,32377.67,1368.2716967871456,4.225973322932582,recursive_no_target_actual,33118.11014835384,740.4401483538386,2.28688521550142,1368.2716967871456,740.4401483538386,False,-627.831548433307,33118.11014835384,740.4401483538386,baseline,740.4401483538386,2.28688521550142
충북,보건 및 사회복지업,regional_service_production_index_Q,2022,2,16387.85280211844,33667.23073194856,32377.67,1289.5607319485644,3.9828707005431965,recursive_no_target_actual,32861.73231954809,484.0623195480948,1.4950498894704125,1289.5607319485644,484.0623195480948,False,-805.4984124004695,32861.73231954809,484.0623195480948,baseline,484.0623195480948,1.4950498894704123
충북,보건 및 사회복지업,regional_service_production_index_Q,2022,3,24589.114857968223,33002.64398061389,32377.67,624.9739806138896,1.9302623709917657,recursive_no_target_actual,32439.751458366813,62.08145836681433,0.1917415872322323,624.9739806138896,62.08145836681433,False,-562.8925222470752,32439.751458366813,62.08145836681433,baseline,62.08145836681433,0.19174158723223236
충북,보건 및 사회복지업,regional_service_production_index_Q,2022,4,32768.369949446314,32768.369949446314,32377.67,390.69994944631617,1.2066956931932291,recursive_no_target_actual,32228.0906610226,-149.57933897739713,0.4619830240329126,390.69994944631617,149.57933897739713,False,-241.12061046891904,32228.0906610226,-149.57933897739713,baseline,149.57933897739713,0.46198302403291264
충북,보건 및 사회복지업,regional_service_production_index_Q,2023,1,8306.42709200806,33639.900108794194,33278.72,361.1801087941931,1.0853185122330218,recursive_no_target_actual,33666.04234145934,387.3223414593376,1.1638739154010058,361.1801087941931,387.3223414593376,True,26.142232665144547,33639.900108794194,361.1801087941931,regional_service_production_index_Q,361.1801087941931,1.0853185122330218
충북,보건 및 사회복지업,regional_service_production_index_Q,2023,2,16765.066198791134,33522.62789167413,33278.72,243.9078916741273,0.7329244985207584,recursive_no_target_actual,33377.00074539209,98.28074539209048,0.2953260984559817,243.9078916741273,98.28074539209048,False,-145.62714628203685,33377.00074539209,98.28074539209048,baseline,98.28074539209048,0.2953260984559817
충북,보건 및 사회복지업,regional_service_production_index_Q,2023,3,25296.18721737184,33710.640900954655,33278.72,431.9209009546539,1.297889164471031,recursive_no_target_actual,33404.92404607642,126.20404607641832,0.3792334743536359,431.9209009546539,126.20404607641832,False,-305.7168548782356,33404.92404607642,126.20404607641832,baseline,126.20404607641832,0.37923347435363597
충북,보건 및 사회복지업,regional_service_production_index_Q,2023,4,33631.607074098945,33631.607074098945,33278.72,352.88707409894414,1.0603985793292052,recursive_no_target_actual,33462.08117032179,183.36117032179027,0.5509862468321807,352.88707409894414,183.36117032179027,False,-169.52590377715387,33462.08117032179,183.36117032179027,baseline,183.36117032179027,0.5509862468321807
충북,보건 및 사회복지업,regional_service_production_index_Q,2024,1,8592.22124137931,34788.74917975567,34731.51,57.23917975567019,0.16480475440218462,recursive_no_target_actual,34771.74030740355,40.23030740354443,0.1158323015715252,57.23917975567019,40.23030740354443,False,-17.008872352125763,34771.74030740355,40.23030740354443,baseline,40.23030740354443,0.1158323015715252
충북,보건 및 사회복지업,regional_service_production_index_Q,2024,2,17084.03255172414,34271.470402075225,34731.51,-460.0395979247769,1.324559738188109,recursive_no_target_actual,34545.42416570965,-186.08583429035207,0.5357838869958492,460.0395979247769,186.08583429035207,False,-273.95376363442483,34545.42416570965,-186.08583429035207,baseline,186.08583429035207,0.5357838869958492
충북,보건 및 사회복지업,regional_service_production_index_Q,2024,3,25783.835862068965,34279.94223495702,34731.51,-451.56776504297886,1.3001673841505275,recursive_no_target_actual,34550.86092856987,-180.6490714301326,0.5201301971326112,451.56776504297886,180.6490714301326,False,-270.91869361284625,34550.86092856987,-180.6490714301326,baseline,180.6490714301326,0.5201301971326112
충북,보건 및 사회복지업,regional_service_production_index_Q,2024,4,34390.401379310344,34390.401379310344,34731.51,-341.108620689658,0.9821301195647928,recursive_no_target_actual,34689.98041180658,-41.52958819342166,0.119573229593017,341.108620689658,41.52958819342166,False,-299.5790324962363,34689.98041180658,-41.52958819342166,baseline,41.52958819342166,0.119573229593017
충북,보건 및 사회복지업,regional_service_production_index_Q,2025,1,9133.771451511991,36557.95835559266,36558.9,-0.9416444073431194,0.0025756913018256003,recursive_no_target_actual,36301.68106030378,-257.21893969622033,0.7035740673166324,0.9416444073431194,257.21893969622033,True,256.2772952888772,36557.95835559266,-0.9416444073431194,regional_service_production_index_Q,0.9416444073431194,0.0025756913018256003
충북,보건 및 사회복지업,regional_service_production_index_Q,2025,2,18166.137034410847,36568.69314861461,36558.9,9.79314861461171,0.026787317492079108,recursive_no_target_actual,36578.42198119578,19.521981195779517,0.0533987105623514,9.79314861461171,19.521981195779517,True,9.728832581167808,36568.69314861461,9.79314861461171,regional_service_production_index_Q,9.79314861461171,0.026787317492079108
충북,보건 및 사회복지업,regional_service_production_index_Q,2025,3,27372.341249217938,36509.14500417246,36558.9,-49.75499582754128,0.13609544003660198,recursive_no_target_actual,36521.15592494351,-37.744075056492875,0.103241823622956,49.75499582754128,37.744075056492875,False,-12.010920771048404,36521.15592494351,-37.744075056492875,baseline,37.744075056492875,0.10324182362295604
충북,보건 및 사회복지업,regional_service_production_index_Q,2025,4,36527.84252971846,36527.84252971846,36558.9,-31.05747028154292,0.08495187295444588,recursive_no_target_actual,36687.96710775514,129.06710775513784,0.3530388161436417,31.05747028154292,129.06710775513784,True,98.00963747359492,36527.84252971846,-31.05747028154292,regional_service_production_index_Q,31.05747028154292,0.08495187295444588
충북,부동산업,regional_service_production_index_L,2021,1,8650.51984496124,35773.969865563595,33579.17,2194.7998655635965,6.536194508570631,recursive_no_target_actual,33925.95758239796,346.787582397963,1.0327461411284524,2194.7998655635965,346.787582397963,False,-1848.0122831656336,33925.95758239796,346.787582397963,baseline,346.787582397963,1.0327461411284524
충북,부동산업,regional_service_production_index_L,2021,2,17506.22279819955,35482.70905727318,33579.17,1903.5390572731849,5.668809137549215,recursive_no_target_actual,33860.53368626543,281.36368626543117,0.8379113785880687,1903.5390572731849,281.36368626543117,False,-1622.1753710077537,33860.53368626543,281.36368626543117,baseline,281.36368626543117,0.8379113785880687
충북,부동산업,regional_service_production_index_L,2021,3,27338.597346836712,36884.969902159246,33579.17,3305.7999021592477,9.844793370888107,recursive_no_target_actual,33564.04163353358,-15.128366466415171,0.0450528302707159,3305.7999021592477,15.128366466415171,False,-3290.6715356928325,33564.04163353358,-15.128366466415171,baseline,15.128366466415171,0.04505283027071596
충북,부동산업,regional_service_production_index_L,2021,4,37811.143193298325,37811.143193298325,33579.17,4231.973193298327,12.602971405482407,recursive_no_target_actual,33372.035568641404,-207.13443135859416,0.6168539346225478,4231.973193298327,207.13443135859416,False,-4024.8387619397326,33372.035568641404,-207.13443135859416,baseline,207.13443135859416,0.6168539346225478
충북,부동산업,regional_service_production_index_L,2022,1,9591.966077707835,41926.174307400375,33776.33,8149.8443074003735,24.128862749151175,recursive_no_target_actual,32978.84756402534,-797.4824359746635,2.3610689378468988,8149.8443074003735,797.4824359746635,False,-7352.36187142571,32978.84756402534,-797.4824359746635,baseline,797.4824359746635,2.3610689378468988
충북,부동산업,regional_service_production_index_L,2022,2,20947.804336878657,45244.50753867791,33776.33,11468.177538677912,33.95329669824375,recursive_no_target_actual,32733.65602932105,-1042.6739706789522,3.086996043320728,11468.177538677912,1042.6739706789522,False,-10425.50356799896,32733.65602932105,-1042.6739706789522,baseline,1042.6739706789522,3.086996043320728
충북,부동산업,regional_service_production_index_L,2022,3,33207.4448708487,45928.15926748723,33776.33,12151.829267487228,35.97735238697404,recursive_no_target_actual,32803.38916040138,-972.9408395986248,2.880540424606891,12151.829267487228,972.9408395986248,False,-11178.888427888603,32803.38916040138,-972.9408395986248,baseline,972.9408395986248,2.8805404246068913
충북,부동산업,regional_service_production_index_L,2022,4,45678.4585174734,45678.4585174734,33776.33,11902.1285174734,35.23807505869762,recursive_no_target_actual,32916.524208030714,-859.8057919692874,2.5455867821320055,11902.1285174734,859.8057919692874,False,-11042.322725504113,32916.524208030714,-859.8057919692874,baseline,859.8057919692874,2.5455867821320055
충북,부동산업,regional_service_production_index_L,2023,1,9485.613658847935,45171.9914893617,34113.04,11058.951489361702,32.418545780035146,recursive_no_target_actual,33797.858762297925,-315.18123770207603,0.9239318386812668,11058.951489361702,315.18123770207603,False,-10743.770251659626,33797.858762297925,-315.18123770207603,baseline,315.18123770207603,0.9239318386812668
충북,부동산업,regional_service_production_index_L,2023,2,19084.407935216215,41615.165111343085,34113.04,7502.125111343084,21.991957067863446,recursive_no_target_actual,33897.09041848341,-215.94958151659375,0.633041152347002,7502.125111343084,215.94958151659375,False,-7286.175529826491,33897.09041848341,-215.94958151659375,baseline,215.94958151659375,0.633041152347002
충북,부동산업,regional_service_production_index_L,2023,3,29319.169490984525,40329.94626865672,34113.04,6216.9062686567195,18.224427575662325,recursive_no_target_actual,34010.400296095475,-102.63970390452596,0.3008811407735164,6216.9062686567195,102.63970390452596,False,-6114.2665647521935,34010.400296095475,-102.63970390452596,baseline,102.63970390452596,0.3008811407735164
충북,부동산업,regional_service_production_index_L,2023,4,38810.17270304772,38810.17270304772,34113.04,4697.132703047719,13.769317255359589,recursive_no_target_actual,34065.52808436759,-47.51191563241446,0.139277870375711,4697.132703047719,47.51191563241446,False,-4649.620787415304,34065.52808436759,-47.51191563241446,baseline,47.51191563241446,0.13927787037571104
충북,부동산업,regional_service_production_index_L,2024,1,9128.708246076934,37349.90231818182,36072.0,1277.9023181818193,3.5426433748664317,recursive_no_target_actual,34507.82150289553,-1564.178497104469,4.336267734266104,1277.9023181818193,1564.178497104469,True,286.2761789226497,37349.90231818182,1277.9023181818193,regional_service_production_index_L,1277.9023181818193,3.5426433748664317
충북,부동산업,regional_service_production_index_L,2024,2,19688.070301347034,40037.78430951708,36072.0,3965.784309517083,10.99407936770094,recursive_no_target_actual,34766.03766071589,-1305.9623392841097,3.620432300077926,3965.784309517083,1305.9623392841097,False,-2659.8219702329734,34766.03766071589,-1305.9623392841097,baseline,1305.9623392841097,3.620432300077927
충북,부동산업,regional_service_production_index_L,2024,3,28930.472889876408,38295.64986764706,36072.0,2223.6498676470583,6.16447623543762,recursive_no_target_actual,34750.09022694665,-1321.9097730533467,3.664642307200451,2223.6498676470583,1321.9097730533467,False,-901.7400945937115,34750.09022694665,-1321.9097730533467,baseline,1321.9097730533467,3.664642307200451
충북,부동산업,regional_service_production_index_L,2024,4,38736.60992639911,38736.60992639911,36072.0,2664.6099263991127,7.386920399199138,recursive_no_target_actual,34727.7259009923,-1344.2740990077,3.726641436592648,2664.6099263991127,1344.2740990077,False,-1320.3358273914127,34727.7259009923,-1344.2740990077,baseline,1344.2740990077,3.726641436592648
충북,부동산업,regional_service_production_index_L,2025,1,8196.37715543598,34780.3715620135,34866.31,-85.9384379865005,0.24647987695428772,recursive_no_target_actual,34585.03000870815,-281.279991291849,0.8067386290429043,85.9384379865005,281.279991291849,True,195.3415533053485,34780.3715620135,-85.9384379865005,regional_service_production_index_L,85.9384379865005,0.24647987695428772
충북,부동산업,regional_service_production_index_L,2025,2,15942.791732909378,31367.711260827713,34866.31,-3498.5987391722847,10.034324650851453,recursive_no_target_actual,34566.29976440057,-300.01023559942405,0.8604588085157967,3498.5987391722847,300.01023559942405,False,-3198.5885035728606,34566.29976440057,-300.01023559942405,baseline,300.01023559942405,0.8604588085157967
충북,부동산업,regional_service_production_index_L,2025,3,23874.48501895561,31966.86818405109,34866.31,-2899.441815948907,8.31588377419035,recursive_no_target_actual,34699.13381822036,-167.17618177963595,0.4794777014821355,2899.441815948907,167.17618177963595,False,-2732.265634169271,34699.13381822036,-167.17618177963595,baseline,167.17618177963595,0.47947770148213553
충북,부동산업,regional_service_production_index_L,2025,4,31223.87379234438,31223.87379234438,34866.31,-3642.436207655617,10.446864631375151,recursive_no_target_actual,34857.08663082402,-9.223369175975677,0.0264535282798084,3642.436207655617,9.223369175975677,False,-3633.2128384796415,34857.08663082402,-9.223369175975677,baseline,9.223369175975677,0.026453528279808437
충북,사업서비스업,regional_service_production_index_M_N,2021,1,8979.679184898112,36405.70390268626,36761.0,-355.29609731373785,0.9665028081764312,recursive_no_target_actual,36156.271189151106,-604.7288108488938,1.6450281843499737,355.29609731373785,604.7288108488938,True,249.43271353515593,36405.70390268626,-355.29609731373785,regional_service_production_index_M_N,355.29609731373785,0.9665028081764312
충북,사업서비스업,regional_service_production_index_M_N,2021,2,18818.72377797224,36912.94053457577,36761.0,151.94053457576956,0.41331991669369594,recursive_no_target_actual,37329.247798002914,568.2477980029144,1.545789826182406,151.94053457576956,568.2477980029144,True,416.3072634271448,36912.94053457577,151.94053457576956,regional_service_production_index_M_N,151.94053457576956,0.41331991669369594
충북,사업서비스업,regional_service_production_index_M_N,2021,3,27297.489436179516,36877.65884141192,36761.0,116.65884141191782,0.31734403691933794,recursive_no_target_actual,37256.73424529319,495.7342452931916,1.348533079331878,116.65884141191782,495.7342452931916,True,379.07540388127376,36877.65884141192,116.65884141191782,regional_service_production_index_M_N,116.65884141191782,0.31734403691933794
충북,사업서비스업,regional_service_production_index_M_N,2021,4,36971.09469933741,36971.09469933741,36761.0,210.0946993374091,0.5715151909289984,recursive_no_target_actual,37266.467354473934,505.4673544739344,1.3750098051574615,210.0946993374091,505.4673544739344,True,295.3726551365253,36971.09469933741,210.0946993374091,regional_service_production_index_M_N,210.0946993374091,0.5715151909289984
충북,사업서비스업,regional_service_production_index_M_N,2022,1,9353.606836544437,38510.627942681676,37730.350000000006,780.2779426816705,2.0680379129312887,recursive_no_target_actual,37949.26796504255,218.91796504254307,0.5802171595083084,780.2779426816705,218.91796504254307,False,-561.3599776391275,37949.26796504255,218.91796504254307,baseline,218.91796504254307,0.5802171595083084
충북,사업서비스업,regional_service_production_index_M_N,2022,2,19241.83604723431,37802.33724053724,37730.350000000006,71.98724053723708,0.19079399087799895,recursive_no_target_actual,38002.099240323834,271.7492403238284,0.7202404438968321,71.98724053723708,271.7492403238284,True,199.76199978659133,37802.33724053724,71.98724053723708,regional_service_production_index_M_N,71.98724053723708,0.19079399087799895
충북,사업서비스업,regional_service_production_index_M_N,2022,3,27539.906401491615,37299.41868686869,37730.350000000006,-430.93131313131744,1.1421344173359573,recursive_no_target_actual,37691.17372235586,-39.17627764414647,0.103832266714055,430.93131313131744,39.17627764414647,False,-391.75503548717097,37691.17372235586,-39.17627764414647,baseline,39.17627764414647,0.10383226671405502
충북,사업서비스업,regional_service_production_index_M_N,2022,4,36811.26364201368,36811.26364201368,37730.350000000006,-919.086357986329,2.435933825120437,recursive_no_target_actual,37717.82659142416,-12.52340857584204,0.0331918696111804,919.086357986329,12.52340857584204,False,-906.5629494104869,37717.82659142416,-12.52340857584204,baseline,12.52340857584204,0.033191869611180494
충북,사업서비스업,regional_service_production_index_M_N,2024,1,9447.548549954648,37484.18105912597,39730.3,-2246.118940874032,5.653415506235874,recursive_no_target_actual,40405.90773735152,675.6077373515145,1.700484862564628,2246.118940874032,675.6077373515145,False,-1570.5112035225175,40405.90773735152,675.6077373515145,baseline,675.6077373515145,1.700484862564628
충북,사업서비스업,regional_service_production_index_M_N,2024,2,19469.892642218485,37637.565511022054,39730.3,-2092.734488977949,5.267351338847048,recursive_no_target_actual,40087.701729496024,357.4017294960213,0.899569672255234,2092.734488977949,357.4017294960213,False,-1735.3327594819275,40087.701729496024,357.4017294960213,baseline,357.4017294960213,0.899569672255234
충북,사업서비스업,regional_service_production_index_M_N,2024,3,27820.104247764688,37317.52902485661,39730.3,-2412.770975143394,6.072873789383403,recursive_no_target_actual,39921.13105689867,190.83105689866352,0.4803161740501922,2412.770975143394,190.83105689866352,False,-2221.9399182447305,39921.13105689867,190.83105689866352,baseline,190.83105689866352,0.4803161740501922
충북,사업서비스업,regional_service_production_index_M_N,2024,4,36990.70585460673,36990.70585460673,39730.3,-2739.5941453932755,6.895478124739244,recursive_no_target_actual,39456.885784997605,-273.4142150023981,0.6881755612275722,2739.5941453932755,273.4142150023981,False,-2466.1799303908774,39456.885784997605,-273.4142150023981,baseline,273.4142150023981,0.6881755612275722
충북,사업서비스업,regional_service_production_index_M_N,2025,1,10029.389193388895,39268.83080752212,41230.04,-1961.2091924778797,4.756748216780482,recursive_no_target_actual,38744.99593313945,-2485.0440668605515,6.027265719025622,1961.2091924778797,2485.0440668605515,True,523.8348743826718,39268.83080752212,-1961.2091924778797,regional_service_production_index_M_N,1961.2091924778797,4.756748216780482
충북,사업서비스업,regional_service_production_index_M_N,2025,2,21310.347379573384,40487.372275899084,41230.04,-742.6677241009165,1.801278204195088,recursive_no_target_actual,38845.04293846514,-2384.9970615348575,5.784610108393922,742.6677241009165,2384.9970615348575,True,1642.329337433941,40487.372275899084,-742.6677241009165,regional_service_production_index_M_N,742.6677241009165,1.801278204195088
충북,사업서비스업,regional_service_production_index_M_N,2025,3,30750.43278711682,40886.98604432757,41230.04,-343.0539556724325,0.8320485637957966,recursive_no_target_actual,39278.128374627784,-1951.9116253722168,4.7341977484674205,343.0539556724325,1951.9116253722168,True,1608.8576696997843,40886.98604432757,-343.0539556724325,regional_service_production_index_M_N,343.0539556724325,0.8320485637957966
충북,사업서비스업,regional_service_production_index_M_N,2025,4,41402.80026839949,41402.80026839949,41230.04,172.7602683994919,0.4190155246017028,recursive_no_target_actual,39435.243734016825,-1794.7962659831755,4.353127636992774,172.7602683994919,1794.7962659831755,True,1622.0359975836836,41402.80026839949,172.7602683994919,regional_service_production_index_M_N,172.7602683994919,0.4190155246017028
충북,서비스업,regional_service_production_index_T,2021,1,73119.27060734817,295505.2542424243,313923.54000000004,-18418.285757575766,5.867124764704094,recursive_no_target_actual,308376.30946287914,-5547.230537120893,1.7670642147832851,18418.285757575766,5547.230537120893,False,-12871.055220454873,308376.30946287914,-5547.230537120893,baseline,5547.230537120893,1.7670642147832853
충북,서비스업,regional_service_production_index_T,2021,2,151568.59071482127,304736.6489698492,313923.54000000004,-9186.891030150815,2.9264740803288642,recursive_no_target_actual,312295.62135597446,-1627.9186440255726,0.5185717018945354,9186.891030150815,1627.9186440255726,False,-7558.972386125242,312295.62135597446,-1627.9186440255726,baseline,1627.9186440255726,0.5185717018945354
충북,서비스업,regional_service_production_index_T,2021,3,229492.4129842539,308017.1567762495,313923.54000000004,-5906.383223750512,1.8814719099276567,recursive_no_target_actual,312775.4329241434,-1148.107075856649,0.3657282521268233,5906.383223750512,1148.107075856649,False,-4758.276147893863,312775.4329241434,-1148.107075856649,baseline,1148.107075856649,0.3657282521268233
충북,서비스업,regional_service_production_index_T,2021,4,311019.64900024986,311019.64900024986,313923.54000000004,-2903.890999750176,0.9250312989431042,recursive_no_target_actual,312899.45755832474,-1024.082441675302,0.3262203406840092,2903.890999750176,1024.082441675302,False,-1879.8085580748739,312899.45755832474,-1024.082441675302,baseline,1024.082441675302,0.32622034068400924
충북,서비스업,regional_service_production_index_T,2022,1,78727.14411296164,334873.26289527724,326297.57999999996,8575.682895277278,2.6281785158435067,recursive_no_target_actual,329569.3745471913,3271.7945471913554,1.0027026701182875,8575.682895277278,3271.7945471913554,False,-5303.888348085922,329569.3745471913,3271.7945471913554,baseline,3271.7945471913554,1.0027026701182877
충북,서비스업,regional_service_production_index_T,2022,2,163970.68321506158,336468.8165230312,326297.57999999996,10171.236523031257,3.1171657856093384,recursive_no_target_actual,328171.73936319235,1874.1593631923895,0.5743712114544,10171.236523031257,1874.1593631923895,False,-8297.077159838867,328171.73936319235,1874.1593631923895,baseline,1874.1593631923895,0.5743712114544
충북,서비스업,regional_service_production_index_T,2022,3,247395.69348298342,335283.0742885182,326297.57999999996,8985.494288518268,2.7537728868593723,recursive_no_target_actual,327994.91171033535,1697.331710335391,0.5201790679340593,8985.494288518268,1697.331710335391,False,-7288.162578182877,327994.91171033535,1697.331710335391,baseline,1697.331710335391,0.5201790679340593
충북,서비스업,regional_service_production_index_T,2022,4,334003.1292107169,334003.1292107169,326297.57999999996,7705.54921071697,2.3615097637919873,recursive_no_target_actual,326716.2328705718,418.65287057182286,0.1283040072107868,7705.54921071697,418.65287057182286,False,-7286.896340145147,326716.2328705718,418.65287057182286,baseline,418.65287057182286,0.12830400721078683
충북,서비스업,regional_service_production_index_T,2023,1,81648.41895190561,346396.7572088546,334766.37,11630.387208854605,3.474180279475087,recursive_no_target_actual,343368.86372741446,8602.493727414461,2.569700692281146,11630.387208854605,8602.493727414461,False,-3027.8934814401437,343368.86372741446,8602.493727414461,baseline,8602.493727414461,2.569700692281146
충북,서비스업,regional_service_production_index_T,2023,2,165369.50855716874,336852.4924768945,334766.37,2086.122476894525,0.6231577194849426,recursive_no_target_actual,339345.7006654679,4579.330665467889,1.3679183681048634,2086.122476894525,4579.330665467889,True,2493.208188573364,336852.4924768945,2086.122476894525,regional_service_production_index_T,2086.122476894525,0.6231577194849426
충북,서비스업,regional_service_production_index_T,2023,3,247165.97541288563,333692.9922266462,334766.37,-1073.3777733537718,0.32063488735555246,recursive_no_target_actual,338373.5482233473,3607.1782233472914,1.07752108533103,1073.3777733537718,3607.1782233472914,True,2533.8004499935196,333692.9922266462,-1073.3777733537718,regional_service_production_index_T,1073.3777733537718,0.32063488735555246
충북,서비스업,regional_service_production_index_T,2023,4,330146.8254990925,330146.8254990925,334766.37,-4619.544500907476,1.3799308756454467,recursive_no_target_actual,335873.0289510295,1106.6589510295307,0.3305765005694959,4619.544500907476,1106.6589510295307,False,-3512.885549877945,335873.0289510295,1106.6589510295307,baseline,1106.6589510295307,0.3305765005694959
충북,서비스업,regional_service_production_index_T,2024,1,82340.51746412556,332945.33806890296,342655.82,-9710.481931097049,2.8338879319478796,recursive_no_target_actual,346456.63366094464,3800.8136609446374,1.1092219770102365,9710.481931097049,3800.8136609446374,False,-5909.668270152411,346456.63366094464,3800.8136609446374,baseline,3800.8136609446374,1.1092219770102365
충북,서비스업,regional_service_production_index_T,2024,2,167683.42389686097,334766.37000000005,342655.82,-7889.449999999953,2.3024415578290642,recursive_no_target_actual,344479.9518016919,1824.131801691896,0.5323510342511899,7889.449999999953,1824.131801691896,False,-6065.318198308058,344479.9518016919,1824.131801691896,baseline,1824.131801691896,0.53235103425119
충북,서비스업,regional_service_production_index_T,2024,3,249123.22467040358,332761.18060197664,342655.82,-9894.63939802337,2.887632084586618,recursive_no_target_actual,343669.7927433569,1013.9727433568914,0.2959158094430999,9894.63939802337,1013.9727433568914,False,-8880.666654666478,343669.7927433569,1013.9727433568914,baseline,1013.9727433568914,0.2959158094430999
충북,서비스업,regional_service_production_index_T,2024,4,333865.653309417,333865.653309417,342655.82,-8790.166690582992,2.565304943772148,recursive_no_target_actual,341994.846014024,-660.9739859760157,0.1928973469576602,8790.166690582992,660.9739859760157,False,-8129.192704606976,341994.846014024,-660.9739859760157,baseline,660.9739859760157,0.19289734695766023
충북,서비스업,regional_service_production_index_T,2025,1,84123.2363848921,341094.0341294439,347885.98,-6791.945870556054,1.9523482580574398,recursive_no_target_actual,347178.56080749776,-707.4191925022169,0.2033480028434077,6791.945870556054,707.4191925022169,False,-6084.526678053837,347178.56080749776,-707.4191925022169,baseline,707.4191925022169,0.20334800284340773
충북,서비스업,regional_service_production_index_T,2025,2,171559.01779226618,341582.14464637416,347885.98,-6303.835353625822,1.81204064435877,recursive_no_target_actual,346731.0398965538,-1154.9401034461916,0.3319881138774813,6303.835353625822,1154.9401034461916,False,-5148.89525017963,346731.0398965538,-1154.9401034461916,baseline,1154.9401034461916,0.3319881138774813
충북,서비스업,regional_service_production_index_T,2025,3,257916.29616906474,345649.7997469117,347885.98,-2236.1802530882997,0.6427911389496925,recursive_no_target_actual,347675.8813873969,-210.09861260309117,0.0603929519100169,2236.1802530882997,210.09861260309117,False,-2026.0816404852085,347675.8813873969,-210.09861260309117,baseline,210.09861260309117,0.060392951910016944
충북,서비스업,regional_service_production_index_T,2025,4,345275.04164568346,345275.04164568346,347885.98,-2610.938354316517,0.7505155437182369,recursive_no_target_actual,347301.7132546831,-584.2667453168542,0.1679477699322215,2610.938354316517,584.2667453168542,False,-2026.6716089996626,347301.7132546831,-584.2667453168542,baseline,584.2667453168542,0.16794776993222155
충북,숙박 및 음식점업,regional_service_production_index_I,2021,1,2530.0714500000004,10929.034341252702,13057.25,-2128.215658747298,16.299110905797914,recursive_no_target_actual,10768.15324633074,-2289.0967536692588,17.53123171930735,2128.215658747298,2289.0967536692588,True,160.88109492196054,10929.034341252702,-2128.215658747298,regional_service_production_index_I,2128.215658747298,16.299110905797914
충북,숙박 및 음식점업,regional_service_production_index_I,2021,2,5653.61645,11759.992615704628,13057.25,-1297.2573842953716,9.935150083634545,recursive_no_target_actual,11727.324735780889,-1329.925264219111,10.185339671210333,1297.2573842953716,1329.925264219111,True,32.66787992373952,11759.992615704628,-1297.2573842953716,regional_service_production_index_I,1297.2573842953716,9.935150083634545
충북,숙박 및 음식점업,regional_service_production_index_I,2021,3,9014.550870000001,11963.571161247513,13057.25,-1093.6788387524866,8.376027408163944,recursive_no_target_actual,12286.254529873017,-770.9954701269853,5.904730859307935,1093.6788387524866,770.9954701269853,False,-322.6833686255013,12286.254529873017,-770.9954701269853,baseline,770.9954701269853,5.904730859307935
충북,숙박 및 음식점업,regional_service_production_index_I,2021,4,12675.34561,12675.34561,13057.25,-381.9043899999997,2.924845507285222,recursive_no_target_actual,13175.862994501482,118.6129945014818,0.9084071646133896,381.9043899999997,118.6129945014818,False,-263.2913954985179,13175.862994501482,118.6129945014818,baseline,118.6129945014818,0.9084071646133893
충북,숙박 및 음식점업,regional_service_production_index_I,2022,1,3008.5088097585017,15072.257716049382,15750.48,-678.2222839506176,4.306041999676312,recursive_no_target_actual,14286.08621587746,-1464.3937841225395,9.29745496088081,678.2222839506176,1464.3937841225395,True,786.1715001719219,15072.257716049382,-678.2222839506176,regional_service_production_index_I,678.2222839506176,4.306041999676312
충북,숙박 및 음식점업,regional_service_production_index_I,2022,2,7014.491128634795,15726.411602209944,15750.48,-24.068397790055315,0.15281056697989723,recursive_no_target_actual,14808.540204778325,-941.9397952216768,5.980387868951784,24.068397790055315,941.9397952216768,True,917.8713974316215,15726.411602209944,-24.068397790055315,regional_service_production_index_I,24.068397790055315,0.15281056697989723
충북,숙박 및 음식점업,regional_service_production_index_I,2022,3,11567.475049285362,16265.008229383227,15750.48,514.5282293832279,3.266746342862109,recursive_no_target_actual,15145.690703374956,-604.7892966250438,3.839815019129854,514.5282293832279,604.7892966250438,True,90.26106724181591,16265.008229383227,514.5282293832279,regional_service_production_index_I,514.5282293832279,3.266746342862109
충북,숙박 및 음식점업,regional_service_production_index_I,2022,4,16033.58224494825,16033.58224494825,15750.48,283.1022449482498,1.797419792592034,recursive_no_target_actual,14860.42310937153,-890.0568906284698,5.650982640709805,283.1022449482498,890.0568906284698,True,606.95464568022,16033.58224494825,283.1022449482498,regional_service_production_index_I,283.1022449482498,1.797419792592034
충북,숙박 및 음식점업,regional_service_production_index_I,2023,1,3729.794581577363,19877.61112299465,14965.33,4912.281122994651,32.824408970564974,recursive_no_target_actual,18028.654106855847,3063.3241068558473,20.469472486445987,4912.281122994651,3063.3241068558473,False,-1848.9570161388037,18028.654106855847,3063.3241068558473,baseline,3063.3241068558473,20.469472486445987
충북,숙박 및 음식점업,regional_service_production_index_I,2023,2,7636.596363636363,17455.577834862386,14965.33,2490.2478348623863,16.640113080449186,recursive_no_target_actual,16360.312083105204,1394.982083105204,9.321425475450283,2490.2478348623863,1394.982083105204,False,-1095.2657517571822,16360.312083105204,1394.982083105204,baseline,1394.982083105204,9.321425475450285
충북,숙박 및 음식점업,regional_service_production_index_I,2023,3,11429.607802528597,15842.485585535465,14965.33,877.1555855354654,5.861251208863857,recursive_no_target_actual,15768.444000649031,803.1140006490314,5.366497101293666,877.1555855354654,803.1140006490314,False,-74.04158488643407,15768.444000649031,803.1140006490314,baseline,803.1140006490314,5.366497101293666
충북,숙박 및 음식점업,regional_service_production_index_I,2023,4,15209.975869957858,15209.975869957858,14965.33,244.64586995785794,1.6347509206803854,recursive_no_target_actual,15527.83304722006,562.5030472200615,3.758707941756456,244.64586995785794,562.5030472200615,True,317.85717726220355,15209.975869957858,244.64586995785794,regional_service_production_index_I,244.64586995785794,1.6347509206803854
충북,숙박 및 음식점업,regional_service_production_index_I,2024,1,3483.2023275145466,14204.381016949152,14855.3,-650.9189830508476,4.3817289657620355,recursive_no_target_actual,15658.37972966268,803.0797296626806,5.406014888037809,650.9189830508476,803.0797296626806,True,152.16074661183302,14204.381016949152,-650.9189830508476,regional_service_production_index_I,650.9189830508476,4.3817289657620355
충북,숙박 및 음식점업,regional_service_production_index_I,2024,2,7059.7047173732335,14060.968170529803,14855.3,-794.3318294701967,5.347127486285681,recursive_no_target_actual,15576.21747836019,720.9174783601902,4.852931131382,794.3318294701967,720.9174783601902,False,-73.41435111000646,15576.21747836019,720.9174783601902,baseline,720.9174783601902,4.852931131382
충북,숙박 및 음식점업,regional_service_production_index_I,2024,3,10567.787061512885,14063.106012168142,14855.3,-792.1939878318572,5.332736382515716,recursive_no_target_actual,15424.508692562158,569.2086925621588,3.831687630422535,792.1939878318572,569.2086925621588,False,-222.98529526969833,15424.508692562158,569.2086925621588,baseline,569.2086925621588,3.831687630422535
충북,숙박 및 음식점업,regional_service_production_index_I,2024,4,14203.379490856194,14203.379490856194,14855.3,-651.9205091438052,4.38847084302441,recursive_no_target_actual,15294.422516223243,439.12251622324584,2.955998978298963,651.9205091438052,439.12251622324584,False,-212.7979929205594,15294.422516223243,439.12251622324584,baseline,439.12251622324584,2.955998978298963
충북,운수 및 창고업,regional_service_production_index_H,2021,1,4086.4985721430357,16473.697368951613,20213.86,-3740.162631048388,18.502960993340153,recursive_no_target_actual,17362.24783768936,-2851.612162310641,14.107212389472574,3740.162631048388,2851.612162310641,False,-888.550468737747,17362.24783768936,-2851.612162310641,baseline,2851.612162310641,14.107212389472574
충북,운수 및 창고업,regional_service_production_index_H,2021,2,8591.677894473618,17153.3299550674,20213.86,-3060.5300449326023,15.140750182956655,recursive_no_target_actual,19046.045064681228,-1167.8149353187728,5.777298028772202,3060.5300449326023,1167.8149353187728,False,-1892.7151096138296,19046.045064681228,-1167.8149353187728,baseline,1167.8149353187728,5.777298028772202
충북,운수 및 창고업,regional_service_production_index_H,2021,3,13035.79960740185,17464.04108207705,20213.86,-2749.818917922952,13.603630963719704,recursive_no_target_actual,19192.152190988025,-1021.7078090119758,5.054491368852736,2749.818917922952,1021.7078090119758,False,-1728.1111089109763,19192.152190988025,-1021.7078090119758,baseline,1021.7078090119758,5.054491368852736
충북,운수 및 창고업,regional_service_production_index_H,2021,4,17754.680562640657,17754.680562640657,20213.86,-2459.179437359344,12.165808199717143,recursive_no_target_actual,19335.878709694356,-877.9812903056445,4.343461814347405,2459.179437359344,877.9812903056445,False,-1581.1981470536994,19335.878709694356,-877.9812903056445,baseline,877.9812903056445,4.343461814347405
충북,운수 및 창고업,regional_service_production_index_H,2023,1,5508.20988976378,24362.182049751245,25037.32,-675.1379502487544,2.6965264263457684,recursive_no_target_actual,25023.30308406562,-14.01691593437863,0.055984090686937,675.1379502487544,14.01691593437863,False,-661.1210343143757,25023.30308406562,-14.01691593437863,baseline,14.01691593437863,0.05598409068693706
충북,운수 및 창고업,regional_service_production_index_H,2023,2,11178.425952755908,23382.636875294123,25037.32,-1654.6831247058763,6.608866782490604,recursive_no_target_actual,26302.257483752805,1264.9374837528048,5.052207998910445,1654.6831247058763,1264.9374837528048,False,-389.7456409530714,26302.257483752805,1264.9374837528048,baseline,1264.9374837528048,5.052207998910445
충북,운수 및 창고업,regional_service_production_index_H,2023,3,16585.38198425197,22517.416896762377,25037.32,-2519.9031032376224,10.064587995990076,recursive_no_target_actual,26477.914606263177,1440.5946062631774,5.753789168581851,2519.9031032376224,1440.5946062631774,False,-1079.308496974445,26477.914606263177,1440.5946062631774,baseline,1440.5946062631774,5.753789168581851
충북,운수 및 창고업,regional_service_production_index_H,2023,4,22169.53226771654,22169.53226771654,25037.32,-2867.787732283461,11.4540523198308,recursive_no_target_actual,26425.926455189132,1388.6064551891322,5.5461465332117506,2867.787732283461,1388.6064551891322,False,-1479.1812770943288,26425.926455189132,1388.6064551891322,baseline,1388.6064551891322,5.5461465332117506
충북,운수 및 창고업,regional_service_production_index_H,2024,1,6140.690038821648,24715.14860294118,29500.47,-4785.321397058822,16.221170025626108,recursive_no_target_actual,31129.318769285663,1628.8487692856652,5.521433283217743,4785.321397058822,1628.8487692856652,False,-3156.472627773157,31129.318769285663,1628.8487692856652,baseline,1628.8487692856652,5.521433283217743
충북,운수 및 창고업,regional_service_production_index_H,2024,2,12613.000210093629,25014.64126811594,29500.47,-4485.828731884059,15.205956826735504,recursive_no_target_actual,29542.151257499223,41.68125749922183,0.1412901472390841,4485.828731884059,41.68125749922183,False,-4444.147474384838,29542.151257499223,41.68125749922183,baseline,41.68125749922183,0.1412901472390841
충북,운수 및 창고업,regional_service_production_index_H,2024,3,19022.41690796986,25427.09512820513,29500.47,-4073.374871794873,13.807830423701292,recursive_no_target_actual,29181.255566436823,-319.2144335631783,1.082065585948896,4073.374871794873,319.2144335631783,False,-3754.1604382316946,29181.255566436823,-319.2144335631783,baseline,319.2144335631783,1.0820655859488961
충북,운수 및 창고업,regional_service_production_index_H,2024,4,25620.51402603334,25620.51402603334,29500.47,-3879.955973966662,13.152183588826421,recursive_no_target_actual,28833.413279282737,-667.0567207172644,2.2611731972991085,3879.955973966662,667.0567207172644,False,-3212.8992532493976,28833.413279282737,-667.0567207172644,baseline,667.0567207172644,2.2611731972991085
충북,운수 및 창고업,regional_service_production_index_H,2025,1,6912.629658558358,28841.24162011173,29859.82,-1018.5783798882694,3.4112006699580553,recursive_no_target_actual,29836.161252194863,-23.658747805133316,0.079232720777062,1018.5783798882694,23.658747805133316,False,-994.9196320831361,29836.161252194863,-23.658747805133316,baseline,23.658747805133316,0.079232720777062
충북,운수 및 창고업,regional_service_production_index_H,2025,2,14253.184010265564,28952.183839528556,29859.82,-907.6361604714439,3.0396571729884636,recursive_no_target_actual,29757.966993675545,-101.85300632445431,0.3411038858387436,907.6361604714439,101.85300632445431,False,-805.7831541469895,29757.966993675545,-101.85300632445431,baseline,101.85300632445431,0.34110388583874357
충북,운수 및 창고업,regional_service_production_index_H,2025,3,21685.906757420216,29207.85938683498,29859.82,-651.960613165018,2.183404364678079,recursive_no_target_actual,29627.57517742854,-232.24482257145792,0.7777837326931573,651.960613165018,232.24482257145792,False,-419.7157905935601,29627.57517742854,-232.24482257145792,baseline,232.24482257145792,0.7777837326931573
충북,운수 및 창고업,regional_service_production_index_H,2025,4,29204.214443204637,29204.214443204637,29859.82,-655.6055567953626,2.195611215323343,recursive_no_target_actual,29479.452877364613,-380.3671226353872,1.2738426508779597,655.6055567953626,380.3671226353872,False,-275.23843415997544,29479.452877364613,-380.3671226353872,baseline,380.3671226353872,1.2738426508779597
충북,정보통신업,regional_service_production_index_J,2021,1,2166.941112221945,8731.048731117826,9846.41,-1115.361268882174,11.327593192667926,recursive_no_target_actual,9103.615550310453,-742.794449689547,7.543809872730741,1115.361268882174,742.794449689547,False,-372.566819192627,9103.615550310453,-742.794449689547,baseline,742.794449689547,7.543809872730741
충북,정보통신업,regional_service_production_index_J,2021,2,4338.220444888778,8974.777662874872,9846.41,-871.6323371251274,8.852285626183832,recursive_no_target_actual,9225.400179217251,-621.0098207827468,6.306966912638686,871.6323371251274,621.0098207827468,False,-250.62251634238055,9225.400179217251,-621.0098207827468,baseline,621.0098207827468,6.306966912638686
충북,정보통신업,regional_service_production_index_J,2021,3,6654.830162459387,9062.6192920354,9846.41,-783.7907079645993,7.960167289038332,recursive_no_target_actual,9388.662878017176,-457.747121982824,4.64887326429454,783.7907079645993,457.747121982824,False,-326.04358598177527,9388.662878017176,-457.747121982824,baseline,457.747121982824,4.64887326429454
충북,정보통신업,regional_service_production_index_J,2021,4,9036.513186703327,9036.513186703327,9846.41,-809.8968132966729,8.225300523710398,recursive_no_target_actual,9466.908242139438,-379.50175786056207,3.854214458473313,809.8968132966729,379.50175786056207,False,-430.39505543611085,9466.908242139438,-379.50175786056207,baseline,379.50175786056207,3.8542144584733125
충북,정보통신업,regional_service_production_index_J,2022,1,2505.3275564090254,10447.642242242242,9872.25,575.392242242242,5.828379976623789,recursive_no_target_actual,10153.889435906687,281.63943590668714,2.852839382174146,575.392242242242,281.63943590668714,False,-293.75280633555485,10153.889435906687,281.63943590668714,baseline,281.63943590668714,2.852839382174146
충북,정보통신업,regional_service_production_index_J,2022,2,5008.291596255401,10432.271395,9872.25,560.0213949999998,5.672682468535539,recursive_no_target_actual,10204.02169862918,331.7716986291798,3.360649280854717,560.0213949999998,331.7716986291798,False,-228.24969637081995,10204.02169862918,331.7716986291798,baseline,331.7716986291798,3.360649280854717
충북,정보통신업,regional_service_production_index_J,2022,3,7541.981351416227,10241.165029335072,9872.25,368.9150293350722,3.736889050976952,recursive_no_target_actual,10177.643590788148,305.3935907881478,3.0934547928602676,368.9150293350722,305.3935907881478,False,-63.5214385469244,10177.643590788148,305.3935907881478,baseline,305.3935907881478,3.0934547928602676
충북,정보통신업,regional_service_production_index_J,2022,4,10061.490007201151,10061.490007201151,9872.25,189.24000720115146,1.9168883203033904,recursive_no_target_actual,10075.745382274135,203.4953822741354,2.061286761114593,189.24000720115146,203.4953822741354,True,14.255375072983952,10061.490007201151,189.24000720115146,regional_service_production_index_J,189.24000720115146,1.9168883203033904
충북,정보통신업,regional_service_production_index_J,2023,1,2400.2299154334037,9639.41391509434,9679.17,-39.75608490566083,0.4107385747503228,recursive_no_target_actual,10515.551830290002,836.3818302900017,8.641049080551348,39.75608490566083,836.3818302900017,True,796.6257453843409,9639.41391509434,-39.75608490566083,regional_service_production_index_J,39.75608490566083,0.4107385747503228
충북,정보통신업,regional_service_production_index_J,2023,2,4819.012332628611,9681.234308636149,9679.17,2.0643086361487804,0.02132733112600337,recursive_no_target_actual,10236.434398086452,557.2643980864523,5.757357274295753,2.0643086361487804,557.2643980864523,True,555.2000894503035,9681.234308636149,2.0643086361487804,regional_service_production_index_J,2.0643086361487804,0.02132733112600337
충북,정보통신업,regional_service_production_index_J,2023,3,7309.685694150811,9751.592604199312,9679.17,72.42260419931154,0.7482315549712583,recursive_no_target_actual,10252.344133924516,573.1741339245164,5.921728143265552,72.42260419931154,573.1741339245164,True,500.7515297252048,9751.592604199312,72.42260419931154,regional_service_production_index_J,72.42260419931154,0.7482315549712583
충북,정보통신업,regional_service_production_index_J,2023,4,9881.526250880903,9881.526250880903,9679.17,202.35625088090273,2.090636396311902,recursive_no_target_actual,10284.435311757448,605.2653117574482,6.253277003683665,202.35625088090273,605.2653117574482,True,402.9090608765455,9881.526250880903,202.35625088090273,regional_service_production_index_J,202.35625088090273,2.090636396311902
충북,정보통신업,regional_service_production_index_J,2024,1,2385.1510208871155,9819.447826086956,9667.86,151.58782608695583,1.5679563635277696,recursive_no_target_actual,10541.537560143975,873.6775601439749,9.036928132430289,151.58782608695583,873.6775601439749,True,722.0897340570191,9819.447826086956,151.58782608695583,regional_service_production_index_J,151.58782608695583,1.5679563635277696
충북,정보통신업,regional_service_production_index_J,2024,2,4795.289338183525,9832.88155437921,9667.86,165.0215543792092,1.7069088131107524,recursive_no_target_actual,10399.342077855405,731.4820778554022,7.566121953104432,165.0215543792092,731.4820778554022,True,566.460523476193,9832.88155437921,165.0215543792092,regional_service_production_index_J,165.0215543792092,1.7069088131107524
충북,정보통신업,regional_service_production_index_J,2024,3,7289.475834311194,9854.205751903552,9667.86,186.345751903551,1.9274767311850916,recursive_no_target_actual,10352.074748634595,684.2147486345948,7.077209937200111,186.345751903551,684.2147486345948,True,497.8689967310438,9854.205751903552,186.345751903551,regional_service_production_index_J,186.345751903551,1.9274767311850916
충북,정보통신업,regional_service_production_index_J,2024,4,9826.822206054916,9826.822206054916,9667.86,158.96220605491544,1.6442336365536472,recursive_no_target_actual,10331.895570829016,664.0355708290153,6.868485588630942,158.96220605491544,664.0355708290153,True,505.0733647740999,9826.822206054916,158.96220605491544,regional_service_production_index_J,158.96220605491544,1.6442336365536472
