track,quarter_region,activity,available_quarters,year,selected_route_id,selected_basis,baseline_predicted_eok,selected_predicted_eok,official_annual_eok,baseline_error_eok,selected_error_eok,baseline_abs_error_eok,selected_abs_error_eok,baseline_ape_pct,selected_ape_pct,target_candidate_ape_pct_if_adopted
prior_year_province_anchor,대구,건설업,1,2021,baseline,no_prior_positive_route,36140.52852048918,36140.52852048918,41049.64,-4909.111479510822,-4909.111479510822,4909.111479510822,4909.111479510822,11.9589635366128,11.958963536612801,
prior_year_province_anchor,대구,건설업,1,2022,baseline,no_prior_positive_route,41054.005149767014,41054.005149767014,41365.55,-311.5448502329891,-311.5448502329891,311.5448502329891,311.5448502329891,0.7531505086551227,0.7531505086551227,
prior_year_province_anchor,대구,건설업,1,2024,baseline,no_prior_positive_route,41562.76296184352,41562.76296184352,31555.25,10007.512961843517,10007.512961843517,10007.512961843517,10007.512961843517,31.71425661924249,31.71425661924249,
prior_year_province_anchor,대구,건설업,1,2025,baseline,no_prior_positive_route,27670.30629118517,27670.30629118517,25481.89,2188.416291185171,2188.416291185171,2188.416291185171,2188.416291185171,8.588123923245767,8.588123923245767,
prior_year_province_anchor,대구,건설업,2,2021,baseline,no_prior_positive_route,36167.22266941562,36167.22266941562,41049.64,-4882.41733058438,-4882.41733058438,4882.41733058438,4882.41733058438,11.893934588913275,11.893934588913275,
prior_year_province_anchor,대구,건설업,2,2022,baseline,no_prior_positive_route,40844.59521579461,40844.59521579461,41365.55,-520.9547842053944,-520.9547842053944,520.9547842053944,520.9547842053944,1.259392862431164,1.2593928624311639,
prior_year_province_anchor,대구,건설업,2,2024,baseline,no_prior_positive_route,40546.78762125715,40546.78762125715,31555.25,8991.53762125715,8991.53762125715,8991.53762125715,8991.53762125715,28.494585279017436,28.494585279017436,
prior_year_province_anchor,대구,건설업,2,2025,regional_construction_orders_bok_12_24q,prior_positive_improvement_2600.636_eok,28008.19822644968,20998.562432283332,25481.89,2526.3082264496807,-4483.3275677166675,2526.3082264496807,4483.3275677166675,9.914132061827756,17.59417204813563,17.59417204813563
prior_year_province_anchor,대구,건설업,3,2021,baseline,no_prior_positive_route,36388.064404624485,36388.064404624485,41049.64,-4661.575595375514,-4661.575595375514,4661.575595375514,4661.575595375514,11.355947568299053,11.355947568299051,
prior_year_province_anchor,대구,건설업,3,2022,regional_construction_orders_bok_12_24q,prior_positive_improvement_915.706_eok,41228.946428962234,41843.42511535766,41365.55,-136.60357103776914,477.8751153576595,136.60357103776914,477.8751153576595,0.3302351136096804,1.1552490305523788,1.1552490305523788
prior_year_province_anchor,대구,건설업,3,2024,regional_construction_orders_bok_12_24q,prior_positive_improvement_574.434_eok,39499.71634908728,27068.302602734195,31555.25,7944.4663490872845,-4486.947397265805,7944.4663490872845,4486.947397265805,25.176369539418275,14.219337185621427,14.219337185621429
prior_year_province_anchor,대구,건설업,3,2025,regional_construction_orders_bok_12_24q,prior_positive_improvement_4031.953_eok,28473.61347470746,21800.456844886772,25481.89,2991.7234747074617,-3681.4331551132273,2991.7234747074617,3681.4331551132273,11.740587039295209,14.447253147679499,14.4472531476795
prior_year_province_anchor,대구,건설업,4,2021,baseline,no_prior_positive_route,36719.8454828078,36719.8454828078,41049.64,-4329.7945171921965,-4329.7945171921965,4329.7945171921965,4329.7945171921965,10.54770399251296,10.54770399251296,
prior_year_province_anchor,대구,건설업,4,2022,regional_construction_orders_bok_12_24q,prior_positive_improvement_1244.627_eok,41456.56356672509,40300.450481588814,41365.55,91.013566725087,-1065.099518411189,91.013566725087,1065.099518411189,0.2200226196075889,2.5748467466555836,2.5748467466555836
prior_year_province_anchor,대구,건설업,4,2024,regional_construction_orders_bok_12_24q,prior_positive_improvement_270.541_eok,38927.34928201584,26637.49160235923,31555.25,7372.099282015843,-4917.758397640766,7372.099282015843,4917.758397640766,23.362512678606073,15.584596533511114,15.584596533511114
prior_year_province_anchor,대구,건설업,4,2025,regional_construction_orders_bok_12_24q,prior_positive_improvement_2724.882_eok,28655.84994117612,23325.82854040494,25481.89,3173.959941176123,-2156.061459595061,3173.959941176123,2156.061459595061,12.455747753310774,8.46115205581321,8.46115205581321
prior_year_province_anchor,대구,"광업, 제조업",1,2021,baseline,no_prior_positive_route,118942.53433572134,118942.53433572134,121066.7,-2124.1656642786547,-2124.1656642786547,2124.1656642786547,2124.1656642786547,1.7545416404995386,1.7545416404995386,
prior_year_province_anchor,대구,"광업, 제조업",1,2022,baseline,no_prior_positive_route,126206.0744753496,126206.0744753496,126425.64,-219.56552465040295,-219.56552465040295,219.56552465040295,219.56552465040295,0.1736716734440916,0.17367167344409168,
prior_year_province_anchor,대구,"광업, 제조업",1,2024,baseline,no_prior_positive_route,132927.7268156528,132927.7268156528,123123.4,9804.326815652808,9804.326815652808,9804.326815652808,9804.326815652808,7.963008506630589,7.963008506630591,
prior_year_province_anchor,대구,"광업, 제조업",1,2025,regional_manufacturing_production_index,prior_positive_improvement_7067.092_eok,123763.7816347726,114541.44294547498,121818.03,1945.751634772605,-7276.587054525022,1945.751634772605,7276.587054525022,1.5972607952801443,5.973325175694454,5.973325175694454
prior_year_province_anchor,대구,"광업, 제조업",2,2021,baseline,no_prior_positive_route,123976.58485647343,123976.58485647343,121066.7,2909.884856473436,2909.884856473436,2909.884856473436,2909.884856473436,2.4035385919277856,2.403538591927785,
prior_year_province_anchor,대구,"광업, 제조업",2,2022,baseline,no_prior_positive_route,125863.16203337174,125863.16203337174,126425.64,-562.4779666282557,-562.4779666282557,562.4779666282557,562.4779666282557,0.444908142547869,0.44490814254786903,
prior_year_province_anchor,대구,"광업, 제조업",2,2024,baseline,no_prior_positive_route,131175.56490075035,131175.56490075035,123123.4,8052.164900750358,8052.164900750358,8052.164900750358,8052.164900750358,6.539914346704492,6.539914346704492,
prior_year_province_anchor,대구,"광업, 제조업",2,2025,regional_manufacturing_production_index,prior_positive_improvement_140.457_eok,124991.6677356822,97167.01513692032,121818.03,3173.637735682205,-24651.01486307969,3173.637735682205,24651.01486307969,2.605228253717619,20.235932942832594,20.23593294283259
prior_year_province_anchor,대구,"광업, 제조업",3,2021,baseline,no_prior_positive_route,122863.63773734988,122863.63773734988,121066.7,1796.937737349872,1796.937737349872,1796.937737349872,1796.937737349872,1.4842543303401117,1.4842543303401117,
prior_year_province_anchor,대구,"광업, 제조업",3,2022,baseline,no_prior_positive_route,125911.1847652982,125911.1847652982,126425.64,-514.4552347018034,-514.4552347018034,514.4552347018034,514.4552347018034,0.4069231800620533,0.40692318006205336,
prior_year_province_anchor,대구,"광업, 제조업",3,2024,baseline,no_prior_positive_route,130144.71896860498,130144.71896860498,123123.4,7021.318968604988,7021.318968604988,7021.318968604988,7021.318968604988,5.702668191915581,5.702668191915581,
prior_year_province_anchor,대구,"광업, 제조업",3,2025,baseline,no_prior_positive_route,125894.2814759878,125894.2814759878,121818.03,4076.251475987796,4076.251475987796,4076.251475987796,4076.251475987796,3.3461807550062956,3.3461807550062956,
prior_year_province_anchor,대구,"광업, 제조업",4,2021,baseline,no_prior_positive_route,120977.94710885554,120977.94710885554,121066.7,-88.75289114445332,-88.75289114445332,88.75289114445332,88.75289114445332,0.0733090859373001,0.07330908593730012,
prior_year_province_anchor,대구,"광업, 제조업",4,2022,baseline,no_prior_positive_route,123998.03519079876,123998.03519079876,126425.64,-2427.6048092012497,-2427.6048092012497,2427.6048092012497,2427.6048092012497,1.9201839193388697,1.9201839193388697,
prior_year_province_anchor,대구,"광업, 제조업",4,2024,baseline,no_prior_positive_route,129274.14496832204,129274.14496832204,123123.4,6150.7449683220475,6150.7449683220475,6150.7449683220475,6150.7449683220475,4.9955938256432555,4.9955938256432555,
prior_year_province_anchor,대구,"광업, 제조업",4,2025,baseline,no_prior_positive_route,125836.23225693674,125836.23225693674,121818.03,4018.20225693674,4018.20225693674,4018.20225693674,4018.20225693674,3.2985283516214636,3.2985283516214636,
prior_year_province_anchor,대구,교육 서비스업,1,2021,baseline,no_prior_positive_route,43603.69180835853,43603.69180835853,44774.55,-1170.8581916414696,-1170.8581916414696,1170.8581916414696,1170.8581916414696,2.6150082840396376,2.6150082840396376,
prior_year_province_anchor,대구,교육 서비스업,1,2022,baseline,no_prior_positive_route,46936.92854587555,46936.92854587555,46314.15,622.7785458755461,622.7785458755461,622.7785458755461,622.7785458755461,1.34468309550223,1.34468309550223,
prior_year_province_anchor,대구,교육 서비스업,1,2023,baseline,no_prior_positive_route,47183.95641440315,47183.95641440315,46902.9,281.056414403145,281.056414403145,281.056414403145,281.056414403145,0.5992303554857908,0.5992303554857908,
prior_year_province_anchor,대구,교육 서비스업,1,2024,baseline,no_prior_positive_route,47504.43188720917,47504.43188720917,47101.24,403.1918872091701,403.1918872091701,403.1918872091701,403.1918872091701,0.8560111946292075,0.8560111946292075,
prior_year_province_anchor,대구,교육 서비스업,1,2025,baseline,no_prior_positive_route,46804.202270738875,46804.202270738875,46989.54,-185.3377292611258,-185.3377292611258,185.3377292611258,185.3377292611258,0.3944233743533684,0.39442337435336844,
prior_year_province_anchor,대구,교육 서비스업,2,2021,baseline,no_prior_positive_route,44031.19967518264,44031.19967518264,44774.55,-743.3503248173656,-743.3503248173656,743.3503248173656,743.3503248173656,1.6602072490228614,1.6602072490228614,
prior_year_province_anchor,대구,교육 서비스업,2,2022,baseline,no_prior_positive_route,46810.40721589512,46810.40721589512,46314.15,496.2572158951152,496.2572158951152,496.2572158951152,496.2572158951152,1.0715023721586496,1.0715023721586496,
prior_year_province_anchor,대구,교육 서비스업,2,2023,baseline,no_prior_positive_route,47119.038522315226,47119.038522315226,46902.9,216.1385223152247,216.1385223152247,216.1385223152247,216.1385223152247,0.4608212334743153,0.46082123347431536,
prior_year_province_anchor,대구,교육 서비스업,2,2024,baseline,no_prior_positive_route,47524.401387672915,47524.401387672915,47101.24,423.16138767291704,423.16138767291704,423.16138767291704,423.16138767291704,0.8984081686021791,0.8984081686021791,
prior_year_province_anchor,대구,교육 서비스업,2,2025,baseline,no_prior_positive_route,46718.29075401378,46718.29075401378,46989.54,-271.24924598621874,-271.24924598621874,271.24924598621874,271.24924598621874,0.5772545251266957,0.5772545251266957,
prior_year_province_anchor,대구,교육 서비스업,3,2021,baseline,no_prior_positive_route,44396.82516433857,44396.82516433857,44774.55,-377.7248356614364,-377.7248356614364,377.7248356614364,377.7248356614364,0.8436150350175186,0.8436150350175186,
prior_year_province_anchor,대구,교육 서비스업,3,2022,baseline,no_prior_positive_route,46624.956769100485,46624.956769100485,46314.15,310.8067691004835,310.8067691004835,310.8067691004835,310.8067691004835,0.6710838244909677,0.6710838244909677,
prior_year_province_anchor,대구,교육 서비스업,3,2023,baseline,no_prior_positive_route,47007.633388032074,47007.633388032074,46902.9,104.73338803207298,104.73338803207298,104.73338803207298,104.73338803207298,0.2232983206413099,0.22329832064130997,
prior_year_province_anchor,대구,교육 서비스업,3,2024,baseline,no_prior_positive_route,47441.01231305589,47441.01231305589,47101.24,339.7723130558952,339.7723130558952,339.7723130558952,339.7723130558952,0.721365962033898,0.721365962033898,
prior_year_province_anchor,대구,교육 서비스업,3,2025,baseline,no_prior_positive_route,46882.909382248115,46882.909382248115,46989.54,-106.63061775188544,-106.63061775188544,106.63061775188544,106.63061775188544,0.2269241574867203,0.22692415748672032,
prior_year_province_anchor,대구,교육 서비스업,4,2021,baseline,no_prior_positive_route,44463.7091235161,44463.7091235161,44774.55,-310.84087648390414,-310.84087648390414,310.84087648390414,310.84087648390414,0.6942356237726658,0.6942356237726658,
prior_year_province_anchor,대구,교육 서비스업,4,2022,baseline,no_prior_positive_route,46569.105290004045,46569.105290004045,46314.15,254.9552900040435,254.9552900040435,254.9552900040435,254.9552900040435,0.5504911350074296,0.5504911350074296,
prior_year_province_anchor,대구,교육 서비스업,4,2023,baseline,no_prior_positive_route,46901.56959833313,46901.56959833313,46902.9,-1.330401666869875,-1.330401666869875,1.330401666869875,1.330401666869875,0.002836501936703,0.0028365019367030076,
prior_year_province_anchor,대구,교육 서비스업,4,2024,baseline,no_prior_positive_route,47426.111596418144,47426.111596418144,47101.24,324.8715964181465,324.8715964181465,324.8715964181465,324.8715964181465,0.6897304538439891,0.6897304538439891,
prior_year_province_anchor,대구,교육 서비스업,4,2025,baseline,no_prior_positive_route,46948.0884414669,46948.0884414669,46989.54,-41.4515585331028,-41.4515585331028,41.4515585331028,41.4515585331028,0.0882144377942469,0.08821443779424697,
prior_year_province_anchor,대구,금융 및 보험업,1,2021,baseline,no_prior_positive_route,42362.53252145161,42362.53252145161,39905.149999999994,2457.3825214516182,2457.3825214516182,2457.3825214516182,2457.3825214516182,6.158058600084497,6.158058600084497,
prior_year_province_anchor,대구,금융 및 보험업,1,2022,baseline,no_prior_positive_route,42038.25081537061,42038.25081537061,41970.58,67.67081537060585,67.67081537060585,67.67081537060585,67.67081537060585,0.1612339295063491,0.1612339295063491,
prior_year_province_anchor,대구,금융 및 보험업,1,2023,baseline,no_prior_positive_route,42548.17750947223,42548.17750947223,42718.49,-170.31249052776548,-170.31249052776548,170.31249052776548,170.31249052776548,0.398685652343436,0.39868565234343606,
prior_year_province_anchor,대구,금융 및 보험업,1,2024,baseline,no_prior_positive_route,43058.24500466047,43058.24500466047,43097.89,-39.64499533952767,-39.64499533952767,39.64499533952767,39.64499533952767,0.0919882512566802,0.09198825125668024,
prior_year_province_anchor,대구,금융 및 보험업,1,2025,baseline,no_prior_positive_route,45396.70103424178,45396.70103424178,43932.46,1464.2410342417788,1464.2410342417788,1464.2410342417788,1464.2410342417788,3.3329365900333805,3.3329365900333805,
prior_year_province_anchor,대구,금융 및 보험업,2,2021,baseline,no_prior_positive_route,41691.107094972554,41691.107094972554,39905.149999999994,1785.9570949725603,1785.9570949725603,1785.9570949725603,1785.9570949725603,4.475505279325001,4.475505279325001,
prior_year_province_anchor,대구,금융 및 보험업,2,2022,baseline,no_prior_positive_route,41745.21452309437,41745.21452309437,41970.58,-225.36547690563748,-225.36547690563748,225.36547690563748,225.36547690563748,0.5369605969363241,0.5369605969363241,
prior_year_province_anchor,대구,금융 및 보험업,2,2023,baseline,no_prior_positive_route,42676.33854596768,42676.33854596768,42718.49,-42.151454032318725,-42.151454032318725,42.151454032318725,42.151454032318725,0.0986726216968781,0.09867262169687815,
prior_year_province_anchor,대구,금융 및 보험업,2,2024,baseline,no_prior_positive_route,43172.238266268425,43172.238266268425,43097.89,74.3482662684255,74.3482662684255,74.3482662684255,74.3482662684255,0.1725102232810597,0.1725102232810597,
prior_year_province_anchor,대구,금융 및 보험업,2,2025,baseline,no_prior_positive_route,45182.00612171315,45182.00612171315,43932.46,1249.5461217131524,1249.5461217131524,1249.5461217131524,1249.5461217131524,2.8442434630638767,2.8442434630638767,
prior_year_province_anchor,대구,금융 및 보험업,3,2021,baseline,no_prior_positive_route,41633.33033803726,41633.33033803726,39905.149999999994,1728.1803380372658,1728.1803380372658,1728.1803380372658,1728.1803380372658,4.330720065047409,4.330720065047409,
prior_year_province_anchor,대구,금융 및 보험업,3,2022,regional_service_production_index_K,prior_positive_improvement_46.893_eok,41144.90589846768,41240.781796652984,41970.58,-825.6741015323205,-729.798203347018,825.6741015323205,729.798203347018,1.96726874284873,1.7388327808360475,1.7388327808360475
prior_year_province_anchor,대구,금융 및 보험업,3,2023,regional_service_production_index_K,prior_positive_improvement_142.768_eok,42802.746596956385,44599.35143293614,42718.49,84.25659695638751,1880.8614329361444,84.25659695638751,1880.8614329361444,0.1972368334095786,4.402921154132893,4.402921154132893
prior_year_province_anchor,대구,금융 및 보험업,3,2024,baseline,no_prior_positive_route,43762.61836939345,43762.61836939345,43097.89,664.7283693934514,664.7283693934514,664.7283693934514,664.7283693934514,1.5423687085225088,1.5423687085225088,
prior_year_province_anchor,대구,금융 및 보험업,3,2025,baseline,no_prior_positive_route,44976.95834154489,44976.95834154489,43932.46,1044.4983415448878,1044.4983415448878,1044.4983415448878,1044.4983415448878,2.3775093439904977,2.3775093439904977,
prior_year_province_anchor,대구,금융 및 보험업,4,2021,baseline,no_prior_positive_route,41563.01856650099,41563.01856650099,39905.149999999994,1657.868566500998,1657.868566500998,1657.868566500998,1657.868566500998,4.154522828509599,4.154522828509599,
prior_year_province_anchor,대구,금융 및 보험업,4,2022,regional_service_production_index_K,prior_positive_improvement_185.363_eok,40996.518430326294,42243.12231764705,41970.58,-974.0615696737076,272.54231764705037,974.0615696737076,272.54231764705037,2.3208198925859675,0.6493651449349767,0.6493651449349767
prior_year_province_anchor,대구,금융 및 보험업,4,2023,regional_service_production_index_K,prior_positive_improvement_886.882_eok,42266.658520312834,43444.54124472105,42718.49,-451.83147968716366,726.0512447210494,451.83147968716366,726.0512447210494,1.0576953438362724,1.6996182325757523,1.6996182325757525
prior_year_province_anchor,대구,금융 및 보험업,4,2024,regional_service_production_index_K,prior_positive_improvement_612.662_eok,44264.40486666713,42956.98704530814,43097.89,1166.5148666671305,-140.90295469186094,1166.5148666671305,140.90295469186094,2.7066635203420173,0.32693701406695536,0.3269370140669553
prior_year_province_anchor,대구,금융 및 보험업,4,2025,regional_service_production_index_K,prior_positive_improvement_1638.274_eok,45158.63750478919,43199.123566090115,43932.46,1226.177504789193,-733.3364339098844,1226.177504789193,733.3364339098844,2.791051320115453,1.669235990677245,1.669235990677245
prior_year_province_anchor,대구,도매 및 소매업,1,2021,baseline,no_prior_positive_route,54656.82457845179,54656.82457845179,54537.880000000005,118.9445784517884,118.9445784517884,118.9445784517884,118.9445784517884,0.2180953466687527,0.21809534666875277,
prior_year_province_anchor,대구,도매 및 소매업,1,2023,baseline,no_prior_positive_route,58335.66602107897,58335.66602107897,53908.06,4427.606021078973,4427.606021078973,4427.606021078973,4427.606021078973,8.213254235227483,8.213254235227483,
prior_year_province_anchor,대구,도매 및 소매업,1,2025,regional_service_production_index_G,prior_positive_improvement_1051.695_eok,52870.415567903816,52824.300237388736,53863.76,-993.3444320961862,-1039.4597626112663,993.3444320961862,1039.4597626112663,1.8441795227369688,1.9297942858264374,1.9297942858264376
prior_year_province_anchor,대구,도매 및 소매업,2,2021,baseline,no_prior_positive_route,55164.55248285372,55164.55248285372,54537.880000000005,626.672482853719,626.672482853719,626.672482853719,626.672482853719,1.1490591179079916,1.1490591179079916,
prior_year_province_anchor,대구,도매 및 소매업,2,2023,baseline,no_prior_positive_route,56021.75351386587,56021.75351386587,53908.06,2113.6935138658737,2113.6935138658737,2113.6935138658737,2113.6935138658737,3.920922982325599,3.9209229823255995,
prior_year_province_anchor,대구,도매 및 소매업,2,2025,baseline,no_prior_positive_route,53117.621461510666,53117.621461510666,53863.76,-746.1385384893365,-746.1385384893365,746.1385384893365,746.1385384893365,1.3852329256058924,1.3852329256058924,
prior_year_province_anchor,대구,도매 및 소매업,3,2021,baseline,no_prior_positive_route,54949.32381850337,54949.32381850337,54537.880000000005,411.44381850336504,411.44381850336504,411.44381850336504,411.44381850336504,0.7544184308289302,0.7544184308289302,
prior_year_province_anchor,대구,도매 및 소매업,3,2023,baseline,no_prior_positive_route,54953.22216075334,54953.22216075334,53908.06,1045.1621607533452,1045.1621607533452,1045.1621607533452,1045.1621607533452,1.9387864463186864,1.9387864463186866,
prior_year_province_anchor,대구,도매 및 소매업,3,2025,baseline,no_prior_positive_route,53887.25067678827,53887.25067678827,53863.76,23.49067678827123,23.49067678827123,23.49067678827123,23.49067678827123,0.043611282963297,0.04361128296329708,
prior_year_province_anchor,대구,도매 및 소매업,4,2021,baseline,no_prior_positive_route,55003.40996402921,55003.40996402921,54537.880000000005,465.5299640292069,465.5299640292069,465.5299640292069,465.5299640292069,0.8535901359370897,0.8535901359370897,
prior_year_province_anchor,대구,도매 및 소매업,4,2023,baseline,no_prior_positive_route,54090.72391885955,54090.72391885955,53908.06,182.6639188595509,182.6639188595509,182.6639188595509,182.6639188595509,0.3388434287183603,0.3388434287183603,
prior_year_province_anchor,대구,도매 및 소매업,4,2025,baseline,no_prior_positive_route,54253.85587665172,54253.85587665172,53863.76,390.0958766517215,390.0958766517215,390.0958766517215,390.0958766517215,0.7242269693978316,0.7242269693978316,
prior_year_province_anchor,대구,문화 및 기타서비스업,1,2021,baseline,no_prior_positive_route,20394.43534904393,20394.43534904393,20811.28,-416.8446509560672,-416.8446509560672,416.8446509560672,416.8446509560672,2.0029745933746854,2.0029745933746854,
prior_year_province_anchor,대구,문화 및 기타서비스업,1,2022,baseline,no_prior_positive_route,21370.27035270998,21370.27035270998,20792.23,578.0403527099807,578.0403527099807,578.0403527099807,578.0403527099807,2.78007867703455,2.7800786770345494,
prior_year_province_anchor,대구,문화 및 기타서비스업,1,2023,baseline,no_prior_positive_route,23331.606664894654,23331.606664894654,22167.59,1164.0166648946542,1164.0166648946542,1164.0166648946542,1164.0166648946542,5.250984274315134,5.250984274315134,
prior_year_province_anchor,대구,문화 및 기타서비스업,1,2024,baseline,no_prior_positive_route,22516.99509527133,22516.99509527133,21846.68,670.3150952713295,670.3150952713295,670.3150952713295,670.3150952713295,3.0682698481935446,3.0682698481935446,
prior_year_province_anchor,대구,문화 및 기타서비스업,1,2025,baseline,no_prior_positive_route,21426.49778504098,21426.49778504098,20116.68,1309.817785040981,1309.817785040981,1309.817785040981,1309.817785040981,6.511103149431125,6.511103149431125,
prior_year_province_anchor,대구,문화 및 기타서비스업,2,2021,baseline,no_prior_positive_route,21300.0702375747,21300.0702375747,20811.28,488.79023757469986,488.79023757469986,488.79023757469986,488.79023757469986,2.348679358380166,2.348679358380166,
prior_year_province_anchor,대구,문화 및 기타서비스업,2,2022,baseline,no_prior_positive_route,21575.582443668613,21575.582443668613,20792.23,783.352443668613,783.352443668613,783.352443668613,783.352443668613,3.76752490554699,3.76752490554699,
prior_year_province_anchor,대구,문화 및 기타서비스업,2,2023,baseline,no_prior_positive_route,22512.49765002571,22512.49765002571,22167.59,344.90765002571425,344.90765002571425,344.90765002571425,344.90765002571425,1.5559095509512502,1.5559095509512502,
prior_year_province_anchor,대구,문화 및 기타서비스업,2,2024,baseline,no_prior_positive_route,22449.538385240103,22449.538385240103,21846.68,602.8583852401061,602.8583852401061,602.8583852401061,602.8583852401061,2.759496569914084,2.759496569914084,
prior_year_province_anchor,대구,문화 및 기타서비스업,2,2025,baseline,no_prior_positive_route,21427.928608331164,21427.928608331164,20116.68,1311.2486083311633,1311.2486083311633,1311.2486083311633,1311.2486083311633,6.518215770848686,6.518215770848686,
prior_year_province_anchor,대구,문화 및 기타서비스업,3,2021,baseline,no_prior_positive_route,21338.860001496705,21338.860001496705,20811.28,527.5800014967062,527.5800014967062,527.5800014967062,527.5800014967062,2.535067528266912,2.535067528266912,
prior_year_province_anchor,대구,문화 및 기타서비스업,3,2022,baseline,no_prior_positive_route,22019.86930944645,22019.86930944645,20792.23,1227.639309446451,1227.639309446451,1227.639309446451,1227.639309446451,5.9043176679290825,5.9043176679290825,
prior_year_province_anchor,대구,문화 및 기타서비스업,3,2023,baseline,no_prior_positive_route,22286.62133574759,22286.62133574759,22167.59,119.03133574758976,119.03133574758976,119.03133574758976,119.03133574758976,0.5369611028875478,0.5369611028875478,
prior_year_province_anchor,대구,문화 및 기타서비스업,3,2024,baseline,no_prior_positive_route,22295.92030108125,22295.92030108125,21846.68,449.2403010812486,449.2403010812486,449.2403010812486,449.2403010812486,2.0563321341331893,2.0563321341331893,
prior_year_province_anchor,대구,문화 및 기타서비스업,3,2025,baseline,no_prior_positive_route,21709.233447708553,21709.233447708553,20116.68,1592.553447708553,1592.553447708553,1592.553447708553,1592.553447708553,7.916581899739683,7.916581899739683,
prior_year_province_anchor,대구,문화 및 기타서비스업,4,2021,baseline,no_prior_positive_route,21483.155063447433,21483.155063447433,20811.28,671.8750634474345,671.8750634474345,671.8750634474345,671.8750634474345,3.2284177784712647,3.2284177784712647,
prior_year_province_anchor,대구,문화 및 기타서비스업,4,2022,baseline,no_prior_positive_route,22004.686791092037,22004.686791092037,20792.23,1212.4567910920375,1212.4567910920375,1212.4567910920375,1212.4567910920375,5.831297513984973,5.831297513984972,
prior_year_province_anchor,대구,문화 및 기타서비스업,4,2023,baseline,no_prior_positive_route,21849.115726865155,21849.115726865155,22167.59,-318.47427313484513,-318.47427313484513,318.47427313484513,318.47427313484513,1.4366662011289686,1.4366662011289686,
prior_year_province_anchor,대구,문화 및 기타서비스업,4,2024,baseline,no_prior_positive_route,22192.76267106281,22192.76267106281,21846.68,346.0826710628098,346.0826710628098,346.0826710628098,346.0826710628098,1.5841430874751212,1.5841430874751212,
prior_year_province_anchor,대구,문화 및 기타서비스업,4,2025,baseline,no_prior_positive_route,21652.781586160272,21652.781586160272,20116.68,1536.1015861602718,1536.1015861602718,1536.1015861602718,1536.1015861602718,7.635959741668465,7.635959741668465,
prior_year_province_anchor,대구,보건 및 사회복지업,1,2021,baseline,no_prior_positive_route,53697.869154833505,53697.869154833505,57710.119999999995,-4012.250845166491,-4012.250845166491,4012.250845166491,4012.250845166491,6.952421594629314,6.952421594629316,
prior_year_province_anchor,대구,보건 및 사회복지업,1,2022,baseline,no_prior_positive_route,62720.89126212682,62720.89126212682,60651.5,2069.3912621268173,2069.3912621268173,2069.3912621268173,2069.3912621268173,3.4119374823818327,3.4119374823818327,
prior_year_province_anchor,대구,보건 및 사회복지업,1,2023,regional_service_production_index_Q,prior_positive_improvement_78.789_eok,63063.019502619856,63849.38963360143,62227.15,835.8695026198548,1622.239633601428,835.8695026198548,1622.239633601428,1.3432553196150792,2.606964377448474,2.606964377448474
prior_year_province_anchor,대구,보건 및 사회복지업,1,2024,baseline,no_prior_positive_route,64662.63376914276,64662.63376914276,63443.29,1219.3437691427607,1219.3437691427607,1219.3437691427607,1219.3437691427607,1.921942839254964,1.9219428392549642,
prior_year_province_anchor,대구,보건 및 사회복지업,1,2025,baseline,no_prior_positive_route,66390.87285885324,66390.87285885324,67234.14,-843.26714114676,-843.26714114676,843.26714114676,843.26714114676,1.2542246262787924,1.2542246262787924,
prior_year_province_anchor,대구,보건 및 사회복지업,2,2021,baseline,no_prior_positive_route,54968.61238279568,54968.61238279568,57710.119999999995,-2741.507617204319,-2741.507617204319,2741.507617204319,2741.507617204319,4.750479841671304,4.750479841671304,
prior_year_province_anchor,대구,보건 및 사회복지업,2,2022,regional_service_production_index_Q,prior_positive_improvement_2379.318_eok,62235.34888514597,62603.111804050866,60651.5,1583.8488851459697,1951.6118040508663,1583.8488851459697,1951.6118040508663,2.61139276876247,3.217746970892503,3.217746970892503
prior_year_province_anchor,대구,보건 및 사회복지업,2,2023,regional_service_production_index_Q,prior_positive_improvement_2011.555_eok,62521.58859651631,62969.05623100304,62227.15,294.4385965163092,741.9062310030349,294.4385965163092,741.9062310030349,0.4731674140890418,1.1922548774980615,1.1922548774980617
prior_year_province_anchor,대구,보건 및 사회복지업,2,2024,regional_service_production_index_Q,prior_positive_improvement_1564.087_eok,64241.769076808625,66781.62563780845,63443.29,798.4790768086241,3338.33563780845,798.4790768086241,3338.33563780845,1.2585713584661578,5.26192074498099,5.26192074498099
prior_year_province_anchor,대구,보건 및 사회복지업,2,2025,baseline,no_prior_positive_route,66896.99463495672,66896.99463495672,67234.14,-337.14536504328134,-337.14536504328134,337.14536504328134,337.14536504328134,0.5014496579316421,0.5014496579316421,
prior_year_province_anchor,대구,보건 및 사회복지업,3,2021,baseline,no_prior_positive_route,55580.62024443795,55580.62024443795,57710.119999999995,-2129.499755562043,-2129.499755562043,2129.499755562043,2129.499755562043,3.6899936364056134,3.6899936364056134,
prior_year_province_anchor,대구,보건 및 사회복지업,3,2022,regional_service_production_index_Q,prior_positive_improvement_1652.343_eok,61436.17841345269,62007.49164132795,60651.5,784.6784134526897,1355.9916413279498,784.6784134526897,1355.9916413279498,1.293749393589095,2.2357099846301405,2.2357099846301405
prior_year_province_anchor,대구,보건 및 사회복지업,3,2023,regional_service_production_index_Q,prior_positive_improvement_1081.030_eok,62573.89434834102,64224.38651458273,62227.15,346.74434834101703,1997.236514582728,346.74434834101703,1997.236514582728,0.5572235725740565,3.2095902103546887,3.2095902103546887
prior_year_province_anchor,대구,보건 및 사회복지업,3,2024,baseline,no_prior_positive_route,64251.8794538738,64251.8794538738,63443.29,808.5894538737994,808.5894538737994,808.5894538737994,808.5894538737994,1.274507444165962,1.274507444165962,
prior_year_province_anchor,대구,보건 및 사회복지업,3,2025,baseline,no_prior_positive_route,66792.26275068235,66792.26275068235,67234.14,-441.8772493176511,-441.8772493176511,441.8772493176511,441.8772493176511,0.6572215385184538,0.6572215385184538,
prior_year_province_anchor,대구,보건 및 사회복지업,4,2021,baseline,no_prior_positive_route,55969.286266397445,55969.286266397445,57710.119999999995,-1740.8337336025506,-1740.8337336025506,1740.8337336025506,1740.8337336025506,3.016513799663821,3.016513799663821,
prior_year_province_anchor,대구,보건 및 사회복지업,4,2022,regional_service_production_index_Q,prior_positive_improvement_1381.542_eok,61035.32360032437,61571.664716197505,60651.5,383.8236003243728,920.1647161975052,383.8236003243728,920.1647161975052,0.6328344728891665,1.5171343102767536,1.5171343102767536
prior_year_province_anchor,대구,보건 및 사회복지업,4,2023,regional_service_production_index_Q,prior_positive_improvement_845.201_eok,62680.9607152291,64652.08553200692,62227.15,453.8107152290977,2424.9355320069153,453.8107152290977,2424.9355320069153,0.729280893033182,3.8969091980058788,3.8969091980058783
prior_year_province_anchor,대구,보건 및 사회복지업,4,2024,baseline,no_prior_positive_route,64510.59046790875,64510.59046790875,63443.29,1067.3004679087462,1067.3004679087462,1067.3004679087462,1067.3004679087462,1.6822905431114088,1.6822905431114088,
prior_year_province_anchor,대구,보건 및 사회복지업,4,2025,baseline,no_prior_positive_route,67097.33787960226,67097.33787960226,67234.14,-136.8021203977405,-136.8021203977405,136.8021203977405,136.8021203977405,0.2034712132820327,0.20347121328203277,
prior_year_province_anchor,대구,부동산업,1,2021,baseline,no_prior_positive_route,73033.83172745253,73033.83172745253,71741.26,1292.5717274525375,1292.5717274525375,1292.5717274525375,1292.5717274525375,1.801713166806016,1.8017131668060158,
prior_year_province_anchor,대구,부동산업,1,2022,baseline,no_prior_positive_route,70458.66151559116,70458.66151559116,68076.38,2382.281515591152,2382.281515591152,2382.281515591152,2382.281515591152,3.499424492887477,3.499424492887477,
prior_year_province_anchor,대구,부동산업,1,2023,baseline,no_prior_positive_route,68119.47689489798,68119.47689489798,69860.54,-1741.0631051020173,-1741.0631051020173,1741.0631051020173,1741.0631051020173,2.4921981781160256,2.4921981781160256,
prior_year_province_anchor,대구,부동산업,1,2024,baseline,no_prior_positive_route,70767.58177490756,70767.58177490756,70535.43000000001,232.1517749075574,232.1517749075574,232.1517749075574,232.1517749075574,0.3291278934679456,0.32912789346794563,
prior_year_province_anchor,대구,부동산업,1,2025,baseline,no_prior_positive_route,70245.60059538564,70245.60059538564,68077.62,2167.980595385641,2167.980595385641,2167.980595385641,2167.980595385641,3.184571663030584,3.184571663030584,
prior_year_province_anchor,대구,부동산업,2,2021,baseline,no_prior_positive_route,72892.99096239846,72892.99096239846,71741.26,1151.730962398462,1151.730962398462,1151.730962398462,1151.730962398462,1.6053955037846588,1.6053955037846588,
prior_year_province_anchor,대구,부동산업,2,2022,baseline,no_prior_positive_route,69934.81460685127,69934.81460685127,68076.38,1858.4346068512675,1858.4346068512675,1858.4346068512675,1858.4346068512675,2.729925719979922,2.7299257199799216,
prior_year_province_anchor,대구,부동산업,2,2023,baseline,no_prior_positive_route,68319.47798249083,68319.47798249083,69860.54,-1541.0620175091608,-1541.0620175091608,1541.0620175091608,1541.0620175091608,2.205911974784565,2.205911974784565,
prior_year_province_anchor,대구,부동산업,2,2024,baseline,no_prior_positive_route,71297.12355031699,71297.12355031699,70535.43000000001,761.6935503169807,761.6935503169807,761.6935503169807,761.6935503169807,1.0798736894592982,1.0798736894592982,
prior_year_province_anchor,대구,부동산업,2,2025,baseline,no_prior_positive_route,70207.55762533896,70207.55762533896,68077.62,2129.9376253389637,2129.9376253389637,2129.9376253389637,2129.9376253389637,3.1286899062261044,3.1286899062261044,
prior_year_province_anchor,대구,부동산업,3,2021,baseline,no_prior_positive_route,72254.72008573555,72254.72008573555,71741.26,513.4600857355545,513.4600857355545,513.4600857355545,513.4600857355545,0.7157109949498441,0.7157109949498441,
prior_year_province_anchor,대구,부동산업,3,2022,baseline,no_prior_positive_route,70083.79807480519,70083.79807480519,68076.38,2007.4180748051876,2007.4180748051876,2007.4180748051876,2007.4180748051876,2.9487732379500606,2.9487732379500606,
prior_year_province_anchor,대구,부동산업,3,2023,baseline,no_prior_positive_route,68547.8536806155,68547.8536806155,69860.54,-1312.686319384491,-1312.686319384491,1312.686319384491,1312.686319384491,1.8790096947210704,1.8790096947210702,
prior_year_province_anchor,대구,부동산업,3,2024,baseline,no_prior_positive_route,71264.4190423471,71264.4190423471,70535.43000000001,728.9890423470933,728.9890423470933,728.9890423470933,728.9890423470933,1.03350761786962,1.0335076178696199,
prior_year_province_anchor,대구,부동산업,3,2025,baseline,no_prior_positive_route,70477.35666520511,70477.35666520511,68077.62,2399.7366652051132,2399.7366652051132,2399.7366652051132,2399.7366652051132,3.5250008228917427,3.5250008228917427,
prior_year_province_anchor,대구,부동산업,4,2021,baseline,no_prior_positive_route,71841.38057719177,71841.38057719177,71741.26,100.12057719177392,100.12057719177392,100.12057719177392,100.12057719177392,0.1395578739372209,0.13955787393722097,
prior_year_province_anchor,대구,부동산업,4,2022,baseline,no_prior_positive_route,70325.50888689436,70325.50888689436,68076.38,2249.128886894352,2249.128886894352,2249.128886894352,2249.128886894352,3.3038315005797196,3.3038315005797196,
prior_year_province_anchor,대구,부동산업,4,2023,baseline,no_prior_positive_route,68658.9635626314,68658.9635626314,69860.54,-1201.576437368596,-1201.576437368596,1201.576437368596,1201.576437368596,1.719964428228863,1.719964428228863,
prior_year_province_anchor,대구,부동산업,4,2024,baseline,no_prior_positive_route,71218.55496872881,71218.55496872881,70535.43000000001,683.1249687288073,683.1249687288073,683.1249687288073,683.1249687288073,0.9684848716861968,0.9684848716861969,
prior_year_province_anchor,대구,부동산업,4,2025,baseline,no_prior_positive_route,70798.1743769226,70798.1743769226,68077.62,2720.554376922606,2720.554376922606,2720.554376922606,2720.554376922606,3.996253654170939,3.996253654170939,
prior_year_province_anchor,대구,사업서비스업,1,2021,baseline,no_prior_positive_route,39308.197230815495,39308.197230815495,43003.32,-3695.122769184505,-3695.122769184505,3695.122769184505,3695.122769184505,8.592645333394039,8.592645333394039,
prior_year_province_anchor,대구,사업서비스업,1,2022,regional_service_production_index_M_N,prior_positive_improvement_1397.278_eok,44393.353557654526,43875.91598335068,41827.53,2565.8235576545267,2048.3859833506795,2565.8235576545267,2048.3859833506795,6.134293747812809,4.897219566516788,4.897219566516788
prior_year_province_anchor,대구,사업서비스업,1,2023,regional_service_production_index_M_N,prior_positive_improvement_1914.715_eok,43633.96657037295,45005.65441101479,41828.69,1805.2765703729456,3176.9644110147856,1805.2765703729456,3176.9644110147856,4.315881205873159,7.595180272236078,7.595180272236078
prior_year_province_anchor,대구,사업서비스업,1,2025,regional_service_production_index_M_N,prior_positive_improvement_543.027_eok,42048.14892752852,41921.97400652985,42385.78,-337.63107247147855,-463.8059934701523,337.63107247147855,463.8059934701523,0.7965668497111025,1.0942490464258352,1.0942490464258352
prior_year_province_anchor,대구,사업서비스업,2,2021,baseline,no_prior_positive_route,40583.428176138055,40583.428176138055,43003.32,-2419.8918238619444,-2419.8918238619444,2419.8918238619444,2419.8918238619444,5.627220930528026,5.627220930528026,
prior_year_province_anchor,대구,사업서비스업,2,2022,regional_service_production_index_M_N,prior_positive_improvement_619.535_eok,44455.15600097503,43772.88549749464,41827.53,2627.626000975033,1945.3554974946385,2627.626000975033,1945.3554974946385,6.282049169470522,4.650897381448626,4.650897381448626
prior_year_province_anchor,대구,사업서비스업,2,2023,regional_service_production_index_M_N,prior_positive_improvement_1301.806_eok,43704.94180354555,42798.21107594936,41828.69,1876.2518035455505,969.5210759493566,1876.2518035455505,969.5210759493566,4.485561951726316,2.317837531965157,2.317837531965157
prior_year_province_anchor,대구,사업서비스업,2,2025,regional_service_production_index_M_N,prior_positive_improvement_2208.536_eok,42156.72530696466,42571.82792532976,42385.78,-229.05469303533755,186.0479253297599,229.05469303533755,186.0479253297599,0.5404045720884164,0.4389394870868482,0.4389394870868482
prior_year_province_anchor,대구,사업서비스업,3,2021,baseline,no_prior_positive_route,40504.59324825213,40504.59324825213,43003.32,-2498.726751747876,-2498.726751747876,2498.726751747876,2498.726751747876,5.810543817890982,5.810543817890982,
prior_year_province_anchor,대구,사업서비스업,3,2022,regional_service_production_index_M_N,prior_positive_improvement_156.755_eok,44091.432872983096,43768.95774480712,41827.53,2263.902872983097,1941.4277448071225,2263.902872983097,1941.4277448071225,5.4124708606582725,4.641507028521939,4.641507028521939
prior_year_province_anchor,대구,사업서비스업,3,2023,regional_service_production_index_M_N,prior_positive_improvement_479.230_eok,43848.872282927325,42416.9363994169,41828.69,2020.1822829273224,588.2463994169011,2020.1822829273224,588.2463994169011,4.82965706773825,1.4063227880598246,1.4063227880598246
prior_year_province_anchor,대구,사업서비스업,3,2025,regional_service_production_index_M_N,prior_positive_improvement_1911.166_eok,42626.73286483187,42701.35983738578,42385.78,240.95286483187377,315.5798373857833,240.95286483187377,315.5798373857833,0.568475712448547,0.7445417717587911,0.7445417717587911
prior_year_province_anchor,대구,사업서비스업,4,2021,baseline,no_prior_positive_route,40515.174842060405,40515.174842060405,43003.32,-2488.1451579395944,-2488.1451579395944,2488.1451579395944,2488.1451579395944,5.785937360044747,5.785937360044747,
prior_year_province_anchor,대구,사업서비스업,4,2022,regional_service_production_index_M_N,prior_positive_improvement_78.482_eok,44122.61160984213,43320.8438985971,41827.53,2295.081609842134,1493.3138985971018,2295.081609842134,1493.3138985971018,5.487012046473064,3.570169930180199,3.570169930180199
prior_year_province_anchor,대구,사업서비스업,4,2023,regional_service_production_index_M_N,prior_positive_improvement_880.249_eok,43897.98622296949,42374.2617016858,41828.69,2069.2962229694895,545.5717016857961,2069.2962229694895,545.5717016857961,4.947073941281664,1.3043002343267172,1.3043002343267172
prior_year_province_anchor,대구,사업서비스업,4,2025,regional_service_production_index_M_N,prior_positive_improvement_2403.974_eok,42797.24288480434,42343.175390334574,42385.78,411.46288480434305,-42.604609665424505,411.46288480434305,42.604609665424505,0.9707569019712344,0.10051628085038072,0.1005162808503807
prior_year_province_anchor,대구,서비스업,1,2021,baseline,no_prior_positive_route,432092.3008824175,432092.3008824175,436117.9,-4025.599117582547,-4025.599117582547,4025.599117582547,4025.599117582547,0.9230529445323266,0.9230529445323263,
prior_year_province_anchor,대구,서비스업,1,2022,regional_service_production_index_T,prior_positive_improvement_2209.078_eok,455932.7983852312,453945.25184446666,445405.07,10527.728385231168,8540.181844466657,10527.728385231168,8540.181844466657,2.3636301188109883,1.9173966395278474,1.9173966395278472
prior_year_province_anchor,대구,서비스업,1,2023,regional_service_production_index_T,prior_positive_improvement_4196.624_eok,467162.7384612387,470576.42931992334,454620.36,12542.378461238695,15956.06931992335,12542.378461238695,15956.06931992335,2.7588686219945573,3.509756870528929,3.509756870528929
prior_year_province_anchor,대구,서비스업,1,2024,regional_service_production_index_T,prior_positive_improvement_782.934_eok,469268.492783931,466161.04003626475,459849.72,9418.772783931054,6311.320036264777,9418.772783931054,6311.320036264777,2.0482284481832576,1.3724744762842906,1.3724744762842906
prior_year_province_anchor,대구,서비스업,1,2025,regional_service_production_index_T,prior_positive_improvement_3890.386_eok,468096.4051388455,448871.87522546423,460143.43,7952.975138845504,-11271.554774535762,7952.975138845504,11271.554774535762,1.7283687259960452,2.449574206576363,2.449574206576363
prior_year_province_anchor,대구,서비스업,2,2021,baseline,no_prior_positive_route,438157.71361306,438157.71361306,436117.9,2039.8136130599887,2039.8136130599887,2039.8136130599887,2039.8136130599887,0.4677206812790735,0.46772068127907357,
prior_year_province_anchor,대구,서비스업,2,2022,baseline,no_prior_positive_route,454114.8405904097,454114.8405904097,445405.07,8709.770590409695,8709.770590409695,8709.770590409695,8709.770590409695,1.9554718114029763,1.9554718114029763,
prior_year_province_anchor,대구,서비스업,2,2023,baseline,no_prior_positive_route,461022.0284423635,461022.0284423635,454620.36,6401.6684423635015,6401.6684423635015,6401.6684423635015,6401.6684423635015,1.4081350079357426,1.4081350079357426,
prior_year_province_anchor,대구,서비스업,2,2024,baseline,no_prior_positive_route,466266.8951975909,466266.8951975909,459849.72,6417.175197590899,6417.175197590899,6417.175197590899,6417.175197590899,1.3954939882514008,1.3954939882514008,
prior_year_province_anchor,대구,서비스업,2,2025,baseline,no_prior_positive_route,467532.53937811987,467532.53937811987,460143.43,7389.109378119872,7389.109378119872,7389.109378119872,7389.109378119872,1.605827421706287,1.605827421706287,
prior_year_province_anchor,대구,서비스업,3,2021,baseline,no_prior_positive_route,439197.77376520354,439197.77376520354,436117.9,3079.8737652035197,3079.8737652035197,3079.8737652035197,3079.8737652035197,0.7062020992955161,0.7062020992955161,
prior_year_province_anchor,대구,서비스업,3,2022,baseline,no_prior_positive_route,453631.3745895436,453631.3745895436,445405.07,8226.304589543608,8226.304589543608,8226.304589543608,8226.304589543608,1.846926571703283,1.846926571703283,
prior_year_province_anchor,대구,서비스업,3,2023,baseline,no_prior_positive_route,459407.8035354734,459407.8035354734,454620.36,4787.4435354734305,4787.4435354734305,4787.4435354734305,4787.4435354734305,1.053064041274665,1.053064041274665,
prior_year_province_anchor,대구,서비스업,3,2024,baseline,no_prior_positive_route,465403.68364362896,465403.68364362896,459849.72,5553.9636436289875,5553.9636436289875,5553.9636436289875,5553.9636436289875,1.207777976602658,1.207777976602658,
prior_year_province_anchor,대구,서비스업,3,2025,regional_service_production_index_T,prior_positive_improvement_3091.600_eok,469054.394933843,455877.2321000893,460143.43,8910.964933843003,-4266.19789991068,8910.964933843003,4266.19789991068,1.9365624613705783,0.9271452381512172,0.9271452381512172
prior_year_province_anchor,대구,서비스업,4,2021,baseline,no_prior_positive_route,439450.8917421288,439450.8917421288,436117.9,3332.991742128739,3332.991742128739,3332.991742128739,3332.991742128739,0.7642409866984912,0.7642409866984912,
prior_year_province_anchor,대구,서비스업,4,2022,baseline,no_prior_positive_route,451902.7673272913,451902.7673272913,445405.07,6497.697327291302,6497.697327291302,6497.697327291302,6497.697327291302,1.4588287751846432,1.4588287751846432,
prior_year_province_anchor,대구,서비스업,4,2023,baseline,no_prior_positive_route,456049.772128419,456049.772128419,454620.36,1429.4121284190333,1429.4121284190333,1429.4121284190333,1429.4121284190333,0.3144188545403099,0.3144188545403099,
prior_year_province_anchor,대구,서비스업,4,2024,baseline,no_prior_positive_route,463565.485329936,463565.485329936,459849.72,3715.7653299359954,3715.7653299359954,3715.7653299359954,3715.7653299359954,0.8080390545711316,0.8080390545711316,
prior_year_province_anchor,대구,서비스업,4,2025,baseline,no_prior_positive_route,469349.42710539856,469349.42710539856,460143.43,9205.997105398565,9205.997105398565,9205.997105398565,9205.997105398565,2.00067989787414,2.00067989787414,
prior_year_province_anchor,대구,숙박 및 음식점업,1,2022,baseline,no_prior_positive_route,17775.697181825166,17775.697181825166,19220.35,-1444.6528181748326,-1444.6528181748326,1444.6528181748326,1444.6528181748326,7.516266967952367,7.516266967952367,
prior_year_province_anchor,대구,숙박 및 음식점업,1,2024,regional_service_production_index_I,prior_positive_improvement_855.041_eok,19745.56224628089,19981.494240755314,19485.54,260.0222462808888,495.95424075531264,260.0222462808888,495.95424075531264,1.3344369531503295,2.5452424759863606,2.545242475986361
prior_year_province_anchor,대구,숙박 및 음식점업,2,2022,baseline,no_prior_positive_route,18425.76912999925,18425.76912999925,19220.35,-794.5808700007474,-794.5808700007474,794.5808700007474,794.5808700007474,4.1340603579058,4.1340603579058,
prior_year_province_anchor,대구,숙박 및 음식점업,2,2024,regional_service_production_index_I,prior_positive_improvement_688.498_eok,19641.95383497671,19863.61451424113,19485.54,156.41383497670904,378.0745142411288,156.41383497670904,378.0745142411288,0.8027174765323877,1.9402824568430166,1.9402824568430168
prior_year_province_anchor,대구,숙박 및 음식점업,3,2022,baseline,no_prior_positive_route,18845.274169881657,18845.274169881657,19220.35,-375.07583011834504,-375.07583011834504,375.07583011834504,375.07583011834504,1.9514516130993715,1.9514516130993715,
prior_year_province_anchor,대구,숙박 및 음식점업,3,2024,regional_service_production_index_I,prior_positive_improvement_102.636_eok,19450.64570955119,19626.312929969103,19485.54,-34.89429044881035,140.77292996910546,34.89429044881035,140.77292996910546,0.1790778723546299,0.7224481844952999,0.7224481844952999
prior_year_province_anchor,대구,숙박 및 음식점업,4,2022,baseline,no_prior_positive_route,18490.32528533992,18490.32528533992,19220.35,-730.0247146600777,-730.0247146600777,730.0247146600777,730.0247146600777,3.798186373609626,3.7981863736096266,
prior_year_province_anchor,대구,숙박 및 음식점업,4,2024,regional_service_production_index_I,prior_positive_improvement_412.837_eok,19286.60417162535,19501.984596774197,19485.54,-198.93582837465144,16.444596774195816,198.93582837465144,16.444596774195816,1.0209408021263533,0.08439384679200995,0.0843938467920099
prior_year_province_anchor,대구,운수 및 창고업,1,2021,baseline,no_prior_positive_route,19558.82628644515,19558.82628644515,20771.95,-1213.1237135548508,-1213.1237135548508,1213.1237135548508,1213.1237135548508,5.8402013944518965,5.8402013944518965,
prior_year_province_anchor,대구,운수 및 창고업,1,2022,regional_service_production_index_H,prior_positive_improvement_129.457_eok,22309.64177735594,21335.698121085596,23577.14,-1267.4982226440588,-2241.441878914404,1267.4982226440588,2241.441878914404,5.375962574952089,9.506843828023262,9.506843828023262
prior_year_province_anchor,대구,운수 및 창고업,1,2023,baseline,no_prior_positive_route,26246.27274769856,26246.27274769856,28745.699999999997,-2499.427252301437,-2499.427252301437,2499.427252301437,2499.427252301437,8.69496047165815,8.69496047165815,
prior_year_province_anchor,대구,운수 및 창고업,1,2024,baseline,no_prior_positive_route,33861.97490799951,33861.97490799951,31303.59,2558.384907999509,2558.384907999509,2558.384907999509,2558.384907999509,8.172816306370958,8.172816306370958,
prior_year_province_anchor,대구,운수 및 창고업,1,2025,baseline,no_prior_positive_route,32392.244024874897,32392.244024874897,31124.27,1267.974024874893,1267.974024874893,1267.974024874893,1267.974024874893,4.0739076767901485,4.0739076767901485,
prior_year_province_anchor,대구,운수 및 창고업,2,2021,baseline,no_prior_positive_route,21455.648505100613,21455.648505100613,20771.95,683.6985051006122,683.6985051006122,683.6985051006122,683.6985051006122,3.2914507549874337,3.2914507549874337,
prior_year_province_anchor,대구,운수 및 창고업,2,2022,regional_service_production_index_H,prior_positive_improvement_341.931_eok,22695.42203095839,21463.30083207262,23577.14,-881.7179690416051,-2113.839167927381,881.7179690416051,2113.839167927381,3.73971554243477,8.96563013125163,8.96563013125163
prior_year_province_anchor,대구,운수 및 창고업,2,2023,baseline,no_prior_positive_route,27587.73378077194,27587.73378077194,28745.699999999997,-1157.9662192280557,-1157.9662192280557,1157.9662192280557,1157.9662192280557,4.0283110838423,4.0283110838423,
prior_year_province_anchor,대구,운수 및 창고업,2,2024,baseline,no_prior_positive_route,32135.47948234527,32135.47948234527,31303.59,831.8894823452683,831.8894823452683,831.8894823452683,831.8894823452683,2.657489068650811,2.657489068650811,
prior_year_province_anchor,대구,운수 및 창고업,2,2025,baseline,no_prior_positive_route,32307.35081485728,32307.35081485728,31124.27,1183.0808148572796,1183.0808148572796,1183.0808148572796,1183.0808148572796,3.801152010496245,3.801152010496245,
prior_year_province_anchor,대구,운수 및 창고업,3,2021,baseline,no_prior_positive_route,21620.24032116967,21620.24032116967,20771.95,848.2903211696685,848.2903211696685,848.2903211696685,848.2903211696685,4.08382612691475,4.08382612691475,
prior_year_province_anchor,대구,운수 및 창고업,3,2022,regional_service_production_index_H,prior_positive_improvement_222.349_eok,23155.20210108125,21224.557692307695,23577.14,-421.93789891874985,-2352.5823076923043,421.93789891874985,2352.5823076923043,1.7896059442271195,9.97823445800595,9.97823445800595
prior_year_province_anchor,대구,운수 및 창고업,3,2023,baseline,no_prior_positive_route,27771.97583434875,27771.97583434875,28745.699999999997,-973.7241656512488,-973.7241656512488,973.7241656512488,973.7241656512488,3.387373296358234,3.387373296358234,
prior_year_province_anchor,대구,운수 및 창고업,3,2024,baseline,no_prior_positive_route,31742.902923708272,31742.902923708272,31303.59,439.31292370827214,439.31292370827214,439.31292370827214,439.31292370827214,1.403394702359289,1.403394702359289,
prior_year_province_anchor,대구,운수 및 창고업,3,2025,baseline,no_prior_positive_route,32165.78824938452,32165.78824938452,31124.27,1041.5182493845205,1041.5182493845205,1041.5182493845205,1041.5182493845205,3.346321855531135,3.346321855531135,
prior_year_province_anchor,대구,운수 및 창고업,4,2021,baseline,no_prior_positive_route,21782.1503479365,21782.1503479365,20771.95,1010.2003479364976,1010.2003479364976,1010.2003479364976,1010.2003479364976,4.863290870315486,4.863290870315486,
prior_year_province_anchor,대구,운수 및 창고업,4,2022,regional_service_production_index_H,prior_positive_improvement_484.669_eok,23429.49971466554,20782.02857836002,23577.14,-147.6402853344589,-2795.11142163998,147.6402853344589,2795.11142163998,0.6262009952626099,11.855175910394475,11.855175910394475
prior_year_province_anchor,대구,운수 및 창고업,4,2023,baseline,no_prior_positive_route,27717.4468543754,27717.4468543754,28745.699999999997,-1028.253145624596,-1028.253145624596,1028.253145624596,1028.253145624596,3.5770676853393595,3.5770676853393595,
prior_year_province_anchor,대구,운수 및 창고업,4,2024,baseline,no_prior_positive_route,31364.52564899662,31364.52564899662,31303.59,60.93564899661942,60.93564899661942,60.93564899661942,60.93564899661942,0.1946602578062753,0.19466025780627533,
prior_year_province_anchor,대구,운수 및 창고업,4,2025,baseline,no_prior_positive_route,32004.976218351418,32004.976218351418,31124.27,880.7062183514172,880.7062183514172,880.7062183514172,880.7062183514172,2.829644577531994,2.829644577531994,
prior_year_province_anchor,대구,정보통신업,1,2021,baseline,no_prior_positive_route,21680.512485208932,21680.512485208932,21780.83,-100.3175147910697,-100.3175147910697,100.3175147910697,100.3175147910697,0.4605770982605791,0.46057709826057913,
prior_year_province_anchor,대구,정보통신업,1,2022,baseline,no_prior_positive_route,22461.002657940688,22461.002657940688,21563.71,897.2926579406885,897.2926579406885,897.2926579406885,897.2926579406885,4.161123748838621,4.161123748838621,
prior_year_province_anchor,대구,정보통신업,1,2023,baseline,no_prior_positive_route,22966.594560887253,22966.594560887253,21299.79,1666.8045608872526,1666.8045608872526,1666.8045608872526,1666.8045608872526,7.82545067762289,7.82545067762289,
prior_year_province_anchor,대구,정보통신업,1,2024,baseline,no_prior_positive_route,21832.266867534017,21832.266867534017,21096.47,735.7968675340162,735.7968675340162,735.7968675340162,735.7968675340162,3.4877724450299796,3.4877724450299796,
prior_year_province_anchor,대구,정보통신업,1,2025,baseline,no_prior_positive_route,21316.32615027763,21316.32615027763,20119.44,1196.8861502776308,1196.8861502776308,1196.8861502776308,1196.8861502776308,5.948903897313399,5.948903897313399,
prior_year_province_anchor,대구,정보통신업,2,2021,baseline,no_prior_positive_route,21970.54595080606,21970.54595080606,21780.83,189.7159508060577,189.7159508060577,189.7159508060577,189.7159508060577,0.8710225955854651,0.8710225955854652,
prior_year_province_anchor,대구,정보통신업,2,2022,baseline,no_prior_positive_route,22571.89818160836,22571.89818160836,21563.71,1008.1881816083624,1008.1881816083624,1008.1881816083624,1008.1881816083624,4.675392970914386,4.675392970914386,
prior_year_province_anchor,대구,정보통신업,2,2023,baseline,no_prior_positive_route,22356.985383570493,22356.985383570493,21299.79,1057.1953835704917,1057.1953835704917,1057.1953835704917,1057.1953835704917,4.963407543316115,4.963407543316115,
prior_year_province_anchor,대구,정보통신업,2,2024,regional_service_production_index_J,prior_positive_improvement_217.168_eok,21537.770006998293,23059.68766288952,21096.47,441.3000069982918,1963.2176628895177,441.3000069982918,1963.2176628895177,2.091819185855699,9.305905978059446,9.305905978059446
prior_year_province_anchor,대구,정보통신업,2,2025,baseline,no_prior_positive_route,21527.545811411004,21527.545811411004,20119.44,1408.1058114110056,1408.1058114110056,1408.1058114110056,1408.1058114110056,6.99873262581367,6.99873262581367,
prior_year_province_anchor,대구,정보통신업,3,2021,baseline,no_prior_positive_route,22359.360588258525,22359.360588258525,21780.83,578.5305882585235,578.5305882585235,578.5305882585235,578.5305882585235,2.6561457403529776,2.6561457403529776,
prior_year_province_anchor,대구,정보통신업,3,2022,regional_service_production_index_J,prior_positive_improvement_190.398_eok,22513.548250375738,22792.258416639794,21563.71,949.8382503757348,1228.5484166397946,949.8382503757348,1228.5484166397946,4.404799778775242,5.697296136146306,5.697296136146306
prior_year_province_anchor,대구,정보통신업,3,2023,baseline,no_prior_positive_route,22391.733198850252,22391.733198850252,21299.79,1091.943198850251,1091.943198850251,1091.943198850251,1091.943198850251,5.126544434711568,5.126544434711568,
prior_year_province_anchor,대구,정보통신업,3,2024,regional_service_production_index_J,prior_positive_improvement_809.032_eok,21439.87603851632,23016.649647355167,21096.47,343.40603851632113,1920.1796473551656,343.40603851632113,1920.1796473551656,1.627789097021071,9.101900210581038,9.10190021058104
prior_year_province_anchor,대구,정보통신업,3,2025,baseline,no_prior_positive_route,21534.79623640715,21534.79623640715,20119.44,1415.3562364071513,1415.3562364071513,1415.3562364071513,1415.3562364071513,7.034769538352714,7.034769538352714,
prior_year_province_anchor,대구,정보통신업,4,2021,baseline,no_prior_positive_route,22545.70408929802,22545.70408929802,21780.83,764.8740892980168,764.8740892980168,764.8740892980168,764.8740892980168,3.5116847672839677,3.5116847672839677,
prior_year_province_anchor,대구,정보통신업,4,2022,regional_service_production_index_J,prior_positive_improvement_536.177_eok,22288.143399680877,22480.741563549163,21563.71,724.4333996808782,917.0315635491644,724.4333996808782,917.0315635491644,3.3595026073012404,4.2526613627671885,4.252661362767188
prior_year_province_anchor,대구,정보통신업,4,2023,regional_service_production_index_J,prior_positive_improvement_343.578_eok,22461.82225191804,21588.760778345728,21299.79,1162.0322519180372,288.970778345727,1162.0322519180372,288.970778345727,5.455604266136132,1.3566836966267133,1.3566836966267133
prior_year_province_anchor,대구,정보통신업,4,2024,regional_service_production_index_J,prior_positive_improvement_1216.640_eok,21398.083539793508,23099.07604316547,21096.47,301.6135397935068,2002.6060431654696,301.6135397935068,2002.6060431654696,1.4296872405360082,9.492612001749437,9.492612001749436
prior_year_province_anchor,대구,정보통신업,4,2025,baseline,no_prior_positive_route,21534.72288979606,21534.72288979606,20119.44,1415.2828897960608,1415.2828897960608,1415.2828897960608,1415.2828897960608,7.034404982425261,7.034404982425261,
prior_year_province_anchor,세종,건설업,1,2022,baseline,no_prior_positive_route,12462.42509244324,12462.42509244324,12575.77,-113.34490755676052,-113.34490755676052,113.34490755676052,113.34490755676052,0.9012959648336484,0.9012959648336485,
prior_year_province_anchor,세종,건설업,1,2023,baseline,no_prior_positive_route,12850.847923676416,12850.847923676416,12255.989999999998,594.8579236764181,594.8579236764181,594.8579236764181,594.8579236764181,4.853609734312921,4.853609734312921,
prior_year_province_anchor,세종,건설업,1,2024,baseline,no_prior_positive_route,12687.394699431636,12687.394699431636,10516.05,2171.3446994316364,2171.3446994316364,2171.3446994316364,2171.3446994316364,20.64791152031073,20.64791152031073,
prior_year_province_anchor,세종,건설업,2,2022,baseline,no_prior_positive_route,12398.856249251838,12398.856249251838,12575.77,-176.91375074816278,-176.91375074816278,176.91375074816278,176.91375074816278,1.4067826522603608,1.4067826522603608,
prior_year_province_anchor,세종,건설업,2,2023,baseline,no_prior_positive_route,12698.83841795875,12698.83841795875,12255.989999999998,442.8484179587522,442.8484179587522,442.8484179587522,442.8484179587522,3.6133222853376368,3.6133222853376368,
prior_year_province_anchor,세종,건설업,2,2024,regional_construction_orders_bok_12_24q,prior_positive_improvement_6.419_eok,12377.25939483838,8981.238465489914,10516.05,1861.2093948383808,-1534.811534510085,1861.2093948383808,1534.811534510085,17.698749956860045,14.59494329629552,14.59494329629552
prior_year_province_anchor,세종,건설업,3,2022,baseline,no_prior_positive_route,12515.530570936584,12515.530570936584,12575.77,-60.23942906341654,-60.23942906341654,60.23942906341654,60.23942906341654,0.4790118542516008,0.4790118542516008,
prior_year_province_anchor,세종,건설업,3,2023,baseline,no_prior_positive_route,12691.171389492476,12691.171389492476,12255.989999999998,435.1813894924781,435.1813894924781,435.1813894924781,435.1813894924781,3.5507648871488806,3.5507648871488815,
prior_year_province_anchor,세종,건설업,3,2024,baseline,no_prior_positive_route,12057.631786812151,12057.631786812151,10516.05,1541.581786812152,1541.581786812152,1541.581786812152,1541.581786812152,14.659323479939257,14.659323479939253,
prior_year_province_anchor,세종,건설업,4,2022,baseline,no_prior_positive_route,12584.62642452694,12584.62642452694,12575.77,8.856424526939009,8.856424526939009,8.856424526939009,8.856424526939009,0.0704245109996366,0.07042451099963666,
prior_year_province_anchor,세종,건설업,4,2023,baseline,no_prior_positive_route,12503.037154653131,12503.037154653131,12255.989999999998,247.0471546531353,247.0471546531353,247.0471546531353,247.0471546531353,2.0157258177685793,2.0157258177685793,
prior_year_province_anchor,세종,건설업,4,2024,baseline,no_prior_positive_route,11882.911763998503,11882.911763998503,10516.05,1366.861763998506,1366.861763998506,1366.861763998506,1366.861763998506,12.997862923802243,12.997862923802245,
prior_year_province_anchor,세종,교육 서비스업,1,2022,baseline,no_prior_positive_route,9934.040005618464,9934.040005618464,10160.66,-226.61999438153543,-226.61999438153543,226.61999438153543,226.61999438153543,2.230366869686964,2.230366869686964,
prior_year_province_anchor,세종,교육 서비스업,1,2023,baseline,no_prior_positive_route,10341.269976731384,10341.269976731384,10382.9,-41.63002326861533,-41.63002326861533,41.63002326861533,41.63002326861533,0.4009479362087214,0.40094793620872143,
prior_year_province_anchor,세종,교육 서비스업,1,2024,baseline,no_prior_positive_route,10516.061178343003,10516.061178343003,10635.259999999998,-119.19882165699528,-119.19882165699528,119.19882165699528,119.19882165699528,1.120788976075764,1.1207889760757639,
prior_year_province_anchor,세종,교육 서비스업,1,2025,baseline,no_prior_positive_route,10568.190141955887,10568.190141955887,10962.48,-394.2898580441106,-394.2898580441106,394.2898580441106,394.2898580441106,3.596721344477806,3.596721344477806,
prior_year_province_anchor,세종,교육 서비스업,2,2022,baseline,no_prior_positive_route,9907.262199900706,9907.262199900706,10160.66,-253.39780009929385,-253.39780009929385,253.39780009929385,253.39780009929385,2.493910829604512,2.4939108296045123,
prior_year_province_anchor,세종,교육 서비스업,2,2023,baseline,no_prior_positive_route,10327.04197426153,10327.04197426153,10382.9,-55.85802573846922,-55.85802573846922,55.85802573846922,55.85802573846922,0.5379809661893038,0.5379809661893038,
prior_year_province_anchor,세종,교육 서비스업,2,2024,baseline,no_prior_positive_route,10520.48182880097,10520.48182880097,10635.259999999998,-114.7781711990283,-114.7781711990283,114.7781711990283,114.7781711990283,1.0792229921885157,1.0792229921885155,
prior_year_province_anchor,세종,교육 서비스업,2,2025,baseline,no_prior_positive_route,10548.791686259909,10548.791686259909,10962.48,-413.6883137400928,-413.6883137400928,413.6883137400928,413.6883137400928,3.7736745128847926,3.7736745128847926,
prior_year_province_anchor,세종,교육 서비스업,3,2022,baseline,no_prior_positive_route,9868.012248645013,9868.012248645013,10160.66,-292.64775135498894,-292.64775135498894,292.64775135498894,292.64775135498894,2.8802041536178646,2.8802041536178646,
prior_year_province_anchor,세종,교육 서비스업,3,2023,regional_service_production_index_P,prior_positive_improvement_1.463_eok,10302.625400112942,9786.100854300765,10382.9,-80.27459988705778,-596.7991456992368,80.27459988705778,596.7991456992368,0.7731423772458348,5.747904204983548,5.747904204983548
prior_year_province_anchor,세종,교육 서비스업,3,2024,baseline,no_prior_positive_route,10502.021980415451,10502.021980415451,10635.259999999998,-133.23801958454533,-133.23801958454533,133.23801958454533,133.23801958454533,1.2527951322726982,1.2527951322726982,
prior_year_province_anchor,세종,교육 서비스업,3,2025,baseline,no_prior_positive_route,10585.961873544053,10585.961873544053,10962.48,-376.5181264559469,-376.5181264559469,376.5181264559469,376.5181264559469,3.4346071915839023,3.4346071915839023,
prior_year_province_anchor,세종,교육 서비스업,4,2022,baseline,no_prior_positive_route,9856.191474578496,9856.191474578496,10160.66,-304.4685254215037,-304.4685254215037,304.4685254215037,304.4685254215037,2.9965427976283405,2.9965427976283405,
prior_year_province_anchor,세종,교육 서비스업,4,2023,regional_service_production_index_P,prior_positive_improvement_115.056_eok,10279.379484183408,9814.451536601451,10382.9,-103.5205158165918,-568.4484633985467,103.5205158165918,568.4484633985467,0.9970289207889106,5.474852530589206,5.474852530589206
prior_year_province_anchor,세종,교육 서비스업,4,2024,baseline,no_prior_positive_route,10498.723407176312,10498.723407176312,10635.259999999998,-136.53659282368608,-136.53659282368608,136.53659282368608,136.53659282368608,1.2838105774911577,1.2838105774911577,
prior_year_province_anchor,세종,교육 서비스업,4,2025,baseline,no_prior_positive_route,10600.679028365184,10600.679028365184,10962.48,-361.80097163481696,-361.80097163481696,361.80097163481696,361.80097163481696,3.3003569596917575,3.3003569596917575,
prior_year_province_anchor,세종,금융 및 보험업,1,2021,baseline,no_prior_positive_route,4741.370706161596,4741.370706161596,4782.3,-40.92929383840419,-40.92929383840419,40.92929383840419,40.92929383840419,0.8558495669114063,0.8558495669114063,
prior_year_province_anchor,세종,금융 및 보험업,1,2022,regional_service_production_index_K,prior_positive_improvement_20.484_eok,5037.935636219968,5393.470802238807,5159.66,-121.72436378003204,233.8108022388069,121.72436378003204,233.8108022388069,2.3591547462435902,4.531515685894165,4.531515685894165
prior_year_province_anchor,세종,금융 및 보험업,1,2023,baseline,no_prior_positive_route,5225.636954161115,5225.636954161115,5073.32,152.31695416111506,152.31695416111506,152.31695416111506,152.31695416111506,3.002313163000069,3.0023131630000686,
prior_year_province_anchor,세종,금융 및 보험업,1,2024,baseline,no_prior_positive_route,5113.669878009359,5113.669878009359,5003.9,109.76987800935969,109.76987800935969,109.76987800935969,109.76987800935969,2.193686484729105,2.193686484729105,
prior_year_province_anchor,세종,금융 및 보험업,1,2025,baseline,no_prior_positive_route,5270.8044942627685,5270.8044942627685,4963.2300000000005,307.574494262768,307.574494262768,307.574494262768,307.574494262768,6.197063087198618,6.197063087198618,
prior_year_province_anchor,세종,금융 및 보험업,2,2021,baseline,no_prior_positive_route,4666.222298854554,4666.222298854554,4782.3,-116.07770114544655,-116.07770114544655,116.07770114544655,116.07770114544655,2.4272358728111274,2.4272358728111274,
prior_year_province_anchor,세종,금융 및 보험업,2,2022,regional_service_production_index_K,prior_positive_improvement_81.709_eok,5002.817667443198,5510.478327884165,5159.66,-156.84233255680192,350.8183278841652,156.84233255680192,350.8183278841652,3.039780383916807,6.799252816739189,6.799252816739189
prior_year_province_anchor,세종,금융 및 보험업,2,2023,baseline,no_prior_positive_route,5241.377300460204,5241.377300460204,5073.32,168.05730046020471,168.05730046020471,168.05730046020471,168.05730046020471,3.3125704757477297,3.3125704757477297,
prior_year_province_anchor,세종,금융 및 보험업,2,2024,baseline,no_prior_positive_route,5127.2079102286825,5127.2079102286825,5003.9,123.30791022868289,123.30791022868289,123.30791022868289,123.30791022868289,2.464236100415334,2.464236100415334,
prior_year_province_anchor,세종,금융 및 보험업,2,2025,baseline,no_prior_positive_route,5245.877244395037,5245.877244395037,4963.2300000000005,282.647244395037,282.647244395037,282.647244395037,282.647244395037,5.694824628216645,5.694824628216645,
prior_year_province_anchor,세종,금융 및 보험업,3,2021,baseline,no_prior_positive_route,4659.755711364976,4659.755711364976,4782.3,-122.5442886350238,-122.5442886350238,122.5442886350238,122.5442886350238,2.5624550662865944,2.5624550662865944,
prior_year_province_anchor,세종,금융 및 보험업,3,2022,regional_service_production_index_K,prior_positive_improvement_48.821_eok,4930.875658580373,5470.036148955494,5159.66,-228.7843414196268,310.3761489554945,228.7843414196268,310.3761489554945,4.434097235469523,6.015438012494903,6.015438012494903
prior_year_province_anchor,세종,금융 및 보험업,3,2023,baseline,no_prior_positive_route,5256.902350443907,5256.902350443907,5073.32,183.58235044390767,183.58235044390767,183.58235044390767,183.58235044390767,3.6185840917566345,3.6185840917566345,
prior_year_province_anchor,세종,금융 및 보험업,3,2024,baseline,no_prior_positive_route,5197.322448097092,5197.322448097092,5003.9,193.42244809709248,193.42244809709248,193.42244809709248,193.42244809709248,3.865433923481534,3.8654339234815343,
prior_year_province_anchor,세종,금융 및 보험업,3,2025,baseline,no_prior_positive_route,5222.070079190802,5222.070079190802,4963.2300000000005,258.8400791908016,258.8400791908016,258.8400791908016,258.8400791908016,5.215153825045416,5.215153825045416,
prior_year_province_anchor,세종,금융 및 보험업,4,2021,baseline,no_prior_positive_route,4651.886158861439,4651.886158861439,4782.3,-130.4138411385611,-130.4138411385611,130.4138411385611,130.4138411385611,2.7270108763264767,2.7270108763264767,
prior_year_province_anchor,세종,금융 및 보험업,4,2022,regional_service_production_index_K,prior_positive_improvement_3.844_eok,4913.092651456665,5393.61930758988,5159.66,-246.56734854333445,233.95930758988015,246.56734854333445,233.95930758988015,4.778751866272864,4.534393886222738,4.534393886222738
prior_year_province_anchor,세종,금융 및 보험업,4,2023,regional_service_production_index_K,prior_positive_improvement_16.452_eok,5191.061653427683,5440.892943722945,5073.32,117.74165342768356,367.5729437229456,117.74165342768356,367.5729437229456,2.320800844963132,7.245215041096276,7.245215041096277
prior_year_province_anchor,세종,금융 및 보험업,4,2024,baseline,no_prior_positive_route,5256.915459749622,5256.915459749622,5003.9,253.0154597496221,253.0154597496221,253.0154597496221,253.0154597496221,5.056365230112954,5.056365230112954,
prior_year_province_anchor,세종,금융 및 보험업,4,2025,baseline,no_prior_positive_route,5243.16402056376,5243.16402056376,4963.2300000000005,279.9340205637591,279.9340205637591,279.9340205637591,279.9340205637591,5.640158134194044,5.640158134194044,
prior_year_province_anchor,세종,도매 및 소매업,1,2021,baseline,no_prior_positive_route,3449.00581655316,3449.00581655316,3572.81,-123.80418344683994,-123.80418344683994,123.80418344683994,123.80418344683994,3.4651768061229102,3.4651768061229102,
prior_year_province_anchor,세종,도매 및 소매업,1,2022,regional_service_production_index_G,prior_positive_improvement_90.559_eok,3707.1755208520353,3654.7388434695913,3468.36,238.8155208520352,186.37884346959115,238.8155208520352,186.37884346959115,6.885545930988571,5.3736879525075585,5.3736879525075585
prior_year_province_anchor,세종,도매 및 소매업,1,2023,regional_service_production_index_G,prior_positive_improvement_142.996_eok,3617.988394433667,3397.370175438597,3617.26,0.7283944336668355,-219.88982456140369,0.7283944336668355,219.88982456140369,0.0201366347364257,6.078905706568056,6.078905706568055
prior_year_province_anchor,세종,도매 및 소매업,1,2024,baseline,no_prior_positive_route,3527.851867063307,3527.851867063307,3690.55,-162.69813293669313,-162.69813293669313,162.69813293669313,162.69813293669313,4.408506399769496,4.408506399769496,
prior_year_province_anchor,세종,도매 및 소매업,2,2021,baseline,no_prior_positive_route,3481.0449353460035,3481.0449353460035,3572.81,-91.76506465399645,-91.76506465399645,91.76506465399645,91.76506465399645,2.568428342229126,2.5684283422291263,
prior_year_province_anchor,세종,도매 및 소매업,2,2022,regional_service_production_index_G,prior_positive_improvement_47.671_eok,3696.09823733295,3613.151006381934,3468.36,227.7382373329492,144.79100638193404,227.7382373329492,144.79100638193404,6.566164911743567,4.174624502125905,4.174624502125905
prior_year_province_anchor,세종,도매 및 소매업,2,2023,regional_service_production_index_G,prior_positive_improvement_130.618_eok,3474.47912869893,3444.7886213592233,3617.26,-142.78087130107042,-172.47137864077695,142.78087130107042,172.47137864077695,3.947210631833775,4.76801166188709,4.76801166188709
prior_year_province_anchor,세종,도매 및 소매업,2,2024,regional_service_production_index_G,prior_positive_improvement_100.927_eok,3552.196495054928,3627.8678005865104,3690.55,-138.35350494507202,-62.6821994134898,138.35350494507202,62.6821994134898,3.748858705208492,1.6984514344336157,1.6984514344336157
prior_year_province_anchor,세종,도매 및 소매업,3,2021,baseline,no_prior_positive_route,3467.4633758434406,3467.4633758434406,3572.81,-105.3466241565593,-105.3466241565593,105.3466241565593,105.3466241565593,2.948564971452703,2.948564971452703,
prior_year_province_anchor,세종,도매 및 소매업,3,2022,regional_service_production_index_G,prior_positive_improvement_77.223_eok,3705.736124436862,3571.6424150326793,3468.36,237.37612443686203,103.28241503267918,237.37612443686203,103.28241503267918,6.844045152085193,2.9778458704597903,2.9778458704597903
prior_year_province_anchor,세종,도매 및 소매업,3,2023,regional_service_production_index_G,prior_positive_improvement_211.317_eok,3408.2086239059836,3461.557070938216,3617.26,-209.05137609401663,-155.7029290617843,209.05137609401663,155.7029290617843,5.779274259909894,4.304443945466576,4.304443945466576
prior_year_province_anchor,세종,도매 및 소매업,3,2024,regional_service_production_index_G,prior_positive_improvement_264.665_eok,3558.45190164153,3620.814464461186,3690.55,-132.09809835847,-69.73553553881402,132.09809835847,69.73553553881402,3.5793607554014986,1.889570268356045,1.889570268356045
prior_year_province_anchor,세종,도매 및 소매업,4,2021,baseline,no_prior_positive_route,3470.8763701392554,3470.8763701392554,3572.81,-101.93362986074452,-101.93362986074452,101.93362986074452,101.93362986074452,2.8530380809711273,2.853038080971127,
prior_year_province_anchor,세종,도매 및 소매업,4,2022,regional_service_production_index_G,prior_positive_improvement_53.053_eok,3703.6907479368792,3538.9897111650484,3468.36,235.3307479368791,70.62971116504832,235.3307479368791,70.62971116504832,6.785072712661866,2.0364008109033755,2.0364008109033755
prior_year_province_anchor,세종,도매 및 소매업,4,2023,regional_service_production_index_G,prior_positive_improvement_217.754_eok,3354.7163293590484,3477.7086792452837,3617.26,-262.54367064095186,-139.55132075471647,262.54367064095186,139.55132075471647,7.258081272591736,3.857928950496134,3.857928950496134
prior_year_province_anchor,세종,도매 및 소매업,4,2024,regional_service_production_index_G,prior_positive_improvement_340.746_eok,3564.5175910265257,3619.0279667644186,3690.55,-126.0324089734745,-71.5220332355816,126.0324089734745,71.5220332355816,3.415003426954641,1.9379776248955194,1.9379776248955192
prior_year_province_anchor,세종,문화 및 기타서비스업,1,2021,baseline,no_prior_positive_route,2901.155617337865,2901.155617337865,3261.75,-360.5943826621351,-360.5943826621351,360.5943826621351,360.5943826621351,11.055242819410903,11.055242819410903,
prior_year_province_anchor,세종,문화 및 기타서비스업,1,2022,regional_service_production_index_R_S,prior_positive_improvement_149.246_eok,3349.3605065595084,3757.6018939393934,3452.54,-103.17949344049156,305.0618939393935,103.17949344049156,305.0618939393935,2.9885097186561653,8.835868489268583,8.835868489268583
prior_year_province_anchor,세종,문화 및 기타서비스업,1,2023,baseline,no_prior_positive_route,3874.315963586069,3874.315963586069,3761.31,113.0059635860689,113.0059635860689,113.0059635860689,113.0059635860689,3.0044309984039845,3.0044309984039845,
prior_year_province_anchor,세종,문화 및 기타서비스업,1,2024,baseline,no_prior_positive_route,3820.595690455977,3820.595690455977,3778.05,42.54569045597691,42.54569045597691,42.54569045597691,42.54569045597691,1.126128305765591,1.126128305765591,
prior_year_province_anchor,세종,문화 및 기타서비스업,1,2025,baseline,no_prior_positive_route,3705.3858964737015,3705.3858964737015,3823.04,-117.65410352629851,-117.65410352629851,117.65410352629851,117.65410352629851,3.0775012431546234,3.0775012431546234,
prior_year_province_anchor,세종,문화 및 기타서비스업,2,2021,baseline,no_prior_positive_route,3029.984275702331,3029.984275702331,3261.75,-231.76572429766884,-231.76572429766884,231.76572429766884,231.76572429766884,7.1055637095935875,7.1055637095935875,
prior_year_province_anchor,세종,문화 및 기타서비스업,2,2022,regional_service_production_index_R_S,prior_positive_improvement_197.612_eok,3381.539051689088,4368.304865056819,3452.54,-71.00094831091201,915.764865056819,71.00094831091201,915.764865056819,2.0564844523426813,26.524381037057328,26.524381037057328
prior_year_province_anchor,세종,문화 및 기타서비스업,2,2023,baseline,no_prior_positive_route,3738.2993069621207,3738.2993069621207,3761.31,-23.010693037879264,-23.010693037879264,23.010693037879264,23.010693037879264,0.6117733725185976,0.6117733725185976,
prior_year_province_anchor,세종,문화 및 기타서비스업,2,2024,baseline,no_prior_positive_route,3809.149899641209,3809.149899641209,3778.05,31.09989964120859,31.09989964120859,31.09989964120859,31.09989964120859,0.8231733206603564,0.8231733206603562,
prior_year_province_anchor,세종,문화 및 기타서비스업,2,2025,baseline,no_prior_positive_route,3705.633335532243,3705.633335532243,3823.04,-117.4066644677564,-117.4066644677564,117.4066644677564,117.4066644677564,3.071028931629185,3.071028931629185,
prior_year_province_anchor,세종,문화 및 기타서비스업,3,2021,baseline,no_prior_positive_route,3035.502209372547,3035.502209372547,3261.75,-226.24779062745256,-226.24779062745256,226.24779062745256,226.24779062745256,6.936392753198514,6.936392753198514,
prior_year_province_anchor,세종,문화 및 기타서비스업,3,2022,regional_service_production_index_R_S,prior_positive_improvement_191.483_eok,3451.172091293133,4302.948601020251,3452.54,-1.3679087068671834,850.4086010202509,1.3679087068671834,850.4086010202509,0.0396203579644894,24.631390252401157,24.631390252401157
prior_year_province_anchor,세종,문화 및 기타서비스업,3,2023,baseline,no_prior_positive_route,3700.791550948026,3700.791550948026,3761.31,-60.51844905197413,-60.51844905197413,60.51844905197413,60.51844905197413,1.6089726465506469,1.6089726465506469,
prior_year_province_anchor,세종,문화 및 기타서비스업,3,2024,baseline,no_prior_positive_route,3783.0845837395914,3783.0845837395914,3778.05,5.0345837395911985,5.0345837395911985,5.0345837395911985,5.0345837395911985,0.1332587906351477,0.13325879063514773,
prior_year_province_anchor,세종,문화 및 기타서비스업,3,2025,baseline,no_prior_positive_route,3754.2807157478983,3754.2807157478983,3823.04,-68.75928425210122,-68.75928425210122,68.75928425210122,68.75928425210122,1.798549956372448,1.7985499563724479,
prior_year_province_anchor,세종,문화 및 기타서비스업,4,2021,baseline,no_prior_positive_route,3056.0285158070183,3056.0285158070183,3261.75,-205.72148419298173,-205.72148419298173,205.72148419298173,205.72148419298173,6.307089267815797,6.307089267815797,
prior_year_province_anchor,세종,문화 및 기타서비스업,4,2022,regional_service_production_index_R_S,prior_positive_improvement_151.785_eok,3448.792536588064,4434.241365907829,3452.54,-3.747463411935769,981.7013659078292,3.747463411935769,981.7013659078292,0.108542215642274,28.43417790692734,28.434177906927346
prior_year_province_anchor,세종,문화 및 기타서비스업,4,2023,baseline,no_prior_positive_route,3628.141819234433,3628.141819234433,3761.31,-133.16818076556683,-133.16818076556683,133.16818076556683,133.16818076556683,3.5404734192493263,3.5404734192493263,
prior_year_province_anchor,세종,문화 및 기타서비스업,4,2024,baseline,no_prior_positive_route,3765.581200405424,3765.581200405424,3778.05,-12.468799594576469,-12.468799594576469,12.468799594576469,12.468799594576469,0.3300326780899265,0.33003267808992653,
prior_year_province_anchor,세종,문화 및 기타서비스업,4,2025,baseline,no_prior_positive_route,3744.518227556444,3744.518227556444,3823.04,-78.52177244355607,-78.52177244355607,78.52177244355607,78.52177244355607,2.0539092566009267,2.0539092566009267,
prior_year_province_anchor,세종,보건 및 사회복지업,1,2021,baseline,no_prior_positive_route,3749.709247688624,3749.709247688624,4645.35,-895.6407523113767,-895.6407523113767,895.6407523113767,895.6407523113767,19.280371819375866,19.280371819375862,
prior_year_province_anchor,세종,보건 및 사회복지업,1,2022,regional_service_production_index_Q,prior_positive_improvement_570.437_eok,5048.688890919511,5322.719760956176,5192.799999999999,-144.11110908048795,129.91976095617702,144.11110908048795,129.91976095617702,2.7752100808906173,2.501921139966435,2.501921139966435
prior_year_province_anchor,세종,보건 및 사회복지업,1,2023,regional_service_production_index_Q,prior_positive_improvement_584.629_eok,5399.223466092446,5597.246175243392,5452.2,-52.97653390755386,145.0461752433921,52.97653390755386,145.0461752433921,0.9716542663063324,2.6603238187042315,2.6603238187042315
prior_year_province_anchor,세종,보건 및 사회복지업,1,2024,regional_service_production_index_Q,prior_positive_improvement_492.559_eok,5665.591495611162,6064.253419354839,6053.410000000001,-387.8185043888389,10.84341935483826,387.8185043888389,10.84341935483826,6.406612213427454,0.1791291083015731,0.1791291083015731
prior_year_province_anchor,세종,보건 및 사회복지업,1,2025,regional_service_production_index_Q,prior_positive_improvement_869.534_eok,6334.652154270544,6127.146432714618,6204.59,130.06215427054394,-77.44356728538241,130.06215427054394,77.44356728538241,2.0962247992299883,1.2481657496366787,1.2481657496366787
prior_year_province_anchor,세종,보건 및 사회복지업,2,2021,baseline,no_prior_positive_route,3838.4449407119014,3838.4449407119014,4645.35,-806.905059288099,-806.905059288099,806.905059288099,806.905059288099,17.370167141078692,17.370167141078692,
prior_year_province_anchor,세종,보건 및 사회복지업,2,2022,regional_service_production_index_Q,prior_positive_improvement_50.714_eok,5009.605383727481,5217.916395348838,5192.799999999999,-183.19461627251803,25.116395348838523,183.19461627251803,25.116395348838523,3.5278581164789338,0.48367730990676566,0.4836773099067656
prior_year_province_anchor,세종,보건 및 사회복지업,2,2023,regional_service_production_index_Q,prior_positive_improvement_208.793_eok,5352.868146024391,5581.6328502415445,5452.2,-99.3318539756092,129.43285024154466,99.3318539756092,129.43285024154466,1.821867392531624,2.373956389008926,2.373956389008926
prior_year_province_anchor,세종,보건 및 사회복지업,2,2024,regional_service_production_index_Q,prior_positive_improvement_178.692_eok,5628.716297638184,6028.050337078651,6053.410000000001,-424.6937023618166,-25.35966292134981,424.6937023618166,25.35966292134981,7.015776270925256,0.4189318569426126,0.4189318569426126
prior_year_province_anchor,세종,보건 및 사회복지업,2,2025,regional_service_production_index_Q,prior_positive_improvement_578.026_eok,6382.943512122298,6088.563368176539,6204.59,178.35351212229762,-116.02663182346078,178.35351212229762,116.02663182346078,2.874541462406019,1.8700128747179228,1.8700128747179228
prior_year_province_anchor,세종,보건 및 사회복지업,3,2021,baseline,no_prior_positive_route,3881.181302034567,3881.181302034567,4645.35,-764.1686979654332,-764.1686979654332,764.1686979654332,764.1686979654332,16.450185625742584,16.450185625742584,
prior_year_province_anchor,세종,보건 및 사회복지업,3,2022,regional_service_production_index_Q,prior_positive_improvement_70.333_eok,4945.276529318725,5054.996916026753,5192.799999999999,-247.5234706812744,-137.80308397324643,247.5234706812744,137.80308397324643,4.766666743977708,2.653733707696165,2.653733707696165
prior_year_province_anchor,세종,보건 및 사회복지업,3,2023,regional_service_production_index_Q,prior_positive_improvement_180.054_eok,5357.346371851364,5599.429455952651,5452.2,-94.85362814863583,147.22945595265082,94.85362814863583,147.22945595265082,1.7397312671698733,2.700367850641041,2.700367850641041
prior_year_province_anchor,세종,보건 및 사회복지업,3,2024,regional_service_production_index_Q,prior_positive_improvement_127.678_eok,5629.602145661673,5928.70639645345,6053.410000000001,-423.80785433832807,-124.70360354655077,423.80785433832807,124.70360354655077,7.001142403014632,2.0600554653749,2.0600554653749
prior_year_province_anchor,세종,보건 및 사회복지업,3,2025,regional_service_production_index_Q,prior_positive_improvement_426.782_eok,6372.9505714096495,6165.053166375462,6204.59,168.3605714096493,-39.5368336245383,168.3605714096493,39.5368336245383,2.7134842336020477,0.6372191172106183,0.6372191172106183
prior_year_province_anchor,세종,보건 및 사회복지업,4,2021,baseline,no_prior_positive_route,3908.321756576657,3908.321756576657,4645.35,-737.0282434233432,-737.0282434233432,737.0282434233432,737.0282434233432,15.865935686726363,15.865935686726363,
prior_year_province_anchor,세종,보건 및 사회복지업,4,2022,regional_service_production_index_Q,prior_positive_improvement_336.528_eok,4913.009908083153,5021.264445258147,5192.799999999999,-279.790091916846,-171.53555474185214,279.790091916846,171.53555474185214,5.388039052473541,3.3033345159037926,3.303334515903793
prior_year_province_anchor,세종,보건 및 사회복지업,4,2023,regional_service_production_index_Q,prior_positive_improvement_444.783_eok,5366.512999854442,5554.290650406504,5452.2,-85.68700014555816,102.0906504065042,85.68700014555816,102.0906504065042,1.5716041257759834,1.8724670849657792,1.8724670849657792
prior_year_province_anchor,세종,보건 및 사회복지업,4,2024,regional_service_production_index_Q,prior_positive_improvement_428.379_eok,5652.269810671581,5903.744038004749,6053.410000000001,-401.1401893284201,-149.66596199525156,401.1401893284201,149.66596199525156,6.626681313977081,2.4724240055646574,2.472424005564658
prior_year_province_anchor,세종,보건 및 사회복지업,4,2025,regional_service_production_index_Q,prior_positive_improvement_679.853_eok,6402.059163289974,6200.363211465341,6204.59,197.46916328997395,-4.226788534659136,197.46916328997395,4.226788534659136,3.1826303315766866,0.06812357520253773,0.0681235752025377
prior_year_province_anchor,세종,부동산업,1,2022,baseline,no_prior_positive_route,11536.956321422344,11536.956321422344,10607.59,929.3663214223434,929.3663214223434,929.3663214223434,929.3663214223434,8.761333360568644,8.761333360568644,
prior_year_province_anchor,세종,부동산업,1,2023,baseline,no_prior_positive_route,10614.0620870072,10614.0620870072,10631.58,-17.51791299280012,-17.51791299280012,17.51791299280012,17.51791299280012,0.1647724326280771,0.1647724326280771,
prior_year_province_anchor,세종,부동산업,1,2024,baseline,no_prior_positive_route,10769.61625327362,10769.61625327362,10347.75,421.8662532736198,421.8662532736198,421.8662532736198,421.8662532736198,4.076888727246211,4.076888727246211,
prior_year_province_anchor,세종,부동산업,1,2025,baseline,no_prior_positive_route,10305.231194605343,10305.231194605343,10815.68,-510.44880539465703,-510.44880539465703,510.44880539465703,510.44880539465703,4.719525775491296,4.719525775491296,
prior_year_province_anchor,세종,부동산업,2,2022,baseline,no_prior_positive_route,11451.181219039698,11451.181219039698,10607.59,843.5912190396975,843.5912190396975,843.5912190396975,843.5912190396975,7.952713283975885,7.952713283975885,
prior_year_province_anchor,세종,부동산업,2,2023,baseline,no_prior_positive_route,10645.225332204383,10645.225332204383,10631.58,13.64533220438352,13.64533220438352,13.64533220438352,13.64533220438352,0.1283471713929963,0.12834717139299634,
prior_year_province_anchor,세종,부동산업,2,2024,baseline,no_prior_positive_route,10850.203459565002,10850.203459565002,10347.75,502.4534595650021,502.4534595650021,502.4534595650021,502.4534595650021,4.855678379986007,4.855678379986007,
prior_year_province_anchor,세종,부동산업,2,2025,baseline,no_prior_positive_route,10299.650181725712,10299.650181725712,10815.68,-516.0298182742881,-516.0298182742881,516.0298182742881,516.0298182742881,4.771126903479837,4.771126903479837,
prior_year_province_anchor,세종,부동산업,3,2022,baseline,no_prior_positive_route,11475.575888558333,11475.575888558333,10607.59,867.9858885583326,867.9858885583326,867.9858885583326,867.9858885583326,8.182687005798043,8.182687005798043,
prior_year_province_anchor,세종,부동산업,3,2023,regional_service_production_index_L,prior_positive_improvement_18.780_eok,10680.80977808612,9530.864345812426,10631.58,49.22977808612086,-1100.7156541875738,49.22977808612086,1100.7156541875738,0.4630523222900157,10.353265029163811,10.353265029163811
prior_year_province_anchor,세종,부동산업,3,2024,baseline,no_prior_positive_route,10845.226392499066,10845.226392499066,10347.75,497.4763924990657,497.4763924990657,497.4763924990657,497.4763924990657,4.807580319384075,4.807580319384075,
prior_year_province_anchor,세종,부동산업,3,2025,baseline,no_prior_positive_route,10339.230475129674,10339.230475129674,10815.68,-476.44952487032606,-476.44952487032606,476.44952487032606,476.44952487032606,4.405174014674307,4.405174014674307,
prior_year_province_anchor,세종,부동산업,4,2022,baseline,no_prior_positive_route,11515.15380590028,11515.15380590028,10607.59,907.5638059002796,907.5638059002796,907.5638059002796,907.5638059002796,8.555796424072568,8.55579642407257,
prior_year_province_anchor,세종,부동산업,4,2023,regional_service_production_index_L,prior_positive_improvement_263.177_eok,10698.122406426122,9416.035708922898,10631.58,66.5424064261224,-1215.5442910771017,66.5424064261224,1215.5442910771017,0.625893859860175,11.433336259305783,11.433336259305785
prior_year_province_anchor,세종,부동산업,4,2024,baseline,no_prior_positive_route,10838.24666448954,10838.24666448954,10347.75,490.4966644895394,490.4966644895394,490.4966644895394,490.4966644895394,4.7401286703828305,4.7401286703828305,
prior_year_province_anchor,세종,부동산업,4,2025,baseline,no_prior_positive_route,10386.295354105034,10386.295354105034,10815.68,-429.3846458949665,-429.3846458949665,429.3846458949665,429.3846458949665,3.97001987757558,3.97001987757558,
prior_year_province_anchor,세종,사업서비스업,1,2021,baseline,no_prior_positive_route,5829.174203044541,5829.174203044541,7326.74,-1497.5657969554586,-1497.5657969554586,1497.5657969554586,1497.5657969554586,20.439728951149604,20.439728951149604,
prior_year_province_anchor,세종,사업서비스업,1,2022,regional_service_production_index_M_N,prior_positive_improvement_624.298_eok,7563.568562729802,7469.897745490982,7504.0,59.56856272980167,-34.10225450901817,59.56856272980167,34.10225450901817,0.7938241301945851,0.4544543511329713,0.4544543511329713
prior_year_province_anchor,세종,사업서비스업,1,2023,regional_service_production_index_M_N,prior_positive_improvement_649.764_eok,7830.263609105314,8492.24176904177,7591.22,239.0436091053134,901.0217690417694,239.0436091053134,901.0217690417694,3.148948510322628,11.86926171342379,11.86926171342379
prior_year_province_anchor,세종,사업서비스업,1,2024,baseline,no_prior_positive_route,7743.091386367953,7743.091386367953,7624.42,118.67138636795336,118.67138636795336,118.67138636795336,118.67138636795336,1.55646444408825,1.5564644440882502,
prior_year_province_anchor,세종,사업서비스업,1,2025,baseline,no_prior_positive_route,7486.8585296427,7486.8585296427,7732.02,-245.1614703573005,-245.1614703573005,245.1614703573005,245.1614703573005,3.170729904440243,3.170729904440243,
prior_year_province_anchor,세종,사업서비스업,2,2021,baseline,no_prior_positive_route,6018.283443688396,6018.283443688396,7326.74,-1308.456556311604,-1308.456556311604,1308.456556311604,1308.456556311604,17.85864595047189,17.85864595047189,
prior_year_province_anchor,세종,사업서비스업,2,2022,regional_service_production_index_M_N,prior_positive_improvement_389.160_eok,7574.098224941325,7567.250895486362,7504.0,70.09822494132459,63.250895486362424,70.09822494132459,63.250895486362424,0.9341447886637072,0.8428957287628256,0.8428957287628256
prior_year_province_anchor,세종,사업서비스업,2,2023,regional_service_production_index_M_N,prior_positive_improvement_396.007_eok,7843.000355936774,8351.027810236037,7591.22,251.78035593677396,759.8078102360369,251.78035593677396,759.8078102360369,3.316731117485384,10.00903425583815,10.00903425583815
prior_year_province_anchor,세종,사업서비스업,2,2024,baseline,no_prior_positive_route,7682.11272417498,7682.11272417498,7624.42,57.69272417497996,57.69272417497996,57.69272417497996,57.69272417497996,0.756683448380073,0.756683448380073,
prior_year_province_anchor,세종,사업서비스업,2,2025,baseline,no_prior_positive_route,7506.191033289893,7506.191033289893,7732.02,-225.82896671010712,-225.82896671010712,225.82896671010712,225.82896671010712,2.9206981708545388,2.9206981708545388,
prior_year_province_anchor,세종,사업서비스업,3,2021,baseline,no_prior_positive_route,6006.5926880622055,6006.5926880622055,7326.74,-1320.1473119377945,-1320.1473119377945,1320.1473119377945,1320.1473119377945,18.018208806888115,18.01820880688812,
prior_year_province_anchor,세종,사업서비스업,3,2022,regional_service_production_index_M_N,prior_positive_improvement_260.374_eok,7512.128479563908,7610.573000656599,7504.0,8.128479563907604,106.5730006565991,8.128479563907604,106.5730006565991,0.1083219558090032,1.4202158936113953,1.420215893611395
prior_year_province_anchor,세종,사업서비스업,3,2023,regional_service_production_index_M_N,prior_positive_improvement_161.929_eok,7868.829169668996,8060.1592920354,7591.22,277.6091696689955,468.9392920353994,277.6091696689955,468.9392920353994,3.6569770032879494,6.177390354059023,6.177390354059023
prior_year_province_anchor,세종,사업서비스업,3,2024,baseline,no_prior_positive_route,7650.192343903016,7650.192343903016,7624.42,25.772343903016008,25.772343903016008,25.772343903016008,25.772343903016008,0.3380236647904497,0.33802366479044976,
prior_year_province_anchor,세종,사업서비스업,3,2025,baseline,no_prior_positive_route,7589.877953721981,7589.877953721981,7732.02,-142.14204627801973,-142.14204627801973,142.14204627801973,142.14204627801973,1.838355905416951,1.838355905416951,
prior_year_province_anchor,세종,사업서비스업,4,2021,baseline,no_prior_positive_route,6008.161876119651,6008.161876119651,7326.74,-1318.5781238803484,-1318.5781238803484,1318.5781238803484,1318.5781238803484,17.996791531845655,17.996791531845655,
prior_year_province_anchor,세종,사업서비스업,4,2022,regional_service_production_index_M_N,prior_positive_improvement_195.291_eok,7517.440592640167,7567.290799904489,7504.0,13.44059264016687,63.29079990448918,13.44059264016687,63.29079990448918,0.1791123752687482,0.8434275040576916,0.8434275040576916
prior_year_province_anchor,세종,사업서비스업,4,2023,regional_service_production_index_M_N,prior_positive_improvement_145.441_eok,7877.642833143566,7841.424112819328,7591.22,286.4228331435661,250.20411281932775,286.4228331435661,250.20411281932775,3.773080389496893,3.2959670885487147,3.2959670885487147
prior_year_province_anchor,세종,사업서비스업,4,2024,regional_service_production_index_M_N,prior_positive_improvement_181.659_eok,7561.227789774309,7245.248469026548,7624.42,-63.19221022569127,-379.1715309734518,63.19221022569127,379.1715309734518,0.8288133422042762,4.973119673017119,4.973119673017119
prior_year_province_anchor,세종,사업서비스업,4,2025,baseline,no_prior_positive_route,7620.238015460268,7620.238015460268,7732.02,-111.78198453973256,-111.78198453973256,111.78198453973256,111.78198453973256,1.4457022167523177,1.4457022167523177,
prior_year_province_anchor,세종,서비스업,1,2021,baseline,no_prior_positive_route,88099.95272440728,88099.95272440728,91538.03,-3438.0772755927173,-3438.0772755927173,3438.0772755927173,3438.0772755927173,3.755900444430274,3.755900444430274,
prior_year_province_anchor,세종,서비스업,1,2022,regional_service_production_index_T,prior_positive_improvement_1062.196_eok,98393.06585335635,96443.41725358852,93835.75,4557.315853356369,2607.6672535885155,4557.315853356369,2607.6672535885155,4.8566946535370255,2.7789699060203765,2.7789699060203765
prior_year_province_anchor,세종,서비스업,1,2023,regional_service_production_index_T,prior_positive_improvement_3011.845_eok,101180.0473983588,99119.87034514078,97287.72,3892.327398358786,1832.150345140777,3892.327398358786,1832.150345140777,4.000841420025863,1.883228782770094,1.883228782770094
prior_year_province_anchor,세종,서비스업,1,2024,regional_service_production_index_T,prior_positive_improvement_5072.022_eok,103094.80349884588,94108.92949269131,98067.27,5027.5334988458635,-3958.3405073086906,5027.5334988458635,3958.3405073086906,5.126617166814028,4.036352299099068,4.036352299099068
prior_year_province_anchor,세종,서비스업,2,2021,baseline,no_prior_positive_route,88236.83133719198,88236.83133719198,91538.03,-3301.198662808019,-3301.198662808019,3301.198662808019,3301.198662808019,3.6063684818299233,3.6063684818299224,
prior_year_province_anchor,세종,서비스업,2,2022,regional_service_production_index_T,prior_positive_improvement_2595.313_eok,96821.53326282425,97272.53024310424,93835.75,2985.783262824247,3436.780243104251,2985.783262824247,3436.780243104251,3.1819250795397775,3.6625489145706736,3.6625489145706736
prior_year_province_anchor,세종,서비스업,2,2023,regional_service_production_index_T,prior_positive_improvement_2144.316_eok,99014.88087616638,96601.6959964804,97287.72,1727.160876166381,-686.0240035195893,1727.160876166381,686.0240035195893,1.7753123170800806,0.7051496360687549,0.7051496360687549
prior_year_province_anchor,세종,서비스업,2,2024,regional_service_production_index_T,prior_positive_improvement_3185.453_eok,101805.45363996744,94294.2516923077,98067.27,3738.183639967436,-3773.0183076922985,3738.183639967436,3773.0183076922985,3.811856534771933,3.8473777313188164,3.847377731318816
prior_year_province_anchor,세종,서비스업,3,2021,baseline,no_prior_positive_route,87405.47635381561,87405.47635381561,91538.03,-4132.553646184388,-4132.553646184388,4132.553646184388,4132.553646184388,4.514575686394374,4.514575686394374,
prior_year_province_anchor,세종,서비스업,3,2022,regional_service_production_index_T,prior_positive_improvement_4071.283_eok,95640.84595470416,96723.19074074073,93835.75,1805.0959547041712,2887.440740740727,1805.0959547041712,2887.440740740727,1.9236761625544323,3.077122248973048,3.077122248973048
prior_year_province_anchor,세종,서비스업,3,2023,regional_service_production_index_T,prior_positive_improvement_2988.938_eok,97687.5948137112,96129.81988217968,97287.72,399.8748137112125,-1157.900117820318,399.8748137112125,1157.900117820318,0.4110229057801051,1.1901811634811854,1.1901811634811854
prior_year_province_anchor,세종,서비스업,3,2024,regional_service_production_index_T,prior_positive_improvement_2230.913_eok,100464.4495282942,94490.48825761932,98067.27,2397.179528294204,-3576.7817423806846,2397.179528294204,3576.7817423806846,2.4444236372585917,3.647273695271301,3.647273695271301
prior_year_province_anchor,세종,서비스업,4,2021,baseline,no_prior_positive_route,86568.78558136073,86568.78558136073,91538.03,-4969.244418639268,-4969.244418639268,4969.244418639268,4969.244418639268,5.428611931717634,5.428611931717634,
prior_year_province_anchor,세종,서비스업,4,2022,regional_service_production_index_T,prior_positive_improvement_4273.003_eok,94417.86942583352,96619.97614819912,93835.75,582.1194258335163,2784.22614819913,582.1194258335163,2784.22614819913,0.6203599649744541,2.9671272923157006,2.9671272923157006
prior_year_province_anchor,세종,서비스업,4,2023,regional_service_production_index_T,prior_positive_improvement_2070.897_eok,96230.02302680706,94916.6660508585,97287.72,-1057.696973192942,-2371.053949141497,1057.696973192942,2371.053949141497,1.087184459860856,2.437156456273718,2.437156456273718
prior_year_province_anchor,세종,서비스업,4,2024,regional_service_production_index_T,prior_positive_improvement_757.540_eok,99262.45226143776,96179.80226042116,98067.27,1195.1822614377452,-1887.4677395788456,1195.1822614377452,1887.4677395788456,1.2187371601531736,1.924666343397594,1.924666343397594
prior_year_province_anchor,세종,숙박 및 음식점업,1,2022,baseline,no_prior_positive_route,2856.4601186592163,2856.4601186592163,2816.53,39.93011865921608,39.93011865921608,39.93011865921608,39.93011865921608,1.4177061369563284,1.4177061369563284,
prior_year_province_anchor,세종,숙박 및 음식점업,1,2023,baseline,no_prior_positive_route,3224.1056354325265,3224.1056354325265,2705.96,518.1456354325264,518.1456354325264,518.1456354325264,518.1456354325264,19.1483109666265,19.1483109666265,
prior_year_province_anchor,세종,숙박 및 음식점업,1,2024,baseline,no_prior_positive_route,2728.7097358934875,2728.7097358934875,2689.34,39.36973589348736,39.36973589348736,39.36973589348736,39.36973589348736,1.4639181320877002,1.4639181320877002,
prior_year_province_anchor,세종,숙박 및 음식점업,1,2025,baseline,no_prior_positive_route,2600.0364263565966,2600.0364263565966,2643.16,-43.12357364340323,-43.12357364340323,43.12357364340323,43.12357364340323,1.631515823612768,1.631515823612768,
prior_year_province_anchor,세종,숙박 및 음식점업,2,2022,baseline,no_prior_positive_route,2960.9232277696124,2960.9232277696124,2816.53,144.39322776961217,144.39322776961217,144.39322776961217,144.39322776961217,5.12663553271622,5.12663553271622,
prior_year_province_anchor,세종,숙박 및 음식점업,2,2023,baseline,no_prior_positive_route,2925.7521982473354,2925.7521982473354,2705.96,219.79219824733536,219.79219824733536,219.79219824733536,219.79219824733536,8.122522071550776,8.122522071550776,
prior_year_province_anchor,세종,숙박 및 음식점업,2,2024,baseline,no_prior_positive_route,2714.3917196668585,2714.3917196668585,2689.34,25.05171966685839,25.05171966685839,25.05171966685839,25.05171966685839,0.93151924512551,0.9315192451255099,
prior_year_province_anchor,세종,숙박 및 음식점업,2,2025,baseline,no_prior_positive_route,2622.0044814714875,2622.0044814714875,2643.16,-21.155518528512403,-21.155518528512403,21.155518528512403,21.155518528512403,0.8003873593922579,0.8003873593922579,
prior_year_province_anchor,세종,숙박 및 음식점업,3,2022,baseline,no_prior_positive_route,3028.335459410566,3028.335459410566,2816.53,211.80545941056516,211.80545941056516,211.80545941056516,211.80545941056516,7.52008533232613,7.52008533232613,
prior_year_province_anchor,세종,숙박 및 음식점업,3,2023,regional_service_production_index_I,prior_positive_improvement_67.464_eok,2819.9070692227606,2810.155957567186,2705.96,113.94706922276056,104.1959575671858,113.94706922276056,104.1959575671858,4.210966504411024,3.8506096752053174,3.8506096752053174
prior_year_province_anchor,세종,숙박 및 음식점업,3,2024,regional_service_production_index_I,prior_positive_improvement_77.215_eok,2687.9541668692686,2664.530501842926,2689.34,-1.3858331307314984,-24.80949815707436,1.3858331307314984,24.80949815707436,0.0515306034466262,0.9225125182042567,0.9225125182042568
prior_year_province_anchor,세종,숙박 및 음식점업,3,2025,regional_service_production_index_I,prior_positive_improvement_53.791_eok,2661.960298449441,2714.8937633170176,2643.16,18.800298449441016,71.73376331701775,18.800298449441016,71.73376331701775,0.7112811350595885,2.7139395010902767,2.7139395010902767
prior_year_province_anchor,세종,숙박 및 음식점업,4,2022,baseline,no_prior_positive_route,2971.2970590325085,2971.2970590325085,2816.53,154.7670590325083,154.7670590325083,154.7670590325083,154.7670590325083,5.494955105484703,5.494955105484703,
prior_year_province_anchor,세종,숙박 및 음식점업,4,2023,regional_service_production_index_I,prior_positive_improvement_114.769_eok,2776.8780596084416,2771.7202281766804,2705.96,70.91805960844158,65.76022817668036,70.91805960844158,65.76022817668036,2.6208096057754577,2.430199566020206,2.430199566020206
prior_year_province_anchor,세종,숙박 및 음식점업,4,2024,regional_service_production_index_I,prior_positive_improvement_119.927_eok,2665.2846811364175,2697.325794511806,2689.34,-24.05531886358267,7.985794511806034,24.05531886358267,7.985794511806034,0.8944692327330374,0.2969425402442991,0.2969425402442991
prior_year_province_anchor,세종,숙박 및 음식점업,4,2025,regional_service_production_index_I,prior_positive_improvement_135.997_eok,2673.2084375632257,2648.5924242424244,2643.16,30.04843756322589,5.432424242424531,30.04843756322589,5.432424242424531,1.1368376323501372,0.20552763519516531,0.2055276351951653
prior_year_province_anchor,세종,운수 및 창고업,1,2021,baseline,no_prior_positive_route,1882.656378494898,1882.656378494898,2258.25,-375.5936215051019,-375.5936215051019,375.5936215051019,375.5936215051019,16.632065604122747,16.632065604122744,
prior_year_province_anchor,세종,운수 및 창고업,1,2022,baseline,no_prior_positive_route,2425.422194050826,2425.422194050826,2570.82,-145.3978059491742,-145.3978059491742,145.3978059491742,145.3978059491742,5.655697635352697,5.655697635352697,
prior_year_province_anchor,세종,운수 및 창고업,1,2023,baseline,no_prior_positive_route,2861.6474957775104,2861.6474957775104,2832.86,28.78749577751023,28.78749577751023,28.78749577751023,28.78749577751023,1.0161990277497028,1.0161990277497028,
prior_year_province_anchor,세종,운수 및 창고업,1,2024,baseline,no_prior_positive_route,3337.0637778128735,3337.0637778128735,3073.83,263.23377781287354,263.23377781287354,263.23377781287354,263.23377781287354,8.563706444822047,8.563706444822047,
prior_year_province_anchor,세종,운수 및 창고업,1,2025,baseline,no_prior_positive_route,3180.7294770657677,3180.7294770657677,3200.13,-19.400522934232413,-19.400522934232413,19.400522934232413,19.400522934232413,0.6062417131251672,0.6062417131251672,
prior_year_province_anchor,세종,운수 및 창고업,2,2021,baseline,no_prior_positive_route,2065.237091494911,2065.237091494911,2258.25,-193.01290850508897,-193.01290850508897,193.01290850508897,193.01290850508897,8.547012443488939,8.54701244348894,
prior_year_province_anchor,세종,운수 및 창고업,2,2022,baseline,no_prior_positive_route,2467.3628042341616,2467.3628042341616,2570.82,-103.4571957658386,-103.4571957658386,103.4571957658386,103.4571957658386,4.024287805674399,4.024287805674399,
prior_year_province_anchor,세종,운수 및 창고업,2,2023,baseline,no_prior_positive_route,3007.9078293067405,3007.9078293067405,2832.86,175.04782930674037,175.04782930674037,175.04782930674037,175.04782930674037,6.1791909697881415,6.1791909697881415,
prior_year_province_anchor,세종,운수 및 창고업,2,2024,baseline,no_prior_positive_route,3166.9193794674206,3166.9193794674206,3073.83,93.08937946742071,93.08937946742071,93.08937946742071,93.08937946742071,3.028449181230606,3.0284491812306054,
prior_year_province_anchor,세종,운수 및 창고업,2,2025,baseline,no_prior_positive_route,3172.393458872696,3172.393458872696,3200.13,-27.736541127304008,-27.736541127304008,27.736541127304008,27.736541127304008,0.8667316992529681,0.8667316992529681,
prior_year_province_anchor,세종,운수 및 창고업,3,2021,baseline,no_prior_positive_route,2081.0800581347457,2081.0800581347457,2258.25,-177.16994186525426,-177.16994186525426,177.16994186525426,177.16994186525426,7.845452977538104,7.8454529775381046,
prior_year_province_anchor,세종,운수 및 창고업,3,2022,baseline,no_prior_positive_route,2517.3484022812845,2517.3484022812845,2570.82,-53.47159771871566,-53.47159771871566,53.47159771871566,53.47159771871566,2.0799432756363982,2.0799432756363982,
prior_year_province_anchor,세종,운수 및 창고업,3,2023,baseline,no_prior_positive_route,3027.995855378222,3027.995855378222,2832.86,195.135855378222,195.135855378222,195.135855378222,195.135855378222,6.888298587936643,6.888298587936643,
prior_year_province_anchor,세종,운수 및 창고업,3,2024,baseline,no_prior_positive_route,3128.231352044175,3128.231352044175,3073.83,54.40135204417493,54.40135204417493,54.40135204417493,54.40135204417493,1.7698230560627926,1.7698230560627926,
prior_year_province_anchor,세종,운수 및 창고업,3,2025,baseline,no_prior_positive_route,3158.492840425191,3158.492840425191,3200.13,-41.637159574809175,-41.637159574809175,41.637159574809175,41.637159574809175,1.3011083791848823,1.3011083791848823,
prior_year_province_anchor,세종,운수 및 창고업,4,2021,baseline,no_prior_positive_route,2096.6648861898984,2096.6648861898984,2258.25,-161.58511381010155,-161.58511381010155,161.58511381010155,161.58511381010155,7.155324424226794,7.155324424226793,
prior_year_province_anchor,세종,운수 및 창고업,4,2022,baseline,no_prior_positive_route,2547.169029900585,2547.169029900585,2570.82,-23.65097009941519,-23.65097009941519,23.65097009941519,23.65097009941519,0.9199776763606629,0.9199776763606627,
prior_year_province_anchor,세종,운수 및 창고업,4,2023,baseline,no_prior_positive_route,3022.0505266647683,3022.0505266647683,2832.86,189.1905266647682,189.1905266647682,189.1905266647682,189.1905266647682,6.678428396206243,6.678428396206244,
prior_year_province_anchor,세종,운수 및 창고업,4,2024,baseline,no_prior_positive_route,3090.9426498577723,3090.9426498577723,3073.83,17.11264985777234,17.11264985777234,17.11264985777234,17.11264985777234,0.5567207639255372,0.5567207639255372,
prior_year_province_anchor,세종,운수 및 창고업,4,2025,baseline,no_prior_positive_route,3142.7020367074556,3142.7020367074556,3200.13,-57.42796329254452,-57.42796329254452,57.42796329254452,57.42796329254452,1.7945509492597025,1.7945509492597025,
prior_year_province_anchor,세종,정보통신업,1,2021,baseline,no_prior_positive_route,2163.4619977039297,2163.4619977039297,2138.16,25.30199770392983,25.30199770392983,25.30199770392983,25.30199770392983,1.18335380438928,1.18335380438928,
prior_year_province_anchor,세종,정보통신업,1,2022,baseline,no_prior_positive_route,2204.929536377039,2204.929536377039,2243.16,-38.230463622961,-38.230463622961,38.230463622961,38.230463622961,1.7043128275718629,1.7043128275718629,
prior_year_province_anchor,세종,정보통신업,1,2023,baseline,no_prior_positive_route,2388.285127694465,2388.285127694465,2404.85,-16.56487230553512,-16.56487230553512,16.56487230553512,16.56487230553512,0.6888110404197816,0.6888110404197816,
prior_year_province_anchor,세종,정보통신업,1,2024,baseline,no_prior_positive_route,2464.969230982521,2464.969230982521,2548.03,-83.06076901747929,-83.06076901747929,83.06076901747929,83.06076901747929,3.2598034174432513,3.2598034174432513,
prior_year_province_anchor,세종,정보통신업,1,2025,baseline,no_prior_positive_route,2574.584208670545,2574.584208670545,3109.3900000000003,-534.8057913294551,-534.8057913294551,534.8057913294551,534.8057913294551,17.199701270328106,17.199701270328106,
prior_year_province_anchor,세종,정보통신업,2,2021,baseline,no_prior_positive_route,2192.4039510507355,2192.4039510507355,2138.16,54.24395105073563,54.24395105073563,54.24395105073563,54.24395105073563,2.536945366611275,2.536945366611275,
prior_year_province_anchor,세종,정보통신업,2,2022,baseline,no_prior_positive_route,2215.8158186730966,2215.8158186730966,2243.16,-27.344181326903257,-27.344181326903257,27.344181326903257,27.344181326903257,1.2190027161193695,1.21900271611937,
prior_year_province_anchor,세종,정보통신업,2,2023,baseline,no_prior_positive_route,2324.892162401685,2324.892162401685,2404.85,-79.95783759831511,-79.95783759831511,79.95783759831511,79.95783759831511,3.324857583563013,3.324857583563013,
prior_year_province_anchor,세종,정보통신업,2,2024,baseline,no_prior_positive_route,2431.7191015183653,2431.7191015183653,2548.03,-116.31089848163492,-116.31089848163492,116.31089848163492,116.31089848163492,4.5647381891749665,4.5647381891749665,
prior_year_province_anchor,세종,정보통신업,2,2025,baseline,no_prior_positive_route,2600.0953028563345,2600.0953028563345,3109.3900000000003,-509.2946971436658,-509.2946971436658,509.2946971436658,509.2946971436658,16.379247927846485,16.37924792784648,
prior_year_province_anchor,세종,정보통신업,3,2021,baseline,no_prior_positive_route,2231.203111949414,2231.203111949414,2138.16,93.0431119494142,93.0431119494142,93.0431119494142,93.0431119494142,4.351550489645967,4.351550489645967,
prior_year_province_anchor,세종,정보통신업,3,2022,regional_service_production_index_J,prior_positive_improvement_68.940_eok,2210.087780224426,2306.868044132397,2243.16,-33.07221977557401,63.708044132396935,33.07221977557401,63.708044132396935,1.474358484262113,2.8401025398276065,2.8401025398276065
prior_year_province_anchor,세종,정보통신업,3,2023,regional_service_production_index_J,prior_positive_improvement_38.304_eok,2328.505571008368,2136.1111496746203,2404.85,-76.34442899163196,-268.73885032537964,76.34442899163196,268.73885032537964,3.174602532034512,11.174869548012543,11.174869548012545
prior_year_province_anchor,세종,정보통신업,3,2024,baseline,no_prior_positive_route,2420.6663958295353,2420.6663958295353,2548.03,-127.3636041704649,-127.3636041704649,127.3636041704649,127.3636041704649,4.998512740056627,4.998512740056627,
prior_year_province_anchor,세종,정보통신업,3,2025,baseline,no_prior_positive_route,2600.9710086214664,2600.9710086214664,3109.3900000000003,-508.418991378534,-508.418991378534,508.418991378534,508.418991378534,16.351084662217797,16.351084662217797,
prior_year_province_anchor,세종,정보통신업,4,2021,baseline,no_prior_positive_route,2249.7980175492285,2249.7980175492285,2138.16,111.6380175492286,111.6380175492286,111.6380175492286,111.6380175492286,5.22121906448669,5.22121906448669,
prior_year_province_anchor,세종,정보통신업,4,2022,regional_service_production_index_J,prior_positive_improvement_80.281_eok,2187.9604593515064,2277.878237885462,2243.16,-55.19954064849344,34.71823788546226,55.19954064849344,34.71823788546226,2.460793730652002,1.5477379181807032,1.5477379181807032
prior_year_province_anchor,세종,정보통신업,4,2023,regional_service_production_index_J,prior_positive_improvement_100.762_eok,2335.794097943095,2183.898938662991,2404.85,-69.05590205690487,-220.95106133700847,69.05590205690487,220.95106133700847,2.8715263761525613,9.187727356675406,9.187727356675406
prior_year_province_anchor,세종,정보통신업,4,2024,baseline,no_prior_positive_route,2415.9478192354204,2415.9478192354204,2548.03,-132.0821807645798,-132.0821807645798,132.0821807645798,132.0821807645798,5.183698024143349,5.183698024143349,
prior_year_province_anchor,세종,정보통신업,4,2025,baseline,no_prior_positive_route,2600.962149823504,2600.962149823504,3109.3900000000003,-508.4278501764966,-508.4278501764966,508.4278501764966,508.4278501764966,16.35136956690851,16.35136956690851,
prior_year_province_anchor,울산,건설업,1,2021,baseline,no_prior_positive_route,25158.472514885445,25158.472514885445,23503.54,1654.932514885444,1654.932514885444,1654.932514885444,1654.932514885444,7.0412053456008925,7.0412053456008925,
prior_year_province_anchor,울산,건설업,1,2022,baseline,no_prior_positive_route,23506.019324838224,23506.019324838224,26504.16,-2998.140675161776,-2998.140675161776,2998.140675161776,2998.140675161776,11.311962632136902,11.311962632136902,
prior_year_province_anchor,울산,건설업,1,2023,baseline,no_prior_positive_route,26917.572203391977,26917.572203391977,33223.72,-6306.147796608027,-6306.147796608027,6306.147796608027,6306.147796608027,18.980860050012545,18.980860050012545,
prior_year_province_anchor,울산,건설업,1,2024,baseline,no_prior_positive_route,34393.17827636943,34393.17827636943,34918.65,-525.4717236305733,-525.4717236305733,525.4717236305733,525.4717236305733,1.5048454726358929,1.5048454726358929,
prior_year_province_anchor,울산,건설업,1,2025,baseline,no_prior_positive_route,30619.61926382117,30619.61926382117,33756.35,-3136.73073617883,-3136.73073617883,3136.73073617883,3136.73073617883,9.292268672942514,9.292268672942514,
prior_year_province_anchor,울산,건설업,2,2021,baseline,no_prior_positive_route,25177.05508795693,25177.05508795693,23503.54,1673.51508795693,1673.51508795693,1673.51508795693,1673.51508795693,7.120268214732461,7.120268214732461,
prior_year_province_anchor,울산,건설업,2,2022,baseline,no_prior_positive_route,23386.118868431808,23386.118868431808,26504.16,-3118.041131568192,-3118.041131568192,3118.041131568192,3118.041131568192,11.764346168934209,11.764346168934207,
prior_year_province_anchor,울산,건설업,2,2023,baseline,no_prior_positive_route,26599.17089088258,26599.17089088258,33223.72,-6624.549109117423,-6624.549109117423,6624.549109117423,6624.549109117423,19.9392154434164,19.939215443416398,
prior_year_province_anchor,울산,건설업,2,2024,baseline,no_prior_positive_route,33552.458879411606,33552.458879411606,34918.65,-1366.1911205883953,-1366.1911205883953,1366.1911205883953,1366.1911205883953,3.9124969624782033,3.9124969624782033,
prior_year_province_anchor,울산,건설업,2,2025,baseline,no_prior_positive_route,30993.52630703345,30993.52630703345,33756.35,-2762.8236929665472,-2762.8236929665472,2762.8236929665472,2762.8236929665472,8.184604357303286,8.184604357303286,
prior_year_province_anchor,울산,건설업,3,2021,baseline,no_prior_positive_route,25330.78943974545,25330.78943974545,23503.54,1827.2494397454504,1827.2494397454504,1827.2494397454504,1827.2494397454504,7.774358414713061,7.7743584147130615,
prior_year_province_anchor,울산,건설업,3,2022,regional_construction_orders_bok_12_24q,prior_positive_improvement_844.677_eok,23606.184292287155,25670.633648104184,26504.16,-2897.975707712845,-833.5263518958163,2897.975707712845,833.5263518958163,10.934040949469235,3.144888771784567,3.144888771784567
prior_year_province_anchor,울산,건설업,3,2023,regional_construction_orders_bok_12_24q,prior_positive_improvement_2909.127_eok,26583.11142200145,39219.24510183503,33223.72,-6640.6085779985515,5995.525101835032,6640.6085779985515,5995.525101835032,19.98755280263183,18.045917500614113,18.045917500614113
prior_year_province_anchor,울산,건설업,3,2024,regional_construction_orders_bok_12_24q,prior_positive_improvement_3554.210_eok,32686.007605109557,36136.77729038043,34918.65,-2232.642394890445,1218.1272903804274,2232.642394890445,1218.1272903804274,6.3938393806474325,3.488471892184914,3.488471892184914
prior_year_province_anchor,울산,건설업,3,2025,regional_construction_orders_bok_12_24q,prior_positive_improvement_4568.725_eok,31508.549073722872,36014.13864400556,33756.35,-2247.8009262771266,2257.788644005559,2247.8009262771266,2257.788644005559,6.6588980333392875,6.688485704187684,6.688485704187684
prior_year_province_anchor,울산,건설업,4,2021,baseline,no_prior_positive_route,25561.751893205463,25561.751893205463,23503.54,2058.2118932054655,2058.2118932054655,2058.2118932054655,2058.2118932054655,8.757029337731531,8.757029337731531,
prior_year_province_anchor,울산,건설업,4,2022,regional_construction_orders_bok_12_24q,prior_positive_improvement_1423.609_eok,23736.50952655844,26915.971467918644,26504.16,-2767.6504734415576,411.81146791864376,2767.6504734415576,411.81146791864376,10.442324802753824,1.5537616280562891,1.5537616280562891
prior_year_province_anchor,울산,건설업,4,2023,regional_construction_orders_bok_12_24q,prior_positive_improvement_3779.448_eok,26189.04272861292,38107.89872564581,33223.72,-7034.677271387081,4884.178725645812,7034.677271387081,4884.178725645812,21.173659275322212,14.70087854594793,14.70087854594793
prior_year_province_anchor,울산,건설업,4,2024,regional_construction_orders_bok_12_24q,prior_positive_improvement_5929.947_eok,32212.373968303866,35990.13435878989,34918.65,-2706.276031696136,1071.4843587898868,2706.276031696136,1071.4843587898868,7.7502309845773985,3.0685159901367514,3.0685159901367514
prior_year_province_anchor,울산,건설업,4,2025,regional_construction_orders_bok_12_24q,prior_positive_improvement_7564.739_eok,31710.209697227867,35799.87511704226,33756.35,-2046.1403027721317,2043.5251170422632,2046.1403027721317,2043.5251170422632,6.0614974746147965,6.0537502337849425,6.0537502337849425
prior_year_province_anchor,울산,"광업, 제조업",1,2022,baseline,no_prior_positive_route,381806.44469578576,381806.44469578576,385251.17,-3444.7253042142256,-3444.7253042142256,3444.7253042142256,3444.7253042142256,0.8941505107471123,0.8941505107471123,
prior_year_province_anchor,울산,"광업, 제조업",1,2024,baseline,no_prior_positive_route,440153.81518098427,440153.81518098427,425105.1,15048.71518098429,15048.71518098429,15048.71518098429,15048.71518098429,3.5399987393668746,3.5399987393668746,
prior_year_province_anchor,울산,"광업, 제조업",2,2022,baseline,no_prior_positive_route,380769.04470646055,380769.04470646055,385251.17,-4482.12529353943,-4482.12529353943,4482.12529353943,4482.12529353943,1.163429378693238,1.163429378693238,
prior_year_province_anchor,울산,"광업, 제조업",2,2024,baseline,no_prior_positive_route,434352.0101690871,434352.0101690871,425105.1,9246.910169087176,9246.910169087176,9246.910169087176,9246.910169087176,2.1752056536341664,2.1752056536341664,
prior_year_province_anchor,울산,"광업, 제조업",3,2022,baseline,no_prior_positive_route,380914.3260537937,380914.3260537937,385251.17,-4336.843946206267,-4336.843946206267,4336.843946206267,4336.843946206267,1.1257185659439444,1.1257185659439444,
prior_year_province_anchor,울산,"광업, 제조업",3,2024,baseline,no_prior_positive_route,430938.6457735098,430938.6457735098,425105.1,5833.545773509832,5833.545773509832,5833.545773509832,5833.545773509832,1.3722596537914582,1.3722596537914582,
prior_year_province_anchor,울산,"광업, 제조업",4,2022,baseline,no_prior_positive_route,375126.54729395633,375126.54729395633,385251.17,-10124.62270604365,-10124.62270604365,10124.62270604365,10124.62270604365,2.6280576139570586,2.6280576139570586,
prior_year_province_anchor,울산,"광업, 제조업",4,2024,baseline,no_prior_positive_route,428055.97805021895,428055.97805021895,425105.1,2950.878050218977,2950.878050218977,2950.878050218977,2950.878050218977,0.6941525872587689,0.694152587258769,
prior_year_province_anchor,울산,교육 서비스업,1,2021,baseline,no_prior_positive_route,21244.3639723191,21244.3639723191,21484.47,-240.1060276809003,-240.1060276809003,240.1060276809003,240.1060276809003,1.117579478017844,1.117579478017844,
prior_year_province_anchor,울산,교육 서비스업,1,2022,regional_service_production_index_P,prior_positive_improvement_26.648_eok,22522.05847375366,21424.063805060923,22131.82,390.2384737536595,-707.7561949390765,390.2384737536595,707.7561949390765,1.7632461937321895,3.1979123042708486,3.1979123042708486
prior_year_province_anchor,울산,교육 서비스업,1,2023,baseline,no_prior_positive_route,22516.754455932663,22516.754455932663,22496.699999999997,20.054455932666315,20.054455932666315,20.054455932666315,20.054455932666315,0.0891439897081186,0.0891439897081186,
prior_year_province_anchor,울산,교육 서비스업,1,2024,baseline,no_prior_positive_route,22785.22123017933,22785.22123017933,23234.91,-449.68876982067013,-449.68876982067013,449.68876982067013,449.68876982067013,1.9354013844713416,1.9354013844713414,
prior_year_province_anchor,울산,교육 서비스업,1,2025,baseline,no_prior_positive_route,23088.38211865364,23088.38211865364,24209.55,-1121.1678813463586,-1121.1678813463586,1121.1678813463586,1121.1678813463586,4.631097568299943,4.631097568299943,
prior_year_province_anchor,울산,교육 서비스업,2,2021,baseline,no_prior_positive_route,21452.652132040937,21452.652132040937,21484.47,-31.81786795906737,-31.81786795906737,31.81786795906737,31.81786795906737,0.1480970578239415,0.14809705782394153,
prior_year_province_anchor,울산,교육 서비스업,2,2022,baseline,no_prior_positive_route,22461.34890284061,22461.34890284061,22131.82,329.5289028406114,329.5289028406114,329.5289028406114,329.5289028406114,1.4889372082395909,1.4889372082395909,
prior_year_province_anchor,울산,교육 서비스업,2,2023,baseline,no_prior_positive_route,22485.774852969687,22485.774852969687,22496.699999999997,-10.925147030309745,-10.925147030309745,10.925147030309745,10.925147030309745,0.0485633316455735,0.048563331645573554,
prior_year_province_anchor,울산,교육 서비스업,2,2024,baseline,no_prior_positive_route,22794.79948357268,22794.79948357268,23234.91,-440.1105164273213,-440.1105164273213,440.1105164273213,440.1105164273213,1.8941778402727671,1.8941778402727674,
prior_year_province_anchor,울산,교육 서비스업,2,2025,baseline,no_prior_positive_route,23046.00220765615,23046.00220765615,24209.55,-1163.5477923438448,-1163.5477923438448,1163.5477923438448,1163.5477923438448,4.806152086031524,4.806152086031524,
prior_year_province_anchor,울산,교육 서비스업,3,2021,baseline,no_prior_positive_route,21630.790281519752,21630.790281519752,21484.47,146.320281519751,146.320281519751,146.320281519751,146.320281519751,0.6810513897701502,0.6810513897701502,
prior_year_province_anchor,울산,교육 서비스업,3,2022,regional_service_production_index_P,prior_positive_improvement_108.097_eok,22372.362982029663,21518.83415547025,22131.82,240.5429820296631,-612.9858445297505,240.5429820296631,612.9858445297505,1.0868648942096182,2.769703732136582,2.769703732136582
prior_year_province_anchor,울산,교육 서비스업,3,2023,baseline,no_prior_positive_route,22432.610975999454,22432.610975999454,22496.699999999997,-64.08902400053921,-64.08902400053921,64.08902400053921,64.08902400053921,0.2848818893461673,0.2848818893461673,
prior_year_province_anchor,울산,교육 서비스업,3,2024,baseline,no_prior_positive_route,22754.802404608756,22754.802404608756,23234.91,-480.1075953912441,-480.1075953912441,480.1075953912441,480.1075953912441,2.0663200132526622,2.0663200132526622,
prior_year_province_anchor,울산,교육 서비스업,3,2025,baseline,no_prior_positive_route,23127.208116701193,23127.208116701193,24209.55,-1082.3418832988064,-1082.3418832988064,1082.3418832988064,1082.3418832988064,4.4707228482099275,4.4707228482099275,
prior_year_province_anchor,울산,교육 서비스업,4,2021,baseline,no_prior_positive_route,21663.377136296232,21663.377136296232,21484.47,178.90713629623133,178.90713629623133,178.90713629623133,178.90713629623133,0.832727715862813,0.832727715862813,
prior_year_province_anchor,울산,교육 서비스업,4,2022,regional_service_production_index_P,prior_positive_improvement_148.621_eok,22345.56339549885,21340.52045226131,22131.82,213.7433954988519,-791.2995477386903,213.7433954988519,791.2995477386903,0.9657741455463306,3.5753930211735425,3.5753930211735425
prior_year_province_anchor,울산,교육 서비스업,4,2023,baseline,no_prior_positive_route,22381.99605324178,22381.99605324178,22496.699999999997,-114.70394675821808,-114.70394675821808,114.70394675821808,114.70394675821808,0.5098700998733952,0.5098700998733952,
prior_year_province_anchor,울산,교육 서비스업,4,2024,baseline,no_prior_positive_route,22747.65536355193,22747.65536355193,23234.91,-487.2546364480695,-487.2546364480695,487.2546364480695,487.2546364480695,2.0970799389714423,2.0970799389714423,
prior_year_province_anchor,울산,교육 서비스업,4,2025,baseline,no_prior_positive_route,23159.36076437741,23159.36076437741,24209.55,-1050.1892356225908,-1050.1892356225908,1050.1892356225908,1050.1892356225908,4.33791307819679,4.33791307819679,
prior_year_province_anchor,울산,금융 및 보험업,1,2021,baseline,no_prior_positive_route,16445.94517812708,16445.94517812708,15668.19,777.7551781270795,777.7551781270795,777.7551781270795,777.7551781270795,4.9639120927629765,4.9639120927629765,
prior_year_province_anchor,울산,금융 및 보험업,1,2022,regional_service_production_index_K,prior_positive_improvement_186.441_eok,16505.715320391646,14776.750067502411,16435.3,70.41532039164667,-1658.549932497588,70.41532039164667,1658.549932497588,0.4284395197632332,10.09138824662518,10.09138824662518
prior_year_province_anchor,울산,금융 및 보험업,1,2023,baseline,no_prior_positive_route,16646.05694145101,16646.05694145101,16805.29,-159.2330585489908,-159.2330585489908,159.2330585489908,159.2330585489908,0.9475174694931822,0.9475174694931822,
prior_year_province_anchor,울산,금융 및 보험업,1,2024,baseline,no_prior_positive_route,16938.94831475482,16938.94831475482,16951.82,-12.871685245179831,-12.871685245179831,12.871685245179831,12.871685245179831,0.0759309929268941,0.07593099292689418,
prior_year_province_anchor,울산,금융 및 보험업,1,2025,baseline,no_prior_positive_route,17856.01811425758,17856.01811425758,17346.6,509.4181142575799,509.4181142575799,509.4181142575799,509.4181142575799,2.9367029519189924,2.9367029519189924,
prior_year_province_anchor,울산,금융 및 보험업,2,2021,baseline,no_prior_positive_route,16185.284988619203,16185.284988619203,15668.19,517.0949886192029,517.0949886192029,517.0949886192029,517.0949886192029,3.300285410243321,3.300285410243321,
prior_year_province_anchor,울산,금융 및 보험업,2,2022,regional_service_production_index_K,prior_positive_improvement_387.916_eok,16390.65882957576,15306.67555228277,16435.3,-44.641170424238226,-1128.6244477172295,44.641170424238226,1128.6244477172295,0.2716176183229891,6.867075427386355,6.867075427386355
prior_year_province_anchor,울산,금융 및 보험업,2,2023,baseline,no_prior_positive_route,16696.197183314573,16696.197183314573,16805.29,-109.09281668542826,-109.09281668542826,109.09281668542826,109.09281668542826,0.6491575967176303,0.6491575967176303,
prior_year_province_anchor,울산,금융 및 보험업,2,2024,baseline,no_prior_positive_route,16983.792826332065,16983.792826332065,16951.82,31.97282633206487,31.97282633206487,31.97282633206487,31.97282633206487,0.1886099919186545,0.18860999191865457,
prior_year_province_anchor,울산,금융 및 보험업,2,2025,baseline,no_prior_positive_route,17771.571532021164,17771.571532021164,17346.6,424.9715320211654,424.9715320211654,424.9715320211654,424.9715320211654,2.449883735263195,2.4498837352631955,
prior_year_province_anchor,울산,금융 및 보험업,3,2021,baseline,no_prior_positive_route,16162.85494677393,16162.85494677393,15668.19,494.66494677392984,494.66494677392984,494.66494677392984,494.66494677392984,3.1571288500709387,3.1571288500709387,
prior_year_province_anchor,울산,금융 및 보험업,3,2022,regional_service_production_index_K,prior_positive_improvement_246.223_eok,16154.95627130373,15611.402490939045,16435.3,-280.34372869626895,-823.8975090609565,280.34372869626895,823.8975090609565,1.7057414753382596,5.012975175755578,5.012975175755578
prior_year_province_anchor,울산,금융 및 보험업,3,2023,baseline,no_prior_positive_route,16745.651607400006,16745.651607400006,16805.29,-59.6383925999944,-59.6383925999944,59.6383925999944,59.6383925999944,0.3548786876036914,0.35487868760369146,
prior_year_province_anchor,울산,금융 및 보험업,3,2024,baseline,no_prior_positive_route,17216.046092850756,17216.046092850756,16951.82,264.2260928507567,264.2260928507567,264.2260928507567,264.2260928507567,1.5586886414010808,1.5586886414010808,
prior_year_province_anchor,울산,금융 및 보험업,3,2025,baseline,no_prior_positive_route,17690.91948476753,17690.91948476753,17346.6,344.31948476753314,344.31948476753314,344.31948476753314,344.31948476753314,1.9849393239455175,1.9849393239455178,
prior_year_province_anchor,울산,금융 및 보험업,4,2021,baseline,no_prior_positive_route,16135.558572566915,16135.558572566915,15668.19,467.36857256691474,467.36857256691474,467.36857256691474,467.36857256691474,2.9829136139331647,2.9829136139331647,
prior_year_province_anchor,울산,금융 및 보험업,4,2022,regional_service_production_index_K,prior_positive_improvement_91.689_eok,16096.69406346325,16125.033691623425,16435.3,-338.60593653674914,-310.26630837657467,338.60593653674914,310.26630837657467,2.0602358127734153,1.8878043502496131,1.8878043502496131
prior_year_province_anchor,울산,금융 및 보험업,4,2023,regional_service_production_index_K,prior_positive_improvement_120.028_eok,16535.918707619403,16932.502352941177,16805.29,-269.3712923805979,127.2123529411765,269.3712923805979,127.2123529411765,1.6028958285194592,0.7569780285920474,0.7569780285920474
prior_year_province_anchor,울산,금융 및 보험업,4,2024,regional_service_production_index_K,prior_positive_improvement_262.187_eok,17413.446974875573,16593.804178513168,16951.82,461.626974875573,-358.01582148683156,461.626974875573,358.01582148683156,2.7231705791801297,2.1119609663554213,2.1119609663554213
prior_year_province_anchor,울산,금융 및 보험업,4,2025,regional_service_production_index_K,prior_positive_improvement_365.798_eok,17762.379885104252,17075.847949020528,17346.6,415.7798851042535,-270.75205097947037,415.7798851042535,270.75205097947037,2.3968955593848564,1.5608364231576817,1.5608364231576817
prior_year_province_anchor,울산,도매 및 소매업,1,2022,baseline,no_prior_positive_route,20585.163383643343,20585.163383643343,20497.21,87.95338364334384,87.95338364334384,87.95338364334384,87.95338364334384,0.429099295188681,0.429099295188681,
prior_year_province_anchor,울산,도매 및 소매업,1,2023,baseline,no_prior_positive_route,21381.47940186996,21381.47940186996,19501.84,1879.6394018699611,1879.6394018699611,1879.6394018699611,1879.6394018699611,9.63826696286074,9.63826696286074,
prior_year_province_anchor,울산,도매 및 소매업,1,2024,regional_service_production_index_G,prior_positive_improvement_42.258_eok,19019.81130888293,18929.378943248532,18967.03,52.781308882931626,-37.65105675146697,52.781308882931626,37.65105675146697,0.2782792502723495,0.1985079200669107,0.1985079200669107
prior_year_province_anchor,울산,도매 및 소매업,1,2025,regional_service_production_index_G,prior_positive_improvement_57.388_eok,18814.594749351603,19005.269979838708,19457.46,-642.8652506483959,-452.1900201612916,642.8652506483959,452.1900201612916,3.3039525747368668,2.323993060560277,2.323993060560277
prior_year_province_anchor,울산,도매 및 소매업,2,2022,baseline,no_prior_positive_route,20523.65356577669,20523.65356577669,20497.21,26.443565776691685,26.443565776691685,26.443565776691685,26.443565776691685,0.1290105618115425,0.12901056181154258,
prior_year_province_anchor,울산,도매 및 소매업,2,2023,baseline,no_prior_positive_route,20533.372643427727,20533.372643427727,19501.84,1031.5326434277267,1031.5326434277267,1031.5326434277267,1031.5326434277267,5.2894118884563035,5.2894118884563035,
prior_year_province_anchor,울산,도매 및 소매업,2,2024,baseline,no_prior_positive_route,19151.06121625816,19151.06121625816,18967.03,184.0312162581613,184.0312162581613,184.0312162581613,184.0312162581613,0.9702690208122268,0.9702690208122268,
prior_year_province_anchor,울산,도매 및 소매업,2,2025,baseline,no_prior_positive_route,18902.566040250396,18902.566040250396,19457.46,-554.8939597496028,-554.8939597496028,554.8939597496028,554.8939597496028,2.8518314299482195,2.8518314299482195,
prior_year_province_anchor,울산,도매 및 소매업,3,2022,baseline,no_prior_positive_route,20577.17071908956,20577.17071908956,20497.21,79.96071908956219,79.96071908956219,79.96071908956219,79.96071908956219,0.3901053806325943,0.3901053806325943,
prior_year_province_anchor,울산,도매 및 소매업,3,2023,baseline,no_prior_positive_route,20141.72919997116,20141.72919997116,19501.84,639.8891999711595,639.8891999711595,639.8891999711595,639.8891999711595,3.281173468611985,3.281173468611985,
prior_year_province_anchor,울산,도매 및 소매업,3,2024,baseline,no_prior_positive_route,19184.786173376768,19184.786173376768,18967.03,217.75617337676888,217.75617337676888,217.75617337676888,217.75617337676888,1.1480773393450048,1.148077339345005,
prior_year_province_anchor,울산,도매 및 소매업,3,2025,baseline,no_prior_positive_route,19176.44816576749,19176.44816576749,19457.46,-281.0118342325077,-281.0118342325077,281.0118342325077,281.0118342325077,1.4442369879342305,1.4442369879342305,
prior_year_province_anchor,울산,도매 및 소매업,4,2022,baseline,no_prior_positive_route,20565.81317499801,20565.81317499801,20497.21,68.60317499800658,68.60317499800658,68.60317499800658,68.60317499800658,0.3346951853350118,0.33469518533501186,
prior_year_province_anchor,울산,도매 및 소매업,4,2023,baseline,no_prior_positive_route,19825.60204053258,19825.60204053258,19501.84,323.7620405325797,323.7620405325797,323.7620405325797,323.7620405325797,1.6601615054404082,1.6601615054404082,
prior_year_province_anchor,울산,도매 및 소매업,4,2024,baseline,no_prior_positive_route,19217.488302578397,19217.488302578397,18967.03,250.4583025783977,250.4583025783977,250.4583025783977,250.4583025783977,1.320492995362994,1.320492995362994,
prior_year_province_anchor,울산,도매 및 소매업,4,2025,baseline,no_prior_positive_route,19306.90918436072,19306.90918436072,19457.46,-150.55081563927888,-150.55081563927888,150.55081563927888,150.55081563927888,0.7737434158378272,0.7737434158378272,
prior_year_province_anchor,울산,문화 및 기타서비스업,1,2021,baseline,no_prior_positive_route,11002.022337321749,11002.022337321749,11018.24,-16.217662678251145,-16.217662678251145,16.217662678251145,16.217662678251145,0.1471892305690486,0.14718923056904865,
prior_year_province_anchor,울산,문화 및 기타서비스업,1,2022,baseline,no_prior_positive_route,11314.189593866557,11314.189593866557,11059.87,254.319593866554,254.319593866554,254.319593866554,254.319593866554,2.299480860684203,2.299480860684203,
prior_year_province_anchor,울산,문화 및 기타서비스업,1,2023,baseline,no_prior_positive_route,12409.203292012418,12409.203292012418,11716.57,692.6332920124187,692.6332920124187,692.6332920124187,692.6332920124187,5.911570468254947,5.911570468254947,
prior_year_province_anchor,울산,문화 및 기타서비스업,1,2024,baseline,no_prior_positive_route,11901.24633410322,11901.24633410322,11942.66,-41.41366589678,-41.41366589678,41.41366589678,41.41366589678,0.3467708692768613,0.3467708692768613,
prior_year_province_anchor,울산,문화 및 기타서비스업,1,2025,baseline,no_prior_positive_route,11712.96407680698,11712.96407680698,11157.28,555.6840768069796,555.6840768069796,555.6840768069796,555.6840768069796,4.980461876075348,4.980461876075348,
prior_year_province_anchor,울산,문화 및 기타서비스업,2,2021,baseline,no_prior_positive_route,11490.57792135955,11490.57792135955,11018.24,472.3379213595508,472.3379213595508,472.3379213595508,472.3379213595508,4.2868726889190185,4.2868726889190185,
prior_year_province_anchor,울산,문화 및 기타서비스업,2,2022,baseline,no_prior_positive_route,11422.889197787315,11422.889197787315,11059.87,363.0191977873165,363.0191977873165,363.0191977873165,363.0191977873165,3.282309808228455,3.2823098082284554,
prior_year_province_anchor,울산,문화 및 기타서비스업,2,2023,baseline,no_prior_positive_route,11973.550041474706,11973.550041474706,11716.57,256.980041474706,256.980041474706,256.980041474706,256.980041474706,2.1933043670178733,2.1933043670178733,
prior_year_province_anchor,울산,문화 및 기타서비스업,2,2024,baseline,no_prior_positive_route,11865.592423820211,11865.592423820211,11942.66,-77.06757617978838,-77.06757617978838,77.06757617978838,77.06757617978838,0.6453133236631402,0.6453133236631402,
prior_year_province_anchor,울산,문화 및 기타서비스업,2,2025,baseline,no_prior_positive_route,11713.746247648258,11713.746247648258,11157.28,556.4662476482572,556.4662476482572,556.4662476482572,556.4662476482572,4.987472283999839,4.987472283999839,
prior_year_province_anchor,울산,문화 및 기타서비스업,3,2021,baseline,no_prior_positive_route,11511.503523947971,11511.503523947971,11018.24,493.2635239479714,493.2635239479714,493.2635239479714,493.2635239479714,4.47679052142603,4.47679052142603,
prior_year_province_anchor,울산,문화 및 기타서비스업,3,2022,regional_service_production_index_R_S,prior_positive_improvement_57.811_eok,11658.110640965631,14473.90739084132,11059.87,598.2406409656305,3414.0373908413203,598.2406409656305,3414.0373908413203,5.409110965731338,30.86869367217987,30.86869367217987
prior_year_province_anchor,울산,문화 및 기타서비스업,3,2023,baseline,no_prior_positive_route,11853.41493277921,11853.41493277921,11716.57,136.84493277920956,136.84493277920956,136.84493277920956,136.84493277920956,1.1679606982180757,1.1679606982180755,
prior_year_province_anchor,울산,문화 및 기타서비스업,3,2024,baseline,no_prior_positive_route,11784.398345604532,11784.398345604532,11942.66,-158.2616543954682,-158.2616543954682,158.2616543954682,158.2616543954682,1.3251792682322716,1.3251792682322716,
prior_year_province_anchor,울산,문화 및 기타서비스업,3,2025,baseline,no_prior_positive_route,11867.523757688172,11867.523757688172,11157.28,710.2437576881712,710.2437576881712,710.2437576881712,710.2437576881712,6.365742884360445,6.365742884360445,
prior_year_province_anchor,울산,문화 및 기타서비스업,4,2021,baseline,no_prior_positive_route,11589.345222802438,11589.345222802438,11018.24,571.1052228024382,571.1052228024382,571.1052228024382,571.1052228024382,5.18327085634764,5.18327085634764,
prior_year_province_anchor,울산,문화 및 기타서비스업,4,2022,regional_service_production_index_R_S,prior_positive_improvement_154.684_eok,11650.072469789551,14339.321621885683,11059.87,590.2024697895504,3279.4516218856843,590.2024697895504,3279.4516218856843,5.3364322527258485,29.65180984844925,29.65180984844925
prior_year_province_anchor,울산,문화 및 기타서비스업,4,2023,baseline,no_prior_positive_route,11620.7221688391,11620.7221688391,11716.57,-95.84783116089966,-95.84783116089966,95.84783116089966,95.84783116089966,0.8180536723708361,0.8180536723708361,
prior_year_province_anchor,울산,문화 및 기타서비스업,4,2024,baseline,no_prior_positive_route,11729.874890725352,11729.874890725352,11942.66,-212.78510927464777,-212.78510927464777,212.78510927464777,212.78510927464777,1.7817229099266645,1.7817229099266645,
prior_year_province_anchor,울산,문화 및 기타서비스업,4,2025,baseline,no_prior_positive_route,11836.663902147731,11836.663902147731,11157.28,679.3839021477306,679.3839021477306,679.3839021477306,679.3839021477306,6.089153468835868,6.089153468835868,
prior_year_province_anchor,울산,보건 및 사회복지업,1,2021,baseline,no_prior_positive_route,20880.68828604108,20880.68828604108,21407.86,-527.17171395892,-527.17171395892,527.17171395892,527.17171395892,2.4625147677484813,2.4625147677484813,
prior_year_province_anchor,울산,보건 및 사회복지업,1,2022,baseline,no_prior_positive_route,23266.63770162616,23266.63770162616,22558.14,708.4977016261582,708.4977016261582,708.4977016261582,708.4977016261582,3.140762942450744,3.140762942450744,
prior_year_province_anchor,울산,보건 및 사회복지업,1,2023,baseline,no_prior_positive_route,23455.88701247794,23455.88701247794,23744.13,-288.2429875220623,-288.2429875220623,288.2429875220623,288.2429875220623,1.2139547227970129,1.2139547227970127,
prior_year_province_anchor,울산,보건 및 사회복지업,1,2024,baseline,no_prior_positive_route,24673.442096527255,24673.442096527255,24515.19,158.25209652725607,158.25209652725607,158.25209652725607,158.25209652725607,0.6455266980482554,0.6455266980482554,
prior_year_province_anchor,울산,보건 및 사회복지업,1,2025,baseline,no_prior_positive_route,25654.168666231373,25654.168666231373,26002.86,-348.6913337686274,-348.6913337686274,348.6913337686274,348.6913337686274,1.3409730074638997,1.3409730074638997,
prior_year_province_anchor,울산,보건 및 사회복지업,2,2021,baseline,no_prior_positive_route,21374.823223838463,21374.823223838463,21407.86,-33.03677616153436,-33.03677616153436,33.03677616153436,33.03677616153436,0.1543207782633778,0.15432077826337787,
prior_year_province_anchor,울산,보건 및 사회복지업,2,2022,baseline,no_prior_positive_route,23086.52325575856,23086.52325575856,22558.14,528.3832557585629,528.3832557585629,528.3832557585629,528.3832557585629,2.342317477232444,2.342317477232444,
prior_year_province_anchor,울산,보건 및 사회복지업,2,2023,baseline,no_prior_positive_route,23254.505247716406,23254.505247716406,23744.13,-489.6247522835947,-489.6247522835947,489.6247522835947,489.6247522835947,2.0620875655734476,2.0620875655734476,
prior_year_province_anchor,울산,보건 및 사회복지업,2,2024,baseline,no_prior_positive_route,24512.851968790543,24512.851968790543,24515.19,-2.338031209455949,-2.338031209455949,2.338031209455949,2.338031209455949,0.0095370715440343,0.00953707154403433,
prior_year_province_anchor,울산,보건 및 사회복지업,2,2025,baseline,no_prior_positive_route,25849.739726690477,25849.739726690477,26002.86,-153.12027330952333,-153.12027330952333,153.12027330952333,153.12027330952333,0.5888593535846569,0.5888593535846569,
prior_year_province_anchor,울산,보건 및 사회복지업,3,2021,baseline,no_prior_positive_route,21612.805579352636,21612.805579352636,21407.86,204.94557935263583,204.94557935263583,204.94557935263583,204.94557935263583,0.9573380027365456,0.9573380027365455,
prior_year_province_anchor,울산,보건 및 사회복지업,3,2022,baseline,no_prior_positive_route,22790.06685259592,22790.06685259592,22558.14,231.92685259591963,231.92685259591963,231.92685259591963,231.92685259591963,1.028129325360689,1.0281293253606887,
prior_year_province_anchor,울산,보건 및 사회복지업,3,2023,baseline,no_prior_positive_route,23273.960037775298,23273.960037775298,23744.13,-470.16996222470334,-470.16996222470334,470.16996222470334,470.16996222470334,1.9801524091415577,1.9801524091415577,
prior_year_province_anchor,울산,보건 및 사회복지업,3,2024,baseline,no_prior_positive_route,24516.709804275284,24516.709804275284,24515.19,1.5198042752854235,1.5198042752854235,1.5198042752854235,1.5198042752854235,0.0061994391040225,0.006199439104022541,
prior_year_province_anchor,울산,보건 및 사회복지업,3,2025,baseline,no_prior_positive_route,25809.270166520375,25809.270166520375,26002.86,-193.58983347962567,-193.58983347962567,193.58983347962567,193.58983347962567,0.7444943882312394,0.7444943882312394,
prior_year_province_anchor,울산,보건 및 사회복지업,4,2021,baseline,no_prior_positive_route,21763.940329756064,21763.940329756064,21407.86,356.0803297560633,356.0803297560633,356.0803297560633,356.0803297560633,1.6633158557467362,1.6633158557467362,
prior_year_province_anchor,울산,보건 및 사회복지업,4,2022,regional_service_production_index_Q,prior_positive_improvement_137.777_eok,22641.367694782115,23273.706501578057,22558.14,83.22769478211558,715.5665015780542,83.22769478211558,715.5665015780542,0.3689475053444813,3.172098859117171,3.172098859117171
prior_year_province_anchor,울산,보건 및 사회복지업,4,2023,baseline,no_prior_positive_route,23313.782688583495,23313.782688583495,23744.13,-430.3473114165063,-430.3473114165063,430.3473114165063,430.3473114165063,1.8124366376721583,1.8124366376721583,
prior_year_province_anchor,울산,보건 및 사회복지업,4,2024,baseline,no_prior_positive_route,24615.42664973065,24615.42664973065,24515.19,100.23664973065024,100.23664973065024,100.23664973065024,100.23664973065024,0.4088756796526979,0.40887567965269794,
prior_year_province_anchor,울산,보건 및 사회복지업,4,2025,baseline,no_prior_positive_route,25927.15457556893,25927.15457556893,26002.86,-75.70542443107115,-75.70542443107115,75.70542443107115,75.70542443107115,0.2911426836550715,0.29114268365507157,
prior_year_province_anchor,울산,부동산업,1,2021,baseline,no_prior_positive_route,25710.282305729717,25710.282305729717,24416.199999999997,1294.0823057297202,1294.0823057297202,1294.0823057297202,1294.0823057297202,5.300097090168497,5.300097090168497,
prior_year_province_anchor,울산,부동산업,1,2022,regional_service_production_index_L,prior_positive_improvement_620.176_eok,23979.66473022284,31412.380384615382,24144.34,-164.6752697771626,7268.040384615386,164.6752697771626,7268.040384615386,0.6820450249506204,30.10246038870968,30.10246038870968
prior_year_province_anchor,울산,부동산업,1,2023,baseline,no_prior_positive_route,24166.806080339076,24166.806080339076,24667.97,-501.1639196609249,-501.1639196609249,501.1639196609249,501.1639196609249,2.0316382728733857,2.0316382728733857,
prior_year_province_anchor,울산,부동산업,2,2021,baseline,no_prior_positive_route,25660.701779225117,25660.701779225117,24416.199999999997,1244.50177922512,1244.50177922512,1244.50177922512,1244.50177922512,5.097033032270051,5.09703303227005,
prior_year_province_anchor,울산,부동산업,2,2022,baseline,no_prior_positive_route,23801.380428884444,23801.380428884444,24144.34,-342.9595711155562,-342.9595711155562,342.9595711155562,342.9595711155562,1.420455357717611,1.4204553577176107,
prior_year_province_anchor,울산,부동산업,2,2023,baseline,no_prior_positive_route,24237.76064018062,24237.76064018062,24667.97,-430.2093598193824,-430.2093598193824,430.2093598193824,430.2093598193824,1.7439998500864984,1.7439998500864984,
prior_year_province_anchor,울산,부동산업,3,2021,baseline,no_prior_positive_route,25436.00968737695,25436.00968737695,24416.199999999997,1019.8096873769535,1019.8096873769535,1019.8096873769535,1019.8096873769535,4.1767747945091935,4.1767747945091935,
prior_year_province_anchor,울산,부동산업,3,2022,baseline,no_prior_positive_route,23852.0849630756,23852.0849630756,24144.34,-292.2550369244018,-292.2550369244018,292.2550369244018,292.2550369244018,1.2104494756303208,1.2104494756303208,
prior_year_province_anchor,울산,부동산업,3,2023,baseline,no_prior_positive_route,24318.78168528577,24318.78168528577,24667.97,-349.18831471423255,-349.18831471423255,349.18831471423255,349.18831471423255,1.415553508108825,1.415553508108825,
prior_year_province_anchor,울산,부동산업,4,2021,baseline,no_prior_positive_route,25290.500747185637,25290.500747185637,24416.199999999997,874.3007471856399,874.3007471856399,874.3007471856399,874.3007471856399,3.580822352313791,3.5808223523137914,
prior_year_province_anchor,울산,부동산업,4,2022,baseline,no_prior_positive_route,23934.34801081013,23934.34801081013,24144.34,-209.99198918987167,-209.99198918987167,209.99198918987167,209.99198918987167,0.8697358850557592,0.8697358850557592,
prior_year_province_anchor,울산,부동산업,4,2023,baseline,no_prior_positive_route,24358.20023479152,24358.20023479152,24667.97,-309.76976520848257,-309.76976520848257,309.76976520848257,309.76976520848257,1.2557570209809827,1.2557570209809827,
prior_year_province_anchor,울산,사업서비스업,1,2022,baseline,no_prior_positive_route,26339.2788978724,26339.2788978724,26052.49,286.7888978724004,286.7888978724004,286.7888978724004,286.7888978724004,1.1008118528109996,1.1008118528109996,
prior_year_province_anchor,울산,사업서비스업,1,2023,baseline,no_prior_positive_route,27191.15386107621,27191.15386107621,27168.71,22.44386107621176,22.44386107621176,22.44386107621176,22.44386107621176,0.0826092261142018,0.08260922611420182,
prior_year_province_anchor,울산,사업서비스업,1,2024,baseline,no_prior_positive_route,27712.252362562125,27712.252362562125,28030.539999999997,-318.28763743787204,-318.28763743787204,318.28763743787204,318.28763743787204,1.1355030528768697,1.1355030528768695,
prior_year_province_anchor,울산,사업서비스업,1,2025,baseline,no_prior_positive_route,27524.806803598294,27524.806803598294,29005.3,-1480.493196401705,-1480.493196401705,1480.493196401705,1480.493196401705,5.104216113612702,5.104216113612702,
prior_year_province_anchor,울산,사업서비스업,2,2022,baseline,no_prior_positive_route,26375.94726511063,26375.94726511063,26052.49,323.4572651106282,323.4572651106282,323.4572651106282,323.4572651106282,1.241559885871286,1.241559885871286,
prior_year_province_anchor,울산,사업서비스업,2,2023,baseline,no_prior_positive_route,27235.3831310054,27235.3831310054,27168.71,66.67313100540196,66.67313100540196,66.67313100540196,66.67313100540196,0.2454041101156512,0.24540411011565125,
prior_year_province_anchor,울산,사업서비스업,2,2024,baseline,no_prior_positive_route,27494.011870347585,27494.011870347585,28030.539999999997,-536.5281296524154,-536.5281296524154,536.5281296524154,536.5281296524154,1.9140841726645847,1.9140841726645847,
prior_year_province_anchor,울산,사업서비스업,2,2025,baseline,no_prior_positive_route,27595.88113014153,27595.88113014153,29005.3,-1409.4188698584694,-1409.4188698584694,1409.4188698584694,1409.4188698584694,4.8591770119890825,4.8591770119890825,
prior_year_province_anchor,울산,사업서비스업,3,2022,baseline,no_prior_positive_route,26160.1445797527,26160.1445797527,26052.49,107.65457975269965,107.65457975269965,107.65457975269965,107.65457975269965,0.4132218446401846,0.41322184464018463,
prior_year_province_anchor,울산,사업서비스업,3,2023,baseline,no_prior_positive_route,27325.07554537383,27325.07554537383,27168.71,156.365545373832,156.365545373832,156.365545373832,156.365545373832,0.5755354058909385,0.5755354058909385,
prior_year_province_anchor,울산,사업서비스업,3,2024,baseline,no_prior_positive_route,27379.769949457568,27379.769949457568,28030.539999999997,-650.7700505424291,-650.7700505424291,650.7700505424291,650.7700505424291,2.3216464989344807,2.3216464989344807,
prior_year_province_anchor,울산,사업서비스업,3,2025,baseline,no_prior_positive_route,27903.549066935215,27903.549066935215,29005.3,-1101.7509330647845,-1101.7509330647845,1101.7509330647845,1101.7509330647845,3.79844694957399,3.79844694957399,
prior_year_province_anchor,울산,사업서비스업,4,2022,baseline,no_prior_positive_route,26178.643417529103,26178.643417529103,26052.49,126.15341752910172,126.15341752910172,126.15341752910172,126.15341752910172,0.484227870461141,0.484227870461141,
prior_year_province_anchor,울산,사업서비스업,4,2023,baseline,no_prior_positive_route,27355.681626034784,27355.681626034784,27168.71,186.971626034785,186.971626034785,186.971626034785,186.971626034785,0.6881873524167508,0.6881873524167508,
prior_year_province_anchor,울산,사업서비스업,4,2024,baseline,no_prior_positive_route,27061.368932045065,27061.368932045065,28030.539999999997,-969.1710679549324,-969.1710679549324,969.1710679549324,969.1710679549324,3.4575540391120985,3.4575540391120985,
prior_year_province_anchor,울산,사업서비스업,4,2025,baseline,no_prior_positive_route,28015.165284950155,28015.165284950155,29005.3,-990.134715049844,-990.134715049844,990.134715049844,990.134715049844,3.4136337671040953,3.413633767104095,
prior_year_province_anchor,울산,서비스업,1,2024,baseline,no_prior_positive_route,211511.8493306769,211511.8493306769,214545.93,-3034.080669323128,-3034.080669323128,3034.080669323128,3034.080669323128,1.4141870084988926,1.4141870084988926,
prior_year_province_anchor,울산,서비스업,1,2025,regional_service_production_index_T,prior_positive_improvement_1954.278_eok,214398.8683283263,213785.80270150577,219141.43,-4742.561671673699,-5355.627298494248,4742.561671673699,5355.627298494248,2.1641556649847993,2.443913639923883,2.443913639923883
prior_year_province_anchor,울산,서비스업,2,2024,baseline,no_prior_positive_route,211224.808970098,211224.808970098,214545.93,-3321.1210299019876,-3321.1210299019876,3321.1210299019876,3321.1210299019876,1.547976710582199,1.547976710582199,
prior_year_province_anchor,울산,서비스업,2,2025,regional_service_production_index_T,prior_positive_improvement_2231.928_eok,215217.2354914091,213332.22369451693,219141.43,-3924.194508590852,-5809.206305483065,3924.194508590852,5809.206305483065,1.7907131976782535,2.6508936742281297,2.6508936742281297
prior_year_province_anchor,울산,서비스업,3,2024,baseline,no_prior_positive_route,211400.71476719913,211400.71476719913,214545.93,-3145.215232800867,-3145.215232800867,3145.215232800867,3145.215232800867,1.4659869021057017,1.4659869021057017,
prior_year_province_anchor,울산,서비스업,3,2025,regional_service_production_index_T,prior_positive_improvement_1117.430_eok,216554.95672172008,217120.2300087796,219141.43,-2586.473278279911,-2021.1999912204049,2586.473278279911,2021.1999912204049,1.180275805574469,0.9223267326586327,0.9223267326586329
prior_year_province_anchor,울산,서비스업,4,2024,baseline,no_prior_positive_route,210945.3765972189,210945.3765972189,214545.93,-3600.553402781079,-3600.553402781079,3600.553402781079,3600.553402781079,1.6782203245622414,1.6782203245622414,
prior_year_province_anchor,울산,서비스업,4,2025,regional_service_production_index_T,prior_positive_improvement_663.319_eok,216964.85415831188,218045.48301217915,219141.43,-2176.5758416881145,-1095.9469878208183,2176.5758416881145,1095.9469878208183,0.9932288210805754,0.500109444307641,0.500109444307641
prior_year_province_anchor,울산,숙박 및 음식점업,1,2021,baseline,no_prior_positive_route,7546.148265989686,7546.148265989686,9137.46,-1591.3117340103136,-1591.3117340103136,1591.3117340103136,1591.3117340103136,17.415252531998103,17.415252531998103,
prior_year_province_anchor,울산,숙박 및 음식점업,1,2023,baseline,no_prior_positive_route,11446.191431275229,11446.191431275229,10016.59,1429.6014312752286,1429.6014312752286,1429.6014312752286,1429.6014312752286,14.272336506488022,14.272336506488022,
prior_year_province_anchor,울산,숙박 및 음식점업,1,2024,baseline,no_prior_positive_route,10100.802174996434,10100.802174996434,10067.46,33.34217499643455,33.34217499643455,33.34217499643455,33.34217499643455,0.3311875586933998,0.33118755869339983,
prior_year_province_anchor,울산,숙박 및 음식점업,1,2025,baseline,no_prior_positive_route,9733.154871041956,9733.154871041956,10012.42,-279.2651289580426,-279.2651289580426,279.2651289580426,279.2651289580426,2.789187119178407,2.789187119178407,
prior_year_province_anchor,울산,숙박 및 음식점업,2,2021,baseline,no_prior_positive_route,8218.320188725587,8218.320188725587,9137.46,-919.1398112744118,-919.1398112744118,919.1398112744118,919.1398112744118,10.059029656758137,10.059029656758135,
prior_year_province_anchor,울산,숙박 및 음식점업,2,2023,regional_service_production_index_I,prior_positive_improvement_54.870_eok,10386.97968626598,11054.059054545454,10016.59,370.3896862659785,1037.469054545454,370.3896862659785,1037.469054545454,3.6977622750454846,10.357507440610567,10.357507440610568
prior_year_province_anchor,울산,숙박 및 음식점업,2,2024,baseline,no_prior_positive_route,10047.801503088684,10047.801503088684,10067.46,-19.658496911313705,-19.658496911313705,19.658496911313705,19.658496911313705,0.1952676932544426,0.1952676932544426,
prior_year_province_anchor,울산,숙박 및 음식점업,2,2025,baseline,no_prior_positive_route,9815.391596836003,9815.391596836003,10012.42,-197.02840316399488,-197.02840316399488,197.02840316399488,197.02840316399488,1.967839974391754,1.967839974391754,
prior_year_province_anchor,울산,숙박 및 음식점업,3,2021,baseline,no_prior_positive_route,8610.009181258776,8610.009181258776,9137.46,-527.450818741223,-527.450818741223,527.450818741223,527.450818741223,5.772400850359104,5.772400850359104,
prior_year_province_anchor,울산,숙박 및 음식점업,3,2023,baseline,no_prior_positive_route,10011.209241411812,10011.209241411812,10016.59,-5.380758588187746,-5.380758588187746,5.380758588187746,5.380758588187746,0.0537184669452153,0.05371846694521534,
prior_year_province_anchor,울산,숙박 및 음식점업,3,2024,baseline,no_prior_positive_route,9949.938220934917,9949.938220934917,10067.46,-117.52177906508224,-117.52177906508224,117.52177906508224,117.52177906508224,1.1673428954779284,1.1673428954779286,
prior_year_province_anchor,울산,숙박 및 음식점업,3,2025,baseline,no_prior_positive_route,9964.964945387272,9964.964945387272,10012.42,-47.45505461272842,-47.45505461272842,47.45505461272842,47.45505461272842,0.4739618854655359,0.47396188546553597,
prior_year_province_anchor,울산,숙박 및 음식점업,4,2021,baseline,no_prior_positive_route,9233.4324572094,9233.4324572094,9137.46,95.97245720940008,95.97245720940008,95.97245720940008,95.97245720940008,1.050318767024973,1.0503187670249727,
prior_year_province_anchor,울산,숙박 및 음식점업,4,2023,baseline,no_prior_positive_route,9858.448030448077,9858.448030448077,10016.59,-158.14196955192529,-158.14196955192529,158.14196955192529,158.14196955192529,1.5788004655469103,1.5788004655469103,
prior_year_province_anchor,울산,숙박 및 음식점업,4,2024,baseline,no_prior_positive_route,9866.023106115474,9866.023106115474,10067.46,-201.4368938845255,-201.4368938845255,201.4368938845255,201.4368938845255,2.0008710626565738,2.0008710626565738,
prior_year_province_anchor,울산,숙박 및 음식점업,4,2025,baseline,no_prior_positive_route,10007.072001617598,10007.072001617598,10012.42,-5.347998382401784,-5.347998382401784,5.347998382401784,5.347998382401784,0.0534136440780728,0.05341364407807287,
prior_year_province_anchor,울산,운수 및 창고업,1,2021,baseline,no_prior_positive_route,17646.673139567454,17646.673139567454,19182.5,-1535.8268604325458,-1535.8268604325458,1535.8268604325458,1535.8268604325458,8.006395727525327,8.006395727525327,
prior_year_province_anchor,울산,운수 및 창고업,1,2022,baseline,no_prior_positive_route,20602.518314251312,20602.518314251312,19197.09,1405.4283142513125,1405.4283142513125,1405.4283142513125,1405.4283142513125,7.321048733174207,7.321048733174207,
prior_year_province_anchor,울산,운수 및 창고업,1,2023,baseline,no_prior_positive_route,21566.144119664863,21566.144119664863,21318.879999999997,247.2641196648656,247.2641196648656,247.2641196648656,247.2641196648656,1.1598363500562208,1.1598363500562208,
prior_year_province_anchor,울산,운수 및 창고업,1,2024,baseline,no_prior_positive_route,25113.299715319255,25113.299715319255,24393.74,719.5597153192539,719.5597153192539,719.5597153192539,719.5597153192539,2.949772012488671,2.949772012488671,
prior_year_province_anchor,울산,운수 및 창고업,1,2025,baseline,no_prior_positive_route,25242.08816814147,25242.08816814147,25407.46,-165.37183185853064,-165.37183185853064,165.37183185853064,165.37183185853064,0.6508790404807511,0.6508790404807511,
prior_year_province_anchor,울산,운수 및 창고업,2,2021,baseline,no_prior_positive_route,19358.054037698323,19358.054037698323,19182.5,175.55403769832265,175.55403769832265,175.55403769832265,175.55403769832265,0.9151780930448205,0.9151780930448203,
prior_year_province_anchor,울산,운수 및 창고업,2,2022,baseline,no_prior_positive_route,20958.77884140098,20958.77884140098,19197.09,1761.688841400981,1761.688841400981,1761.688841400981,1761.688841400981,9.176853582501208,9.176853582501208,
prior_year_province_anchor,울산,운수 및 창고업,2,2023,baseline,no_prior_positive_route,22668.40127626291,22668.40127626291,21318.879999999997,1349.5212762629126,1349.5212762629126,1349.5212762629126,1349.5212762629126,6.330169672435479,6.330169672435479,
prior_year_province_anchor,울산,운수 및 창고업,2,2024,baseline,no_prior_positive_route,23832.866509654697,23832.866509654697,24393.74,-560.8734903453078,-560.8734903453078,560.8734903453078,560.8734903453078,2.299251735671971,2.299251735671971,
prior_year_province_anchor,울산,운수 및 창고업,2,2025,baseline,no_prior_positive_route,25175.934002023936,25175.934002023936,25407.46,-231.52599797606308,-231.52599797606308,231.52599797606308,231.52599797606308,0.9112520416289668,0.9112520416289669,
prior_year_province_anchor,울산,운수 및 창고업,3,2021,baseline,no_prior_positive_route,19506.554665347507,19506.554665347507,19182.5,324.05466534750667,324.05466534750667,324.05466534750667,324.05466534750667,1.6893244642122072,1.6893244642122072,
prior_year_province_anchor,울산,운수 및 창고업,3,2022,baseline,no_prior_positive_route,21383.376753360662,21383.376753360662,19197.09,2186.2867533606623,2186.2867533606623,2186.2867533606623,2186.2867533606623,11.3886362639372,11.388636263937201,
prior_year_province_anchor,울산,운수 및 창고업,3,2023,baseline,no_prior_positive_route,22819.790036051247,22819.790036051247,21318.879999999997,1500.910036051249,1500.910036051249,1500.910036051249,1500.910036051249,7.040285587475747,7.040285587475746,
prior_year_province_anchor,울산,운수 및 창고업,3,2024,regional_service_production_index_H,prior_positive_improvement_419.820_eok,23541.717136204225,21822.141387940836,24393.74,-852.0228637957771,-2571.598612059166,852.0228637957771,2571.598612059166,3.492793084601939,10.542043212968434,10.542043212968434
prior_year_province_anchor,울산,운수 및 창고업,3,2025,baseline,no_prior_positive_route,25065.619484875093,25065.619484875093,25407.46,-341.84051512490623,-341.84051512490623,341.84051512490623,341.84051512490623,1.3454336447834858,1.3454336447834858,
prior_year_province_anchor,울산,운수 및 창고업,4,2021,baseline,no_prior_positive_route,19652.63568669964,19652.63568669964,19182.5,470.13568669963934,470.13568669963934,470.13568669963934,470.13568669963934,2.4508572224665155,2.4508572224665155,
prior_year_province_anchor,울산,운수 및 창고업,4,2022,baseline,no_prior_positive_route,21636.685240508217,21636.685240508217,19197.09,2439.5952405082135,2439.5952405082135,2439.5952405082135,2439.5952405082135,12.708151290160194,12.708151290160194,
prior_year_province_anchor,울산,운수 및 창고업,4,2023,regional_service_production_index_H,prior_positive_improvement_792.207_eok,22774.98444204908,20162.282956618463,21318.879999999997,1456.1044420490834,-1156.597043381531,1456.1044420490834,1156.597043381531,6.830116976356561,5.425224230266933,5.425224230266933
prior_year_province_anchor,울산,운수 및 창고업,4,2024,regional_service_production_index_H,prior_positive_improvement_1091.714_eok,23261.09847969891,21910.443922897684,24393.74,-1132.641520301091,-2483.296077102317,1132.641520301091,2483.296077102317,4.643164682008954,10.180054707077787,10.180054707077788
prior_year_province_anchor,울산,운수 및 창고업,4,2025,baseline,no_prior_positive_route,24940.304564960366,24940.304564960366,25407.46,-467.1554350396327,-467.1554350396327,467.1554350396327,467.1554350396327,1.8386546118330311,1.8386546118330314,
prior_year_province_anchor,울산,정보통신업,1,2021,baseline,no_prior_positive_route,6935.275834595352,6935.275834595352,7172.59,-237.31416540464852,-237.31416540464852,237.31416540464852,237.31416540464852,3.308625829786012,3.308625829786012,
prior_year_province_anchor,울산,정보통신업,1,2022,baseline,no_prior_positive_route,7396.562228283768,7396.562228283768,7522.360000000001,-125.797771716233,-125.797771716233,125.797771716233,125.797771716233,1.6723178858261634,1.6723178858261634,
prior_year_province_anchor,울산,정보통신업,1,2023,baseline,no_prior_positive_route,7937.771977731032,7937.771977731032,7454.25,483.52197773103217,483.52197773103217,483.52197773103217,483.52197773103217,6.4865275209582745,6.4865275209582745,
prior_year_province_anchor,울산,정보통신업,1,2024,baseline,no_prior_positive_route,7640.59999170487,7640.59999170487,7642.7,-2.1000082951295553,-2.1000082951295553,2.1000082951295553,2.1000082951295553,0.0274773090024409,0.02747730900244096,
prior_year_province_anchor,울산,정보통신업,1,2025,baseline,no_prior_positive_route,7722.348140173537,7722.348140173537,8091.280000000001,-368.9318598264635,-368.9318598264635,368.9318598264635,368.9318598264635,4.559622949971618,4.559622949971617,
prior_year_province_anchor,울산,정보통신업,2,2021,baseline,no_prior_positive_route,7028.053257940487,7028.053257940487,7172.59,-144.53674205951302,-144.53674205951302,144.53674205951302,144.53674205951302,2.015126224411447,2.015126224411447,
prior_year_province_anchor,울산,정보통신업,2,2022,baseline,no_prior_positive_route,7433.080884825401,7433.080884825401,7522.360000000001,-89.27911517459961,-89.27911517459961,89.27911517459961,89.27911517459961,1.1868498074354272,1.1868498074354272,
prior_year_province_anchor,울산,정보통신업,2,2023,baseline,no_prior_positive_route,7727.077325885978,7727.077325885978,7454.25,272.8273258859781,272.8273258859781,272.8273258859781,272.8273258859781,3.660023823804918,3.660023823804918,
prior_year_province_anchor,울산,정보통신업,2,2024,baseline,no_prior_positive_route,7537.535443995788,7537.535443995788,7642.7,-105.1645560042116,-105.1645560042116,105.1645560042116,105.1645560042116,1.376013136773805,1.376013136773805,
prior_year_province_anchor,울산,정보통신업,2,2025,baseline,no_prior_positive_route,7798.867505932077,7798.867505932077,8091.280000000001,-292.41249406792394,-292.41249406792394,292.41249406792394,292.41249406792394,3.6139213334345617,3.6139213334345612,
prior_year_province_anchor,울산,정보통신업,3,2021,baseline,no_prior_positive_route,7152.429319673376,7152.429319673376,7172.59,-20.16068032662406,-20.16068032662406,20.16068032662406,20.16068032662406,0.28107950303341,0.28107950303341,
prior_year_province_anchor,울산,정보통신업,3,2022,baseline,no_prior_positive_route,7413.865852266487,7413.865852266487,7522.360000000001,-108.49414773351327,-108.49414773351327,108.49414773351327,108.49414773351327,1.4422886930898449,1.4422886930898449,
prior_year_province_anchor,울산,정보통신업,3,2023,baseline,no_prior_positive_route,7739.086952898107,7739.086952898107,7454.25,284.8369528981066,284.8369528981066,284.8369528981066,284.8369528981066,3.8211349619090664,3.8211349619090664,
prior_year_province_anchor,울산,정보통신업,3,2024,baseline,no_prior_positive_route,7503.275664225344,7503.275664225344,7642.7,-139.42433577465636,-139.42433577465636,139.42433577465636,139.42433577465636,1.824281154234189,1.824281154234189,
prior_year_province_anchor,울산,정보통신업,3,2025,baseline,no_prior_positive_route,7801.494145512919,7801.494145512919,8091.280000000001,-289.78585448708145,-289.78585448708145,289.78585448708145,289.78585448708145,3.5814587369004833,3.5814587369004833,
prior_year_province_anchor,울산,정보통신업,4,2021,baseline,no_prior_positive_route,7212.037854322858,7212.037854322858,7172.59,39.44785432285789,39.44785432285789,39.44785432285789,39.44785432285789,0.549980611227714,0.549980611227714,
prior_year_province_anchor,울산,정보통신업,4,2022,baseline,no_prior_positive_route,7339.63848895098,7339.63848895098,7522.360000000001,-182.7215110490206,-182.7215110490206,182.7215110490206,182.7215110490206,2.429045021097376,2.429045021097376,
prior_year_province_anchor,울산,정보통신업,4,2023,baseline,no_prior_positive_route,7763.311307097081,7763.311307097081,7454.25,309.0613070970812,309.0613070970812,309.0613070970812,309.0613070970812,4.146108690976036,4.146108690976036,
prior_year_province_anchor,울산,정보통신업,4,2024,baseline,no_prior_positive_route,7488.649617038748,7488.649617038748,7642.7,-154.05038296125167,-154.05038296125167,154.05038296125167,154.05038296125167,2.015653930695326,2.015653930695326,
prior_year_province_anchor,울산,정보통신업,4,2025,baseline,no_prior_positive_route,7801.467573951677,7801.467573951677,8091.280000000001,-289.8124260483237,-289.8124260483237,289.8124260483237,289.8124260483237,3.581787134400536,3.581787134400536,
prior_year_province_anchor,인천,건설업,1,2021,baseline,no_prior_positive_route,63260.80343866595,63260.80343866595,74224.24,-10963.436561334056,-10963.436561334056,10963.436561334056,10963.436561334056,14.77069561282683,14.77069561282683,
prior_year_province_anchor,인천,건설업,1,2022,regional_construction_orders_bok_12_24q,prior_positive_improvement_4762.277_eok,74232.13288100803,77872.73250263608,79674.53,-5442.3971189919685,-1801.7974973639211,5442.3971189919685,1801.7974973639211,6.830786600174446,2.2614472873124214,2.2614472873124214
prior_year_province_anchor,인천,건설업,1,2023,regional_construction_orders_bok_12_24q,prior_positive_improvement_8402.877_eok,81416.90382296305,66798.58545574121,71611.20000000001,9805.703822963042,-4812.614544258802,9805.703822963042,4812.614544258802,13.69297515327636,6.720477445230356,6.720477445230356
prior_year_province_anchor,인천,건설업,1,2024,regional_construction_orders_bok_12_24q,prior_positive_improvement_13395.966_eok,74131.87831419078,59583.084339782814,65911.27,8220.608314190773,-6328.18566021719,8220.608314190773,6328.18566021719,12.472234739507783,9.601067708477155,9.601067708477157
prior_year_province_anchor,인천,건설업,1,2025,regional_construction_orders_bok_12_24q,prior_positive_improvement_15288.389_eok,57796.56408809958,62631.76751872826,62956.79,-5160.225911900423,-325.02248127174244,5160.225911900423,325.02248127174244,8.196456509139717,0.5162627911488855,0.5162627911488855
prior_year_province_anchor,인천,건설업,2,2021,baseline,no_prior_positive_route,63307.52918887851,63307.52918887851,74224.24,-10916.710811121498,-10916.710811121498,10916.710811121498,10916.710811121498,14.707743469143637,14.707743469143637,
prior_year_province_anchor,인천,건설업,2,2022,regional_construction_orders_bok_12_24q,prior_positive_improvement_5460.474_eok,73853.48660792131,77872.13559273627,79674.53,-5821.043392078689,-1802.394407263724,5821.043392078689,1802.394407263724,7.306027901361563,2.262196472654089,2.262196472654089
prior_year_province_anchor,인천,건설업,2,2023,regional_construction_orders_bok_12_24q,prior_positive_improvement_9479.123_eok,80453.84337896002,65773.74720860248,71611.20000000001,8842.643378960012,-5837.452791397533,8842.643378960012,5837.452791397533,12.3481290342293,8.151591917741264,8.151591917741264
prior_year_province_anchor,인천,건설업,2,2024,regional_construction_orders_bok_12_24q,prior_positive_improvement_12484.314_eok,72319.77163620811,61039.92303939866,65911.27,6408.501636208108,-4871.346960601346,6408.501636208108,4871.346960601346,9.722922401901991,7.390764827625603,7.390764827625603
prior_year_province_anchor,인천,건설업,2,2025,regional_construction_orders_bok_12_24q,prior_positive_improvement_14021.468_eok,58502.33845452171,61232.721792741715,62956.79,-4454.451545478289,-1724.0682072582858,4454.451545478289,1724.0682072582858,7.075410842068486,2.738494461452507,2.738494461452507
prior_year_province_anchor,인천,건설업,3,2021,baseline,no_prior_positive_route,63694.093142811325,63694.093142811325,74224.24,-10530.14685718868,-10530.14685718868,10530.14685718868,10530.14685718868,14.186937929157212,14.186937929157212,
prior_year_province_anchor,인천,건설업,3,2022,regional_construction_orders_bok_12_24q,prior_positive_improvement_4658.022_eok,74548.4543759808,76856.26236528273,79674.53,-5126.075624019199,-2818.2676347172674,5126.075624019199,2818.2676347172674,6.4337695170830616,3.5372253023861795,3.5372253023861795
prior_year_province_anchor,인천,건설업,3,2023,regional_construction_orders_bok_12_24q,prior_positive_improvement_6965.830_eok,80405.26870723764,64950.901292968054,71611.20000000001,8794.068707237631,-6660.298707031958,8794.068707237631,6660.298707031958,12.280297924399578,9.300638317793803,9.300638317793805
prior_year_province_anchor,인천,건설업,3,2024,regional_construction_orders_bok_12_24q,prior_positive_improvement_9099.600_eok,70452.20185491034,62724.225540050975,65911.27,4540.931854910334,-3187.0444599490293,4540.931854910334,3187.0444599490293,6.889461931032938,4.835355865467362,4.835355865467362
prior_year_province_anchor,인천,건설업,3,2025,regional_construction_orders_bok_12_24q,prior_positive_improvement_10453.488_eok,59474.47811717802,60665.81268684452,62956.79,-3482.3118828219813,-2290.977313155483,3482.3118828219813,2290.977313155483,5.531272929928576,3.638967795460161,3.638967795460161
prior_year_province_anchor,인천,건설업,4,2021,baseline,no_prior_positive_route,64274.846619056814,64274.846619056814,74224.24,-9949.393380943193,-9949.393380943193,9949.393380943193,9949.393380943193,13.404506911681668,13.404506911681672,
prior_year_province_anchor,인천,건설업,4,2022,regional_construction_orders_bok_12_24q,prior_positive_improvement_5708.697_eok,74960.02215249292,73064.28118860818,79674.53,-4714.507847507077,-6610.2488113918225,4714.507847507077,6610.2488113918225,5.917208231422359,8.296564550041051,8.296564550041051
prior_year_province_anchor,인천,건설업,4,2023,regional_construction_orders_bok_12_24q,prior_positive_improvement_3812.956_eok,79213.33903888472,65054.69926115348,71611.20000000001,7602.139038884707,-6556.500738846531,7602.139038884707,6556.500738846531,10.61585204393266,9.155691761688855,9.155691761688855
prior_year_province_anchor,인천,건설업,4,2024,regional_construction_orders_bok_12_24q,prior_positive_improvement_4858.595_eok,69431.32059621866,63907.87145296076,65911.27,3520.050596218658,-2003.3985470392436,3520.050596218658,2003.3985470392436,5.340589850899031,3.0395386813806553,3.0395386813806553
prior_year_province_anchor,인천,건설업,4,2025,regional_construction_orders_bok_12_24q,prior_positive_improvement_6375.247_eok,59855.12593157537,62112.42089592641,62956.79,-3101.6640684246304,-844.3691040735939,3101.6640684246304,844.3691040735939,4.926655359055998,1.3411883040313743,1.3411883040313743
prior_year_province_anchor,인천,"광업, 제조업",1,2022,baseline,no_prior_positive_route,262872.24677063694,262872.24677063694,261514.44,1357.806770636933,1357.806770636933,1357.806770636933,1357.806770636933,0.5192091001311181,0.5192091001311181,
prior_year_province_anchor,인천,"광업, 제조업",1,2023,baseline,no_prior_positive_route,254844.1924079873,254844.1924079873,269154.08999999997,-14309.897592012654,-14309.897592012654,14309.897592012654,14309.897592012654,5.316619038563618,5.316619038563618,
prior_year_province_anchor,인천,"광업, 제조업",1,2024,baseline,no_prior_positive_route,288460.7554734404,288460.7554734404,289896.84,-1436.084526559629,-1436.084526559629,1436.084526559629,1436.084526559629,0.4953777787159145,0.49537777871591454,
prior_year_province_anchor,인천,"광업, 제조업",1,2025,baseline,no_prior_positive_route,291404.63309468876,291404.63309468876,277365.43,14039.203094688768,14039.203094688768,14039.203094688768,14039.203094688768,5.061626856197893,5.061626856197893,
prior_year_province_anchor,인천,"광업, 제조업",2,2022,baseline,no_prior_positive_route,262158.0009275343,262158.0009275343,261514.44,643.5609275343013,643.5609275343013,643.5609275343013,643.5609275343013,0.2460900161131833,0.24609001611318337,
prior_year_province_anchor,인천,"광업, 제조업",2,2023,baseline,no_prior_positive_route,259378.41533103568,259378.41533103568,269154.08999999997,-9775.67466896429,-9775.67466896429,9775.67466896429,9775.67466896429,3.6319993015763914,3.6319993015763914,
prior_year_province_anchor,인천,"광업, 제조업",2,2024,baseline,no_prior_positive_route,284658.4640945658,284658.4640945658,289896.84,-5238.375905434252,-5238.375905434252,5238.375905434252,5238.375905434252,1.8069793052708856,1.8069793052708858,
prior_year_province_anchor,인천,"광업, 제조업",2,2025,baseline,no_prior_positive_route,294295.7187902886,294295.7187902886,277365.43,16930.288790288614,16930.288790288614,16930.288790288614,16930.288790288614,6.103965007567314,6.103965007567314,
prior_year_province_anchor,인천,"광업, 제조업",3,2022,baseline,no_prior_positive_route,262258.0265680595,262258.0265680595,261514.44,743.5865680595161,743.5865680595161,743.5865680595161,743.5865680595161,0.2843386269834722,0.2843386269834722,
prior_year_province_anchor,인천,"광업, 제조업",3,2023,baseline,no_prior_positive_route,261930.8913508661,261930.8913508661,269154.08999999997,-7223.198649133876,-7223.198649133876,7223.198649133876,7223.198649133876,2.683666686667803,2.683666686667803,
prior_year_province_anchor,인천,"광업, 제조업",3,2024,baseline,no_prior_positive_route,282421.46957516234,282421.46957516234,289896.84,-7475.370424837689,-7475.370424837689,7475.370424837689,7475.370424837689,2.5786312209673237,2.5786312209673237,
prior_year_province_anchor,인천,"광업, 제조업",3,2025,baseline,no_prior_positive_route,296420.94332969515,296420.94332969515,277365.43,19055.513329695154,19055.513329695154,19055.513329695154,19055.513329695154,6.870183255964939,6.870183255964939,
prior_year_province_anchor,인천,"광업, 제조업",4,2022,baseline,no_prior_positive_route,258273.16348482348,258273.16348482348,261514.44,-3241.27651517652,-3241.27651517652,3241.27651517652,3241.27651517652,1.2394254463258396,1.2394254463258396,
prior_year_province_anchor,인천,"광업, 제조업",4,2023,baseline,no_prior_positive_route,266859.67129234475,266859.67129234475,269154.08999999997,-2294.418707655219,-2294.418707655219,2294.418707655219,2294.418707655219,0.8524554494621349,0.8524554494621349,
prior_year_province_anchor,인천,"광업, 제조업",4,2024,baseline,no_prior_positive_route,280532.2742971492,280532.2742971492,289896.84,-9364.565702850814,-9364.565702850814,9364.565702850814,9364.565702850814,3.2303096863183516,3.2303096863183516,
prior_year_province_anchor,인천,"광업, 제조업",4,2025,baseline,no_prior_positive_route,296284.26512581704,296284.26512581704,277365.43,18918.835125817044,18918.835125817044,18918.835125817044,18918.835125817044,6.820905952777549,6.820905952777549,
prior_year_province_anchor,인천,교육 서비스업,1,2021,baseline,no_prior_positive_route,45739.174785455834,45739.174785455834,46969.65,-1230.475214544167,-1230.475214544167,1230.475214544167,1230.475214544167,2.619724044237432,2.619724044237432,
prior_year_province_anchor,인천,교육 서비스업,1,2022,baseline,no_prior_positive_route,49238.04049118938,49238.04049118938,48977.92,260.1204911893801,260.1204911893801,260.1204911893801,260.1204911893801,0.5310974643050994,0.5310974643050994,
prior_year_province_anchor,인천,교육 서비스업,1,2023,baseline,no_prior_positive_route,49847.10828366306,49847.10828366306,49592.11,254.99828366305883,254.99828366305883,254.99828366305883,254.99828366305883,0.5141912365960207,0.5141912365960207,
prior_year_province_anchor,인천,교육 서비스업,1,2024,baseline,no_prior_positive_route,50228.131131294314,50228.131131294314,49786.33,441.80113129431265,441.80113129431265,441.80113129431265,441.80113129431265,0.8873944540485564,0.8873944540485564,
prior_year_province_anchor,인천,교육 서비스업,1,2025,baseline,no_prior_positive_route,49472.35910642173,49472.35910642173,49354.05,118.30910642172968,118.30910642172968,118.30910642172968,118.30910642172968,0.2397150921185387,0.23971509211853873,
prior_year_province_anchor,인천,교육 서비스업,2,2021,baseline,no_prior_positive_route,46187.6197732969,46187.6197732969,46969.65,-782.0302267031002,-782.0302267031002,782.0302267031002,782.0302267031002,1.664969244401651,1.664969244401651,
prior_year_province_anchor,인천,교육 서비스업,2,2022,baseline,no_prior_positive_route,49105.31637477245,49105.31637477245,48977.92,127.39637477244833,127.39637477244833,127.39637477244833,127.39637477244833,0.2601098102419382,0.26010981024193824,
prior_year_province_anchor,인천,교육 서비스업,2,2023,baseline,no_prior_positive_route,49778.52630278734,49778.52630278734,49592.11,186.4163027873365,186.4163027873365,186.4163027873365,186.4163027873365,0.3758991153781044,0.3758991153781045,
prior_year_province_anchor,인천,교육 서비스업,2,2024,baseline,no_prior_positive_route,50249.245596788845,50249.245596788845,49786.33,462.9155967888437,462.9155967888437,462.9155967888437,462.9155967888437,0.9298046206435454,0.9298046206435454,
prior_year_province_anchor,인천,교육 서비스업,2,2025,baseline,no_prior_positive_route,49381.550050811384,49381.550050811384,49354.05,27.500050811380788,27.500050811380788,27.500050811380788,27.500050811380788,0.0557199476261437,0.055719947626143726,
prior_year_province_anchor,인천,교육 서비스업,3,2021,baseline,no_prior_positive_route,46571.151705134725,46571.151705134725,46969.65,-398.498294865276,-398.498294865276,398.498294865276,398.498294865276,0.8484165729684507,0.848416572968451,
prior_year_province_anchor,인천,교육 서비스업,3,2022,baseline,no_prior_positive_route,48910.77410515081,48910.77410515081,48977.92,-67.14589484918542,-67.14589484918542,67.14589484918542,67.14589484918542,0.1370942147996187,0.13709421479961872,
prior_year_province_anchor,인천,교육 서비스업,3,2023,baseline,no_prior_positive_route,49660.83325171726,49660.83325171726,49592.11,68.7232517172597,68.7232517172597,68.7232517172597,68.7232517172597,0.1385769867772508,0.13857698677725086,
prior_year_province_anchor,인천,교육 서비스업,3,2024,baseline,no_prior_positive_route,50161.07535227933,50161.07535227933,49786.33,374.7453522793294,374.7453522793294,374.7453522793294,374.7453522793294,0.7527073240371993,0.7527073240371993,
prior_year_province_anchor,인천,교육 서비스업,3,2025,baseline,no_prior_positive_route,49555.553056877085,49555.553056877085,49354.05,201.5030568770817,201.5030568770817,201.5030568770817,201.5030568770817,0.408280692014296,0.40828069201429606,
prior_year_province_anchor,인천,교육 서비스업,4,2021,baseline,no_prior_positive_route,46641.3112942037,46641.3112942037,46969.65,-328.33870579630457,-328.33870579630457,328.33870579630457,328.33870579630457,0.6990443952558825,0.6990443952558825,
prior_year_province_anchor,인천,교육 서비스업,4,2022,baseline,no_prior_positive_route,48852.184472756024,48852.184472756024,48977.92,-125.7355272439745,-125.7355272439745,125.7355272439745,125.7355272439745,0.2567187974580678,0.25671879745806786,
prior_year_province_anchor,인천,교육 서비스업,4,2023,baseline,no_prior_positive_route,49548.78302083656,49548.78302083656,49592.11,-43.3269791634375,-43.3269791634375,43.3269791634375,43.3269791634375,0.0873666782144125,0.08736667821441253,
prior_year_province_anchor,인천,교육 서비스업,4,2024,baseline,no_prior_positive_route,50145.32029281439,50145.32029281439,49786.33,358.9902928143856,358.9902928143856,358.9902928143856,358.9902928143856,0.7210619718593149,0.7210619718593149,
prior_year_province_anchor,인천,교육 서비스업,4,2025,baseline,no_prior_positive_route,49624.44776434881,49624.44776434881,49354.05,270.3977643488106,270.3977643488106,270.3977643488106,270.3977643488106,0.5478735065284623,0.5478735065284623,
prior_year_province_anchor,인천,금융 및 보험업,1,2021,baseline,no_prior_positive_route,39600.25916978121,39600.25916978121,37210.67,2389.5891697812112,2389.5891697812112,2389.5891697812112,2389.5891697812112,6.421784853057501,6.421784853057501,
prior_year_province_anchor,인천,금융 및 보험업,1,2022,regional_service_production_index_K,prior_positive_improvement_1015.264_eok,39199.74916684886,37501.94726027397,38246.45,953.2991668488612,-744.5027397260274,953.2991668488612,744.5027397260274,2.4925167351449904,1.9465930556326858,1.9465930556326856
prior_year_province_anchor,인천,금융 및 보험업,1,2023,regional_service_production_index_K,prior_positive_improvement_1224.060_eok,38745.68869593436,42145.3599514563,39432.03,-686.3413040656378,2713.329951456304,686.3413040656378,2713.329951456304,1.74056802063104,6.881030348821262,6.881030348821262
prior_year_province_anchor,인천,금융 및 보험업,1,2024,baseline,no_prior_positive_route,39745.64664554205,39745.64664554205,39775.09,-29.443354457944224,-29.443354457944224,29.443354457944224,29.443354457944224,0.0740246080095462,0.07402460800954624,
prior_year_province_anchor,인천,금융 및 보험업,1,2025,baseline,no_prior_positive_route,41896.6652274638,41896.6652274638,40511.25,1385.4152274638036,1385.4152274638036,1385.4152274638036,1385.4152274638036,3.4198283870870525,3.4198283870870525,
prior_year_province_anchor,인천,금융 및 보험업,2,2021,baseline,no_prior_positive_route,38972.61442525873,38972.61442525873,37210.67,1761.9444252587346,1761.9444252587346,1761.9444252587346,1761.9444252587346,4.735051600142472,4.735051600142472,
prior_year_province_anchor,인천,금융 및 보험업,2,2022,regional_service_production_index_K,prior_positive_improvement_1067.121_eok,38926.49923538853,38583.41975405804,38246.45,680.0492353885347,336.9697540580455,680.0492353885347,336.9697540580455,1.778071521379199,0.881048447785469,0.881048447785469
prior_year_province_anchor,인천,금융 및 보험업,2,2023,regional_service_production_index_K,prior_positive_improvement_1410.201_eok,38862.39610653721,41094.97592504743,39432.03,-569.6338934627856,1662.945925047432,569.6338934627856,1662.945925047432,1.4445969265665135,4.217246550703659,4.217246550703659
prior_year_province_anchor,인천,금융 및 보험업,2,2024,regional_service_production_index_K,prior_positive_improvement_316.889_eok,39850.870067800715,39310.16500662252,39775.09,75.78006780071883,-464.9249933774772,75.78006780071883,464.9249933774772,0.1905214238376804,1.1688848306250903,1.1688848306250903
prior_year_province_anchor,인천,금융 및 보험업,2,2025,baseline,no_prior_positive_route,41698.523056968486,41698.523056968486,40511.25,1187.2730569684863,1187.2730569684863,1187.2730569684863,1187.2730569684863,2.9307243221783734,2.9307243221783734,
prior_year_province_anchor,인천,금융 및 보험업,3,2021,baseline,no_prior_positive_route,38918.60503506307,38918.60503506307,37210.67,1707.9350350630775,1707.9350350630775,1707.9350350630775,1707.9350350630775,4.589906698973917,4.589906698973917,
prior_year_province_anchor,인천,금융 및 보험업,3,2022,regional_service_production_index_K,prior_positive_improvement_1359.599_eok,38366.72457655666,39164.6549543379,38246.45,120.27457655666512,918.2049543379036,120.27457655666512,918.2049543379036,0.3144725237418509,2.4007586438425097,2.4007586438425097
prior_year_province_anchor,인천,금융 및 보험업,3,2023,regional_service_production_index_K,prior_positive_improvement_561.669_eok,38977.50719422546,40344.25652308645,39432.03,-454.5228057745408,912.2265230864504,454.5228057745408,912.2265230864504,1.1526741224698318,2.313415066600554,2.313415066600554
prior_year_province_anchor,인천,금융 및 보험업,3,2024,regional_service_production_index_K,prior_positive_improvement_103.965_eok,40395.83048044239,39026.58903349001,39775.09,620.7404804423932,-748.500966509986,620.7404804423932,748.500966509986,1.560626212140295,1.8818334955621372,1.8818334955621372
prior_year_province_anchor,인천,금융 및 보험업,3,2025,baseline,no_prior_positive_route,41509.28423552056,41509.28423552056,40511.25,998.0342355205576,998.0342355205576,998.0342355205576,998.0342355205576,2.4635977303108585,2.4635977303108585,
prior_year_province_anchor,인천,금융 및 보험업,4,2021,baseline,no_prior_positive_route,38852.877983118946,38852.877983118946,37210.67,1642.2079831189476,1642.2079831189476,1642.2079831189476,1642.2079831189476,4.413271739312804,4.413271739312804,
prior_year_province_anchor,인천,금융 및 보험업,4,2022,regional_service_production_index_K,prior_positive_improvement_1411.275_eok,38228.35650895574,39652.19634264885,38246.45,-18.09349104425928,1405.746342648854,18.09349104425928,1405.746342648854,0.0473076352034222,3.6754949613594308,3.6754949613594303
prior_year_province_anchor,인천,금융 및 보험업,4,2023,regional_service_production_index_K,prior_positive_improvement_23.622_eok,38489.328782198085,39572.21063854047,39432.03,-942.701217801914,140.18063854047068,942.701217801914,140.18063854047068,2.390699179834044,0.35549942151208214,0.3554994215120821
prior_year_province_anchor,인천,금융 및 보험업,4,2024,regional_service_production_index_K,prior_positive_improvement_826.143_eok,40859.01305581175,39371.19151421644,39775.09,1083.923055811756,-403.89848578355304,1083.923055811756,403.89848578355304,2.725130366296484,1.015455868945999,1.015455868945999
prior_year_province_anchor,인천,금융 및 보험업,4,2025,regional_service_production_index_K,prior_positive_improvement_1506.167_eok,41676.95613475198,40003.37969977925,40511.25,1165.7061347519775,-507.8703002207476,1165.7061347519775,507.8703002207476,2.8774874504044616,1.2536525044789968,1.2536525044789968
prior_year_province_anchor,인천,도매 및 소매업,1,2021,baseline,no_prior_positive_route,72896.67112623987,72896.67112623987,75072.11,-2175.4388737601257,-2175.4388737601257,2175.4388737601257,2175.4388737601257,2.897799027841532,2.897799027841532,
prior_year_province_anchor,인천,도매 및 소매업,1,2022,baseline,no_prior_positive_route,77895.41721011375,77895.41721011375,78874.86,-979.4427898862486,-979.4427898862486,979.4427898862486,979.4427898862486,1.2417680232792156,1.2417680232792156,
prior_year_province_anchor,인천,도매 및 소매업,1,2023,baseline,no_prior_positive_route,82277.59750792314,82277.59750792314,80680.88,1596.7175079231383,1596.7175079231383,1596.7175079231383,1596.7175079231383,1.9790531634299704,1.9790531634299704,
prior_year_province_anchor,인천,도매 및 소매업,1,2024,baseline,no_prior_positive_route,78686.68360701487,78686.68360701487,80469.01,-1782.3263929851237,-1782.3263929851237,1782.3263929851237,1782.3263929851237,2.2149227298622463,2.2149227298622463,
prior_year_province_anchor,인천,도매 및 소매업,1,2025,baseline,no_prior_positive_route,79822.29231627312,79822.29231627312,83697.07,-3874.7776837268902,-3874.7776837268902,3874.7776837268902,3874.7776837268902,4.629526079857861,4.629526079857861,
prior_year_province_anchor,인천,도매 및 소매업,2,2021,baseline,no_prior_positive_route,73573.83586009078,73573.83586009078,75072.11,-1498.2741399092192,-1498.2741399092192,1498.2741399092192,1498.2741399092192,1.9957799772901268,1.9957799772901268,
prior_year_province_anchor,인천,도매 및 소매업,2,2022,baseline,no_prior_positive_route,77662.66059623871,77662.66059623871,78874.86,-1212.1994037612894,-1212.1994037612894,1212.1994037612894,1212.1994037612894,1.5368640955575572,1.5368640955575572,
prior_year_province_anchor,인천,도매 및 소매업,2,2023,baseline,no_prior_positive_route,79014.01666754606,79014.01666754606,80680.88,-1666.8633324539403,-1666.8633324539403,1666.8633324539403,1666.8633324539403,2.0659954780537104,2.06599547805371,
prior_year_province_anchor,인천,도매 및 소매업,2,2024,baseline,no_prior_positive_route,79229.67637215662,79229.67637215662,80469.01,-1239.3336278433708,-1239.3336278433708,1239.3336278433708,1239.3336278433708,1.540137784525211,1.5401377845252113,
prior_year_province_anchor,인천,도매 및 소매업,2,2025,baseline,no_prior_positive_route,80195.51694274589,80195.51694274589,83697.07,-3501.5530572541174,-3501.5530572541174,3501.5530572541174,3501.5530572541174,4.183602911373263,4.183602911373263,
prior_year_province_anchor,인천,도매 및 소매업,3,2021,baseline,no_prior_positive_route,73286.7819874391,73286.7819874391,75072.11,-1785.3280125609017,-1785.3280125609017,1785.3280125609017,1785.3280125609017,2.378150837322811,2.378150837322811,
prior_year_province_anchor,인천,도매 및 소매업,3,2022,baseline,no_prior_positive_route,77865.17251744679,77865.17251744679,78874.86,-1009.687482553214,-1009.687482553214,1009.687482553214,1009.687482553214,1.2801131850544192,1.2801131850544192,
prior_year_province_anchor,인천,도매 및 소매업,3,2023,baseline,no_prior_positive_route,77506.94220362855,77506.94220362855,80680.88,-3173.9377963714505,-3173.9377963714505,3173.9377963714505,3173.9377963714505,3.9339404780555816,3.9339404780555816,
prior_year_province_anchor,인천,도매 및 소매업,3,2024,baseline,no_prior_positive_route,79369.1995770589,79369.1995770589,80469.01,-1099.8104229410965,-1099.8104229410965,1099.8104229410965,1099.8104229410965,1.3667502842909296,1.3667502842909296,
prior_year_province_anchor,인천,도매 및 소매업,3,2025,baseline,no_prior_positive_route,81357.4818627706,81357.4818627706,83697.07,-2339.5881372294098,-2339.5881372294098,2339.5881372294098,2339.5881372294098,2.79530470687852,2.79530470687852,
prior_year_province_anchor,인천,도매 및 소매업,4,2021,baseline,no_prior_positive_route,73358.9175348898,73358.9175348898,75072.11,-1713.1924651102015,-1713.1924651102015,1713.1924651102015,1713.1924651102015,2.2820624931285423,2.2820624931285423,
prior_year_province_anchor,인천,도매 및 소매업,4,2022,baseline,no_prior_positive_route,77822.19493116264,77822.19493116264,78874.86,-1052.665068837363,-1052.665068837363,1052.665068837363,1052.665068837363,1.3346015052671574,1.3346015052671574,
prior_year_province_anchor,인천,도매 및 소매업,4,2023,baseline,no_prior_positive_route,76290.46028033677,76290.46028033677,80680.88,-4390.41971966323,-4390.41971966323,4390.41971966323,4390.41971966323,5.441710253610558,5.441710253610558,
prior_year_province_anchor,인천,도매 및 소매업,4,2024,regional_service_production_index_G,prior_positive_improvement_652.887_eok,79504.49125014519,81727.96792349726,80469.01,-964.518749854804,1258.9579234972623,964.518749854804,1258.9579234972623,1.1986213697109036,1.5645251799385407,1.5645251799385411
prior_year_province_anchor,인천,도매 및 소매업,4,2025,regional_service_production_index_G,prior_positive_improvement_358.448_eok,81910.9722621525,84068.3206293549,83697.07,-1786.0977378475072,371.2506293548941,1786.0977378475072,371.2506293548941,2.134002705049898,0.44356466642726455,0.4435646664272644
prior_year_province_anchor,인천,문화 및 기타서비스업,1,2021,baseline,no_prior_positive_route,31860.797805100523,31860.797805100523,30105.04,1755.757805100522,1755.757805100522,1755.757805100522,1755.757805100522,5.832105870314479,5.832105870314479,
prior_year_province_anchor,인천,문화 및 기타서비스업,1,2022,baseline,no_prior_positive_route,30913.670734421503,30913.670734421503,32009.81,-1096.1392655784985,-1096.1392655784985,1096.1392655784985,1096.1392655784985,3.424385416778476,3.424385416778476,
prior_year_province_anchor,인천,문화 및 기타서비스업,1,2023,baseline,no_prior_positive_route,35927.4594886209,35927.4594886209,33654.630000000005,2272.829488620897,2272.829488620897,2272.829488620897,2272.829488620897,6.753393184298555,6.753393184298555,
prior_year_province_anchor,인천,문화 및 기타서비스업,1,2024,baseline,no_prior_positive_route,34185.09358226002,34185.09358226002,35068.51,-883.4164177399798,-883.4164177399798,883.4164177399798,883.4164177399798,2.519115918355185,2.5191159183551846,
prior_year_province_anchor,인천,문화 및 기타서비스업,1,2025,baseline,no_prior_positive_route,34394.02929139289,34394.02929139289,35511.34,-1117.3107086071032,-1117.3107086071032,1117.3107086071032,1117.3107086071032,3.1463490496475304,3.1463490496475304,
prior_year_province_anchor,인천,문화 및 기타서비스업,2,2021,baseline,no_prior_positive_route,33275.60775570188,33275.60775570188,30105.04,3170.567755701879,3170.567755701879,3170.567755701879,3170.567755701879,10.531684248557314,10.531684248557314,
prior_year_province_anchor,인천,문화 및 기타서비스업,2,2022,regional_service_production_index_R_S,prior_positive_improvement_2311.039_eok,31210.66980242281,39409.79965070125,32009.81,-799.1401975771914,7399.989650701249,799.1401975771914,7399.989650701249,2.4965477695031346,23.117880583175126,23.11788058317513
prior_year_province_anchor,인천,문화 및 기타서비스업,2,2023,baseline,no_prior_positive_route,34666.14446770779,34666.14446770779,33654.630000000005,1011.5144677077842,1011.5144677077842,1011.5144677077842,1011.5144677077842,3.005572985671761,3.0055729856717606,
prior_year_province_anchor,인천,문화 및 기타서비스업,2,2024,baseline,no_prior_positive_route,34082.68142933234,34082.68142933234,35068.51,-985.8285706676616,-985.8285706676616,985.8285706676616,985.8285706676616,2.811150432874569,2.811150432874569,
prior_year_province_anchor,인천,문화 및 기타서비스업,2,2025,baseline,no_prior_positive_route,34396.326063298744,34396.326063298744,35511.34,-1115.0139367012523,-1115.0139367012523,1115.0139367012523,1115.0139367012523,3.139881335655745,3.139881335655744,
prior_year_province_anchor,인천,문화 및 기타서비스업,3,2021,baseline,no_prior_positive_route,33336.20628682447,33336.20628682447,30105.04,3231.1662868244675,3231.1662868244675,3231.1662868244675,3231.1662868244675,10.732974567794852,10.732974567794852,
prior_year_province_anchor,인천,문화 및 기타서비스업,3,2022,regional_service_production_index_R_S,prior_positive_improvement_1108.324_eok,31853.363491065946,48524.9103117506,32009.81,-156.44650893405924,16515.1003117506,156.44650893405924,16515.1003117506,0.4887455093737177,51.59387172791904,51.59387172791904
prior_year_province_anchor,인천,문화 및 기타서비스업,3,2023,baseline,no_prior_positive_route,34318.32606637684,34318.32606637684,33654.630000000005,663.6960663768332,663.6960663768332,663.6960663768332,663.6960663768332,1.9720795218275555,1.9720795218275557,
prior_year_province_anchor,인천,문화 및 기타서비스업,3,2024,baseline,no_prior_positive_route,33849.459875538036,33849.459875538036,35068.51,-1219.0501244619663,-1219.0501244619663,1219.0501244619663,1219.0501244619663,3.476195950332553,3.476195950332553,
prior_year_province_anchor,인천,문화 및 기타서비스업,3,2025,baseline,no_prior_positive_route,34847.87941478072,34847.87941478072,35511.34,-663.4605852192763,-663.4605852192763,663.4605852192763,663.4605852192763,1.8683062515221232,1.8683062515221232,
prior_year_province_anchor,인천,문화 및 기타서비스업,4,2021,baseline,no_prior_positive_route,33561.628354874134,33561.628354874134,30105.04,3456.588354874133,3456.588354874133,3456.588354874133,3456.588354874133,11.481759714898676,11.481759714898677,
prior_year_province_anchor,인천,문화 및 기타서비스업,4,2022,baseline,no_prior_positive_route,31831.400859541813,31831.400859541813,32009.81,-178.40914045818863,-178.40914045818863,178.40914045818863,178.40914045818863,0.5573576989622514,0.5573576989622514,
prior_year_province_anchor,인천,문화 및 기타서비스업,4,2023,baseline,no_prior_positive_route,33644.62771096874,33644.62771096874,33654.630000000005,-10.00228903126117,-10.00228903126117,10.00228903126117,10.00228903126117,0.0297203951767146,0.02972039517671467,
prior_year_province_anchor,인천,문화 및 기타서비스업,4,2024,baseline,no_prior_positive_route,33692.84691626066,33692.84691626066,35068.51,-1375.6630837393386,-1375.6630837393386,1375.6630837393386,1375.6630837393386,3.9227873774487096,3.9227873774487096,
prior_year_province_anchor,인천,문화 및 기타서비스업,4,2025,baseline,no_prior_positive_route,34757.262320044836,34757.262320044836,35511.34,-754.0776799551604,-754.0776799551604,754.0776799551604,754.0776799551604,2.123484160144789,2.123484160144789,
prior_year_province_anchor,인천,보건 및 사회복지업,1,2021,baseline,no_prior_positive_route,53256.82239537664,53256.82239537664,56095.33,-2838.507604623366,-2838.507604623366,2838.507604623366,2838.507604623366,5.060149578625112,5.060149578625112,
prior_year_province_anchor,인천,보건 및 사회복지업,1,2022,baseline,no_prior_positive_route,60965.88403531789,60965.88403531789,59899.8,1066.0840353178864,1066.0840353178864,1066.0840353178864,1066.0840353178864,1.7797789563869768,1.7797789563869768,
prior_year_province_anchor,인천,보건 및 사회복지업,1,2023,baseline,no_prior_positive_route,62280.658214478346,62280.658214478346,62642.240000000005,-361.5817855216592,-361.5817855216592,361.5817855216592,361.5817855216592,0.5772172028357528,0.5772172028357528,
prior_year_province_anchor,인천,보건 및 사회복지업,1,2024,baseline,no_prior_positive_route,65093.969812192045,65093.969812192045,66958.0,-1864.0301878079551,-1864.0301878079551,1864.0301878079551,1864.0301878079551,2.783879727303616,2.7838797273036158,
prior_year_province_anchor,인천,보건 및 사회복지업,1,2025,baseline,no_prior_positive_route,70068.87670678957,70068.87670678957,71989.33,-1920.453293210434,-1920.453293210434,1920.453293210434,1920.453293210434,2.667691577641345,2.6676915776413446,
prior_year_province_anchor,인천,보건 및 사회복지업,2,2021,baseline,no_prior_positive_route,54517.12839013728,54517.12839013728,56095.33,-1578.201609862721,-1578.201609862721,1578.201609862721,1578.201609862721,2.8134278020340036,2.8134278020340036,
prior_year_province_anchor,인천,보건 및 사회복지업,2,2022,baseline,no_prior_positive_route,60493.9277277212,60493.9277277212,59899.8,594.1277277211993,594.1277277211993,594.1277277211993,594.1277277211993,0.9918693012684504,0.9918693012684505,
prior_year_province_anchor,인천,보건 및 사회복지업,2,2023,baseline,no_prior_positive_route,61745.944312801155,61745.944312801155,62642.240000000005,-896.2956871988499,-896.2956871988499,896.2956871988499,896.2956871988499,1.4308167894360897,1.4308167894360895,
prior_year_province_anchor,인천,보건 및 사회복지업,2,2024,baseline,no_prior_positive_route,64670.29771625448,64670.29771625448,66958.0,-2287.7022837455224,-2287.7022837455224,2287.7022837455224,2287.7022837455224,3.4166227840519765,3.4166227840519765,
prior_year_province_anchor,인천,보건 및 사회복지업,2,2025,regional_service_production_index_Q,prior_positive_improvement_277.761_eok,70603.03724424493,71664.97412128236,71989.33,-1386.292755755072,-324.3558787176444,1386.292755755072,324.3558787176444,1.9256919820688316,0.4505610466407235,0.4505610466407235
prior_year_province_anchor,인천,보건 및 사회복지업,3,2021,baseline,no_prior_positive_route,55124.1095330589,55124.1095330589,56095.33,-971.2204669411004,-971.2204669411004,971.2204669411004,971.2204669411004,1.7313749057918018,1.7313749057918018,
prior_year_province_anchor,인천,보건 및 사회복지업,3,2022,baseline,no_prior_positive_route,59717.11902297751,59717.11902297751,59899.8,-182.6809770224936,-182.6809770224936,182.6809770224936,182.6809770224936,0.3049776076422519,0.3049776076422519,
prior_year_province_anchor,인천,보건 및 사회복지업,3,2023,baseline,no_prior_positive_route,61797.60115825098,61797.60115825098,62642.240000000005,-844.6388417490234,-844.6388417490234,844.6388417490234,844.6388417490234,1.348353509946361,1.348353509946361,
prior_year_province_anchor,인천,보건 및 사회복지업,3,2024,baseline,no_prior_positive_route,64680.475535206606,64680.475535206606,66958.0,-2277.524464793394,-2277.524464793394,2277.524464793394,2277.524464793394,3.401422480948347,3.401422480948347,
prior_year_province_anchor,인천,보건 및 사회복지업,3,2025,regional_service_production_index_Q,prior_positive_improvement_274.919_eok,70492.50329325904,71692.06002034589,71989.33,-1496.8267067409615,-297.26997965411283,1496.8267067409615,297.26997965411283,2.079234112528845,0.41293616658762183,0.4129361665876218
prior_year_province_anchor,인천,보건 및 사회복지업,4,2021,baseline,no_prior_positive_route,55509.58325163292,55509.58325163292,56095.33,-585.7467483670844,-585.7467483670844,585.7467483670844,585.7467483670844,1.0441987744204095,1.0441987744204095,
prior_year_province_anchor,인천,보건 및 사회복지업,4,2022,baseline,no_prior_positive_route,59327.480617648645,59327.480617648645,59899.8,-572.3193823513575,-572.3193823513575,572.3193823513575,572.3193823513575,0.9554612575523748,0.9554612575523749,
prior_year_province_anchor,인천,보건 및 사회복지업,4,2023,baseline,no_prior_positive_route,61903.3392572988,61903.3392572988,62642.240000000005,-738.9007427012039,-738.9007427012039,738.9007427012039,738.9007427012039,1.17955670598817,1.17955670598817,
prior_year_province_anchor,인천,보건 및 사회복지업,4,2024,baseline,no_prior_positive_route,64940.91229684233,64940.91229684233,66958.0,-2017.0877031576672,-2017.0877031576672,2017.0877031576672,2017.0877031576672,3.012467073624761,3.0124670736247605,
prior_year_province_anchor,인천,보건 및 사회복지업,4,2025,regional_service_production_index_Q,prior_positive_improvement_468.761_eok,70814.47935222792,71933.8362085308,71989.33,-1174.8506477720805,-55.493791469198186,1174.8506477720805,55.493791469198186,1.6319788609952064,0.07708613411070528,0.0770861341107052
prior_year_province_anchor,인천,부동산업,1,2021,baseline,no_prior_positive_route,86000.63429481065,86000.63429481065,88211.55,-2210.915705189356,-2210.915705189356,2210.915705189356,2210.915705189356,2.506378932451993,2.5063789324519927,
prior_year_province_anchor,인천,부동산업,1,2022,regional_service_production_index_L,prior_positive_improvement_1989.563_eok,86634.50360088826,110454.00386819484,87242.78,-608.276399111739,23211.223868194837,608.276399111739,23211.223868194837,0.6972226230201961,26.605323521550822,26.605323521550822
prior_year_province_anchor,인천,부동산업,1,2023,baseline,no_prior_positive_route,87318.04351509303,87318.04351509303,86922.45,395.5935150930309,395.5935150930309,395.5935150930309,395.5935150930309,0.4551108661721234,0.45511086617212343,
prior_year_province_anchor,인천,부동산업,1,2024,baseline,no_prior_positive_route,88051.0169038246,88051.0169038246,85658.06999999999,2392.9469038246025,2392.9469038246025,2392.9469038246025,2392.9469038246025,2.793603572698524,2.793603572698524,
prior_year_province_anchor,인천,부동산업,1,2025,baseline,no_prior_positive_route,85306.10181282772,85306.10181282772,83887.46,1418.6418128277146,1418.6418128277146,1418.6418128277146,1418.6418128277146,1.691125005844395,1.691125005844395,
prior_year_province_anchor,인천,부동산업,2,2021,baseline,no_prior_positive_route,85834.78793507947,85834.78793507947,88211.55,-2376.7620649205346,-2376.7620649205346,2376.7620649205346,2376.7620649205346,2.6943887335848133,2.6943887335848133,
prior_year_province_anchor,인천,부동산업,2,2022,baseline,no_prior_positive_route,85990.39234578733,85990.39234578733,87242.78,-1252.3876542126673,-1252.3876542126673,1252.3876542126673,1252.3876542126673,1.4355201131975244,1.4355201131975244,
prior_year_province_anchor,인천,부동산업,2,2023,baseline,no_prior_positive_route,87574.41224347368,87574.41224347368,86922.45,651.9622434736812,651.9622434736812,651.9622434736812,651.9622434736812,0.750050468519561,0.750050468519561,
prior_year_province_anchor,인천,부동산업,2,2024,baseline,no_prior_positive_route,88709.88768403808,88709.88768403808,85658.06999999999,3051.817684038091,3051.817684038091,3051.817684038091,3051.817684038091,3.56279062093985,3.56279062093985,
prior_year_province_anchor,인천,부동산업,2,2025,baseline,no_prior_positive_route,85259.90251424452,85259.90251424452,83887.46,1372.442514244511,1372.442514244511,1372.442514244511,1372.442514244511,1.636052056224507,1.636052056224507,
prior_year_province_anchor,인천,부동산업,3,2021,baseline,no_prior_positive_route,85083.19516024385,85083.19516024385,88211.55,-3128.3548397561535,-3128.3548397561535,3128.3548397561535,3128.3548397561535,3.5464231608628953,3.5464231608628953,
prior_year_province_anchor,인천,부동산업,3,2022,baseline,no_prior_positive_route,86173.5793168891,86173.5793168891,87242.78,-1069.200683110903,-1069.200683110903,1069.200683110903,1069.200683110903,1.2255463238458275,1.2255463238458277,
prior_year_province_anchor,인천,부동산업,3,2023,baseline,no_prior_positive_route,87867.15258816845,87867.15258816845,86922.45,944.7025881684532,944.7025881684532,944.7025881684532,944.7025881684532,1.0868338250572245,1.0868338250572243,
prior_year_province_anchor,인천,부동산업,3,2024,baseline,no_prior_positive_route,88669.19581479707,88669.19581479707,85658.06999999999,3011.12581479708,3011.12581479708,3011.12581479708,3011.12581479708,3.5152856173353895,3.5152856173353895,
prior_year_province_anchor,인천,부동산업,3,2025,baseline,no_prior_positive_route,85587.54587082128,85587.54587082128,83887.46,1700.0858708212763,1700.0858708212763,1700.0858708212763,1700.0858708212763,2.0266269485585524,2.0266269485585524,
prior_year_province_anchor,인천,부동산업,4,2021,baseline,no_prior_positive_route,84596.46922689112,84596.46922689112,88211.55,-3615.080773108886,-3615.080773108886,3615.080773108886,3615.080773108886,4.098194366960887,4.098194366960887,
prior_year_province_anchor,인천,부동산업,4,2022,baseline,no_prior_positive_route,86470.78190021774,86470.78190021774,87242.78,-771.9980997822568,-771.9980997822568,771.9980997822568,771.9980997822568,0.8848848005327854,0.8848848005327854,
prior_year_province_anchor,인천,부동산업,4,2023,baseline,no_prior_positive_route,88009.57730948259,88009.57730948259,86922.45,1087.1273094825883,1087.1273094825883,1087.1273094825883,1087.1273094825883,1.250686456125648,1.250686456125648,
prior_year_province_anchor,인천,부동산업,4,2024,baseline,no_prior_positive_route,88612.13044361785,88612.13044361785,85658.06999999999,2954.0604436178546,2954.0604436178546,2954.0604436178546,2954.0604436178546,3.448665658259467,3.448665658259467,
prior_year_province_anchor,인천,부동산업,4,2025,baseline,no_prior_positive_route,85977.1461895198,85977.1461895198,83887.46,2089.6861895197944,2089.6861895197944,2089.6861895197944,2089.6861895197944,2.4910590802484593,2.4910590802484593,
prior_year_province_anchor,인천,사업서비스업,1,2021,baseline,no_prior_positive_route,48182.94248340852,48182.94248340852,52310.71,-4127.767516591477,-4127.767516591477,4127.767516591477,4127.767516591477,7.890865019020918,7.890865019020918,
prior_year_province_anchor,인천,사업서비스업,1,2022,regional_service_production_index_M_N,prior_positive_improvement_1760.710_eok,54001.60470901943,52310.71,52130.880000000005,1870.7247090194287,179.82999999999447,1870.7247090194287,179.82999999999447,3.5885154998715323,0.34495868859300755,0.3449586885930075
prior_year_province_anchor,인천,사업서비스업,1,2023,regional_service_production_index_M_N,prior_positive_improvement_3451.604_eok,54396.0607704424,51815.57225806451,55648.119999999995,-1252.0592295575916,-3832.5477419354793,1252.0592295575916,3832.5477419354793,2.2499578234765014,6.887110906775431,6.887110906775431
prior_year_province_anchor,인천,사업서비스업,1,2024,regional_service_production_index_M_N,prior_positive_improvement_871.116_eok,56761.42683779026,55394.14784989858,57039.5,-278.07316220973735,-1645.3521501014184,278.07316220973735,1645.3521501014184,0.4875098172489894,2.8845837535417007,2.8845837535417007
prior_year_province_anchor,인천,사업서비스업,1,2025,baseline,no_prior_positive_route,56010.38073736163,56010.38073736163,58328.31,-2317.9292626383685,-2317.9292626383685,2317.9292626383685,2317.9292626383685,3.973935234259948,3.9739352342599483,
prior_year_province_anchor,인천,사업서비스업,2,2021,baseline,no_prior_positive_route,49746.086652314094,49746.086652314094,52310.71,-2564.623347685905,-2564.623347685905,2564.623347685905,2564.623347685905,4.902673558982291,4.902673558982291,
prior_year_province_anchor,인천,사업서비스업,2,2022,regional_service_production_index_M_N,prior_positive_improvement_1063.019_eok,54076.783330294595,52084.093205776175,52130.880000000005,1945.90333029459,-46.78679422382993,1945.90333029459,46.78679422382993,3.732726802798245,0.08974871366804076,0.0897487136680407
prior_year_province_anchor,인천,사업서비스업,2,2023,regional_service_production_index_M_N,prior_positive_improvement_2962.135_eok,54484.54168107946,52748.335431472085,55648.119999999995,-1163.5783189205322,-2899.78456852791,1163.5783189205322,2899.78456852791,2.090957104966946,5.210929980254337,5.210929980254337
prior_year_province_anchor,인천,사업서비스업,2,2024,regional_service_production_index_M_N,prior_positive_improvement_1225.929_eok,56314.41727791002,54664.37397037745,57039.5,-725.082722089981,-2375.126029622552,725.082722089981,2375.126029622552,1.2711940358698464,4.164002190802079,4.164002190802079
prior_year_province_anchor,인천,사업서비스업,2,2025,baseline,no_prior_positive_route,56155.01027531784,56155.01027531784,58328.31,-2173.299724682154,-2173.299724682154,2173.299724682154,2173.299724682154,3.7259775307773433,3.7259775307773433,
prior_year_province_anchor,인천,사업서비스업,3,2021,baseline,no_prior_positive_route,49649.452894889226,49649.452894889226,52310.71,-2661.2571051107734,-2661.2571051107734,2661.2571051107734,2661.2571051107734,5.087403908512757,5.087403908512757,
prior_year_province_anchor,인천,사업서비스업,3,2022,regional_service_production_index_M_N,prior_positive_improvement_868.463_eok,53634.33798640231,52827.61424901186,52130.880000000005,1503.4579864023035,696.7342490118535,1503.4579864023035,696.7342490118535,2.88400653586186,1.3365096637767355,1.3365096637767355
prior_year_province_anchor,인천,사업서비스업,3,2023,regional_service_production_index_M_N,prior_positive_improvement_1675.187_eok,54663.97187545665,51671.80180039138,55648.119999999995,-984.148124543346,-3976.318199608613,984.148124543346,3976.318199608613,1.768519986916622,7.1454672675529975,7.1454672675529975
prior_year_province_anchor,인천,사업서비스업,3,2024,baseline,no_prior_positive_route,56080.4220634623,56080.4220634623,57039.5,-959.077936537702,-959.077936537702,959.077936537702,959.077936537702,1.6814276712413363,1.6814276712413363,
prior_year_province_anchor,인천,사업서비스업,3,2025,baseline,no_prior_positive_route,56781.08545191963,56781.08545191963,58328.31,-1547.2245480803683,-1547.2245480803683,1547.2245480803683,1547.2245480803683,2.652613367471762,2.652613367471762,
prior_year_province_anchor,인천,사업서비스업,4,2021,baseline,no_prior_positive_route,49662.42353108639,49662.42353108639,52310.71,-2648.2864689136113,-2648.2864689136113,2648.2864689136113,2648.2864689136113,5.0626085344924805,5.0626085344924805,
prior_year_province_anchor,인천,사업서비스업,4,2022,regional_service_production_index_M_N,prior_positive_improvement_432.979_eok,53672.264876088666,53026.85711160005,52130.880000000005,1541.3848760886613,895.9771116000484,1541.3848760886613,895.9771116000484,2.9567597479433707,1.7187070534778013,1.7187070534778013
prior_year_province_anchor,인천,사업서비스업,4,2023,regional_service_production_index_M_N,prior_positive_improvement_1078.387_eok,54725.19951706701,51577.70051850959,55648.119999999995,-922.9204829329828,-4070.419481490404,922.9204829329828,4070.419481490404,1.658493553660003,7.314567826353172,7.314567826353172
prior_year_province_anchor,인천,사업서비스업,4,2024,baseline,no_prior_positive_route,55428.25940925114,55428.25940925114,57039.5,-1611.2405907488574,-1611.2405907488574,1611.2405907488574,1611.2405907488574,2.8247803552781097,2.8247803552781097,
prior_year_province_anchor,인천,사업서비스업,4,2025,baseline,no_prior_positive_route,57008.21390779181,57008.21390779181,58328.31,-1320.096092208194,-1320.096092208194,1320.096092208194,1320.096092208194,2.263216767652267,2.263216767652267,
prior_year_province_anchor,인천,서비스업,1,2021,baseline,no_prior_positive_route,553652.209611491,553652.209611491,560661.29,-7009.080388509086,-7009.080388509086,7009.080388509086,7009.080388509086,1.2501452326963909,1.2501452326963907,
prior_year_province_anchor,인천,서비스업,1,2022,baseline,no_prior_positive_route,582524.0363779805,582524.0363779805,614421.52,-31897.48362201953,-31897.48362201953,31897.48362201953,31897.48362201953,5.191465888437555,5.191465888437555,
prior_year_province_anchor,인천,서비스업,1,2023,baseline,no_prior_positive_route,631339.9282386574,631339.9282386574,680302.39,-48962.461761342594,-48962.461761342594,48962.461761342594,48962.461761342594,7.19716150950794,7.19716150950794,
prior_year_province_anchor,인천,서비스업,1,2024,regional_service_production_index_T,prior_positive_improvement_17277.590_eok,680902.0495576495,723299.8570735931,696983.11,-16081.060442350456,26316.747073593084,16081.060442350456,26316.747073593084,2.307238182909548,3.7758084372508085,3.775808437250809
prior_year_province_anchor,인천,서비스업,1,2025,regional_service_production_index_T,prior_positive_improvement_7041.903_eok,682902.3791390284,702091.2924022801,704146.01,-21243.630860971636,-2054.717597719864,21243.630860971636,2054.717597719864,3.0169354877082433,0.2918027750693161,0.2918027750693161
prior_year_province_anchor,인천,서비스업,2,2021,baseline,no_prior_positive_route,564882.179494369,564882.179494369,560661.29,4220.889494368923,4220.889494368923,4220.889494368923,4220.889494368923,0.7528412554340825,0.7528412554340825,
prior_year_province_anchor,인천,서비스업,2,2022,baseline,no_prior_positive_route,584401.0322681825,584401.0322681825,614421.52,-30020.487731817528,-30020.487731817528,30020.487731817528,30020.487731817528,4.885975955369781,4.885975955369781,
prior_year_province_anchor,인천,서비스업,2,2023,regional_service_production_index_T,prior_positive_improvement_7673.375_eok,632986.6090920657,670123.7930971008,680302.39,-47315.7809079343,-10178.596902899211,47315.7809079343,10178.596902899211,6.95511019855954,1.4961871444989647,1.4961871444989647
prior_year_province_anchor,인천,서비스업,2,2024,regional_service_production_index_T,prior_positive_improvement_44810.559_eok,686201.7373242218,715896.270320675,696983.11,-10781.372675778228,18913.160320675,10781.372675778228,18913.160320675,1.5468628322683786,2.713575128194283,2.713575128194283
prior_year_province_anchor,인천,서비스업,2,2025,regional_service_production_index_T,prior_positive_improvement_36678.772_eok,691156.1443868313,713471.4834923819,704146.01,-12989.865613168688,9325.47349238186,12989.865613168688,9325.47349238186,1.8447687594180484,1.3243664467234373,1.3243664467234375
prior_year_province_anchor,인천,서비스업,3,2021,baseline,no_prior_positive_route,567363.2851240771,567363.2851240771,560661.29,6701.995124077075,6701.995124077075,6701.995124077075,6701.995124077075,1.1953732571901077,1.1953732571901075,
prior_year_province_anchor,인천,서비스업,3,2022,baseline,no_prior_positive_route,586216.5072999886,586216.5072999886,614421.52,-28205.01270001137,-28205.01270001137,28205.01270001137,28205.01270001137,4.59049883213911,4.59049883213911,
prior_year_province_anchor,인천,서비스업,3,2023,regional_service_production_index_T,prior_positive_improvement_16537.110_eok,634852.2883503847,665423.1258706768,680302.39,-45450.10164961533,-14879.264129323186,45450.10164961533,14879.264129323186,6.680867555031717,2.187154469547459,2.187154469547459
prior_year_province_anchor,인천,서비스업,3,2024,regional_service_production_index_T,prior_positive_improvement_47107.947_eok,689386.1588321665,711096.41653985,696983.11,-7596.951167833526,14113.30653984996,7596.951167833526,14113.30653984996,1.0899763651135714,2.024913708432613,2.024913708432613
prior_year_province_anchor,인천,서비스업,3,2025,regional_service_production_index_T,prior_positive_improvement_40591.592_eok,697298.4786843382,714018.8289479278,704146.01,-6847.53131566185,9872.818947927792,6847.53131566185,9872.818947927792,0.9724590096962774,1.4020982591277895,1.40209825912779
prior_year_province_anchor,인천,서비스업,4,2021,baseline,no_prior_positive_route,568465.9166497674,568465.9166497674,560661.29,7804.626649767393,7804.626649767393,7804.626649767393,7804.626649767393,1.3920395056643544,1.3920395056643544,
prior_year_province_anchor,인천,서비스업,4,2022,regional_service_production_index_T,prior_positive_improvement_2277.712_eok,585460.8893810512,618263.4773287673,614421.52,-28960.63061894884,3841.957328767283,28960.63061894884,3841.957328767283,4.713479211950265,0.6252966739783598,0.6252966739783598
prior_year_province_anchor,인천,서비스업,4,2023,regional_service_production_index_T,prior_positive_improvement_27396.385_eok,632361.258368386,660216.9127950311,680302.39,-47941.13163161406,-20085.47720496892,47941.13163161406,20085.47720496892,7.0470326631682205,2.9524337265622305,2.9524337265622305
prior_year_province_anchor,인천,서비스업,4,2024,regional_service_production_index_T,prior_positive_improvement_55252.039_eok,688409.0329030289,708250.4031317092,696983.11,-8574.077096971101,11267.293131709215,8574.077096971101,11267.293131709215,1.230169996080838,1.6165805125047026,1.6165805125047026
prior_year_province_anchor,인천,서비스업,4,2025,regional_service_production_index_T,prior_positive_improvement_52558.823_eok,698468.4469506685,720893.0996946263,704146.01,-5677.56304933154,16747.08969462628,5677.56304933154,16747.08969462628,0.8063047959799616,2.378354695871426,2.378354695871426
prior_year_province_anchor,인천,숙박 및 음식점업,1,2021,baseline,no_prior_positive_route,17741.49641342027,17741.49641342027,21013.85,-3272.3535865797276,-3272.3535865797276,3272.3535865797276,3272.3535865797276,15.572365780567235,15.572365780567235,
prior_year_province_anchor,인천,숙박 및 음식점업,1,2022,regional_service_production_index_I,prior_positive_improvement_551.867_eok,22991.49733935304,24371.235229885056,24037.74,-1046.2426606469598,333.49522988505487,1046.2426606469598,333.49522988505487,4.3525001129347425,1.3873817999739362,1.3873817999739362
prior_year_province_anchor,인천,숙박 및 음식점업,1,2023,regional_service_production_index_I,prior_positive_improvement_1264.614_eok,27509.64444609886,24990.6732011893,22967.16,4542.484446098861,2023.5132011893,4542.484446098861,2023.5132011893,19.77817216451168,8.810463292759312,8.810463292759314
prior_year_province_anchor,인천,숙박 및 음식점업,1,2024,regional_service_production_index_I,prior_positive_improvement_3783.585_eok,23160.25111155504,21938.12613918017,22964.49,195.76111155503895,-1026.3638608198307,195.76111155503895,1026.3638608198307,0.8524513784326974,4.469351859413514,4.469351859413514
prior_year_province_anchor,인천,숙박 및 음식점업,1,2025,regional_service_production_index_I,prior_positive_improvement_2952.982_eok,22201.91962068827,22506.116946107784,22645.5,-443.5803793117302,-139.38305389221568,443.5803793117302,139.38305389221568,1.9588014365402848,0.615500006147869,0.615500006147869
prior_year_province_anchor,인천,숙박 및 음식점업,2,2021,baseline,no_prior_positive_route,19321.817305095305,19321.817305095305,21013.85,-1692.032694904694,-1692.032694904694,1692.032694904694,1692.032694904694,8.051988069319492,8.051988069319492,
prior_year_province_anchor,인천,숙박 및 음식점업,2,2022,regional_service_production_index_I,prior_positive_improvement_323.982_eok,23832.315413263197,24475.217428267795,24037.74,-205.42458673680449,437.4774282677936,205.42458673680449,437.4774282677936,0.8545919322565453,1.819960729535279,1.819960729535279
prior_year_province_anchor,인천,숙박 및 음식점업,2,2023,regional_service_production_index_I,prior_positive_improvement_91.929_eok,24963.947156892325,23423.637153284675,22967.16,1996.7871568923256,456.4771532846753,1996.7871568923256,456.4771532846753,8.694096949262885,1.9875211096394823,1.9875211096394825
prior_year_province_anchor,인천,숙박 및 음식점업,2,2024,regional_service_production_index_I,prior_positive_improvement_1632.239_eok,23038.72523180826,22235.995730337076,22964.49,74.23523180825941,-728.494269662926,74.23523180825941,728.494269662926,0.3232609642463621,3.172264089744322,3.172264089744322
prior_year_province_anchor,인천,숙박 및 음식점업,2,2025,regional_service_production_index_I,prior_positive_improvement_977.980_eok,22389.506605601066,22442.569772727275,22645.5,-255.9933943989381,-202.93022727272543,255.9933943989381,202.93022727272543,1.1304382521866954,0.8961172297927863,0.8961172297927864
prior_year_province_anchor,인천,숙박 및 음식점업,3,2021,baseline,no_prior_positive_route,20242.704174960218,20242.704174960218,21013.85,-771.1458250397845,-771.1458250397845,771.1458250397845,771.1458250397845,3.6697027200621712,3.6697027200621712,
prior_year_province_anchor,인천,숙박 및 음식점업,3,2022,baseline,no_prior_positive_route,24374.912922077823,24374.912922077823,24037.74,337.17292207782157,337.17292207782157,337.17292207782157,337.17292207782157,1.4026814587304028,1.4026814587304028,
prior_year_province_anchor,인천,숙박 및 음식점업,3,2023,baseline,no_prior_positive_route,24060.82480450486,24060.82480450486,22967.16,1093.6648045048605,1093.6648045048605,1093.6648045048605,1093.6648045048605,4.761863480312152,4.761863480312152,
prior_year_province_anchor,인천,숙박 및 음식점업,3,2024,regional_service_production_index_I,prior_positive_improvement_120.968_eok,22814.333332034916,22232.724271965228,22964.49,-150.15666796508594,-731.7657280347739,150.15666796508594,731.7657280347739,0.6538645881754218,3.1865098159583507,3.1865098159583507
prior_year_province_anchor,인천,숙박 및 음식점업,3,2025,baseline,no_prior_positive_route,22730.69253204846,22730.69253204846,22645.5,85.19253204845882,85.19253204845882,85.19253204845882,85.19253204845882,0.3762007111720157,0.3762007111720157,
prior_year_province_anchor,인천,숙박 및 음식점업,4,2021,baseline,no_prior_positive_route,21708.413756120968,21708.413756120968,21013.85,694.5637561209696,694.5637561209696,694.5637561209696,694.5637561209696,3.3052665557285774,3.3052665557285774,
prior_year_province_anchor,인천,숙박 및 음식점업,4,2022,regional_service_production_index_I,prior_positive_improvement_348.366_eok,23915.81383577635,23918.62876712329,24037.74,-121.92616422365244,-119.1112328767158,121.92616422365244,119.1112328767158,0.5072280681280872,0.495517602223486,0.495517602223486
prior_year_province_anchor,인천,숙박 및 음식점업,4,2023,regional_service_production_index_I,prior_positive_improvement_351.180_eok,23693.680272282083,22586.007781181623,22967.16,726.5202722820832,-381.1522188183735,726.5202722820832,381.1522188183735,3.1633004354133605,1.6595531133077557,1.6595531133077557
prior_year_province_anchor,인천,숙박 및 음식점업,4,2024,regional_service_production_index_I,prior_positive_improvement_696.548_eok,22621.923353341917,22453.688327899396,22964.49,-342.5666466580842,-510.8016721006061,342.5666466580842,510.8016721006061,1.491723293911967,2.2243109779516375,2.2243109779516375
prior_year_province_anchor,인천,숙박 및 음식점업,4,2025,regional_service_production_index_I,prior_positive_improvement_528.313_eok,22826.74129427158,22504.981386374464,22645.5,181.24129427157823,-140.5186136255361,181.24129427157823,140.5186136255361,0.8003413228746472,0.6205145111635252,0.6205145111635252
prior_year_province_anchor,인천,운수 및 창고업,1,2021,baseline,no_prior_positive_route,76955.12747890454,76955.12747890454,74372.88,2582.2474789045373,2582.2474789045373,2582.2474789045373,2582.2474789045373,3.4720283507974106,3.4720283507974106,
prior_year_province_anchor,인천,운수 및 창고업,1,2022,baseline,no_prior_positive_route,79878.50494297744,79878.50494297744,105023.27,-25144.765057022567,-25144.765057022567,25144.765057022567,25144.765057022567,23.942089269380553,23.942089269380553,
prior_year_province_anchor,인천,운수 및 창고업,1,2023,baseline,no_prior_positive_route,114992.720272361,114992.720272361,155085.44,-40092.71972763901,-40092.71972763901,40092.71972763901,40092.71972763901,25.85202049118151,25.85202049118151,
prior_year_province_anchor,인천,운수 및 창고업,1,2024,regional_service_production_index_H,prior_positive_improvement_21606.752_eok,182688.1682434613,187020.7970526316,165626.9,17061.268243461265,21393.897052631597,17061.268243461265,21393.897052631597,10.301024920143568,12.916921739543275,12.916921739543277
prior_year_province_anchor,인천,운수 및 창고업,1,2025,regional_service_production_index_H,prior_positive_improvement_17274.123_eok,171386.95471936453,167976.21773049646,162828.99,8557.964719364536,5147.227730496466,8557.964719364536,5147.227730496466,5.255799178859082,3.1611248896750306,3.1611248896750306
prior_year_province_anchor,인천,운수 및 창고업,2,2021,baseline,no_prior_positive_route,84418.26424916215,84418.26424916215,74372.88,10045.384249162147,10045.384249162147,10045.384249162147,10045.384249162147,13.506783990565038,13.506783990565038,
prior_year_province_anchor,인천,운수 및 창고업,2,2022,regional_service_production_index_H,prior_positive_improvement_2753.360_eok,81259.77095351303,87004.4643809524,105023.27,-23763.499046486977,-18018.805619047605,23763.499046486977,18018.805619047605,22.626889304138956,17.156964946004447,17.156964946004447
prior_year_province_anchor,인천,운수 및 창고업,2,2023,regional_service_production_index_H,prior_positive_improvement_8498.053_eok,120870.05968795498,154423.63218905474,155085.44,-34215.38031204502,-661.8078109452617,34215.38031204502,661.8078109452617,22.062277614226726,0.4267375525034856,0.4267375525034856
prior_year_province_anchor,인천,운수 및 창고업,2,2024,regional_service_production_index_H,prior_positive_improvement_42051.626_eok,173373.58196636327,176504.4995386035,165626.9,7746.681966363278,10877.599538603508,7746.681966363278,10877.599538603508,4.677188286663143,6.567531927847173,6.567531927847171
prior_year_province_anchor,인천,운수 및 창고업,2,2025,regional_service_production_index_H,prior_positive_improvement_38920.708_eok,170937.78581553377,167283.16900000002,162828.99,8108.795815533784,4454.179000000033,8108.795815533784,4454.179000000033,4.979946025295487,2.7354950736966637,2.7354950736966637
prior_year_province_anchor,인천,운수 및 창고업,3,2021,baseline,no_prior_positive_route,85065.85853739185,85065.85853739185,74372.88,10692.978537391842,10692.978537391842,10692.978537391842,10692.978537391842,14.377523819693202,14.377523819693202,
prior_year_province_anchor,인천,운수 및 창고업,3,2022,regional_service_production_index_H,prior_positive_improvement_9238.617_eok,82905.98943476484,90100.66250172773,105023.27,-22117.280565235167,-14922.607498272278,22117.280565235167,14922.607498272278,21.059409562504737,14.208858187592405,14.208858187592403
prior_year_province_anchor,인천,운수 및 창고업,3,2023,regional_service_production_index_H,prior_positive_improvement_16433.290_eok,121677.27887420006,153251.29758128923,155085.44,-33408.16112579995,-1834.1424187107768,33408.16112579995,1834.1424187107768,21.54177795529996,1.1826657735960107,1.1826657735960109
prior_year_province_anchor,인천,운수 및 창고업,3,2024,regional_service_production_index_H,prior_positive_improvement_48007.308_eok,171255.5988130602,168575.08440969506,165626.9,5628.698813060211,2948.1844096950663,5628.698813060211,2948.1844096950663,3.398420675059554,1.7800154502046868,1.7800154502046868
prior_year_province_anchor,인천,운수 및 창고업,3,2025,regional_service_production_index_H,prior_positive_improvement_50687.823_eok,170188.7800665031,167771.32308937242,162828.99,7359.790066503105,4942.333089372434,7359.790066503105,4942.333089372434,4.519950695820876,3.035290637970815,3.035290637970815
prior_year_province_anchor,인천,운수 및 창고업,4,2021,baseline,no_prior_positive_route,85702.90119871909,85702.90119871909,74372.88,11330.021198719083,11330.021198719083,11330.021198719083,11330.021198719083,15.234076183037532,15.234076183037528,
prior_year_province_anchor,인천,운수 및 창고업,4,2022,regional_service_production_index_H,prior_positive_improvement_9405.388_eok,83888.09768648849,92386.68118571068,105023.27,-21135.172313511517,-12636.588814289324,21135.172313511517,12636.588814289324,20.124275613882062,12.032179929542588,12.032179929542588
prior_year_province_anchor,인천,운수 및 창고업,4,2023,regional_service_production_index_H,prior_positive_improvement_17903.971_eok,121438.37120905884,150348.42588823172,155085.44,-33647.06879094115,-4737.01411176828,33647.06879094115,4737.01411176828,21.69582701699215,3.0544544425113536,3.0544544425113536
prior_year_province_anchor,인천,운수 및 창고업,4,2024,regional_service_production_index_H,prior_positive_improvement_46814.026_eok,169214.2219763626,166685.36249608206,165626.9,3587.321976362611,1058.4624960820656,3587.321976362611,1058.4624960820656,2.1659054032663843,0.6390643645941967,0.6390643645941967
prior_year_province_anchor,인천,운수 및 창고업,4,2025,regional_service_production_index_H,prior_positive_improvement_49342.885_eok,169337.92563789868,166263.58877253445,162828.99,6508.935637898685,3434.5987725344603,6508.935637898685,3434.5987725344603,3.997405890621004,2.1093287949120487,2.1093287949120487
prior_year_province_anchor,인천,정보통신업,1,2021,baseline,no_prior_positive_route,17801.9504273313,17801.9504273313,18675.84,-873.8895726687006,-873.8895726687006,873.8895726687006,873.8895726687006,4.679251764143945,4.679251764143945,
prior_year_province_anchor,인천,정보통신업,1,2022,baseline,no_prior_positive_route,19259.06168445883,19259.06168445883,19311.879999999997,-52.818315541167976,-52.818315541167976,52.818315541167976,52.818315541167976,0.2735016763834902,0.27350167638349027,
prior_year_province_anchor,인천,정보통신업,1,2023,baseline,no_prior_positive_route,20550.446319642364,20550.446319642364,18172.53,2377.916319642365,2377.916319642365,2377.916319642365,2377.916319642365,13.085224344889596,13.085224344889596,
prior_year_province_anchor,인천,정보통신업,1,2024,baseline,no_prior_positive_route,18626.827993058523,18626.827993058523,18110.51,516.3179930585247,516.3179930585247,516.3179930585247,516.3179930585247,2.850930167391889,2.850930167391889,
prior_year_province_anchor,인천,정보통신업,1,2025,baseline,no_prior_positive_route,18299.248068888508,18299.248068888508,16664.08,1635.1680688885062,1635.1680688885062,1635.1680688885062,1635.1680688885062,9.81253131819162,9.81253131819162,
prior_year_province_anchor,인천,정보통신업,2,2021,baseline,no_prior_positive_route,18040.097997890327,18040.097997890327,18675.84,-635.7420021096732,-635.7420021096732,635.7420021096732,635.7420021096732,3.404087859553697,3.404087859553697,
prior_year_province_anchor,인천,정보통신업,2,2022,baseline,no_prior_positive_route,19354.14843385161,19354.14843385161,19311.879999999997,42.26843385160828,42.26843385160828,42.26843385160828,42.26843385160828,0.2188727034944722,0.21887270349447221,
prior_year_province_anchor,인천,정보통신업,2,2023,baseline,no_prior_positive_route,20004.969686561355,20004.969686561355,18172.53,1832.439686561356,1832.439686561356,1832.439686561356,1832.439686561356,10.083569467549957,10.083569467549957,
prior_year_province_anchor,인천,정보통신업,2,2024,baseline,no_prior_positive_route,18375.56950492361,18375.56950492361,18110.51,265.05950492360716,265.05950492360716,265.05950492360716,265.05950492360716,1.463567314910553,1.463567314910553,
prior_year_province_anchor,인천,정보통신업,2,2025,baseline,no_prior_positive_route,18480.57204323837,18480.57204323837,16664.08,1816.4920432383697,1816.4920432383697,1816.4920432383697,1816.4920432383697,10.90064403938513,10.90064403938513,
prior_year_province_anchor,인천,정보통신업,3,2021,baseline,no_prior_positive_route,18359.35516056449,18359.35516056449,18675.84,-316.48483943551037,-316.48483943551037,316.48483943551037,316.48483943551037,1.694621711449179,1.694621711449179,
prior_year_province_anchor,인천,정보통신업,3,2022,baseline,no_prior_positive_route,19304.11661016114,19304.11661016114,19311.879999999997,-7.763389838855801,-7.763389838855801,7.763389838855801,7.763389838855801,0.0402000729025646,0.04020007290256465,
prior_year_province_anchor,인천,정보통신업,3,2023,baseline,no_prior_positive_route,20036.061937122857,20036.061937122857,18172.53,1863.531937122858,1863.531937122858,1863.531937122858,1863.531937122858,10.25466424940753,10.25466424940753,
prior_year_province_anchor,인천,정보통신업,3,2024,regional_service_production_index_J,prior_positive_improvement_1.075_eok,18292.0484430231,20444.834011042545,18110.51,181.53844302310245,2334.3240110425468,181.53844302310245,2334.3240110425468,1.0023927709551108,12.88933338179072,12.88933338179072
prior_year_province_anchor,인천,정보통신업,3,2025,baseline,no_prior_positive_route,18486.7962548907,18486.7962548907,16664.08,1822.7162548907,1822.7162548907,1822.7162548907,1822.7162548907,10.937995106184678,10.937995106184678,
prior_year_province_anchor,인천,정보통신업,4,2021,baseline,no_prior_positive_route,18512.362510839237,18512.362510839237,18675.84,-163.47748916076307,-163.47748916076307,163.47748916076307,163.47748916076307,0.8753420952458528,0.8753420952458528,
prior_year_province_anchor,인천,정보통신업,4,2022,baseline,no_prior_positive_route,19110.844475803693,19110.844475803693,19311.879999999997,-201.03552419630432,-201.03552419630432,201.03552419630432,201.03552419630432,1.0409940627028769,1.0409940627028769,
prior_year_province_anchor,인천,정보통신업,4,2023,baseline,no_prior_positive_route,20098.777431091523,20098.777431091523,18172.53,1926.247431091524,1926.247431091524,1926.247431091524,1926.247431091524,10.599775766453677,10.599775766453675,
prior_year_province_anchor,인천,정보통신업,4,2024,regional_service_production_index_J,prior_positive_improvement_1129.513_eok,18256.39196768624,19725.848635714283,18110.51,145.88196768624402,1615.3386357142845,145.88196768624402,1615.3386357142845,0.8055099921882047,8.919343716517561,8.919343716517561
prior_year_province_anchor,인천,정보통신업,4,2025,baseline,no_prior_positive_route,18486.73328963947,18486.73328963947,16664.08,1822.6532896394672,1822.6532896394672,1822.6532896394672,1822.6532896394672,10.93761725603494,10.937617256034939,
prior_year_province_anchor,충북,건설업,1,2021,baseline,no_prior_positive_route,37800.763657912015,37800.763657912015,38452.119999999995,-651.35634208798,-651.35634208798,651.35634208798,651.35634208798,1.693941301774727,1.693941301774727,
prior_year_province_anchor,충북,건설업,1,2022,baseline,no_prior_positive_route,38456.21893491662,38456.21893491662,44883.57,-6427.351065083378,-6427.351065083378,6427.351065083378,6427.351065083378,14.320053117618269,14.320053117618267,
prior_year_province_anchor,충북,건설업,1,2023,baseline,no_prior_positive_route,45867.186850302365,45867.186850302365,44923.93,943.2568503023648,943.2568503023648,943.2568503023648,943.2568503023648,2.099675719159844,2.0996757191598436,
prior_year_province_anchor,충북,건설업,1,2024,baseline,no_prior_positive_route,46505.229798624016,46505.229798624016,46546.03,-40.800201375983306,-40.800201375983306,40.800201375983306,40.800201375983306,0.0876555989328913,0.08765559893289139,
prior_year_province_anchor,충북,건설업,1,2025,baseline,no_prior_positive_route,40815.48733534652,40815.48733534652,43703.439999999995,-2887.9526646534723,-2887.9526646534723,2887.9526646534723,2887.9526646534723,6.608067155934344,6.608067155934344,
prior_year_province_anchor,충북,건설업,2,2021,baseline,no_prior_positive_route,37828.68409117423,37828.68409117423,38452.119999999995,-623.4359088257625,-623.4359088257625,623.4359088257625,623.4359088257625,1.621330394333947,1.621330394333947,
prior_year_province_anchor,충북,건설업,2,2022,baseline,no_prior_positive_route,38260.05989419426,38260.05989419426,44883.57,-6623.510105805741,-6623.510105805741,6623.510105805741,6623.510105805741,14.757092864506411,14.757092864506413,
prior_year_province_anchor,충북,건설업,2,2023,baseline,no_prior_positive_route,45324.63522700219,45324.63522700219,44923.93,400.7052270021886,400.7052270021886,400.7052270021886,400.7052270021886,0.8919638753826493,0.8919638753826493,
prior_year_province_anchor,충북,건설업,2,2024,baseline,no_prior_positive_route,45368.438995590055,45368.438995590055,46546.03,-1177.5910044099437,-1177.5910044099437,1177.5910044099437,1177.5910044099437,2.529949395061069,2.529949395061069,
prior_year_province_anchor,충북,건설업,2,2025,baseline,no_prior_positive_route,41313.89974391816,41313.89974391816,43703.439999999995,-2389.540256081833,-2389.540256081833,2389.540256081833,2389.540256081833,5.467625102467525,5.467625102467525,
prior_year_province_anchor,충북,건설업,3,2021,baseline,no_prior_positive_route,38059.6709245212,38059.6709245212,38452.119999999995,-392.4490754787985,-392.4490754787985,392.4490754787985,392.4490754787985,1.0206175250644138,1.0206175250644138,
prior_year_province_anchor,충북,건설업,3,2022,baseline,no_prior_positive_route,38620.09040394731,38620.09040394731,44883.57,-6263.47959605269,-6263.47959605269,6263.47959605269,6263.47959605269,13.954949653186432,13.954949653186432,
prior_year_province_anchor,충북,건설업,3,2023,baseline,no_prior_positive_route,45297.270104534175,45297.270104534175,44923.93,373.3401045341743,373.3401045341743,373.3401045341743,373.3401045341743,0.8310495197863907,0.8310495197863907,
prior_year_province_anchor,충북,건설업,3,2024,baseline,no_prior_positive_route,44196.854465165525,44196.854465165525,46546.03,-2349.175534834474,-2349.175534834474,2349.175534834474,2349.175534834474,5.046994415709512,5.046994415709512,
prior_year_province_anchor,충북,건설업,3,2025,baseline,no_prior_positive_route,42000.417268192694,42000.417268192694,43703.439999999995,-1703.0227318073012,-1703.0227318073012,1703.0227318073012,1703.0227318073012,3.896770441428184,3.896770441428184,
prior_year_province_anchor,충북,건설업,4,2021,baseline,no_prior_positive_route,38406.69346779874,38406.69346779874,38452.119999999995,-45.42653220125794,-45.42653220125794,45.42653220125794,45.42653220125794,0.1181379133354882,0.11813791333548827,
prior_year_province_anchor,충북,건설업,4,2022,baseline,no_prior_positive_route,38833.30454593456,38833.30454593456,44883.57,-6050.26545406544,-6050.26545406544,6050.26545406544,6050.26545406544,13.479911366376248,13.479911366376248,
prior_year_province_anchor,충북,건설업,4,2023,baseline,no_prior_positive_route,44625.78226547755,44625.78226547755,44923.93,-298.14773452244845,-298.14773452244845,298.14773452244845,298.14773452244845,0.6636724225205775,0.6636724225205775,
prior_year_province_anchor,충북,건설업,4,2024,baseline,no_prior_positive_route,43556.423943071546,43556.423943071546,46546.03,-2989.6060569284527,-2989.6060569284527,2989.6060569284527,2989.6060569284527,6.42290235478397,6.42290235478397,
prior_year_province_anchor,충북,건설업,4,2025,baseline,no_prior_positive_route,42269.22781589377,42269.22781589377,43703.439999999995,-1434.212184106225,-1434.212184106225,1434.212184106225,1434.212184106225,3.2816917480780123,3.2816917480780123,
prior_year_province_anchor,충북,"광업, 제조업",1,2021,baseline,no_prior_positive_route,354380.4489165593,354380.4489165593,367467.87,-13087.421083440711,-13087.421083440711,13087.421083440711,13087.421083440711,3.561514394017826,3.5615143940178258,
prior_year_province_anchor,충북,"광업, 제조업",1,2022,baseline,no_prior_positive_route,383067.21603307704,383067.21603307704,381258.56,1808.6560330770444,1808.6560330770444,1808.6560330770444,1808.6560330770444,0.4743909312034973,0.4743909312034973,
prior_year_province_anchor,충북,"광업, 제조업",1,2024,baseline,no_prior_positive_route,392472.6359883414,392472.6359883414,341791.63,50681.005988341465,50681.005988341465,50681.005988341465,50681.005988341465,14.82804186525617,14.82804186525617,
prior_year_province_anchor,충북,"광업, 제조업",1,2025,regional_manufacturing_production_index,prior_positive_improvement_31699.040_eok,343569.3349916668,352820.83429474384,370075.14,-26505.805008333235,-17254.305705256178,26505.805008333235,17254.305705256178,7.162276560466404,4.662379025312583,4.662379025312583
prior_year_province_anchor,충북,"광업, 제조업",2,2021,baseline,no_prior_positive_route,369379.0286372286,369379.0286372286,367467.87,1911.1586372285965,1911.1586372285965,1911.1586372285965,1911.1586372285965,0.5200886371993819,0.5200886371993819,
prior_year_province_anchor,충북,"광업, 제조업",2,2022,baseline,no_prior_positive_route,382026.39042275975,382026.39042275975,381258.56,767.8304227597546,767.8304227597546,767.8304227597546,767.8304227597546,0.201393621892648,0.20139362189264803,
prior_year_province_anchor,충북,"광업, 제조업",2,2024,baseline,no_prior_positive_route,387299.33150255994,387299.33150255994,341791.63,45507.70150255994,45507.70150255994,45507.70150255994,45507.70150255994,13.31445755490266,13.31445755490266,
prior_year_province_anchor,충북,"광업, 제조업",2,2025,baseline,no_prior_positive_route,346977.95749465347,346977.95749465347,370075.14,-23097.182505346544,-23097.182505346544,23097.182505346544,23097.182505346544,6.241214285657378,6.241214285657378,
prior_year_province_anchor,충북,"광업, 제조업",3,2021,baseline,no_prior_positive_route,366063.0853382388,366063.0853382388,367467.87,-1404.784661761194,-1404.784661761194,1404.784661761194,1404.784661761194,0.3822877526030219,0.3822877526030219,
prior_year_province_anchor,충북,"광업, 제조업",3,2022,baseline,no_prior_positive_route,382172.1515067792,382172.1515067792,381258.56,913.591506779194,913.591506779194,913.591506779194,913.591506779194,0.239625178980688,0.23962517898068808,
prior_year_province_anchor,충북,"광업, 제조업",3,2024,baseline,no_prior_positive_route,384255.73157063586,384255.73157063586,341791.63,42464.10157063586,42464.10157063586,42464.10157063586,42464.10157063586,12.423973510011308,12.423973510011308,
prior_year_province_anchor,충북,"광업, 제조업",3,2025,regional_manufacturing_production_index,prior_positive_improvement_13207.820_eok,349483.62109360745,202104.49126453017,370075.14,-20591.518906392565,-167970.64873546988,20591.518906392565,167970.64873546988,5.564145407441463,45.38825513528681,45.38825513528681
prior_year_province_anchor,충북,"광업, 제조업",4,2021,baseline,no_prior_positive_route,360444.8101335303,360444.8101335303,367467.87,-7023.0598664696445,-7023.0598664696445,7023.0598664696445,7023.0598664696445,1.9112037921763456,1.9112037921763458,
prior_year_province_anchor,충북,"광업, 제조업",4,2022,baseline,no_prior_positive_route,376365.2607972396,376365.2607972396,381258.56,-4893.2992027603905,-4893.2992027603905,4893.2992027603905,4893.2992027603905,1.2834594986563423,1.2834594986563423,
prior_year_province_anchor,충북,"광업, 제조업",4,2024,baseline,no_prior_positive_route,381685.3387647181,381685.3387647181,341791.63,39893.70876471803,39893.70876471803,39893.70876471803,39893.70876471803,11.671938474537258,11.671938474537258,
prior_year_province_anchor,충북,"광업, 제조업",4,2025,regional_manufacturing_production_index,prior_positive_improvement_19459.138_eok,349322.4759562925,150418.16317027813,370075.14,-20752.66404370754,-219656.97682972188,20752.66404370754,219656.97682972188,5.60768930431467,59.35469667855071,59.35469667855071
prior_year_province_anchor,충북,교육 서비스업,1,2021,baseline,no_prior_positive_route,35397.10839799352,35397.10839799352,36470.39,-1073.2816020064784,-1073.2816020064784,1073.2816020064784,1073.2816020064784,2.9428849047308745,2.9428849047308745,
prior_year_province_anchor,충북,교육 서비스업,1,2022,baseline,no_prior_positive_route,38231.71020369671,38231.71020369671,38221.17,10.540203696713434,10.540203696713434,10.540203696713434,10.540203696713434,0.027576873488471,0.02757687348847101,
prior_year_province_anchor,충북,교육 서비스업,1,2024,baseline,no_prior_positive_route,39715.88830337772,39715.88830337772,39559.04,156.84830337771564,156.84830337771564,156.84830337771564,156.84830337771564,0.39649168275498,0.39649168275498003,
prior_year_province_anchor,충북,교육 서비스업,1,2025,baseline,no_prior_positive_route,39309.56615571586,39309.56615571586,39496.67,-187.10384428413815,-187.10384428413815,187.10384428413815,187.10384428413815,0.4737205548825716,0.47372055488257153,
prior_year_province_anchor,충북,교육 서비스업,2,2021,baseline,no_prior_positive_route,35744.155670262946,35744.155670262946,36470.39,-726.2343297370535,-726.2343297370535,726.2343297370535,726.2343297370535,1.9912985019821656,1.9912985019821656,
prior_year_province_anchor,충북,교육 서비스업,2,2022,baseline,no_prior_positive_route,38128.65431631221,38128.65431631221,38221.17,-92.51568368779408,-92.51568368779408,92.51568368779408,92.51568368779408,0.2420535103655751,0.24205351036557513,
prior_year_province_anchor,충북,교육 서비스업,2,2024,baseline,no_prior_positive_route,39732.58372353927,39732.58372353927,39559.04,173.54372353926738,173.54372353926738,173.54372353926738,173.54372353926738,0.4386954879068536,0.4386954879068536,
prior_year_province_anchor,충북,교육 서비스업,2,2025,baseline,no_prior_positive_route,39237.411428439285,39237.411428439285,39496.67,-259.2585715607129,-259.2585715607129,259.2585715607129,259.2585715607129,0.6564061516090164,0.6564061516090164,
prior_year_province_anchor,충북,교육 서비스업,3,2021,baseline,no_prior_positive_route,36040.9673514757,36040.9673514757,36470.39,-429.422648524298,-429.422648524298,429.422648524298,429.422648524298,1.1774555976075332,1.1774555976075332,
prior_year_province_anchor,충북,교육 서비스업,3,2022,baseline,no_prior_positive_route,37977.59867720986,37977.59867720986,38221.17,-243.57132279013604,-243.57132279013604,243.57132279013604,243.57132279013604,0.6372680972093111,0.6372680972093111,
prior_year_province_anchor,충북,교육 서비스업,3,2024,baseline,no_prior_positive_route,39662.86662469941,39662.86662469941,39559.04,103.82662469940988,103.82662469940988,103.82662469940988,103.82662469940988,0.2624599199055636,0.2624599199055636,
prior_year_province_anchor,충북,교육 서비스업,3,2025,baseline,no_prior_positive_route,39375.67010059032,39375.67010059032,39496.67,-120.99989940968226,-120.99989940968226,120.99989940968226,120.99989940968226,0.3063546861284312,0.30635468612843125,
prior_year_province_anchor,충북,교육 서비스업,4,2021,baseline,no_prior_positive_route,36095.26318411987,36095.26318411987,36470.39,-375.1268158801322,-375.1268158801322,375.1268158801322,375.1268158801322,1.028579118238473,1.028579118238473,
prior_year_province_anchor,충북,교육 서비스업,4,2022,baseline,no_prior_positive_route,37932.10576513795,37932.10576513795,38221.17,-289.06423486204585,-289.06423486204585,289.06423486204585,289.06423486204585,0.7562935275451952,0.7562935275451952,
prior_year_province_anchor,충북,교육 서비스업,4,2024,baseline,no_prior_positive_route,39650.40894077152,39650.40894077152,39559.04,91.368940771521,91.368940771521,91.368940771521,91.368940771521,0.2309685492153525,0.23096854921535256,
prior_year_province_anchor,충북,교육 서비스업,4,2025,baseline,no_prior_positive_route,39430.41220527372,39430.41220527372,39496.67,-66.25779472627619,-66.25779472627619,66.25779472627619,66.25779472627619,0.1677553948884202,0.1677553948884202,
prior_year_province_anchor,충북,금융 및 보험업,1,2021,baseline,no_prior_positive_route,22192.728502459915,22192.728502459915,21623.73,568.9985024599155,568.9985024599155,568.9985024599155,568.9985024599155,2.6313614832404744,2.6313614832404744,
prior_year_province_anchor,충북,금융 및 보험업,1,2022,regional_service_production_index_K,prior_positive_improvement_251.291_eok,22779.595424019004,22426.13292102759,22478.23,301.3654240190044,-52.09707897240878,301.3654240190044,52.09707897240878,1.3406990853772938,0.23176682048545988,0.2317668204854598
prior_year_province_anchor,충북,금융 및 보험업,1,2023,regional_service_production_index_K,prior_positive_improvement_500.559_eok,22770.532295903704,24478.586247706426,23244.03,-473.4977040962949,1234.5562477064232,473.4977040962949,1234.5562477064232,2.037072332535687,5.311283145420235,5.311283145420235
prior_year_province_anchor,충북,금융 및 보험업,1,2025,baseline,no_prior_positive_route,24874.67063296328,24874.67063296328,24390.679999999997,483.99063296328313,483.99063296328313,483.99063296328313,483.99063296328313,1.9843261153985177,1.9843261153985177,
prior_year_province_anchor,충북,금융 및 보험업,2,2021,baseline,no_prior_positive_route,21840.984607263083,21840.984607263083,21623.73,217.25460726308305,217.25460726308305,217.25460726308305,217.25460726308305,1.0047045873356863,1.0047045873356866,
prior_year_province_anchor,충북,금융 및 보험업,2,2022,regional_service_production_index_K,prior_positive_improvement_11.265_eok,22620.80555876213,22837.62159847764,22478.23,142.57555876213155,359.3915984776395,142.57555876213155,359.3915984776395,0.634282853953054,1.5988429626249019,1.598842962624902
prior_year_province_anchor,충북,금융 및 보험업,2,2023,baseline,no_prior_positive_route,22839.120310512473,22839.120310512473,23244.03,-404.9096894875256,-404.9096894875256,404.9096894875256,404.9096894875256,1.7419943507538307,1.7419943507538307,
prior_year_province_anchor,충북,금융 및 보험업,2,2025,baseline,no_prior_positive_route,24757.03069186504,24757.03069186504,24390.679999999997,366.3506918650455,366.3506918650455,366.3506918650455,366.3506918650455,1.502010980690352,1.502010980690352,
prior_year_province_anchor,충북,금융 및 보험업,3,2021,baseline,no_prior_positive_route,21810.716731286393,21810.716731286393,21623.73,186.98673128639348,186.98673128639348,186.98673128639348,186.98673128639348,0.864729310282701,0.864729310282701,
prior_year_province_anchor,충북,금융 및 보험업,3,2022,regional_service_production_index_K,prior_positive_improvement_6.787_eok,22295.511633983857,23012.65976070529,22478.23,-182.71836601614268,534.4297607052904,182.71836601614268,534.4297607052904,0.8128681218055989,2.3775437866117146,2.3775437866117146
prior_year_province_anchor,충북,금융 및 보험업,3,2023,baseline,no_prior_positive_route,22906.7701788731,22906.7701788731,23244.03,-337.2598211268996,-337.2598211268996,337.2598211268996,337.2598211268996,1.4509524429580396,1.4509524429580396,
prior_year_province_anchor,충북,금융 및 보험업,3,2025,baseline,no_prior_positive_route,24644.676800954367,24644.676800954367,24390.679999999997,253.99680095436997,253.99680095436997,253.99680095436997,253.99680095436997,1.0413682642483524,1.0413682642483524,
prior_year_province_anchor,충북,금융 및 보험업,4,2021,baseline,no_prior_positive_route,21773.88205773516,21773.88205773516,21623.73,150.15205773515845,150.15205773515845,150.15205773515845,150.15205773515845,0.6943855557536024,0.6943855557536024,
prior_year_province_anchor,충북,금융 및 보험업,4,2022,baseline,no_prior_positive_route,22215.10375723606,22215.10375723606,22478.23,-263.12624276394126,-263.12624276394126,263.12624276394126,263.12624276394126,1.17058257151004,1.17058257151004,
prior_year_province_anchor,충북,금융 및 보험업,4,2023,baseline,no_prior_positive_route,22619.87161876572,22619.87161876572,23244.03,-624.1583812342797,-624.1583812342797,624.1583812342797,624.1583812342797,2.6852416781181216,2.6852416781181216,
prior_year_province_anchor,충북,금융 및 보험업,4,2025,baseline,no_prior_positive_route,24744.226090740107,24744.226090740107,24390.679999999997,353.54609074011023,353.54609074011023,353.54609074011023,353.54609074011023,1.4495130547410335,1.4495130547410335,
prior_year_province_anchor,충북,도매 및 소매업,1,2021,baseline,no_prior_positive_route,29589.367033306647,29589.367033306647,29772.34,-182.97296669335265,-182.97296669335265,182.97296669335265,182.97296669335265,0.6145736838063539,0.6145736838063539,
prior_year_province_anchor,충북,도매 및 소매업,1,2022,regional_service_production_index_G,prior_positive_improvement_168.461_eok,30892.012182703224,30371.9843101712,29638.72,1253.2921827032224,733.2643101711983,1253.2921827032224,733.2643101711983,4.228563793251606,2.4740080211669,2.4740080211669
prior_year_province_anchor,충북,도매 및 소매업,1,2023,regional_service_production_index_G,prior_positive_improvement_688.488_eok,30917.352525685073,31013.86298124383,29287.22,1630.1325256850723,1726.6429812438328,1630.1325256850723,1726.6429812438328,5.566020010383616,5.895550964700073,5.895550964700073
prior_year_province_anchor,충북,도매 및 소매업,1,2024,regional_service_production_index_G,prior_positive_improvement_591.978_eok,28563.32521247956,27933.37681132075,29197.14,-633.8147875204377,-1263.7631886792478,633.8147875204377,1263.7631886792478,2.170811207948579,4.328380069689182,4.328380069689182
prior_year_province_anchor,충북,도매 및 소매업,1,2025,baseline,no_prior_positive_route,28962.486849026096,28962.486849026096,29438.28,-475.7931509739028,-475.7931509739028,475.7931509739028,475.7931509739028,1.6162396409501605,1.6162396409501603,
prior_year_province_anchor,충북,도매 및 소매업,2,2021,baseline,no_prior_positive_route,29864.23384879163,29864.23384879163,29772.34,91.89384879163116,91.89384879163116,91.89384879163116,91.89384879163116,0.3086551100505744,0.3086551100505743,
prior_year_province_anchor,충북,도매 및 소매업,2,2022,baseline,no_prior_positive_route,30799.704824851386,30799.704824851386,29638.72,1160.9848248513808,1160.9848248513808,1160.9848248513808,1160.9848248513808,3.917122010840484,3.917122010840484,
prior_year_province_anchor,충북,도매 및 소매업,2,2023,regional_service_production_index_G,prior_positive_improvement_495.484_eok,29691.00073134284,30256.492641783807,29287.22,403.7807313428384,969.2726417838056,403.7807313428384,969.2726417838056,1.3786925879029774,3.309541300894402,3.309541300894403
prior_year_province_anchor,충북,도매 및 소매업,2,2024,baseline,no_prior_positive_route,28760.431993802653,28760.431993802653,29197.14,-436.70800619734655,-436.70800619734655,436.70800619734655,436.70800619734655,1.495721862474703,1.495721862474703,
prior_year_province_anchor,충북,도매 및 소매업,2,2025,baseline,no_prior_positive_route,29097.90657980908,29097.90657980908,29438.28,-340.3734201909174,-340.3734201909174,340.3734201909174,340.3734201909174,1.1562272666436946,1.1562272666436946,
prior_year_province_anchor,충북,도매 및 소매업,3,2021,baseline,no_prior_positive_route,29747.716286809773,29747.716286809773,29772.34,-24.623713190227136,-24.623713190227136,24.623713190227136,24.623713190227136,0.0827066773731159,0.0827066773731159,
prior_year_province_anchor,충북,도매 및 소매업,3,2022,baseline,no_prior_positive_route,30880.01764633903,30880.01764633903,29638.72,1241.2976463390332,1241.2976463390332,1241.2976463390332,1241.2976463390332,4.188094648955937,4.188094648955937,
prior_year_province_anchor,충북,도매 및 소매업,3,2023,regional_service_production_index_G,prior_positive_improvement_494.841_eok,29124.689197040825,30004.392519480523,29287.22,-162.53080295917607,717.1725194805222,162.53080295917607,717.1725194805222,0.5549546968239938,2.4487558719486593,2.4487558719486593
prior_year_province_anchor,충북,도매 및 소매업,3,2024,baseline,no_prior_positive_route,28811.07902190991,28811.07902190991,29197.14,-386.0609780900886,-386.0609780900886,386.0609780900886,386.0609780900886,1.322256145944735,1.322256145944735,
prior_year_province_anchor,충북,도매 및 소매업,3,2025,baseline,no_prior_positive_route,29519.51052951656,29519.51052951656,29438.28,81.23052951656064,81.23052951656064,81.23052951656064,81.23052951656064,0.2759350393995866,0.27593503939958663,
prior_year_province_anchor,충북,도매 및 소매업,4,2021,baseline,no_prior_positive_route,29776.99670739264,29776.99670739264,29772.34,4.656707392641692,4.656707392641692,4.656707392641692,4.656707392641692,0.0156410527108104,0.01564105271081041,
prior_year_province_anchor,충북,도매 및 소매업,4,2022,baseline,no_prior_positive_route,30862.973458546938,30862.973458546938,29638.72,1224.253458546933,1224.253458546933,1224.253458546933,1224.253458546933,4.130588158148978,4.130588158148978,
prior_year_province_anchor,충북,도매 및 소매업,4,2023,regional_service_production_index_G,prior_positive_improvement_491.712_eok,28667.57326752048,29846.23397392565,29287.22,-619.646732479523,559.0139739256447,619.646732479523,559.0139739256447,2.1157581104643013,1.9087300669904643,1.9087300669904643
prior_year_province_anchor,충북,도매 및 소매업,4,2024,regional_service_production_index_G,prior_positive_improvement_552.345_eok,28860.190000791725,28823.792399904098,29197.14,-336.9499992082747,-373.3476000959017,336.9499992082747,373.3476000959017,1.1540513872532538,1.2787129153605514,1.2787129153605514
prior_year_province_anchor,충북,도매 및 소매업,4,2025,regional_service_production_index_G,prior_positive_improvement_515.947_eok,29720.33736557941,29666.570265529845,29438.28,282.0573655794069,228.29026552984575,282.0573655794069,228.29026552984575,0.9581312684688336,0.7754877850534941,0.7754877850534942
prior_year_province_anchor,충북,문화 및 기타서비스업,1,2021,baseline,no_prior_positive_route,20861.286958261055,20861.286958261055,22515.71,-1654.4230417389444,-1654.4230417389444,1654.4230417389444,1654.4230417389444,7.347860856881459,7.347860856881459,
prior_year_province_anchor,충북,문화 및 기타서비스업,1,2022,baseline,no_prior_positive_route,23120.491559669517,23120.491559669517,22663.14,457.3515596695179,457.3515596695179,457.3515596695179,457.3515596695179,2.0180414526385926,2.0180414526385926,
prior_year_province_anchor,충북,문화 및 기타서비스업,1,2023,baseline,no_prior_positive_route,25438.671492096157,25438.671492096157,23366.63,2072.0414920961557,2072.0414920961557,2072.0414920961557,2072.0414920961557,8.86752386671144,8.86752386671144,
prior_year_province_anchor,충북,문화 및 기타서비스업,1,2024,baseline,no_prior_positive_route,23734.93433896152,23734.93433896152,22749.63,985.3043389615196,985.3043389615196,985.3043389615196,985.3043389615196,4.3310785228661715,4.331078522866172,
prior_year_province_anchor,충북,문화 및 기타서비스업,1,2025,baseline,no_prior_positive_route,22312.081140269453,22312.081140269453,23178.61,-866.528859730548,-866.528859730548,866.528859730548,866.528859730548,3.7384850072137543,3.7384850072137543,
prior_year_province_anchor,충북,문화 및 기타서비스업,2,2021,baseline,no_prior_positive_route,21787.65285002077,21787.65285002077,22515.71,-728.0571499792277,-728.0571499792277,728.0571499792277,728.0571499792277,3.2335518177273896,3.2335518177273896,
prior_year_province_anchor,충북,문화 및 기타서비스업,2,2022,regional_service_production_index_R_S,prior_positive_improvement_372.103_eok,23342.618673073364,25415.795316486747,22663.14,679.4786730733649,2752.6553164867473,679.4786730733649,2752.6553164867473,2.9981665077008963,12.145957340804264,12.145957340804264
prior_year_province_anchor,충북,문화 및 기타서비스업,2,2023,baseline,no_prior_positive_route,24545.58918341754,24545.58918341754,23366.63,1178.9591834175408,1178.9591834175408,1178.9591834175408,1178.9591834175408,5.045482311388252,5.045482311388252,
prior_year_province_anchor,충북,문화 및 기타서비스업,2,2024,baseline,no_prior_positive_route,23663.828910526725,23663.828910526725,22749.63,914.198910526724,914.198910526724,914.198910526724,914.198910526724,4.018522105751715,4.018522105751716,
prior_year_province_anchor,충북,문화 및 기타서비스업,2,2025,baseline,no_prior_positive_route,22313.571101235924,22313.571101235924,23178.61,-865.0388987640763,-865.0388987640763,865.0388987640763,865.0388987640763,3.7320568350046712,3.7320568350046712,
prior_year_province_anchor,충북,문화 및 기타서비스업,3,2021,baseline,no_prior_positive_route,21827.33055535416,21827.33055535416,22515.71,-688.3794446458414,-688.3794446458414,688.3794446458414,688.3794446458414,3.0573295030262937,3.0573295030262937,
prior_year_province_anchor,충북,문화 및 기타서비스업,3,2022,regional_service_production_index_R_S,prior_positive_improvement_168.143_eok,23823.292551351456,24837.06181747391,22663.14,1160.152551351457,2173.921817473911,1160.152551351457,2173.921817473911,5.119116553802593,9.592324000442616,9.592324000442616
prior_year_province_anchor,충북,문화 및 기타서비스업,3,2023,baseline,no_prior_positive_route,24299.314100895594,24299.314100895594,23366.63,932.6841008955926,932.6841008955926,932.6841008955926,932.6841008955926,3.991521673838258,3.991521673838258,
prior_year_province_anchor,충북,문화 및 기타서비스업,3,2024,baseline,no_prior_positive_route,23501.901658450664,23501.901658450664,22749.63,752.2716584506634,752.2716584506634,752.2716584506634,752.2716584506634,3.306742388560444,3.306742388560444,
prior_year_province_anchor,충북,문화 및 기타서비스업,3,2025,baseline,no_prior_positive_route,22606.50261362339,22606.50261362339,23178.61,-572.1073863766105,-572.1073863766105,572.1073863766105,572.1073863766105,2.468255802986506,2.468255802986506,
prior_year_province_anchor,충북,문화 및 기타서비스업,4,2021,baseline,no_prior_positive_route,21974.928693890284,21974.928693890284,22515.71,-540.7813061097149,-540.7813061097149,540.7813061097149,540.7813061097149,2.4017954846181397,2.4017954846181397,
prior_year_province_anchor,충북,문화 및 기타서비스업,4,2022,baseline,no_prior_positive_route,23806.86658753939,23806.86658753939,22663.14,1143.7265875393896,1143.7265875393896,1143.7265875393896,1143.7265875393896,5.046637789553388,5.046637789553388,
prior_year_province_anchor,충북,문화 및 기타서비스업,4,2023,baseline,no_prior_positive_route,23822.29759619617,23822.29759619617,23366.63,455.66759619617005,455.66759619617005,455.66759619617005,455.66759619617005,1.950078364728547,1.950078364728547,
prior_year_province_anchor,충북,문화 및 기타서비스업,4,2024,baseline,no_prior_positive_route,23393.16425522741,23393.16425522741,22749.63,643.5342552274087,643.5342552274087,643.5342552274087,643.5342552274087,2.8287680073364214,2.8287680073364214,
prior_year_province_anchor,충북,문화 및 기타서비스업,4,2025,baseline,no_prior_positive_route,22547.71752760416,22547.71752760416,23178.61,-630.8924723958407,-630.8924723958407,630.8924723958407,630.8924723958407,2.7218736257085334,2.7218736257085334,
prior_year_province_anchor,충북,보건 및 사회복지업,1,2022,baseline,no_prior_positive_route,33118.11014835384,33118.11014835384,32377.67,740.4401483538386,740.4401483538386,740.4401483538386,740.4401483538386,2.28688521550142,2.28688521550142,
prior_year_province_anchor,충북,보건 및 사회복지업,1,2023,baseline,no_prior_positive_route,33666.04234145934,33666.04234145934,33278.72,387.3223414593376,387.3223414593376,387.3223414593376,387.3223414593376,1.1638739154010058,1.1638739154010058,
prior_year_province_anchor,충북,보건 및 사회복지업,1,2024,baseline,no_prior_positive_route,34581.20263688514,34581.20263688514,34731.51,-150.30736311486544,-150.30736311486544,150.30736311486544,150.30736311486544,0.4327694451374715,0.4327694451374715,
prior_year_province_anchor,충북,보건 및 사회복지업,1,2025,baseline,no_prior_positive_route,36345.14011814315,36345.14011814315,36558.9,-213.75988185685128,-213.75988185685128,213.75988185685128,213.75988185685128,0.5846999823759776,0.5846999823759776,
prior_year_province_anchor,충북,보건 및 사회복지업,2,2022,baseline,no_prior_positive_route,32861.73231954809,32861.73231954809,32377.67,484.0623195480948,484.0623195480948,484.0623195480948,484.0623195480948,1.4950498894704125,1.4950498894704123,
prior_year_province_anchor,충북,보건 및 사회복지업,2,2023,baseline,no_prior_positive_route,33377.00074539209,33377.00074539209,33278.72,98.28074539209048,98.28074539209048,98.28074539209048,98.28074539209048,0.2953260984559817,0.2953260984559817,
prior_year_province_anchor,충북,보건 및 사회복지업,2,2024,baseline,no_prior_positive_route,34356.12663301747,34356.12663301747,34731.51,-375.3833669825326,-375.3833669825326,375.3833669825326,375.3833669825326,1.0808149918691488,1.0808149918691488,
prior_year_province_anchor,충북,보건 및 사회복지업,2,2025,baseline,no_prior_positive_route,36622.212343243016,36622.212343243016,36558.9,63.312343243014766,63.312343243014766,63.312343243014766,63.312343243014766,0.173179015897674,0.17317901589767407,
prior_year_province_anchor,충북,보건 및 사회복지업,3,2022,baseline,no_prior_positive_route,32439.751458366813,32439.751458366813,32377.67,62.08145836681433,62.08145836681433,62.08145836681433,62.08145836681433,0.1917415872322323,0.19174158723223236,
prior_year_province_anchor,충북,보건 및 사회복지업,3,2023,baseline,no_prior_positive_route,33404.92404607642,33404.92404607642,33278.72,126.20404607641832,126.20404607641832,126.20404607641832,126.20404607641832,0.3792334743536359,0.37923347435363597,
prior_year_province_anchor,충북,보건 및 사회복지업,3,2024,baseline,no_prior_positive_route,34361.53360421005,34361.53360421005,34731.51,-369.9763957899486,-369.9763957899486,369.9763957899486,369.9763957899486,1.065247079064367,1.065247079064367,
prior_year_province_anchor,충북,보건 및 사회복지업,3,2025,baseline,no_prior_positive_route,36564.87773014218,36564.87773014218,36558.9,5.9777301421781885,5.9777301421781885,5.9777301421781885,5.9777301421781885,0.0163509573378252,0.016350957337825232,
prior_year_province_anchor,충북,보건 및 사회복지업,4,2022,baseline,no_prior_positive_route,32228.0906610226,32228.0906610226,32377.67,-149.57933897739713,-149.57933897739713,149.57933897739713,149.57933897739713,0.4619830240329126,0.46198302403291264,
prior_year_province_anchor,충북,보건 및 사회복지업,4,2023,baseline,no_prior_positive_route,33462.08117032179,33462.08117032179,33278.72,183.36117032179027,183.36117032179027,183.36117032179027,183.36117032179027,0.5509862468321807,0.5509862468321807,
prior_year_province_anchor,충북,보건 및 사회복지업,4,2024,baseline,no_prior_positive_route,34499.890758554815,34499.890758554815,34731.51,-231.61924144518707,-231.61924144518707,231.61924144518707,231.61924144518707,0.6668850316188011,0.6668850316188011,
prior_year_province_anchor,충북,보건 및 사회복지업,4,2025,baseline,no_prior_positive_route,36731.888613260526,36731.888613260526,36558.9,172.9886132605243,172.9886132605243,172.9886132605243,172.9886132605243,0.473177839761383,0.47317783976138306,
prior_year_province_anchor,충북,부동산업,1,2021,baseline,no_prior_positive_route,33925.95758239796,33925.95758239796,33579.17,346.787582397963,346.787582397963,346.787582397963,346.787582397963,1.0327461411284524,1.0327461411284524,
prior_year_province_anchor,충북,부동산업,1,2022,baseline,no_prior_positive_route,32978.84756402534,32978.84756402534,33776.33,-797.4824359746635,-797.4824359746635,797.4824359746635,797.4824359746635,2.3610689378468988,2.3610689378468988,
prior_year_province_anchor,충북,부동산업,1,2023,baseline,no_prior_positive_route,33797.858762297925,33797.858762297925,34113.04,-315.18123770207603,-315.18123770207603,315.18123770207603,315.18123770207603,0.9239318386812668,0.9239318386812668,
prior_year_province_anchor,충북,부동산업,1,2024,baseline,no_prior_positive_route,34555.950294553884,34555.950294553884,36072.0,-1516.0497054461157,-1516.0497054461157,1516.0497054461157,1516.0497054461157,4.202843494805156,4.202843494805156,
prior_year_province_anchor,충북,부동산업,1,2025,baseline,no_prior_positive_route,35923.780498350265,35923.780498350265,34866.31,1057.470498350267,1057.470498350267,1057.470498350267,1057.470498350267,3.032929204008876,3.032929204008876,
prior_year_province_anchor,충북,부동산업,2,2021,baseline,no_prior_positive_route,33860.53368626543,33860.53368626543,33579.17,281.36368626543117,281.36368626543117,281.36368626543117,281.36368626543117,0.8379113785880687,0.8379113785880687,
prior_year_province_anchor,충북,부동산업,2,2022,baseline,no_prior_positive_route,32733.65602932105,32733.65602932105,33776.33,-1042.6739706789522,-1042.6739706789522,1042.6739706789522,1042.6739706789522,3.086996043320728,3.086996043320728,
prior_year_province_anchor,충북,부동산업,2,2023,baseline,no_prior_positive_route,33897.09041848341,33897.09041848341,34113.04,-215.94958151659375,-215.94958151659375,215.94958151659375,215.94958151659375,0.633041152347002,0.633041152347002,
prior_year_province_anchor,충북,부동산업,2,2024,baseline,no_prior_positive_route,34814.52659193452,34814.52659193452,36072.0,-1257.4734080654816,-1257.4734080654816,1257.4734080654816,1257.4734080654816,3.486009669731319,3.4860096697313194,
prior_year_province_anchor,충북,부동산업,2,2025,baseline,no_prior_positive_route,35904.325225794,35904.325225794,34866.31,1038.015225793999,1038.015225793999,1038.015225793999,1038.015225793999,2.977129572340747,2.977129572340747,
prior_year_province_anchor,충북,부동산업,3,2021,baseline,no_prior_positive_route,33564.04163353358,33564.04163353358,33579.17,-15.128366466415171,-15.128366466415171,15.128366466415171,15.128366466415171,0.0450528302707159,0.04505283027071596,
prior_year_province_anchor,충북,부동산업,3,2022,baseline,no_prior_positive_route,32803.38916040138,32803.38916040138,33776.33,-972.9408395986248,-972.9408395986248,972.9408395986248,972.9408395986248,2.880540424606891,2.8805404246068913,
prior_year_province_anchor,충북,부동산업,3,2023,baseline,no_prior_positive_route,34010.400296095475,34010.400296095475,34113.04,-102.63970390452596,-102.63970390452596,102.63970390452596,102.63970390452596,0.3008811407735164,0.3008811407735164,
prior_year_province_anchor,충북,부동산업,3,2024,baseline,no_prior_positive_route,34798.55691594065,34798.55691594065,36072.0,-1273.4430840593486,-1273.4430840593486,1273.4430840593486,1273.4430840593486,3.5302813374898774,3.5302813374898774,
prior_year_province_anchor,충북,부동산업,3,2025,baseline,no_prior_positive_route,36042.301147484,36042.301147484,34866.31,1175.9911474840046,1175.9911474840046,1175.9911474840046,1175.9911474840046,3.3728580612172743,3.3728580612172743,
prior_year_province_anchor,충북,부동산업,4,2021,baseline,no_prior_positive_route,33372.035568641404,33372.035568641404,33579.17,-207.13443135859416,-207.13443135859416,207.13443135859416,207.13443135859416,0.6168539346225478,0.6168539346225478,
prior_year_province_anchor,충북,부동산업,4,2022,baseline,no_prior_positive_route,32916.524208030714,32916.524208030714,33776.33,-859.8057919692874,-859.8057919692874,859.8057919692874,859.8057919692874,2.5455867821320055,2.5455867821320055,
prior_year_province_anchor,충북,부동산업,4,2023,baseline,no_prior_positive_route,34065.52808436759,34065.52808436759,34113.04,-47.51191563241446,-47.51191563241446,47.51191563241446,47.51191563241446,0.139277870375711,0.13927787037571104,
prior_year_province_anchor,충북,부동산업,4,2024,baseline,no_prior_positive_route,34776.16139798583,34776.16139798583,36072.0,-1295.8386020141695,-1295.8386020141695,1295.8386020141695,1295.8386020141695,3.592366938384813,3.5923669383848127,
prior_year_province_anchor,충북,부동산업,4,2025,baseline,no_prior_positive_route,36206.368148948,36206.368148948,34866.31,1340.0581489480028,1340.0581489480028,1340.0581489480028,1340.0581489480028,3.843418328317516,3.843418328317516,
prior_year_province_anchor,충북,사업서비스업,1,2021,baseline,no_prior_positive_route,36156.271189151106,36156.271189151106,36761.0,-604.7288108488938,-604.7288108488938,604.7288108488938,604.7288108488938,1.6450281843499737,1.6450281843499737,
prior_year_province_anchor,충북,사업서비스업,1,2022,regional_service_production_index_M_N,prior_positive_improvement_249.433_eok,37949.26796504255,38510.62794268168,37730.350000000006,218.91796504254307,780.2779426816705,218.91796504254307,780.2779426816705,0.5802171595083084,2.0680379129312887,2.0680379129312887
prior_year_province_anchor,충북,사업서비스업,1,2024,baseline,no_prior_positive_route,41131.25999133503,41131.25999133503,39730.3,1400.9599913350248,1400.9599913350248,1400.9599913350248,1400.9599913350248,3.5261752147228305,3.5261752147228305,
prior_year_province_anchor,충북,사업서비스업,1,2025,baseline,no_prior_positive_route,39013.47714846027,39013.47714846027,41230.04,-2216.562851539733,-2216.562851539733,2216.562851539733,2216.562851539733,5.3760870751998615,5.3760870751998615,
prior_year_province_anchor,충북,사업서비스업,2,2021,baseline,no_prior_positive_route,37329.247798002914,37329.247798002914,36761.0,568.2477980029144,568.2477980029144,568.2477980029144,568.2477980029144,1.545789826182406,1.5457898261824061,
prior_year_province_anchor,충북,사업서비스업,2,2022,regional_service_production_index_M_N,prior_positive_improvement_416.307_eok,38002.099240323834,37802.33724053724,37730.350000000006,271.7492403238284,71.98724053723708,271.7492403238284,71.98724053723708,0.7202404438968321,0.19079399087799895,0.1907939908779989
prior_year_province_anchor,충북,사업서비스업,2,2024,regional_service_production_index_M_N,prior_positive_improvement_616.069_eok,40807.34166421847,37637.565511022054,39730.3,1077.0416642184646,-2092.734488977949,1077.0416642184646,2092.734488977949,2.71088228434838,5.267351338847048,5.267351338847048
prior_year_province_anchor,충북,사업서비스업,2,2025,baseline,no_prior_positive_route,39114.21742374075,39114.21742374075,41230.04,-2115.8225762592483,-2115.8225762592483,2115.8225762592483,2115.8225762592483,5.131749996505578,5.131749996505578,
prior_year_province_anchor,충북,사업서비스업,3,2021,baseline,no_prior_positive_route,37256.73424529319,37256.73424529319,36761.0,495.7342452931916,495.7342452931916,495.7342452931916,495.7342452931916,1.348533079331878,1.3485330793318777,
prior_year_province_anchor,충북,사업서비스업,3,2022,regional_service_production_index_M_N,prior_positive_improvement_379.075_eok,37691.17372235586,37299.41868686869,37730.350000000006,-39.17627764414647,-430.93131313131744,39.17627764414647,430.93131313131744,0.103832266714055,1.1421344173359573,1.142134417335957
prior_year_province_anchor,충북,사업서비스업,3,2024,baseline,no_prior_positive_route,40637.78077510125,40637.78077510125,39730.3,907.4807751012486,907.4807751012486,907.4807751012486,907.4807751012486,2.2841024988516283,2.2841024988516283,
prior_year_province_anchor,충북,사업서비스업,3,2025,baseline,no_prior_positive_route,39550.303900462,39550.303900462,41230.04,-1679.7360995380004,-1679.7360995380004,1679.7360995380004,1679.7360995380004,4.074058864696712,4.074058864696712,
prior_year_province_anchor,충북,사업서비스업,4,2021,baseline,no_prior_positive_route,37266.467354473934,37266.467354473934,36761.0,505.4673544739344,505.4673544739344,505.4673544739344,505.4673544739344,1.3750098051574615,1.3750098051574615,
prior_year_province_anchor,충북,사업서비스업,4,2022,regional_service_production_index_M_N,prior_positive_improvement_295.373_eok,37717.82659142416,36811.26364201368,37730.350000000006,-12.52340857584204,-919.086357986329,12.52340857584204,919.086357986329,0.0331918696111804,2.435933825120437,2.435933825120437
prior_year_province_anchor,충북,사업서비스업,4,2024,baseline,no_prior_positive_route,40165.20153984603,40165.20153984603,39730.3,434.9015398460251,434.9015398460251,434.9015398460251,434.9015398460251,1.094634422206792,1.094634422206792,
prior_year_province_anchor,충북,사업서비스업,4,2025,baseline,no_prior_positive_route,39708.50798167482,39708.50798167482,41230.04,-1521.5320183251824,-1521.5320183251824,1521.5320183251824,1521.5320183251824,3.690348149856712,3.690348149856712,
prior_year_province_anchor,충북,서비스업,1,2021,baseline,no_prior_positive_route,308376.30946287914,308376.30946287914,313923.54000000004,-5547.230537120893,-5547.230537120893,5547.230537120893,5547.230537120893,1.7670642147832851,1.7670642147832853,
prior_year_province_anchor,충북,서비스업,1,2022,baseline,no_prior_positive_route,329569.3745471913,329569.3745471913,326297.57999999996,3271.7945471913554,3271.7945471913554,3271.7945471913554,3271.7945471913554,1.0027026701182875,1.0027026701182877,
prior_year_province_anchor,충북,서비스업,1,2023,baseline,no_prior_positive_route,343368.86372741446,343368.86372741446,334766.37,8602.493727414461,8602.493727414461,8602.493727414461,8602.493727414461,2.569700692281146,2.569700692281146,
prior_year_province_anchor,충북,서비스업,1,2024,baseline,no_prior_positive_route,345820.44271909614,345820.44271909614,342655.82,3164.6227190961363,3164.6227190961363,3164.6227190961363,3164.6227190961363,0.923557264865992,0.9235572648659919,
prior_year_province_anchor,충북,서비스업,1,2025,baseline,no_prior_positive_route,348932.13092443394,348932.13092443394,347885.98,1046.150924433954,1046.150924433954,1046.150924433954,1046.150924433954,0.3007166096299581,0.3007166096299581,
prior_year_province_anchor,충북,서비스업,2,2021,baseline,no_prior_positive_route,312295.62135597446,312295.62135597446,313923.54000000004,-1627.9186440255726,-1627.9186440255726,1627.9186440255726,1627.9186440255726,0.5185717018945354,0.5185717018945354,
prior_year_province_anchor,충북,서비스업,2,2022,baseline,no_prior_positive_route,328171.73936319235,328171.73936319235,326297.57999999996,1874.1593631923895,1874.1593631923895,1874.1593631923895,1874.1593631923895,0.5743712114544,0.5743712114544,
prior_year_province_anchor,충북,서비스업,2,2023,baseline,no_prior_positive_route,339345.7006654679,339345.7006654679,334766.37,4579.330665467889,4579.330665467889,4579.330665467889,4579.330665467889,1.3679183681048634,1.3679183681048634,
prior_year_province_anchor,충북,서비스업,2,2024,baseline,no_prior_positive_route,343706.3673573364,343706.3673573364,342655.82,1050.5473573363852,1050.5473573363852,1050.5473573363852,1050.5473573363852,0.3065896727907277,0.30658967279072774,
prior_year_province_anchor,충북,서비스업,2,2025,baseline,no_prior_positive_route,348502.6422291967,348502.6422291967,347885.98,616.6622291966924,616.6622291966924,616.6622291966924,616.6622291966924,0.1772598680742156,0.17725986807421568,
prior_year_province_anchor,충북,서비스업,3,2021,baseline,no_prior_positive_route,312775.4329241434,312775.4329241434,313923.54000000004,-1148.107075856649,-1148.107075856649,1148.107075856649,1148.107075856649,0.3657282521268233,0.3657282521268233,
prior_year_province_anchor,충북,서비스업,3,2022,baseline,no_prior_positive_route,327994.91171033535,327994.91171033535,326297.57999999996,1697.331710335391,1697.331710335391,1697.331710335391,1697.331710335391,0.5201790679340593,0.5201790679340593,
prior_year_province_anchor,충북,서비스업,3,2023,baseline,no_prior_positive_route,338373.5482233473,338373.5482233473,334766.37,3607.1782233472914,3607.1782233472914,3607.1782233472914,3607.1782233472914,1.07752108533103,1.07752108533103,
prior_year_province_anchor,충북,서비스업,3,2024,baseline,no_prior_positive_route,342807.41842680704,342807.41842680704,342655.82,151.5984268070315,151.5984268070315,151.5984268070315,151.5984268070315,0.044242186461923,0.04424218646192307,
prior_year_province_anchor,충북,서비스업,3,2025,baseline,no_prior_positive_route,349395.66297606553,349395.66297606553,347885.98,1509.6829760655528,1509.6829760655528,1509.6829760655528,1509.6829760655528,0.4339591311111626,0.43395913111116263,
prior_year_province_anchor,충북,서비스업,4,2021,baseline,no_prior_positive_route,312899.45755832474,312899.45755832474,313923.54000000004,-1024.082441675302,-1024.082441675302,1024.082441675302,1024.082441675302,0.3262203406840092,0.32622034068400924,
prior_year_province_anchor,충북,서비스업,4,2022,baseline,no_prior_positive_route,326716.2328705718,326716.2328705718,326297.57999999996,418.65287057182286,418.65287057182286,418.65287057182286,418.65287057182286,0.1283040072107868,0.12830400721078683,
prior_year_province_anchor,충북,서비스업,4,2023,baseline,no_prior_positive_route,335873.0289510295,335873.0289510295,334766.37,1106.6589510295307,1106.6589510295307,1106.6589510295307,1106.6589510295307,0.3305765005694959,0.3305765005694959,
prior_year_province_anchor,충북,서비스업,4,2024,baseline,no_prior_positive_route,341118.3472628399,341118.3472628399,342655.82,-1537.472737160104,-1537.472737160104,1537.472737160104,1537.472737160104,0.4486930171389191,0.4486930171389192,
prior_year_province_anchor,충북,서비스업,4,2025,baseline,no_prior_positive_route,349036.43880546093,349036.43880546093,347885.98,1150.4588054609485,1150.4588054609485,1150.4588054609485,1150.4588054609485,0.330699962516727,0.33069996251672706,
prior_year_province_anchor,충북,숙박 및 음식점업,1,2021,baseline,no_prior_positive_route,10768.15324633074,10768.15324633074,13057.25,-2289.0967536692588,-2289.0967536692588,2289.0967536692588,2289.0967536692588,17.53123171930735,17.53123171930735,
prior_year_province_anchor,충북,숙박 및 음식점업,1,2022,regional_service_production_index_I,prior_positive_improvement_160.881_eok,14286.08621587746,15072.257716049382,15750.48,-1464.3937841225395,-678.2222839506176,1464.3937841225395,678.2222839506176,9.29745496088081,4.306041999676312,4.306041999676312
prior_year_province_anchor,충북,숙박 및 음식점업,1,2023,regional_service_production_index_I,prior_positive_improvement_947.053_eok,18028.654106855847,19877.61112299465,14965.33,3063.3241068558473,4912.281122994651,3063.3241068558473,4912.281122994651,20.469472486445987,32.824408970564974,32.824408970564974
prior_year_province_anchor,충북,숙박 및 음식점업,1,2024,baseline,no_prior_positive_route,15091.14756753939,15091.14756753939,14855.3,235.8475675393911,235.8475675393911,235.8475675393911,235.8475675393911,1.5876324782359907,1.5876324782359907,
prior_year_province_anchor,충북,숙박 및 음식점업,2,2021,baseline,no_prior_positive_route,11727.324735780889,11727.324735780889,13057.25,-1329.925264219111,-1329.925264219111,1329.925264219111,1329.925264219111,10.185339671210333,10.185339671210333,
prior_year_province_anchor,충북,숙박 및 음식점업,2,2022,regional_service_production_index_I,prior_positive_improvement_32.668_eok,14808.540204778325,15726.411602209944,15750.48,-941.9397952216768,-24.068397790055315,941.9397952216768,24.068397790055315,5.980387868951784,0.15281056697989723,0.1528105669798972
prior_year_province_anchor,충북,숙박 및 음식점업,2,2023,regional_service_production_index_I,prior_positive_improvement_950.539_eok,16360.312083105204,17455.577834862386,14965.33,1394.982083105204,2490.2478348623863,1394.982083105204,2490.2478348623863,9.321425475450283,16.640113080449186,16.640113080449186
prior_year_province_anchor,충북,숙박 및 음식점업,2,2024,baseline,no_prior_positive_route,15011.96168239073,15011.96168239073,14855.3,156.66168239073158,156.66168239073158,156.66168239073158,156.66168239073158,1.054584440507641,1.054584440507641,
prior_year_province_anchor,충북,숙박 및 음식점업,3,2021,baseline,no_prior_positive_route,12286.254529873017,12286.254529873017,13057.25,-770.9954701269853,-770.9954701269853,770.9954701269853,770.9954701269853,5.904730859307935,5.904730859307935,
prior_year_province_anchor,충북,숙박 및 음식점업,3,2022,baseline,no_prior_positive_route,15145.690703374956,15145.690703374956,15750.48,-604.7892966250438,-604.7892966250438,604.7892966250438,604.7892966250438,3.839815019129854,3.839815019129854,
prior_year_province_anchor,충북,숙박 및 음식점업,3,2023,baseline,no_prior_positive_route,15768.444000649031,15768.444000649031,14965.33,803.1140006490314,803.1140006490314,803.1140006490314,803.1140006490314,5.366497101293666,5.366497101293666,
prior_year_province_anchor,충북,숙박 및 음식점업,3,2024,baseline,no_prior_positive_route,14865.748618632086,14865.748618632086,14855.3,10.448618632086436,10.448618632086436,10.448618632086436,10.448618632086436,0.0703359651577984,0.07033596515779848,
prior_year_province_anchor,충북,숙박 및 음식점업,4,2021,baseline,no_prior_positive_route,13175.862994501482,13175.862994501482,13057.25,118.6129945014818,118.6129945014818,118.6129945014818,118.6129945014818,0.9084071646133896,0.9084071646133893,
prior_year_province_anchor,충북,숙박 및 음식점업,4,2022,baseline,no_prior_positive_route,14860.42310937153,14860.42310937153,15750.48,-890.0568906284698,-890.0568906284698,890.0568906284698,890.0568906284698,5.650982640709805,5.650982640709805,
prior_year_province_anchor,충북,숙박 및 음식점업,4,2023,regional_service_production_index_I,prior_positive_improvement_343.663_eok,15527.83304722006,15209.975869957858,14965.33,562.5030472200615,244.6458699578579,562.5030472200615,244.6458699578579,3.758707941756456,1.6347509206803854,1.6347509206803854
prior_year_province_anchor,충북,숙박 및 음식점업,4,2024,regional_service_production_index_I,prior_positive_improvement_661.520_eok,14740.374875146445,14203.379490856194,14855.3,-114.92512485355655,-651.9205091438052,114.92512485355655,651.9205091438052,0.7736304541379613,4.38847084302441,4.38847084302441
prior_year_province_anchor,충북,운수 및 창고업,1,2021,baseline,no_prior_positive_route,17362.24783768936,17362.24783768936,20213.86,-2851.612162310641,-2851.612162310641,2851.612162310641,2851.612162310641,14.107212389472574,14.107212389472574,
prior_year_province_anchor,충북,운수 및 창고업,1,2023,baseline,no_prior_positive_route,25023.30308406562,25023.30308406562,25037.32,-14.01691593437863,-14.01691593437863,14.01691593437863,14.01691593437863,0.055984090686937,0.05598409068693706,
prior_year_province_anchor,충북,운수 및 창고업,1,2024,baseline,no_prior_positive_route,29493.56257122124,29493.56257122124,29500.47,-6.907428778762551,-6.907428778762551,6.907428778762551,6.907428778762551,0.0234146397625615,0.02341463976256158,
prior_year_province_anchor,충북,운수 및 창고업,1,2025,baseline,no_prior_positive_route,30526.41639787964,30526.41639787964,29859.82,666.596397879639,666.596397879639,666.596397879639,666.596397879639,2.232419344388677,2.232419344388677,
prior_year_province_anchor,충북,운수 및 창고업,2,2021,baseline,no_prior_positive_route,19046.045064681228,19046.045064681228,20213.86,-1167.8149353187728,-1167.8149353187728,1167.8149353187728,1167.8149353187728,5.777298028772202,5.777298028772202,
prior_year_province_anchor,충북,운수 및 창고업,2,2023,baseline,no_prior_positive_route,26302.257483752805,26302.257483752805,25037.32,1264.9374837528048,1264.9374837528048,1264.9374837528048,1264.9374837528048,5.052207998910445,5.052207998910445,
prior_year_province_anchor,충북,운수 및 창고업,2,2024,baseline,no_prior_positive_route,27989.796148742695,27989.796148742695,29500.47,-1510.6738512573063,-1510.6738512573063,1510.6738512573063,1510.6738512573063,5.1208467229752825,5.1208467229752825,
prior_year_province_anchor,충북,운수 및 창고업,2,2025,baseline,no_prior_positive_route,30446.41312683857,30446.41312683857,29859.82,586.5931268385721,586.5931268385721,586.5931268385721,586.5931268385721,1.964489828935915,1.964489828935915,
prior_year_province_anchor,충북,운수 및 창고업,3,2021,baseline,no_prior_positive_route,19192.152190988025,19192.152190988025,20213.86,-1021.7078090119758,-1021.7078090119758,1021.7078090119758,1021.7078090119758,5.054491368852736,5.054491368852736,
prior_year_province_anchor,충북,운수 및 창고업,3,2023,baseline,no_prior_positive_route,26477.914606263177,26477.914606263177,25037.32,1440.5946062631774,1440.5946062631774,1440.5946062631774,1440.5946062631774,5.753789168581851,5.753789168581851,
prior_year_province_anchor,충북,운수 및 창고업,3,2024,baseline,no_prior_positive_route,27647.8644885955,27647.8644885955,29500.47,-1852.6055114045012,-1852.6055114045012,1852.6055114045012,1852.6055114045012,6.279918629786241,6.279918629786241,
prior_year_province_anchor,충북,운수 및 창고업,3,2025,baseline,no_prior_positive_route,30313.004715348,30313.004715348,29859.82,453.1847153480012,453.1847153480012,453.1847153480012,453.1847153480012,1.5177074588795283,1.5177074588795283,
prior_year_province_anchor,충북,운수 및 창고업,4,2021,baseline,no_prior_positive_route,19335.878709694356,19335.878709694356,20213.86,-877.9812903056445,-877.9812903056445,877.9812903056445,877.9812903056445,4.343461814347405,4.343461814347405,
prior_year_province_anchor,충북,운수 및 창고업,4,2023,baseline,no_prior_positive_route,26425.926455189132,26425.926455189132,25037.32,1388.6064551891322,1388.6064551891322,1388.6064551891322,1388.6064551891322,5.5461465332117506,5.5461465332117506,
prior_year_province_anchor,충북,운수 및 창고업,4,2024,baseline,no_prior_positive_route,27318.30031351249,27318.30031351249,29500.47,-2182.169686487512,-2182.169686487512,2182.169686487512,2182.169686487512,7.397067526339452,7.397067526339452,
prior_year_province_anchor,충북,운수 및 창고업,4,2025,baseline,no_prior_positive_route,30161.455627938827,30161.455627938827,29859.82,301.6356279388274,301.6356279388274,301.6356279388274,301.6356279388274,1.010172291523617,1.0101722915236173,
prior_year_province_anchor,충북,정보통신업,1,2021,baseline,no_prior_positive_route,9103.615550310453,9103.615550310453,9846.41,-742.794449689547,-742.794449689547,742.794449689547,742.794449689547,7.543809872730741,7.543809872730741,
prior_year_province_anchor,충북,정보통신업,1,2022,baseline,no_prior_positive_route,10153.889435906687,10153.889435906687,9872.25,281.63943590668714,281.63943590668714,281.63943590668714,281.63943590668714,2.852839382174146,2.852839382174146,
prior_year_province_anchor,충북,정보통신업,1,2023,baseline,no_prior_positive_route,10515.551830290002,10515.551830290002,9679.17,836.3818302900017,836.3818302900017,836.3818302900017,836.3818302900017,8.641049080551348,8.641049080551348,
prior_year_province_anchor,충북,정보통신업,1,2024,regional_service_production_index_J,prior_positive_improvement_130.306_eok,9921.141123749543,9819.447826086956,9667.86,253.28112374954253,151.58782608695583,253.28112374954253,151.58782608695583,2.619826143009337,1.5679563635277696,1.5679563635277696
prior_year_province_anchor,충북,정보통신업,2,2021,baseline,no_prior_positive_route,9225.400179217251,9225.400179217251,9846.41,-621.0098207827468,-621.0098207827468,621.0098207827468,621.0098207827468,6.306966912638686,6.306966912638686,
prior_year_province_anchor,충북,정보통신업,2,2022,baseline,no_prior_positive_route,10204.02169862918,10204.02169862918,9872.25,331.7716986291798,331.7716986291798,331.7716986291798,331.7716986291798,3.360649280854717,3.360649280854717,
prior_year_province_anchor,충북,정보통신업,2,2023,baseline,no_prior_positive_route,10236.434398086452,10236.434398086452,9679.17,557.2643980864523,557.2643980864523,557.2643980864523,557.2643980864523,5.757357274295753,5.757357274295753,
prior_year_province_anchor,충북,정보통신업,2,2024,regional_service_production_index_J,prior_positive_improvement_76.328_eok,9787.314209137166,9832.88155437921,9667.86,119.45420913716588,165.0215543792092,119.45420913716588,165.0215543792092,1.2355806676675696,1.7069088131107524,1.7069088131107524
prior_year_province_anchor,충북,정보통신업,3,2021,baseline,no_prior_positive_route,9388.662878017176,9388.662878017176,9846.41,-457.747121982824,-457.747121982824,457.747121982824,457.747121982824,4.64887326429454,4.64887326429454,
prior_year_province_anchor,충북,정보통신업,3,2022,baseline,no_prior_positive_route,10177.643590788148,10177.643590788148,9872.25,305.3935907881478,305.3935907881478,305.3935907881478,305.3935907881478,3.0934547928602676,3.0934547928602676,
prior_year_province_anchor,충북,정보통신업,3,2023,baseline,no_prior_positive_route,10252.344133924516,10252.344133924516,9679.17,573.1741339245164,573.1741339245164,573.1741339245164,573.1741339245164,5.921728143265552,5.921728143265552,
prior_year_province_anchor,충북,정보통신업,3,2024,regional_service_production_index_J,prior_positive_improvement_111.187_eok,9742.828683086833,9854.205751903552,9667.86,74.96868308683224,186.345751903551,74.96868308683224,186.345751903551,0.7754423738741795,1.9274767311850916,1.9274767311850916
prior_year_province_anchor,충북,정보통신업,4,2021,baseline,no_prior_positive_route,9466.908242139438,9466.908242139438,9846.41,-379.50175786056207,-379.50175786056207,379.50175786056207,379.50175786056207,3.854214458473313,3.8542144584733125,
prior_year_province_anchor,충북,정보통신업,4,2022,baseline,no_prior_positive_route,10075.745382274135,10075.745382274135,9872.25,203.4953822741354,203.4953822741354,203.4953822741354,203.4953822741354,2.061286761114593,2.061286761114593,
prior_year_province_anchor,충북,정보통신업,4,2023,baseline,no_prior_positive_route,10284.435311757448,10284.435311757448,9679.17,605.2653117574482,605.2653117574482,605.2653117574482,605.2653117574482,6.253277003683665,6.253277003683665,
prior_year_province_anchor,충북,정보통신업,4,2024,baseline,no_prior_positive_route,9723.837101486126,9723.837101486126,9667.86,55.97710148612532,55.97710148612532,55.97710148612532,55.97710148612532,0.5790019868525745,0.5790019868525745,
recursive_no_target_actual,대구,건설업,1,2021,baseline,no_prior_positive_route,36140.52852048918,36140.52852048918,41049.64,-4909.111479510822,-4909.111479510822,4909.111479510822,4909.111479510822,11.9589635366128,11.958963536612801,
recursive_no_target_actual,대구,건설업,1,2022,baseline,no_prior_positive_route,41054.005149767014,41054.005149767014,41365.55,-311.5448502329891,-311.5448502329891,311.5448502329891,311.5448502329891,0.7531505086551227,0.7531505086551227,
recursive_no_target_actual,대구,건설업,1,2024,baseline,no_prior_positive_route,42574.77886298177,42574.77886298177,31555.25,11019.528862981771,11019.528862981771,11019.528862981771,11019.528862981771,34.92138031858969,34.921380318589684,
recursive_no_target_actual,대구,건설업,1,2025,regional_construction_orders_bok_12_24q,prior_positive_improvement_594.169_eok,34965.93642694446,20003.646681162692,25481.89,9484.046426944464,-5478.243318837307,9484.046426944464,5478.243318837307,37.21877155479623,21.49857533659123,21.49857533659123
recursive_no_target_actual,대구,건설업,2,2021,baseline,no_prior_positive_route,36167.22266941562,36167.22266941562,41049.64,-4882.41733058438,-4882.41733058438,4882.41733058438,4882.41733058438,11.893934588913275,11.893934588913275,
recursive_no_target_actual,대구,건설업,2,2022,baseline,no_prior_positive_route,40844.59521579461,40844.59521579461,41365.55,-520.9547842053944,-520.9547842053944,520.9547842053944,520.9547842053944,1.259392862431164,1.2593928624311639,
recursive_no_target_actual,대구,건설업,2,2024,baseline,no_prior_positive_route,41534.065436508725,41534.065436508725,31555.25,9978.815436508725,9978.815436508725,9978.815436508725,9978.815436508725,31.62331287664881,31.62331287664881,
recursive_no_target_actual,대구,건설업,2,2025,regional_construction_orders_bok_12_24q,prior_positive_improvement_3587.914_eok,35392.917892321304,20998.562432283332,25481.89,9911.027892321305,-4483.3275677166675,9911.027892321305,4483.3275677166675,38.89439869774693,17.59417204813563,17.59417204813563
recursive_no_target_actual,대구,건설업,3,2021,baseline,no_prior_positive_route,36388.064404624485,36388.064404624485,41049.64,-4661.575595375514,-4661.575595375514,4661.575595375514,4661.575595375514,11.355947568299053,11.355947568299051,
recursive_no_target_actual,대구,건설업,3,2022,regional_construction_orders_bok_12_24q,prior_positive_improvement_915.706_eok,41228.946428962234,41843.42511535766,41365.55,-136.60357103776914,477.8751153576595,136.60357103776914,477.8751153576595,0.3302351136096804,1.1552490305523788,1.1552490305523788
recursive_no_target_actual,대구,건설업,3,2024,regional_construction_orders_bok_12_24q,prior_positive_improvement_574.434_eok,40461.49892048238,27068.302602734195,31555.25,8906.24892048238,-4486.947397265805,8906.24892048238,4486.947397265805,28.224301567829063,14.219337185621427,14.219337185621429
recursive_no_target_actual,대구,건설업,3,2025,regional_construction_orders_bok_12_24q,prior_positive_improvement_4993.736_eok,35981.04582308787,21800.456844886772,25481.89,10499.155823087873,-3681.4331551132273,10499.155823087873,3681.4331551132273,41.20242188898811,14.447253147679499,14.4472531476795
recursive_no_target_actual,대구,건설업,4,2021,baseline,no_prior_positive_route,36719.8454828078,36719.8454828078,41049.64,-4329.7945171921965,-4329.7945171921965,4329.7945171921965,4329.7945171921965,10.54770399251296,10.54770399251296,
recursive_no_target_actual,대구,건설업,4,2022,regional_construction_orders_bok_12_24q,prior_positive_improvement_1244.627_eok,41456.56356672509,40300.450481588814,41365.55,91.013566725087,-1065.099518411189,91.013566725087,1065.099518411189,0.2200226196075889,2.5748467466555836,2.5748467466555836
recursive_no_target_actual,대구,건설업,4,2024,regional_construction_orders_bok_12_24q,prior_positive_improvement_270.541_eok,39875.19523005181,26637.49160235923,31555.25,8319.94523005181,-4917.758397640766,8319.94523005181,4917.758397640766,26.36627892363968,15.584596533511114,15.584596533511114
recursive_no_target_actual,대구,건설업,4,2025,regional_construction_orders_bok_12_24q,prior_positive_improvement_3672.728_eok,36211.331264606255,23325.82854040494,25481.89,10729.441264606256,-2156.061459595061,10729.441264606256,2156.061459595061,42.106143871613355,8.46115205581321,8.46115205581321
recursive_no_target_actual,대구,"광업, 제조업",1,2021,baseline,no_prior_positive_route,118942.53433572134,118942.53433572134,121066.7,-2124.1656642786547,-2124.1656642786547,2124.1656642786547,2124.1656642786547,1.7545416404995386,1.7545416404995386,
recursive_no_target_actual,대구,"광업, 제조업",1,2022,baseline,no_prior_positive_route,126206.0744753496,126206.0744753496,126425.64,-219.56552465040295,-219.56552465040295,219.56552465040295,219.56552465040295,0.1736716734440916,0.17367167344409168,
recursive_no_target_actual,대구,"광업, 제조업",1,2024,baseline,no_prior_positive_route,137601.51369412246,137601.51369412246,123123.4,14478.113694122469,14478.113694122469,14478.113694122469,14478.113694122469,11.759026873951232,11.759026873951232,
recursive_no_target_actual,대구,"광업, 제조업",1,2025,regional_manufacturing_production_index,prior_positive_improvement_11740.879_eok,134515.4839497341,114541.44294547498,121818.03,12697.453949734105,-7276.587054525022,12697.453949734105,7276.587054525022,10.423296083292517,5.973325175694454,5.973325175694454
recursive_no_target_actual,대구,"광업, 제조업",2,2021,baseline,no_prior_positive_route,123976.58485647343,123976.58485647343,121066.7,2909.884856473436,2909.884856473436,2909.884856473436,2909.884856473436,2.4035385919277856,2.403538591927785,
recursive_no_target_actual,대구,"광업, 제조업",2,2022,baseline,no_prior_positive_route,125863.16203337174,125863.16203337174,126425.64,-562.4779666282557,-562.4779666282557,562.4779666282557,562.4779666282557,0.444908142547869,0.44490814254786903,
recursive_no_target_actual,대구,"광업, 제조업",2,2024,baseline,no_prior_positive_route,135787.74513354115,135787.74513354115,123123.4,12664.345133541152,12664.345133541152,12664.345133541152,12664.345133541152,10.285896209446094,10.285896209446094,
recursive_no_target_actual,대구,"광업, 제조업",2,2025,regional_manufacturing_production_index,prior_positive_improvement_4752.637_eok,135850.03991527838,97167.01513692032,121818.03,14032.00991527838,-24651.01486307969,14032.00991527838,24651.01486307969,11.518828465111758,20.235932942832594,20.23593294283259
recursive_no_target_actual,대구,"광업, 제조업",3,2021,baseline,no_prior_positive_route,122863.63773734988,122863.63773734988,121066.7,1796.937737349872,1796.937737349872,1796.937737349872,1796.937737349872,1.4842543303401117,1.4842543303401117,
recursive_no_target_actual,대구,"광업, 제조업",3,2022,baseline,no_prior_positive_route,125911.1847652982,125911.1847652982,126425.64,-514.4552347018034,-514.4552347018034,514.4552347018034,514.4552347018034,0.4069231800620533,0.40692318006205336,
recursive_no_target_actual,대구,"광업, 제조업",3,2024,baseline,no_prior_positive_route,134720.6542861565,134720.6542861565,123123.4,11597.254286156502,11597.254286156502,11597.254286156502,11597.254286156502,9.41921217750363,9.41921217750363,
recursive_no_target_actual,대구,"광업, 제조업",3,2025,regional_manufacturing_production_index,prior_positive_improvement_2808.514_eok,136831.06620983026,67031.77321055628,121818.03,15013.036209830258,-54786.25678944372,15013.036209830258,54786.25678944372,12.324149561300784,44.97384893635509,44.97384893635509
recursive_no_target_actual,대구,"광업, 제조업",4,2021,baseline,no_prior_positive_route,120977.94710885554,120977.94710885554,121066.7,-88.75289114445332,-88.75289114445332,88.75289114445332,88.75289114445332,0.0733090859373001,0.07330908593730012,
recursive_no_target_actual,대구,"광업, 제조업",4,2022,baseline,no_prior_positive_route,123998.03519079876,123998.03519079876,126425.64,-2427.6048092012497,-2427.6048092012497,2427.6048092012497,2427.6048092012497,1.9201839193388697,1.9201839193388697,
recursive_no_target_actual,대구,"광업, 제조업",4,2024,baseline,no_prior_positive_route,133819.47058963688,133819.47058963688,123123.4,10696.070589636887,10696.070589636887,10696.070589636887,10696.070589636887,8.687276821170379,8.687276821170377,
recursive_no_target_actual,대구,"광업, 제조업",4,2025,regional_manufacturing_production_index,prior_positive_improvement_3291.800_eok,136767.97409442771,50185.69289267945,121818.03,14949.944094427716,-71632.33710732055,14949.944094427716,71632.33710732055,12.272357461721976,58.80273807360089,58.80273807360089
recursive_no_target_actual,대구,교육 서비스업,1,2021,baseline,no_prior_positive_route,43603.69180835853,43603.69180835853,44774.55,-1170.8581916414696,-1170.8581916414696,1170.8581916414696,1170.8581916414696,2.6150082840396376,2.6150082840396376,
recursive_no_target_actual,대구,교육 서비스업,1,2022,baseline,no_prior_positive_route,46936.92854587555,46936.92854587555,46314.15,622.7785458755461,622.7785458755461,622.7785458755461,622.7785458755461,1.34468309550223,1.34468309550223,
recursive_no_target_actual,대구,교육 서비스업,1,2023,baseline,no_prior_positive_route,47183.95641440315,47183.95641440315,46902.9,281.056414403145,281.056414403145,281.056414403145,281.056414403145,0.5992303554857908,0.5992303554857908,
recursive_no_target_actual,대구,교육 서비스업,1,2024,baseline,no_prior_positive_route,47503.08442307866,47503.08442307866,47101.24,401.84442307866266,401.84442307866266,401.84442307866266,401.84442307866266,0.8531504119183755,0.8531504119183755,
recursive_no_target_actual,대구,교육 서비스업,1,2025,baseline,no_prior_positive_route,47125.68834849902,47125.68834849902,46989.54,136.14834849901672,136.14834849901672,136.14834849901672,136.14834849901672,0.2897418201987436,0.28974182019874367,
recursive_no_target_actual,대구,교육 서비스업,2,2021,baseline,no_prior_positive_route,44031.19967518264,44031.19967518264,44774.55,-743.3503248173656,-743.3503248173656,743.3503248173656,743.3503248173656,1.6602072490228614,1.6602072490228614,
recursive_no_target_actual,대구,교육 서비스업,2,2022,baseline,no_prior_positive_route,46810.40721589512,46810.40721589512,46314.15,496.2572158951152,496.2572158951152,496.2572158951152,496.2572158951152,1.0715023721586496,1.0715023721586496,
recursive_no_target_actual,대구,교육 서비스업,2,2023,baseline,no_prior_positive_route,47119.038522315226,47119.038522315226,46902.9,216.1385223152247,216.1385223152247,216.1385223152247,216.1385223152247,0.4608212334743153,0.46082123347431536,
recursive_no_target_actual,대구,교육 서비스업,2,2024,baseline,no_prior_positive_route,47523.05335710714,47523.05335710714,47101.24,421.8133571071448,421.8133571071448,421.8133571071448,421.8133571071448,0.8955461833003651,0.8955461833003648,
recursive_no_target_actual,대구,교육 서비스업,2,2025,baseline,no_prior_positive_route,47039.18672756946,47039.18672756946,46989.54,49.64672756945947,49.64672756945947,49.64672756945947,49.64672756945947,0.1056548490780277,0.10565484907802773,
recursive_no_target_actual,대구,교육 서비스업,3,2021,baseline,no_prior_positive_route,44396.82516433857,44396.82516433857,44774.55,-377.7248356614364,-377.7248356614364,377.7248356614364,377.7248356614364,0.8436150350175186,0.8436150350175186,
recursive_no_target_actual,대구,교육 서비스업,3,2022,baseline,no_prior_positive_route,46624.956769100485,46624.956769100485,46314.15,310.8067691004835,310.8067691004835,310.8067691004835,310.8067691004835,0.6710838244909677,0.6710838244909677,
recursive_no_target_actual,대구,교육 서비스업,3,2023,baseline,no_prior_positive_route,47007.633388032074,47007.633388032074,46902.9,104.73338803207298,104.73338803207298,104.73338803207298,104.73338803207298,0.2232983206413099,0.22329832064130997,
recursive_no_target_actual,대구,교육 서비스업,3,2024,baseline,no_prior_positive_route,47439.66664782283,47439.66664782283,47101.24,338.4266478228383,338.4266478228383,338.4266478228383,338.4266478228383,0.7185089985376993,0.7185089985376993,
recursive_no_target_actual,대구,교육 서비스업,3,2025,baseline,no_prior_positive_route,47204.93607899851,47204.93607899851,46989.54,215.3960789985067,215.3960789985067,215.3960789985067,215.3960789985067,0.4583915462856344,0.45839154628563444,
recursive_no_target_actual,대구,교육 서비스업,4,2021,baseline,no_prior_positive_route,44463.7091235161,44463.7091235161,44774.55,-310.84087648390414,-310.84087648390414,310.84087648390414,310.84087648390414,0.6942356237726658,0.6942356237726658,
recursive_no_target_actual,대구,교육 서비스업,4,2022,baseline,no_prior_positive_route,46569.105290004045,46569.105290004045,46314.15,254.9552900040435,254.9552900040435,254.9552900040435,254.9552900040435,0.5504911350074296,0.5504911350074296,
recursive_no_target_actual,대구,교육 서비스업,4,2023,baseline,no_prior_positive_route,46901.56959833313,46901.56959833313,46902.9,-1.330401666869875,-1.330401666869875,1.330401666869875,1.330401666869875,0.002836501936703,0.0028365019367030076,
recursive_no_target_actual,대구,교육 서비스업,4,2024,baseline,no_prior_positive_route,47424.76635384421,47424.76635384421,47101.24,323.52635384420864,323.52635384420864,323.52635384420864,323.52635384420864,0.6868743876895993,0.6868743876895993,
recursive_no_target_actual,대구,교육 서비스업,4,2025,baseline,no_prior_positive_route,47270.5628364812,47270.5628364812,46989.54,281.0228364811992,281.0228364811992,281.0228364811992,281.0228364811992,0.5980540275159093,0.5980540275159093,
recursive_no_target_actual,대구,금융 및 보험업,1,2021,baseline,no_prior_positive_route,42362.53252145161,42362.53252145161,39905.149999999994,2457.3825214516182,2457.3825214516182,2457.3825214516182,2457.3825214516182,6.158058600084497,6.158058600084497,
recursive_no_target_actual,대구,금융 및 보험업,1,2022,baseline,no_prior_positive_route,42038.25081537061,42038.25081537061,41970.58,67.67081537060585,67.67081537060585,67.67081537060585,67.67081537060585,0.1612339295063491,0.1612339295063491,
recursive_no_target_actual,대구,금융 및 보험업,1,2023,baseline,no_prior_positive_route,42548.17750947223,42548.17750947223,42718.49,-170.31249052776548,-170.31249052776548,170.31249052776548,170.31249052776548,0.398685652343436,0.39868565234343606,
recursive_no_target_actual,대구,금융 및 보험업,1,2024,baseline,no_prior_positive_route,42602.81995210856,42602.81995210856,43097.89,-495.0700478914368,-495.0700478914368,495.0700478914368,495.0700478914368,1.1487106396425366,1.1487106396425366,
recursive_no_target_actual,대구,금융 및 보험업,1,2025,baseline,no_prior_positive_route,46132.28190458747,46132.28190458747,43932.46,2199.821904587472,2199.821904587472,2199.821904587472,2199.821904587472,5.007281414670319,5.007281414670319,
recursive_no_target_actual,대구,금융 및 보험업,2,2021,baseline,no_prior_positive_route,41691.107094972554,41691.107094972554,39905.149999999994,1785.9570949725603,1785.9570949725603,1785.9570949725603,1785.9570949725603,4.475505279325001,4.475505279325001,
recursive_no_target_actual,대구,금융 및 보험업,2,2022,baseline,no_prior_positive_route,41745.21452309437,41745.21452309437,41970.58,-225.36547690563748,-225.36547690563748,225.36547690563748,225.36547690563748,0.5369605969363241,0.5369605969363241,
recursive_no_target_actual,대구,금융 및 보험업,2,2023,baseline,no_prior_positive_route,42676.33854596768,42676.33854596768,42718.49,-42.151454032318725,-42.151454032318725,42.151454032318725,42.151454032318725,0.0986726216968781,0.09867262169687815,
recursive_no_target_actual,대구,금융 및 보험업,2,2024,baseline,no_prior_positive_route,42715.6075122962,42715.6075122962,43097.89,-382.28248770380014,-382.28248770380014,382.28248770380014,382.28248770380014,0.8870097531545051,0.8870097531545051,
recursive_no_target_actual,대구,금융 및 보험업,2,2025,baseline,no_prior_positive_route,45914.10820467962,45914.10820467962,43932.46,1981.6482046796227,1981.6482046796227,1981.6482046796227,1981.6482046796227,4.510669797866139,4.510669797866139,
recursive_no_target_actual,대구,금융 및 보험업,3,2021,baseline,no_prior_positive_route,41633.33033803726,41633.33033803726,39905.149999999994,1728.1803380372658,1728.1803380372658,1728.1803380372658,1728.1803380372658,4.330720065047409,4.330720065047409,
recursive_no_target_actual,대구,금융 및 보험업,3,2022,regional_service_production_index_K,prior_positive_improvement_46.893_eok,41144.90589846768,41240.781796652984,41970.58,-825.6741015323205,-729.798203347018,825.6741015323205,729.798203347018,1.96726874284873,1.7388327808360475,1.7388327808360475
recursive_no_target_actual,대구,금융 및 보험업,3,2023,regional_service_production_index_K,prior_positive_improvement_142.768_eok,42802.746596956385,44599.35143293614,42718.49,84.25659695638751,1880.8614329361444,84.25659695638751,1880.8614329361444,0.1972368334095786,4.402921154132893,4.402921154132893
recursive_no_target_actual,대구,금융 및 보험업,3,2024,baseline,no_prior_positive_route,43299.74319255954,43299.74319255954,43097.89,201.853192559538,201.853192559538,201.853192559538,201.853192559538,0.4683598026714022,0.4683598026714022,
recursive_no_target_actual,대구,금융 및 보험업,3,2025,baseline,no_prior_positive_route,45705.737953469135,45705.737953469135,43932.46,1773.2779534691365,1773.2779534691365,1773.2779534691365,1773.2779534691365,4.036372999529587,4.036372999529588,
recursive_no_target_actual,대구,금융 및 보험업,4,2021,baseline,no_prior_positive_route,41563.01856650099,41563.01856650099,39905.149999999994,1657.868566500998,1657.868566500998,1657.868566500998,1657.868566500998,4.154522828509599,4.154522828509599,
recursive_no_target_actual,대구,금융 및 보험업,4,2022,regional_service_production_index_K,prior_positive_improvement_185.363_eok,40996.518430326294,42243.12231764705,41970.58,-974.0615696737076,272.54231764705037,974.0615696737076,272.54231764705037,2.3208198925859675,0.6493651449349767,0.6493651449349767
recursive_no_target_actual,대구,금융 및 보험업,4,2023,regional_service_production_index_K,prior_positive_improvement_886.882_eok,42266.658520312834,43444.54124472105,42718.49,-451.83147968716366,726.0512447210494,451.83147968716366,726.0512447210494,1.0576953438362724,1.6996182325757523,1.6996182325757525
recursive_no_target_actual,대구,금융 및 보험업,4,2024,regional_service_production_index_K,prior_positive_improvement_612.662_eok,43796.22231741555,42956.98704530814,43097.89,698.3323174155521,-140.90295469186094,698.3323174155521,140.90295469186094,1.620339922477764,0.32693701406695536,0.3269370140669553
recursive_no_target_actual,대구,금융 및 보험업,4,2025,regional_service_production_index_K,prior_positive_improvement_1170.092_eok,45890.36093672631,43199.123566090115,43932.46,1957.9009367263136,-733.3364339098844,1957.9009367263136,733.3364339098844,4.456615761389901,1.669235990677245,1.669235990677245
recursive_no_target_actual,대구,도매 및 소매업,1,2021,baseline,no_prior_positive_route,54656.82457845179,54656.82457845179,54537.880000000005,118.9445784517884,118.9445784517884,118.9445784517884,118.9445784517884,0.2180953466687527,0.21809534666875277,
recursive_no_target_actual,대구,도매 및 소매업,1,2023,baseline,no_prior_positive_route,58335.66602107897,58335.66602107897,53908.06,4427.606021078973,4427.606021078973,4427.606021078973,4427.606021078973,8.213254235227483,8.213254235227483,
recursive_no_target_actual,대구,도매 및 소매업,1,2025,regional_service_production_index_G,prior_positive_improvement_1051.695_eok,52873.65920779151,52824.300237388736,53863.76,-990.10079220849,-1039.4597626112663,990.10079220849,1039.4597626112663,1.8381575890886377,1.9297942858264374,1.9297942858264376
recursive_no_target_actual,대구,도매 및 소매업,2,2021,baseline,no_prior_positive_route,55164.55248285372,55164.55248285372,54537.880000000005,626.672482853719,626.672482853719,626.672482853719,626.672482853719,1.1490591179079916,1.1490591179079916,
recursive_no_target_actual,대구,도매 및 소매업,2,2023,baseline,no_prior_positive_route,56021.75351386587,56021.75351386587,53908.06,2113.6935138658737,2113.6935138658737,2113.6935138658737,2113.6935138658737,3.920922982325599,3.9209229823255995,
recursive_no_target_actual,대구,도매 및 소매업,2,2025,baseline,no_prior_positive_route,53120.880267666456,53120.880267666456,53863.76,-742.8797323335457,-742.8797323335457,742.8797323335457,742.8797323335457,1.3791828352375433,1.3791828352375433,
recursive_no_target_actual,대구,도매 및 소매업,3,2021,baseline,no_prior_positive_route,54949.32381850337,54949.32381850337,54537.880000000005,411.44381850336504,411.44381850336504,411.44381850336504,411.44381850336504,0.7544184308289302,0.7544184308289302,
recursive_no_target_actual,대구,도매 및 소매업,3,2023,baseline,no_prior_positive_route,54953.22216075334,54953.22216075334,53908.06,1045.1621607533452,1045.1621607533452,1045.1621607533452,1045.1621607533452,1.9387864463186864,1.9387864463186866,
recursive_no_target_actual,대구,도매 및 소매업,3,2025,baseline,no_prior_positive_route,53890.55670027713,53890.55670027713,53863.76,26.79670027712564,26.79670027712564,26.79670027712564,26.79670027712564,0.0497490340019442,0.049749034001944234,
recursive_no_target_actual,대구,도매 및 소매업,4,2021,baseline,no_prior_positive_route,55003.40996402921,55003.40996402921,54537.880000000005,465.5299640292069,465.5299640292069,465.5299640292069,465.5299640292069,0.8535901359370897,0.8535901359370897,
recursive_no_target_actual,대구,도매 및 소매업,4,2023,baseline,no_prior_positive_route,54090.72391885955,54090.72391885955,53908.06,182.6639188595509,182.6639188595509,182.6639188595509,182.6639188595509,0.3388434287183603,0.3388434287183603,
recursive_no_target_actual,대구,도매 및 소매업,4,2025,baseline,no_prior_positive_route,54257.18439164621,54257.18439164621,53863.76,393.42439164620737,393.42439164620737,393.42439164620737,393.42439164620737,0.7304064767223962,0.7304064767223962,
recursive_no_target_actual,대구,문화 및 기타서비스업,1,2021,baseline,no_prior_positive_route,20394.43534904393,20394.43534904393,20811.28,-416.8446509560672,-416.8446509560672,416.8446509560672,416.8446509560672,2.0029745933746854,2.0029745933746854,
recursive_no_target_actual,대구,문화 및 기타서비스업,1,2022,baseline,no_prior_positive_route,21370.27035270998,21370.27035270998,20792.23,578.0403527099807,578.0403527099807,578.0403527099807,578.0403527099807,2.78007867703455,2.7800786770345494,
recursive_no_target_actual,대구,문화 및 기타서비스업,1,2023,baseline,no_prior_positive_route,23331.606664894654,23331.606664894654,22167.59,1164.0166648946542,1164.0166648946542,1164.0166648946542,1164.0166648946542,5.250984274315134,5.250984274315134,
recursive_no_target_actual,대구,문화 및 기타서비스업,1,2024,baseline,no_prior_positive_route,22193.5010372277,22193.5010372277,21846.68,346.821037227699,346.821037227699,346.821037227699,346.821037227699,1.5875228511961497,1.5875228511961497,
recursive_no_target_actual,대구,문화 및 기타서비스업,1,2025,baseline,no_prior_positive_route,21453.22049269722,21453.22049269722,20116.68,1336.5404926972187,1336.5404926972187,1336.5404926972187,1336.5404926972187,6.6439417075641645,6.6439417075641645,
recursive_no_target_actual,대구,문화 및 기타서비스업,2,2021,baseline,no_prior_positive_route,21300.0702375747,21300.0702375747,20811.28,488.79023757469986,488.79023757469986,488.79023757469986,488.79023757469986,2.348679358380166,2.348679358380166,
recursive_no_target_actual,대구,문화 및 기타서비스업,2,2022,baseline,no_prior_positive_route,21575.582443668613,21575.582443668613,20792.23,783.352443668613,783.352443668613,783.352443668613,783.352443668613,3.76752490554699,3.76752490554699,
recursive_no_target_actual,대구,문화 및 기타서비스업,2,2023,baseline,no_prior_positive_route,22512.49765002571,22512.49765002571,22167.59,344.90765002571425,344.90765002571425,344.90765002571425,344.90765002571425,1.5559095509512502,1.5559095509512502,
recursive_no_target_actual,대구,문화 및 기타서비스업,2,2024,baseline,no_prior_positive_route,22127.013454949887,22127.013454949887,21846.68,280.3334549498868,280.3334549498868,280.3334549498868,280.3334549498868,1.283185614243843,1.283185614243843,
recursive_no_target_actual,대구,문화 및 기타서비스업,2,2025,baseline,no_prior_positive_route,21454.653100482137,21454.653100482137,20116.68,1337.9731004821333,1337.9731004821333,1337.9731004821333,1337.9731004821333,6.651063199703596,6.651063199703596,
recursive_no_target_actual,대구,문화 및 기타서비스업,3,2021,baseline,no_prior_positive_route,21338.860001496705,21338.860001496705,20811.28,527.5800014967062,527.5800014967062,527.5800014967062,527.5800014967062,2.535067528266912,2.535067528266912,
recursive_no_target_actual,대구,문화 및 기타서비스업,3,2022,baseline,no_prior_positive_route,22019.86930944645,22019.86930944645,20792.23,1227.639309446451,1227.639309446451,1227.639309446451,1227.639309446451,5.9043176679290825,5.9043176679290825,
recursive_no_target_actual,대구,문화 및 기타서비스업,3,2023,baseline,no_prior_positive_route,22286.62133574759,22286.62133574759,22167.59,119.03133574758976,119.03133574758976,119.03133574758976,119.03133574758976,0.5369611028875478,0.5369611028875478,
recursive_no_target_actual,대구,문화 및 기타서비스업,3,2024,baseline,no_prior_positive_route,21975.602349884964,21975.602349884964,21846.68,128.9223498849642,128.9223498849642,128.9223498849642,128.9223498849642,0.5901233042501844,0.5901233042501844,
recursive_no_target_actual,대구,문화 및 기타서비스업,3,2025,baseline,no_prior_positive_route,21736.30877773608,21736.30877773608,20116.68,1619.6287777360812,1619.6287777360812,1619.6287777360812,1619.6287777360812,8.051173343395039,8.051173343395039,
recursive_no_target_actual,대구,문화 및 기타서비스업,4,2021,baseline,no_prior_positive_route,21483.155063447433,21483.155063447433,20811.28,671.8750634474345,671.8750634474345,671.8750634474345,671.8750634474345,3.2284177784712647,3.2284177784712647,
recursive_no_target_actual,대구,문화 및 기타서비스업,4,2022,baseline,no_prior_positive_route,22004.686791092037,22004.686791092037,20792.23,1212.4567910920375,1212.4567910920375,1212.4567910920375,1212.4567910920375,5.831297513984973,5.831297513984972,
recursive_no_target_actual,대구,문화 및 기타서비스업,4,2023,baseline,no_prior_positive_route,21849.115726865155,21849.115726865155,22167.59,-318.47427313484513,-318.47427313484513,318.47427313484513,318.47427313484513,1.4366662011289686,1.4366662011289686,
recursive_no_target_actual,대구,문화 및 기타서비스업,4,2024,baseline,no_prior_positive_route,21873.92675067089,21873.92675067089,21846.68,27.246750670889018,27.246750670889018,27.246750670889018,27.246750670889018,0.1247180380308999,0.12471803803089997,
recursive_no_target_actual,대구,문화 및 기타서비스업,4,2025,baseline,no_prior_positive_route,21679.78651053365,21679.78651053365,20116.68,1563.1065105336456,1563.1065105336456,1563.1065105336456,1563.1065105336456,7.7702011988739965,7.7702011988739965,
recursive_no_target_actual,대구,보건 및 사회복지업,1,2021,baseline,no_prior_positive_route,53697.869154833505,53697.869154833505,57710.119999999995,-4012.250845166491,-4012.250845166491,4012.250845166491,4012.250845166491,6.952421594629314,6.952421594629316,
recursive_no_target_actual,대구,보건 및 사회복지업,1,2022,baseline,no_prior_positive_route,62720.89126212682,62720.89126212682,60651.5,2069.3912621268173,2069.3912621268173,2069.3912621268173,2069.3912621268173,3.4119374823818327,3.4119374823818327,
recursive_no_target_actual,대구,보건 및 사회복지업,1,2023,regional_service_production_index_Q,prior_positive_improvement_78.789_eok,63063.019502619856,63849.38963360143,62227.15,835.8695026198548,1622.239633601428,835.8695026198548,1622.239633601428,1.3432553196150792,2.606964377448474,2.606964377448474
recursive_no_target_actual,대구,보건 및 사회복지업,1,2024,baseline,no_prior_positive_route,65134.20600215314,65134.20600215314,63443.29,1690.9160021531425,1690.9160021531425,1690.9160021531425,1690.9160021531425,2.6652400941898544,2.6652400941898544,
recursive_no_target_actual,대구,보건 및 사회복지업,1,2025,baseline,no_prior_positive_route,68000.08143115132,68000.08143115132,67234.14,765.9414311513247,765.9414311513247,765.9414311513247,765.9414311513247,1.139215034432395,1.139215034432395,
recursive_no_target_actual,대구,보건 및 사회복지업,2,2021,baseline,no_prior_positive_route,54968.61238279568,54968.61238279568,57710.119999999995,-2741.507617204319,-2741.507617204319,2741.507617204319,2741.507617204319,4.750479841671304,4.750479841671304,
recursive_no_target_actual,대구,보건 및 사회복지업,2,2022,regional_service_production_index_Q,prior_positive_improvement_2379.318_eok,62235.34888514597,62603.111804050866,60651.5,1583.8488851459697,1951.6118040508663,1583.8488851459697,1951.6118040508663,2.61139276876247,3.217746970892503,3.217746970892503
recursive_no_target_actual,대구,보건 및 사회복지업,2,2023,regional_service_production_index_Q,prior_positive_improvement_2011.555_eok,62521.58859651631,62969.05623100304,62227.15,294.4385965163092,741.9062310030349,294.4385965163092,741.9062310030349,0.4731674140890418,1.1922548774980615,1.1922548774980617
recursive_no_target_actual,대구,보건 및 사회복지업,2,2024,regional_service_production_index_Q,prior_positive_improvement_1564.087_eok,64710.272024032296,66781.62563780845,63443.29,1266.9820240322952,3338.33563780845,1266.9820240322952,3338.33563780845,1.997030771941832,5.26192074498099,5.26192074498099
recursive_no_target_actual,대구,보건 및 사회복지업,2,2025,baseline,no_prior_positive_route,68518.47078961456,68518.47078961456,67234.14,1284.330789614556,1284.330789614556,1284.330789614556,1284.330789614556,1.9102360640212788,1.9102360640212783,
recursive_no_target_actual,대구,보건 및 사회복지업,3,2021,baseline,no_prior_positive_route,55580.62024443795,55580.62024443795,57710.119999999995,-2129.499755562043,-2129.499755562043,2129.499755562043,2129.499755562043,3.6899936364056134,3.6899936364056134,
recursive_no_target_actual,대구,보건 및 사회복지업,3,2022,regional_service_production_index_Q,prior_positive_improvement_1652.343_eok,61436.17841345269,62007.49164132795,60651.5,784.6784134526897,1355.9916413279498,784.6784134526897,1355.9916413279498,1.293749393589095,2.2357099846301405,2.2357099846301405
recursive_no_target_actual,대구,보건 및 사회복지업,3,2023,regional_service_production_index_Q,prior_positive_improvement_1081.030_eok,62573.89434834102,64224.38651458273,62227.15,346.74434834101703,1997.236514582728,346.74434834101703,1997.236514582728,0.5572235725740565,3.2095902103546887,3.2095902103546887
recursive_no_target_actual,대구,보건 및 사회복지업,3,2024,baseline,no_prior_positive_route,64720.456134145614,64720.456134145614,63443.29,1277.166134145613,1277.166134145613,1277.166134145613,1277.166134145613,2.0130830764697305,2.0130830764697305,
recursive_no_target_actual,대구,보건 및 사회복지업,3,2025,baseline,no_prior_positive_route,68411.20037197394,68411.20037197394,67234.14,1177.0603719739447,1177.0603719739447,1177.0603719739447,1177.0603719739447,1.7506885221911734,1.7506885221911734,
recursive_no_target_actual,대구,보건 및 사회복지업,4,2021,baseline,no_prior_positive_route,55969.286266397445,55969.286266397445,57710.119999999995,-1740.8337336025506,-1740.8337336025506,1740.8337336025506,1740.8337336025506,3.016513799663821,3.016513799663821,
recursive_no_target_actual,대구,보건 및 사회복지업,4,2022,regional_service_production_index_Q,prior_positive_improvement_1381.542_eok,61035.32360032437,61571.664716197505,60651.5,383.8236003243728,920.1647161975052,383.8236003243728,920.1647161975052,0.6328344728891665,1.5171343102767536,1.5171343102767536
recursive_no_target_actual,대구,보건 및 사회복지업,4,2023,regional_service_production_index_Q,prior_positive_improvement_845.201_eok,62680.9607152291,64652.08553200692,62227.15,453.8107152290977,2424.9355320069153,453.8107152290977,2424.9355320069153,0.729280893033182,3.8969091980058788,3.8969091980058783
recursive_no_target_actual,대구,보건 및 사회복지업,4,2024,baseline,no_prior_positive_route,64981.0538781741,64981.0538781741,63443.29,1537.763878174097,1537.763878174097,1537.763878174097,1537.763878174097,2.423840059640818,2.423840059640818,
recursive_no_target_actual,대구,보건 및 사회복지업,4,2025,baseline,no_prior_positive_route,68723.67003408061,68723.67003408061,67234.14,1489.5300340806134,1489.5300340806134,1489.5300340806134,1489.5300340806134,2.21543702958142,2.21543702958142,
recursive_no_target_actual,대구,부동산업,1,2021,baseline,no_prior_positive_route,73033.83172745253,73033.83172745253,71741.26,1292.5717274525375,1292.5717274525375,1292.5717274525375,1292.5717274525375,1.801713166806016,1.8017131668060158,
recursive_no_target_actual,대구,부동산업,1,2022,baseline,no_prior_positive_route,70458.66151559116,70458.66151559116,68076.38,2382.281515591152,2382.281515591152,2382.281515591152,2382.281515591152,3.499424492887477,3.499424492887477,
recursive_no_target_actual,대구,부동산업,1,2023,baseline,no_prior_positive_route,68119.47689489798,68119.47689489798,69860.54,-1741.0631051020173,-1741.0631051020173,1741.0631051020173,1741.0631051020173,2.4921981781160256,2.4921981781160256,
recursive_no_target_actual,대구,부동산업,1,2024,baseline,no_prior_positive_route,69550.40454166138,69550.40454166138,70535.43000000001,-985.0254583386268,-985.0254583386268,985.0254583386268,985.0254583386268,1.3964974174519482,1.3964974174519482,
recursive_no_target_actual,대구,부동산업,1,2025,baseline,no_prior_positive_route,69706.01803968745,69706.01803968745,68077.62,1628.398039687454,1628.398039687454,1628.398039687454,1628.398039687454,2.39197263313179,2.39197263313179,
recursive_no_target_actual,대구,부동산업,2,2021,baseline,no_prior_positive_route,72892.99096239846,72892.99096239846,71741.26,1151.730962398462,1151.730962398462,1151.730962398462,1151.730962398462,1.6053955037846588,1.6053955037846588,
recursive_no_target_actual,대구,부동산업,2,2022,baseline,no_prior_positive_route,69934.81460685127,69934.81460685127,68076.38,1858.4346068512675,1858.4346068512675,1858.4346068512675,1858.4346068512675,2.729925719979922,2.7299257199799216,
recursive_no_target_actual,대구,부동산업,2,2023,baseline,no_prior_positive_route,68319.47798249083,68319.47798249083,69860.54,-1541.0620175091608,-1541.0620175091608,1541.0620175091608,1541.0620175091608,2.205911974784565,2.205911974784565,
recursive_no_target_actual,대구,부동산업,2,2024,baseline,no_prior_positive_route,70070.83838690116,70070.83838690116,70535.43000000001,-464.591613098848,-464.591613098848,464.591613098848,464.591613098848,0.6586641820980577,0.6586641820980575,
recursive_no_target_actual,대구,부동산업,2,2025,baseline,no_prior_positive_route,69668.26729182737,69668.26729182737,68077.62,1590.6472918273794,1590.6472918273794,1590.6472918273794,1590.6472918273794,2.3365201248624428,2.3365201248624428,
recursive_no_target_actual,대구,부동산업,3,2021,baseline,no_prior_positive_route,72254.72008573555,72254.72008573555,71741.26,513.4600857355545,513.4600857355545,513.4600857355545,513.4600857355545,0.7157109949498441,0.7157109949498441,
recursive_no_target_actual,대구,부동산업,3,2022,baseline,no_prior_positive_route,70083.79807480519,70083.79807480519,68076.38,2007.4180748051876,2007.4180748051876,2007.4180748051876,2007.4180748051876,2.9487732379500606,2.9487732379500606,
recursive_no_target_actual,대구,부동산업,3,2023,baseline,no_prior_positive_route,68547.8536806155,68547.8536806155,69860.54,-1312.686319384491,-1312.686319384491,1312.686319384491,1312.686319384491,1.8790096947210704,1.8790096947210702,
recursive_no_target_actual,대구,부동산업,3,2024,baseline,no_prior_positive_route,70038.69638483477,70038.69638483477,70535.43000000001,-496.7336151652416,-496.7336151652416,496.7336151652416,496.7336151652416,0.7042327737496483,0.7042327737496482,
recursive_no_target_actual,대구,부동산업,3,2025,baseline,no_prior_positive_route,69935.99390503301,69935.99390503301,68077.62,1858.373905033019,1858.373905033019,1858.373905033019,1858.373905033019,2.7297868301403883,2.7297868301403883,
recursive_no_target_actual,대구,부동산업,4,2021,baseline,no_prior_positive_route,71841.38057719177,71841.38057719177,71741.26,100.12057719177392,100.12057719177392,100.12057719177392,100.12057719177392,0.1395578739372209,0.13955787393722097,
recursive_no_target_actual,대구,부동산업,4,2022,baseline,no_prior_positive_route,70325.50888689436,70325.50888689436,68076.38,2249.128886894352,2249.128886894352,2249.128886894352,2249.128886894352,3.3038315005797196,3.3038315005797196,
recursive_no_target_actual,대구,부동산업,4,2023,baseline,no_prior_positive_route,68658.9635626314,68658.9635626314,69860.54,-1201.576437368596,-1201.576437368596,1201.576437368596,1201.576437368596,1.719964428228863,1.719964428228863,
recursive_no_target_actual,대구,부동산업,4,2024,baseline,no_prior_positive_route,69993.62115696806,69993.62115696806,70535.43000000001,-541.8088430319476,-541.8088430319476,541.8088430319476,541.8088430319476,0.7681371518284464,0.7681371518284464,
recursive_no_target_actual,대구,부동산업,4,2025,baseline,no_prior_positive_route,70254.34729671717,70254.34729671717,68077.62,2176.727296717174,2176.727296717174,2176.727296717174,2176.727296717174,3.197419793343501,3.197419793343501,
recursive_no_target_actual,대구,사업서비스업,1,2021,baseline,no_prior_positive_route,39308.197230815495,39308.197230815495,43003.32,-3695.122769184505,-3695.122769184505,3695.122769184505,3695.122769184505,8.592645333394039,8.592645333394039,
recursive_no_target_actual,대구,사업서비스업,1,2022,regional_service_production_index_M_N,prior_positive_improvement_1397.278_eok,44393.353557654526,43875.91598335068,41827.53,2565.8235576545267,2048.3859833506795,2565.8235576545267,2048.3859833506795,6.134293747812809,4.897219566516788,4.897219566516788
recursive_no_target_actual,대구,사업서비스업,1,2023,regional_service_production_index_M_N,prior_positive_improvement_1914.715_eok,43633.96657037295,45005.65441101479,41828.69,1805.2765703729456,3176.9644110147856,1805.2765703729456,3176.9644110147856,4.315881205873159,7.595180272236078,7.595180272236078
recursive_no_target_actual,대구,사업서비스업,1,2025,regional_service_production_index_M_N,prior_positive_improvement_543.027_eok,42935.661346796376,41921.97400652985,42385.78,549.8813467963773,-463.8059934701523,549.8813467963773,463.8059934701523,1.2973250623118822,1.0942490464258352,1.0942490464258352
recursive_no_target_actual,대구,사업서비스업,2,2021,baseline,no_prior_positive_route,40583.428176138055,40583.428176138055,43003.32,-2419.8918238619444,-2419.8918238619444,2419.8918238619444,2419.8918238619444,5.627220930528026,5.627220930528026,
recursive_no_target_actual,대구,사업서비스업,2,2022,regional_service_production_index_M_N,prior_positive_improvement_619.535_eok,44455.15600097503,43772.88549749464,41827.53,2627.626000975033,1945.3554974946385,2627.626000975033,1945.3554974946385,6.282049169470522,4.650897381448626,4.650897381448626
recursive_no_target_actual,대구,사업서비스업,2,2023,regional_service_production_index_M_N,prior_positive_improvement_1301.806_eok,43704.94180354555,42798.21107594936,41828.69,1876.2518035455505,969.5210759493566,1876.2518035455505,969.5210759493566,4.485561951726316,2.317837531965157,2.317837531965157
recursive_no_target_actual,대구,사업서비스업,2,2025,regional_service_production_index_M_N,prior_positive_improvement_2208.536_eok,43046.52945339878,42571.82792532976,42385.78,660.7494533987847,186.0479253297599,660.7494533987847,186.0479253297599,1.5588941701645804,0.4389394870868482,0.4389394870868482
recursive_no_target_actual,대구,사업서비스업,3,2021,baseline,no_prior_positive_route,40504.59324825213,40504.59324825213,43003.32,-2498.726751747876,-2498.726751747876,2498.726751747876,2498.726751747876,5.810543817890982,5.810543817890982,
recursive_no_target_actual,대구,사업서비스업,3,2022,regional_service_production_index_M_N,prior_positive_improvement_156.755_eok,44091.432872983096,43768.95774480712,41827.53,2263.902872983097,1941.4277448071225,2263.902872983097,1941.4277448071225,5.4124708606582725,4.641507028521939,4.641507028521939
recursive_no_target_actual,대구,사업서비스업,3,2023,regional_service_production_index_M_N,prior_positive_improvement_479.230_eok,43848.872282927325,42416.9363994169,41828.69,2020.1822829273224,588.2463994169011,2020.1822829273224,588.2463994169011,4.82965706773825,1.4063227880598246,1.4063227880598246
recursive_no_target_actual,대구,사업서비스업,3,2025,regional_service_production_index_M_N,prior_positive_improvement_1911.166_eok,43526.45748470886,42701.35983738578,42385.78,1140.67748470886,315.5798373857833,1140.67748470886,315.5798373857833,2.691179647298835,0.7445417717587911,0.7445417717587911
recursive_no_target_actual,대구,사업서비스업,4,2021,baseline,no_prior_positive_route,40515.174842060405,40515.174842060405,43003.32,-2488.1451579395944,-2488.1451579395944,2488.1451579395944,2488.1451579395944,5.785937360044747,5.785937360044747,
recursive_no_target_actual,대구,사업서비스업,4,2022,regional_service_production_index_M_N,prior_positive_improvement_78.482_eok,44122.61160984213,43320.8438985971,41827.53,2295.081609842134,1493.3138985971018,2295.081609842134,1493.3138985971018,5.487012046473064,3.570169930180199,3.570169930180199
recursive_no_target_actual,대구,사업서비스업,4,2023,regional_service_production_index_M_N,prior_positive_improvement_880.249_eok,43897.98622296949,42374.2617016858,41828.69,2069.2962229694895,545.5717016857961,2069.2962229694895,545.5717016857961,4.947073941281664,1.3043002343267172,1.3043002343267172
recursive_no_target_actual,대구,사업서비스업,4,2025,regional_service_production_index_M_N,prior_positive_improvement_2403.974_eok,43700.56646835024,42343.175390334574,42385.78,1314.7864683502412,-42.604609665424505,1314.7864683502412,42.604609665424505,3.1019518063610985,0.10051628085038072,0.1005162808503807
recursive_no_target_actual,대구,서비스업,1,2021,baseline,no_prior_positive_route,432092.3008824175,432092.3008824175,436117.9,-4025.599117582547,-4025.599117582547,4025.599117582547,4025.599117582547,0.9230529445323266,0.9230529445323263,
recursive_no_target_actual,대구,서비스업,1,2022,regional_service_production_index_T,prior_positive_improvement_2209.078_eok,455932.7983852312,453945.25184446666,445405.07,10527.728385231168,8540.181844466657,10527.728385231168,8540.181844466657,2.3636301188109883,1.9173966395278474,1.9173966395278472
recursive_no_target_actual,대구,서비스업,1,2023,regional_service_production_index_T,prior_positive_improvement_4196.624_eok,467162.7384612387,470576.42931992334,454620.36,12542.378461238695,15956.06931992335,12542.378461238695,15956.06931992335,2.7588686219945573,3.509756870528929,3.509756870528929
recursive_no_target_actual,대구,서비스업,1,2024,regional_service_production_index_T,prior_positive_improvement_782.934_eok,469852.2232675172,466161.04003626475,459849.72,10002.503267517195,6311.320036264777,10002.503267517195,6311.320036264777,2.1751678499482825,1.3724744762842906,1.3724744762842906
recursive_no_target_actual,대구,서비스업,1,2025,regional_service_production_index_T,prior_positive_improvement_4474.117_eok,471598.2259895252,448871.87522546423,460143.43,11454.795989525212,-11271.554774535762,11454.795989525212,11271.554774535762,2.4893968364440657,2.449574206576363,2.449574206576363
recursive_no_target_actual,대구,서비스업,2,2021,baseline,no_prior_positive_route,438157.71361306,438157.71361306,436117.9,2039.8136130599887,2039.8136130599887,2039.8136130599887,2039.8136130599887,0.4677206812790735,0.46772068127907357,
recursive_no_target_actual,대구,서비스업,2,2022,baseline,no_prior_positive_route,454114.8405904097,454114.8405904097,445405.07,8709.770590409695,8709.770590409695,8709.770590409695,8709.770590409695,1.9554718114029763,1.9554718114029763,
recursive_no_target_actual,대구,서비스업,2,2023,baseline,no_prior_positive_route,461022.0284423635,461022.0284423635,454620.36,6401.6684423635015,6401.6684423635015,6401.6684423635015,6401.6684423635015,1.4081350079357426,1.4081350079357426,
recursive_no_target_actual,대구,서비스업,2,2024,baseline,no_prior_positive_route,466797.4119067652,466797.4119067652,459849.72,6947.69190676522,6947.69190676522,6947.69190676522,6947.69190676522,1.5108613976681815,1.5108613976681817,
recursive_no_target_actual,대구,서비스업,2,2025,baseline,no_prior_positive_route,470901.9167033552,470901.9167033552,460143.43,10758.486703355216,10758.486703355216,10758.486703355216,10758.486703355216,2.338072436100026,2.338072436100026,
recursive_no_target_actual,대구,서비스업,3,2021,baseline,no_prior_positive_route,439197.77376520354,439197.77376520354,436117.9,3079.8737652035197,3079.8737652035197,3079.8737652035197,3079.8737652035197,0.7062020992955161,0.7062020992955161,
recursive_no_target_actual,대구,서비스업,3,2022,baseline,no_prior_positive_route,453631.3745895436,453631.3745895436,445405.07,8226.304589543608,8226.304589543608,8226.304589543608,8226.304589543608,1.846926571703283,1.846926571703283,
recursive_no_target_actual,대구,서비스업,3,2023,baseline,no_prior_positive_route,459407.8035354734,459407.8035354734,454620.36,4787.4435354734305,4787.4435354734305,4787.4435354734305,4787.4435354734305,1.053064041274665,1.053064041274665,
recursive_no_target_actual,대구,서비스업,3,2024,baseline,no_prior_positive_route,465862.4901729528,465862.4901729528,459849.72,6012.770172952849,6012.770172952849,6012.770172952849,6012.770172952849,1.3075511219084464,1.3075511219084464,
recursive_no_target_actual,대구,서비스업,3,2025,regional_service_production_index_T,prior_positive_improvement_3550.407_eok,472350.1524813095,455877.2321000893,460143.43,12206.722481309494,-4266.19789991068,12206.722481309494,4266.19789991068,2.652808164904038,0.9271452381512172,0.9271452381512172
recursive_no_target_actual,대구,서비스업,4,2021,baseline,no_prior_positive_route,439450.8917421288,439450.8917421288,436117.9,3332.991742128739,3332.991742128739,3332.991742128739,3332.991742128739,0.7642409866984912,0.7642409866984912,
recursive_no_target_actual,대구,서비스업,4,2022,baseline,no_prior_positive_route,451902.7673272913,451902.7673272913,445405.07,6497.697327291302,6497.697327291302,6497.697327291302,6497.697327291302,1.4588287751846432,1.4588287751846432,
recursive_no_target_actual,대구,서비스업,4,2023,baseline,no_prior_positive_route,456049.772128419,456049.772128419,454620.36,1429.4121284190333,1429.4121284190333,1429.4121284190333,1429.4121284190333,0.3144188545403099,0.3144188545403099,
recursive_no_target_actual,대구,서비스업,4,2024,baseline,no_prior_positive_route,464115.0268813306,464115.0268813306,459849.72,4265.306881330558,4265.306881330558,4265.306881330558,4265.306881330558,0.927543650854144,0.9275436508541439,
recursive_no_target_actual,대구,서비스업,4,2025,baseline,no_prior_positive_route,472679.2644750426,472679.2644750426,460143.43,12535.83447504259,12535.83447504259,12535.83447504259,12535.83447504259,2.7243319490713125,2.7243319490713125,
recursive_no_target_actual,대구,숙박 및 음식점업,1,2022,baseline,no_prior_positive_route,17775.697181825166,17775.697181825166,19220.35,-1444.6528181748326,-1444.6528181748326,1444.6528181748326,1444.6528181748326,7.516266967952367,7.516266967952367,
recursive_no_target_actual,대구,숙박 및 음식점업,1,2024,regional_service_production_index_I,prior_positive_improvement_855.041_eok,19108.59876814031,19981.494240755314,19485.54,-376.9412318596914,495.95424075531264,376.9412318596914,495.95424075531264,1.934466439522289,2.5452424759863606,2.545242475986361
recursive_no_target_actual,대구,숙박 및 음식점업,2,2022,baseline,no_prior_positive_route,18425.76912999925,18425.76912999925,19220.35,-794.5808700007474,-794.5808700007474,794.5808700007474,794.5808700007474,4.1340603579058,4.1340603579058,
recursive_no_target_actual,대구,숙박 및 음식점업,2,2024,regional_service_production_index_I,prior_positive_improvement_688.498_eok,19008.33261537533,19863.61451424113,19485.54,-477.2073846246713,378.0745142411288,477.2073846246713,378.0745142411288,2.4490334095163453,1.9402824568430166,1.9402824568430168
recursive_no_target_actual,대구,숙박 및 음식점업,3,2022,baseline,no_prior_positive_route,18845.274169881657,18845.274169881657,19220.35,-375.07583011834504,-375.07583011834504,375.07583011834504,375.07583011834504,1.9514516130993715,1.9514516130993715,
recursive_no_target_actual,대구,숙박 및 음식점업,3,2024,regional_service_production_index_I,prior_positive_improvement_102.636_eok,18823.195815306248,19626.312929969103,19485.54,-662.344184693753,140.77292996910546,662.344184693753,140.77292996910546,3.3991574505697715,0.7224481844952999,0.7224481844952999
recursive_no_target_actual,대구,숙박 및 음식점업,4,2022,baseline,no_prior_positive_route,18490.32528533992,18490.32528533992,19220.35,-730.0247146600777,-730.0247146600777,730.0247146600777,730.0247146600777,3.798186373609626,3.7981863736096266,
recursive_no_target_actual,대구,숙박 및 음식점업,4,2024,regional_service_production_index_I,prior_positive_improvement_412.837_eok,18664.44602178624,19501.984596774197,19485.54,-821.0939782137611,16.444596774195816,821.0939782137611,16.444596774195816,4.213863091368066,0.08439384679200995,0.0843938467920099
recursive_no_target_actual,대구,운수 및 창고업,1,2021,baseline,no_prior_positive_route,19558.82628644515,19558.82628644515,20771.95,-1213.1237135548508,-1213.1237135548508,1213.1237135548508,1213.1237135548508,5.8402013944518965,5.8402013944518965,
recursive_no_target_actual,대구,운수 및 창고업,1,2022,regional_service_production_index_H,prior_positive_improvement_129.457_eok,22309.64177735594,21335.698121085596,23577.14,-1267.4982226440588,-2241.441878914404,1267.4982226440588,2241.441878914404,5.375962574952089,9.506843828023262,9.506843828023262
recursive_no_target_actual,대구,운수 및 창고업,1,2023,baseline,no_prior_positive_route,26246.27274769856,26246.27274769856,28745.699999999997,-2499.427252301437,-2499.427252301437,2499.427252301437,2499.427252301437,8.69496047165815,8.69496047165815,
recursive_no_target_actual,대구,운수 및 창고업,1,2024,baseline,no_prior_positive_route,32650.70914594774,32650.70914594774,31303.59,1347.1191459477411,1347.1191459477411,1347.1191459477411,1347.1191459477411,4.303401449954275,4.303401449954274,
recursive_no_target_actual,대구,운수 및 창고업,1,2025,baseline,no_prior_positive_route,31294.35084323772,31294.35084323772,31124.27,170.08084323771982,170.08084323771982,170.08084323771982,170.08084323771982,0.5464572927741593,0.5464572927741593,
recursive_no_target_actual,대구,운수 및 창고업,2,2021,baseline,no_prior_positive_route,21455.648505100613,21455.648505100613,20771.95,683.6985051006122,683.6985051006122,683.6985051006122,683.6985051006122,3.2914507549874337,3.2914507549874337,
recursive_no_target_actual,대구,운수 및 창고업,2,2022,regional_service_production_index_H,prior_positive_improvement_341.931_eok,22695.42203095839,21463.30083207262,23577.14,-881.7179690416051,-2113.839167927381,881.7179690416051,2113.839167927381,3.73971554243477,8.96563013125163,8.96563013125163
recursive_no_target_actual,대구,운수 및 창고업,2,2023,baseline,no_prior_positive_route,27587.73378077194,27587.73378077194,28745.699999999997,-1157.9662192280557,-1157.9662192280557,1157.9662192280557,1157.9662192280557,4.0283110838423,4.0283110838423,
recursive_no_target_actual,대구,운수 및 창고업,2,2024,baseline,no_prior_positive_route,30985.971630253433,30985.971630253433,31303.59,-317.6183697465676,-317.6183697465676,317.6183697465676,317.6183697465676,1.0146387994046933,1.0146387994046933,
recursive_no_target_actual,대구,운수 및 창고업,2,2025,baseline,no_prior_positive_route,31212.334978685085,31212.334978685085,31124.27,88.0649786850845,88.0649786850845,88.0649786850845,88.0649786850845,0.2829463267253641,0.28294632672536413,
recursive_no_target_actual,대구,운수 및 창고업,3,2021,baseline,no_prior_positive_route,21620.24032116967,21620.24032116967,20771.95,848.2903211696685,848.2903211696685,848.2903211696685,848.2903211696685,4.08382612691475,4.08382612691475,
recursive_no_target_actual,대구,운수 및 창고업,3,2022,regional_service_production_index_H,prior_positive_improvement_222.349_eok,23155.20210108125,21224.557692307695,23577.14,-421.93789891874985,-2352.5823076923043,421.93789891874985,2352.5823076923043,1.7896059442271195,9.97823445800595,9.97823445800595
recursive_no_target_actual,대구,운수 및 창고업,3,2023,baseline,no_prior_positive_route,27771.97583434875,27771.97583434875,28745.699999999997,-973.7241656512488,-973.7241656512488,973.7241656512488,973.7241656512488,3.387373296358234,3.387373296358234,
recursive_no_target_actual,대구,운수 및 창고업,3,2024,baseline,no_prior_positive_route,30607.437800835654,30607.437800835654,31303.59,-696.1521991643422,-696.1521991643422,696.1521991643422,696.1521991643422,2.2238733613759387,2.2238733613759387,
recursive_no_target_actual,대구,운수 및 창고업,3,2025,baseline,no_prior_positive_route,31075.570493125782,31075.570493125782,31124.27,-48.69950687421806,-48.69950687421806,48.69950687421806,48.69950687421806,0.156467948884321,0.156467948884321,
recursive_no_target_actual,대구,운수 및 창고업,4,2021,baseline,no_prior_positive_route,21782.1503479365,21782.1503479365,20771.95,1010.2003479364976,1010.2003479364976,1010.2003479364976,1010.2003479364976,4.863290870315486,4.863290870315486,
recursive_no_target_actual,대구,운수 및 창고업,4,2022,regional_service_production_index_H,prior_positive_improvement_484.669_eok,23429.49971466554,20782.02857836002,23577.14,-147.6402853344589,-2795.11142163998,147.6402853344589,2795.11142163998,0.6262009952626099,11.855175910394475,11.855175910394475
recursive_no_target_actual,대구,운수 및 창고업,4,2023,baseline,no_prior_positive_route,27717.4468543754,27717.4468543754,28745.699999999997,-1028.253145624596,-1028.253145624596,1028.253145624596,1028.253145624596,3.5770676853393595,3.5770676853393595,
recursive_no_target_actual,대구,운수 및 창고업,4,2024,baseline,no_prior_positive_route,30242.595337346385,30242.595337346385,31303.59,-1060.9946626536148,-1060.9946626536148,1060.9946626536148,1060.9946626536148,3.389370556711274,3.389370556711274,
recursive_no_target_actual,대구,운수 및 창고업,4,2025,baseline,no_prior_positive_route,30920.20897772417,30920.20897772417,31124.27,-204.0610222758296,-204.0610222758296,204.0610222758296,204.0610222758296,0.6556331193497216,0.6556331193497216,
recursive_no_target_actual,대구,정보통신업,1,2021,baseline,no_prior_positive_route,21680.512485208932,21680.512485208932,21780.83,-100.3175147910697,-100.3175147910697,100.3175147910697,100.3175147910697,0.4605770982605791,0.46057709826057913,
recursive_no_target_actual,대구,정보통신업,1,2022,baseline,no_prior_positive_route,22461.002657940688,22461.002657940688,21563.71,897.2926579406885,897.2926579406885,897.2926579406885,897.2926579406885,4.161123748838621,4.161123748838621,
recursive_no_target_actual,대구,정보통신업,1,2023,baseline,no_prior_positive_route,22966.594560887253,22966.594560887253,21299.79,1666.8045608872526,1666.8045608872526,1666.8045608872526,1666.8045608872526,7.82545067762289,7.82545067762289,
recursive_no_target_actual,대구,정보통신업,1,2024,baseline,no_prior_positive_route,23023.348950153435,23023.348950153435,21096.47,1926.8789501534336,1926.8789501534336,1926.8789501534336,1926.8789501534336,9.133655773470318,9.133655773470316,
recursive_no_target_actual,대구,정보통신업,1,2025,baseline,no_prior_positive_route,22800.643668953217,22800.643668953217,20119.44,2681.203668953218,2681.203668953218,2681.203668953218,2681.203668953218,13.326432887561571,13.326432887561573,
recursive_no_target_actual,대구,정보통신업,2,2021,baseline,no_prior_positive_route,21970.54595080606,21970.54595080606,21780.83,189.7159508060577,189.7159508060577,189.7159508060577,189.7159508060577,0.8710225955854651,0.8710225955854652,
recursive_no_target_actual,대구,정보통신업,2,2022,baseline,no_prior_positive_route,22571.89818160836,22571.89818160836,21563.71,1008.1881816083624,1008.1881816083624,1008.1881816083624,1008.1881816083624,4.675392970914386,4.675392970914386,
recursive_no_target_actual,대구,정보통신업,2,2023,baseline,no_prior_positive_route,22356.985383570493,22356.985383570493,21299.79,1057.1953835704917,1057.1953835704917,1057.1953835704917,1057.1953835704917,4.963407543316115,4.963407543316115,
recursive_no_target_actual,대구,정보통신업,2,2024,regional_service_production_index_J,prior_positive_improvement_217.168_eok,22712.78550633069,23059.68766288952,21096.47,1616.3155063306876,1963.2176628895177,1616.3155063306876,1963.2176628895177,7.66154482873527,9.305905978059446,9.305905978059446
recursive_no_target_actual,대구,정보통신업,2,2025,baseline,no_prior_positive_route,23026.571166751262,23026.571166751262,20119.44,2907.1311667512637,2907.1311667512637,2907.1311667512637,2907.1311667512637,14.449364230571346,14.449364230571346,
recursive_no_target_actual,대구,정보통신업,3,2021,baseline,no_prior_positive_route,22359.360588258525,22359.360588258525,21780.83,578.5305882585235,578.5305882585235,578.5305882585235,578.5305882585235,2.6561457403529776,2.6561457403529776,
recursive_no_target_actual,대구,정보통신업,3,2022,regional_service_production_index_J,prior_positive_improvement_190.398_eok,22513.548250375738,22792.258416639794,21563.71,949.8382503757348,1228.5484166397946,949.8382503757348,1228.5484166397946,4.404799778775242,5.697296136146306,5.697296136146306
recursive_no_target_actual,대구,정보통신업,3,2023,baseline,no_prior_positive_route,22391.733198850252,22391.733198850252,21299.79,1091.943198850251,1091.943198850251,1091.943198850251,1091.943198850251,5.126544434711568,5.126544434711568,
recursive_no_target_actual,대구,정보통신업,3,2024,regional_service_production_index_J,prior_positive_improvement_809.032_eok,22609.550830327924,23016.649647355167,21096.47,1513.0808303279227,1920.1796473551656,1513.0808303279227,1920.1796473551656,7.172199094578015,9.101900210581038,9.10190021058104
recursive_no_target_actual,대구,정보통신업,3,2025,regional_service_production_index_J,prior_positive_improvement_401.933_eok,23034.32645983601,20733.797584498832,20119.44,2914.8864598360124,614.3575844988336,2914.8864598360124,614.3575844988336,14.487910497687867,3.053552109297444,3.053552109297444
recursive_no_target_actual,대구,정보통신업,4,2021,baseline,no_prior_positive_route,22545.70408929802,22545.70408929802,21780.83,764.8740892980168,764.8740892980168,764.8740892980168,764.8740892980168,3.5116847672839677,3.5116847672839677,
recursive_no_target_actual,대구,정보통신업,4,2022,regional_service_production_index_J,prior_positive_improvement_536.177_eok,22288.143399680877,22480.741563549163,21563.71,724.4333996808782,917.0315635491644,724.4333996808782,917.0315635491644,3.3595026073012404,4.2526613627671885,4.252661362767188
recursive_no_target_actual,대구,정보통신업,4,2023,regional_service_production_index_J,prior_positive_improvement_343.578_eok,22461.82225191804,21588.760778345728,21299.79,1162.0322519180372,288.970778345727,1162.0322519180372,288.970778345727,5.455604266136132,1.3566836966267133,1.3566836966267133
recursive_no_target_actual,대구,정보통신업,4,2024,regional_service_production_index_J,prior_positive_improvement_1216.640_eok,22565.478298261856,23099.07604316547,21096.47,1469.008298261855,2002.6060431654696,1469.008298261855,2002.6060431654696,6.963289584759227,9.492612001749437,9.492612001749436
recursive_no_target_actual,대구,정보통신업,4,2025,regional_service_production_index_J,prior_positive_improvement_683.042_eok,23034.248005887992,19913.65914187888,20119.44,2914.808005887993,-205.78085812112113,2914.808005887993,205.78085812112113,14.4875205566755,1.0227961519859456,1.0227961519859456
recursive_no_target_actual,세종,건설업,1,2022,baseline,no_prior_positive_route,12462.42509244324,12462.42509244324,12575.77,-113.34490755676052,-113.34490755676052,113.34490755676052,113.34490755676052,0.9012959648336484,0.9012959648336485,
recursive_no_target_actual,세종,건설업,1,2023,baseline,no_prior_positive_route,12850.847923676416,12850.847923676416,12255.989999999998,594.8579236764181,594.8579236764181,594.8579236764181,594.8579236764181,4.853609734312921,4.853609734312921,
recursive_no_target_actual,세종,건설업,1,2024,baseline,no_prior_positive_route,12943.137789990282,12943.137789990282,10516.05,2427.0877899902825,2427.0877899902825,2427.0877899902825,2427.0877899902825,23.07984262142423,23.07984262142423,
recursive_no_target_actual,세종,건설업,2,2022,baseline,no_prior_positive_route,12398.856249251838,12398.856249251838,12575.77,-176.91375074816278,-176.91375074816278,176.91375074816278,176.91375074816278,1.4067826522603608,1.4067826522603608,
recursive_no_target_actual,세종,건설업,2,2023,baseline,no_prior_positive_route,12698.83841795875,12698.83841795875,12255.989999999998,442.8484179587522,442.8484179587522,442.8484179587522,442.8484179587522,3.6133222853376368,3.6133222853376368,
recursive_no_target_actual,세종,건설업,2,2024,regional_construction_orders_bok_12_24q,prior_positive_improvement_6.419_eok,12626.751007992323,8981.238465489914,10516.05,2110.7010079923257,-1534.811534510085,2110.7010079923257,1534.811534510085,20.07123404693137,14.59494329629552,14.59494329629552
recursive_no_target_actual,세종,건설업,3,2022,baseline,no_prior_positive_route,12515.530570936584,12515.530570936584,12575.77,-60.23942906341654,-60.23942906341654,60.23942906341654,60.23942906341654,0.4790118542516008,0.4790118542516008,
recursive_no_target_actual,세종,건설업,3,2023,baseline,no_prior_positive_route,12691.171389492476,12691.171389492476,12255.989999999998,435.1813894924781,435.1813894924781,435.1813894924781,435.1813894924781,3.5507648871488806,3.5507648871488815,
recursive_no_target_actual,세종,건설업,3,2024,baseline,no_prior_positive_route,12300.680583750393,12300.680583750393,10516.05,1784.6305837503933,1784.6305837503933,1784.6305837503933,1784.6305837503933,16.970541065803165,16.970541065803165,
recursive_no_target_actual,세종,건설업,4,2022,baseline,no_prior_positive_route,12584.62642452694,12584.62642452694,12575.77,8.856424526939009,8.856424526939009,8.856424526939009,8.856424526939009,0.0704245109996366,0.07042451099963666,
recursive_no_target_actual,세종,건설업,4,2023,baseline,no_prior_positive_route,12503.037154653131,12503.037154653131,12255.989999999998,247.0471546531353,247.0471546531353,247.0471546531353,247.0471546531353,2.0157258177685793,2.0157258177685793,
recursive_no_target_actual,세종,건설업,4,2024,baseline,no_prior_positive_route,12122.438684328084,12122.438684328084,10516.05,1606.3886843280834,1606.3886843280834,1606.3886843280834,1606.3886843280834,15.275590020284074,15.275590020284074,
recursive_no_target_actual,세종,교육 서비스업,1,2022,baseline,no_prior_positive_route,9934.040005618464,9934.040005618464,10160.66,-226.61999438153543,-226.61999438153543,226.61999438153543,226.61999438153543,2.230366869686964,2.230366869686964,
recursive_no_target_actual,세종,교육 서비스업,1,2023,baseline,no_prior_positive_route,10341.269976731384,10341.269976731384,10382.9,-41.63002326861533,-41.63002326861533,41.63002326861533,41.63002326861533,0.4009479362087214,0.40094793620872143,
recursive_no_target_actual,세종,교육 서비스업,1,2024,baseline,no_prior_positive_route,10411.213007067066,10411.213007067066,10635.259999999998,-224.04699293293197,-224.04699293293197,224.04699293293197,224.04699293293197,2.106643306632203,2.106643306632203,
recursive_no_target_actual,세종,교육 서비스업,1,2025,baseline,no_prior_positive_route,10328.499411345889,10328.499411345889,10962.48,-633.9805886541126,-633.9805886541126,633.9805886541126,633.9805886541126,5.783185817936385,5.783185817936385,
recursive_no_target_actual,세종,교육 서비스업,2,2022,baseline,no_prior_positive_route,9907.262199900706,9907.262199900706,10160.66,-253.39780009929385,-253.39780009929385,253.39780009929385,253.39780009929385,2.493910829604512,2.4939108296045123,
recursive_no_target_actual,세종,교육 서비스업,2,2023,baseline,no_prior_positive_route,10327.04197426153,10327.04197426153,10382.9,-55.85802573846922,-55.85802573846922,55.85802573846922,55.85802573846922,0.5379809661893038,0.5379809661893038,
recursive_no_target_actual,세종,교육 서비스업,2,2024,baseline,no_prior_positive_route,10415.589582361485,10415.589582361485,10635.259999999998,-219.67041763851557,-219.67041763851557,219.67041763851557,219.67041763851557,2.0654917476254986,2.0654917476254986,
recursive_no_target_actual,세종,교육 서비스업,2,2025,baseline,no_prior_positive_route,10309.540920294374,10309.540920294374,10962.48,-652.9390797056258,-652.9390797056258,652.9390797056258,652.9390797056258,5.956125618524511,5.956125618524511,
recursive_no_target_actual,세종,교육 서비스업,3,2022,baseline,no_prior_positive_route,9868.012248645013,9868.012248645013,10160.66,-292.64775135498894,-292.64775135498894,292.64775135498894,292.64775135498894,2.8802041536178646,2.8802041536178646,
recursive_no_target_actual,세종,교육 서비스업,3,2023,regional_service_production_index_P,prior_positive_improvement_1.463_eok,10302.625400112942,9786.100854300765,10382.9,-80.27459988705778,-596.7991456992368,80.27459988705778,596.7991456992368,0.7731423772458348,5.747904204983548,5.747904204983548
recursive_no_target_actual,세종,교육 서비스업,3,2024,baseline,no_prior_positive_route,10397.3137840031,10397.3137840031,10635.259999999998,-237.94621599689708,-237.94621599689708,237.94621599689708,237.94621599689708,2.237333323274627,2.237333323274627,
recursive_no_target_actual,세종,교육 서비스업,3,2025,baseline,no_prior_positive_route,10345.868073035484,10345.868073035484,10962.48,-616.6119269645169,-616.6119269645169,616.6119269645169,616.6119269645169,5.624748478122806,5.624748478122806,
recursive_no_target_actual,세종,교육 서비스업,4,2022,baseline,no_prior_positive_route,9856.191474578496,9856.191474578496,10160.66,-304.4685254215037,-304.4685254215037,304.4685254215037,304.4685254215037,2.9965427976283405,2.9965427976283405,
recursive_no_target_actual,세종,교육 서비스업,4,2023,regional_service_production_index_P,prior_positive_improvement_115.056_eok,10279.379484183408,9814.451536601451,10382.9,-103.5205158165918,-568.4484633985467,103.5205158165918,568.4484633985467,0.9970289207889106,5.474852530589206,5.474852530589206
recursive_no_target_actual,세종,교육 서비스업,4,2024,baseline,no_prior_positive_route,10394.048098493133,10394.048098493133,10635.259999999998,-241.21190150686743,-241.21190150686743,241.21190150686743,241.21190150686743,2.2680395355343217,2.2680395355343217,
recursive_no_target_actual,세종,교육 서비스업,4,2025,baseline,no_prior_positive_route,10360.251436966762,10360.251436966762,10962.48,-602.2285630332372,-602.2285630332372,602.2285630332372,602.2285630332372,5.493543094566532,5.493543094566532,
recursive_no_target_actual,세종,금융 및 보험업,1,2021,baseline,no_prior_positive_route,4741.370706161596,4741.370706161596,4782.3,-40.92929383840419,-40.92929383840419,40.92929383840419,40.92929383840419,0.8558495669114063,0.8558495669114063,
recursive_no_target_actual,세종,금융 및 보험업,1,2022,regional_service_production_index_K,prior_positive_improvement_20.484_eok,5037.935636219968,5393.470802238807,5159.66,-121.72436378003204,233.8108022388069,121.72436378003204,233.8108022388069,2.3591547462435902,4.531515685894165,4.531515685894165
recursive_no_target_actual,세종,금융 및 보험업,1,2023,baseline,no_prior_positive_route,5225.636954161115,5225.636954161115,5073.32,152.31695416111506,152.31695416111506,152.31695416111506,152.31695416111506,3.002313163000069,3.0023131630000686,
recursive_no_target_actual,세종,금융 및 보험업,1,2024,baseline,no_prior_positive_route,5232.347971746826,5232.347971746826,5003.9,228.44797174682665,228.44797174682665,228.44797174682665,228.44797174682665,4.565398424165683,4.565398424165684,
recursive_no_target_actual,세종,금융 및 보험업,1,2025,baseline,no_prior_positive_route,5665.825687756483,5665.825687756483,4963.2300000000005,702.5956877564822,702.5956877564822,702.5956877564822,702.5956877564822,14.156017104919218,14.156017104919218,
recursive_no_target_actual,세종,금융 및 보험업,2,2021,baseline,no_prior_positive_route,4666.222298854554,4666.222298854554,4782.3,-116.07770114544655,-116.07770114544655,116.07770114544655,116.07770114544655,2.4272358728111274,2.4272358728111274,
recursive_no_target_actual,세종,금융 및 보험업,2,2022,regional_service_production_index_K,prior_positive_improvement_81.709_eok,5002.817667443198,5510.478327884165,5159.66,-156.84233255680192,350.8183278841652,156.84233255680192,350.8183278841652,3.039780383916807,6.799252816739189,6.799252816739189
recursive_no_target_actual,세종,금융 및 보험업,2,2023,baseline,no_prior_positive_route,5241.377300460204,5241.377300460204,5073.32,168.05730046020471,168.05730046020471,168.05730046020471,168.05730046020471,3.3125704757477297,3.3125704757477297,
recursive_no_target_actual,세종,금융 및 보험업,2,2024,baseline,no_prior_positive_route,5246.200194732287,5246.200194732287,5003.9,242.3001947322873,242.3001947322873,242.3001947322873,242.3001947322873,4.842226957618804,4.842226957618804,
recursive_no_target_actual,세종,금융 및 보험업,2,2025,baseline,no_prior_positive_route,5639.03026159726,5639.03026159726,4963.2300000000005,675.8002615972591,675.8002615972591,675.8002615972591,675.8002615972591,13.616138313099716,13.616138313099716,
recursive_no_target_actual,세종,금융 및 보험업,3,2021,baseline,no_prior_positive_route,4659.755711364976,4659.755711364976,4782.3,-122.5442886350238,-122.5442886350238,122.5442886350238,122.5442886350238,2.5624550662865944,2.5624550662865944,
recursive_no_target_actual,세종,금융 및 보험업,3,2022,regional_service_production_index_K,prior_positive_improvement_48.821_eok,4930.875658580373,5470.036148955494,5159.66,-228.7843414196268,310.3761489554945,228.7843414196268,310.3761489554945,4.434097235469523,6.015438012494903,6.015438012494903
recursive_no_target_actual,세종,금융 및 보험업,3,2023,baseline,no_prior_positive_route,5256.902350443907,5256.902350443907,5073.32,183.58235044390767,183.58235044390767,183.58235044390767,183.58235044390767,3.6185840917566345,3.6185840917566345,
recursive_no_target_actual,세종,금융 및 보험업,3,2024,baseline,no_prior_positive_route,5317.941951387988,5317.941951387988,5003.9,314.0419513879888,314.0419513879888,314.0419513879888,314.0419513879888,6.275943791602326,6.275943791602326,
recursive_no_target_actual,세종,금융 및 보험업,3,2025,baseline,no_prior_positive_route,5613.438865006162,5613.438865006162,4963.2300000000005,650.2088650061614,650.2088650061614,650.2088650061614,650.2088650061614,13.100518513269812,13.100518513269813,
recursive_no_target_actual,세종,금융 및 보험업,4,2021,baseline,no_prior_positive_route,4651.886158861439,4651.886158861439,4782.3,-130.4138411385611,-130.4138411385611,130.4138411385611,130.4138411385611,2.7270108763264767,2.7270108763264767,
recursive_no_target_actual,세종,금융 및 보험업,4,2022,regional_service_production_index_K,prior_positive_improvement_3.844_eok,4913.092651456665,5393.61930758988,5159.66,-246.56734854333445,233.95930758988015,246.56734854333445,233.95930758988015,4.778751866272864,4.534393886222738,4.534393886222738
recursive_no_target_actual,세종,금융 및 보험업,4,2023,regional_service_production_index_K,prior_positive_improvement_16.452_eok,5191.061653427683,5440.892943722945,5073.32,117.74165342768356,367.5729437229456,117.74165342768356,367.5729437229456,2.320800844963132,7.245215041096276,7.245215041096277
recursive_no_target_actual,세종,금융 및 보험업,4,2024,baseline,no_prior_positive_route,5378.917998158489,5378.917998158489,5003.9,375.0179981584897,375.0179981584897,375.0179981584897,375.0179981584897,7.494514242060987,7.494514242060987,
recursive_no_target_actual,세종,금융 및 보험업,4,2025,regional_service_production_index_K,prior_positive_improvement_68.108_eok,5636.113694819529,4810.777131336406,4963.2300000000005,672.8836948195285,-152.45286866359493,672.8836948195285,152.45286866359493,13.557374830896984,3.07164625986696,3.07164625986696
recursive_no_target_actual,세종,도매 및 소매업,1,2021,baseline,no_prior_positive_route,3449.00581655316,3449.00581655316,3572.81,-123.80418344683994,-123.80418344683994,123.80418344683994,123.80418344683994,3.4651768061229102,3.4651768061229102,
recursive_no_target_actual,세종,도매 및 소매업,1,2022,regional_service_production_index_G,prior_positive_improvement_90.559_eok,3707.1755208520353,3654.7388434695913,3468.36,238.8155208520352,186.37884346959115,238.8155208520352,186.37884346959115,6.885545930988571,5.3736879525075585,5.3736879525075585
recursive_no_target_actual,세종,도매 및 소매업,1,2023,regional_service_production_index_G,prior_positive_improvement_142.996_eok,3617.988394433667,3397.370175438597,3617.26,0.7283944336668355,-219.88982456140369,0.7283944336668355,219.88982456140369,0.0201366347364257,6.078905706568056,6.078905706568055
recursive_no_target_actual,세종,도매 및 소매업,1,2024,baseline,no_prior_positive_route,3271.7975113752073,3271.7975113752073,3690.55,-418.75248862479293,-418.75248862479293,418.75248862479293,418.75248862479293,11.346614694958554,11.346614694958554,
recursive_no_target_actual,세종,도매 및 소매업,2,2021,baseline,no_prior_positive_route,3481.0449353460035,3481.0449353460035,3572.81,-91.76506465399645,-91.76506465399645,91.76506465399645,91.76506465399645,2.568428342229126,2.5684283422291263,
recursive_no_target_actual,세종,도매 및 소매업,2,2022,regional_service_production_index_G,prior_positive_improvement_47.671_eok,3696.09823733295,3613.151006381934,3468.36,227.7382373329492,144.79100638193404,227.7382373329492,144.79100638193404,6.566164911743567,4.174624502125905,4.174624502125905
recursive_no_target_actual,세종,도매 및 소매업,2,2023,regional_service_production_index_G,prior_positive_improvement_130.618_eok,3474.47912869893,3444.7886213592233,3617.26,-142.78087130107042,-172.47137864077695,142.78087130107042,172.47137864077695,3.947210631833775,4.76801166188709,4.76801166188709
recursive_no_target_actual,세종,도매 및 소매업,2,2024,regional_service_production_index_G,prior_positive_improvement_100.927_eok,3294.3751864816863,3627.8678005865104,3690.55,-396.17481351831384,-62.6821994134898,396.17481351831384,62.6821994134898,10.734844766181569,1.6984514344336157,1.6984514344336157
recursive_no_target_actual,세종,도매 및 소매업,3,2021,baseline,no_prior_positive_route,3467.4633758434406,3467.4633758434406,3572.81,-105.3466241565593,-105.3466241565593,105.3466241565593,105.3466241565593,2.948564971452703,2.948564971452703,
recursive_no_target_actual,세종,도매 및 소매업,3,2022,regional_service_production_index_G,prior_positive_improvement_77.223_eok,3705.736124436862,3571.6424150326793,3468.36,237.37612443686203,103.28241503267918,237.37612443686203,103.28241503267918,6.844045152085193,2.9778458704597903,2.9778458704597903
recursive_no_target_actual,세종,도매 및 소매업,3,2023,regional_service_production_index_G,prior_positive_improvement_211.317_eok,3408.2086239059836,3461.557070938216,3617.26,-209.05137609401663,-155.7029290617843,209.05137609401663,155.7029290617843,5.779274259909894,4.304443945466576,4.304443945466576
recursive_no_target_actual,세종,도매 및 소매업,3,2024,regional_service_production_index_G,prior_positive_improvement_264.665_eok,3300.176570574301,3620.814464461186,3690.55,-390.3734294256992,-69.73553553881402,390.3734294256992,69.73553553881402,10.57764911532696,1.889570268356045,1.889570268356045
recursive_no_target_actual,세종,도매 및 소매업,4,2021,baseline,no_prior_positive_route,3470.8763701392554,3470.8763701392554,3572.81,-101.93362986074452,-101.93362986074452,101.93362986074452,101.93362986074452,2.8530380809711273,2.853038080971127,
recursive_no_target_actual,세종,도매 및 소매업,4,2022,regional_service_production_index_G,prior_positive_improvement_53.053_eok,3703.6907479368792,3538.9897111650484,3468.36,235.3307479368791,70.62971116504832,235.3307479368791,70.62971116504832,6.785072712661866,2.0364008109033755,2.0364008109033755
recursive_no_target_actual,세종,도매 및 소매업,4,2023,regional_service_production_index_G,prior_positive_improvement_217.754_eok,3354.7163293590484,3477.7086792452837,3617.26,-262.54367064095186,-139.55132075471647,262.54367064095186,139.55132075471647,7.258081272591736,3.857928950496134,3.857928950496134
recursive_no_target_actual,세종,도매 및 소매업,4,2024,regional_service_production_index_G,prior_positive_improvement_340.746_eok,3305.802007293991,3619.0279667644186,3690.55,-384.747992706009,-71.5220332355816,384.747992706009,71.5220332355816,10.42522097535622,1.9379776248955194,1.9379776248955192
recursive_no_target_actual,세종,문화 및 기타서비스업,1,2021,baseline,no_prior_positive_route,2901.155617337865,2901.155617337865,3261.75,-360.5943826621351,-360.5943826621351,360.5943826621351,360.5943826621351,11.055242819410903,11.055242819410903,
recursive_no_target_actual,세종,문화 및 기타서비스업,1,2022,regional_service_production_index_R_S,prior_positive_improvement_149.246_eok,3349.3605065595084,3757.6018939393934,3452.54,-103.17949344049156,305.0618939393935,103.17949344049156,305.0618939393935,2.9885097186561653,8.835868489268583,8.835868489268583
recursive_no_target_actual,세종,문화 및 기타서비스업,1,2023,baseline,no_prior_positive_route,3874.315963586069,3874.315963586069,3761.31,113.0059635860689,113.0059635860689,113.0059635860689,113.0059635860689,3.0044309984039845,3.0044309984039845,
recursive_no_target_actual,세종,문화 및 기타서비스업,1,2024,baseline,no_prior_positive_route,3685.3285155783974,3685.3285155783974,3778.05,-92.72148442160278,-92.72148442160278,92.72148442160278,92.72148442160278,2.4542153868160237,2.4542153868160237,
recursive_no_target_actual,세종,문화 및 기타서비스업,1,2025,baseline,no_prior_positive_route,3562.4016733595963,3562.4016733595963,3823.04,-260.63832664040365,-260.63832664040365,260.63832664040365,260.63832664040365,6.817567345369226,6.817567345369226,
recursive_no_target_actual,세종,문화 및 기타서비스업,2,2021,baseline,no_prior_positive_route,3029.984275702331,3029.984275702331,3261.75,-231.76572429766884,-231.76572429766884,231.76572429766884,231.76572429766884,7.1055637095935875,7.1055637095935875,
recursive_no_target_actual,세종,문화 및 기타서비스업,2,2022,regional_service_production_index_R_S,prior_positive_improvement_197.612_eok,3381.539051689088,4368.304865056819,3452.54,-71.00094831091201,915.764865056819,71.00094831091201,915.764865056819,2.0564844523426813,26.524381037057328,26.524381037057328
recursive_no_target_actual,세종,문화 및 기타서비스업,2,2023,baseline,no_prior_positive_route,3738.2993069621207,3738.2993069621207,3761.31,-23.010693037879264,-23.010693037879264,23.010693037879264,23.010693037879264,0.6117733725185976,0.6117733725185976,
recursive_no_target_actual,세종,문화 및 기타서비스업,2,2024,baseline,no_prior_positive_route,3674.28795994505,3674.28795994505,3778.05,-103.76204005495084,-103.76204005495084,103.76204005495084,103.76204005495084,2.7464443312013027,2.746444331201303,
recursive_no_target_actual,세종,문화 및 기타서비스업,2,2025,baseline,no_prior_positive_route,3562.6395641868494,3562.6395641868494,3823.04,-260.4004358131506,-260.4004358131506,260.4004358131506,260.4004358131506,6.811344788784596,6.811344788784596,
recursive_no_target_actual,세종,문화 및 기타서비스업,3,2021,baseline,no_prior_positive_route,3035.502209372547,3035.502209372547,3261.75,-226.24779062745256,-226.24779062745256,226.24779062745256,226.24779062745256,6.936392753198514,6.936392753198514,
recursive_no_target_actual,세종,문화 및 기타서비스업,3,2022,regional_service_production_index_R_S,prior_positive_improvement_191.483_eok,3451.172091293133,4302.948601020251,3452.54,-1.3679087068671834,850.4086010202509,1.3679087068671834,850.4086010202509,0.0396203579644894,24.631390252401157,24.631390252401157
recursive_no_target_actual,세종,문화 및 기타서비스업,3,2023,baseline,no_prior_positive_route,3700.791550948026,3700.791550948026,3761.31,-60.51844905197413,-60.51844905197413,60.51844905197413,60.51844905197413,1.6089726465506469,1.6089726465506469,
recursive_no_target_actual,세종,문화 및 기타서비스업,3,2024,baseline,no_prior_positive_route,3649.145479624571,3649.145479624571,3778.05,-128.90452037542855,-128.90452037542855,128.90452037542855,128.90452037542855,3.4119326206754423,3.4119326206754423,
recursive_no_target_actual,세종,문화 및 기타서비스업,3,2025,baseline,no_prior_positive_route,3609.4097288948583,3609.4097288948583,3823.04,-213.6302711051412,-213.6302711051412,213.6302711051412,213.6302711051412,5.587968504256854,5.587968504256853,
recursive_no_target_actual,세종,문화 및 기타서비스업,4,2021,baseline,no_prior_positive_route,3056.0285158070183,3056.0285158070183,3261.75,-205.72148419298173,-205.72148419298173,205.72148419298173,205.72148419298173,6.307089267815797,6.307089267815797,
recursive_no_target_actual,세종,문화 및 기타서비스업,4,2022,regional_service_production_index_R_S,prior_positive_improvement_151.785_eok,3448.792536588064,4434.241365907829,3452.54,-3.747463411935769,981.7013659078292,3.747463411935769,981.7013659078292,0.108542215642274,28.43417790692734,28.434177906927346
recursive_no_target_actual,세종,문화 및 기타서비스업,4,2023,baseline,no_prior_positive_route,3628.141819234433,3628.141819234433,3761.31,-133.16818076556683,-133.16818076556683,133.16818076556683,133.16818076556683,3.5404734192493263,3.5404734192493263,
recursive_no_target_actual,세종,문화 및 기타서비스업,4,2024,baseline,no_prior_positive_route,3632.26179892482,3632.26179892482,3778.05,-145.78820107518004,-145.78820107518004,145.78820107518004,145.78820107518004,3.858821378096638,3.858821378096638,
recursive_no_target_actual,세종,문화 및 기타서비스업,4,2025,baseline,no_prior_positive_route,3600.0239576847703,3600.0239576847703,3823.04,-223.0160423152297,-223.0160423152297,223.0160423152297,223.0160423152297,5.833473945217149,5.833473945217149,
recursive_no_target_actual,세종,보건 및 사회복지업,1,2021,baseline,no_prior_positive_route,3749.709247688624,3749.709247688624,4645.35,-895.6407523113767,-895.6407523113767,895.6407523113767,895.6407523113767,19.280371819375866,19.280371819375862,
recursive_no_target_actual,세종,보건 및 사회복지업,1,2022,regional_service_production_index_Q,prior_positive_improvement_570.437_eok,5048.688890919511,5322.719760956176,5192.799999999999,-144.11110908048795,129.91976095617702,144.11110908048795,129.91976095617702,2.7752100808906173,2.501921139966435,2.501921139966435
recursive_no_target_actual,세종,보건 및 사회복지업,1,2023,regional_service_production_index_Q,prior_positive_improvement_584.629_eok,5399.223466092446,5597.246175243392,5452.2,-52.97653390755386,145.0461752433921,52.97653390755386,145.0461752433921,0.9716542663063324,2.6603238187042315,2.6603238187042315
recursive_no_target_actual,세종,보건 및 사회복지업,1,2024,regional_service_production_index_Q,prior_positive_improvement_492.559_eok,5576.5508259165235,6064.253419354839,6053.410000000001,-476.8591740834772,10.84341935483826,476.8591740834772,10.84341935483826,7.877529757334745,0.1791291083015731,0.1791291083015731
recursive_no_target_actual,세종,보건 및 사회복지업,1,2025,regional_service_production_index_Q,prior_positive_improvement_958.575_eok,5821.916525009032,6127.146432714618,6204.59,-382.6734749909683,-77.44356728538241,382.6734749909683,77.44356728538241,6.167586818645041,1.2481657496366787,1.2481657496366787
recursive_no_target_actual,세종,보건 및 사회복지업,2,2021,baseline,no_prior_positive_route,3838.4449407119014,3838.4449407119014,4645.35,-806.905059288099,-806.905059288099,806.905059288099,806.905059288099,17.370167141078692,17.370167141078692,
recursive_no_target_actual,세종,보건 및 사회복지업,2,2022,regional_service_production_index_Q,prior_positive_improvement_50.714_eok,5009.605383727481,5217.916395348838,5192.799999999999,-183.19461627251803,25.116395348838523,183.19461627251803,25.116395348838523,3.5278581164789338,0.48367730990676566,0.4836773099067656
recursive_no_target_actual,세종,보건 및 사회복지업,2,2023,regional_service_production_index_Q,prior_positive_improvement_208.793_eok,5352.868146024391,5581.6328502415445,5452.2,-99.3318539756092,129.43285024154466,99.3318539756092,129.43285024154466,1.821867392531624,2.373956389008926,2.373956389008926
recursive_no_target_actual,세종,보건 및 사회복지업,2,2024,regional_service_production_index_Q,prior_positive_improvement_178.692_eok,5540.255160076278,6028.050337078651,6053.410000000001,-513.1548399237226,-25.35966292134981,513.1548399237226,25.35966292134981,8.477120167372151,0.4189318569426126,0.4189318569426126
recursive_no_target_actual,세종,보건 및 사회복지업,2,2025,regional_service_production_index_Q,prior_positive_improvement_666.487_eok,5866.299112631102,6088.563368176539,6204.59,-338.29088736889844,-116.02663182346078,338.29088736889844,116.02663182346078,5.452268197719727,1.8700128747179228,1.8700128747179228
recursive_no_target_actual,세종,보건 및 사회복지업,3,2021,baseline,no_prior_positive_route,3881.181302034567,3881.181302034567,4645.35,-764.1686979654332,-764.1686979654332,764.1686979654332,764.1686979654332,16.450185625742584,16.450185625742584,
recursive_no_target_actual,세종,보건 및 사회복지업,3,2022,regional_service_production_index_Q,prior_positive_improvement_70.333_eok,4945.276529318725,5054.996916026753,5192.799999999999,-247.5234706812744,-137.80308397324643,247.5234706812744,137.80308397324643,4.766666743977708,2.653733707696165,2.653733707696165
recursive_no_target_actual,세종,보건 및 사회복지업,3,2023,regional_service_production_index_Q,prior_positive_improvement_180.054_eok,5357.346371851364,5599.429455952651,5452.2,-94.85362814863583,147.22945595265082,94.85362814863583,147.22945595265082,1.7397312671698733,2.700367850641041,2.700367850641041
recursive_no_target_actual,세종,보건 및 사회복지업,3,2024,regional_service_production_index_Q,prior_positive_improvement_127.678_eok,5541.12708607568,5928.70639645345,6053.410000000001,-512.2829139243204,-124.70360354655077,512.2829139243204,124.70360354655077,8.46271628593339,2.0600554653749,2.0600554653749
recursive_no_target_actual,세종,보건 및 사회복지업,3,2025,regional_service_production_index_Q,prior_positive_improvement_515.257_eok,5857.115014554118,6165.053166375462,6204.59,-347.47498544588234,-39.5368336245383,347.47498544588234,39.5368336245383,5.600289228553092,0.6372191172106183,0.6372191172106183
recursive_no_target_actual,세종,보건 및 사회복지업,4,2021,baseline,no_prior_positive_route,3908.321756576657,3908.321756576657,4645.35,-737.0282434233432,-737.0282434233432,737.0282434233432,737.0282434233432,15.865935686726363,15.865935686726363,
recursive_no_target_actual,세종,보건 및 사회복지업,4,2022,regional_service_production_index_Q,prior_positive_improvement_336.528_eok,4913.009908083153,5021.264445258147,5192.799999999999,-279.790091916846,-171.53555474185214,279.790091916846,171.53555474185214,5.388039052473541,3.3033345159037926,3.303334515903793
recursive_no_target_actual,세종,보건 및 사회복지업,4,2023,regional_service_production_index_Q,prior_positive_improvement_444.783_eok,5366.512999854442,5554.290650406504,5452.2,-85.68700014555816,102.0906504065042,85.68700014555816,102.0906504065042,1.5716041257759834,1.8724670849657792,1.8724670849657792
recursive_no_target_actual,세종,보건 및 사회복지업,4,2024,regional_service_production_index_Q,prior_positive_improvement_428.379_eok,5563.4385051270765,5903.744038004749,6053.410000000001,-489.97149487292427,-149.66596199525156,489.97149487292427,149.66596199525156,8.094140242820561,2.4724240055646574,2.472424005564658
recursive_no_target_actual,세종,보건 및 사회복지업,4,2025,regional_service_production_index_Q,prior_positive_improvement_768.684_eok,5883.867516184939,6200.363211465341,6204.59,-320.7224838150614,-4.226788534659136,320.7224838150614,4.226788534659136,5.169116473692241,0.06812357520253773,0.0681235752025377
recursive_no_target_actual,세종,부동산업,1,2022,baseline,no_prior_positive_route,11536.956321422344,11536.956321422344,10607.59,929.3663214223434,929.3663214223434,929.3663214223434,929.3663214223434,8.761333360568644,8.761333360568644,
recursive_no_target_actual,세종,부동산업,1,2023,baseline,no_prior_positive_route,10614.0620870072,10614.0620870072,10631.58,-17.51791299280012,-17.51791299280012,17.51791299280012,17.51791299280012,0.1647724326280771,0.1647724326280771,
recursive_no_target_actual,세종,부동산업,1,2024,baseline,no_prior_positive_route,10837.022620133364,10837.022620133364,10347.75,489.2726201333626,489.2726201333626,489.2726201333626,489.2726201333626,4.728299583323549,4.728299583323549,
recursive_no_target_actual,세종,부동산업,1,2025,baseline,no_prior_positive_route,10861.269596254062,10861.269596254062,10815.68,45.58959625406169,45.58959625406169,45.58959625406169,45.58959625406169,0.4215139154825372,0.42151391548253725,
recursive_no_target_actual,세종,부동산업,2,2022,baseline,no_prior_positive_route,11451.181219039698,11451.181219039698,10607.59,843.5912190396975,843.5912190396975,843.5912190396975,843.5912190396975,7.952713283975885,7.952713283975885,
recursive_no_target_actual,세종,부동산업,2,2023,baseline,no_prior_positive_route,10645.225332204383,10645.225332204383,10631.58,13.64533220438352,13.64533220438352,13.64533220438352,13.64533220438352,0.1283471713929963,0.12834717139299634,
recursive_no_target_actual,세종,부동산업,2,2024,baseline,no_prior_positive_route,10918.114216800754,10918.114216800754,10347.75,570.3642168007536,570.3642168007536,570.3642168007536,570.3642168007536,5.511963632681053,5.511963632681053,
recursive_no_target_actual,세종,부동산업,2,2025,baseline,no_prior_positive_route,10855.387449181266,10855.387449181266,10815.68,39.707449181265474,39.707449181265474,39.707449181265474,39.707449181265474,0.367128550227683,0.36712855022768304,
recursive_no_target_actual,세종,부동산업,3,2022,baseline,no_prior_positive_route,11475.575888558333,11475.575888558333,10607.59,867.9858885583326,867.9858885583326,867.9858885583326,867.9858885583326,8.182687005798043,8.182687005798043,
recursive_no_target_actual,세종,부동산업,3,2023,regional_service_production_index_L,prior_positive_improvement_18.780_eok,10680.80977808612,9530.864345812426,10631.58,49.22977808612086,-1100.7156541875738,49.22977808612086,1100.7156541875738,0.4630523222900157,10.353265029163811,10.353265029163811
recursive_no_target_actual,세종,부동산업,3,2024,baseline,no_prior_positive_route,10913.105998577652,10913.105998577652,10347.75,565.3559985776519,565.3559985776519,565.3559985776519,565.3559985776519,5.463564529271117,5.463564529271117,
recursive_no_target_actual,세종,부동산업,3,2025,baseline,no_prior_positive_route,10897.103372797255,10897.103372797255,10815.68,81.42337279725689,81.42337279725689,81.42337279725689,81.42337279725689,0.7528271250375093,0.7528271250375093,
recursive_no_target_actual,세종,부동산업,4,2022,baseline,no_prior_positive_route,11515.15380590028,11515.15380590028,10607.59,907.5638059002796,907.5638059002796,907.5638059002796,907.5638059002796,8.555796424072568,8.55579642407257,
recursive_no_target_actual,세종,부동산업,4,2023,regional_service_production_index_L,prior_positive_improvement_263.177_eok,10698.122406426122,9416.035708922898,10631.58,66.5424064261224,-1215.5442910771017,66.5424064261224,1215.5442910771017,0.625893859860175,11.433336259305783,11.433336259305785
recursive_no_target_actual,세종,부동산업,4,2024,baseline,no_prior_positive_route,10906.08258487908,10906.08258487908,10347.75,558.3325848790791,558.3325848790791,558.3325848790791,558.3325848790791,5.3956907045403995,5.3956907045403995,
recursive_no_target_actual,세종,부동산업,4,2025,baseline,no_prior_positive_route,10946.70772707259,10946.70772707259,10815.68,131.0277270725892,131.0277270725892,131.0277270725892,131.0277270725892,1.211460833462059,1.2114608334620587,
recursive_no_target_actual,세종,사업서비스업,1,2021,baseline,no_prior_positive_route,5829.174203044541,5829.174203044541,7326.74,-1497.5657969554586,-1497.5657969554586,1497.5657969554586,1497.5657969554586,20.439728951149604,20.439728951149604,
recursive_no_target_actual,세종,사업서비스업,1,2022,regional_service_production_index_M_N,prior_positive_improvement_624.298_eok,7563.568562729802,7469.897745490982,7504.0,59.56856272980167,-34.10225450901817,59.56856272980167,34.10225450901817,0.7938241301945851,0.4544543511329713,0.4544543511329713
recursive_no_target_actual,세종,사업서비스업,1,2023,regional_service_production_index_M_N,prior_positive_improvement_649.764_eok,7830.263609105314,8492.24176904177,7591.22,239.0436091053134,901.0217690417694,239.0436091053134,901.0217690417694,3.148948510322628,11.86926171342379,11.86926171342379
recursive_no_target_actual,세종,사업서비스업,1,2024,baseline,no_prior_positive_route,8035.244449007827,8035.244449007827,7624.42,410.8244490078269,410.8244490078269,410.8244490078269,410.8244490078269,5.388271488294544,5.388271488294545,
recursive_no_target_actual,세종,사업서비스업,1,2025,baseline,no_prior_positive_route,7704.950363255865,7704.950363255865,7732.02,-27.069636744135096,-27.069636744135096,27.069636744135096,27.069636744135096,0.3500978624490766,0.3500978624490766,
recursive_no_target_actual,세종,사업서비스업,2,2021,baseline,no_prior_positive_route,6018.283443688396,6018.283443688396,7326.74,-1308.456556311604,-1308.456556311604,1308.456556311604,1308.456556311604,17.85864595047189,17.85864595047189,
recursive_no_target_actual,세종,사업서비스업,2,2022,regional_service_production_index_M_N,prior_positive_improvement_389.160_eok,7574.098224941325,7567.250895486362,7504.0,70.09822494132459,63.250895486362424,70.09822494132459,63.250895486362424,0.9341447886637072,0.8428957287628256,0.8428957287628256
recursive_no_target_actual,세종,사업서비스업,2,2023,regional_service_production_index_M_N,prior_positive_improvement_396.007_eok,7843.000355936774,8351.027810236037,7591.22,251.78035593677396,759.8078102360369,251.78035593677396,759.8078102360369,3.316731117485384,10.00903425583815,10.00903425583815
recursive_no_target_actual,세종,사업서비스업,2,2024,baseline,no_prior_positive_route,7971.965012869872,7971.965012869872,7624.42,347.54501286987215,347.54501286987215,347.54501286987215,347.54501286987215,4.55831411267837,4.55831411267837,
recursive_no_target_actual,세종,사업서비스업,2,2025,baseline,no_prior_positive_route,7724.846021816706,7724.846021816706,7732.02,-7.173978183294821,-7.173978183294821,7.173978183294821,7.173978183294821,0.0927827163314996,0.09278271633149968,
recursive_no_target_actual,세종,사업서비스업,3,2021,baseline,no_prior_positive_route,6006.5926880622055,6006.5926880622055,7326.74,-1320.1473119377945,-1320.1473119377945,1320.1473119377945,1320.1473119377945,18.018208806888115,18.01820880688812,
recursive_no_target_actual,세종,사업서비스업,3,2022,regional_service_production_index_M_N,prior_positive_improvement_260.374_eok,7512.128479563908,7610.573000656599,7504.0,8.128479563907604,106.5730006565991,8.128479563907604,106.5730006565991,0.1083219558090032,1.4202158936113953,1.420215893611395
recursive_no_target_actual,세종,사업서비스업,3,2023,regional_service_production_index_M_N,prior_positive_improvement_161.929_eok,7868.829169668996,8060.1592920354,7591.22,277.6091696689955,468.9392920353994,277.6091696689955,468.9392920353994,3.6569770032879494,6.177390354059023,6.177390354059023
recursive_no_target_actual,세종,사업서비스업,3,2024,baseline,no_prior_positive_route,7938.840250989614,7938.840250989614,7624.42,314.42025098961403,314.42025098961403,314.42025098961403,314.42025098961403,4.123857958895418,4.123857958895418,
recursive_no_target_actual,세종,사업서비스업,3,2025,baseline,no_prior_positive_route,7810.970738268876,7810.970738268876,7732.02,78.95073826887528,78.95073826887528,78.95073826887528,78.95073826887528,1.0210881279261472,1.0210881279261472,
recursive_no_target_actual,세종,사업서비스업,4,2021,baseline,no_prior_positive_route,6008.161876119651,6008.161876119651,7326.74,-1318.5781238803484,-1318.5781238803484,1318.5781238803484,1318.5781238803484,17.996791531845655,17.996791531845655,
recursive_no_target_actual,세종,사업서비스업,4,2022,regional_service_production_index_M_N,prior_positive_improvement_195.291_eok,7517.440592640167,7567.290799904489,7504.0,13.44059264016687,63.29079990448918,13.44059264016687,63.29079990448918,0.1791123752687482,0.8434275040576916,0.8434275040576916
recursive_no_target_actual,세종,사업서비스업,4,2023,regional_service_production_index_M_N,prior_positive_improvement_145.441_eok,7877.642833143566,7841.424112819328,7591.22,286.4228331435661,250.20411281932775,286.4228331435661,250.20411281932775,3.773080389496893,3.2959670885487147,3.2959670885487147
recursive_no_target_actual,세종,사업서비스업,4,2024,regional_service_production_index_M_N,prior_positive_improvement_181.659_eok,7846.518992715473,7245.248469026548,7624.42,222.0989927154733,-379.1715309734518,222.0989927154733,379.1715309734518,2.9129952536123835,4.973119673017119,4.973119673017119
recursive_no_target_actual,세종,사업서비스업,4,2025,regional_service_production_index_M_N,prior_positive_improvement_24.587_eok,7842.215187164593,8273.927267037552,7732.02,110.19518716459244,541.9072670375517,110.19518716459244,541.9072670375517,1.425179799904713,7.008611812146783,7.008611812146783
recursive_no_target_actual,세종,서비스업,1,2021,baseline,no_prior_positive_route,88099.95272440728,88099.95272440728,91538.03,-3438.0772755927173,-3438.0772755927173,3438.0772755927173,3438.0772755927173,3.755900444430274,3.755900444430274,
recursive_no_target_actual,세종,서비스업,1,2022,regional_service_production_index_T,prior_positive_improvement_1062.196_eok,98393.06585335635,96443.41725358852,93835.75,4557.315853356369,2607.6672535885155,4557.315853356369,2607.6672535885155,4.8566946535370255,2.7789699060203765,2.7789699060203765
recursive_no_target_actual,세종,서비스업,1,2023,regional_service_production_index_T,prior_positive_improvement_3011.845_eok,101180.0473983588,99119.87034514078,97287.72,3892.327398358786,1832.150345140777,3892.327398358786,1832.150345140777,4.000841420025863,1.883228782770094,1.883228782770094
recursive_no_target_actual,세종,서비스업,1,2024,regional_service_production_index_T,prior_positive_improvement_5072.022_eok,101620.72919283988,94108.92949269131,98067.27,3553.4591928398877,-3958.3405073086906,3553.4591928398877,3958.3405073086906,3.623491500109963,4.036352299099068,4.036352299099068
recursive_no_target_actual,세종,서비스업,2,2021,baseline,no_prior_positive_route,88236.83133719198,88236.83133719198,91538.03,-3301.198662808019,-3301.198662808019,3301.198662808019,3301.198662808019,3.6063684818299233,3.6063684818299224,
recursive_no_target_actual,세종,서비스업,2,2022,regional_service_production_index_T,prior_positive_improvement_2595.313_eok,96821.53326282425,97272.53024310424,93835.75,2985.783262824247,3436.780243104251,2985.783262824247,3436.780243104251,3.1819250795397775,3.6625489145706736,3.6625489145706736
recursive_no_target_actual,세종,서비스업,2,2023,regional_service_production_index_T,prior_positive_improvement_2144.316_eok,99014.88087616638,96601.6959964804,97287.72,1727.160876166381,-686.0240035195893,1727.160876166381,686.0240035195893,1.7753123170800806,0.7051496360687549,0.7051496360687549
recursive_no_target_actual,세종,서비스업,2,2024,regional_service_production_index_T,prior_positive_improvement_3185.453_eok,100410.6335080814,94294.2516923077,98067.27,2343.3635080813983,-3773.0183076922985,2343.3635080813983,3773.0183076922985,2.3895469998108423,3.8473777313188164,3.847377731318816
recursive_no_target_actual,세종,서비스업,3,2021,baseline,no_prior_positive_route,87405.47635381561,87405.47635381561,91538.03,-4132.553646184388,-4132.553646184388,4132.553646184388,4132.553646184388,4.514575686394374,4.514575686394374,
recursive_no_target_actual,세종,서비스업,3,2022,regional_service_production_index_T,prior_positive_improvement_4071.283_eok,95640.84595470416,96723.19074074073,93835.75,1805.0959547041712,2887.440740740727,1805.0959547041712,2887.440740740727,1.9236761625544323,3.077122248973048,3.077122248973048
recursive_no_target_actual,세종,서비스업,3,2023,regional_service_production_index_T,prior_positive_improvement_2988.938_eok,97687.5948137112,96129.81988217968,97287.72,399.8748137112125,-1157.900117820318,399.8748137112125,1157.900117820318,0.4110229057801051,1.1901811634811854,1.1901811634811854
recursive_no_target_actual,세종,서비스업,3,2024,regional_service_production_index_T,prior_positive_improvement_2230.913_eok,99132.03801924878,94490.48825761932,98067.27,1064.768019248775,-3576.7817423806846,1064.768019248775,3576.7817423806846,1.0857526871593093,3.647273695271301,3.647273695271301
recursive_no_target_actual,세종,서비스업,4,2021,baseline,no_prior_positive_route,86568.78558136073,86568.78558136073,91538.03,-4969.244418639268,-4969.244418639268,4969.244418639268,4969.244418639268,5.428611931717634,5.428611931717634,
recursive_no_target_actual,세종,서비스업,4,2022,regional_service_production_index_T,prior_positive_improvement_4273.003_eok,94417.86942583352,96619.97614819912,93835.75,582.1194258335163,2784.22614819913,582.1194258335163,2784.22614819913,0.6203599649744541,2.9671272923157006,2.9671272923157006
recursive_no_target_actual,세종,서비스업,4,2023,regional_service_production_index_T,prior_positive_improvement_2070.897_eok,96230.02302680706,94916.6660508585,97287.72,-1057.696973192942,-2371.053949141497,1057.696973192942,2371.053949141497,1.087184459860856,2.437156456273718,2.437156456273718
recursive_no_target_actual,세종,서비스업,4,2024,regional_service_production_index_T,prior_positive_improvement_757.540_eok,97975.30749096228,96179.80226042116,98067.27,-91.96250903772308,-1887.4677395788456,91.96250903772308,1887.4677395788456,0.0937749251485465,1.924666343397594,1.924666343397594
recursive_no_target_actual,세종,숙박 및 음식점업,1,2022,baseline,no_prior_positive_route,2856.4601186592163,2856.4601186592163,2816.53,39.93011865921608,39.93011865921608,39.93011865921608,39.93011865921608,1.4177061369563284,1.4177061369563284,
recursive_no_target_actual,세종,숙박 및 음식점업,1,2023,baseline,no_prior_positive_route,3224.1056354325265,3224.1056354325265,2705.96,518.1456354325264,518.1456354325264,518.1456354325264,518.1456354325264,19.1483109666265,19.1483109666265,
recursive_no_target_actual,세종,숙박 및 음식점업,1,2024,baseline,no_prior_positive_route,2800.2240227655143,2800.2240227655143,2689.34,110.88402276551416,110.88402276551416,110.88402276551416,110.88402276551416,4.123094244889606,4.123094244889606,
recursive_no_target_actual,세종,숙박 및 음식점업,1,2025,baseline,no_prior_positive_route,2644.3123956345353,2644.3123956345353,2643.16,1.1523956345354236,1.1523956345354236,1.1523956345354236,1.1523956345354236,0.0435991629161845,0.043599162916184556,
recursive_no_target_actual,세종,숙박 및 음식점업,2,2022,baseline,no_prior_positive_route,2960.9232277696124,2960.9232277696124,2816.53,144.39322776961217,144.39322776961217,144.39322776961217,144.39322776961217,5.12663553271622,5.12663553271622,
recursive_no_target_actual,세종,숙박 및 음식점업,2,2023,baseline,no_prior_positive_route,2925.7521982473354,2925.7521982473354,2705.96,219.79219824733536,219.79219824733536,219.79219824733536,219.79219824733536,8.122522071550776,8.122522071550776,
recursive_no_target_actual,세종,숙박 및 음식점업,2,2024,baseline,no_prior_positive_route,2785.530758594261,2785.530758594261,2689.34,96.19075859426084,96.19075859426084,96.19075859426084,96.19075859426084,3.576742196756856,3.576742196756856,
recursive_no_target_actual,세종,숙박 및 음식점업,2,2025,baseline,no_prior_positive_route,2666.654544328848,2666.654544328848,2643.16,23.49454432884795,23.49454432884795,23.49454432884795,23.49454432884795,0.8888808974427561,0.8888808974427561,
recursive_no_target_actual,세종,숙박 및 음식점업,3,2022,baseline,no_prior_positive_route,3028.335459410566,3028.335459410566,2816.53,211.80545941056516,211.80545941056516,211.80545941056516,211.80545941056516,7.52008533232613,7.52008533232613,
recursive_no_target_actual,세종,숙박 및 음식점업,3,2023,regional_service_production_index_I,prior_positive_improvement_67.464_eok,2819.9070692227606,2810.155957567186,2705.96,113.94706922276056,104.1959575671858,113.94706922276056,104.1959575671858,4.210966504411024,3.8506096752053174,3.8506096752053174
recursive_no_target_actual,세종,숙박 및 음식점업,3,2024,regional_service_production_index_I,prior_positive_improvement_77.215_eok,2758.40032787342,2664.530501842926,2689.34,69.06032787341974,-24.80949815707436,69.06032787341974,24.80949815707436,2.567928483323779,0.9225125182042567,0.9225125182042568
recursive_no_target_actual,세종,숙박 및 음식점업,3,2025,regional_service_production_index_I,prior_positive_improvement_121.466_eok,2707.2907681299735,2714.8937633170176,2643.16,64.1307681299736,71.73376331701775,64.1307681299736,71.73376331701775,2.4262915650196586,2.7139395010902767,2.7139395010902767
recursive_no_target_actual,세종,숙박 및 음식점업,4,2022,baseline,no_prior_positive_route,2971.2970590325085,2971.2970590325085,2816.53,154.7670590325083,154.7670590325083,154.7670590325083,154.7670590325083,5.494955105484703,5.494955105484703,
recursive_no_target_actual,세종,숙박 및 음식점업,4,2023,regional_service_production_index_I,prior_positive_improvement_114.769_eok,2776.8780596084416,2771.7202281766804,2705.96,70.91805960844158,65.76022817668036,70.91805960844158,65.76022817668036,2.6208096057754577,2.430199566020206,2.430199566020206
recursive_no_target_actual,세종,숙박 및 음식점업,4,2024,regional_service_production_index_I,prior_positive_improvement_119.927_eok,2735.136718080903,2697.325794511806,2689.34,45.79671808090279,7.985794511806034,45.79671808090279,7.985794511806034,1.7028980374702636,0.2969425402442991,0.2969425402442991
recursive_no_target_actual,세종,숙박 및 음식점업,4,2025,regional_service_production_index_I,prior_positive_improvement_157.738_eok,2718.7304515839796,2648.5924242424244,2643.16,75.57045158397978,5.432424242424531,75.57045158397978,5.432424242424531,2.8590948555509232,0.20552763519516531,0.2055276351951653
recursive_no_target_actual,세종,운수 및 창고업,1,2021,baseline,no_prior_positive_route,1882.656378494898,1882.656378494898,2258.25,-375.5936215051019,-375.5936215051019,375.5936215051019,375.5936215051019,16.632065604122747,16.632065604122744,
recursive_no_target_actual,세종,운수 및 창고업,1,2022,baseline,no_prior_positive_route,2425.422194050826,2425.422194050826,2570.82,-145.3978059491742,-145.3978059491742,145.3978059491742,145.3978059491742,5.655697635352697,5.655697635352697,
recursive_no_target_actual,세종,운수 및 창고업,1,2023,baseline,no_prior_positive_route,2861.6474957775104,2861.6474957775104,2832.86,28.78749577751023,28.78749577751023,28.78749577751023,28.78749577751023,1.0161990277497028,1.0161990277497028,
recursive_no_target_actual,세종,운수 및 창고업,1,2024,baseline,no_prior_positive_route,3559.927192749841,3559.927192749841,3073.83,486.09719274984127,486.09719274984127,486.09719274984127,486.09719274984127,15.81405584400703,15.81405584400703,
recursive_no_target_actual,세종,운수 및 창고업,1,2025,regional_service_production_index_H,prior_positive_improvement_216.681_eok,3412.042600615992,3152.578847139197,3200.13,211.91260061599175,-47.551152860803086,211.91260061599175,47.551152860803086,6.621999750509879,1.485913161677903,1.485913161677903
recursive_no_target_actual,세종,운수 및 창고업,2,2021,baseline,no_prior_positive_route,2065.237091494911,2065.237091494911,2258.25,-193.01290850508897,-193.01290850508897,193.01290850508897,193.01290850508897,8.547012443488939,8.54701244348894,
recursive_no_target_actual,세종,운수 및 창고업,2,2022,baseline,no_prior_positive_route,2467.3628042341616,2467.3628042341616,2570.82,-103.4571957658386,-103.4571957658386,103.4571957658386,103.4571957658386,4.024287805674399,4.024287805674399,
recursive_no_target_actual,세종,운수 및 창고업,2,2023,baseline,no_prior_positive_route,3007.9078293067405,3007.9078293067405,2832.86,175.04782930674037,175.04782930674037,175.04782930674037,175.04782930674037,6.1791909697881415,6.1791909697881415,
recursive_no_target_actual,세종,운수 및 창고업,2,2024,baseline,no_prior_positive_route,3378.419822590731,3378.419822590731,3073.83,304.5898225907313,304.5898225907313,304.5898225907313,304.5898225907313,9.909130387520822,9.909130387520822,
recursive_no_target_actual,세종,운수 및 창고업,2,2025,regional_service_production_index_H,prior_positive_improvement_49.445_eok,3403.100359724601,3201.90625,3200.13,202.9703597246007,1.7762499999998909,202.9703597246007,1.7762499999998909,6.34256607464699,0.05550555758671963,0.0555055575867196
recursive_no_target_actual,세종,운수 및 창고업,3,2021,baseline,no_prior_positive_route,2081.0800581347457,2081.0800581347457,2258.25,-177.16994186525426,-177.16994186525426,177.16994186525426,177.16994186525426,7.845452977538104,7.8454529775381046,
recursive_no_target_actual,세종,운수 및 창고업,3,2022,baseline,no_prior_positive_route,2517.3484022812845,2517.3484022812845,2570.82,-53.47159771871566,-53.47159771871566,53.47159771871566,53.47159771871566,2.0799432756363982,2.0799432756363982,
recursive_no_target_actual,세종,운수 및 창고업,3,2023,baseline,no_prior_positive_route,3027.995855378222,3027.995855378222,2832.86,195.135855378222,195.135855378222,195.135855378222,195.135855378222,6.888298587936643,6.888298587936643,
recursive_no_target_actual,세종,운수 및 창고업,3,2024,baseline,no_prior_positive_route,3337.1480429581193,3337.1480429581193,3073.83,263.31804295811935,263.31804295811935,263.31804295811935,263.31804295811935,8.566447817807731,8.566447817807731,
recursive_no_target_actual,세종,운수 및 창고업,3,2025,baseline,no_prior_positive_route,3388.1888425208335,3388.1888425208335,3200.13,188.05884252083345,188.05884252083345,188.05884252083345,188.05884252083345,5.876600091897311,5.876600091897312,
recursive_no_target_actual,세종,운수 및 창고업,4,2021,baseline,no_prior_positive_route,2096.6648861898984,2096.6648861898984,2258.25,-161.58511381010155,-161.58511381010155,161.58511381010155,161.58511381010155,7.155324424226794,7.155324424226793,
recursive_no_target_actual,세종,운수 및 창고업,4,2022,baseline,no_prior_positive_route,2547.169029900585,2547.169029900585,2570.82,-23.65097009941519,-23.65097009941519,23.65097009941519,23.65097009941519,0.9199776763606629,0.9199776763606627,
recursive_no_target_actual,세종,운수 및 창고업,4,2023,baseline,no_prior_positive_route,3022.0505266647683,3022.0505266647683,2832.86,189.1905266647682,189.1905266647682,189.1905266647682,189.1905266647682,6.678428396206243,6.678428396206244,
recursive_no_target_actual,세종,운수 및 창고업,4,2024,baseline,no_prior_positive_route,3297.3690414963235,3297.3690414963235,3073.83,223.5390414963235,223.5390414963235,223.5390414963235,223.5390414963235,7.272329357717361,7.27232935771736,
recursive_no_target_actual,세종,운수 및 창고업,4,2025,baseline,no_prior_positive_route,3371.2496795485135,3371.2496795485135,3200.13,171.11967954851343,171.11967954851343,171.11967954851343,171.11967954851343,5.3472727529354565,5.3472727529354565,
recursive_no_target_actual,세종,정보통신업,1,2021,baseline,no_prior_positive_route,2163.4619977039297,2163.4619977039297,2138.16,25.30199770392983,25.30199770392983,25.30199770392983,25.30199770392983,1.18335380438928,1.18335380438928,
recursive_no_target_actual,세종,정보통신업,1,2022,baseline,no_prior_positive_route,2204.929536377039,2204.929536377039,2243.16,-38.230463622961,-38.230463622961,38.230463622961,38.230463622961,1.7043128275718629,1.7043128275718629,
recursive_no_target_actual,세종,정보통신업,1,2023,baseline,no_prior_positive_route,2388.285127694465,2388.285127694465,2404.85,-16.56487230553512,-16.56487230553512,16.56487230553512,16.56487230553512,0.6888110404197816,0.6888110404197816,
recursive_no_target_actual,세종,정보통신업,1,2024,baseline,no_prior_positive_route,2394.186989350813,2394.186989350813,2548.03,-153.84301064918736,-153.84301064918736,153.84301064918736,153.84301064918736,6.037723678653208,6.037723678653208,
recursive_no_target_actual,세종,정보통신업,1,2025,baseline,no_prior_positive_route,2371.027974219536,2371.027974219536,3109.3900000000003,-738.3620257804641,-738.3620257804641,738.3620257804641,738.3620257804641,23.7462018524683,23.7462018524683,
recursive_no_target_actual,세종,정보통신업,2,2021,baseline,no_prior_positive_route,2192.4039510507355,2192.4039510507355,2138.16,54.24395105073563,54.24395105073563,54.24395105073563,54.24395105073563,2.536945366611275,2.536945366611275,
recursive_no_target_actual,세종,정보통신업,2,2022,baseline,no_prior_positive_route,2215.8158186730966,2215.8158186730966,2243.16,-27.344181326903257,-27.344181326903257,27.344181326903257,27.344181326903257,1.2190027161193695,1.21900271611937,
recursive_no_target_actual,세종,정보통신업,2,2023,baseline,no_prior_positive_route,2324.892162401685,2324.892162401685,2404.85,-79.95783759831511,-79.95783759831511,79.95783759831511,79.95783759831511,3.324857583563013,3.324857583563013,
recursive_no_target_actual,세종,정보통신업,2,2024,baseline,no_prior_positive_route,2361.8916461243252,2361.8916461243252,2548.03,-186.13835387567497,-186.13835387567497,186.13835387567497,186.13835387567497,7.305186904223064,7.305186904223064,
recursive_no_target_actual,세종,정보통신업,2,2025,baseline,no_prior_positive_route,2394.52206610581,2394.52206610581,3109.3900000000003,-714.8679338941902,-714.8679338941902,714.8679338941902,714.8679338941902,22.990616612717933,22.990616612717933,
recursive_no_target_actual,세종,정보통신업,3,2021,baseline,no_prior_positive_route,2231.203111949414,2231.203111949414,2138.16,93.0431119494142,93.0431119494142,93.0431119494142,93.0431119494142,4.351550489645967,4.351550489645967,
recursive_no_target_actual,세종,정보통신업,3,2022,regional_service_production_index_J,prior_positive_improvement_68.940_eok,2210.087780224426,2306.868044132397,2243.16,-33.07221977557401,63.708044132396935,33.07221977557401,63.708044132396935,1.474358484262113,2.8401025398276065,2.8401025398276065
recursive_no_target_actual,세종,정보통신업,3,2023,regional_service_production_index_J,prior_positive_improvement_38.304_eok,2328.505571008368,2136.1111496746203,2404.85,-76.34442899163196,-268.73885032537964,76.34442899163196,268.73885032537964,3.174602532034512,11.174869548012543,11.174869548012545
recursive_no_target_actual,세종,정보통신업,3,2024,baseline,no_prior_positive_route,2351.1563217946286,2351.1563217946286,2548.03,-196.87367820537156,-196.87367820537156,196.87367820537156,196.87367820537156,7.726505504463116,7.726505504463116,
recursive_no_target_actual,세종,정보통신업,3,2025,baseline,no_prior_positive_route,2395.328535305505,2395.328535305505,3109.3900000000003,-714.0614646944955,-714.0614646944955,714.0614646944955,714.0614646944955,22.964680039959458,22.964680039959458,
recursive_no_target_actual,세종,정보통신업,4,2021,baseline,no_prior_positive_route,2249.7980175492285,2249.7980175492285,2138.16,111.6380175492286,111.6380175492286,111.6380175492286,111.6380175492286,5.22121906448669,5.22121906448669,
recursive_no_target_actual,세종,정보통신업,4,2022,regional_service_production_index_J,prior_positive_improvement_80.281_eok,2187.9604593515064,2277.878237885462,2243.16,-55.19954064849344,34.71823788546226,55.19954064849344,34.71823788546226,2.460793730652002,1.5477379181807032,1.5477379181807032
recursive_no_target_actual,세종,정보통신업,4,2023,regional_service_production_index_J,prior_positive_improvement_100.762_eok,2335.794097943095,2183.898938662991,2404.85,-69.05590205690487,-220.95106133700847,69.05590205690487,220.95106133700847,2.8715263761525613,9.187727356675406,9.187727356675406
recursive_no_target_actual,세종,정보통신업,4,2024,baseline,no_prior_positive_route,2346.573240371993,2346.573240371993,2548.03,-201.45675962800715,-201.45675962800715,201.45675962800715,201.45675962800715,7.906373144272521,7.906373144272521,
recursive_no_target_actual,세종,정보통신업,4,2025,regional_service_production_index_J,prior_positive_improvement_54.242_eok,2395.320376917165,3186.069449201573,3109.3900000000003,-714.0696230828353,76.67944920157288,714.0696230828353,76.67944920157288,22.96494241902223,2.4660608415661227,2.4660608415661227
recursive_no_target_actual,울산,건설업,1,2021,baseline,no_prior_positive_route,25158.472514885445,25158.472514885445,23503.54,1654.932514885444,1654.932514885444,1654.932514885444,1654.932514885444,7.0412053456008925,7.0412053456008925,
recursive_no_target_actual,울산,건설업,1,2022,baseline,no_prior_positive_route,23506.019324838224,23506.019324838224,26504.16,-2998.140675161776,-2998.140675161776,2998.140675161776,2998.140675161776,11.311962632136902,11.311962632136902,
recursive_no_target_actual,울산,건설업,1,2023,baseline,no_prior_positive_route,26917.572203391977,26917.572203391977,33223.72,-6306.147796608027,-6306.147796608027,6306.147796608027,6306.147796608027,18.980860050012545,18.980860050012545,
recursive_no_target_actual,울산,건설업,1,2024,baseline,no_prior_positive_route,27110.883894176823,27110.883894176823,34918.65,-7807.766105823175,-7807.766105823175,7807.766105823175,7807.766105823175,22.359873894962075,22.359873894962075,
recursive_no_target_actual,울산,건설업,1,2025,regional_construction_orders_bok_12_24q,prior_positive_improvement_1758.834_eok,22265.70443907335,37109.094778124534,33756.35,-11490.645560926649,3352.7447781245355,11490.645560926649,3352.7447781245355,34.039952663503755,9.93218987871774,9.93218987871774
recursive_no_target_actual,울산,건설업,2,2021,baseline,no_prior_positive_route,25177.05508795693,25177.05508795693,23503.54,1673.51508795693,1673.51508795693,1673.51508795693,1673.51508795693,7.120268214732461,7.120268214732461,
recursive_no_target_actual,울산,건설업,2,2022,baseline,no_prior_positive_route,23386.118868431808,23386.118868431808,26504.16,-3118.041131568192,-3118.041131568192,3118.041131568192,3118.041131568192,11.764346168934209,11.764346168934207,
recursive_no_target_actual,울산,건설업,2,2023,baseline,no_prior_positive_route,26599.17089088258,26599.17089088258,33223.72,-6624.549109117423,-6624.549109117423,6624.549109117423,6624.549109117423,19.9392154434164,19.939215443416398,
recursive_no_target_actual,울산,건설업,2,2024,baseline,no_prior_positive_route,26448.1755577924,26448.1755577924,34918.65,-8470.474442207604,-8470.474442207604,8470.474442207604,8470.474442207604,24.257737461807956,24.257737461807956,
recursive_no_target_actual,울산,건설업,2,2025,regional_construction_orders_bok_12_24q,prior_positive_improvement_5598.592_eok,22537.598862061463,36521.07958504565,33756.35,-11218.751137938536,2764.7295850456503,11218.751137938536,2764.7295850456503,33.23449110445453,8.190250382655858,8.190250382655858
recursive_no_target_actual,울산,건설업,3,2021,baseline,no_prior_positive_route,25330.78943974545,25330.78943974545,23503.54,1827.2494397454504,1827.2494397454504,1827.2494397454504,1827.2494397454504,7.774358414713061,7.7743584147130615,
recursive_no_target_actual,울산,건설업,3,2022,regional_construction_orders_bok_12_24q,prior_positive_improvement_844.677_eok,23606.184292287155,25670.633648104184,26504.16,-2897.975707712845,-833.5263518958163,2897.975707712845,833.5263518958163,10.934040949469235,3.144888771784567,3.144888771784567
recursive_no_target_actual,울산,건설업,3,2023,regional_construction_orders_bok_12_24q,prior_positive_improvement_2909.127_eok,26583.11142200145,39219.24510183503,33223.72,-6640.6085779985515,5995.525101835032,6640.6085779985515,5995.525101835032,19.98755280263183,18.045917500614113,18.045917500614113
recursive_no_target_actual,울산,건설업,3,2024,regional_construction_orders_bok_12_24q,prior_positive_improvement_3554.210_eok,25765.18372409775,36136.77729038043,34918.65,-9153.46627590225,1218.1272903804274,9153.46627590225,1218.1272903804274,26.213688890899995,3.488471892184914,3.488471892184914
recursive_no_target_actual,울산,건설업,3,2025,regional_construction_orders_bok_12_24q,prior_positive_improvement_11489.549_eok,22912.108571137105,36014.13864400556,33756.35,-10844.241428862892,2257.788644005559,10844.241428862892,2257.788644005559,32.12504144809167,6.688485704187684,6.688485704187684
recursive_no_target_actual,울산,건설업,4,2021,baseline,no_prior_positive_route,25561.751893205463,25561.751893205463,23503.54,2058.2118932054655,2058.2118932054655,2058.2118932054655,2058.2118932054655,8.757029337731531,8.757029337731531,
recursive_no_target_actual,울산,건설업,4,2022,regional_construction_orders_bok_12_24q,prior_positive_improvement_1423.609_eok,23736.50952655844,26915.971467918644,26504.16,-2767.6504734415576,411.81146791864376,2767.6504734415576,411.81146791864376,10.442324802753824,1.5537616280562891,1.5537616280562891
recursive_no_target_actual,울산,건설업,4,2023,regional_construction_orders_bok_12_24q,prior_positive_improvement_3779.448_eok,26189.04272861292,38107.89872564581,33223.72,-7034.677271387081,4884.178725645812,7034.677271387081,4884.178725645812,21.173659275322212,14.70087854594793,14.70087854594793
recursive_no_target_actual,울산,건설업,4,2024,regional_construction_orders_bok_12_24q,prior_positive_improvement_5929.947_eok,25391.835659762615,35990.13435878989,34918.65,-9526.814340237386,1071.4843587898868,9526.814340237386,1071.4843587898868,27.282882758174747,3.0685159901367514,3.0685159901367514
recursive_no_target_actual,울산,건설업,4,2025,regional_construction_orders_bok_12_24q,prior_positive_improvement_14385.277_eok,23058.750363161827,35799.87511704226,33756.35,-10697.599636838171,2043.5251170422632,10697.599636838171,2043.5251170422632,31.69062898340067,6.0537502337849425,6.0537502337849425
recursive_no_target_actual,울산,"광업, 제조업",1,2022,baseline,no_prior_positive_route,381806.44469578576,381806.44469578576,385251.17,-3444.7253042142256,-3444.7253042142256,3444.7253042142256,3444.7253042142256,0.8941505107471123,0.8941505107471123,
recursive_no_target_actual,울산,"광업, 제조업",1,2024,baseline,no_prior_positive_route,420175.3427118301,420175.3427118301,425105.1,-4929.7572881698725,-4929.7572881698725,4929.7572881698725,4929.7572881698725,1.1596561151983058,1.1596561151983058,
recursive_no_target_actual,울산,"광업, 제조업",2,2022,baseline,no_prior_positive_route,380769.04470646055,380769.04470646055,385251.17,-4482.12529353943,-4482.12529353943,4482.12529353943,4482.12529353943,1.163429378693238,1.163429378693238,
recursive_no_target_actual,울산,"광업, 제조업",2,2024,baseline,no_prior_positive_route,414636.8801899985,414636.8801899985,425105.1,-10468.219810001494,-10468.219810001494,10468.219810001494,10468.219810001494,2.462501581373993,2.462501581373993,
recursive_no_target_actual,울산,"광업, 제조업",3,2022,baseline,no_prior_positive_route,380914.3260537937,380914.3260537937,385251.17,-4336.843946206267,-4336.843946206267,4336.843946206267,4336.843946206267,1.1257185659439444,1.1257185659439444,
recursive_no_target_actual,울산,"광업, 제조업",3,2024,baseline,no_prior_positive_route,411378.4475574827,411378.4475574827,425105.1,-13726.652442517285,-13726.652442517285,13726.652442517285,13726.652442517285,3.229002061494271,3.229002061494272,
recursive_no_target_actual,울산,"광업, 제조업",4,2022,baseline,no_prior_positive_route,375126.54729395633,375126.54729395633,385251.17,-10124.62270604365,-10124.62270604365,10124.62270604365,10124.62270604365,2.6280576139570586,2.6280576139570586,
recursive_no_target_actual,울산,"광업, 제조업",4,2024,baseline,no_prior_positive_route,408626.6234069637,408626.6234069637,425105.1,-16478.476593036263,-16478.476593036263,16478.476593036263,16478.476593036263,3.8763300165150367,3.8763300165150367,
recursive_no_target_actual,울산,교육 서비스업,1,2021,baseline,no_prior_positive_route,21244.3639723191,21244.3639723191,21484.47,-240.1060276809003,-240.1060276809003,240.1060276809003,240.1060276809003,1.117579478017844,1.117579478017844,
recursive_no_target_actual,울산,교육 서비스업,1,2022,regional_service_production_index_P,prior_positive_improvement_26.648_eok,22522.05847375366,21424.063805060923,22131.82,390.2384737536595,-707.7561949390765,390.2384737536595,707.7561949390765,1.7632461937321895,3.1979123042708486,3.1979123042708486
recursive_no_target_actual,울산,교육 서비스업,1,2023,baseline,no_prior_positive_route,22516.754455932663,22516.754455932663,22496.699999999997,20.054455932666315,20.054455932666315,20.054455932666315,20.054455932666315,0.0891439897081186,0.0891439897081186,
recursive_no_target_actual,울산,교육 서비스업,1,2024,baseline,no_prior_positive_route,22669.04619993664,22669.04619993664,23234.91,-565.8638000633582,-565.8638000633582,565.8638000633582,565.8638000633582,2.435403451372776,2.435403451372776,
recursive_no_target_actual,울산,교육 서비스업,1,2025,baseline,no_prior_positive_route,22488.948230421127,22488.948230421127,24209.55,-1720.6017695788723,-1720.6017695788723,1720.6017695788723,1720.6017695788723,7.107119998425714,7.107119998425714,
recursive_no_target_actual,울산,교육 서비스업,2,2021,baseline,no_prior_positive_route,21452.652132040937,21452.652132040937,21484.47,-31.81786795906737,-31.81786795906737,31.81786795906737,31.81786795906737,0.1480970578239415,0.14809705782394153,
recursive_no_target_actual,울산,교육 서비스업,2,2022,baseline,no_prior_positive_route,22461.34890284061,22461.34890284061,22131.82,329.5289028406114,329.5289028406114,329.5289028406114,329.5289028406114,1.4889372082395909,1.4889372082395909,
recursive_no_target_actual,울산,교육 서비스업,2,2023,baseline,no_prior_positive_route,22485.774852969687,22485.774852969687,22496.699999999997,-10.925147030309745,-10.925147030309745,10.925147030309745,10.925147030309745,0.0485633316455735,0.048563331645573554,
recursive_no_target_actual,울산,교육 서비스업,2,2024,baseline,no_prior_positive_route,22678.57561667985,22678.57561667985,23234.91,-556.3343833201507,-556.3343833201507,556.3343833201507,556.3343833201507,2.394390093700172,2.394390093700172,
recursive_no_target_actual,울산,교육 서비스업,2,2025,baseline,no_prior_positive_route,22447.668611107212,22447.668611107212,24209.55,-1761.881388892787,-1761.881388892787,1761.881388892787,1761.881388892787,7.277629649839783,7.277629649839783,
recursive_no_target_actual,울산,교육 서비스업,3,2021,baseline,no_prior_positive_route,21630.790281519752,21630.790281519752,21484.47,146.320281519751,146.320281519751,146.320281519751,146.320281519751,0.6810513897701502,0.6810513897701502,
recursive_no_target_actual,울산,교육 서비스업,3,2022,regional_service_production_index_P,prior_positive_improvement_108.097_eok,22372.362982029663,21518.83415547025,22131.82,240.5429820296631,-612.9858445297505,240.5429820296631,612.9858445297505,1.0868648942096182,2.769703732136582,2.769703732136582
recursive_no_target_actual,울산,교육 서비스업,3,2023,baseline,no_prior_positive_route,22432.610975999454,22432.610975999454,22496.699999999997,-64.08902400053921,-64.08902400053921,64.08902400053921,64.08902400053921,0.2848818893461673,0.2848818893461673,
recursive_no_target_actual,울산,교육 서비스업,3,2024,baseline,no_prior_positive_route,22638.78247086239,22638.78247086239,23234.91,-596.1275291376114,-596.1275291376114,596.1275291376114,596.1275291376114,2.56565456521076,2.56565456521076,
recursive_no_target_actual,울산,교육 서비스업,3,2025,regional_service_production_index_P,prior_positive_improvement_106.143_eok,22526.766205522137,23950.9318798151,24209.55,-1682.7837944778655,-258.61812018489945,1682.7837944778655,258.61812018489945,6.9509090192831575,1.0682483573007324,1.0682483573007324
recursive_no_target_actual,울산,교육 서비스업,4,2021,baseline,no_prior_positive_route,21663.377136296232,21663.377136296232,21484.47,178.90713629623133,178.90713629623133,178.90713629623133,178.90713629623133,0.832727715862813,0.832727715862813,
recursive_no_target_actual,울산,교육 서비스업,4,2022,regional_service_production_index_P,prior_positive_improvement_148.621_eok,22345.56339549885,21340.52045226131,22131.82,213.7433954988519,-791.2995477386903,213.7433954988519,791.2995477386903,0.9657741455463306,3.5753930211735425,3.5753930211735425
recursive_no_target_actual,울산,교육 서비스업,4,2023,baseline,no_prior_positive_route,22381.99605324178,22381.99605324178,22496.699999999997,-114.70394675821808,-114.70394675821808,114.70394675821808,114.70394675821808,0.5098700998733952,0.5098700998733952,
recursive_no_target_actual,울산,교육 서비스업,4,2024,baseline,no_prior_positive_route,22631.67187043093,22631.67187043093,23234.91,-603.2381295690684,-603.2381295690684,603.2381295690684,603.2381295690684,2.5962576552655827,2.5962576552655827,
recursive_no_target_actual,울산,교육 서비스업,4,2025,baseline,no_prior_positive_route,22558.084087621686,22558.084087621686,24209.55,-1651.465912378313,-1651.465912378313,1651.465912378313,1651.465912378313,6.821547333090922,6.821547333090922,
recursive_no_target_actual,울산,금융 및 보험업,1,2021,baseline,no_prior_positive_route,16445.94517812708,16445.94517812708,15668.19,777.7551781270795,777.7551781270795,777.7551781270795,777.7551781270795,4.9639120927629765,4.9639120927629765,
recursive_no_target_actual,울산,금융 및 보험업,1,2022,regional_service_production_index_K,prior_positive_improvement_186.441_eok,16505.715320391646,14776.750067502411,16435.3,70.41532039164667,-1658.549932497588,70.41532039164667,1658.549932497588,0.4284395197632332,10.09138824662518,10.09138824662518
recursive_no_target_actual,울산,금융 및 보험업,1,2023,baseline,no_prior_positive_route,16646.05694145101,16646.05694145101,16805.29,-159.2330585489908,-159.2330585489908,159.2330585489908,159.2330585489908,0.9475174694931822,0.9475174694931822,
recursive_no_target_actual,울산,금융 및 보험업,1,2024,baseline,no_prior_positive_route,16667.434618822546,16667.434618822546,16951.82,-284.3853811774534,-284.3853811774534,284.3853811774534,284.3853811774534,1.6776097267281824,1.6776097267281824,
recursive_no_target_actual,울산,금융 및 보험업,1,2025,baseline,no_prior_positive_route,18048.260498393287,18048.260498393287,17346.6,701.6604983932884,701.6604983932884,701.6604983932884,701.6604983932884,4.044945397906728,4.044945397906728,
recursive_no_target_actual,울산,금융 및 보험업,2,2021,baseline,no_prior_positive_route,16185.284988619203,16185.284988619203,15668.19,517.0949886192029,517.0949886192029,517.0949886192029,517.0949886192029,3.300285410243321,3.300285410243321,
recursive_no_target_actual,울산,금융 및 보험업,2,2022,regional_service_production_index_K,prior_positive_improvement_387.916_eok,16390.65882957576,15306.67555228277,16435.3,-44.641170424238226,-1128.6244477172295,44.641170424238226,1128.6244477172295,0.2716176183229891,6.867075427386355,6.867075427386355
recursive_no_target_actual,울산,금융 및 보험업,2,2023,baseline,no_prior_positive_route,16696.197183314573,16696.197183314573,16805.29,-109.09281668542826,-109.09281668542826,109.09281668542826,109.09281668542826,0.6491575967176303,0.6491575967176303,
recursive_no_target_actual,울산,금융 및 보험업,2,2024,baseline,no_prior_positive_route,16711.560319594402,16711.560319594402,16951.82,-240.25968040559744,-240.25968040559744,240.25968040559744,240.25968040559744,1.417309058293431,1.4173090582934307,
recursive_no_target_actual,울산,금융 및 보험업,2,2025,baseline,no_prior_positive_route,17962.90474300318,17962.90474300318,17346.6,616.3047430031802,616.3047430031802,616.3047430031802,616.3047430031802,3.5528849630658472,3.5528849630658472,
recursive_no_target_actual,울산,금융 및 보험업,3,2021,baseline,no_prior_positive_route,16162.85494677393,16162.85494677393,15668.19,494.66494677392984,494.66494677392984,494.66494677392984,494.66494677392984,3.1571288500709387,3.1571288500709387,
recursive_no_target_actual,울산,금융 및 보험업,3,2022,regional_service_production_index_K,prior_positive_improvement_246.223_eok,16154.95627130373,15611.402490939045,16435.3,-280.34372869626895,-823.8975090609565,280.34372869626895,823.8975090609565,1.7057414753382596,5.012975175755578,5.012975175755578
recursive_no_target_actual,울산,금융 및 보험업,3,2023,baseline,no_prior_positive_route,16745.651607400006,16745.651607400006,16805.29,-59.6383925999944,-59.6383925999944,59.6383925999944,59.6383925999944,0.3548786876036914,0.35487868760369146,
recursive_no_target_actual,울산,금융 및 보험업,3,2024,baseline,no_prior_positive_route,16940.090808192464,16940.090808192464,16951.82,-11.729191807535244,-11.729191807535244,11.729191807535244,11.729191807535244,0.0691913423310019,0.0691913423310019,
recursive_no_target_actual,울산,금융 및 보험업,3,2025,baseline,no_prior_positive_route,17881.384375514303,17881.384375514303,17346.6,534.784375514304,534.784375514304,534.784375514304,534.784375514304,3.0829348432217496,3.0829348432217496,
recursive_no_target_actual,울산,금융 및 보험업,4,2021,baseline,no_prior_positive_route,16135.558572566915,16135.558572566915,15668.19,467.36857256691474,467.36857256691474,467.36857256691474,467.36857256691474,2.9829136139331647,2.9829136139331647,
recursive_no_target_actual,울산,금융 및 보험업,4,2022,regional_service_production_index_K,prior_positive_improvement_91.689_eok,16096.69406346325,16125.033691623425,16435.3,-338.60593653674914,-310.26630837657467,338.60593653674914,310.26630837657467,2.0602358127734153,1.8878043502496131,1.8878043502496131
recursive_no_target_actual,울산,금융 및 보험업,4,2023,regional_service_production_index_K,prior_positive_improvement_120.028_eok,16535.918707619403,16932.502352941177,16805.29,-269.3712923805979,127.2123529411765,269.3712923805979,127.2123529411765,1.6028958285194592,0.7569780285920474,0.7569780285920474
recursive_no_target_actual,울산,금융 및 보험업,4,2024,regional_service_production_index_K,prior_positive_improvement_262.187_eok,17134.32755971384,16593.804178513168,16951.82,182.50755971384208,-358.01582148683156,182.50755971384208,358.01582148683156,1.0766251630435084,2.1119609663554213,2.1119609663554213
recursive_no_target_actual,울산,금융 및 보험업,4,2025,regional_service_production_index_K,prior_positive_improvement_86.679_eok,17953.614136502663,17075.847949020528,17346.6,607.0141365026648,-270.75205097947037,607.0141365026648,270.75205097947037,3.4993263031525763,1.5608364231576817,1.5608364231576817
recursive_no_target_actual,울산,도매 및 소매업,1,2022,baseline,no_prior_positive_route,20585.163383643343,20585.163383643343,20497.21,87.95338364334384,87.95338364334384,87.95338364334384,87.95338364334384,0.429099295188681,0.429099295188681,
recursive_no_target_actual,울산,도매 및 소매업,1,2023,baseline,no_prior_positive_route,21381.47940186996,21381.47940186996,19501.84,1879.6394018699611,1879.6394018699611,1879.6394018699611,1879.6394018699611,9.63826696286074,9.63826696286074,
recursive_no_target_actual,울산,도매 및 소매업,1,2024,regional_service_production_index_G,prior_positive_improvement_42.258_eok,19335.57089464041,18929.378943248532,18967.03,368.54089464040953,-37.65105675146697,368.54089464040953,37.65105675146697,1.9430606407034183,0.1985079200669107,0.1985079200669107
recursive_no_target_actual,울산,도매 및 소매업,1,2025,regional_service_production_index_G,prior_positive_improvement_373.148_eok,19379.51740954472,19005.269979838708,19457.46,-77.94259045528088,-452.1900201612916,77.94259045528088,452.1900201612916,0.4005794716025673,2.323993060560277,2.323993060560277
recursive_no_target_actual,울산,도매 및 소매업,2,2022,baseline,no_prior_positive_route,20523.65356577669,20523.65356577669,20497.21,26.443565776691685,26.443565776691685,26.443565776691685,26.443565776691685,0.1290105618115425,0.12901056181154258,
recursive_no_target_actual,울산,도매 및 소매업,2,2023,baseline,no_prior_positive_route,20533.372643427727,20533.372643427727,19501.84,1031.5326434277267,1031.5326434277267,1031.5326434277267,1031.5326434277267,5.2894118884563035,5.2894118884563035,
recursive_no_target_actual,울산,도매 및 소매업,2,2024,baseline,no_prior_positive_route,19468.99976245381,19468.99976245381,18967.03,501.9697624538094,501.9697624538094,501.9697624538094,501.9697624538094,2.646538559035386,2.646538559035386,
recursive_no_target_actual,울산,도매 및 소매업,2,2025,baseline,no_prior_positive_route,19470.130106029825,19470.130106029825,19457.46,12.670106029825549,12.670106029825549,12.670106029825549,12.670106029825549,0.0651169578651352,0.06511695786513527,
recursive_no_target_actual,울산,도매 및 소매업,3,2022,baseline,no_prior_positive_route,20577.17071908956,20577.17071908956,20497.21,79.96071908956219,79.96071908956219,79.96071908956219,79.96071908956219,0.3901053806325943,0.3901053806325943,
recursive_no_target_actual,울산,도매 및 소매업,3,2023,baseline,no_prior_positive_route,20141.72919997116,20141.72919997116,19501.84,639.8891999711595,639.8891999711595,639.8891999711595,639.8891999711595,3.281173468611985,3.281173468611985,
recursive_no_target_actual,울산,도매 및 소매업,3,2024,baseline,no_prior_positive_route,19503.28460832822,19503.28460832822,18967.03,536.2546083282214,536.2546083282214,536.2546083282214,536.2546083282214,2.8272987828258898,2.8272987828258898,
recursive_no_target_actual,울산,도매 및 소매업,3,2025,baseline,no_prior_positive_route,19752.23575275414,19752.23575275414,19457.46,294.77575275413983,294.77575275413983,294.77575275413983,294.77575275413983,1.5149755042751718,1.5149755042751718,
recursive_no_target_actual,울산,도매 및 소매업,4,2022,baseline,no_prior_positive_route,20565.81317499801,20565.81317499801,20497.21,68.60317499800658,68.60317499800658,68.60317499800658,68.60317499800658,0.3346951853350118,0.33469518533501186,
recursive_no_target_actual,울산,도매 및 소매업,4,2023,baseline,no_prior_positive_route,19825.60204053258,19825.60204053258,19501.84,323.7620405325797,323.7620405325797,323.7620405325797,323.7620405325797,1.6601615054404082,1.6601615054404082,
recursive_no_target_actual,울산,도매 및 소매업,4,2024,baseline,no_prior_positive_route,19536.529645690316,19536.529645690316,18967.03,569.4996456903173,569.4996456903173,569.4996456903173,569.4996456903173,3.0025768171944542,3.0025768171944542,
recursive_no_target_actual,울산,도매 및 소매업,4,2025,baseline,no_prior_positive_route,19886.61396364712,19886.61396364712,19457.46,429.1539636471207,429.1539636471207,429.1539636471207,429.1539636471207,2.2056011609281,2.2056011609281,
recursive_no_target_actual,울산,문화 및 기타서비스업,1,2021,baseline,no_prior_positive_route,11002.022337321749,11002.022337321749,11018.24,-16.217662678251145,-16.217662678251145,16.217662678251145,16.217662678251145,0.1471892305690486,0.14718923056904865,
recursive_no_target_actual,울산,문화 및 기타서비스업,1,2022,baseline,no_prior_positive_route,11314.189593866557,11314.189593866557,11059.87,254.319593866554,254.319593866554,254.319593866554,254.319593866554,2.299480860684203,2.299480860684203,
recursive_no_target_actual,울산,문화 및 기타서비스업,1,2023,baseline,no_prior_positive_route,12409.203292012418,12409.203292012418,11716.57,692.6332920124187,692.6332920124187,692.6332920124187,692.6332920124187,5.911570468254947,5.911570468254947,
recursive_no_target_actual,울산,문화 및 기타서비스업,1,2024,baseline,no_prior_positive_route,11803.88775140919,11803.88775140919,11942.66,-138.7722485908107,-138.7722485908107,138.7722485908107,138.7722485908107,1.161987769816864,1.1619877698168641,
recursive_no_target_actual,울산,문화 및 기타서비스업,1,2025,baseline,no_prior_positive_route,11410.160396832174,11410.160396832174,11157.28,252.88039683217357,252.88039683217357,252.88039683217357,252.88039683217357,2.266505786644895,2.2665057866448954,
recursive_no_target_actual,울산,문화 및 기타서비스업,2,2021,baseline,no_prior_positive_route,11490.57792135955,11490.57792135955,11018.24,472.3379213595508,472.3379213595508,472.3379213595508,472.3379213595508,4.2868726889190185,4.2868726889190185,
recursive_no_target_actual,울산,문화 및 기타서비스업,2,2022,baseline,no_prior_positive_route,11422.889197787315,11422.889197787315,11059.87,363.0191977873165,363.0191977873165,363.0191977873165,363.0191977873165,3.282309808228455,3.2823098082284554,
recursive_no_target_actual,울산,문화 및 기타서비스업,2,2023,baseline,no_prior_positive_route,11973.550041474706,11973.550041474706,11716.57,256.980041474706,256.980041474706,256.980041474706,256.980041474706,2.1933043670178733,2.1933043670178733,
recursive_no_target_actual,울산,문화 및 기타서비스업,2,2024,baseline,no_prior_positive_route,11768.525509248591,11768.525509248591,11942.66,-174.1344907514067,-174.1344907514067,174.1344907514067,174.1344907514067,1.4580879866914631,1.4580879866914631,
recursive_no_target_actual,울산,문화 및 기타서비스업,2,2025,baseline,no_prior_positive_route,11410.922346984004,11410.922346984004,11157.28,253.6423469840047,253.6423469840047,253.6423469840047,253.6423469840047,2.273334961424331,2.2733349614243314,
recursive_no_target_actual,울산,문화 및 기타서비스업,3,2021,baseline,no_prior_positive_route,11511.503523947971,11511.503523947971,11018.24,493.2635239479714,493.2635239479714,493.2635239479714,493.2635239479714,4.47679052142603,4.47679052142603,
recursive_no_target_actual,울산,문화 및 기타서비스업,3,2022,regional_service_production_index_R_S,prior_positive_improvement_57.811_eok,11658.110640965631,14473.90739084132,11059.87,598.2406409656305,3414.0373908413203,598.2406409656305,3414.0373908413203,5.409110965731338,30.86869367217987,30.86869367217987
recursive_no_target_actual,울산,문화 및 기타서비스업,3,2023,baseline,no_prior_positive_route,11853.41493277921,11853.41493277921,11716.57,136.84493277920956,136.84493277920956,136.84493277920956,136.84493277920956,1.1679606982180757,1.1679606982180755,
recursive_no_target_actual,울산,문화 및 기타서비스업,3,2024,baseline,no_prior_positive_route,11687.995642171503,11687.995642171503,11942.66,-254.66435782849476,-254.66435782849476,254.66435782849476,254.66435782849476,2.132392262933842,2.132392262933842,
recursive_no_target_actual,울산,문화 및 기타서비스업,3,2025,baseline,no_prior_positive_route,11560.72439909268,11560.72439909268,11157.28,403.4443990926793,403.4443990926793,403.4443990926793,403.4443990926793,3.615974494614093,3.615974494614093,
recursive_no_target_actual,울산,문화 및 기타서비스업,4,2021,baseline,no_prior_positive_route,11589.345222802438,11589.345222802438,11018.24,571.1052228024382,571.1052228024382,571.1052228024382,571.1052228024382,5.18327085634764,5.18327085634764,
recursive_no_target_actual,울산,문화 및 기타서비스업,4,2022,regional_service_production_index_R_S,prior_positive_improvement_154.684_eok,11650.072469789551,14339.321621885683,11059.87,590.2024697895504,3279.4516218856843,590.2024697895504,3279.4516218856843,5.3364322527258485,29.65180984844925,29.65180984844925
recursive_no_target_actual,울산,문화 및 기타서비스업,4,2023,baseline,no_prior_positive_route,11620.7221688391,11620.7221688391,11716.57,-95.84783116089966,-95.84783116089966,95.84783116089966,95.84783116089966,0.8180536723708361,0.8180536723708361,
recursive_no_target_actual,울산,문화 및 기타서비스업,4,2024,baseline,no_prior_positive_route,11633.91821841727,11633.91821841727,11942.66,-308.74178158273025,-308.74178158273025,308.74178158273025,308.74178158273025,2.585201132601366,2.585201132601366,
recursive_no_target_actual,울산,문화 및 기타서비스업,4,2025,baseline,no_prior_positive_route,11530.66233288719,11530.66233288719,11157.28,373.3823328871895,373.3823328871895,373.3823328871895,373.3823328871895,3.3465354717923135,3.3465354717923135,
recursive_no_target_actual,울산,보건 및 사회복지업,1,2021,baseline,no_prior_positive_route,20880.68828604108,20880.68828604108,21407.86,-527.17171395892,-527.17171395892,527.17171395892,527.17171395892,2.4625147677484813,2.4625147677484813,
recursive_no_target_actual,울산,보건 및 사회복지업,1,2022,baseline,no_prior_positive_route,23266.63770162616,23266.63770162616,22558.14,708.4977016261582,708.4977016261582,708.4977016261582,708.4977016261582,3.140762942450744,3.140762942450744,
recursive_no_target_actual,울산,보건 및 사회복지업,1,2023,baseline,no_prior_positive_route,23455.88701247794,23455.88701247794,23744.13,-288.2429875220623,-288.2429875220623,288.2429875220623,288.2429875220623,1.2139547227970129,1.2139547227970127,
recursive_no_target_actual,울산,보건 및 사회복지업,1,2024,baseline,no_prior_positive_route,24226.251592194963,24226.251592194963,24515.19,-288.93840780503524,-288.93840780503524,288.93840780503524,288.93840780503524,1.1786097020053088,1.1786097020053088,
recursive_no_target_actual,울산,보건 및 사회복지업,1,2025,baseline,no_prior_positive_route,25292.1956396668,25292.1956396668,26002.86,-710.6643603332013,-710.6643603332013,710.6643603332013,710.6643603332013,2.7330238301986833,2.7330238301986833,
recursive_no_target_actual,울산,보건 및 사회복지업,2,2021,baseline,no_prior_positive_route,21374.823223838463,21374.823223838463,21407.86,-33.03677616153436,-33.03677616153436,33.03677616153436,33.03677616153436,0.1543207782633778,0.15432077826337787,
recursive_no_target_actual,울산,보건 및 사회복지업,2,2022,baseline,no_prior_positive_route,23086.52325575856,23086.52325575856,22558.14,528.3832557585629,528.3832557585629,528.3832557585629,528.3832557585629,2.342317477232444,2.342317477232444,
recursive_no_target_actual,울산,보건 및 사회복지업,2,2023,baseline,no_prior_positive_route,23254.505247716406,23254.505247716406,23744.13,-489.6247522835947,-489.6247522835947,489.6247522835947,489.6247522835947,2.0620875655734476,2.0620875655734476,
recursive_no_target_actual,울산,보건 및 사회복지업,2,2024,baseline,no_prior_positive_route,24068.57205876983,24068.57205876983,24515.19,-446.6179412301644,-446.6179412301644,446.6179412301644,446.6179412301644,1.821800855837399,1.8218008558373986,
recursive_no_target_actual,울산,보건 및 사회복지업,2,2025,baseline,no_prior_positive_route,25485.007248062426,25485.007248062426,26002.86,-517.8527519375748,-517.8527519375748,517.8527519375748,517.8527519375748,1.99152228615458,1.99152228615458,
recursive_no_target_actual,울산,보건 및 사회복지업,3,2021,baseline,no_prior_positive_route,21612.805579352636,21612.805579352636,21407.86,204.94557935263583,204.94557935263583,204.94557935263583,204.94557935263583,0.9573380027365456,0.9573380027365455,
recursive_no_target_actual,울산,보건 및 사회복지업,3,2022,baseline,no_prior_positive_route,22790.06685259592,22790.06685259592,22558.14,231.92685259591963,231.92685259591963,231.92685259591963,231.92685259591963,1.028129325360689,1.0281293253606887,
recursive_no_target_actual,울산,보건 및 사회복지업,3,2023,baseline,no_prior_positive_route,23273.960037775298,23273.960037775298,23744.13,-470.16996222470334,-470.16996222470334,470.16996222470334,470.16996222470334,1.9801524091415577,1.9801524091415577,
recursive_no_target_actual,울산,보건 및 사회복지업,3,2024,baseline,no_prior_positive_route,24072.359973430834,24072.359973430834,24515.19,-442.83002656916506,-442.83002656916506,442.83002656916506,442.83002656916506,1.8063495594738,1.8063495594738002,
recursive_no_target_actual,울산,보건 및 사회복지업,3,2025,baseline,no_prior_positive_route,25445.108701881083,25445.108701881083,26002.86,-557.7512981189175,-557.7512981189175,557.7512981189175,557.7512981189175,2.144961354708357,2.144961354708357,
recursive_no_target_actual,울산,보건 및 사회복지업,4,2021,baseline,no_prior_positive_route,21763.940329756064,21763.940329756064,21407.86,356.0803297560633,356.0803297560633,356.0803297560633,356.0803297560633,1.6633158557467362,1.6633158557467362,
recursive_no_target_actual,울산,보건 및 사회복지업,4,2022,regional_service_production_index_Q,prior_positive_improvement_137.777_eok,22641.367694782115,23273.706501578057,22558.14,83.22769478211558,715.5665015780542,83.22769478211558,715.5665015780542,0.3689475053444813,3.172098859117171,3.172098859117171
recursive_no_target_actual,울산,보건 및 사회복지업,4,2023,baseline,no_prior_positive_route,23313.782688583495,23313.782688583495,23744.13,-430.3473114165063,-430.3473114165063,430.3473114165063,430.3473114165063,1.8124366376721583,1.8124366376721583,
recursive_no_target_actual,울산,보건 및 사회복지업,4,2024,baseline,no_prior_positive_route,24169.287638611604,24169.287638611604,24515.19,-345.90236138839464,-345.90236138839464,345.90236138839464,345.90236138839464,1.410971570640059,1.410971570640059,
recursive_no_target_actual,울산,보건 및 사회복지업,4,2025,baseline,no_prior_positive_route,25561.32979543175,25561.32979543175,26002.86,-441.53020456825107,-441.53020456825107,441.53020456825107,441.53020456825107,1.6980063137987556,1.6980063137987556,
recursive_no_target_actual,울산,부동산업,1,2021,baseline,no_prior_positive_route,25710.282305729717,25710.282305729717,24416.199999999997,1294.0823057297202,1294.0823057297202,1294.0823057297202,1294.0823057297202,5.300097090168497,5.300097090168497,
recursive_no_target_actual,울산,부동산업,1,2022,regional_service_production_index_L,prior_positive_improvement_620.176_eok,23979.66473022284,31412.380384615382,24144.34,-164.6752697771626,7268.040384615386,164.6752697771626,7268.040384615386,0.6820450249506204,30.10246038870968,30.10246038870968
recursive_no_target_actual,울산,부동산업,1,2023,baseline,no_prior_positive_route,24166.806080339076,24166.806080339076,24667.97,-501.1639196609249,-501.1639196609249,501.1639196609249,501.1639196609249,2.0316382728733857,2.0316382728733857,
recursive_no_target_actual,울산,부동산업,2,2021,baseline,no_prior_positive_route,25660.701779225117,25660.701779225117,24416.199999999997,1244.50177922512,1244.50177922512,1244.50177922512,1244.50177922512,5.097033032270051,5.09703303227005,
recursive_no_target_actual,울산,부동산업,2,2022,baseline,no_prior_positive_route,23801.380428884444,23801.380428884444,24144.34,-342.9595711155562,-342.9595711155562,342.9595711155562,342.9595711155562,1.420455357717611,1.4204553577176107,
recursive_no_target_actual,울산,부동산업,2,2023,baseline,no_prior_positive_route,24237.76064018062,24237.76064018062,24667.97,-430.2093598193824,-430.2093598193824,430.2093598193824,430.2093598193824,1.7439998500864984,1.7439998500864984,
recursive_no_target_actual,울산,부동산업,3,2021,baseline,no_prior_positive_route,25436.00968737695,25436.00968737695,24416.199999999997,1019.8096873769535,1019.8096873769535,1019.8096873769535,1019.8096873769535,4.1767747945091935,4.1767747945091935,
recursive_no_target_actual,울산,부동산업,3,2022,baseline,no_prior_positive_route,23852.0849630756,23852.0849630756,24144.34,-292.2550369244018,-292.2550369244018,292.2550369244018,292.2550369244018,1.2104494756303208,1.2104494756303208,
recursive_no_target_actual,울산,부동산업,3,2023,baseline,no_prior_positive_route,24318.78168528577,24318.78168528577,24667.97,-349.18831471423255,-349.18831471423255,349.18831471423255,349.18831471423255,1.415553508108825,1.415553508108825,
recursive_no_target_actual,울산,부동산업,4,2021,baseline,no_prior_positive_route,25290.500747185637,25290.500747185637,24416.199999999997,874.3007471856399,874.3007471856399,874.3007471856399,874.3007471856399,3.580822352313791,3.5808223523137914,
recursive_no_target_actual,울산,부동산업,4,2022,baseline,no_prior_positive_route,23934.34801081013,23934.34801081013,24144.34,-209.99198918987167,-209.99198918987167,209.99198918987167,209.99198918987167,0.8697358850557592,0.8697358850557592,
recursive_no_target_actual,울산,부동산업,4,2023,baseline,no_prior_positive_route,24358.20023479152,24358.20023479152,24667.97,-309.76976520848257,-309.76976520848257,309.76976520848257,309.76976520848257,1.2557570209809827,1.2557570209809827,
recursive_no_target_actual,울산,사업서비스업,1,2022,baseline,no_prior_positive_route,26339.2788978724,26339.2788978724,26052.49,286.7888978724004,286.7888978724004,286.7888978724004,286.7888978724004,1.1008118528109996,1.1008118528109996,
recursive_no_target_actual,울산,사업서비스업,1,2023,baseline,no_prior_positive_route,27191.15386107621,27191.15386107621,27168.71,22.44386107621176,22.44386107621176,22.44386107621176,22.44386107621176,0.0826092261142018,0.08260922611420182,
recursive_no_target_actual,울산,사업서비스업,1,2024,baseline,no_prior_positive_route,27902.96457839109,27902.96457839109,28030.539999999997,-127.57542160890809,-127.57542160890809,127.57542160890809,127.57542160890809,0.4551300888563263,0.45513008885632633,
recursive_no_target_actual,울산,사업서비스업,1,2025,baseline,no_prior_positive_route,26755.99459711977,26755.99459711977,29005.3,-2249.305402880229,-2249.305402880229,2249.305402880229,2249.305402880229,7.754808269110228,7.754808269110228,
recursive_no_target_actual,울산,사업서비스업,2,2022,baseline,no_prior_positive_route,26375.94726511063,26375.94726511063,26052.49,323.4572651106282,323.4572651106282,323.4572651106282,323.4572651106282,1.241559885871286,1.241559885871286,
recursive_no_target_actual,울산,사업서비스업,2,2023,baseline,no_prior_positive_route,27235.3831310054,27235.3831310054,27168.71,66.67313100540196,66.67313100540196,66.67313100540196,66.67313100540196,0.2454041101156512,0.24540411011565125,
recursive_no_target_actual,울산,사업서비스업,2,2024,baseline,no_prior_positive_route,27683.222182711277,27683.222182711277,28030.539999999997,-347.3178172887201,-347.3178172887201,347.3178172887201,347.3178172887201,1.2390693054387112,1.2390693054387112,
recursive_no_target_actual,울산,사업서비스업,2,2025,baseline,no_prior_positive_route,26825.08370319612,26825.08370319612,29005.3,-2180.2162968038792,-2180.2162968038792,2180.2162968038792,2180.2162968038792,7.516613504441875,7.516613504441875,
recursive_no_target_actual,울산,사업서비스업,3,2022,baseline,no_prior_positive_route,26160.1445797527,26160.1445797527,26052.49,107.65457975269965,107.65457975269965,107.65457975269965,107.65457975269965,0.4132218446401846,0.41322184464018463,
recursive_no_target_actual,울산,사업서비스업,3,2023,baseline,no_prior_positive_route,27325.07554537383,27325.07554537383,27168.71,156.365545373832,156.365545373832,156.365545373832,156.365545373832,0.5755354058909385,0.5755354058909385,
recursive_no_target_actual,울산,사업서비스업,3,2024,baseline,no_prior_positive_route,27568.19406337054,27568.19406337054,28030.539999999997,-462.34593662945554,-462.34593662945554,462.34593662945554,462.34593662945554,1.6494364240912076,1.6494364240912076,
recursive_no_target_actual,울산,사업서비스업,3,2025,baseline,no_prior_positive_route,27124.15797875043,27124.15797875043,29005.3,-1881.142021249565,-1881.142021249565,1881.142021249565,1881.142021249565,6.48551134189119,6.48551134189119,
recursive_no_target_actual,울산,사업서비스업,4,2022,baseline,no_prior_positive_route,26178.643417529103,26178.643417529103,26052.49,126.15341752910172,126.15341752910172,126.15341752910172,126.15341752910172,0.484227870461141,0.484227870461141,
recursive_no_target_actual,울산,사업서비스업,4,2023,baseline,no_prior_positive_route,27355.681626034784,27355.681626034784,27168.71,186.971626034785,186.971626034785,186.971626034785,186.971626034785,0.6881873524167508,0.6881873524167508,
recursive_no_target_actual,울산,사업서비스업,4,2024,baseline,no_prior_positive_route,27247.60185042624,27247.60185042624,28030.539999999997,-782.938149573758,-782.938149573758,782.938149573758,782.938149573758,2.7931611362954767,2.7931611362954767,
recursive_no_target_actual,울산,사업서비스업,4,2025,baseline,no_prior_positive_route,27232.656575941983,27232.656575941983,29005.3,-1772.6434240580163,-1772.6434240580163,1772.6434240580163,1772.6434240580163,6.11144661168137,6.1114466116813695,
recursive_no_target_actual,울산,서비스업,1,2024,baseline,no_prior_positive_route,212552.68035133003,212552.68035133003,214545.93,-1993.2496486699383,-1993.2496486699383,1993.2496486699383,1993.2496486699383,0.9290549807539756,0.9290549807539757,
recursive_no_target_actual,울산,서비스업,1,2025,regional_service_production_index_T,prior_positive_improvement_913.447_eok,213159.6927160213,213785.80270150577,219141.43,-5981.7372839786985,-5355.627298494248,5981.7372839786985,5355.627298494248,2.729624098911237,2.443913639923883,2.443913639923883
recursive_no_target_actual,울산,서비스업,2,2024,baseline,no_prior_positive_route,212363.31248011804,212363.31248011804,214545.93,-2182.617519881954,-2182.617519881954,2182.617519881954,2182.617519881954,1.017319470885304,1.017319470885304,
recursive_no_target_actual,울산,서비스업,2,2025,regional_service_production_index_T,prior_positive_improvement_1093.425_eok,213978.74553614008,213332.22369451693,219141.43,-5162.684463859914,-5809.206305483065,5162.684463859914,5809.206305483065,2.355868748259931,2.6508936742281297,2.6508936742281297
recursive_no_target_actual,울산,서비스업,3,2024,baseline,no_prior_positive_route,212577.57942220417,212577.57942220417,214545.93,-1968.350577795849,-1968.350577795849,1968.350577795849,1968.350577795849,0.917449507336657,0.917449507336657,
recursive_no_target_actual,울산,서비스업,3,2025,baseline,no_prior_positive_route,215283.3797771568,215283.3797771568,219141.43,-3858.050222843216,-3858.050222843216,3858.050222843216,3858.050222843216,1.7605298198716768,1.7605298198716768,
recursive_no_target_actual,울산,서비스업,4,2024,baseline,no_prior_positive_route,212153.43607589023,212153.43607589023,214545.93,-2392.493924109731,-2392.493924109731,2392.493924109731,2392.493924109731,1.1151430018316968,1.1151430018316968,
recursive_no_target_actual,울산,서비스업,4,2025,baseline,no_prior_positive_route,215680.07256861727,215680.07256861727,219141.43,-3461.357431382726,-3461.357431382726,3461.357431382726,3461.357431382726,1.57950846235818,1.5795084623581794,
recursive_no_target_actual,울산,숙박 및 음식점업,1,2021,baseline,no_prior_positive_route,7546.148265989686,7546.148265989686,9137.46,-1591.3117340103136,-1591.3117340103136,1591.3117340103136,1591.3117340103136,17.415252531998103,17.415252531998103,
recursive_no_target_actual,울산,숙박 및 음식점업,1,2023,baseline,no_prior_positive_route,11446.191431275229,11446.191431275229,10016.59,1429.6014312752286,1429.6014312752286,1429.6014312752286,1429.6014312752286,14.272336506488022,14.272336506488022,
recursive_no_target_actual,울산,숙박 및 음식점업,1,2024,baseline,no_prior_positive_route,9941.33066323362,9941.33066323362,10067.46,-126.12933676638022,-126.12933676638022,126.12933676638022,126.12933676638022,1.2528416975719818,1.2528416975719818,
recursive_no_target_actual,울산,숙박 및 음식점업,1,2025,baseline,no_prior_positive_route,9387.814577752322,9387.814577752322,10012.42,-624.6054222476778,-624.6054222476778,624.6054222476778,624.6054222476778,6.238306246119098,6.238306246119098,
recursive_no_target_actual,울산,숙박 및 음식점업,2,2021,baseline,no_prior_positive_route,8218.320188725587,8218.320188725587,9137.46,-919.1398112744118,-919.1398112744118,919.1398112744118,919.1398112744118,10.059029656758137,10.059029656758135,
recursive_no_target_actual,울산,숙박 및 음식점업,2,2023,regional_service_production_index_I,prior_positive_improvement_54.870_eok,10386.97968626598,11054.059054545454,10016.59,370.3896862659785,1037.469054545454,370.3896862659785,1037.469054545454,3.6977622750454846,10.357507440610567,10.357507440610568
recursive_no_target_actual,울산,숙박 및 음식점업,2,2024,baseline,no_prior_positive_route,9889.166766180691,9889.166766180691,10067.46,-178.2932338193059,-178.2932338193059,178.2932338193059,178.2932338193059,1.770985271551175,1.770985271551175,
recursive_no_target_actual,울산,숙박 및 음식점업,2,2025,baseline,no_prior_positive_route,9467.13347727306,9467.13347727306,10012.42,-545.2865227269394,-545.2865227269394,545.2865227269394,545.2865227269394,5.44610116961673,5.44610116961673,
recursive_no_target_actual,울산,숙박 및 음식점업,3,2021,baseline,no_prior_positive_route,8610.009181258776,8610.009181258776,9137.46,-527.450818741223,-527.450818741223,527.450818741223,527.450818741223,5.772400850359104,5.772400850359104,
recursive_no_target_actual,울산,숙박 및 음식점업,3,2023,baseline,no_prior_positive_route,10011.209241411812,10011.209241411812,10016.59,-5.380758588187746,-5.380758588187746,5.380758588187746,5.380758588187746,0.0537184669452153,0.05371846694521534,
recursive_no_target_actual,울산,숙박 및 음식점업,3,2024,baseline,no_prior_positive_route,9792.848549981169,9792.848549981169,10067.46,-274.61145001883233,-274.61145001883233,274.61145001883233,274.61145001883233,2.727713345956501,2.727713345956501,
recursive_no_target_actual,울산,숙박 및 음식점업,3,2025,baseline,no_prior_positive_route,9611.39984111676,9611.39984111676,10012.42,-401.0201588832406,-401.0201588832406,401.0201588832406,401.0201588832406,4.005227096778207,4.005227096778207,
recursive_no_target_actual,울산,숙박 및 음식점업,4,2021,baseline,no_prior_positive_route,9233.4324572094,9233.4324572094,9137.46,95.97245720940008,95.97245720940008,95.97245720940008,95.97245720940008,1.050318767024973,1.0503187670249727,
recursive_no_target_actual,울산,숙박 및 음식점업,4,2023,baseline,no_prior_positive_route,9858.448030448077,9858.448030448077,10016.59,-158.14196955192529,-158.14196955192529,158.14196955192529,158.14196955192529,1.5788004655469103,1.5788004655469103,
recursive_no_target_actual,울산,숙박 및 음식점업,4,2024,baseline,no_prior_positive_route,9710.25828738516,9710.25828738516,10067.46,-357.2017126148403,-357.2017126148403,357.2017126148403,357.2017126148403,3.5480817665512485,3.5480817665512485,
recursive_no_target_actual,울산,숙박 및 음식점업,4,2025,baseline,no_prior_positive_route,9652.012904562547,9652.012904562547,10012.42,-360.4070954374529,-360.4070954374529,360.4070954374529,360.4070954374529,3.5996002508629568,3.5996002508629568,
recursive_no_target_actual,울산,운수 및 창고업,1,2021,baseline,no_prior_positive_route,17646.673139567454,17646.673139567454,19182.5,-1535.8268604325458,-1535.8268604325458,1535.8268604325458,1535.8268604325458,8.006395727525327,8.006395727525327,
recursive_no_target_actual,울산,운수 및 창고업,1,2022,baseline,no_prior_positive_route,20602.518314251312,20602.518314251312,19197.09,1405.4283142513125,1405.4283142513125,1405.4283142513125,1405.4283142513125,7.321048733174207,7.321048733174207,
recursive_no_target_actual,울산,운수 및 창고업,1,2023,baseline,no_prior_positive_route,21566.144119664863,21566.144119664863,21318.879999999997,247.2641196648656,247.2641196648656,247.2641196648656,247.2641196648656,1.1598363500562208,1.1598363500562208,
recursive_no_target_actual,울산,운수 및 창고업,1,2024,baseline,no_prior_positive_route,26828.567462498577,26828.567462498577,24393.74,2434.827462498575,2434.827462498575,2434.827462498575,2434.827462498575,9.981361867834025,9.981361867834023,
recursive_no_target_actual,울산,운수 및 창고업,1,2025,baseline,no_prior_positive_route,25714.069456806956,25714.069456806956,25407.46,306.6094568069566,306.6094568069566,306.6094568069566,306.6094568069566,1.2067694165688212,1.2067694165688212,
recursive_no_target_actual,울산,운수 및 창고업,2,2021,baseline,no_prior_positive_route,19358.054037698323,19358.054037698323,19182.5,175.55403769832265,175.55403769832265,175.55403769832265,175.55403769832265,0.9151780930448205,0.9151780930448203,
recursive_no_target_actual,울산,운수 및 창고업,2,2022,baseline,no_prior_positive_route,20958.77884140098,20958.77884140098,19197.09,1761.688841400981,1761.688841400981,1761.688841400981,1761.688841400981,9.176853582501208,9.176853582501208,
recursive_no_target_actual,울산,운수 및 창고업,2,2023,baseline,no_prior_positive_route,22668.40127626291,22668.40127626291,21318.879999999997,1349.5212762629126,1349.5212762629126,1349.5212762629126,1349.5212762629126,6.330169672435479,6.330169672435479,
recursive_no_target_actual,울산,운수 및 창고업,2,2024,baseline,no_prior_positive_route,25460.67917108301,25460.67917108301,24393.74,1066.9391710830096,1066.9391710830096,1066.9391710830096,1066.9391710830096,4.373823657557264,4.373823657557264,
recursive_no_target_actual,울산,운수 및 창고업,2,2025,baseline,no_prior_positive_route,25646.678327710495,25646.678327710495,25407.46,239.2183277104959,239.2183277104959,239.2183277104959,239.2183277104959,0.9415279123158944,0.9415279123158944,
recursive_no_target_actual,울산,운수 및 창고업,3,2021,baseline,no_prior_positive_route,19506.554665347507,19506.554665347507,19182.5,324.05466534750667,324.05466534750667,324.05466534750667,324.05466534750667,1.6893244642122072,1.6893244642122072,
recursive_no_target_actual,울산,운수 및 창고업,3,2022,baseline,no_prior_positive_route,21383.376753360662,21383.376753360662,19197.09,2186.2867533606623,2186.2867533606623,2186.2867533606623,2186.2867533606623,11.3886362639372,11.388636263937201,
recursive_no_target_actual,울산,운수 및 창고업,3,2023,baseline,no_prior_positive_route,22819.790036051247,22819.790036051247,21318.879999999997,1500.910036051249,1500.910036051249,1500.910036051249,1500.910036051249,7.040285587475747,7.040285587475746,
recursive_no_target_actual,울산,운수 및 창고업,3,2024,regional_service_production_index_H,prior_positive_improvement_419.820_eok,25149.64395484995,21822.141387940836,24393.74,755.9039548499495,-2571.598612059166,755.9039548499495,2571.598612059166,3.0987620383342183,10.542043212968434,10.542043212968434
recursive_no_target_actual,울산,운수 및 창고업,3,2025,baseline,no_prior_positive_route,25534.30112907446,25534.30112907446,25407.46,126.84112907446251,126.84112907446251,126.84112907446251,126.84112907446251,0.4992279002877994,0.49922790028779945,
recursive_no_target_actual,울산,운수 및 창고업,4,2021,baseline,no_prior_positive_route,19652.63568669964,19652.63568669964,19182.5,470.13568669963934,470.13568669963934,470.13568669963934,470.13568669963934,2.4508572224665155,2.4508572224665155,
recursive_no_target_actual,울산,운수 및 창고업,4,2022,baseline,no_prior_positive_route,21636.685240508217,21636.685240508217,19197.09,2439.5952405082135,2439.5952405082135,2439.5952405082135,2439.5952405082135,12.708151290160194,12.708151290160194,
recursive_no_target_actual,울산,운수 및 창고업,4,2023,regional_service_production_index_H,prior_positive_improvement_792.207_eok,22774.98444204908,20162.282956618463,21318.879999999997,1456.1044420490834,-1156.597043381531,1456.1044420490834,1156.597043381531,6.830116976356561,5.425224230266933,5.425224230266933
recursive_no_target_actual,울산,운수 및 창고업,4,2024,regional_service_production_index_H,prior_positive_improvement_1091.714_eok,24849.85871584784,21910.443922897684,24393.74,456.1187158478387,-2483.296077102317,456.1187158478387,2483.296077102317,1.8698187151615075,10.180054707077787,10.180054707077788
recursive_no_target_actual,울산,운수 및 창고업,4,2025,baseline,no_prior_positive_route,25406.64304733428,25406.64304733428,25407.46,-0.8169526657184178,-0.8169526657184178,0.8169526657184178,0.8169526657184178,0.0032154047107362,0.0032154047107362084,
recursive_no_target_actual,울산,정보통신업,1,2021,baseline,no_prior_positive_route,6935.275834595352,6935.275834595352,7172.59,-237.31416540464852,-237.31416540464852,237.31416540464852,237.31416540464852,3.308625829786012,3.308625829786012,
recursive_no_target_actual,울산,정보통신업,1,2022,baseline,no_prior_positive_route,7396.562228283768,7396.562228283768,7522.360000000001,-125.797771716233,-125.797771716233,125.797771716233,125.797771716233,1.6723178858261634,1.6723178858261634,
recursive_no_target_actual,울산,정보통신업,1,2023,baseline,no_prior_positive_route,7937.771977731032,7937.771977731032,7454.25,483.52197773103217,483.52197773103217,483.52197773103217,483.52197773103217,6.4865275209582745,6.4865275209582745,
recursive_no_target_actual,울산,정보통신업,1,2024,baseline,no_prior_positive_route,7957.387572003661,7957.387572003661,7642.7,314.68757200366144,314.68757200366144,314.68757200366144,314.68757200366144,4.117492142877013,4.117492142877013,
recursive_no_target_actual,울산,정보통신업,1,2025,baseline,no_prior_positive_route,7880.415614506123,7880.415614506123,8091.280000000001,-210.8643854938773,-210.8643854938773,210.8643854938773,210.8643854938773,2.606069564937529,2.606069564937529,
recursive_no_target_actual,울산,정보통신업,2,2021,baseline,no_prior_positive_route,7028.053257940487,7028.053257940487,7172.59,-144.53674205951302,-144.53674205951302,144.53674205951302,144.53674205951302,2.015126224411447,2.015126224411447,
recursive_no_target_actual,울산,정보통신업,2,2022,baseline,no_prior_positive_route,7433.080884825401,7433.080884825401,7522.360000000001,-89.27911517459961,-89.27911517459961,89.27911517459961,89.27911517459961,1.1868498074354272,1.1868498074354272,
recursive_no_target_actual,울산,정보통신업,2,2023,baseline,no_prior_positive_route,7727.077325885978,7727.077325885978,7454.25,272.8273258859781,272.8273258859781,272.8273258859781,272.8273258859781,3.660023823804918,3.660023823804918,
recursive_no_target_actual,울산,정보통신업,2,2024,baseline,no_prior_positive_route,7850.049856124698,7850.049856124698,7642.7,207.3498561246979,207.3498561246979,207.3498561246979,207.3498561246979,2.713044553949493,2.713044553949493,
recursive_no_target_actual,울산,정보통신업,2,2025,baseline,no_prior_positive_route,7958.501242580663,7958.501242580663,8091.280000000001,-132.77875741933804,-132.77875741933804,132.77875741933804,132.77875741933804,1.6410105375087505,1.6410105375087505,
recursive_no_target_actual,울산,정보통신업,3,2021,baseline,no_prior_positive_route,7152.429319673376,7152.429319673376,7172.59,-20.16068032662406,-20.16068032662406,20.16068032662406,20.16068032662406,0.28107950303341,0.28107950303341,
recursive_no_target_actual,울산,정보통신업,3,2022,baseline,no_prior_positive_route,7413.865852266487,7413.865852266487,7522.360000000001,-108.49414773351327,-108.49414773351327,108.49414773351327,108.49414773351327,1.4422886930898449,1.4422886930898449,
recursive_no_target_actual,울산,정보통신업,3,2023,baseline,no_prior_positive_route,7739.086952898107,7739.086952898107,7454.25,284.8369528981066,284.8369528981066,284.8369528981066,284.8369528981066,3.8211349619090664,3.8211349619090664,
recursive_no_target_actual,울산,정보통신업,3,2024,baseline,no_prior_positive_route,7814.369628647681,7814.369628647681,7642.7,171.66962864768084,171.66962864768084,171.66962864768084,171.66962864768084,2.24619085725831,2.24619085725831,
recursive_no_target_actual,울산,정보통신업,3,2025,baseline,no_prior_positive_route,7961.181646415199,7961.181646415199,8091.280000000001,-130.09835358480177,-130.09835358480177,130.09835358480177,130.09835358480177,1.6078834694238957,1.6078834694238955,
recursive_no_target_actual,울산,정보통신업,4,2021,baseline,no_prior_positive_route,7212.037854322858,7212.037854322858,7172.59,39.44785432285789,39.44785432285789,39.44785432285789,39.44785432285789,0.549980611227714,0.549980611227714,
recursive_no_target_actual,울산,정보통신업,4,2022,baseline,no_prior_positive_route,7339.63848895098,7339.63848895098,7522.360000000001,-182.7215110490206,-182.7215110490206,182.7215110490206,182.7215110490206,2.429045021097376,2.429045021097376,
recursive_no_target_actual,울산,정보통신업,4,2023,baseline,no_prior_positive_route,7763.311307097081,7763.311307097081,7454.25,309.0613070970812,309.0613070970812,309.0613070970812,309.0613070970812,4.146108690976036,4.146108690976036,
recursive_no_target_actual,울산,정보통신업,4,2024,baseline,no_prior_positive_route,7799.137169647536,7799.137169647536,7642.7,156.4371696475364,156.4371696475364,156.4371696475364,156.4371696475364,2.0468835574801627,2.0468835574801627,
recursive_no_target_actual,울산,정보통신업,4,2025,baseline,no_prior_positive_route,7961.154530965041,7961.154530965041,8091.280000000001,-130.12546903495968,-130.12546903495968,130.12546903495968,130.12546903495968,1.60821858883835,1.60821858883835,
recursive_no_target_actual,인천,건설업,1,2021,baseline,no_prior_positive_route,63260.80343866595,63260.80343866595,74224.24,-10963.436561334056,-10963.436561334056,10963.436561334056,10963.436561334056,14.77069561282683,14.77069561282683,
recursive_no_target_actual,인천,건설업,1,2022,regional_construction_orders_bok_12_24q,prior_positive_improvement_4762.277_eok,74232.13288100803,77872.73250263608,79674.53,-5442.3971189919685,-1801.7974973639211,5442.3971189919685,1801.7974973639211,6.830786600174446,2.2614472873124214,2.2614472873124214
recursive_no_target_actual,인천,건설업,1,2023,regional_construction_orders_bok_12_24q,prior_positive_improvement_8402.877_eok,81416.90382296305,66798.58545574121,71611.20000000001,9805.703822963042,-4812.614544258802,9805.703822963042,4812.614544258802,13.69297515327636,6.720477445230356,6.720477445230356
recursive_no_target_actual,인천,건설업,1,2024,regional_construction_orders_bok_12_24q,prior_positive_improvement_13395.966_eok,82001.60883341348,59583.084339782814,65911.27,16090.33883341348,-6328.18566021719,16090.33883341348,6328.18566021719,24.41212076995858,9.601067708477155,9.601067708477157
recursive_no_target_actual,인천,건설업,1,2025,regional_construction_orders_bok_12_24q,prior_positive_improvement_23158.119_eok,67346.51636369045,62631.76751872826,62956.79,4389.726363690446,-325.02248127174244,4389.726363690446,325.02248127174244,6.972601944429578,0.5162627911488855,0.5162627911488855
recursive_no_target_actual,인천,건설업,2,2021,baseline,no_prior_positive_route,63307.52918887851,63307.52918887851,74224.24,-10916.710811121498,-10916.710811121498,10916.710811121498,10916.710811121498,14.707743469143637,14.707743469143637,
recursive_no_target_actual,인천,건설업,2,2022,regional_construction_orders_bok_12_24q,prior_positive_improvement_5460.474_eok,73853.48660792131,77872.13559273627,79674.53,-5821.043392078689,-1802.394407263724,5821.043392078689,1802.394407263724,7.306027901361563,2.262196472654089,2.262196472654089
recursive_no_target_actual,인천,건설업,2,2023,regional_construction_orders_bok_12_24q,prior_positive_improvement_9479.123_eok,80453.84337896002,65773.74720860248,71611.20000000001,8842.643378960012,-5837.452791397533,8842.643378960012,5837.452791397533,12.3481290342293,8.151591917741264,8.151591917741264
recursive_no_target_actual,인천,건설업,2,2024,regional_construction_orders_bok_12_24q,prior_positive_improvement_12484.314_eok,79997.13159161796,61039.92303939866,65911.27,14085.861591617955,-4871.346960601346,14085.861591617955,4871.346960601346,21.370945502366975,7.390764827625603,7.390764827625603
recursive_no_target_actual,인천,건설업,2,2025,regional_construction_orders_bok_12_24q,prior_positive_improvement_21698.828_eok,68168.90858833668,61232.721792741715,62956.79,5212.118588336678,-1724.0682072582858,5212.118588336678,1724.0682072582858,8.278882370490424,2.738494461452507,2.738494461452507
recursive_no_target_actual,인천,건설업,3,2021,baseline,no_prior_positive_route,63694.093142811325,63694.093142811325,74224.24,-10530.14685718868,-10530.14685718868,10530.14685718868,10530.14685718868,14.186937929157212,14.186937929157212,
recursive_no_target_actual,인천,건설업,3,2022,regional_construction_orders_bok_12_24q,prior_positive_improvement_4658.022_eok,74548.4543759808,76856.26236528273,79674.53,-5126.075624019199,-2818.2676347172674,5126.075624019199,2818.2676347172674,6.4337695170830616,3.5372253023861795,3.5372253023861795
recursive_no_target_actual,인천,건설업,3,2023,regional_construction_orders_bok_12_24q,prior_positive_improvement_6965.830_eok,80405.26870723764,64950.901292968054,71611.20000000001,8794.068707237631,-6660.298707031958,8794.068707237631,6660.298707031958,12.280297924399578,9.300638317793803,9.300638317793805
recursive_no_target_actual,인천,건설업,3,2024,regional_construction_orders_bok_12_24q,prior_positive_improvement_9099.600_eok,77931.3033655204,62724.225540050975,65911.27,12020.0333655204,-3187.0444599490293,12020.0333655204,3187.0444599490293,18.23668906018713,4.835355865467362,4.835355865467362
recursive_no_target_actual,인천,건설업,3,2025,regional_construction_orders_bok_12_24q,prior_positive_improvement_17932.589_eok,69301.67868863327,60665.81268684452,62956.79,6344.888688633269,-2290.977313155483,6344.888688633269,2290.977313155483,10.078164227612731,3.638967795460161,3.638967795460161
recursive_no_target_actual,인천,건설업,4,2021,baseline,no_prior_positive_route,64274.846619056814,64274.846619056814,74224.24,-9949.393380943193,-9949.393380943193,9949.393380943193,9949.393380943193,13.404506911681668,13.404506911681672,
recursive_no_target_actual,인천,건설업,4,2022,regional_construction_orders_bok_12_24q,prior_positive_improvement_5708.697_eok,74960.02215249292,73064.28118860818,79674.53,-4714.507847507077,-6610.2488113918225,4714.507847507077,6610.2488113918225,5.917208231422359,8.296564550041051,8.296564550041051
recursive_no_target_actual,인천,건설업,4,2023,regional_construction_orders_bok_12_24q,prior_positive_improvement_3812.956_eok,79213.33903888472,65054.69926115348,71611.20000000001,7602.139038884707,-6556.500738846531,7602.139038884707,6556.500738846531,10.61585204393266,9.155691761688855,9.155691761688855
recursive_no_target_actual,인천,건설업,4,2024,regional_construction_orders_bok_12_24q,prior_positive_improvement_4858.595_eok,76802.0468628618,63907.87145296076,65911.27,10890.776862861792,-2003.3985470392436,10890.776862861792,2003.3985470392436,16.52339101167644,3.0395386813806553,3.0395386813806553
recursive_no_target_actual,인천,건설업,4,2025,regional_construction_orders_bok_12_24q,prior_positive_improvement_13745.973_eok,69745.2224297809,62112.42089592641,62956.79,6788.4324297809,-844.3691040735939,6788.4324297809,844.3691040735939,10.782685123845894,1.3411883040313743,1.3411883040313743
recursive_no_target_actual,인천,"광업, 제조업",1,2022,baseline,no_prior_positive_route,262872.24677063694,262872.24677063694,261514.44,1357.806770636933,1357.806770636933,1357.806770636933,1357.806770636933,0.5192091001311181,0.5192091001311181,
recursive_no_target_actual,인천,"광업, 제조업",1,2023,baseline,no_prior_positive_route,254844.1924079873,254844.1924079873,269154.08999999997,-14309.897592012654,-14309.897592012654,14309.897592012654,14309.897592012654,5.316619038563618,5.316619038563618,
recursive_no_target_actual,인천,"광업, 제조업",1,2024,baseline,no_prior_positive_route,286001.7560438474,286001.7560438474,289896.84,-3895.083956152608,-3895.083956152608,3895.083956152608,3895.083956152608,1.3436103533079586,1.3436103533079586,
recursive_no_target_actual,인천,"광업, 제조업",1,2025,baseline,no_prior_positive_route,279587.5102815472,279587.5102815472,277365.43,2222.0802815472125,2222.0802815472125,2222.0802815472125,2222.0802815472125,0.8011381524897362,0.8011381524897362,
recursive_no_target_actual,인천,"광업, 제조업",2,2022,baseline,no_prior_positive_route,262158.0009275343,262158.0009275343,261514.44,643.5609275343013,643.5609275343013,643.5609275343013,643.5609275343013,0.2460900161131833,0.24609001611318337,
recursive_no_target_actual,인천,"광업, 제조업",2,2023,baseline,no_prior_positive_route,259378.41533103568,259378.41533103568,269154.08999999997,-9775.67466896429,-9775.67466896429,9775.67466896429,9775.67466896429,3.6319993015763914,3.6319993015763914,
recursive_no_target_actual,인천,"광업, 제조업",2,2024,baseline,no_prior_positive_route,282231.8775050365,282231.8775050365,289896.84,-7664.962494963547,-7664.962494963547,7664.962494963547,7664.962494963547,2.6440310611745703,2.6440310611745703,
recursive_no_target_actual,인천,"광업, 제조업",2,2025,baseline,no_prior_positive_route,282361.3558551716,282361.3558551716,277365.43,4995.925855171634,4995.925855171634,4995.925855171634,4995.925855171634,1.801207113363635,1.801207113363635,
recursive_no_target_actual,인천,"광업, 제조업",3,2022,baseline,no_prior_positive_route,262258.0265680595,262258.0265680595,261514.44,743.5865680595161,743.5865680595161,743.5865680595161,743.5865680595161,0.2843386269834722,0.2843386269834722,
recursive_no_target_actual,인천,"광업, 제조업",3,2023,baseline,no_prior_positive_route,261930.8913508661,261930.8913508661,269154.08999999997,-7223.198649133876,-7223.198649133876,7223.198649133876,7223.198649133876,2.683666686667803,2.683666686667803,
recursive_no_target_actual,인천,"광업, 제조업",3,2024,baseline,no_prior_positive_route,280013.9523673178,280013.9523673178,289896.84,-9882.88763268222,-9882.88763268222,9882.88763268222,9882.88763268222,3.409104988064795,3.409104988064795,
recursive_no_target_actual,인천,"광업, 제조업",3,2025,baseline,no_prior_positive_route,284400.3976900654,284400.3976900654,277365.43,7034.967690065387,7034.967690065387,7034.967690065387,7034.967690065387,2.536353463394983,2.536353463394983,
recursive_no_target_actual,인천,"광업, 제조업",4,2022,baseline,no_prior_positive_route,258273.16348482348,258273.16348482348,261514.44,-3241.27651517652,-3241.27651517652,3241.27651517652,3241.27651517652,1.2394254463258396,1.2394254463258396,
recursive_no_target_actual,인천,"광업, 제조업",4,2023,baseline,no_prior_positive_route,266859.67129234475,266859.67129234475,269154.08999999997,-2294.418707655219,-2294.418707655219,2294.418707655219,2294.418707655219,0.8524554494621349,0.8524554494621349,
recursive_no_target_actual,인천,"광업, 제조업",4,2024,baseline,no_prior_positive_route,278140.8616374031,278140.8616374031,289896.84,-11755.978362596945,-11755.978362596945,11755.978362596945,11755.978362596945,4.055228184824968,4.055228184824969,
recursive_no_target_actual,인천,"광업, 제조업",4,2025,baseline,no_prior_positive_route,284269.2620992334,284269.2620992334,277365.43,6903.832099233405,6903.832099233405,6903.832099233405,6903.832099233405,2.489074467295151,2.489074467295151,
recursive_no_target_actual,인천,교육 서비스업,1,2021,baseline,no_prior_positive_route,45739.174785455834,45739.174785455834,46969.65,-1230.475214544167,-1230.475214544167,1230.475214544167,1230.475214544167,2.619724044237432,2.619724044237432,
recursive_no_target_actual,인천,교육 서비스업,1,2022,baseline,no_prior_positive_route,49238.04049118938,49238.04049118938,48977.92,260.1204911893801,260.1204911893801,260.1204911893801,260.1204911893801,0.5310974643050994,0.5310974643050994,
recursive_no_target_actual,인천,교육 서비스업,1,2023,baseline,no_prior_positive_route,49847.10828366306,49847.10828366306,49592.11,254.99828366305883,254.99828366305883,254.99828366305883,254.99828366305883,0.5141912365960207,0.5141912365960207,
recursive_no_target_actual,인천,교육 서비스업,1,2024,baseline,no_prior_positive_route,50184.24848159572,50184.24848159572,49786.33,397.9184815957197,397.9184815957197,397.9184815957197,397.9184815957197,0.7992524887769787,0.799252488776979,
recursive_no_target_actual,인천,교육 서비스업,1,2025,baseline,no_prior_positive_route,49785.551457756104,49785.551457756104,49354.05,431.50145775610144,431.50145775610144,431.50145775610144,431.50145775610144,0.874297970999546,0.874297970999546,
recursive_no_target_actual,인천,교육 서비스업,2,2021,baseline,no_prior_positive_route,46187.6197732969,46187.6197732969,46969.65,-782.0302267031002,-782.0302267031002,782.0302267031002,782.0302267031002,1.664969244401651,1.664969244401651,
recursive_no_target_actual,인천,교육 서비스업,2,2022,baseline,no_prior_positive_route,49105.31637477245,49105.31637477245,48977.92,127.39637477244833,127.39637477244833,127.39637477244833,127.39637477244833,0.2601098102419382,0.26010981024193824,
recursive_no_target_actual,인천,교육 서비스업,2,2023,baseline,no_prior_positive_route,49778.52630278734,49778.52630278734,49592.11,186.4163027873365,186.4163027873365,186.4163027873365,186.4163027873365,0.3758991153781044,0.3758991153781045,
recursive_no_target_actual,인천,교육 서비스업,2,2024,baseline,no_prior_positive_route,50205.344500083134,50205.344500083134,49786.33,419.0145000831326,419.0145000831326,419.0145000831326,419.0145000831326,0.8416256030182031,0.8416256030182031,
recursive_no_target_actual,인천,교육 서비스업,2,2025,baseline,no_prior_positive_route,49694.16752150205,49694.16752150205,49354.05,340.1175215020485,340.1175215020485,340.1175215020485,340.1175215020485,0.6891380170463184,0.6891380170463184,
recursive_no_target_actual,인천,교육 서비스업,3,2021,baseline,no_prior_positive_route,46571.151705134725,46571.151705134725,46969.65,-398.498294865276,-398.498294865276,398.498294865276,398.498294865276,0.8484165729684507,0.848416572968451,
recursive_no_target_actual,인천,교육 서비스업,3,2022,baseline,no_prior_positive_route,48910.77410515081,48910.77410515081,48977.92,-67.14589484918542,-67.14589484918542,67.14589484918542,67.14589484918542,0.1370942147996187,0.13709421479961872,
recursive_no_target_actual,인천,교육 서비스업,3,2023,baseline,no_prior_positive_route,49660.83325171726,49660.83325171726,49592.11,68.7232517172597,68.7232517172597,68.7232517172597,68.7232517172597,0.1385769867772508,0.13857698677725086,
recursive_no_target_actual,인천,교육 서비스업,3,2024,baseline,no_prior_positive_route,50117.25128698741,50117.25128698741,49786.33,330.92128698741,330.92128698741,330.92128698741,330.92128698741,0.6646830304370898,0.6646830304370898,
recursive_no_target_actual,인천,교육 서비스업,3,2025,baseline,no_prior_positive_route,49869.27208026492,49869.27208026492,49354.05,515.2220802649172,515.2220802649172,515.2220802649172,515.2220802649172,1.0439307012594046,1.0439307012594046,
recursive_no_target_actual,인천,교육 서비스업,4,2021,baseline,no_prior_positive_route,46641.3112942037,46641.3112942037,46969.65,-328.33870579630457,-328.33870579630457,328.33870579630457,328.33870579630457,0.6990443952558825,0.6990443952558825,
recursive_no_target_actual,인천,교육 서비스업,4,2022,baseline,no_prior_positive_route,48852.184472756024,48852.184472756024,48977.92,-125.7355272439745,-125.7355272439745,125.7355272439745,125.7355272439745,0.2567187974580678,0.25671879745806786,
recursive_no_target_actual,인천,교육 서비스업,4,2023,baseline,no_prior_positive_route,49548.78302083656,49548.78302083656,49592.11,-43.3269791634375,-43.3269791634375,43.3269791634375,43.3269791634375,0.0873666782144125,0.08736667821441253,
recursive_no_target_actual,인천,교육 서비스업,4,2024,baseline,no_prior_positive_route,50101.50999219458,50101.50999219458,49786.33,315.1799921945785,315.1799921945785,315.1799921945785,315.1799921945785,0.6330653257522266,0.6330653257522266,
recursive_no_target_actual,인천,교육 서비스업,4,2025,baseline,no_prior_positive_route,49938.60293624093,49938.60293624093,49354.05,584.5529362409288,584.5529362409288,584.5529362409288,584.5529362409288,1.1844072294795032,1.1844072294795032,
recursive_no_target_actual,인천,금융 및 보험업,1,2021,baseline,no_prior_positive_route,39600.25916978121,39600.25916978121,37210.67,2389.5891697812112,2389.5891697812112,2389.5891697812112,2389.5891697812112,6.421784853057501,6.421784853057501,
recursive_no_target_actual,인천,금융 및 보험업,1,2022,regional_service_production_index_K,prior_positive_improvement_1015.264_eok,39199.74916684886,37501.94726027397,38246.45,953.2991668488612,-744.5027397260274,953.2991668488612,744.5027397260274,2.4925167351449904,1.9465930556326858,1.9465930556326856
recursive_no_target_actual,인천,금융 및 보험업,1,2023,regional_service_production_index_K,prior_positive_improvement_1224.060_eok,38745.68869593436,42145.3599514563,39432.03,-686.3413040656378,2713.329951456304,686.3413040656378,2713.329951456304,1.74056802063104,6.881030348821262,6.881030348821262
recursive_no_target_actual,인천,금융 및 보험업,1,2024,baseline,no_prior_positive_route,38795.44779716734,38795.44779716734,39775.09,-979.642202832656,-979.642202832656,979.642202832656,979.642202832656,2.4629540821470326,2.4629540821470326,
recursive_no_target_actual,인천,금융 및 보험업,1,2025,baseline,no_prior_positive_route,42009.48520322189,42009.48520322189,40511.25,1498.2352032218914,1498.2352032218914,1498.2352032218914,1498.2352032218914,3.698318869997572,3.698318869997572,
recursive_no_target_actual,인천,금융 및 보험업,2,2021,baseline,no_prior_positive_route,38972.61442525873,38972.61442525873,37210.67,1761.9444252587346,1761.9444252587346,1761.9444252587346,1761.9444252587346,4.735051600142472,4.735051600142472,
recursive_no_target_actual,인천,금융 및 보험업,2,2022,regional_service_production_index_K,prior_positive_improvement_1067.121_eok,38926.49923538853,38583.41975405804,38246.45,680.0492353885347,336.9697540580455,680.0492353885347,336.9697540580455,1.778071521379199,0.881048447785469,0.881048447785469
recursive_no_target_actual,인천,금융 및 보험업,2,2023,regional_service_production_index_K,prior_positive_improvement_1410.201_eok,38862.39610653721,41094.97592504743,39432.03,-569.6338934627856,1662.945925047432,569.6338934627856,1662.945925047432,1.4445969265665135,4.217246550703659,4.217246550703659
recursive_no_target_actual,인천,금융 및 보험업,2,2024,regional_service_production_index_K,prior_positive_improvement_316.889_eok,38898.155643933074,39310.16500662252,39775.09,-876.9343560669222,-464.9249933774772,876.9343560669222,464.9249933774772,2.204732550113456,1.1688848306250903,1.1688848306250903
recursive_no_target_actual,인천,금융 및 보험업,2,2025,regional_service_production_index_K,prior_positive_improvement_728.898_eok,41810.809472483765,40409.236696191314,40511.25,1299.5594724837647,-102.01330380868605,1299.5594724837647,102.01330380868605,3.2078977382424996,0.25181475221990446,0.2518147522199044
recursive_no_target_actual,인천,금융 및 보험업,3,2021,baseline,no_prior_positive_route,38918.60503506307,38918.60503506307,37210.67,1707.9350350630775,1707.9350350630775,1707.9350350630775,1707.9350350630775,4.589906698973917,4.589906698973917,
recursive_no_target_actual,인천,금융 및 보험업,3,2022,regional_service_production_index_K,prior_positive_improvement_1359.599_eok,38366.72457655666,39164.6549543379,38246.45,120.27457655666512,918.2049543379036,120.27457655666512,918.2049543379036,0.3144725237418509,2.4007586438425097,2.4007586438425097
recursive_no_target_actual,인천,금융 및 보험업,3,2023,regional_service_production_index_K,prior_positive_improvement_561.669_eok,38977.50719422546,40344.25652308645,39432.03,-454.5228057745408,912.2265230864504,454.5228057745408,912.2265230864504,1.1526741224698318,2.313415066600554,2.313415066600554
recursive_no_target_actual,인천,금융 및 보험업,3,2024,regional_service_production_index_K,prior_positive_improvement_103.965_eok,39430.0876924593,39026.58903349001,39775.09,-345.00230754069344,-748.500966509986,345.00230754069344,748.500966509986,0.8673828457476613,1.8818334955621372,1.8818334955621372
recursive_no_target_actual,인천,금융 및 보험업,3,2025,baseline,no_prior_positive_route,41621.0610658664,41621.0610658664,40511.25,1109.811065866401,1109.811065866401,1109.811065866401,1109.811065866401,2.739513260801385,2.7395132608013846,
recursive_no_target_actual,인천,금융 및 보험업,4,2021,baseline,no_prior_positive_route,38852.877983118946,38852.877983118946,37210.67,1642.2079831189476,1642.2079831189476,1642.2079831189476,1642.2079831189476,4.413271739312804,4.413271739312804,
recursive_no_target_actual,인천,금융 및 보험업,4,2022,regional_service_production_index_K,prior_positive_improvement_1411.275_eok,38228.35650895574,39652.19634264885,38246.45,-18.09349104425928,1405.746342648854,18.09349104425928,1405.746342648854,0.0473076352034222,3.6754949613594308,3.6754949613594303
recursive_no_target_actual,인천,금융 및 보험업,4,2023,regional_service_production_index_K,prior_positive_improvement_23.622_eok,38489.328782198085,39572.21063854047,39432.03,-942.701217801914,140.18063854047068,942.701217801914,140.18063854047068,2.390699179834044,0.35549942151208214,0.3554994215120821
recursive_no_target_actual,인천,금융 및 보험업,4,2024,regional_service_production_index_K,prior_positive_improvement_826.143_eok,39882.19696579818,39371.19151421644,39775.09,107.10696579818614,-403.89848578355304,107.10696579818614,403.89848578355304,0.269281517145998,1.015455868945999,1.015455868945999
recursive_no_target_actual,인천,금융 및 보험업,4,2025,regional_service_production_index_K,prior_positive_improvement_529.351_eok,41789.1844745319,40003.37969977925,40511.25,1277.934474531903,-507.8703002207476,1277.934474531903,507.8703002207476,3.1545175094125786,1.2536525044789968,1.2536525044789968
recursive_no_target_actual,인천,도매 및 소매업,1,2021,baseline,no_prior_positive_route,72896.67112623987,72896.67112623987,75072.11,-2175.4388737601257,-2175.4388737601257,2175.4388737601257,2175.4388737601257,2.897799027841532,2.897799027841532,
recursive_no_target_actual,인천,도매 및 소매업,1,2022,baseline,no_prior_positive_route,77895.41721011375,77895.41721011375,78874.86,-979.4427898862486,-979.4427898862486,979.4427898862486,979.4427898862486,1.2417680232792156,1.2417680232792156,
recursive_no_target_actual,인천,도매 및 소매업,1,2023,baseline,no_prior_positive_route,82277.59750792314,82277.59750792314,80680.88,1596.7175079231383,1596.7175079231383,1596.7175079231383,1596.7175079231383,1.9790531634299704,1.9790531634299704,
recursive_no_target_actual,인천,도매 및 소매업,1,2024,baseline,no_prior_positive_route,74404.78227694584,74404.78227694584,80469.01,-6064.227723054151,-6064.227723054151,6064.227723054151,6064.227723054151,7.536103306172341,7.5361033061723415,
recursive_no_target_actual,인천,도매 및 소매업,1,2025,baseline,no_prior_positive_route,74573.89188798878,74573.89188798878,83697.07,-9123.178112011228,-9123.178112011228,9123.178112011228,9123.178112011228,10.900235948535869,10.900235948535867,
recursive_no_target_actual,인천,도매 및 소매업,2,2021,baseline,no_prior_positive_route,73573.83586009078,73573.83586009078,75072.11,-1498.2741399092192,-1498.2741399092192,1498.2741399092192,1498.2741399092192,1.9957799772901268,1.9957799772901268,
recursive_no_target_actual,인천,도매 및 소매업,2,2022,baseline,no_prior_positive_route,77662.66059623871,77662.66059623871,78874.86,-1212.1994037612894,-1212.1994037612894,1212.1994037612894,1212.1994037612894,1.5368640955575572,1.5368640955575572,
recursive_no_target_actual,인천,도매 및 소매업,2,2023,baseline,no_prior_positive_route,79014.01666754606,79014.01666754606,80680.88,-1666.8633324539403,-1666.8633324539403,1666.8633324539403,1666.8633324539403,2.0659954780537104,2.06599547805371,
recursive_no_target_actual,인천,도매 및 소매업,2,2024,baseline,no_prior_positive_route,74918.22694911051,74918.22694911051,80469.01,-5550.783050889484,-5550.783050889484,5550.783050889484,5550.783050889484,6.898038202395536,6.898038202395536,
recursive_no_target_actual,인천,도매 및 소매업,2,2025,baseline,no_prior_positive_route,74922.57659919998,74922.57659919998,83697.07,-8774.493400800027,-8774.493400800027,8774.493400800027,8774.493400800027,10.483632701598786,10.483632701598786,
recursive_no_target_actual,인천,도매 및 소매업,3,2021,baseline,no_prior_positive_route,73286.7819874391,73286.7819874391,75072.11,-1785.3280125609017,-1785.3280125609017,1785.3280125609017,1785.3280125609017,2.378150837322811,2.378150837322811,
recursive_no_target_actual,인천,도매 및 소매업,3,2022,baseline,no_prior_positive_route,77865.17251744679,77865.17251744679,78874.86,-1009.687482553214,-1009.687482553214,1009.687482553214,1009.687482553214,1.2801131850544192,1.2801131850544192,
recursive_no_target_actual,인천,도매 및 소매업,3,2023,baseline,no_prior_positive_route,77506.94220362855,77506.94220362855,80680.88,-3173.9377963714505,-3173.9377963714505,3173.9377963714505,3173.9377963714505,3.9339404780555816,3.9339404780555816,
recursive_no_target_actual,인천,도매 및 소매업,3,2024,baseline,no_prior_positive_route,75050.15770546545,75050.15770546545,80469.01,-5418.852294534547,-5418.852294534547,5418.852294534547,5418.852294534547,6.734085947539987,6.734085947539987,
recursive_no_target_actual,인천,도매 및 소매업,3,2025,regional_service_production_index_G,prior_positive_improvement_1526.231_eok,76008.14109264028,83497.80441433303,83697.07,-7688.928907359732,-199.2655856669735,7688.928907359732,199.2655856669735,9.186616577330284,0.23807952377182792,0.2380795237718279
recursive_no_target_actual,인천,도매 및 소매업,4,2021,baseline,no_prior_positive_route,73358.9175348898,73358.9175348898,75072.11,-1713.1924651102015,-1713.1924651102015,1713.1924651102015,1713.1924651102015,2.2820624931285423,2.2820624931285423,
recursive_no_target_actual,인천,도매 및 소매업,4,2022,baseline,no_prior_positive_route,77822.19493116264,77822.19493116264,78874.86,-1052.665068837363,-1052.665068837363,1052.665068837363,1052.665068837363,1.3346015052671574,1.3346015052671574,
recursive_no_target_actual,인천,도매 및 소매업,4,2023,baseline,no_prior_positive_route,76290.46028033677,76290.46028033677,80680.88,-4390.41971966323,-4390.41971966323,4390.41971966323,4390.41971966323,5.441710253610558,5.441710253610558,
recursive_no_target_actual,인천,도매 및 소매업,4,2024,regional_service_production_index_G,prior_positive_improvement_652.887_eok,75178.08719770513,81727.96792349726,80469.01,-5290.922802294866,1258.9579234972623,5290.922802294866,1258.9579234972623,6.575106121343939,1.5645251799385407,1.5645251799385411
recursive_no_target_actual,인천,도매 및 소매업,4,2025,regional_service_production_index_G,prior_positive_improvement_4684.852_eok,76525.23891089138,84068.3206293549,83697.07,-7171.831089108629,371.2506293548941,7171.831089108629,371.2506293548941,8.568795883904453,0.44356466642726455,0.4435646664272644
recursive_no_target_actual,인천,문화 및 기타서비스업,1,2021,baseline,no_prior_positive_route,31860.797805100523,31860.797805100523,30105.04,1755.757805100522,1755.757805100522,1755.757805100522,1755.757805100522,5.832105870314479,5.832105870314479,
recursive_no_target_actual,인천,문화 및 기타서비스업,1,2022,baseline,no_prior_positive_route,30913.670734421503,30913.670734421503,32009.81,-1096.1392655784985,-1096.1392655784985,1096.1392655784985,1096.1392655784985,3.424385416778476,3.424385416778476,
recursive_no_target_actual,인천,문화 및 기타서비스업,1,2023,baseline,no_prior_positive_route,35927.4594886209,35927.4594886209,33654.630000000005,2272.829488620897,2272.829488620897,2272.829488620897,2272.829488620897,6.753393184298555,6.753393184298555,
recursive_no_target_actual,인천,문화 및 기타서비스업,1,2024,baseline,no_prior_positive_route,34174.933637355854,34174.933637355854,35068.51,-893.5763626441476,-893.5763626441476,893.5763626441476,893.5763626441476,2.548087622325977,2.548087622325977,
recursive_no_target_actual,인천,문화 및 기타서비스업,1,2025,baseline,no_prior_positive_route,33035.00359928219,33035.00359928219,35511.34,-2476.3364007178097,-2476.3364007178097,2476.3364007178097,2476.3364007178097,6.973367945895058,6.973367945895058,
recursive_no_target_actual,인천,문화 및 기타서비스업,2,2021,baseline,no_prior_positive_route,33275.60775570188,33275.60775570188,30105.04,3170.567755701879,3170.567755701879,3170.567755701879,3170.567755701879,10.531684248557314,10.531684248557314,
recursive_no_target_actual,인천,문화 및 기타서비스업,2,2022,regional_service_production_index_R_S,prior_positive_improvement_2311.039_eok,31210.66980242281,39409.79965070125,32009.81,-799.1401975771914,7399.989650701249,799.1401975771914,7399.989650701249,2.4965477695031346,23.117880583175126,23.11788058317513
recursive_no_target_actual,인천,문화 및 기타서비스업,2,2023,baseline,no_prior_positive_route,34666.14446770779,34666.14446770779,33654.630000000005,1011.5144677077842,1011.5144677077842,1011.5144677077842,1011.5144677077842,3.005572985671761,3.0055729856717606,
recursive_no_target_actual,인천,문화 및 기타서비스업,2,2024,baseline,no_prior_positive_route,34072.55192172473,34072.55192172473,35068.51,-995.9580782752746,-995.9580782752746,995.9580782752746,995.9580782752746,2.8400353430336067,2.8400353430336067,
recursive_no_target_actual,인천,문화 및 기타서비스업,2,2025,baseline,no_prior_positive_route,33037.20961787726,33037.20961787726,35511.34,-2474.130382122734,-2474.130382122734,2474.130382122734,2474.130382122734,6.967155793396515,6.967155793396515,
recursive_no_target_actual,인천,문화 및 기타서비스업,3,2021,baseline,no_prior_positive_route,33336.20628682447,33336.20628682447,30105.04,3231.1662868244675,3231.1662868244675,3231.1662868244675,3231.1662868244675,10.732974567794852,10.732974567794852,
recursive_no_target_actual,인천,문화 및 기타서비스업,3,2022,regional_service_production_index_R_S,prior_positive_improvement_1108.324_eok,31853.363491065946,48524.9103117506,32009.81,-156.44650893405924,16515.1003117506,156.44650893405924,16515.1003117506,0.4887455093737177,51.59387172791904,51.59387172791904
recursive_no_target_actual,인천,문화 및 기타서비스업,3,2023,baseline,no_prior_positive_route,34318.32606637684,34318.32606637684,33654.630000000005,663.6960663768332,663.6960663768332,663.6960663768332,663.6960663768332,1.9720795218275555,1.9720795218275557,
recursive_no_target_actual,인천,문화 및 기타서비스업,3,2024,baseline,no_prior_positive_route,33839.39968229785,33839.39968229785,35068.51,-1229.1103177021505,-1229.1103177021505,1229.1103177021505,1229.1103177021505,3.504883206335685,3.504883206335685,
recursive_no_target_actual,인천,문화 및 기타서비스업,3,2025,baseline,no_prior_positive_route,33470.92055255998,33470.92055255998,35511.34,-2040.4194474400135,-2040.4194474400135,2040.4194474400135,2040.4194474400135,5.745824988412192,5.745824988412191,
recursive_no_target_actual,인천,문화 및 기타서비스업,4,2021,baseline,no_prior_positive_route,33561.628354874134,33561.628354874134,30105.04,3456.588354874133,3456.588354874133,3456.588354874133,3456.588354874133,11.481759714898676,11.481759714898677,
recursive_no_target_actual,인천,문화 및 기타서비스업,4,2022,baseline,no_prior_positive_route,31831.400859541813,31831.400859541813,32009.81,-178.40914045818863,-178.40914045818863,178.40914045818863,178.40914045818863,0.5573576989622514,0.5573576989622514,
recursive_no_target_actual,인천,문화 및 기타서비스업,4,2023,baseline,no_prior_positive_route,33644.62771096874,33644.62771096874,33654.630000000005,-10.00228903126117,-10.00228903126117,10.00228903126117,10.00228903126117,0.0297203951767146,0.02972039517671467,
recursive_no_target_actual,인천,문화 및 기타서비스업,4,2024,baseline,no_prior_positive_route,33682.83326901087,33682.83326901087,35068.51,-1385.6767309891293,-1385.6767309891293,1385.6767309891293,1385.6767309891293,3.951341904714883,3.951341904714883,
recursive_no_target_actual,인천,문화 및 기타서비스업,4,2025,baseline,no_prior_positive_route,33383.884049061235,33383.884049061235,35511.34,-2127.455950938762,-2127.455950938762,2127.455950938762,2127.455950938762,5.990919945399869,5.990919945399869,
recursive_no_target_actual,인천,보건 및 사회복지업,1,2021,baseline,no_prior_positive_route,53256.82239537664,53256.82239537664,56095.33,-2838.507604623366,-2838.507604623366,2838.507604623366,2838.507604623366,5.060149578625112,5.060149578625112,
recursive_no_target_actual,인천,보건 및 사회복지업,1,2022,baseline,no_prior_positive_route,60965.88403531789,60965.88403531789,59899.8,1066.0840353178864,1066.0840353178864,1066.0840353178864,1066.0840353178864,1.7797789563869768,1.7797789563869768,
recursive_no_target_actual,인천,보건 및 사회복지업,1,2023,baseline,no_prior_positive_route,62280.658214478346,62280.658214478346,62642.240000000005,-361.5817855216592,-361.5817855216592,361.5817855216592,361.5817855216592,0.5772172028357528,0.5772172028357528,
recursive_no_target_actual,인천,보건 및 사회복지업,1,2024,baseline,no_prior_positive_route,64326.14952607841,64326.14952607841,66958.0,-2631.850473921593,-2631.850473921593,2631.850473921593,2631.850473921593,3.930598993281748,3.930598993281748,
recursive_no_target_actual,인천,보건 및 사회복지업,1,2025,baseline,no_prior_positive_route,67156.47083778301,67156.47083778301,71989.33,-4832.8591622169915,-4832.8591622169915,4832.8591622169915,4832.8591622169915,6.713299265623101,6.713299265623101,
recursive_no_target_actual,인천,보건 및 사회복지업,2,2021,baseline,no_prior_positive_route,54517.12839013728,54517.12839013728,56095.33,-1578.201609862721,-1578.201609862721,1578.201609862721,1578.201609862721,2.8134278020340036,2.8134278020340036,
recursive_no_target_actual,인천,보건 및 사회복지업,2,2022,baseline,no_prior_positive_route,60493.9277277212,60493.9277277212,59899.8,594.1277277211993,594.1277277211993,594.1277277211993,594.1277277211993,0.9918693012684504,0.9918693012684505,
recursive_no_target_actual,인천,보건 및 사회복지업,2,2023,baseline,no_prior_positive_route,61745.944312801155,61745.944312801155,62642.240000000005,-896.2956871988499,-896.2956871988499,896.2956871988499,896.2956871988499,1.4308167894360897,1.4308167894360895,
recursive_no_target_actual,인천,보건 및 사회복지업,2,2024,baseline,no_prior_positive_route,63907.47488275988,63907.47488275988,66958.0,-3050.5251172401186,-3050.5251172401186,3050.5251172401186,3050.5251172401186,4.555878486872545,4.555878486872545,
recursive_no_target_actual,인천,보건 및 사회복지업,2,2025,regional_service_production_index_Q,prior_positive_improvement_1040.583_eok,67668.42904579634,71664.97412128236,71989.33,-4320.900954203666,-324.3558787176444,4320.900954203666,324.3558787176444,6.002140809205566,0.4505610466407235,0.4505610466407235
recursive_no_target_actual,인천,보건 및 사회복지업,3,2021,baseline,no_prior_positive_route,55124.1095330589,55124.1095330589,56095.33,-971.2204669411004,-971.2204669411004,971.2204669411004,971.2204669411004,1.7313749057918018,1.7313749057918018,
recursive_no_target_actual,인천,보건 및 사회복지업,3,2022,baseline,no_prior_positive_route,59717.11902297751,59717.11902297751,59899.8,-182.6809770224936,-182.6809770224936,182.6809770224936,182.6809770224936,0.3049776076422519,0.3049776076422519,
recursive_no_target_actual,인천,보건 및 사회복지업,3,2023,baseline,no_prior_positive_route,61797.60115825098,61797.60115825098,62642.240000000005,-844.6388417490234,-844.6388417490234,844.6388417490234,844.6388417490234,1.348353509946361,1.348353509946361,
recursive_no_target_actual,인천,보건 및 사회복지업,3,2024,baseline,no_prior_positive_route,63917.53264856605,63917.53264856605,66958.0,-3040.467351433952,-3040.467351433952,3040.467351433952,3040.467351433952,4.5408574799634875,4.5408574799634875,
recursive_no_target_actual,인천,보건 및 사회복지업,3,2025,regional_service_production_index_Q,prior_positive_improvement_1037.862_eok,67562.48942745438,71692.06002034589,71989.33,-4426.840572545625,-297.26997965411283,4426.840572545625,297.26997965411283,6.1493009763330555,0.41293616658762183,0.4129361665876218
recursive_no_target_actual,인천,보건 및 사회복지업,4,2021,baseline,no_prior_positive_route,55509.58325163292,55509.58325163292,56095.33,-585.7467483670844,-585.7467483670844,585.7467483670844,585.7467483670844,1.0441987744204095,1.0441987744204095,
recursive_no_target_actual,인천,보건 및 사회복지업,4,2022,baseline,no_prior_positive_route,59327.480617648645,59327.480617648645,59899.8,-572.3193823513575,-572.3193823513575,572.3193823513575,572.3193823513575,0.9554612575523748,0.9554612575523749,
recursive_no_target_actual,인천,보건 및 사회복지업,4,2023,baseline,no_prior_positive_route,61903.3392572988,61903.3392572988,62642.240000000005,-738.9007427012039,-738.9007427012039,738.9007427012039,738.9007427012039,1.17955670598817,1.17955670598817,
recursive_no_target_actual,인천,보건 및 사회복지업,4,2024,baseline,no_prior_positive_route,64174.89741091503,64174.89741091503,66958.0,-2783.1025890849705,-2783.1025890849705,2783.1025890849705,2783.1025890849705,4.15649002223031,4.15649002223031,
recursive_no_target_actual,인천,보건 및 사회복지업,4,2025,regional_service_production_index_Q,prior_positive_improvement_1234.776_eok,67871.08258365824,71933.8362085308,71989.33,-4118.247416341765,-55.493791469198186,4118.247416341765,55.493791469198186,5.720635844703326,0.07708613411070528,0.0770861341107052
recursive_no_target_actual,인천,부동산업,1,2021,baseline,no_prior_positive_route,86000.63429481065,86000.63429481065,88211.55,-2210.915705189356,-2210.915705189356,2210.915705189356,2210.915705189356,2.506378932451993,2.5063789324519927,
recursive_no_target_actual,인천,부동산업,1,2022,regional_service_production_index_L,prior_positive_improvement_1989.563_eok,86634.50360088826,110454.00386819484,87242.78,-608.276399111739,23211.223868194837,608.276399111739,23211.223868194837,0.6972226230201961,26.605323521550822,26.605323521550822
recursive_no_target_actual,인천,부동산업,1,2023,baseline,no_prior_positive_route,87318.04351509303,87318.04351509303,86922.45,395.5935150930309,395.5935150930309,395.5935150930309,395.5935150930309,0.4551108661721234,0.45511086617212343,
recursive_no_target_actual,인천,부동산업,1,2024,baseline,no_prior_positive_route,89152.25904672162,89152.25904672162,85658.06999999999,3494.189046721629,3494.189046721629,3494.189046721629,3494.189046721629,4.07922925034574,4.07922925034574,
recursive_no_target_actual,인천,부동산업,1,2025,baseline,no_prior_positive_route,89351.73013504401,89351.73013504401,83887.46,5464.270135044004,5464.270135044004,5464.270135044004,5464.270135044004,6.513810449194675,6.513810449194675,
recursive_no_target_actual,인천,부동산업,2,2021,baseline,no_prior_positive_route,85834.78793507947,85834.78793507947,88211.55,-2376.7620649205346,-2376.7620649205346,2376.7620649205346,2376.7620649205346,2.6943887335848133,2.6943887335848133,
recursive_no_target_actual,인천,부동산업,2,2022,baseline,no_prior_positive_route,85990.39234578733,85990.39234578733,87242.78,-1252.3876542126673,-1252.3876542126673,1252.3876542126673,1252.3876542126673,1.4355201131975244,1.4355201131975244,
recursive_no_target_actual,인천,부동산업,2,2023,baseline,no_prior_positive_route,87574.41224347368,87574.41224347368,86922.45,651.9622434736812,651.9622434736812,651.9622434736812,651.9622434736812,0.750050468519561,0.750050468519561,
recursive_no_target_actual,인천,부동산업,2,2024,baseline,no_prior_positive_route,89819.37023454663,89819.37023454663,85658.06999999999,4161.3002345466375,4161.3002345466375,4161.3002345466375,4161.3002345466375,4.858036416821717,4.858036416821717,
recursive_no_target_actual,인천,부동산업,2,2025,baseline,no_prior_positive_route,89303.33984206717,89303.33984206717,83887.46,5415.8798420671665,5415.8798420671665,5415.8798420671665,5415.8798420671665,6.456125673690878,6.456125673690878,
recursive_no_target_actual,인천,부동산업,3,2021,baseline,no_prior_positive_route,85083.19516024385,85083.19516024385,88211.55,-3128.3548397561535,-3128.3548397561535,3128.3548397561535,3128.3548397561535,3.5464231608628953,3.5464231608628953,
recursive_no_target_actual,인천,부동산업,3,2022,baseline,no_prior_positive_route,86173.5793168891,86173.5793168891,87242.78,-1069.200683110903,-1069.200683110903,1069.200683110903,1069.200683110903,1.2255463238458275,1.2255463238458277,
recursive_no_target_actual,인천,부동산업,3,2023,baseline,no_prior_positive_route,87867.15258816845,87867.15258816845,86922.45,944.7025881684532,944.7025881684532,944.7025881684532,944.7025881684532,1.0868338250572245,1.0868338250572243,
recursive_no_target_actual,인천,부동산업,3,2024,baseline,no_prior_positive_route,89778.16943760826,89778.16943760826,85658.06999999999,4120.099437608267,4120.099437608267,4120.099437608267,4120.099437608267,4.809937274571173,4.809937274571173,
recursive_no_target_actual,인천,부동산업,3,2025,baseline,no_prior_positive_route,89646.52163276276,89646.52163276276,83887.46,5759.06163276275,5759.06163276275,5759.06163276275,5759.06163276275,6.865223518226384,6.865223518226384,
recursive_no_target_actual,인천,부동산업,4,2021,baseline,no_prior_positive_route,84596.46922689112,84596.46922689112,88211.55,-3615.080773108886,-3615.080773108886,3615.080773108886,3615.080773108886,4.098194366960887,4.098194366960887,
recursive_no_target_actual,인천,부동산업,4,2022,baseline,no_prior_positive_route,86470.78190021774,86470.78190021774,87242.78,-771.9980997822568,-771.9980997822568,771.9980997822568,771.9980997822568,0.8848848005327854,0.8848848005327854,
recursive_no_target_actual,인천,부동산업,4,2023,baseline,no_prior_positive_route,88009.57730948259,88009.57730948259,86922.45,1087.1273094825883,1087.1273094825883,1087.1273094825883,1087.1273094825883,1.250686456125648,1.250686456125648,
recursive_no_target_actual,인천,부동산업,4,2024,baseline,no_prior_positive_route,89720.39035756057,89720.39035756057,85658.06999999999,4062.320357560573,4062.320357560573,4062.320357560573,4062.320357560573,4.74248410869002,4.74248410869002,
recursive_no_target_actual,인천,부동산업,4,2025,baseline,no_prior_positive_route,90054.59868466297,90054.59868466297,83887.46,6167.138684662961,6167.138684662961,6167.138684662961,6167.138684662961,7.3516812699573455,7.3516812699573455,
recursive_no_target_actual,인천,사업서비스업,1,2021,baseline,no_prior_positive_route,48182.94248340852,48182.94248340852,52310.71,-4127.767516591477,-4127.767516591477,4127.767516591477,4127.767516591477,7.890865019020918,7.890865019020918,
recursive_no_target_actual,인천,사업서비스업,1,2022,regional_service_production_index_M_N,prior_positive_improvement_1760.710_eok,54001.60470901943,52310.71,52130.880000000005,1870.7247090194287,179.82999999999447,1870.7247090194287,179.82999999999447,3.5885154998715323,0.34495868859300755,0.3449586885930075
recursive_no_target_actual,인천,사업서비스업,1,2023,regional_service_production_index_M_N,prior_positive_improvement_3451.604_eok,54396.0607704424,51815.57225806451,55648.119999999995,-1252.0592295575916,-3832.5477419354793,1252.0592295575916,3832.5477419354793,2.2499578234765014,6.887110906775431,6.887110906775431
recursive_no_target_actual,인천,사업서비스업,1,2024,regional_service_production_index_M_N,prior_positive_improvement_871.116_eok,55820.04223272007,55394.14784989858,57039.5,-1219.4577672799278,-1645.3521501014184,1219.4577672799278,1645.3521501014184,2.1379180520164582,2.8845837535417007,2.8845837535417007
recursive_no_target_actual,인천,사업서비스업,1,2025,regional_service_production_index_M_N,prior_positive_improvement_445.221_eok,53525.52214277201,56022.49414161997,58328.31,-4802.787857227988,-2305.815858380025,4802.787857227988,2305.815858380025,8.234059682558929,3.953167609999373,3.953167609999373
recursive_no_target_actual,인천,사업서비스업,2,2021,baseline,no_prior_positive_route,49746.086652314094,49746.086652314094,52310.71,-2564.623347685905,-2564.623347685905,2564.623347685905,2564.623347685905,4.902673558982291,4.902673558982291,
recursive_no_target_actual,인천,사업서비스업,2,2022,regional_service_production_index_M_N,prior_positive_improvement_1063.019_eok,54076.783330294595,52084.093205776175,52130.880000000005,1945.90333029459,-46.78679422382993,1945.90333029459,46.78679422382993,3.732726802798245,0.08974871366804076,0.0897487136680407
recursive_no_target_actual,인천,사업서비스업,2,2023,regional_service_production_index_M_N,prior_positive_improvement_2962.135_eok,54484.54168107946,52748.335431472085,55648.119999999995,-1163.5783189205322,-2899.78456852791,1163.5783189205322,2899.78456852791,2.090957104966946,5.210929980254337,5.210929980254337
recursive_no_target_actual,인천,사업서비스업,2,2024,regional_service_production_index_M_N,prior_positive_improvement_1225.929_eok,55380.446297574694,54664.37397037745,57039.5,-1659.0537024253065,-2375.126029622552,1659.0537024253065,2375.126029622552,2.908604918390425,4.164002190802079,4.164002190802079
recursive_no_target_actual,인천,사업서비스업,2,2025,regional_service_production_index_M_N,prior_positive_improvement_509.857_eok,53663.73529959153,58967.63484922179,58328.31,-4664.57470040847,639.3248492217899,4664.57470040847,639.3248492217899,7.997102436892943,1.0960798439416295,1.0960798439416295
recursive_no_target_actual,인천,사업서비스업,3,2021,baseline,no_prior_positive_route,49649.452894889226,49649.452894889226,52310.71,-2661.2571051107734,-2661.2571051107734,2661.2571051107734,2661.2571051107734,5.087403908512757,5.087403908512757,
recursive_no_target_actual,인천,사업서비스업,3,2022,regional_service_production_index_M_N,prior_positive_improvement_868.463_eok,53634.33798640231,52827.61424901186,52130.880000000005,1503.4579864023035,696.7342490118535,1503.4579864023035,696.7342490118535,2.88400653586186,1.3365096637767355,1.3365096637767355
recursive_no_target_actual,인천,사업서비스업,3,2023,regional_service_production_index_M_N,prior_positive_improvement_1675.187_eok,54663.97187545665,51671.80180039138,55648.119999999995,-984.148124543346,-3976.318199608613,984.148124543346,3976.318199608613,1.768519986916622,7.1454672675529975,7.1454672675529975
recursive_no_target_actual,인천,사업서비스업,3,2024,baseline,no_prior_positive_route,55150.33187867446,55150.33187867446,57039.5,-1889.168121325543,-1889.168121325543,1889.168121325543,1889.168121325543,3.312034855364341,3.312034855364341,
recursive_no_target_actual,인천,사업서비스업,3,2025,baseline,no_prior_positive_route,54262.03511985832,54262.03511985832,58328.31,-4066.274880141674,-4066.274880141674,4066.274880141674,4066.274880141674,6.971357270837565,6.971357270837565,
recursive_no_target_actual,인천,사업서비스업,4,2021,baseline,no_prior_positive_route,49662.42353108639,49662.42353108639,52310.71,-2648.2864689136113,-2648.2864689136113,2648.2864689136113,2648.2864689136113,5.0626085344924805,5.0626085344924805,
recursive_no_target_actual,인천,사업서비스업,4,2022,regional_service_production_index_M_N,prior_positive_improvement_432.979_eok,53672.264876088666,53026.85711160005,52130.880000000005,1541.3848760886613,895.9771116000484,1541.3848760886613,895.9771116000484,2.9567597479433707,1.7187070534778013,1.7187070534778013
recursive_no_target_actual,인천,사업서비스업,4,2023,regional_service_production_index_M_N,prior_positive_improvement_1078.387_eok,54725.19951706701,51577.70051850959,55648.119999999995,-922.9204829329828,-4070.419481490404,922.9204829329828,4070.419481490404,1.658493553660003,7.314567826353172,7.314567826353172
recursive_no_target_actual,인천,사업서비스업,4,2024,baseline,no_prior_positive_route,54508.98530004277,54508.98530004277,57039.5,-2530.5146999572316,-2530.5146999572316,2530.5146999572316,2530.5146999572316,4.436425108840771,4.436425108840771,
recursive_no_target_actual,인천,사업서비스업,4,2025,baseline,no_prior_positive_route,54479.08719188487,54479.08719188487,58328.31,-3849.222808115126,-3849.222808115126,3849.222808115126,3849.222808115126,6.599235959545418,6.599235959545418,
recursive_no_target_actual,인천,서비스업,1,2021,baseline,no_prior_positive_route,553652.209611491,553652.209611491,560661.29,-7009.080388509086,-7009.080388509086,7009.080388509086,7009.080388509086,1.2501452326963909,1.2501452326963907,
recursive_no_target_actual,인천,서비스업,1,2022,baseline,no_prior_positive_route,582524.0363779805,582524.0363779805,614421.52,-31897.48362201953,-31897.48362201953,31897.48362201953,31897.48362201953,5.191465888437555,5.191465888437555,
recursive_no_target_actual,인천,서비스업,1,2023,baseline,no_prior_positive_route,631339.9282386574,631339.9282386574,680302.39,-48962.461761342594,-48962.461761342594,48962.461761342594,48962.461761342594,7.19716150950794,7.19716150950794,
recursive_no_target_actual,인천,서비스업,1,2024,regional_service_production_index_T,prior_positive_improvement_17277.590_eok,645609.2127768808,723299.8570735931,696983.11,-51373.89722311916,26316.747073593084,51373.89722311916,26316.747073593084,7.3708955763819235,3.7758084372508085,3.775808437250809
recursive_no_target_actual,인천,서비스업,1,2025,regional_service_production_index_T,prior_positive_improvement_42334.740_eok,648646.6894546204,702091.2924022801,704146.01,-55499.320545379655,-2054.717597719864,55499.320545379655,2054.717597719864,7.881791525791597,0.2918027750693161,0.2918027750693161
recursive_no_target_actual,인천,서비스업,2,2021,baseline,no_prior_positive_route,564882.179494369,564882.179494369,560661.29,4220.889494368923,4220.889494368923,4220.889494368923,4220.889494368923,0.7528412554340825,0.7528412554340825,
recursive_no_target_actual,인천,서비스업,2,2022,baseline,no_prior_positive_route,584401.0322681825,584401.0322681825,614421.52,-30020.487731817528,-30020.487731817528,30020.487731817528,30020.487731817528,4.885975955369781,4.885975955369781,
recursive_no_target_actual,인천,서비스업,2,2023,regional_service_production_index_T,prior_positive_improvement_7673.375_eok,632986.6090920657,670123.7930971008,680302.39,-47315.7809079343,-10178.596902899211,47315.7809079343,10178.596902899211,6.95511019855954,1.4961871444989647,1.4961871444989647
recursive_no_target_actual,인천,서비스업,2,2024,regional_service_production_index_T,prior_positive_improvement_44810.559_eok,648571.1807918041,715896.270320675,696983.11,-48411.929208195885,18913.160320675,48411.929208195885,18913.160320675,6.945925735301661,2.713575128194283,2.713575128194283
recursive_no_target_actual,인천,서비스업,2,2025,regional_service_production_index_T,prior_positive_improvement_74309.328_eok,654628.0489500121,713471.4834923819,704146.01,-49517.961049987935,9325.47349238186,49517.961049987935,9325.47349238186,7.032342773622751,1.3243664467234373,1.3243664467234375
recursive_no_target_actual,인천,서비스업,3,2021,baseline,no_prior_positive_route,567363.2851240771,567363.2851240771,560661.29,6701.995124077075,6701.995124077075,6701.995124077075,6701.995124077075,1.1953732571901077,1.1953732571901075,
recursive_no_target_actual,인천,서비스업,3,2022,baseline,no_prior_positive_route,586216.5072999886,586216.5072999886,614421.52,-28205.01270001137,-28205.01270001137,28205.01270001137,28205.01270001137,4.59049883213911,4.59049883213911,
recursive_no_target_actual,인천,서비스업,3,2023,regional_service_production_index_T,prior_positive_improvement_16537.110_eok,634852.2883503847,665423.1258706768,680302.39,-45450.10164961533,-14879.264129323186,45450.10164961533,14879.264129323186,6.680867555031717,2.187154469547459,2.187154469547459
recursive_no_target_actual,인천,서비스업,3,2024,regional_service_production_index_T,prior_positive_improvement_47107.947_eok,650525.6686662954,711096.41653985,696983.11,-46457.44133370463,14113.30653984996,46457.44133370463,14113.30653984996,6.665504610822583,2.024913708432613,2.024913708432613
recursive_no_target_actual,인천,서비스업,3,2025,regional_service_production_index_T,prior_positive_improvement_79452.082_eok,659595.2325115013,714018.8289479278,704146.01,-44550.77748849872,9872.818947927792,44550.77748849872,9872.818947927792,6.326923231234203,1.4020982591277895,1.40209825912779
recursive_no_target_actual,인천,서비스업,4,2021,baseline,no_prior_positive_route,568465.9166497674,568465.9166497674,560661.29,7804.626649767393,7804.626649767393,7804.626649767393,7804.626649767393,1.3920395056643544,1.3920395056643544,
recursive_no_target_actual,인천,서비스업,4,2022,regional_service_production_index_T,prior_positive_improvement_2277.712_eok,585460.8893810512,618263.4773287673,614421.52,-28960.63061894884,3841.957328767283,28960.63061894884,3841.957328767283,4.713479211950265,0.6252966739783598,0.6252966739783598
recursive_no_target_actual,인천,서비스업,4,2023,regional_service_production_index_T,prior_positive_improvement_27396.385_eok,632361.258368386,660216.9127950311,680302.39,-47941.13163161406,-20085.47720496892,47941.13163161406,20085.47720496892,7.0470326631682205,2.9524337265622305,2.9524337265622305
recursive_no_target_actual,인천,서비스업,4,2024,regional_service_production_index_T,prior_positive_improvement_55252.039_eok,649144.0805446475,708250.4031317092,696983.11,-47839.02945535246,11267.293131709215,47839.02945535246,11267.293131709215,6.863728656975986,1.6165805125047026,1.6165805125047026
recursive_no_target_actual,인천,서비스업,4,2025,regional_service_production_index_T,prior_positive_improvement_91823.776_eok,660361.9523592454,720893.0996946263,704146.01,-43784.05764075462,16747.08969462628,43784.05764075462,16747.08969462628,6.218036745071469,2.378354695871426,2.378354695871426
recursive_no_target_actual,인천,숙박 및 음식점업,1,2021,baseline,no_prior_positive_route,17741.49641342027,17741.49641342027,21013.85,-3272.3535865797276,-3272.3535865797276,3272.3535865797276,3272.3535865797276,15.572365780567235,15.572365780567235,
recursive_no_target_actual,인천,숙박 및 음식점업,1,2022,regional_service_production_index_I,prior_positive_improvement_551.867_eok,22991.49733935304,24371.235229885056,24037.74,-1046.2426606469598,333.49522988505487,1046.2426606469598,333.49522988505487,4.3525001129347425,1.3873817999739362,1.3873817999739362
recursive_no_target_actual,인천,숙박 및 음식점업,1,2023,regional_service_production_index_I,prior_positive_improvement_1264.614_eok,27509.64444609886,24990.6732011893,22967.16,4542.484446098861,2023.5132011893,4542.484446098861,2023.5132011893,19.77817216451168,8.810463292759312,8.810463292759314
recursive_no_target_actual,인천,숙박 및 음식점업,1,2024,regional_service_production_index_I,prior_positive_improvement_3783.585_eok,23892.87943580969,21938.12613918017,22964.49,928.389435809684,-1026.3638608198307,928.389435809684,1026.3638608198307,4.042717412011693,4.469351859413514,4.469351859413514
recursive_no_target_actual,인천,숙박 및 음식점업,1,2025,regional_service_production_index_I,prior_positive_improvement_3685.611_eok,22562.565261159332,22506.116946107784,22645.5,-82.9347388406677,-139.38305389221568,82.9347388406677,139.38305389221568,0.3662305484121247,0.615500006147869,0.615500006147869
recursive_no_target_actual,인천,숙박 및 음식점업,2,2021,baseline,no_prior_positive_route,19321.817305095305,19321.817305095305,21013.85,-1692.032694904694,-1692.032694904694,1692.032694904694,1692.032694904694,8.051988069319492,8.051988069319492,
recursive_no_target_actual,인천,숙박 및 음식점업,2,2022,regional_service_production_index_I,prior_positive_improvement_323.982_eok,23832.315413263197,24475.217428267795,24037.74,-205.42458673680449,437.4774282677936,205.42458673680449,437.4774282677936,0.8545919322565453,1.819960729535279,1.819960729535279
recursive_no_target_actual,인천,숙박 및 음식점업,2,2023,regional_service_production_index_I,prior_positive_improvement_91.929_eok,24963.947156892325,23423.637153284675,22967.16,1996.7871568923256,456.4771532846753,1996.7871568923256,456.4771532846753,8.694096949262885,1.9875211096394823,1.9875211096394825
recursive_no_target_actual,인천,숙박 및 음식점업,2,2024,regional_service_production_index_I,prior_positive_improvement_1632.239_eok,23767.50932737974,22235.995730337076,22964.49,803.0193273797377,-728.494269662926,803.0193273797377,728.494269662926,3.496787115149248,3.172264089744322,3.172264089744322
recursive_no_target_actual,인천,숙박 및 음식점업,2,2025,regional_service_production_index_I,prior_positive_improvement_1706.764_eok,22753.199389268462,22442.569772727275,22645.5,107.69938926846226,-202.93022727272543,107.69938926846226,202.93022727272543,0.4755884801327515,0.8961172297927863,0.8961172297927864
recursive_no_target_actual,인천,숙박 및 음식점업,3,2021,baseline,no_prior_positive_route,20242.704174960218,20242.704174960218,21013.85,-771.1458250397845,-771.1458250397845,771.1458250397845,771.1458250397845,3.6697027200621712,3.6697027200621712,
recursive_no_target_actual,인천,숙박 및 음식점업,3,2022,baseline,no_prior_positive_route,24374.912922077823,24374.912922077823,24037.74,337.17292207782157,337.17292207782157,337.17292207782157,337.17292207782157,1.4026814587304028,1.4026814587304028,
recursive_no_target_actual,인천,숙박 및 음식점업,3,2023,baseline,no_prior_positive_route,24060.82480450486,24060.82480450486,22967.16,1093.6648045048605,1093.6648045048605,1093.6648045048605,1093.6648045048605,4.761863480312152,4.761863480312152,
recursive_no_target_actual,인천,숙박 및 음식점업,3,2024,regional_service_production_index_I,prior_positive_improvement_120.968_eok,23536.01923766383,22232.724271965228,22964.49,571.5292376638281,-731.7657280347739,571.5292376638281,731.7657280347739,2.4887521458731636,3.1865098159583507,3.1865098159583507
recursive_no_target_actual,인천,숙박 및 음식점업,3,2025,baseline,no_prior_positive_route,23099.927503916948,23099.927503916948,22645.5,454.4275039169479,454.4275039169479,454.4275039169479,454.4275039169479,2.0067011278927285,2.0067011278927285,
recursive_no_target_actual,인천,숙박 및 음식점업,4,2021,baseline,no_prior_positive_route,21708.413756120968,21708.413756120968,21013.85,694.5637561209696,694.5637561209696,694.5637561209696,694.5637561209696,3.3052665557285774,3.3052665557285774,
recursive_no_target_actual,인천,숙박 및 음식점업,4,2022,regional_service_production_index_I,prior_positive_improvement_348.366_eok,23915.81383577635,23918.62876712329,24037.74,-121.92616422365244,-119.1112328767158,121.92616422365244,119.1112328767158,0.5072280681280872,0.495517602223486,0.495517602223486
recursive_no_target_actual,인천,숙박 및 음식점업,4,2023,regional_service_production_index_I,prior_positive_improvement_351.180_eok,23693.680272282083,22586.007781181623,22967.16,726.5202722820832,-381.1522188183735,726.5202722820832,381.1522188183735,3.1633004354133605,1.6595531133077557,1.6595531133077557
recursive_no_target_actual,인천,숙박 및 음식점업,4,2024,regional_service_production_index_I,prior_positive_improvement_696.548_eok,23337.52275327706,22453.688327899396,22964.49,373.03275327705705,-510.8016721006061,373.03275327705705,510.8016721006061,1.624389452049913,2.2243109779516375,2.2243109779516375
recursive_no_target_actual,인천,숙박 및 음식점업,4,2025,regional_service_production_index_I,prior_positive_improvement_558.780_eok,23197.536472102445,22504.981386374464,22645.5,552.0364721024453,-140.5186136255361,552.0364721024453,140.5186136255361,2.4377314349537227,0.6205145111635252,0.6205145111635252
recursive_no_target_actual,인천,운수 및 창고업,1,2021,baseline,no_prior_positive_route,76955.12747890454,76955.12747890454,74372.88,2582.2474789045373,2582.2474789045373,2582.2474789045373,2582.2474789045373,3.4720283507974106,3.4720283507974106,
recursive_no_target_actual,인천,운수 및 창고업,1,2022,baseline,no_prior_positive_route,79878.50494297744,79878.50494297744,105023.27,-25144.765057022567,-25144.765057022567,25144.765057022567,25144.765057022567,23.942089269380553,23.942089269380553,
recursive_no_target_actual,인천,운수 및 창고업,1,2023,baseline,no_prior_positive_route,114992.720272361,114992.720272361,155085.44,-40092.71972763901,-40092.71972763901,40092.71972763901,40092.71972763901,25.85202049118151,25.85202049118151,
recursive_no_target_actual,인천,운수 및 창고업,1,2024,regional_service_production_index_H,prior_positive_improvement_21606.752_eok,143052.45928084833,187020.7970526316,165626.9,-22574.440719151666,21393.897052631597,22574.440719151666,21393.897052631597,13.629694644500178,12.916921739543275,12.916921739543277
recursive_no_target_actual,인천,운수 및 창고업,1,2025,regional_service_production_index_H,prior_positive_improvement_22787.296_eok,137109.8505000909,167976.21773049646,162828.99,-25719.1394999091,5147.227730496466,25719.1394999091,5147.227730496466,15.795184567507972,3.1611248896750306,3.1611248896750306
recursive_no_target_actual,인천,운수 및 창고업,2,2021,baseline,no_prior_positive_route,84418.26424916215,84418.26424916215,74372.88,10045.384249162147,10045.384249162147,10045.384249162147,10045.384249162147,13.506783990565038,13.506783990565038,
recursive_no_target_actual,인천,운수 및 창고업,2,2022,regional_service_production_index_H,prior_positive_improvement_2753.360_eok,81259.77095351303,87004.4643809524,105023.27,-23763.499046486977,-18018.805619047605,23763.499046486977,18018.805619047605,22.626889304138956,17.156964946004447,17.156964946004447
recursive_no_target_actual,인천,운수 및 창고업,2,2023,regional_service_production_index_H,prior_positive_improvement_8498.053_eok,120870.05968795498,154423.63218905474,155085.44,-34215.38031204502,-661.8078109452617,34215.38031204502,661.8078109452617,22.062277614226726,0.4267375525034856,0.4267375525034856
recursive_no_target_actual,인천,운수 및 창고업,2,2024,regional_service_production_index_H,prior_positive_improvement_42051.626_eok,135758.749529778,176504.4995386035,165626.9,-29868.150470221997,10877.599538603508,29868.150470221997,10877.599538603508,18.033393410262462,6.567531927847173,6.567531927847171
recursive_no_target_actual,인천,운수 및 창고업,2,2025,regional_service_production_index_H,prior_positive_improvement_61042.176_eok,136750.51462558185,167283.16900000002,162828.99,-26078.475374418136,4454.179000000033,26078.475374418136,4454.179000000033,16.01586755185188,2.7354950736966637,2.7354950736966637
recursive_no_target_actual,인천,운수 및 창고업,3,2021,baseline,no_prior_positive_route,85065.85853739185,85065.85853739185,74372.88,10692.978537391842,10692.978537391842,10692.978537391842,10692.978537391842,14.377523819693202,14.377523819693202,
recursive_no_target_actual,인천,운수 및 창고업,3,2022,regional_service_production_index_H,prior_positive_improvement_9238.617_eok,82905.98943476484,90100.66250172773,105023.27,-22117.280565235167,-14922.607498272278,22117.280565235167,14922.607498272278,21.059409562504737,14.208858187592405,14.208858187592403
recursive_no_target_actual,인천,운수 및 창고업,3,2023,regional_service_production_index_H,prior_positive_improvement_16433.290_eok,121677.27887420006,153251.29758128923,155085.44,-33408.16112579995,-1834.1424187107768,33408.16112579995,1834.1424187107768,21.54177795529996,1.1826657735960107,1.1826657735960109
recursive_no_target_actual,인천,운수 및 창고업,3,2024,regional_service_production_index_H,prior_positive_improvement_48007.308_eok,134100.2803376646,168575.08440969506,165626.9,-31526.619662335404,2948.1844096950663,31526.619662335404,2948.1844096950663,19.03472181290322,1.7800154502046868,1.7800154502046868
recursive_no_target_actual,인천,운수 및 창고업,3,2025,regional_service_production_index_H,prior_positive_improvement_76585.744_eok,136151.30877329592,167771.32308937242,162828.99,-26677.681226704062,4942.333089372434,26677.681226704062,4942.333089372434,16.383864584988256,3.035290637970815,3.035290637970815
recursive_no_target_actual,인천,운수 및 창고업,4,2021,baseline,no_prior_positive_route,85702.90119871909,85702.90119871909,74372.88,11330.021198719083,11330.021198719083,11330.021198719083,11330.021198719083,15.234076183037532,15.234076183037528,
recursive_no_target_actual,인천,운수 및 창고업,4,2022,regional_service_production_index_H,prior_positive_improvement_9405.388_eok,83888.09768648849,92386.68118571068,105023.27,-21135.172313511517,-12636.588814289324,21135.172313511517,12636.588814289324,20.124275613882062,12.032179929542588,12.032179929542588
recursive_no_target_actual,인천,운수 및 창고업,4,2023,regional_service_production_index_H,prior_positive_improvement_17903.971_eok,121438.37120905884,150348.42588823172,155085.44,-33647.06879094115,-4737.01411176828,33647.06879094115,4737.01411176828,21.69582701699215,3.0544544425113536,3.0544544425113536
recursive_no_target_actual,인천,운수 및 창고업,4,2024,regional_service_production_index_H,prior_positive_improvement_46814.026_eok,132501.79708822185,166685.36249608206,165626.9,-33125.10291177814,1058.4624960820656,33125.10291177814,1058.4624960820656,19.99983270337013,0.6390643645941967,0.6390643645941967
recursive_no_target_actual,인천,운수 및 창고업,4,2025,regional_service_production_index_H,prior_positive_improvement_78880.666_eok,135470.62380696164,166263.58877253445,162828.99,-27358.366193038353,3434.5987725344603,27358.366193038353,3434.5987725344603,16.801901303347982,2.1093287949120487,2.1093287949120487
recursive_no_target_actual,인천,정보통신업,1,2021,baseline,no_prior_positive_route,17801.9504273313,17801.9504273313,18675.84,-873.8895726687006,-873.8895726687006,873.8895726687006,873.8895726687006,4.679251764143945,4.679251764143945,
recursive_no_target_actual,인천,정보통신업,1,2022,baseline,no_prior_positive_route,19259.06168445883,19259.06168445883,19311.879999999997,-52.818315541167976,-52.818315541167976,52.818315541167976,52.818315541167976,0.2735016763834902,0.27350167638349027,
recursive_no_target_actual,인천,정보통신업,1,2023,baseline,no_prior_positive_route,20550.446319642364,20550.446319642364,18172.53,2377.916319642365,2377.916319642365,2377.916319642365,2377.916319642365,13.085224344889596,13.085224344889596,
recursive_no_target_actual,인천,정보통신업,1,2024,baseline,no_prior_positive_route,20601.22999272575,20601.22999272575,18110.51,2490.7199927257534,2490.7199927257534,2490.7199927257534,2490.7199927257534,13.752898138847296,13.752898138847296,
recursive_no_target_actual,인천,정보통신업,1,2025,regional_service_production_index_J,prior_positive_improvement_113.059_eok,20401.95391310182,17090.199577464788,16664.08,3737.873913101819,426.11957746478583,3737.873913101819,426.11957746478583,22.43072472708856,2.557114328932565,2.557114328932565
recursive_no_target_actual,인천,정보통신업,2,2021,baseline,no_prior_positive_route,18040.097997890327,18040.097997890327,18675.84,-635.7420021096732,-635.7420021096732,635.7420021096732,635.7420021096732,3.404087859553697,3.404087859553697,
recursive_no_target_actual,인천,정보통신업,2,2022,baseline,no_prior_positive_route,19354.14843385161,19354.14843385161,19311.879999999997,42.26843385160828,42.26843385160828,42.26843385160828,42.26843385160828,0.2188727034944722,0.21887270349447221,
recursive_no_target_actual,인천,정보통신업,2,2023,baseline,no_prior_positive_route,20004.969686561355,20004.969686561355,18172.53,1832.439686561356,1832.439686561356,1832.439686561356,1832.439686561356,10.083569467549957,10.083569467549957,
recursive_no_target_actual,인천,정보통신업,2,2024,baseline,no_prior_positive_route,20323.33866825435,20323.33866825435,18110.51,2212.828668254351,2212.828668254351,2212.828668254351,2212.828668254351,12.218477934935857,12.218477934935855,
recursive_no_target_actual,인천,정보통신업,2,2025,regional_service_production_index_J,prior_positive_improvement_136.363_eok,20604.113223369644,16797.214288272153,16664.08,3940.033223369642,133.13428827215105,3940.033223369642,133.13428827215105,23.64386886866627,0.7989297235259974,0.7989297235259972
recursive_no_target_actual,인천,정보통신업,3,2021,baseline,no_prior_positive_route,18359.35516056449,18359.35516056449,18675.84,-316.48483943551037,-316.48483943551037,316.48483943551037,316.48483943551037,1.694621711449179,1.694621711449179,
recursive_no_target_actual,인천,정보통신업,3,2022,baseline,no_prior_positive_route,19304.11661016114,19304.11661016114,19311.879999999997,-7.763389838855801,-7.763389838855801,7.763389838855801,7.763389838855801,0.0402000729025646,0.04020007290256465,
recursive_no_target_actual,인천,정보통신업,3,2023,baseline,no_prior_positive_route,20036.061937122857,20036.061937122857,18172.53,1863.531937122858,1863.531937122858,1863.531937122858,1863.531937122858,10.25466424940753,10.25466424940753,
recursive_no_target_actual,인천,정보통신업,3,2024,regional_service_production_index_J,prior_positive_improvement_1.075_eok,20230.96456107463,20444.834011042545,18110.51,2120.454561074632,2334.3240110425468,2120.454561074632,2334.3240110425468,11.708419923429169,12.88933338179072,12.88933338179072
recursive_no_target_actual,인천,정보통신업,3,2025,baseline,no_prior_positive_route,20611.05263851928,20611.05263851928,16664.08,3946.972638519277,3946.972638519277,3946.972638519277,3946.972638519277,23.68551182255052,23.68551182255052,
recursive_no_target_actual,인천,정보통신업,4,2021,baseline,no_prior_positive_route,18512.362510839237,18512.362510839237,18675.84,-163.47748916076307,-163.47748916076307,163.47748916076307,163.47748916076307,0.8753420952458528,0.8753420952458528,
recursive_no_target_actual,인천,정보통신업,4,2022,baseline,no_prior_positive_route,19110.844475803693,19110.844475803693,19311.879999999997,-201.03552419630432,-201.03552419630432,201.03552419630432,201.03552419630432,1.0409940627028769,1.0409940627028769,
recursive_no_target_actual,인천,정보통신업,4,2023,baseline,no_prior_positive_route,20098.777431091523,20098.777431091523,18172.53,1926.247431091524,1926.247431091524,1926.247431091524,1926.247431091524,10.599775766453677,10.599775766453675,
recursive_no_target_actual,인천,정보통신업,4,2024,regional_service_production_index_J,prior_positive_improvement_1129.513_eok,20191.528579305843,19725.848635714283,18110.51,2081.0185793058445,1615.3386357142845,2081.0185793058445,1615.3386357142845,11.490668011590202,8.919343716517561,8.919343716517561
recursive_no_target_actual,인천,정보통신업,4,2025,regional_service_production_index_J,prior_positive_improvement_1595.193_eok,20610.98243814007,16469.878144329894,16664.08,3946.902438140067,-194.20185567010776,3946.902438140067,194.20185567010776,23.685090554894515,1.1653920028594902,1.1653920028594902
recursive_no_target_actual,충북,건설업,1,2021,baseline,no_prior_positive_route,37800.763657912015,37800.763657912015,38452.119999999995,-651.35634208798,-651.35634208798,651.35634208798,651.35634208798,1.693941301774727,1.693941301774727,
recursive_no_target_actual,충북,건설업,1,2022,baseline,no_prior_positive_route,38456.21893491662,38456.21893491662,44883.57,-6427.351065083378,-6427.351065083378,6427.351065083378,6427.351065083378,14.320053117618269,14.320053117618267,
recursive_no_target_actual,충북,건설업,1,2023,baseline,no_prior_positive_route,45867.186850302365,45867.186850302365,44923.93,943.2568503023648,943.2568503023648,943.2568503023648,943.2568503023648,2.099675719159844,2.0996757191598436,
recursive_no_target_actual,충북,건설업,1,2024,baseline,no_prior_positive_route,46196.58741342073,46196.58741342073,46546.03,-349.4425865792655,-349.4425865792655,349.4425865792655,349.4425865792655,0.7507462754165404,0.7507462754165404,
recursive_no_target_actual,충북,건설업,1,2025,baseline,no_prior_positive_route,37940.46573531215,37940.46573531215,43703.439999999995,-5762.974264687844,-5762.974264687844,5762.974264687844,5762.974264687844,13.186546104123256,13.186546104123256,
recursive_no_target_actual,충북,건설업,2,2021,baseline,no_prior_positive_route,37828.68409117423,37828.68409117423,38452.119999999995,-623.4359088257625,-623.4359088257625,623.4359088257625,623.4359088257625,1.621330394333947,1.621330394333947,
recursive_no_target_actual,충북,건설업,2,2022,baseline,no_prior_positive_route,38260.05989419426,38260.05989419426,44883.57,-6623.510105805741,-6623.510105805741,6623.510105805741,6623.510105805741,14.757092864506411,14.757092864506413,
recursive_no_target_actual,충북,건설업,2,2023,baseline,no_prior_positive_route,45324.63522700219,45324.63522700219,44923.93,400.7052270021886,400.7052270021886,400.7052270021886,400.7052270021886,0.8919638753826493,0.8919638753826493,
recursive_no_target_actual,충북,건설업,2,2024,baseline,no_prior_positive_route,45067.34117744826,45067.34117744826,46546.03,-1478.6888225517396,-1478.6888225517396,1478.6888225517396,1478.6888225517396,3.1768312411428847,3.1768312411428847,
recursive_no_target_actual,충북,건설업,2,2025,baseline,no_prior_positive_route,38403.770234266165,38403.770234266165,43703.439999999995,-5299.66976573383,-5299.66976573383,5299.66976573383,5299.66976573383,12.126436192972063,12.126436192972065,
recursive_no_target_actual,충북,건설업,3,2021,baseline,no_prior_positive_route,38059.6709245212,38059.6709245212,38452.119999999995,-392.4490754787985,-392.4490754787985,392.4490754787985,392.4490754787985,1.0206175250644138,1.0206175250644138,
recursive_no_target_actual,충북,건설업,3,2022,baseline,no_prior_positive_route,38620.09040394731,38620.09040394731,44883.57,-6263.47959605269,-6263.47959605269,6263.47959605269,6263.47959605269,13.954949653186432,13.954949653186432,
recursive_no_target_actual,충북,건설업,3,2023,baseline,no_prior_positive_route,45297.270104534175,45297.270104534175,44923.93,373.3401045341743,373.3401045341743,373.3401045341743,373.3401045341743,0.8310495197863907,0.8310495197863907,
recursive_no_target_actual,충북,건설업,3,2024,baseline,no_prior_positive_route,43903.53213045867,43903.53213045867,46546.03,-2642.49786954133,-2642.49786954133,2642.49786954133,2642.49786954133,5.677171328126867,5.677171328126867,
recursive_no_target_actual,충북,건설업,3,2025,baseline,no_prior_positive_route,39041.92982286607,39041.92982286607,43703.439999999995,-4661.510177133925,-4661.510177133925,4661.510177133925,4661.510177133925,10.66623171341644,10.666231713416439,
recursive_no_target_actual,충북,건설업,4,2021,baseline,no_prior_positive_route,38406.69346779874,38406.69346779874,38452.119999999995,-45.42653220125794,-45.42653220125794,45.42653220125794,45.42653220125794,0.1181379133354882,0.11813791333548827,
recursive_no_target_actual,충북,건설업,4,2022,baseline,no_prior_positive_route,38833.30454593456,38833.30454593456,44883.57,-6050.26545406544,-6050.26545406544,6050.26545406544,6050.26545406544,13.479911366376248,13.479911366376248,
recursive_no_target_actual,충북,건설업,4,2023,baseline,no_prior_positive_route,44625.78226547755,44625.78226547755,44923.93,-298.14773452244845,-298.14773452244845,298.14773452244845,298.14773452244845,0.6636724225205775,0.6636724225205775,
recursive_no_target_actual,충북,건설업,4,2024,baseline,no_prior_positive_route,43267.35196912524,43267.35196912524,46546.03,-3278.678030874762,-3278.678030874762,3278.678030874762,3278.678030874762,7.043947745650407,7.043947745650407,
recursive_no_target_actual,충북,건설업,4,2025,baseline,no_prior_positive_route,39291.805496052286,39291.805496052286,43703.439999999995,-4411.634503947709,-4411.634503947709,4411.634503947709,4411.634503947709,10.094478841820482,10.094478841820482,
recursive_no_target_actual,충북,"광업, 제조업",1,2021,baseline,no_prior_positive_route,354380.4489165593,354380.4489165593,367467.87,-13087.421083440711,-13087.421083440711,13087.421083440711,13087.421083440711,3.561514394017826,3.5615143940178258,
recursive_no_target_actual,충북,"광업, 제조업",1,2022,baseline,no_prior_positive_route,383067.21603307704,383067.21603307704,381258.56,1808.6560330770444,1808.6560330770444,1808.6560330770444,1808.6560330770444,0.4743909312034973,0.4743909312034973,
recursive_no_target_actual,충북,"광업, 제조업",1,2024,baseline,no_prior_positive_route,414460.8731398434,414460.8731398434,341791.63,72669.2431398434,72669.2431398434,72669.2431398434,72669.2431398434,21.26127054072196,21.26127054072196,
recursive_no_target_actual,충북,"광업, 제조업",1,2025,regional_manufacturing_production_index,prior_positive_improvement_53687.277_eok,405165.6368589553,352820.83429474384,370075.14,35090.4968589553,-17254.305705256178,35090.4968589553,17254.305705256178,9.481992456709008,4.662379025312583,4.662379025312583
recursive_no_target_actual,충북,"광업, 제조업",2,2021,baseline,no_prior_positive_route,369379.0286372286,369379.0286372286,367467.87,1911.1586372285965,1911.1586372285965,1911.1586372285965,1911.1586372285965,0.5200886371993819,0.5200886371993819,
recursive_no_target_actual,충북,"광업, 제조업",2,2022,baseline,no_prior_positive_route,382026.39042275975,382026.39042275975,381258.56,767.8304227597546,767.8304227597546,767.8304227597546,767.8304227597546,0.201393621892648,0.20139362189264803,
recursive_no_target_actual,충북,"광업, 제조업",2,2024,baseline,no_prior_positive_route,408997.7348275485,408997.7348275485,341791.63,67206.1048275485,67206.1048275485,67206.1048275485,67206.1048275485,19.66288783243419,19.66288783243419,
recursive_no_target_actual,충북,"광업, 제조업",2,2025,regional_manufacturing_production_index,prior_positive_improvement_20279.981_eok,409185.3690252963,300884.9817386382,370075.14,39110.229025296285,-69190.15826136182,39110.229025296285,69190.15826136182,10.568185970367068,18.696245919507543,18.696245919507543
recursive_no_target_actual,충북,"광업, 제조업",3,2021,baseline,no_prior_positive_route,366063.0853382388,366063.0853382388,367467.87,-1404.784661761194,-1404.784661761194,1404.784661761194,1404.784661761194,0.3822877526030219,0.3822877526030219,
recursive_no_target_actual,충북,"광업, 제조업",3,2022,baseline,no_prior_positive_route,382172.1515067792,382172.1515067792,381258.56,913.591506779194,913.591506779194,913.591506779194,913.591506779194,0.239625178980688,0.23962517898068808,
recursive_no_target_actual,충북,"광업, 제조업",3,2024,baseline,no_prior_positive_route,405783.617537315,405783.617537315,341791.63,63991.987537315,63991.987537315,63991.987537315,63991.987537315,18.72251451485661,18.72251451485661,
recursive_no_target_actual,충북,"광업, 제조업",3,2025,regional_manufacturing_production_index,prior_positive_improvement_34735.706_eok,412140.2566838502,202104.49126453017,370075.14,42065.11668385018,-167970.64873546988,42065.11668385018,167970.64873546988,11.366642105127672,45.38825513528681,45.38825513528681
recursive_no_target_actual,충북,"광업, 제조업",4,2021,baseline,no_prior_positive_route,360444.8101335303,360444.8101335303,367467.87,-7023.0598664696445,-7023.0598664696445,7023.0598664696445,7023.0598664696445,1.9112037921763456,1.9112037921763458,
recursive_no_target_actual,충북,"광업, 제조업",4,2022,baseline,no_prior_positive_route,376365.2607972396,376365.2607972396,381258.56,-4893.2992027603905,-4893.2992027603905,4893.2992027603905,4893.2992027603905,1.2834594986563423,1.2834594986563423,
recursive_no_target_actual,충북,"광업, 제조업",4,2024,baseline,no_prior_positive_route,403069.21875134535,403069.21875134535,341791.63,61277.58875134535,61277.58875134535,61277.58875134535,61277.58875134535,17.92834679753432,17.92834679753432,
recursive_no_target_actual,충북,"광업, 제조업",4,2025,regional_manufacturing_production_index,prior_positive_improvement_40843.018_eok,411950.22088747006,150418.16317027813,370075.14,41875.080887470045,-219656.97682972188,41875.080887470045,219656.97682972188,11.315291507413884,59.35469667855071,59.35469667855071
recursive_no_target_actual,충북,교육 서비스업,1,2021,baseline,no_prior_positive_route,35397.10839799352,35397.10839799352,36470.39,-1073.2816020064784,-1073.2816020064784,1073.2816020064784,1073.2816020064784,2.9428849047308745,2.9428849047308745,
recursive_no_target_actual,충북,교육 서비스업,1,2022,baseline,no_prior_positive_route,38231.71020369671,38231.71020369671,38221.17,10.540203696713434,10.540203696713434,10.540203696713434,10.540203696713434,0.027576873488471,0.02757687348847101,
recursive_no_target_actual,충북,교육 서비스업,1,2024,baseline,no_prior_positive_route,39155.196760619205,39155.196760619205,39559.04,-403.84323938079615,-403.84323938079615,403.84323938079615,403.84323938079615,1.0208620820444485,1.0208620820444483,
recursive_no_target_actual,충북,교육 서비스업,1,2025,baseline,no_prior_positive_route,38844.12185387753,38844.12185387753,39496.67,-652.5481461224699,-652.5481461224699,652.5481461224699,652.5481461224699,1.6521599064489991,1.6521599064489991,
recursive_no_target_actual,충북,교육 서비스업,2,2021,baseline,no_prior_positive_route,35744.155670262946,35744.155670262946,36470.39,-726.2343297370535,-726.2343297370535,726.2343297370535,726.2343297370535,1.9912985019821656,1.9912985019821656,
recursive_no_target_actual,충북,교육 서비스업,2,2022,baseline,no_prior_positive_route,38128.65431631221,38128.65431631221,38221.17,-92.51568368779408,-92.51568368779408,92.51568368779408,92.51568368779408,0.2420535103655751,0.24205351036557513,
recursive_no_target_actual,충북,교육 서비스업,2,2024,baseline,no_prior_positive_route,39171.65648214005,39171.65648214005,39559.04,-387.38351785994746,-387.38351785994746,387.38351785994746,387.38351785994746,0.9792540917574024,0.9792540917574023,
recursive_no_target_actual,충북,교육 서비스업,2,2025,baseline,no_prior_positive_route,38772.82147351815,38772.82147351815,39496.67,-723.8485264818519,-723.8485264818519,723.8485264818519,723.8485264818519,1.8326824172312548,1.8326824172312548,
recursive_no_target_actual,충북,교육 서비스업,3,2021,baseline,no_prior_positive_route,36040.9673514757,36040.9673514757,36470.39,-429.422648524298,-429.422648524298,429.422648524298,429.422648524298,1.1774555976075332,1.1774555976075332,
recursive_no_target_actual,충북,교육 서비스업,3,2022,baseline,no_prior_positive_route,37977.59867720986,37977.59867720986,38221.17,-243.57132279013604,-243.57132279013604,243.57132279013604,243.57132279013604,0.6372680972093111,0.6372680972093111,
recursive_no_target_actual,충북,교육 서비스업,3,2024,baseline,no_prior_positive_route,39102.923618813365,39102.923618813365,39559.04,-456.1163811866354,-456.1163811866354,456.1163811866354,456.1163811866354,1.1530016430799013,1.1530016430799013,
recursive_no_target_actual,충북,교육 서비스업,3,2025,baseline,no_prior_positive_route,38909.44309602896,38909.44309602896,39496.67,-587.2269039710372,-587.2269039710372,587.2269039710372,587.2269039710372,1.4867757306401712,1.4867757306401712,
recursive_no_target_actual,충북,교육 서비스업,4,2021,baseline,no_prior_positive_route,36095.26318411987,36095.26318411987,36470.39,-375.1268158801322,-375.1268158801322,375.1268158801322,375.1268158801322,1.028579118238473,1.028579118238473,
recursive_no_target_actual,충북,교육 서비스업,4,2022,baseline,no_prior_positive_route,37932.10576513795,37932.10576513795,38221.17,-289.06423486204585,-289.06423486204585,289.06423486204585,289.06423486204585,0.7562935275451952,0.7562935275451952,
recursive_no_target_actual,충북,교육 서비스업,4,2024,baseline,no_prior_positive_route,39090.641807019245,39090.641807019245,39559.04,-468.398192980756,-468.398192980756,468.398192980756,468.398192980756,1.1840484323703406,1.1840484323703406,
recursive_no_target_actual,충북,교육 서비스업,4,2025,baseline,no_prior_positive_route,38963.53702768002,38963.53702768002,39496.67,-533.1329723199815,-533.1329723199815,533.1329723199815,533.1329723199815,1.3498175221353637,1.3498175221353637,
recursive_no_target_actual,충북,금융 및 보험업,1,2021,baseline,no_prior_positive_route,22192.728502459915,22192.728502459915,21623.73,568.9985024599155,568.9985024599155,568.9985024599155,568.9985024599155,2.6313614832404744,2.6313614832404744,
recursive_no_target_actual,충북,금융 및 보험업,1,2022,regional_service_production_index_K,prior_positive_improvement_251.291_eok,22779.595424019004,22426.13292102759,22478.23,301.3654240190044,-52.09707897240878,301.3654240190044,52.09707897240878,1.3406990853772938,0.23176682048545988,0.2317668204854598
recursive_no_target_actual,충북,금융 및 보험업,1,2023,regional_service_production_index_K,prior_positive_improvement_500.559_eok,22770.532295903704,24478.586247706426,23244.03,-473.4977040962949,1234.5562477064232,473.4977040962949,1234.5562477064232,2.037072332535687,5.311283145420235,5.311283145420235
recursive_no_target_actual,충북,금융 및 보험업,1,2025,baseline,no_prior_positive_route,24688.639478348672,24688.639478348672,24390.679999999997,297.9594783486755,297.9594783486755,297.9594783486755,297.9594783486755,1.2216120188066732,1.2216120188066732,
recursive_no_target_actual,충북,금융 및 보험업,2,2021,baseline,no_prior_positive_route,21840.984607263083,21840.984607263083,21623.73,217.25460726308305,217.25460726308305,217.25460726308305,217.25460726308305,1.0047045873356863,1.0047045873356866,
recursive_no_target_actual,충북,금융 및 보험업,2,2022,regional_service_production_index_K,prior_positive_improvement_11.265_eok,22620.80555876213,22837.62159847764,22478.23,142.57555876213155,359.3915984776395,142.57555876213155,359.3915984776395,0.634282853953054,1.5988429626249019,1.598842962624902
recursive_no_target_actual,충북,금융 및 보험업,2,2023,baseline,no_prior_positive_route,22839.120310512473,22839.120310512473,23244.03,-404.9096894875256,-404.9096894875256,404.9096894875256,404.9096894875256,1.7419943507538307,1.7419943507538307,
recursive_no_target_actual,충북,금융 및 보험업,2,2025,baseline,no_prior_positive_route,24571.87933559608,24571.87933559608,24390.679999999997,181.199335596084,181.199335596084,181.199335596084,181.199335596084,0.7429039928205529,0.7429039928205529,
recursive_no_target_actual,충북,금융 및 보험업,3,2021,baseline,no_prior_positive_route,21810.716731286393,21810.716731286393,21623.73,186.98673128639348,186.98673128639348,186.98673128639348,186.98673128639348,0.864729310282701,0.864729310282701,
recursive_no_target_actual,충북,금융 및 보험업,3,2022,regional_service_production_index_K,prior_positive_improvement_6.787_eok,22295.511633983857,23012.65976070529,22478.23,-182.71836601614268,534.4297607052904,182.71836601614268,534.4297607052904,0.8128681218055989,2.3775437866117146,2.3775437866117146
recursive_no_target_actual,충북,금융 및 보험업,3,2023,baseline,no_prior_positive_route,22906.7701788731,22906.7701788731,23244.03,-337.2598211268996,-337.2598211268996,337.2598211268996,337.2598211268996,1.4509524429580396,1.4509524429580396,
recursive_no_target_actual,충북,금융 및 보험업,3,2025,baseline,no_prior_positive_route,24460.36571004449,24460.36571004449,24390.679999999997,69.68571004449404,69.68571004449404,69.68571004449404,69.68571004449404,0.2857063027537324,0.2857063027537324,
recursive_no_target_actual,충북,금융 및 보험업,4,2021,baseline,no_prior_positive_route,21773.88205773516,21773.88205773516,21623.73,150.15205773515845,150.15205773515845,150.15205773515845,150.15205773515845,0.6943855557536024,0.6943855557536024,
recursive_no_target_actual,충북,금융 및 보험업,4,2022,baseline,no_prior_positive_route,22215.10375723606,22215.10375723606,22478.23,-263.12624276394126,-263.12624276394126,263.12624276394126,263.12624276394126,1.17058257151004,1.17058257151004,
recursive_no_target_actual,충북,금융 및 보험업,4,2023,baseline,no_prior_positive_route,22619.87161876572,22619.87161876572,23244.03,-624.1583812342797,-624.1583812342797,624.1583812342797,624.1583812342797,2.6852416781181216,2.6852416781181216,
recursive_no_target_actual,충북,금융 및 보험업,4,2025,baseline,no_prior_positive_route,24559.17049673336,24559.17049673336,24390.679999999997,168.49049673336413,168.49049673336413,168.49049673336413,168.49049673336413,0.6907986851263029,0.6907986851263029,
recursive_no_target_actual,충북,도매 및 소매업,1,2021,baseline,no_prior_positive_route,29589.367033306647,29589.367033306647,29772.34,-182.97296669335265,-182.97296669335265,182.97296669335265,182.97296669335265,0.6145736838063539,0.6145736838063539,
recursive_no_target_actual,충북,도매 및 소매업,1,2022,regional_service_production_index_G,prior_positive_improvement_168.461_eok,30892.012182703224,30371.9843101712,29638.72,1253.2921827032224,733.2643101711983,1253.2921827032224,733.2643101711983,4.228563793251606,2.4740080211669,2.4740080211669
recursive_no_target_actual,충북,도매 및 소매업,1,2023,regional_service_production_index_G,prior_positive_improvement_688.488_eok,30917.352525685073,31013.86298124383,29287.22,1630.1325256850723,1726.6429812438328,1630.1325256850723,1726.6429812438328,5.566020010383616,5.895550964700073,5.895550964700073
recursive_no_target_actual,충북,도매 및 소매업,1,2024,regional_service_production_index_G,prior_positive_improvement_591.978_eok,27958.994342678234,27933.37681132075,29197.14,-1238.1456573217656,-1263.7631886792478,1238.1456573217656,1263.7631886792478,4.24064020421783,4.328380069689182,4.328380069689182
recursive_no_target_actual,충북,도매 및 소매업,1,2025,regional_service_production_index_G,prior_positive_improvement_566.360_eok,28022.540455088627,29110.501602373886,29438.28,-1415.739544911372,-327.77839762611256,1415.739544911372,327.77839762611256,4.809178881753186,1.1134427610108764,1.1134427610108764
recursive_no_target_actual,충북,도매 및 소매업,2,2021,baseline,no_prior_positive_route,29864.23384879163,29864.23384879163,29772.34,91.89384879163116,91.89384879163116,91.89384879163116,91.89384879163116,0.3086551100505744,0.3086551100505743,
recursive_no_target_actual,충북,도매 및 소매업,2,2022,baseline,no_prior_positive_route,30799.704824851386,30799.704824851386,29638.72,1160.9848248513808,1160.9848248513808,1160.9848248513808,1160.9848248513808,3.917122010840484,3.917122010840484,
recursive_no_target_actual,충북,도매 및 소매업,2,2023,regional_service_production_index_G,prior_positive_improvement_495.484_eok,29691.00073134284,30256.492641783807,29287.22,403.7807313428384,969.2726417838056,403.7807313428384,969.2726417838056,1.3786925879029774,3.309541300894402,3.309541300894403
recursive_no_target_actual,충북,도매 및 소매업,2,2024,baseline,no_prior_positive_route,28151.930821289207,28151.930821289207,29197.14,-1045.209178710793,-1045.209178710793,1045.209178710793,1045.209178710793,3.5798341163236977,3.5798341163236977,
recursive_no_target_actual,충북,도매 및 소매업,2,2025,regional_service_production_index_G,prior_positive_improvement_369.953_eok,28153.565284001445,29182.939056420233,29438.28,-1284.7147159985543,-255.34094357976576,1284.7147159985543,255.34094357976576,4.364095714826255,0.867377250232574,0.8673772502325738
recursive_no_target_actual,충북,도매 및 소매업,3,2021,baseline,no_prior_positive_route,29747.716286809773,29747.716286809773,29772.34,-24.623713190227136,-24.623713190227136,24.623713190227136,24.623713190227136,0.0827066773731159,0.0827066773731159,
recursive_no_target_actual,충북,도매 및 소매업,3,2022,baseline,no_prior_positive_route,30880.01764633903,30880.01764633903,29638.72,1241.2976463390332,1241.2976463390332,1241.2976463390332,1241.2976463390332,4.188094648955937,4.188094648955937,
recursive_no_target_actual,충북,도매 및 소매업,3,2023,regional_service_production_index_G,prior_positive_improvement_494.841_eok,29124.689197040825,30004.392519480523,29287.22,-162.53080295917607,717.1725194805222,162.53080295917607,717.1725194805222,0.5549546968239938,2.4487558719486593,2.4487558719486593
recursive_no_target_actual,충북,도매 및 소매업,3,2024,baseline,no_prior_positive_route,28201.506280791575,28201.506280791575,29197.14,-995.6337192084248,-995.6337192084248,995.6337192084248,995.6337192084248,3.410038514760092,3.410038514760092,
recursive_no_target_actual,충북,도매 및 소매업,3,2025,regional_service_production_index_G,prior_positive_improvement_546.873_eok,28561.48653048447,29577.93087055755,29438.28,-876.7934695155272,139.65087055755066,876.7934695155272,139.65087055755066,2.9784126977375287,0.47438529206716784,0.4743852920671678
recursive_no_target_actual,충북,도매 및 소매업,4,2021,baseline,no_prior_positive_route,29776.99670739264,29776.99670739264,29772.34,4.656707392641692,4.656707392641692,4.656707392641692,4.656707392641692,0.0156410527108104,0.01564105271081041,
recursive_no_target_actual,충북,도매 및 소매업,4,2022,baseline,no_prior_positive_route,30862.973458546938,30862.973458546938,29638.72,1224.253458546933,1224.253458546933,1224.253458546933,1224.253458546933,4.130588158148978,4.130588158148978,
recursive_no_target_actual,충북,도매 및 소매업,4,2023,regional_service_production_index_G,prior_positive_improvement_491.712_eok,28667.57326752048,29846.23397392565,29287.22,-619.646732479523,559.0139739256447,619.646732479523,559.0139739256447,2.1157581104643013,1.9087300669904643,1.9087300669904643
recursive_no_target_actual,충북,도매 및 소매업,4,2024,regional_service_production_index_G,prior_positive_improvement_552.345_eok,28249.57819015457,28823.792399904098,29197.14,-947.5618098454288,-373.3476000959017,947.5618098454288,373.3476000959017,3.245392561892805,1.2787129153605514,1.2787129153605514
recursive_no_target_actual,충북,도매 및 소매업,4,2025,regional_service_production_index_G,prior_positive_improvement_1126.559_eok,28755.79574734745,29666.570265529845,29438.28,-682.4842526525499,228.29026552984575,682.4842526525499,228.29026552984575,2.3183564143440103,0.7754877850534941,0.7754877850534942
recursive_no_target_actual,충북,문화 및 기타서비스업,1,2021,baseline,no_prior_positive_route,20861.286958261055,20861.286958261055,22515.71,-1654.4230417389444,-1654.4230417389444,1654.4230417389444,1654.4230417389444,7.347860856881459,7.347860856881459,
recursive_no_target_actual,충북,문화 및 기타서비스업,1,2022,baseline,no_prior_positive_route,23120.491559669517,23120.491559669517,22663.14,457.3515596695179,457.3515596695179,457.3515596695179,457.3515596695179,2.0180414526385926,2.0180414526385926,
recursive_no_target_actual,충북,문화 및 기타서비스업,1,2023,baseline,no_prior_positive_route,25438.671492096157,25438.671492096157,23366.63,2072.0414920961557,2072.0414920961557,2072.0414920961557,2072.0414920961557,8.86752386671144,8.86752386671144,
recursive_no_target_actual,충북,문화 및 기타서비스업,1,2024,baseline,no_prior_positive_route,24197.784158388135,24197.784158388135,22749.63,1448.1541583881335,1448.1541583881335,1448.1541583881335,1448.1541583881335,6.365616312828531,6.365616312828531,
recursive_no_target_actual,충북,문화 및 기타서비스업,1,2025,baseline,no_prior_positive_route,23390.649276732696,23390.649276732696,23178.61,212.03927673269573,212.03927673269573,212.03927673269573,212.03927673269573,0.9148058349171746,0.9148058349171746,
recursive_no_target_actual,충북,문화 및 기타서비스업,2,2021,baseline,no_prior_positive_route,21787.65285002077,21787.65285002077,22515.71,-728.0571499792277,-728.0571499792277,728.0571499792277,728.0571499792277,3.2335518177273896,3.2335518177273896,
recursive_no_target_actual,충북,문화 및 기타서비스업,2,2022,regional_service_production_index_R_S,prior_positive_improvement_372.103_eok,23342.618673073364,25415.795316486747,22663.14,679.4786730733649,2752.6553164867473,679.4786730733649,2752.6553164867473,2.9981665077008963,12.145957340804264,12.145957340804264
recursive_no_target_actual,충북,문화 및 기타서비스업,2,2023,baseline,no_prior_positive_route,24545.58918341754,24545.58918341754,23366.63,1178.9591834175408,1178.9591834175408,1178.9591834175408,1178.9591834175408,5.045482311388252,5.045482311388252,
recursive_no_target_actual,충북,문화 및 기타서비스업,2,2024,baseline,no_prior_positive_route,24125.292118377285,24125.292118377285,22749.63,1375.662118377284,1375.662118377284,1375.662118377284,1375.662118377284,6.046964800646358,6.046964800646358,
recursive_no_target_actual,충북,문화 및 기타서비스업,2,2025,baseline,no_prior_positive_route,23392.2112625548,23392.2112625548,23178.61,213.6012625547992,213.6012625547992,213.6012625547992,213.6012625547992,0.9215447455856892,0.9215447455856896,
recursive_no_target_actual,충북,문화 및 기타서비스업,3,2021,baseline,no_prior_positive_route,21827.33055535416,21827.33055535416,22515.71,-688.3794446458414,-688.3794446458414,688.3794446458414,688.3794446458414,3.0573295030262937,3.0573295030262937,
recursive_no_target_actual,충북,문화 및 기타서비스업,3,2022,regional_service_production_index_R_S,prior_positive_improvement_168.143_eok,23823.292551351456,24837.06181747391,22663.14,1160.152551351457,2173.921817473911,1160.152551351457,2173.921817473911,5.119116553802593,9.592324000442616,9.592324000442616
recursive_no_target_actual,충북,문화 및 기타서비스업,3,2023,baseline,no_prior_positive_route,24299.314100895594,24299.314100895594,23366.63,932.6841008955926,932.6841008955926,932.6841008955926,932.6841008955926,3.991521673838258,3.991521673838258,
recursive_no_target_actual,충북,문화 및 기타서비스업,3,2024,baseline,no_prior_positive_route,23960.207157991885,23960.207157991885,22749.63,1210.5771579918835,1210.5771579918835,1210.5771579918835,1210.5771579918835,5.321304821185591,5.32130482118559,
recursive_no_target_actual,충북,문화 및 기타서비스업,3,2025,baseline,no_prior_positive_route,23699.30311226987,23699.30311226987,23178.61,520.6931122698697,520.6931122698697,520.6931122698697,520.6931122698697,2.2464380403737314,2.2464380403737314,
recursive_no_target_actual,충북,문화 및 기타서비스업,4,2021,baseline,no_prior_positive_route,21974.928693890284,21974.928693890284,22515.71,-540.7813061097149,-540.7813061097149,540.7813061097149,540.7813061097149,2.4017954846181397,2.4017954846181397,
recursive_no_target_actual,충북,문화 및 기타서비스업,4,2022,baseline,no_prior_positive_route,23806.86658753939,23806.86658753939,22663.14,1143.7265875393896,1143.7265875393896,1143.7265875393896,1143.7265875393896,5.046637789553388,5.046637789553388,
recursive_no_target_actual,충북,문화 및 기타서비스업,4,2023,baseline,no_prior_positive_route,23822.29759619617,23822.29759619617,23366.63,455.66759619617005,455.66759619617005,455.66759619617005,455.66759619617005,1.950078364728547,1.950078364728547,
recursive_no_target_actual,충북,문화 및 기타서비스업,4,2024,baseline,no_prior_positive_route,23849.349290194008,23849.349290194008,22749.63,1099.719290194007,1099.719290194007,1099.719290194007,1099.719290194007,4.834009564964384,4.834009564964384,
recursive_no_target_actual,충북,문화 및 기타서비스업,4,2025,baseline,no_prior_positive_route,23637.676349569698,23637.676349569698,23178.61,459.0663495696972,459.0663495696972,459.0663495696972,459.0663495696972,1.9805603078428653,1.9805603078428653,
recursive_no_target_actual,충북,보건 및 사회복지업,1,2022,baseline,no_prior_positive_route,33118.11014835384,33118.11014835384,32377.67,740.4401483538386,740.4401483538386,740.4401483538386,740.4401483538386,2.28688521550142,2.28688521550142,
recursive_no_target_actual,충북,보건 및 사회복지업,1,2023,baseline,no_prior_positive_route,33666.04234145934,33666.04234145934,33278.72,387.3223414593376,387.3223414593376,387.3223414593376,387.3223414593376,1.1638739154010058,1.1638739154010058,
recursive_no_target_actual,충북,보건 및 사회복지업,1,2024,baseline,no_prior_positive_route,34771.74030740355,34771.74030740355,34731.51,40.23030740354443,40.23030740354443,40.23030740354443,40.23030740354443,0.1158323015715252,0.1158323015715252,
recursive_no_target_actual,충북,보건 및 사회복지업,1,2025,baseline,no_prior_positive_route,36301.68106030378,36301.68106030378,36558.9,-257.21893969622033,-257.21893969622033,257.21893969622033,257.21893969622033,0.7035740673166324,0.7035740673166324,
recursive_no_target_actual,충북,보건 및 사회복지업,2,2022,baseline,no_prior_positive_route,32861.73231954809,32861.73231954809,32377.67,484.0623195480948,484.0623195480948,484.0623195480948,484.0623195480948,1.4950498894704125,1.4950498894704123,
recursive_no_target_actual,충북,보건 및 사회복지업,2,2023,baseline,no_prior_positive_route,33377.00074539209,33377.00074539209,33278.72,98.28074539209048,98.28074539209048,98.28074539209048,98.28074539209048,0.2953260984559817,0.2953260984559817,
recursive_no_target_actual,충북,보건 및 사회복지업,2,2024,baseline,no_prior_positive_route,34545.42416570965,34545.42416570965,34731.51,-186.08583429035207,-186.08583429035207,186.08583429035207,186.08583429035207,0.5357838869958492,0.5357838869958492,
recursive_no_target_actual,충북,보건 및 사회복지업,2,2025,baseline,no_prior_positive_route,36578.42198119578,36578.42198119578,36558.9,19.521981195779517,19.521981195779517,19.521981195779517,19.521981195779517,0.0533987105623514,0.05339871056235148,
recursive_no_target_actual,충북,보건 및 사회복지업,3,2022,baseline,no_prior_positive_route,32439.751458366813,32439.751458366813,32377.67,62.08145836681433,62.08145836681433,62.08145836681433,62.08145836681433,0.1917415872322323,0.19174158723223236,
recursive_no_target_actual,충북,보건 및 사회복지업,3,2023,baseline,no_prior_positive_route,33404.92404607642,33404.92404607642,33278.72,126.20404607641832,126.20404607641832,126.20404607641832,126.20404607641832,0.3792334743536359,0.37923347435363597,
recursive_no_target_actual,충북,보건 및 사회복지업,3,2024,baseline,no_prior_positive_route,34550.86092856987,34550.86092856987,34731.51,-180.6490714301326,-180.6490714301326,180.6490714301326,180.6490714301326,0.5201301971326112,0.5201301971326112,
recursive_no_target_actual,충북,보건 및 사회복지업,3,2025,baseline,no_prior_positive_route,36521.15592494351,36521.15592494351,36558.9,-37.744075056492875,-37.744075056492875,37.744075056492875,37.744075056492875,0.103241823622956,0.10324182362295604,
recursive_no_target_actual,충북,보건 및 사회복지업,4,2022,baseline,no_prior_positive_route,32228.0906610226,32228.0906610226,32377.67,-149.57933897739713,-149.57933897739713,149.57933897739713,149.57933897739713,0.4619830240329126,0.46198302403291264,
recursive_no_target_actual,충북,보건 및 사회복지업,4,2023,baseline,no_prior_positive_route,33462.08117032179,33462.08117032179,33278.72,183.36117032179027,183.36117032179027,183.36117032179027,183.36117032179027,0.5509862468321807,0.5509862468321807,
recursive_no_target_actual,충북,보건 및 사회복지업,4,2024,baseline,no_prior_positive_route,34689.98041180658,34689.98041180658,34731.51,-41.52958819342166,-41.52958819342166,41.52958819342166,41.52958819342166,0.119573229593017,0.119573229593017,
recursive_no_target_actual,충북,보건 및 사회복지업,4,2025,baseline,no_prior_positive_route,36687.96710775514,36687.96710775514,36558.9,129.06710775513784,129.06710775513784,129.06710775513784,129.06710775513784,0.3530388161436417,0.35303881614364174,
recursive_no_target_actual,충북,부동산업,1,2021,baseline,no_prior_positive_route,33925.95758239796,33925.95758239796,33579.17,346.787582397963,346.787582397963,346.787582397963,346.787582397963,1.0327461411284524,1.0327461411284524,
recursive_no_target_actual,충북,부동산업,1,2022,baseline,no_prior_positive_route,32978.84756402534,32978.84756402534,33776.33,-797.4824359746635,-797.4824359746635,797.4824359746635,797.4824359746635,2.3610689378468988,2.3610689378468988,
recursive_no_target_actual,충북,부동산업,1,2023,baseline,no_prior_positive_route,33797.858762297925,33797.858762297925,34113.04,-315.18123770207603,-315.18123770207603,315.18123770207603,315.18123770207603,0.9239318386812668,0.9239318386812668,
recursive_no_target_actual,충북,부동산업,1,2024,baseline,no_prior_positive_route,34507.82150289553,34507.82150289553,36072.0,-1564.178497104469,-1564.178497104469,1564.178497104469,1564.178497104469,4.336267734266104,4.336267734266104,
recursive_no_target_actual,충북,부동산업,1,2025,baseline,no_prior_positive_route,34585.03000870815,34585.03000870815,34866.31,-281.279991291849,-281.279991291849,281.279991291849,281.279991291849,0.8067386290429043,0.8067386290429043,
recursive_no_target_actual,충북,부동산업,2,2021,baseline,no_prior_positive_route,33860.53368626543,33860.53368626543,33579.17,281.36368626543117,281.36368626543117,281.36368626543117,281.36368626543117,0.8379113785880687,0.8379113785880687,
recursive_no_target_actual,충북,부동산업,2,2022,baseline,no_prior_positive_route,32733.65602932105,32733.65602932105,33776.33,-1042.6739706789522,-1042.6739706789522,1042.6739706789522,1042.6739706789522,3.086996043320728,3.086996043320728,
recursive_no_target_actual,충북,부동산업,2,2023,baseline,no_prior_positive_route,33897.09041848341,33897.09041848341,34113.04,-215.94958151659375,-215.94958151659375,215.94958151659375,215.94958151659375,0.633041152347002,0.633041152347002,
recursive_no_target_actual,충북,부동산업,2,2024,baseline,no_prior_positive_route,34766.03766071589,34766.03766071589,36072.0,-1305.9623392841097,-1305.9623392841097,1305.9623392841097,1305.9623392841097,3.620432300077926,3.620432300077927,
recursive_no_target_actual,충북,부동산업,2,2025,baseline,no_prior_positive_route,34566.29976440057,34566.29976440057,34866.31,-300.01023559942405,-300.01023559942405,300.01023559942405,300.01023559942405,0.8604588085157967,0.8604588085157967,
recursive_no_target_actual,충북,부동산업,3,2021,baseline,no_prior_positive_route,33564.04163353358,33564.04163353358,33579.17,-15.128366466415171,-15.128366466415171,15.128366466415171,15.128366466415171,0.0450528302707159,0.04505283027071596,
recursive_no_target_actual,충북,부동산업,3,2022,baseline,no_prior_positive_route,32803.38916040138,32803.38916040138,33776.33,-972.9408395986248,-972.9408395986248,972.9408395986248,972.9408395986248,2.880540424606891,2.8805404246068913,
recursive_no_target_actual,충북,부동산업,3,2023,baseline,no_prior_positive_route,34010.400296095475,34010.400296095475,34113.04,-102.63970390452596,-102.63970390452596,102.63970390452596,102.63970390452596,0.3008811407735164,0.3008811407735164,
recursive_no_target_actual,충북,부동산업,3,2024,baseline,no_prior_positive_route,34750.09022694665,34750.09022694665,36072.0,-1321.9097730533467,-1321.9097730533467,1321.9097730533467,1321.9097730533467,3.664642307200451,3.664642307200451,
recursive_no_target_actual,충북,부동산업,3,2025,baseline,no_prior_positive_route,34699.13381822036,34699.13381822036,34866.31,-167.17618177963595,-167.17618177963595,167.17618177963595,167.17618177963595,0.4794777014821355,0.47947770148213553,
recursive_no_target_actual,충북,부동산업,4,2021,baseline,no_prior_positive_route,33372.035568641404,33372.035568641404,33579.17,-207.13443135859416,-207.13443135859416,207.13443135859416,207.13443135859416,0.6168539346225478,0.6168539346225478,
recursive_no_target_actual,충북,부동산업,4,2022,baseline,no_prior_positive_route,32916.524208030714,32916.524208030714,33776.33,-859.8057919692874,-859.8057919692874,859.8057919692874,859.8057919692874,2.5455867821320055,2.5455867821320055,
recursive_no_target_actual,충북,부동산업,4,2023,baseline,no_prior_positive_route,34065.52808436759,34065.52808436759,34113.04,-47.51191563241446,-47.51191563241446,47.51191563241446,47.51191563241446,0.139277870375711,0.13927787037571104,
recursive_no_target_actual,충북,부동산업,4,2024,baseline,no_prior_positive_route,34727.7259009923,34727.7259009923,36072.0,-1344.2740990077,-1344.2740990077,1344.2740990077,1344.2740990077,3.726641436592648,3.726641436592648,
recursive_no_target_actual,충북,부동산업,4,2025,baseline,no_prior_positive_route,34857.08663082402,34857.08663082402,34866.31,-9.223369175975677,-9.223369175975677,9.223369175975677,9.223369175975677,0.0264535282798084,0.026453528279808437,
recursive_no_target_actual,충북,사업서비스업,1,2021,baseline,no_prior_positive_route,36156.271189151106,36156.271189151106,36761.0,-604.7288108488938,-604.7288108488938,604.7288108488938,604.7288108488938,1.6450281843499737,1.6450281843499737,
recursive_no_target_actual,충북,사업서비스업,1,2022,regional_service_production_index_M_N,prior_positive_improvement_249.433_eok,37949.26796504255,38510.62794268168,37730.350000000006,218.91796504254307,780.2779426816705,218.91796504254307,780.2779426816705,0.5802171595083084,2.0680379129312887,2.0680379129312887
recursive_no_target_actual,충북,사업서비스업,1,2024,baseline,no_prior_positive_route,40405.90773735152,40405.90773735152,39730.3,675.6077373515145,675.6077373515145,675.6077373515145,675.6077373515145,1.700484862564628,1.700484862564628,
recursive_no_target_actual,충북,사업서비스업,1,2025,baseline,no_prior_positive_route,38744.99593313945,38744.99593313945,41230.04,-2485.0440668605515,-2485.0440668605515,2485.0440668605515,2485.0440668605515,6.027265719025622,6.027265719025622,
recursive_no_target_actual,충북,사업서비스업,2,2021,baseline,no_prior_positive_route,37329.247798002914,37329.247798002914,36761.0,568.2477980029144,568.2477980029144,568.2477980029144,568.2477980029144,1.545789826182406,1.5457898261824061,
recursive_no_target_actual,충북,사업서비스업,2,2022,regional_service_production_index_M_N,prior_positive_improvement_416.307_eok,38002.099240323834,37802.33724053724,37730.350000000006,271.7492403238284,71.98724053723708,271.7492403238284,71.98724053723708,0.7202404438968321,0.19079399087799895,0.1907939908779989
recursive_no_target_actual,충북,사업서비스업,2,2024,regional_service_production_index_M_N,prior_positive_improvement_616.069_eok,40087.701729496024,37637.565511022054,39730.3,357.4017294960213,-2092.734488977949,357.4017294960213,2092.734488977949,0.899569672255234,5.267351338847048,5.267351338847048
recursive_no_target_actual,충북,사업서비스업,2,2025,baseline,no_prior_positive_route,38845.04293846514,38845.04293846514,41230.04,-2384.9970615348575,-2384.9970615348575,2384.9970615348575,2384.9970615348575,5.784610108393922,5.784610108393922,
recursive_no_target_actual,충북,사업서비스업,3,2021,baseline,no_prior_positive_route,37256.73424529319,37256.73424529319,36761.0,495.7342452931916,495.7342452931916,495.7342452931916,495.7342452931916,1.348533079331878,1.3485330793318777,
recursive_no_target_actual,충북,사업서비스업,3,2022,regional_service_production_index_M_N,prior_positive_improvement_379.075_eok,37691.17372235586,37299.41868686869,37730.350000000006,-39.17627764414647,-430.93131313131744,39.17627764414647,430.93131313131744,0.103832266714055,1.1421344173359573,1.142134417335957
recursive_no_target_actual,충북,사업서비스업,3,2024,baseline,no_prior_positive_route,39921.13105689867,39921.13105689867,39730.3,190.83105689866352,190.83105689866352,190.83105689866352,190.83105689866352,0.4803161740501922,0.4803161740501922,
recursive_no_target_actual,충북,사업서비스업,3,2025,baseline,no_prior_positive_route,39278.128374627784,39278.128374627784,41230.04,-1951.9116253722168,-1951.9116253722168,1951.9116253722168,1951.9116253722168,4.7341977484674205,4.7341977484674205,
recursive_no_target_actual,충북,사업서비스업,4,2021,baseline,no_prior_positive_route,37266.467354473934,37266.467354473934,36761.0,505.4673544739344,505.4673544739344,505.4673544739344,505.4673544739344,1.3750098051574615,1.3750098051574615,
recursive_no_target_actual,충북,사업서비스업,4,2022,regional_service_production_index_M_N,prior_positive_improvement_295.373_eok,37717.82659142416,36811.26364201368,37730.350000000006,-12.52340857584204,-919.086357986329,12.52340857584204,919.086357986329,0.0331918696111804,2.435933825120437,2.435933825120437
recursive_no_target_actual,충북,사업서비스업,4,2024,baseline,no_prior_positive_route,39456.885784997605,39456.885784997605,39730.3,-273.4142150023981,-273.4142150023981,273.4142150023981,273.4142150023981,0.6881755612275722,0.6881755612275722,
recursive_no_target_actual,충북,사업서비스업,4,2025,baseline,no_prior_positive_route,39435.243734016825,39435.243734016825,41230.04,-1794.7962659831755,-1794.7962659831755,1794.7962659831755,1794.7962659831755,4.353127636992774,4.353127636992774,
recursive_no_target_actual,충북,서비스업,1,2021,baseline,no_prior_positive_route,308376.30946287914,308376.30946287914,313923.54000000004,-5547.230537120893,-5547.230537120893,5547.230537120893,5547.230537120893,1.7670642147832851,1.7670642147832853,
recursive_no_target_actual,충북,서비스업,1,2022,baseline,no_prior_positive_route,329569.3745471913,329569.3745471913,326297.57999999996,3271.7945471913554,3271.7945471913554,3271.7945471913554,3271.7945471913554,1.0027026701182875,1.0027026701182877,
recursive_no_target_actual,충북,서비스업,1,2023,baseline,no_prior_positive_route,343368.86372741446,343368.86372741446,334766.37,8602.493727414461,8602.493727414461,8602.493727414461,8602.493727414461,2.569700692281146,2.569700692281146,
recursive_no_target_actual,충북,서비스업,1,2024,baseline,no_prior_positive_route,346456.63366094464,346456.63366094464,342655.82,3800.8136609446374,3800.8136609446374,3800.8136609446374,3800.8136609446374,1.1092219770102365,1.1092219770102365,
recursive_no_target_actual,충북,서비스업,1,2025,baseline,no_prior_positive_route,347178.56080749776,347178.56080749776,347885.98,-707.4191925022169,-707.4191925022169,707.4191925022169,707.4191925022169,0.2033480028434077,0.20334800284340773,
recursive_no_target_actual,충북,서비스업,2,2021,baseline,no_prior_positive_route,312295.62135597446,312295.62135597446,313923.54000000004,-1627.9186440255726,-1627.9186440255726,1627.9186440255726,1627.9186440255726,0.5185717018945354,0.5185717018945354,
recursive_no_target_actual,충북,서비스업,2,2022,baseline,no_prior_positive_route,328171.73936319235,328171.73936319235,326297.57999999996,1874.1593631923895,1874.1593631923895,1874.1593631923895,1874.1593631923895,0.5743712114544,0.5743712114544,
recursive_no_target_actual,충북,서비스업,2,2023,baseline,no_prior_positive_route,339345.7006654679,339345.7006654679,334766.37,4579.330665467889,4579.330665467889,4579.330665467889,4579.330665467889,1.3679183681048634,1.3679183681048634,
recursive_no_target_actual,충북,서비스업,2,2024,baseline,no_prior_positive_route,344479.9518016919,344479.9518016919,342655.82,1824.131801691896,1824.131801691896,1824.131801691896,1824.131801691896,0.5323510342511899,0.53235103425119,
recursive_no_target_actual,충북,서비스업,2,2025,baseline,no_prior_positive_route,346731.0398965538,346731.0398965538,347885.98,-1154.9401034461916,-1154.9401034461916,1154.9401034461916,1154.9401034461916,0.3319881138774813,0.3319881138774813,
recursive_no_target_actual,충북,서비스업,3,2021,baseline,no_prior_positive_route,312775.4329241434,312775.4329241434,313923.54000000004,-1148.107075856649,-1148.107075856649,1148.107075856649,1148.107075856649,0.3657282521268233,0.3657282521268233,
recursive_no_target_actual,충북,서비스업,3,2022,baseline,no_prior_positive_route,327994.91171033535,327994.91171033535,326297.57999999996,1697.331710335391,1697.331710335391,1697.331710335391,1697.331710335391,0.5201790679340593,0.5201790679340593,
recursive_no_target_actual,충북,서비스업,3,2023,baseline,no_prior_positive_route,338373.5482233473,338373.5482233473,334766.37,3607.1782233472914,3607.1782233472914,3607.1782233472914,3607.1782233472914,1.07752108533103,1.07752108533103,
recursive_no_target_actual,충북,서비스업,3,2024,baseline,no_prior_positive_route,343669.7927433569,343669.7927433569,342655.82,1013.9727433568914,1013.9727433568914,1013.9727433568914,1013.9727433568914,0.2959158094430999,0.2959158094430999,
recursive_no_target_actual,충북,서비스업,3,2025,baseline,no_prior_positive_route,347675.8813873969,347675.8813873969,347885.98,-210.09861260309117,-210.09861260309117,210.09861260309117,210.09861260309117,0.0603929519100169,0.060392951910016944,
recursive_no_target_actual,충북,서비스업,4,2021,baseline,no_prior_positive_route,312899.45755832474,312899.45755832474,313923.54000000004,-1024.082441675302,-1024.082441675302,1024.082441675302,1024.082441675302,0.3262203406840092,0.32622034068400924,
recursive_no_target_actual,충북,서비스업,4,2022,baseline,no_prior_positive_route,326716.2328705718,326716.2328705718,326297.57999999996,418.65287057182286,418.65287057182286,418.65287057182286,418.65287057182286,0.1283040072107868,0.12830400721078683,
recursive_no_target_actual,충북,서비스업,4,2023,baseline,no_prior_positive_route,335873.0289510295,335873.0289510295,334766.37,1106.6589510295307,1106.6589510295307,1106.6589510295307,1106.6589510295307,0.3305765005694959,0.3305765005694959,
recursive_no_target_actual,충북,서비스업,4,2024,baseline,no_prior_positive_route,341994.846014024,341994.846014024,342655.82,-660.9739859760157,-660.9739859760157,660.9739859760157,660.9739859760157,0.1928973469576602,0.19289734695766023,
recursive_no_target_actual,충북,서비스업,4,2025,baseline,no_prior_positive_route,347301.7132546831,347301.7132546831,347885.98,-584.2667453168542,-584.2667453168542,584.2667453168542,584.2667453168542,0.1679477699322215,0.16794776993222155,
recursive_no_target_actual,충북,숙박 및 음식점업,1,2021,baseline,no_prior_positive_route,10768.15324633074,10768.15324633074,13057.25,-2289.0967536692588,-2289.0967536692588,2289.0967536692588,2289.0967536692588,17.53123171930735,17.53123171930735,
recursive_no_target_actual,충북,숙박 및 음식점업,1,2022,regional_service_production_index_I,prior_positive_improvement_160.881_eok,14286.08621587746,15072.257716049382,15750.48,-1464.3937841225395,-678.2222839506176,1464.3937841225395,678.2222839506176,9.29745496088081,4.306041999676312,4.306041999676312
recursive_no_target_actual,충북,숙박 및 음식점업,1,2023,regional_service_production_index_I,prior_positive_improvement_947.053_eok,18028.654106855847,19877.61112299465,14965.33,3063.3241068558473,4912.281122994651,3063.3241068558473,4912.281122994651,20.469472486445987,32.824408970564974,32.824408970564974
recursive_no_target_actual,충북,숙박 및 음식점업,1,2024,baseline,no_prior_positive_route,15658.37972966268,15658.37972966268,14855.3,803.0797296626806,803.0797296626806,803.0797296626806,803.0797296626806,5.406014888037809,5.406014888037809,
recursive_no_target_actual,충북,숙박 및 음식점업,2,2021,baseline,no_prior_positive_route,11727.324735780889,11727.324735780889,13057.25,-1329.925264219111,-1329.925264219111,1329.925264219111,1329.925264219111,10.185339671210333,10.185339671210333,
recursive_no_target_actual,충북,숙박 및 음식점업,2,2022,regional_service_production_index_I,prior_positive_improvement_32.668_eok,14808.540204778325,15726.411602209944,15750.48,-941.9397952216768,-24.068397790055315,941.9397952216768,24.068397790055315,5.980387868951784,0.15281056697989723,0.1528105669798972
recursive_no_target_actual,충북,숙박 및 음식점업,2,2023,regional_service_production_index_I,prior_positive_improvement_950.539_eok,16360.312083105204,17455.577834862386,14965.33,1394.982083105204,2490.2478348623863,1394.982083105204,2490.2478348623863,9.321425475450283,16.640113080449186,16.640113080449186
recursive_no_target_actual,충북,숙박 및 음식점업,2,2024,baseline,no_prior_positive_route,15576.21747836019,15576.21747836019,14855.3,720.9174783601902,720.9174783601902,720.9174783601902,720.9174783601902,4.852931131382,4.852931131382,
recursive_no_target_actual,충북,숙박 및 음식점업,3,2021,baseline,no_prior_positive_route,12286.254529873017,12286.254529873017,13057.25,-770.9954701269853,-770.9954701269853,770.9954701269853,770.9954701269853,5.904730859307935,5.904730859307935,
recursive_no_target_actual,충북,숙박 및 음식점업,3,2022,baseline,no_prior_positive_route,15145.690703374956,15145.690703374956,15750.48,-604.7892966250438,-604.7892966250438,604.7892966250438,604.7892966250438,3.839815019129854,3.839815019129854,
recursive_no_target_actual,충북,숙박 및 음식점업,3,2023,baseline,no_prior_positive_route,15768.444000649031,15768.444000649031,14965.33,803.1140006490314,803.1140006490314,803.1140006490314,803.1140006490314,5.366497101293666,5.366497101293666,
recursive_no_target_actual,충북,숙박 및 음식점업,3,2024,baseline,no_prior_positive_route,15424.508692562158,15424.508692562158,14855.3,569.2086925621588,569.2086925621588,569.2086925621588,569.2086925621588,3.831687630422535,3.831687630422535,
recursive_no_target_actual,충북,숙박 및 음식점업,4,2021,baseline,no_prior_positive_route,13175.862994501482,13175.862994501482,13057.25,118.6129945014818,118.6129945014818,118.6129945014818,118.6129945014818,0.9084071646133896,0.9084071646133893,
recursive_no_target_actual,충북,숙박 및 음식점업,4,2022,baseline,no_prior_positive_route,14860.42310937153,14860.42310937153,15750.48,-890.0568906284698,-890.0568906284698,890.0568906284698,890.0568906284698,5.650982640709805,5.650982640709805,
recursive_no_target_actual,충북,숙박 및 음식점업,4,2023,regional_service_production_index_I,prior_positive_improvement_343.663_eok,15527.83304722006,15209.975869957858,14965.33,562.5030472200615,244.6458699578579,562.5030472200615,244.6458699578579,3.758707941756456,1.6347509206803854,1.6347509206803854
recursive_no_target_actual,충북,숙박 및 음식점업,4,2024,regional_service_production_index_I,prior_positive_improvement_661.520_eok,15294.422516223243,14203.379490856194,14855.3,439.12251622324584,-651.9205091438052,439.12251622324584,651.9205091438052,2.955998978298963,4.38847084302441,4.38847084302441
recursive_no_target_actual,충북,운수 및 창고업,1,2021,baseline,no_prior_positive_route,17362.24783768936,17362.24783768936,20213.86,-2851.612162310641,-2851.612162310641,2851.612162310641,2851.612162310641,14.107212389472574,14.107212389472574,
recursive_no_target_actual,충북,운수 및 창고업,1,2023,baseline,no_prior_positive_route,25023.30308406562,25023.30308406562,25037.32,-14.01691593437863,-14.01691593437863,14.01691593437863,14.01691593437863,0.055984090686937,0.05598409068693706,
recursive_no_target_actual,충북,운수 및 창고업,1,2024,baseline,no_prior_positive_route,31129.318769285663,31129.318769285663,29500.47,1628.8487692856652,1628.8487692856652,1628.8487692856652,1628.8487692856652,5.521433283217743,5.521433283217743,
recursive_no_target_actual,충북,운수 및 창고업,1,2025,baseline,no_prior_positive_route,29836.161252194863,29836.161252194863,29859.82,-23.658747805133316,-23.658747805133316,23.658747805133316,23.658747805133316,0.079232720777062,0.079232720777062,
recursive_no_target_actual,충북,운수 및 창고업,2,2021,baseline,no_prior_positive_route,19046.045064681228,19046.045064681228,20213.86,-1167.8149353187728,-1167.8149353187728,1167.8149353187728,1167.8149353187728,5.777298028772202,5.777298028772202,
recursive_no_target_actual,충북,운수 및 창고업,2,2023,baseline,no_prior_positive_route,26302.257483752805,26302.257483752805,25037.32,1264.9374837528048,1264.9374837528048,1264.9374837528048,1264.9374837528048,5.052207998910445,5.052207998910445,
recursive_no_target_actual,충북,운수 및 창고업,2,2024,baseline,no_prior_positive_route,29542.151257499223,29542.151257499223,29500.47,41.68125749922183,41.68125749922183,41.68125749922183,41.68125749922183,0.1412901472390841,0.1412901472390841,
recursive_no_target_actual,충북,운수 및 창고업,2,2025,baseline,no_prior_positive_route,29757.966993675545,29757.966993675545,29859.82,-101.85300632445431,-101.85300632445431,101.85300632445431,101.85300632445431,0.3411038858387436,0.34110388583874357,
recursive_no_target_actual,충북,운수 및 창고업,3,2021,baseline,no_prior_positive_route,19192.152190988025,19192.152190988025,20213.86,-1021.7078090119758,-1021.7078090119758,1021.7078090119758,1021.7078090119758,5.054491368852736,5.054491368852736,
recursive_no_target_actual,충북,운수 및 창고업,3,2023,baseline,no_prior_positive_route,26477.914606263177,26477.914606263177,25037.32,1440.5946062631774,1440.5946062631774,1440.5946062631774,1440.5946062631774,5.753789168581851,5.753789168581851,
recursive_no_target_actual,충북,운수 및 창고업,3,2024,baseline,no_prior_positive_route,29181.255566436823,29181.255566436823,29500.47,-319.2144335631783,-319.2144335631783,319.2144335631783,319.2144335631783,1.082065585948896,1.0820655859488961,
recursive_no_target_actual,충북,운수 및 창고업,3,2025,baseline,no_prior_positive_route,29627.57517742854,29627.57517742854,29859.82,-232.24482257145792,-232.24482257145792,232.24482257145792,232.24482257145792,0.7777837326931573,0.7777837326931573,
recursive_no_target_actual,충북,운수 및 창고업,4,2021,baseline,no_prior_positive_route,19335.878709694356,19335.878709694356,20213.86,-877.9812903056445,-877.9812903056445,877.9812903056445,877.9812903056445,4.343461814347405,4.343461814347405,
recursive_no_target_actual,충북,운수 및 창고업,4,2023,baseline,no_prior_positive_route,26425.926455189132,26425.926455189132,25037.32,1388.6064551891322,1388.6064551891322,1388.6064551891322,1388.6064551891322,5.5461465332117506,5.5461465332117506,
recursive_no_target_actual,충북,운수 및 창고업,4,2024,baseline,no_prior_positive_route,28833.413279282737,28833.413279282737,29500.47,-667.0567207172644,-667.0567207172644,667.0567207172644,667.0567207172644,2.2611731972991085,2.2611731972991085,
recursive_no_target_actual,충북,운수 및 창고업,4,2025,baseline,no_prior_positive_route,29479.452877364613,29479.452877364613,29859.82,-380.3671226353872,-380.3671226353872,380.3671226353872,380.3671226353872,1.2738426508779597,1.2738426508779597,
recursive_no_target_actual,충북,정보통신업,1,2021,baseline,no_prior_positive_route,9103.615550310453,9103.615550310453,9846.41,-742.794449689547,-742.794449689547,742.794449689547,742.794449689547,7.543809872730741,7.543809872730741,
recursive_no_target_actual,충북,정보통신업,1,2022,baseline,no_prior_positive_route,10153.889435906687,10153.889435906687,9872.25,281.63943590668714,281.63943590668714,281.63943590668714,281.63943590668714,2.852839382174146,2.852839382174146,
recursive_no_target_actual,충북,정보통신업,1,2023,baseline,no_prior_positive_route,10515.551830290002,10515.551830290002,9679.17,836.3818302900017,836.3818302900017,836.3818302900017,836.3818302900017,8.641049080551348,8.641049080551348,
recursive_no_target_actual,충북,정보통신업,1,2024,regional_service_production_index_J,prior_positive_improvement_130.306_eok,10541.537560143975,9819.447826086956,9667.86,873.6775601439749,151.58782608695583,873.6775601439749,151.58782608695583,9.036928132430289,1.5679563635277696,1.5679563635277696
recursive_no_target_actual,충북,정보통신업,2,2021,baseline,no_prior_positive_route,9225.400179217251,9225.400179217251,9846.41,-621.0098207827468,-621.0098207827468,621.0098207827468,621.0098207827468,6.306966912638686,6.306966912638686,
recursive_no_target_actual,충북,정보통신업,2,2022,baseline,no_prior_positive_route,10204.02169862918,10204.02169862918,9872.25,331.7716986291798,331.7716986291798,331.7716986291798,331.7716986291798,3.360649280854717,3.360649280854717,
recursive_no_target_actual,충북,정보통신업,2,2023,baseline,no_prior_positive_route,10236.434398086452,10236.434398086452,9679.17,557.2643980864523,557.2643980864523,557.2643980864523,557.2643980864523,5.757357274295753,5.757357274295753,
recursive_no_target_actual,충북,정보통신업,2,2024,regional_service_production_index_J,prior_positive_improvement_76.328_eok,10399.342077855405,9832.88155437921,9667.86,731.4820778554022,165.0215543792092,731.4820778554022,165.0215543792092,7.566121953104432,1.7069088131107524,1.7069088131107524
recursive_no_target_actual,충북,정보통신업,3,2021,baseline,no_prior_positive_route,9388.662878017176,9388.662878017176,9846.41,-457.747121982824,-457.747121982824,457.747121982824,457.747121982824,4.64887326429454,4.64887326429454,
recursive_no_target_actual,충북,정보통신업,3,2022,baseline,no_prior_positive_route,10177.643590788148,10177.643590788148,9872.25,305.3935907881478,305.3935907881478,305.3935907881478,305.3935907881478,3.0934547928602676,3.0934547928602676,
recursive_no_target_actual,충북,정보통신업,3,2023,baseline,no_prior_positive_route,10252.344133924516,10252.344133924516,9679.17,573.1741339245164,573.1741339245164,573.1741339245164,573.1741339245164,5.921728143265552,5.921728143265552,
recursive_no_target_actual,충북,정보통신업,3,2024,regional_service_production_index_J,prior_positive_improvement_111.187_eok,10352.074748634595,9854.205751903552,9667.86,684.2147486345948,186.345751903551,684.2147486345948,186.345751903551,7.077209937200111,1.9274767311850916,1.9274767311850916
recursive_no_target_actual,충북,정보통신업,4,2021,baseline,no_prior_positive_route,9466.908242139438,9466.908242139438,9846.41,-379.50175786056207,-379.50175786056207,379.50175786056207,379.50175786056207,3.854214458473313,3.8542144584733125,
recursive_no_target_actual,충북,정보통신업,4,2022,baseline,no_prior_positive_route,10075.745382274135,10075.745382274135,9872.25,203.4953822741354,203.4953822741354,203.4953822741354,203.4953822741354,2.061286761114593,2.061286761114593,
recursive_no_target_actual,충북,정보통신업,4,2023,baseline,no_prior_positive_route,10284.435311757448,10284.435311757448,9679.17,605.2653117574482,605.2653117574482,605.2653117574482,605.2653117574482,6.253277003683665,6.253277003683665,
recursive_no_target_actual,충북,정보통신업,4,2024,baseline,no_prior_positive_route,10331.895570829016,10331.895570829016,9667.86,664.0355708290153,664.0355708290153,664.0355708290153,664.0355708290153,6.868485588630942,6.868485588630942,
