track,quarter_region,year,quarter,period,activity,predicted_value_eok
prior_year_province_anchor,강원,2021,1,2021Q1,건설업,8461.192580168366
prior_year_province_anchor,강원,2021,1,2021Q1,"공공 행정, 국방·사회보장",30044.745437270245
prior_year_province_anchor,강원,2021,1,2021Q1,"광업, 제조업",13788.825341367494
prior_year_province_anchor,강원,2021,1,2021Q1,교육 서비스업,10024.861289951084
prior_year_province_anchor,강원,2021,1,2021Q1,금융 및 보험업,5339.7824120617815
prior_year_province_anchor,강원,2021,1,2021Q1,도매 및 소매업,6861.6133974055
prior_year_province_anchor,강원,2021,1,2021Q1,문화 및 기타서비스업,5202.355349175591
prior_year_province_anchor,강원,2021,1,2021Q1,보건 및 사회복지업,8074.833514843489
prior_year_province_anchor,강원,2021,1,2021Q1,부동산업,7794.850460949358
prior_year_province_anchor,강원,2021,1,2021Q1,사업서비스업,4988.654815152662
prior_year_province_anchor,강원,2021,1,2021Q1,숙박 및 음식점업,3910.921229028056
prior_year_province_anchor,강원,2021,1,2021Q1,운수 및 창고업,4881.007721609171
prior_year_province_anchor,강원,2021,1,2021Q1,정보통신업,2250.722724811584
prior_year_province_anchor,강원,2021,2,2021Q2,건설업,11798.651771224926
prior_year_province_anchor,강원,2021,2,2021Q2,"공공 행정, 국방·사회보장",29146.452663829492
prior_year_province_anchor,강원,2021,2,2021Q2,"광업, 제조업",14805.56508003578
prior_year_province_anchor,강원,2021,2,2021Q2,교육 서비스업,8678.812224124205
prior_year_province_anchor,강원,2021,2,2021Q2,금융 및 보험업,5328.36232408469
prior_year_province_anchor,강원,2021,2,2021Q2,도매 및 소매업,6958.050686905801
prior_year_province_anchor,강원,2021,2,2021Q2,문화 및 기타서비스업,5208.023982952409
prior_year_province_anchor,강원,2021,2,2021Q2,보건 및 사회복지업,8442.560342278386
prior_year_province_anchor,강원,2021,2,2021Q2,부동산업,7873.7972413383795
prior_year_province_anchor,강원,2021,2,2021Q2,사업서비스업,5559.995168961646
prior_year_province_anchor,강원,2021,2,2021Q2,숙박 및 음식점업,4983.110622297062
prior_year_province_anchor,강원,2021,2,2021Q2,운수 및 창고업,5497.069008475273
prior_year_province_anchor,강원,2021,2,2021Q2,정보통신업,2318.9223112820114
prior_year_province_anchor,강원,2021,3,2021Q3,건설업,10798.975094530464
prior_year_province_anchor,강원,2021,3,2021Q3,"공공 행정, 국방·사회보장",27055.610811316332
prior_year_province_anchor,강원,2021,3,2021Q3,"광업, 제조업",14712.458024535754
prior_year_province_anchor,강원,2021,3,2021Q3,교육 서비스업,9448.377357683063
prior_year_province_anchor,강원,2021,3,2021Q3,금융 및 보험업,5482.984657171688
prior_year_province_anchor,강원,2021,3,2021Q3,도매 및 소매업,6737.006721996438
prior_year_province_anchor,강원,2021,3,2021Q3,문화 및 기타서비스업,5654.800572724612
prior_year_province_anchor,강원,2021,3,2021Q3,보건 및 사회복지업,8466.566566983147
prior_year_province_anchor,강원,2021,3,2021Q3,부동산업,7612.188943913185
prior_year_province_anchor,강원,2021,3,2021Q3,사업서비스업,5537.243770807088
prior_year_province_anchor,강원,2021,3,2021Q3,숙박 및 음식점업,5195.20461781135
prior_year_province_anchor,강원,2021,3,2021Q3,운수 및 창고업,5566.198848898263
prior_year_province_anchor,강원,2021,3,2021Q3,정보통신업,2350.0734096684864
prior_year_province_anchor,강원,2021,4,2021Q4,건설업,12694.850471468264
prior_year_province_anchor,강원,2021,4,2021Q4,"공공 행정, 국방·사회보장",27591.48407528969
prior_year_province_anchor,강원,2021,4,2021Q4,"광업, 제조업",15342.950827556293
prior_year_province_anchor,강원,2021,4,2021Q4,교육 서비스업,9352.384529076384
prior_year_province_anchor,강원,2021,4,2021Q4,금융 및 보험업,5387.501816403676
prior_year_province_anchor,강원,2021,4,2021Q4,도매 및 소매업,7556.7599213064395
prior_year_province_anchor,강원,2021,4,2021Q4,문화 및 기타서비스업,5567.641334261339
prior_year_province_anchor,강원,2021,4,2021Q4,보건 및 사회복지업,8947.556342366704
prior_year_province_anchor,강원,2021,4,2021Q4,부동산업,7468.217167231326
prior_year_province_anchor,강원,2021,4,2021Q4,사업서비스업,6528.761204640463
prior_year_province_anchor,강원,2021,4,2021Q4,숙박 및 음식점업,5952.603323478258
prior_year_province_anchor,강원,2021,4,2021Q4,운수 및 창고업,5832.264918743273
prior_year_province_anchor,강원,2021,4,2021Q4,정보통신업,2621.137319049148
prior_year_province_anchor,강원,2022,1,2022Q1,건설업,8746.359986489124
prior_year_province_anchor,강원,2022,1,2022Q1,"공공 행정, 국방·사회보장",32215.429907834954
prior_year_province_anchor,강원,2022,1,2022Q1,"광업, 제조업",13787.621356786385
prior_year_province_anchor,강원,2022,1,2022Q1,교육 서비스업,10379.499651798586
prior_year_province_anchor,강원,2022,1,2022Q1,금융 및 보험업,5489.190550199911
prior_year_province_anchor,강원,2022,1,2022Q1,도매 및 소매업,6929.231200132744
prior_year_province_anchor,강원,2022,1,2022Q1,문화 및 기타서비스업,5988.206180812827
prior_year_province_anchor,강원,2022,1,2022Q1,보건 및 사회복지업,8770.715804691366
prior_year_province_anchor,강원,2022,1,2022Q1,부동산업,7811.091544432247
prior_year_province_anchor,강원,2022,1,2022Q1,사업서비스업,5269.25890102393
prior_year_province_anchor,강원,2022,1,2022Q1,숙박 및 음식점업,4490.313494238611
prior_year_province_anchor,강원,2022,1,2022Q1,운수 및 창고업,5559.065744684148
prior_year_province_anchor,강원,2022,1,2022Q1,정보통신업,2292.3973257410075
prior_year_province_anchor,강원,2022,2,2022Q2,건설업,12089.476321899045
prior_year_province_anchor,강원,2022,2,2022Q2,"공공 행정, 국방·사회보장",31072.91464939756
prior_year_province_anchor,강원,2022,2,2022Q2,"광업, 제조업",14726.585755438015
prior_year_province_anchor,강원,2022,2,2022Q2,교육 서비스업,8933.632480833963
prior_year_province_anchor,강원,2022,2,2022Q2,금융 및 보험업,5401.0056911013135
prior_year_province_anchor,강원,2022,2,2022Q2,도매 및 소매업,6984.917836457002
prior_year_province_anchor,강원,2022,2,2022Q2,문화 및 기타서비스업,6109.85561020104
prior_year_province_anchor,강원,2022,2,2022Q2,보건 및 사회복지업,9031.247198106723
prior_year_province_anchor,강원,2022,2,2022Q2,부동산업,7773.46664243488
prior_year_province_anchor,강원,2022,2,2022Q2,사업서비스업,5888.247650271987
prior_year_province_anchor,강원,2022,2,2022Q2,숙박 및 음식점업,6094.793598782768
prior_year_province_anchor,강원,2022,2,2022Q2,운수 및 창고업,6465.097368228301
prior_year_province_anchor,강원,2022,2,2022Q2,정보통신업,2384.8389201150567
prior_year_province_anchor,강원,2022,3,2022Q3,건설업,11406.567800530922
prior_year_province_anchor,강원,2022,3,2022Q3,"공공 행정, 국방·사회보장",28909.99324116563
prior_year_province_anchor,강원,2022,3,2022Q3,"광업, 제조업",14687.679175785763
prior_year_province_anchor,강원,2022,3,2022Q3,교육 서비스업,9641.087229858087
prior_year_province_anchor,강원,2022,3,2022Q3,금융 및 보험업,5360.0175603697235
prior_year_province_anchor,강원,2022,3,2022Q3,도매 및 소매업,6837.03732616293
prior_year_province_anchor,강원,2022,3,2022Q3,문화 및 기타서비스업,6955.977025451848
prior_year_province_anchor,강원,2022,3,2022Q3,보건 및 사회복지업,8779.245200955396
prior_year_province_anchor,강원,2022,3,2022Q3,부동산업,7620.665769132255
prior_year_province_anchor,강원,2022,3,2022Q3,사업서비스업,5717.639423735813
prior_year_province_anchor,강원,2022,3,2022Q3,숙박 및 음식점업,6564.7643546135905
prior_year_province_anchor,강원,2022,3,2022Q3,운수 및 창고업,6823.308011450226
prior_year_province_anchor,강원,2022,3,2022Q3,정보통신업,2387.0962088292467
prior_year_province_anchor,강원,2022,4,2022Q4,건설업,13429.384678854849
prior_year_province_anchor,강원,2022,4,2022Q4,"공공 행정, 국방·사회보장",29529.048010266597
prior_year_province_anchor,강원,2022,4,2022Q4,"광업, 제조업",14416.773531900475
prior_year_province_anchor,강원,2022,4,2022Q4,교육 서비스업,9572.666440663152
prior_year_province_anchor,강원,2022,4,2022Q4,금융 및 보험업,5342.398455790814
prior_year_province_anchor,강원,2022,4,2022Q4,도매 및 소매업,7612.601045184632
prior_year_province_anchor,강원,2022,4,2022Q4,문화 및 기타서비스업,6585.786858006223
prior_year_province_anchor,강원,2022,4,2022Q4,보건 및 사회복지업,9284.033818070342
prior_year_province_anchor,강원,2022,4,2022Q4,부동산업,7549.666961482276
prior_year_province_anchor,강원,2022,4,2022Q4,사업서비스업,6865.870314253626
prior_year_province_anchor,강원,2022,4,2022Q4,숙박 및 음식점업,6786.211888448328
prior_year_province_anchor,강원,2022,4,2022Q4,운수 및 창고업,7199.163697885167
prior_year_province_anchor,강원,2022,4,2022Q4,정보통신업,2578.39699427271
prior_year_province_anchor,강원,2023,1,2023Q1,건설업,7853.041502659446
prior_year_province_anchor,강원,2023,1,2023Q1,"공공 행정, 국방·사회보장",31956.93151775842
prior_year_province_anchor,강원,2023,1,2023Q1,"광업, 제조업",13425.381687669864
prior_year_province_anchor,강원,2023,1,2023Q1,교육 서비스업,10636.866153523355
prior_year_province_anchor,강원,2023,1,2023Q1,금융 및 보험업,5651.759750054782
prior_year_province_anchor,강원,2023,1,2023Q1,도매 및 소매업,6908.420599693293
prior_year_province_anchor,강원,2023,1,2023Q1,문화 및 기타서비스업,6625.667934038432
prior_year_province_anchor,강원,2023,1,2023Q1,보건 및 사회복지업,9046.702982684452
prior_year_province_anchor,강원,2023,1,2023Q1,부동산업,8156.177890746381
prior_year_province_anchor,강원,2023,1,2023Q1,사업서비스업,5361.492747066594
prior_year_province_anchor,강원,2023,1,2023Q1,숙박 및 음식점업,4765.222624104217
prior_year_province_anchor,강원,2023,1,2023Q1,운수 및 창고업,6023.503834948216
prior_year_province_anchor,강원,2023,1,2023Q1,정보통신업,2450.60230578157
prior_year_province_anchor,강원,2023,2,2023Q2,건설업,10633.415893835998
prior_year_province_anchor,강원,2023,2,2023Q2,"공공 행정, 국방·사회보장",30735.267195681503
prior_year_province_anchor,강원,2023,2,2023Q2,"광업, 제조업",14833.676585669122
prior_year_province_anchor,강원,2023,2,2023Q2,교육 서비스업,9127.916980120564
prior_year_province_anchor,강원,2023,2,2023Q2,금융 및 보험업,5594.737469883675
prior_year_province_anchor,강원,2023,2,2023Q2,도매 및 소매업,6413.68607589538
prior_year_province_anchor,강원,2023,2,2023Q2,문화 및 기타서비스업,6290.323652342886
prior_year_province_anchor,강원,2023,2,2023Q2,보건 및 사회복지업,9157.783399494623
prior_year_province_anchor,강원,2023,2,2023Q2,부동산업,8164.669037381087
prior_year_province_anchor,강원,2023,2,2023Q2,사업서비스업,6009.782899460268
prior_year_province_anchor,강원,2023,2,2023Q2,숙박 및 음식점업,5428.43554495597
prior_year_province_anchor,강원,2023,2,2023Q2,운수 및 창고업,7671.1364342093275
prior_year_province_anchor,강원,2023,2,2023Q2,정보통신업,2416.706382727666
prior_year_province_anchor,강원,2023,3,2023Q3,건설업,10103.129904366435
prior_year_province_anchor,강원,2023,3,2023Q3,"공공 행정, 국방·사회보장",28612.874445702313
prior_year_province_anchor,강원,2023,3,2023Q3,"광업, 제조업",14977.586323219211
prior_year_province_anchor,강원,2023,3,2023Q3,교육 서비스업,9796.492383498982
prior_year_province_anchor,강원,2023,3,2023Q3,금융 및 보험업,5585.092641697183
prior_year_province_anchor,강원,2023,3,2023Q3,도매 및 소매업,6167.166840824529
prior_year_province_anchor,강원,2023,3,2023Q3,문화 및 기타서비스업,7222.157625823043
prior_year_province_anchor,강원,2023,3,2023Q3,보건 및 사회복지업,9000.495034816517
prior_year_province_anchor,강원,2023,3,2023Q3,부동산업,8061.936584262946
prior_year_province_anchor,강원,2023,3,2023Q3,사업서비스업,5883.823428776502
prior_year_province_anchor,강원,2023,3,2023Q3,숙박 및 음식점업,5724.504371648288
prior_year_province_anchor,강원,2023,3,2023Q3,운수 및 창고업,7914.605482559798
prior_year_province_anchor,강원,2023,3,2023Q3,정보통신업,2495.5282281430377
prior_year_province_anchor,강원,2023,4,2023Q4,건설업,11307.602201608259
prior_year_province_anchor,강원,2023,4,2023Q4,"공공 행정, 국방·사회보장",29010.913924916902
prior_year_province_anchor,강원,2023,4,2023Q4,"광업, 제조업",15513.461056163578
prior_year_province_anchor,강원,2023,4,2023Q4,교육 서비스업,9684.616478014676
prior_year_province_anchor,강원,2023,4,2023Q4,금융 및 보험업,5253.41626079665
prior_year_province_anchor,강원,2023,4,2023Q4,도매 및 소매업,6731.564832853911
prior_year_province_anchor,강원,2023,4,2023Q4,문화 및 기타서비스업,6428.526079260134
prior_year_province_anchor,강원,2023,4,2023Q4,보건 및 사회복지업,9564.706346407804
prior_year_province_anchor,강원,2023,4,2023Q4,부동산업,7985.15882470144
prior_year_province_anchor,강원,2023,4,2023Q4,사업서비스업,7047.649521367108
prior_year_province_anchor,강원,2023,4,2023Q4,숙박 및 음식점업,5959.814742109021
prior_year_province_anchor,강원,2023,4,2023Q4,운수 및 창고업,8195.442797775066
prior_year_province_anchor,강원,2023,4,2023Q4,정보통신업,2718.805950261998
prior_year_province_anchor,강원,2024,1,2024Q1,건설업,8329.704079797206
prior_year_province_anchor,강원,2024,1,2024Q1,"공공 행정, 국방·사회보장",33110.45510627441
prior_year_province_anchor,강원,2024,1,2024Q1,"광업, 제조업",14574.699327880187
prior_year_province_anchor,강원,2024,1,2024Q1,교육 서비스업,10990.446649349818
prior_year_province_anchor,강원,2024,1,2024Q1,금융 및 보험업,5651.346427276678
prior_year_province_anchor,강원,2024,1,2024Q1,도매 및 소매업,6998.724437387665
prior_year_province_anchor,강원,2024,1,2024Q1,문화 및 기타서비스업,6745.98394465497
prior_year_province_anchor,강원,2024,1,2024Q1,보건 및 사회복지업,9354.1580873116
prior_year_province_anchor,강원,2024,1,2024Q1,부동산업,8186.47762158021
prior_year_province_anchor,강원,2024,1,2024Q1,사업서비스업,5948.503014949609
prior_year_province_anchor,강원,2024,1,2024Q1,숙박 및 음식점업,4977.890050273545
prior_year_province_anchor,강원,2024,1,2024Q1,운수 및 창고업,5622.92851281569
prior_year_province_anchor,강원,2024,1,2024Q1,정보통신업,2438.743351466374
prior_year_province_anchor,강원,2024,2,2024Q2,건설업,10799.522729347447
prior_year_province_anchor,강원,2024,2,2024Q2,"공공 행정, 국방·사회보장",32198.984537182278
prior_year_province_anchor,강원,2024,2,2024Q2,"광업, 제조업",15699.175617299685
prior_year_province_anchor,강원,2024,2,2024Q2,교육 서비스업,9439.923168390258
prior_year_province_anchor,강원,2024,2,2024Q2,금융 및 보험업,5624.100342157461
prior_year_province_anchor,강원,2024,2,2024Q2,도매 및 소매업,6590.6564415954235
prior_year_province_anchor,강원,2024,2,2024Q2,문화 및 기타서비스업,6365.153577610189
prior_year_province_anchor,강원,2024,2,2024Q2,보건 및 사회복지업,9346.500683314329
prior_year_province_anchor,강원,2024,2,2024Q2,부동산업,8317.580124890568
prior_year_province_anchor,강원,2024,2,2024Q2,사업서비스업,6568.415961592988
prior_year_province_anchor,강원,2024,2,2024Q2,숙박 및 음식점업,5614.826524521719
prior_year_province_anchor,강원,2024,2,2024Q2,운수 및 창고업,6509.185984787326
prior_year_province_anchor,강원,2024,2,2024Q2,정보통신업,2339.6737355014125
prior_year_province_anchor,강원,2024,3,2024Q3,건설업,9690.451783681836
prior_year_province_anchor,강원,2024,3,2024Q3,"공공 행정, 국방·사회보장",29618.322205115648
prior_year_province_anchor,강원,2024,3,2024Q3,"광업, 제조업",15681.458047733697
prior_year_province_anchor,강원,2024,3,2024Q3,교육 서비스업,10072.776366800343
prior_year_province_anchor,강원,2024,3,2024Q3,금융 및 보험업,5830.233575502726
prior_year_province_anchor,강원,2024,3,2024Q3,도매 및 소매업,6325.904467937757
prior_year_province_anchor,강원,2024,3,2024Q3,문화 및 기타서비스업,7191.392512176453
prior_year_province_anchor,강원,2024,3,2024Q3,보건 및 사회복지업,9250.20625029694
prior_year_province_anchor,강원,2024,3,2024Q3,부동산업,8141.126309213631
prior_year_province_anchor,강원,2024,3,2024Q3,사업서비스업,6397.690979210491
prior_year_province_anchor,강원,2024,3,2024Q3,숙박 및 음식점업,5787.496942142596
prior_year_province_anchor,강원,2024,3,2024Q3,운수 및 창고업,6777.702977817304
prior_year_province_anchor,강원,2024,3,2024Q3,정보통신업,2417.09787370152
prior_year_province_anchor,강원,2024,4,2024Q4,건설업,10815.827265957687
prior_year_province_anchor,강원,2024,4,2024Q4,"공공 행정, 국방·사회보장",30132.232870284402
prior_year_province_anchor,강원,2024,4,2024Q4,"광업, 제조업",16071.229094868675
prior_year_province_anchor,강원,2024,4,2024Q4,교육 서비스업,9980.464759019083
prior_year_province_anchor,강원,2024,4,2024Q4,금융 및 보험업,5596.3169223001405
prior_year_province_anchor,강원,2024,4,2024Q4,도매 및 소매업,6924.381340923351
prior_year_province_anchor,강원,2024,4,2024Q4,문화 및 기타서비스업,6357.079264084747
prior_year_province_anchor,강원,2024,4,2024Q4,보건 및 사회복지업,9979.056356645222
prior_year_province_anchor,강원,2024,4,2024Q4,부동산업,8050.0374080342735
prior_year_province_anchor,강원,2024,4,2024Q4,사업서비스업,7415.658942609075
prior_year_province_anchor,강원,2024,4,2024Q4,숙박 및 음식점업,5942.939417650968
prior_year_province_anchor,강원,2024,4,2024Q4,운수 및 창고업,6860.77475157528
prior_year_province_anchor,강원,2024,4,2024Q4,정보통신업,2637.815104127822
prior_year_province_anchor,강원,2025,1,2025Q1,건설업,7377.623592590676
prior_year_province_anchor,강원,2025,1,2025Q1,"공공 행정, 국방·사회보장",33461.901577284225
prior_year_province_anchor,강원,2025,1,2025Q1,"광업, 제조업",13512.373144427136
prior_year_province_anchor,강원,2025,1,2025Q1,교육 서비스업,10954.013087196794
prior_year_province_anchor,강원,2025,1,2025Q1,금융 및 보험업,5829.46927392131
prior_year_province_anchor,강원,2025,1,2025Q1,도매 및 소매업,6929.070971742533
prior_year_province_anchor,강원,2025,1,2025Q1,문화 및 기타서비스업,6626.201268580886
prior_year_province_anchor,강원,2025,1,2025Q1,보건 및 사회복지업,9823.208592188419
prior_year_province_anchor,강원,2025,1,2025Q1,부동산업,8286.757213829716
prior_year_province_anchor,강원,2025,1,2025Q1,사업서비스업,6027.582409822428
prior_year_province_anchor,강원,2025,1,2025Q1,숙박 및 음식점업,4737.719735179815
prior_year_province_anchor,강원,2025,1,2025Q1,운수 및 창고업,5394.919867249307
prior_year_province_anchor,강원,2025,1,2025Q1,정보통신업,2394.185676730949
prior_year_province_anchor,강원,2025,2,2025Q2,건설업,9772.03750414241
prior_year_province_anchor,강원,2025,2,2025Q2,"공공 행정, 국방·사회보장",32425.08886053653
prior_year_province_anchor,강원,2025,2,2025Q2,"광업, 제조업",14833.349292308372
prior_year_province_anchor,강원,2025,2,2025Q2,교육 서비스업,9371.252947892684
prior_year_province_anchor,강원,2025,2,2025Q2,금융 및 보험업,5746.358651566749
prior_year_province_anchor,강원,2025,2,2025Q2,도매 및 소매업,6587.971615889277
prior_year_province_anchor,강원,2025,2,2025Q2,문화 및 기타서비스업,6252.992973330107
prior_year_province_anchor,강원,2025,2,2025Q2,보건 및 사회복지업,9964.877701968007
prior_year_province_anchor,강원,2025,2,2025Q2,부동산업,8410.418043183176
prior_year_province_anchor,강원,2025,2,2025Q2,사업서비스업,6688.4872389821685
prior_year_province_anchor,강원,2025,2,2025Q2,숙박 및 음식점업,5429.106841454733
prior_year_province_anchor,강원,2025,2,2025Q2,운수 및 창고업,6214.733380286109
prior_year_province_anchor,강원,2025,2,2025Q2,정보통신업,2343.4095246005304
prior_year_province_anchor,강원,2025,3,2025Q3,건설업,9116.988017535634
prior_year_province_anchor,강원,2025,3,2025Q3,"공공 행정, 국방·사회보장",29854.576310735247
prior_year_province_anchor,강원,2025,3,2025Q3,"광업, 제조업",14993.42619164554
prior_year_province_anchor,강원,2025,3,2025Q3,교육 서비스업,10127.88638365834
prior_year_province_anchor,강원,2025,3,2025Q3,금융 및 보험업,5905.854534803406
prior_year_province_anchor,강원,2025,3,2025Q3,도매 및 소매업,6579.250283486411
prior_year_province_anchor,강원,2025,3,2025Q3,문화 및 기타서비스업,7325.988382786777
prior_year_province_anchor,강원,2025,3,2025Q3,보건 및 사회복지업,9741.794368806084
prior_year_province_anchor,강원,2025,3,2025Q3,부동산업,8332.203995369786
prior_year_province_anchor,강원,2025,3,2025Q3,사업서비스업,6713.716756287105
prior_year_province_anchor,강원,2025,3,2025Q3,숙박 및 음식점업,5794.381752991724
prior_year_province_anchor,강원,2025,3,2025Q3,운수 및 창고업,6406.536043281224
prior_year_province_anchor,강원,2025,3,2025Q3,정보통신업,2398.851401704057
prior_year_province_anchor,강원,2025,4,2025Q4,건설업,10088.895416199108
prior_year_province_anchor,강원,2025,4,2025Q4,"공공 행정, 국방·사회보장",30586.93686661355
prior_year_province_anchor,강원,2025,4,2025Q4,"광업, 제조업",15129.340504918033
prior_year_province_anchor,강원,2025,4,2025Q4,교육 서비스업,10020.297245172187
prior_year_province_anchor,강원,2025,4,2025Q4,금융 및 보험업,5813.048047434018
prior_year_province_anchor,강원,2025,4,2025Q4,도매 및 소매업,7171.571107859268
prior_year_province_anchor,강원,2025,4,2025Q4,문화 및 기타서비스업,6257.605848557593
prior_year_province_anchor,강원,2025,4,2025Q4,보건 및 사회복지업,10725.831541852041
prior_year_province_anchor,강원,2025,4,2025Q4,부동산업,8326.680906334348
prior_year_province_anchor,강원,2025,4,2025Q4,사업서비스업,7725.830599719615
prior_year_province_anchor,강원,2025,4,2025Q4,숙박 및 음식점업,5882.833098645421
prior_year_province_anchor,강원,2025,4,2025Q4,운수 및 창고업,6413.801799559321
prior_year_province_anchor,강원,2025,4,2025Q4,정보통신업,2616.127925376112
prior_year_province_anchor,경기도,2021,1,2021Q1,건설업,60848.33294290838
prior_year_province_anchor,경기도,2021,1,2021Q1,"공공 행정, 국방·사회보장",63201.09246738965
prior_year_province_anchor,경기도,2021,1,2021Q1,"광업, 제조업",473572.51880883286
prior_year_province_anchor,경기도,2021,1,2021Q1,교육 서비스업,54718.26666190129
prior_year_province_anchor,경기도,2021,1,2021Q1,금융 및 보험업,43256.84522456882
prior_year_province_anchor,경기도,2021,1,2021Q1,도매 및 소매업,100025.52346801363
prior_year_province_anchor,경기도,2021,1,2021Q1,문화 및 기타서비스업,36876.7113188085
prior_year_province_anchor,경기도,2021,1,2021Q1,보건 및 사회복지업,58240.6570242664
prior_year_province_anchor,경기도,2021,1,2021Q1,부동산업,109606.21802955837
prior_year_province_anchor,경기도,2021,1,2021Q1,사업서비스업,69496.32225612816
prior_year_province_anchor,경기도,2021,1,2021Q1,숙박 및 음식점업,20723.057071613475
prior_year_province_anchor,경기도,2021,1,2021Q1,운수 및 창고업,35450.750402043086
prior_year_province_anchor,경기도,2021,1,2021Q1,정보통신업,58904.76467686879
prior_year_province_anchor,경기도,2021,2,2021Q2,건설업,84849.53916964789
prior_year_province_anchor,경기도,2021,2,2021Q2,"공공 행정, 국방·사회보장",61311.474705257104
prior_year_province_anchor,경기도,2021,2,2021Q2,"광업, 제조업",508492.09949056356
prior_year_province_anchor,경기도,2021,2,2021Q2,교육 서비스업,47371.18528155855
prior_year_province_anchor,경기도,2021,2,2021Q2,금융 및 보험업,43164.33265758479
prior_year_province_anchor,경기도,2021,2,2021Q2,도매 및 소매업,101431.34303338749
prior_year_province_anchor,경기도,2021,2,2021Q2,문화 및 기타서비스업,36916.89322821861
prior_year_province_anchor,경기도,2021,2,2021Q2,보건 및 사회복지업,60892.92867740804
prior_year_province_anchor,경기도,2021,2,2021Q2,부동산업,110716.31732747317
prior_year_province_anchor,경기도,2021,2,2021Q2,사업서비스업,77455.59280450031
prior_year_province_anchor,경기도,2021,2,2021Q2,숙박 및 음식점업,26404.337948194596
prior_year_province_anchor,경기도,2021,2,2021Q2,운수 및 창고업,39925.202432996135
prior_year_province_anchor,경기도,2021,2,2021Q2,정보통신업,60689.64939314879
prior_year_province_anchor,경기도,2021,3,2021Q3,건설업,77660.40375139289
prior_year_province_anchor,경기도,2021,3,2021Q3,"공공 행정, 국방·사회보장",56913.251743732195
prior_year_province_anchor,경기도,2021,3,2021Q3,"광업, 제조업",505294.3693213563
prior_year_province_anchor,경기도,2021,3,2021Q3,교육 서비스업,51571.66935548639
prior_year_province_anchor,경기도,2021,3,2021Q3,금융 및 보험업,44416.90697887132
prior_year_province_anchor,경기도,2021,3,2021Q3,도매 및 소매업,98209.06322557078
prior_year_province_anchor,경기도,2021,3,2021Q3,문화 및 기타서비스업,40083.85323367884
prior_year_province_anchor,경기도,2021,3,2021Q3,보건 및 사회복지업,61066.07630910935
prior_year_province_anchor,경기도,2021,3,2021Q3,부동산업,107037.74822219297
prior_year_province_anchor,경기도,2021,3,2021Q3,사업서비스업,77138.6459407638
prior_year_province_anchor,경기도,2021,3,2021Q3,숙박 및 음식점업,27528.17443484289
prior_year_province_anchor,경기도,2021,3,2021Q3,운수 및 창고업,40427.29234105318
prior_year_province_anchor,경기도,2021,3,2021Q3,정보통신업,61504.92001695915
prior_year_province_anchor,경기도,2021,4,2021Q4,건설업,91294.51679883254
prior_year_province_anchor,경기도,2021,4,2021Q4,"공공 행정, 국방·사회보장",58040.4962989538
prior_year_province_anchor,경기도,2021,4,2021Q4,"광업, 제조업",526948.4303037304
prior_year_province_anchor,경기도,2021,4,2021Q4,교육 서비스업,51047.715852150075
prior_year_province_anchor,경기도,2021,4,2021Q4,금융 및 보험업,43643.41357671052
prior_year_province_anchor,경기도,2021,4,2021Q4,도매 및 소매업,110159.0578006901
prior_year_province_anchor,경기도,2021,4,2021Q4,문화 및 기타서비스업,39466.02806414546
prior_year_province_anchor,경기도,2021,4,2021Q4,보건 및 사회복지업,64535.269883044675
prior_year_province_anchor,경기도,2021,4,2021Q4,부동산업,105013.30887930238
prior_year_province_anchor,경기도,2021,4,2021Q4,사업서비스업,90951.35049890525
prior_year_province_anchor,경기도,2021,4,2021Q4,숙박 및 음식점업,31541.453067765447
prior_year_province_anchor,경기도,2021,4,2021Q4,운수 및 창고업,42359.72973318629
prior_year_province_anchor,경기도,2021,4,2021Q4,정보통신업,68599.06609654638
prior_year_province_anchor,경기도,2022,1,2022Q1,건설업,62218.510909288474
prior_year_province_anchor,경기도,2022,1,2022Q1,"공공 행정, 국방·사회보장",66959.11311916902
prior_year_province_anchor,경기도,2022,1,2022Q1,"광업, 제조업",501952.53641740605
prior_year_province_anchor,경기도,2022,1,2022Q1,교육 서비스업,56761.86596475959
prior_year_province_anchor,경기도,2022,1,2022Q1,금융 및 보험업,45083.482180591775
prior_year_province_anchor,경기도,2022,1,2022Q1,도매 및 소매업,105585.96375772094
prior_year_province_anchor,경기도,2022,1,2022Q1,문화 및 기타서비스업,38452.74807368367
prior_year_province_anchor,경기도,2022,1,2022Q1,보건 및 사회복지업,64262.2048981301
prior_year_province_anchor,경기도,2022,1,2022Q1,부동산업,107993.4905420726
prior_year_province_anchor,경기도,2022,1,2022Q1,사업서비스업,71352.64042666621
prior_year_province_anchor,경기도,2022,1,2022Q1,숙박 및 음식점업,21957.320163156437
prior_year_province_anchor,경기도,2022,1,2022Q1,운수 및 창고업,38384.99071997617
prior_year_province_anchor,경기도,2022,1,2022Q1,정보통신업,61740.33383466923
prior_year_province_anchor,경기도,2022,2,2022Q2,건설업,86000.25788826428
prior_year_province_anchor,경기도,2022,2,2022Q2,"공공 행정, 국방·사회보장",64584.41848839893
prior_year_province_anchor,경기도,2022,2,2022Q2,"광업, 제조업",536136.501099381
prior_year_province_anchor,경기도,2022,2,2022Q2,교육 서비스업,48854.9223437423
prior_year_province_anchor,경기도,2022,2,2022Q2,금융 및 보험업,44359.20772019345
prior_year_province_anchor,경기도,2022,2,2022Q2,도매 및 소매업,106434.50337126561
prior_year_province_anchor,경기도,2022,2,2022Q2,문화 및 기타서비스업,39233.90936311298
prior_year_province_anchor,경기도,2022,2,2022Q2,보건 및 사회복지업,66171.09376864825
prior_year_province_anchor,경기도,2022,2,2022Q2,부동산업,107473.30146543894
prior_year_province_anchor,경기도,2022,2,2022Q2,사업서비스업,79734.55569840697
prior_year_province_anchor,경기도,2022,2,2022Q2,숙박 및 음식점업,29803.116096133814
prior_year_province_anchor,경기도,2022,2,2022Q2,운수 및 창고업,44641.08069246908
prior_year_province_anchor,경기도,2022,2,2022Q2,정보통신업,64230.030901044054
prior_year_province_anchor,경기도,2022,3,2022Q3,건설업,81142.28824690217
prior_year_province_anchor,경기도,2022,3,2022Q3,"공공 행정, 국방·사회보장",60088.83051530622
prior_year_province_anchor,경기도,2022,3,2022Q3,"광업, 제조업",534720.0670507218
prior_year_province_anchor,경기도,2022,3,2022Q3,교육 서비스업,52723.745792595306
prior_year_province_anchor,경기도,2022,3,2022Q3,금융 및 보험업,44022.566526094975
prior_year_province_anchor,경기도,2022,3,2022Q3,도매 및 소매업,104181.13560947354
prior_year_province_anchor,경기도,2022,3,2022Q3,문화 및 기타서비스업,44667.20485060598
prior_year_province_anchor,경기도,2022,3,2022Q3,보건 및 사회복지업,64324.69897758518
prior_year_province_anchor,경기도,2022,3,2022Q3,부동산업,105360.72864869997
prior_year_province_anchor,경기도,2022,3,2022Q3,사업서비스업,77424.29771516359
prior_year_province_anchor,경기도,2022,3,2022Q3,숙박 및 음식점업,32101.240351007866
prior_year_province_anchor,경기도,2022,3,2022Q3,운수 및 창고업,47114.50209947773
prior_year_province_anchor,경기도,2022,3,2022Q3,정보통신업,64290.82566694715
prior_year_province_anchor,경기도,2022,4,2022Q4,건설업,95531.89194557296
prior_year_province_anchor,경기도,2022,4,2022Q4,"공공 행정, 국방·사회보장",61375.523209762905
prior_year_province_anchor,경기도,2022,4,2022Q4,"광업, 제조업",524857.4684516473
prior_year_province_anchor,경기도,2022,4,2022Q4,교육 서비스업,52349.57634360717
prior_year_province_anchor,경기도,2022,4,2022Q4,금융 및 보험업,43877.858380138496
prior_year_province_anchor,경기도,2022,4,2022Q4,도매 및 소매업,115998.98962001078
prior_year_province_anchor,경기도,2022,4,2022Q4,문화 및 기타서비스업,42290.06070788223
prior_year_province_anchor,경기도,2022,4,2022Q4,보건 및 사회복지업,68023.23741682332
prior_year_province_anchor,경기도,2022,4,2022Q4,부동산업,104379.1233226285
prior_year_province_anchor,경기도,2022,4,2022Q4,사업서비스업,92972.84209243601
prior_year_province_anchor,경기도,2022,4,2022Q4,숙박 및 음식점업,33184.10336402233
prior_year_province_anchor,경기도,2022,4,2022Q4,운수 및 창고업,49709.76139275943
prior_year_province_anchor,경기도,2022,4,2022Q4,정보통신업,69443.06268253345
prior_year_province_anchor,경기도,2023,1,2023Q1,건설업,66736.9272191608
prior_year_province_anchor,경기도,2023,1,2023Q1,"공공 행정, 국방·사회보장",68397.98097311248
prior_year_province_anchor,경기도,2023,1,2023Q1,"광업, 제조업",488418.6270613342
prior_year_province_anchor,경기도,2023,1,2023Q1,교육 서비스업,57432.50689371318
prior_year_province_anchor,경기도,2023,1,2023Q1,금융 및 보험업,47166.43603104667
prior_year_province_anchor,경기도,2023,1,2023Q1,도매 및 소매업,109370.48276189591
prior_year_province_anchor,경기도,2023,1,2023Q1,문화 및 기타서비스업,44422.43045296549
prior_year_province_anchor,경기도,2023,1,2023Q1,보건 및 사회복지업,68341.90635272082
prior_year_province_anchor,경기도,2023,1,2023Q1,부동산업,108470.05299592057
prior_year_province_anchor,경기도,2023,1,2023Q1,사업서비스업,76380.70752835392
prior_year_province_anchor,경기도,2023,1,2023Q1,숙박 및 음식점업,24804.37574226677
prior_year_province_anchor,경기도,2023,1,2023Q1,운수 및 창고업,42787.50153770864
prior_year_province_anchor,경기도,2023,1,2023Q1,정보통신업,63910.83853699267
prior_year_province_anchor,경기도,2023,2,2023Q2,건설업,90365.17919301448
prior_year_province_anchor,경기도,2023,2,2023Q2,"공공 행정, 국방·사회보장",65783.2313995962
prior_year_province_anchor,경기도,2023,2,2023Q2,"광업, 제조업",539652.7354524574
prior_year_province_anchor,경기도,2023,2,2023Q2,교육 서비스업,49285.113427169235
prior_year_province_anchor,경기도,2023,2,2023Q2,금융 및 보험업,46690.559870527126
prior_year_province_anchor,경기도,2023,2,2023Q2,도매 및 소매업,101538.10589283894
prior_year_province_anchor,경기도,2023,2,2023Q2,문화 및 기타서비스업,42174.08233474939
prior_year_province_anchor,경기도,2023,2,2023Q2,보건 및 사회복지업,69181.04603242424
prior_year_province_anchor,경기도,2023,2,2023Q2,부동산업,108582.97784108705
prior_year_province_anchor,경기도,2023,2,2023Q2,사업서비스업,85616.35566955211
prior_year_province_anchor,경기도,2023,2,2023Q2,숙박 및 음식점업,28256.59272846173
prior_year_province_anchor,경기도,2023,2,2023Q2,운수 및 창고업,54491.33444065056
prior_year_province_anchor,경기도,2023,2,2023Q2,정보통신업,63026.84489173675
prior_year_province_anchor,경기도,2023,3,2023Q3,건설업,85858.68862212088
prior_year_province_anchor,경기도,2023,3,2023Q3,"공공 행정, 국방·사회보장",61240.63697528863
prior_year_province_anchor,경기도,2023,3,2023Q3,"광업, 제조업",544888.206448379
prior_year_province_anchor,경기도,2023,3,2023Q3,교육 서비스업,52895.00762996309
prior_year_province_anchor,경기도,2023,3,2023Q3,금융 및 보험업,46610.06951145195
prior_year_province_anchor,경기도,2023,3,2023Q3,도매 및 소매업,97635.34297319427
prior_year_province_anchor,경기도,2023,3,2023Q3,문화 및 기타서비스업,48421.65318990428
prior_year_province_anchor,경기도,2023,3,2023Q3,보건 및 사회복지업,67992.83561921866
prior_year_province_anchor,경기도,2023,3,2023Q3,부동산업,107216.72580693653
prior_year_province_anchor,경기도,2023,3,2023Q3,사업서비스업,83821.91633248747
prior_year_province_anchor,경기도,2023,3,2023Q3,숙박 및 음식점업,29797.717456968792
prior_year_province_anchor,경기도,2023,3,2023Q3,운수 및 창고업,56220.798315187916
prior_year_province_anchor,경기도,2023,3,2023Q3,정보통신업,65082.49065018755
prior_year_province_anchor,경기도,2023,4,2023Q4,건설업,96094.56729553695
prior_year_province_anchor,경기도,2023,4,2023Q4,"공공 행정, 국방·사회보장",62092.56785328104
prior_year_province_anchor,경기도,2023,4,2023Q4,"광업, 제조업",564383.4586080943
prior_year_province_anchor,경기도,2023,4,2023Q4,교육 서비스업,52290.94684549609
prior_year_province_anchor,경기도,2023,4,2023Q4,금융 및 보험업,43842.08334526673
prior_year_province_anchor,경기도,2023,4,2023Q4,도매 및 소매업,106570.59524501435
prior_year_province_anchor,경기도,2023,4,2023Q4,문화 및 기타서비스업,43100.67385114924
prior_year_province_anchor,경기도,2023,4,2023Q4,보건 및 사회복지업,72255.08195290736
prior_year_province_anchor,경기도,2023,4,2023Q4,부동산업,106195.64856216565
prior_year_province_anchor,경기도,2023,4,2023Q4,사업서비스업,100401.97427263223
prior_year_province_anchor,경기도,2023,4,2023Q4,숙박 및 음식점업,31022.57667245135
prior_year_province_anchor,경기도,2023,4,2023Q4,운수 및 창고업,58215.70483237162
prior_year_province_anchor,경기도,2023,4,2023Q4,정보통신업,70905.49441280798
prior_year_province_anchor,경기도,2024,1,2024Q1,건설업,65487.21606076654
prior_year_province_anchor,경기도,2024,1,2024Q1,"공공 행정, 국방·사회보장",69931.98797337833
prior_year_province_anchor,경기도,2024,1,2024Q1,"광업, 제조업",520731.24977502116
prior_year_province_anchor,경기도,2024,1,2024Q1,교육 서비스업,57880.77062198947
prior_year_province_anchor,경기도,2024,1,2024Q1,금융 및 보험업,48886.78253277786
prior_year_province_anchor,경기도,2024,1,2024Q1,도매 및 소매업,105259.76149497047
prior_year_province_anchor,경기도,2024,1,2024Q1,문화 및 기타서비스업,44079.7097609659
prior_year_province_anchor,경기도,2024,1,2024Q1,보건 및 사회복지업,72135.92405340908
prior_year_province_anchor,경기도,2024,1,2024Q1,부동산업,109926.77028411021
prior_year_province_anchor,경기도,2024,1,2024Q1,사업서비스업,76809.8892654908
prior_year_province_anchor,경기도,2024,1,2024Q1,숙박 및 음식점업,24480.719451081342
prior_year_province_anchor,경기도,2024,1,2024Q1,운수 및 창고업,50841.50037013159
prior_year_province_anchor,경기도,2024,1,2024Q1,정보통신업,67894.70599493367
prior_year_province_anchor,경기도,2024,2,2024Q2,건설업,84904.65826334056
prior_year_province_anchor,경기도,2024,2,2024Q2,"공공 행정, 국방·사회보장",68006.88761848286
prior_year_province_anchor,경기도,2024,2,2024Q2,"광업, 제조업",560907.0318175148
prior_year_province_anchor,경기도,2024,2,2024Q2,교육 서비스업,49714.99749112784
prior_year_province_anchor,경기도,2024,2,2024Q2,금융 및 보험업,48651.09118820485
prior_year_province_anchor,경기도,2024,2,2024Q2,도매 및 소매업,99122.48029536167
prior_year_province_anchor,경기도,2024,2,2024Q2,문화 및 기타서비스업,41591.28224835719
prior_year_province_anchor,경기도,2024,2,2024Q2,보건 및 사회복지업,72076.87289048906
prior_year_province_anchor,경기도,2024,2,2024Q2,부동산업,111687.19466089946
prior_year_province_anchor,경기도,2024,2,2024Q2,사업서비스업,84814.49894060675
prior_year_province_anchor,경기도,2024,2,2024Q2,숙박 및 음식점업,27613.103448468668
prior_year_province_anchor,경기도,2024,2,2024Q2,운수 및 창고업,58854.879783826924
prior_year_province_anchor,경기도,2024,2,2024Q2,정보통신업,65136.60418609526
prior_year_province_anchor,경기도,2024,3,2024Q3,건설업,76185.26463906061
prior_year_province_anchor,경기도,2024,3,2024Q3,"공공 행정, 국방·사회보장",62556.317803293736
prior_year_province_anchor,경기도,2024,3,2024Q3,"광업, 제조업",560274.010721469
prior_year_province_anchor,경기도,2024,3,2024Q3,교육 서비스업,53047.89486857277
prior_year_province_anchor,경기도,2024,3,2024Q3,금융 및 보험업,50434.23980261114
prior_year_province_anchor,경기도,2024,3,2024Q3,도매 및 소매업,95140.65048453823
prior_year_province_anchor,경기도,2024,3,2024Q3,문화 및 기타서비스업,46990.105122483285
prior_year_province_anchor,경기도,2024,3,2024Q3,보건 및 사회복지업,71334.28463807
prior_year_province_anchor,경기도,2024,3,2024Q3,부동산업,109317.79979313102
prior_year_province_anchor,경기도,2024,3,2024Q3,사업서비스업,82610.01708043179
prior_year_province_anchor,경기도,2024,3,2024Q3,숙박 및 음식점업,28462.277698720627
prior_year_province_anchor,경기도,2024,3,2024Q3,운수 및 창고업,61282.76176194655
prior_year_province_anchor,경기도,2024,3,2024Q3,정보통신업,67292.0950854745
prior_year_province_anchor,경기도,2024,4,2024Q4,건설업,85032.84273442582
prior_year_province_anchor,경기도,2024,4,2024Q4,"공공 행정, 국방·사회보장",63641.739140470156
prior_year_province_anchor,경기도,2024,4,2024Q4,"광업, 제조업",574199.921639745
prior_year_province_anchor,경기도,2024,4,2024Q4,교육 서비스업,52561.73928580123
prior_year_province_anchor,경기도,2024,4,2024Q4,금융 및 보험업,48410.75164752017
prior_year_province_anchor,경기도,2024,4,2024Q4,도매 및 소매업,104141.65252059397
prior_year_province_anchor,경기도,2024,4,2024Q4,문화 및 기타서비스업,41538.52294746936
prior_year_province_anchor,경기도,2024,4,2024Q4,보건 및 사회복지업,76954.91617188763
prior_year_province_anchor,경기도,2024,4,2024Q4,부동산업,108094.67195009142
prior_year_province_anchor,경기도,2024,4,2024Q4,사업서비스업,95754.50172605734
prior_year_province_anchor,경기도,2024,4,2024Q4,숙박 및 음식점업,29226.72681175255
prior_year_province_anchor,경기도,2024,4,2024Q4,운수 및 창고업,62033.88168222253
prior_year_province_anchor,경기도,2024,4,2024Q4,정보통신업,73436.87102460695
prior_year_province_anchor,경기도,2025,1,2025Q1,건설업,54779.63101040878
prior_year_province_anchor,경기도,2025,1,2025Q1,"공공 행정, 국방·사회보장",71243.39186506557
prior_year_province_anchor,경기도,2025,1,2025Q1,"광업, 제조업",547465.1259673017
prior_year_province_anchor,경기도,2025,1,2025Q1,교육 서비스업,57964.37489779791
prior_year_province_anchor,경기도,2025,1,2025Q1,금융 및 보험업,50524.537098085544
prior_year_province_anchor,경기도,2025,1,2025Q1,도매 및 소매업,105389.2795717922
prior_year_province_anchor,경기도,2025,1,2025Q1,문화 및 기타서비스업,43189.73232720773
prior_year_province_anchor,경기도,2025,1,2025Q1,보건 및 사회복지업,77136.51473201478
prior_year_province_anchor,경기도,2025,1,2025Q1,부동산업,108560.3778290647
prior_year_province_anchor,경기도,2025,1,2025Q1,사업서비스업,73757.08496016524
prior_year_province_anchor,경기도,2025,1,2025Q1,숙박 및 음식점업,23469.012073314807
prior_year_province_anchor,경기도,2025,1,2025Q1,운수 및 창고업,54431.39655563425
prior_year_province_anchor,경기도,2025,1,2025Q1,정보통신업,70623.84902033451
prior_year_province_anchor,경기도,2025,2,2025Q2,건설업,72558.40610171627
prior_year_province_anchor,경기도,2025,2,2025Q2,"공공 행정, 국방·사회보장",69035.92453092926
prior_year_province_anchor,경기도,2025,2,2025Q2,"광업, 제조업",600985.5820315175
prior_year_province_anchor,경기도,2025,2,2025Q2,교육 서비스업,49589.02411470038
prior_year_province_anchor,경기도,2025,2,2025Q2,금융 및 보험업,49804.209822121826
prior_year_province_anchor,경기도,2025,2,2025Q2,도매 및 소매업,100201.25140432536
prior_year_province_anchor,경기도,2025,2,2025Q2,문화 및 기타서비스업,40757.15207182004
prior_year_province_anchor,경기도,2025,2,2025Q2,보건 및 사회복지업,78248.96808888178
prior_year_province_anchor,경기도,2025,2,2025Q2,부동산업,110180.39227028216
prior_year_province_anchor,경기도,2025,2,2025Q2,사업서비스업,81844.30970809773
prior_year_province_anchor,경기도,2025,2,2025Q2,숙박 및 음식점업,26893.9027911032
prior_year_province_anchor,경기도,2025,2,2025Q2,운수 및 창고업,62702.806609501466
prior_year_province_anchor,경기도,2025,2,2025Q2,정보통신업,69126.05069301822
prior_year_province_anchor,경기도,2025,3,2025Q3,건설업,67694.59477825508
prior_year_province_anchor,경기도,2025,3,2025Q3,"공공 행정, 국방·사회보장",63563.072593432626
prior_year_province_anchor,경기도,2025,3,2025Q3,"광업, 제조업",607471.231807717
prior_year_province_anchor,경기도,2025,3,2025Q3,교육 서비스업,53592.83384012339
prior_year_province_anchor,경기도,2025,3,2025Q3,금융 및 보험업,51186.57505829051
prior_year_province_anchor,경기도,2025,3,2025Q3,도매 및 소매업,100068.60231722661
prior_year_province_anchor,경기도,2025,3,2025Q3,문화 및 기타서비스업,47750.96083861611
prior_year_province_anchor,경기도,2025,3,2025Q3,보건 및 사회복지업,76497.21145525032
prior_year_province_anchor,경기도,2025,3,2025Q3,부동산업,109155.75182733644
prior_year_province_anchor,경기도,2025,3,2025Q3,사업서비스업,82153.0330941657
prior_year_province_anchor,경기도,2025,3,2025Q3,숙박 및 음식점업,28703.347373754368
prior_year_province_anchor,경기도,2025,3,2025Q3,운수 및 창고업,64637.97655953017
prior_year_province_anchor,경기도,2025,3,2025Q3,정보통신업,70761.47888725491
prior_year_province_anchor,경기도,2025,4,2025Q4,건설업,74911.10941970967
prior_year_province_anchor,경기도,2025,4,2025Q4,"공공 행정, 국방·사회보장",65122.333950664484
prior_year_province_anchor,경기도,2025,4,2025Q4,"광업, 제조업",612977.9141529402
prior_year_province_anchor,경기도,2025,4,2025Q4,교육 서비스업,53023.513983692734
prior_year_province_anchor,경기도,2025,4,2025Q4,금융 및 보험업,50382.21284387516
prior_year_province_anchor,경기도,2025,4,2025Q4,도매 및 소매업,109077.64050006497
prior_year_province_anchor,경기도,2025,4,2025Q4,문화 및 기타서비스업,40787.21889868789
prior_year_province_anchor,경기도,2025,4,2025Q4,보건 및 사회복지업,84224.34024246459
prior_year_province_anchor,경기도,2025,4,2025Q4,부동산업,109083.3967894128
prior_year_province_anchor,경기도,2025,4,2025Q4,사업서비스업,94537.86032071045
prior_year_province_anchor,경기도,2025,4,2025Q4,숙박 및 음식점업,29141.504507371472
prior_year_province_anchor,경기도,2025,4,2025Q4,운수 및 창고업,64711.28353553375
prior_year_province_anchor,경기도,2025,4,2025Q4,정보통신업,77170.71629628932
prior_year_province_anchor,경남,2021,1,2021Q1,건설업,10925.40975415684
prior_year_province_anchor,경남,2021,1,2021Q1,"공공 행정, 국방·사회보장",26903.624439463318
prior_year_province_anchor,경남,2021,1,2021Q1,"광업, 제조업",100401.96870884295
prior_year_province_anchor,경남,2021,1,2021Q1,교육 서비스업,15739.849977781798
prior_year_province_anchor,경남,2021,1,2021Q1,금융 및 보험업,11136.278958244298
prior_year_province_anchor,경남,2021,1,2021Q1,도매 및 소매업,14714.828445564266
prior_year_province_anchor,경남,2021,1,2021Q1,문화 및 기타서비스업,8341.087113838976
prior_year_province_anchor,경남,2021,1,2021Q1,보건 및 사회복지업,16104.769326663785
prior_year_province_anchor,경남,2021,1,2021Q1,부동산업,17876.29362952475
prior_year_province_anchor,경남,2021,1,2021Q1,사업서비스업,10901.845755345483
prior_year_province_anchor,경남,2021,1,2021Q1,숙박 및 음식점업,4629.63410713084
prior_year_province_anchor,경남,2021,1,2021Q1,운수 및 창고업,8769.957794806855
prior_year_province_anchor,경남,2021,1,2021Q1,정보통신업,4696.178358565581
prior_year_province_anchor,경남,2021,2,2021Q2,건설업,15234.862453003716
prior_year_province_anchor,경남,2021,2,2021Q2,"공공 행정, 국방·사회보장",26099.24646715557
prior_year_province_anchor,경남,2021,2,2021Q2,"광업, 제조업",107805.25861204846
prior_year_province_anchor,경남,2021,2,2021Q2,교육 서비스업,13626.443143905119
prior_year_province_anchor,경남,2021,2,2021Q2,금융 및 보험업,11112.462016723739
prior_year_province_anchor,경남,2021,2,2021Q2,도매 및 소매업,14921.639597484995
prior_year_province_anchor,경남,2021,2,2021Q2,문화 및 기타서비스업,8350.175798670236
prior_year_province_anchor,경남,2021,2,2021Q2,보건 및 사회복지업,16838.17834620314
prior_year_province_anchor,경남,2021,2,2021Q2,부동산업,18057.345958162732
prior_year_province_anchor,경남,2021,2,2021Q2,사업서비스업,12150.411679792884
prior_year_province_anchor,경남,2021,2,2021Q2,숙박 및 음식점업,5898.860535814429
prior_year_province_anchor,경남,2021,2,2021Q2,운수 및 창고업,9876.866817079186
prior_year_province_anchor,경남,2021,2,2021Q2,정보통신업,4838.478171205698
prior_year_province_anchor,경남,2021,3,2021Q3,건설업,13944.042369300641
prior_year_province_anchor,경남,2021,3,2021Q3,"공공 행정, 국방·사회보장",24226.998154059645
prior_year_province_anchor,경남,2021,3,2021Q3,"광업, 제조업",107127.30879098279
prior_year_province_anchor,경남,2021,3,2021Q3,교육 서비스업,14834.723178910683
prior_year_province_anchor,경남,2021,3,2021Q3,금융 및 보험업,11434.931604724521
prior_year_province_anchor,경남,2021,3,2021Q3,도매 및 소매업,14447.607641123464
prior_year_province_anchor,경남,2021,3,2021Q3,문화 및 기타서비스업,9066.50565420469
prior_year_province_anchor,경남,2021,3,2021Q3,보건 및 사회복지업,16886.057316161292
prior_year_province_anchor,경남,2021,3,2021Q3,부동산업,17457.387464523687
prior_year_province_anchor,경남,2021,3,2021Q3,사업서비스업,12100.692418270506
prior_year_province_anchor,경남,2021,3,2021Q3,숙박 및 음식점업,6149.931201278747
prior_year_province_anchor,경남,2021,3,2021Q3,운수 및 창고업,10001.075959422335
prior_year_province_anchor,경남,2021,3,2021Q3,정보통신업,4903.475566253707
prior_year_province_anchor,경남,2021,4,2021Q4,건설업,16392.06788575211
prior_year_province_anchor,경남,2021,4,2021Q4,"공공 행정, 국방·사회보장",24706.846887382726
prior_year_province_anchor,경남,2021,4,2021Q4,"광업, 제조업",111718.17981246901
prior_year_province_anchor,경남,2021,4,2021Q4,교육 서비스업,14684.00660762739
prior_year_province_anchor,경남,2021,4,2021Q4,금융 및 보험업,11235.79923031984
prior_year_province_anchor,경남,2021,4,2021Q4,도매 및 소매업,16205.580146556396
prior_year_province_anchor,경남,2021,4,2021Q4,문화 및 기타서비스업,8926.760720996075
prior_year_province_anchor,경남,2021,4,2021Q4,보건 및 사회복지업,17845.362466762424
prior_year_province_anchor,경남,2021,4,2021Q4,부동산업,17127.21028316236
prior_year_province_anchor,경남,2021,4,2021Q4,사업서비스업,14267.48297161863
prior_year_province_anchor,경남,2021,4,2021Q4,숙박 및 음식점업,7046.517625578503
prior_year_province_anchor,경남,2021,4,2021Q4,운수 및 창고업,10479.130561311304
prior_year_province_anchor,경남,2021,4,2021Q4,정보통신업,5469.055880074109
prior_year_province_anchor,경남,2022,1,2022Q1,건설업,10352.405822805687
prior_year_province_anchor,경남,2022,1,2022Q1,"공공 행정, 국방·사회보장",26570.460707923787
prior_year_province_anchor,경남,2022,1,2022Q1,"광업, 제조업",97996.85008159396
prior_year_province_anchor,경남,2022,1,2022Q1,교육 서비스업,16505.216938140693
prior_year_province_anchor,경남,2022,1,2022Q1,금융 및 보험업,11381.236553593943
prior_year_province_anchor,경남,2022,1,2022Q1,도매 및 소매업,15274.013590459215
prior_year_province_anchor,경남,2022,1,2022Q1,문화 및 기타서비스업,8700.671134970764
prior_year_province_anchor,경남,2022,1,2022Q1,보건 및 사회복지업,17329.16313980057
prior_year_province_anchor,경남,2022,1,2022Q1,부동산업,18162.259296776698
prior_year_province_anchor,경남,2022,1,2022Q1,사업서비스업,11516.696327880847
prior_year_province_anchor,경남,2022,1,2022Q1,숙박 및 음식점업,5325.784557712843
prior_year_province_anchor,경남,2022,1,2022Q1,운수 및 창고업,10064.122226429075
prior_year_province_anchor,경남,2022,1,2022Q1,정보통신업,4792.666732862902
prior_year_province_anchor,경남,2022,2,2022Q2,건설업,14309.400169079674
prior_year_province_anchor,경남,2022,2,2022Q2,"공공 행정, 국방·사회보장",25628.14341247366
prior_year_province_anchor,경남,2022,2,2022Q2,"광업, 제조업",104670.63020838333
prior_year_province_anchor,경남,2022,2,2022Q2,교육 서비스업,14206.035655700785
prior_year_province_anchor,경남,2022,2,2022Q2,금융 및 보험업,11198.394888203053
prior_year_province_anchor,경남,2022,2,2022Q2,도매 및 소매업,15396.762913646378
prior_year_province_anchor,경남,2022,2,2022Q2,문화 및 기타서비스업,8877.423846367887
prior_year_province_anchor,경남,2022,2,2022Q2,보건 및 사회복지업,17843.920557561087
prior_year_province_anchor,경남,2022,2,2022Q2,부동산업,18074.77431184151
prior_year_province_anchor,경남,2022,2,2022Q2,사업서비스업,12869.582111131956
prior_year_province_anchor,경남,2022,2,2022Q2,숙박 및 음식점업,7228.795422077377
prior_year_province_anchor,경남,2022,2,2022Q2,운수 및 창고업,11704.400183040365
prior_year_province_anchor,경남,2022,2,2022Q2,정보통신업,4985.932424248273
prior_year_province_anchor,경남,2022,3,2022Q3,건설업,13501.092923096669
prior_year_province_anchor,경남,2022,3,2022Q3,"공공 행정, 국방·사회보장",23844.22128397285
prior_year_province_anchor,경남,2022,3,2022Q3,"광업, 제조업",104394.09793681116
prior_year_province_anchor,경남,2022,3,2022Q3,교육 서비스업,15331.012244002677
prior_year_province_anchor,경남,2022,3,2022Q3,금융 및 보험업,11113.41047975892
prior_year_province_anchor,경남,2022,3,2022Q3,도매 및 소매업,15070.791841422317
prior_year_province_anchor,경남,2022,3,2022Q3,문화 및 기타서비스업,10106.811070532243
prior_year_province_anchor,경남,2022,3,2022Q3,보건 및 사회복지업,17346.01550426372
prior_year_province_anchor,경남,2022,3,2022Q3,부동산업,17719.48349673458
prior_year_province_anchor,경남,2022,3,2022Q3,사업서비스업,12496.694163706636
prior_year_province_anchor,경남,2022,3,2022Q3,숙박 및 음식점업,7786.209285762375
prior_year_province_anchor,경남,2022,3,2022Q3,운수 및 창고업,12352.904061527606
prior_year_province_anchor,경남,2022,3,2022Q3,정보통신업,4990.65169014755
prior_year_province_anchor,경남,2022,4,2022Q4,건설업,15895.348506216818
prior_year_province_anchor,경남,2022,4,2022Q4,"공공 행정, 국방·사회보장",24354.80178733747
prior_year_province_anchor,경남,2022,4,2022Q4,"광업, 제조업",102468.60991512153
prior_year_province_anchor,경남,2022,4,2022Q4,교육 서비스업,15222.211241389268
prior_year_province_anchor,경남,2022,4,2022Q4,금융 및 보험업,11076.8791924514
prior_year_province_anchor,경남,2022,4,2022Q4,도매 및 소매업,16780.356790615762
prior_year_province_anchor,경남,2022,4,2022Q4,문화 및 기타서비스업,9568.936654206293
prior_year_province_anchor,경남,2022,4,2022Q4,보건 및 사회복지업,18343.37586707701
prior_year_province_anchor,경남,2022,4,2022Q4,부동산업,17554.397894169848
prior_year_province_anchor,경남,2022,4,2022Q4,사업서비스업,15006.31206800361
prior_year_province_anchor,경남,2022,4,2022Q4,숙박 및 음식점업,8048.859512200655
prior_year_province_anchor,경남,2022,4,2022Q4,운수 및 창고업,13033.35249324418
prior_year_province_anchor,경남,2022,4,2022Q4,정보통신업,5390.60020695585
prior_year_province_anchor,경남,2023,1,2023Q1,건설업,10684.298688997984
prior_year_province_anchor,경남,2023,1,2023Q1,"공공 행정, 국방·사회보장",27508.606487273588
prior_year_province_anchor,경남,2023,1,2023Q1,"광업, 제조업",96107.85723815452
prior_year_province_anchor,경남,2023,1,2023Q1,교육 서비스업,16949.444267246723
prior_year_province_anchor,경남,2023,1,2023Q1,금융 및 보험업,11465.082504980634
prior_year_province_anchor,경남,2023,1,2023Q1,도매 및 소매업,15711.57801084583
prior_year_province_anchor,경남,2023,1,2023Q1,문화 및 기타서비스업,9378.086996955395
prior_year_province_anchor,경남,2023,1,2023Q1,보건 및 사회복지업,17939.411351779127
prior_year_province_anchor,경남,2023,1,2023Q1,부동산업,18585.53690336203
prior_year_province_anchor,경남,2023,1,2023Q1,사업서비스업,12010.324599855407
prior_year_province_anchor,경남,2023,1,2023Q1,숙박 및 음식점업,5776.102518036101
prior_year_province_anchor,경남,2023,1,2023Q1,운수 및 창고업,10443.249212578392
prior_year_province_anchor,경남,2023,1,2023Q1,정보통신업,5065.531156464771
prior_year_province_anchor,경남,2023,2,2023Q2,건설업,14467.081506650367
prior_year_province_anchor,경남,2023,2,2023Q2,"공공 행정, 국방·사회보장",26456.994786792246
prior_year_province_anchor,경남,2023,2,2023Q2,"광업, 제조업",106189.37358941331
prior_year_province_anchor,경남,2023,2,2023Q2,교육 서비스업,14544.990779954616
prior_year_province_anchor,경남,2023,2,2023Q2,금융 및 보험업,11349.407887570096
prior_year_province_anchor,경남,2023,2,2023Q2,도매 및 소매업,14586.420682461008
prior_year_province_anchor,경남,2023,2,2023Q2,문화 및 기타서비스업,8903.434799021368
prior_year_province_anchor,경남,2023,2,2023Q2,보건 및 사회복지업,18159.68135446395
prior_year_province_anchor,경남,2023,2,2023Q2,부동산업,18604.885735774114
prior_year_province_anchor,경남,2023,2,2023Q2,사업서비스업,13462.564774832375
prior_year_province_anchor,경남,2023,2,2023Q2,숙박 및 음식점업,6580.007419089073
prior_year_province_anchor,경남,2023,2,2023Q2,운수 및 창고업,13299.832078022859
prior_year_province_anchor,경남,2023,2,2023Q2,정보통신업,4995.466399771447
prior_year_province_anchor,경남,2023,3,2023Q3,건설업,13745.611500390378
prior_year_province_anchor,경남,2023,3,2023Q3,"공공 행정, 국방·사회보장",24630.033805317034
prior_year_province_anchor,경남,2023,3,2023Q3,"광업, 제조업",107219.57569713789
prior_year_province_anchor,경남,2023,3,2023Q3,교육 서비스업,15610.34042095399
prior_year_province_anchor,경남,2023,3,2023Q3,금융 및 보험업,11329.842521065722
prior_year_province_anchor,경남,2023,3,2023Q3,도매 및 소매업,14025.770655859895
prior_year_province_anchor,경남,2023,3,2023Q3,문화 및 기타서비스업,10222.369004148235
prior_year_province_anchor,경남,2023,3,2023Q3,보건 및 사회복지업,17847.782016085108
prior_year_province_anchor,경남,2023,3,2023Q3,부동산업,18370.788610358744
prior_year_province_anchor,경남,2023,3,2023Q3,사업서비스업,13180.40191446747
prior_year_province_anchor,경남,2023,3,2023Q3,숙박 및 음식점업,6938.883389902917
prior_year_province_anchor,경남,2023,3,2023Q3,운수 및 창고업,13721.946517914323
prior_year_province_anchor,경남,2023,3,2023Q3,정보통신업,5158.395534710899
prior_year_province_anchor,경남,2023,4,2023Q4,건설업,15384.332215414885
prior_year_province_anchor,경남,2023,4,2023Q4,"공공 행정, 국방·사회보장",24972.66718343186
prior_year_province_anchor,경남,2023,4,2023Q4,"광업, 제조업",111055.72527779762
prior_year_province_anchor,경남,2023,4,2023Q4,교육 서비스업,15432.0703931577
prior_year_province_anchor,경남,2023,4,2023Q4,금융 및 보험업,10657.008352567824
prior_year_province_anchor,경남,2023,4,2023Q4,도매 및 소매업,15309.361160081373
prior_year_province_anchor,경남,2023,4,2023Q4,문화 및 기타서비스업,9099.048946262574
prior_year_province_anchor,경남,2023,4,2023Q4,보건 및 사회복지업,18966.600532326425
prior_year_province_anchor,경남,2023,4,2023Q4,부동산업,18195.834618084158
prior_year_province_anchor,경남,2023,4,2023Q4,사업서비스업,15787.498446947575
prior_year_province_anchor,경남,2023,4,2023Q4,숙박 및 음식점업,7224.111789613571
prior_year_province_anchor,경남,2023,4,2023Q4,운수 및 창고업,14208.8481870007
prior_year_province_anchor,경남,2023,4,2023Q4,정보통신업,5619.922994825387
prior_year_province_anchor,경남,2024,1,2024Q1,건설업,11813.838692793826
prior_year_province_anchor,경남,2024,1,2024Q1,"공공 행정, 국방·사회보장",27712.466813977615
prior_year_province_anchor,경남,2024,1,2024Q1,"광업, 제조업",108548.01031491417
prior_year_province_anchor,경남,2024,1,2024Q1,교육 서비스업,17061.889652723938
prior_year_province_anchor,경남,2024,1,2024Q1,금융 및 보험업,11663.031275187319
prior_year_province_anchor,경남,2024,1,2024Q1,도매 및 소매업,15095.134028707143
prior_year_province_anchor,경남,2024,1,2024Q1,문화 및 기타서비스업,9673.708910287143
prior_year_province_anchor,경남,2024,1,2024Q1,보건 및 사회복지업,18560.02447662596
prior_year_province_anchor,경남,2024,1,2024Q1,부동산업,18564.89251498988
prior_year_province_anchor,경남,2024,1,2024Q1,사업서비스업,11877.379242506282
prior_year_province_anchor,경남,2024,1,2024Q1,숙박 및 음식점업,5546.106053339186
prior_year_province_anchor,경남,2024,1,2024Q1,운수 및 창고업,11983.85145406912
prior_year_province_anchor,경남,2024,1,2024Q1,정보통신업,4935.349851465726
prior_year_province_anchor,경남,2024,2,2024Q2,건설업,15316.728933157661
prior_year_province_anchor,경남,2024,2,2024Q2,"공공 행정, 국방·사회보장",26949.59303840404
prior_year_province_anchor,경남,2024,2,2024Q2,"광업, 제조업",116922.77408306231
prior_year_province_anchor,경남,2024,2,2024Q2,교육 서비스업,14654.811816842313
prior_year_province_anchor,경남,2024,2,2024Q2,금융 및 보험업,11606.801853232562
prior_year_province_anchor,경남,2024,2,2024Q2,도매 및 소매업,14214.996348703127
prior_year_province_anchor,경남,2024,2,2024Q2,문화 및 기타서비스업,9127.599974183315
prior_year_province_anchor,경남,2024,2,2024Q2,보건 및 사회복지업,18544.83106164513
prior_year_province_anchor,경남,2024,2,2024Q2,부동산업,18862.200343204902
prior_year_province_anchor,경남,2024,2,2024Q2,사업서비스업,13115.159764112917
prior_year_province_anchor,경남,2024,2,2024Q2,숙박 및 음식점업,6255.747527888467
prior_year_province_anchor,경남,2024,2,2024Q2,운수 및 창고업,13872.68533661986
prior_year_province_anchor,경남,2024,2,2024Q2,정보통신업,4734.8600319267225
prior_year_province_anchor,경남,2024,3,2024Q3,건설업,13743.757657655058
prior_year_province_anchor,경남,2024,3,2024Q3,"공공 행정, 국방·사회보장",24789.655368990178
prior_year_province_anchor,경남,2024,3,2024Q3,"광업, 제조업",116790.8189133028
prior_year_province_anchor,경남,2024,3,2024Q3,교육 서비스업,15637.271564125196
prior_year_province_anchor,경남,2024,3,2024Q3,금융 및 보험업,12032.211687561166
prior_year_province_anchor,경남,2024,3,2024Q3,도매 및 소매업,13643.96850463231
prior_year_province_anchor,경남,2024,3,2024Q3,문화 및 기타서비스업,10312.422678908655
prior_year_province_anchor,경남,2024,3,2024Q3,보건 및 사회복지업,18353.768753623015
prior_year_province_anchor,경남,2024,3,2024Q3,부동산업,18462.04703266915
prior_year_province_anchor,경남,2024,3,2024Q3,사업서비스업,12774.273097865796
prior_year_province_anchor,경남,2024,3,2024Q3,숙박 및 음식점업,6448.1279217356805
prior_year_province_anchor,경남,2024,3,2024Q3,운수 및 창고업,14444.961464625125
prior_year_province_anchor,경남,2024,3,2024Q3,정보통신업,4891.5453218060375
prior_year_province_anchor,경남,2024,4,2024Q4,건설업,15339.853303919079
prior_year_province_anchor,경남,2024,4,2024Q4,"공공 행정, 국방·사회보장",25219.78332126769
prior_year_province_anchor,경남,2024,4,2024Q4,"광업, 제조업",119693.71733289004
prior_year_province_anchor,경남,2024,4,2024Q4,교육 서비스업,15493.964334139002
prior_year_province_anchor,경남,2024,4,2024Q4,금융 및 보험업,11549.463500523625
prior_year_province_anchor,경남,2024,4,2024Q4,도매 및 소매업,14934.78780915277
prior_year_province_anchor,경남,2024,4,2024Q4,문화 및 기타서비스업,9116.02144696826
prior_year_province_anchor,경남,2024,4,2024Q4,보건 및 사회복지업,19799.91448767521
prior_year_province_anchor,경남,2024,4,2024Q4,부동산업,18255.480089244596
prior_year_province_anchor,경남,2024,4,2024Q4,사업서비스업,14806.850290416678
prior_year_province_anchor,경남,2024,4,2024Q4,숙박 및 음식점업,6621.31383899306
prior_year_province_anchor,경남,2024,4,2024Q4,운수 및 창고업,14622.0079617436
prior_year_province_anchor,경남,2024,4,2024Q4,정보통신업,5338.2166575763185
prior_year_province_anchor,경남,2025,1,2025Q1,건설업,10637.936509090645
prior_year_province_anchor,경남,2025,1,2025Q1,"공공 행정, 국방·사회보장",28583.44353437662
prior_year_province_anchor,경남,2025,1,2025Q1,"광업, 제조업",110659.41547298947
prior_year_province_anchor,경남,2025,1,2025Q1,교육 서비스업,16752.956711162908
prior_year_province_anchor,경남,2025,1,2025Q1,금융 및 보험업,12073.884597512315
prior_year_province_anchor,경남,2025,1,2025Q1,도매 및 소매업,14997.195620095637
prior_year_province_anchor,경남,2025,1,2025Q1,문화 및 기타서비스업,9439.024173661652
prior_year_province_anchor,경남,2025,1,2025Q1,보건 및 사회복지업,19237.699107429475
prior_year_province_anchor,경남,2025,1,2025Q1,부동산업,18049.895255797073
prior_year_province_anchor,경남,2025,1,2025Q1,사업서비스업,12095.662210527074
prior_year_province_anchor,경남,2025,1,2025Q1,숙박 및 음식점업,5343.018165770121
prior_year_province_anchor,경남,2025,1,2025Q1,운수 및 창고업,11864.479253358691
prior_year_province_anchor,경남,2025,1,2025Q1,정보통신업,4797.811172434116
prior_year_province_anchor,경남,2025,2,2025Q2,건설업,14090.487706355818
prior_year_province_anchor,경남,2025,2,2025Q2,"공공 행정, 국방·사회보장",27697.789212656913
prior_year_province_anchor,경남,2025,2,2025Q2,"광업, 제조업",121477.5335648945
prior_year_province_anchor,경남,2025,2,2025Q2,교육 서비스업,14332.299378837088
prior_year_province_anchor,경남,2025,2,2025Q2,금융 및 보험업,11901.747475591887
prior_year_province_anchor,경남,2025,2,2025Q2,도매 및 소매업,14258.924387706538
prior_year_province_anchor,경남,2025,2,2025Q2,문화 및 기타서비스업,8907.388930798343
prior_year_province_anchor,경남,2025,2,2025Q2,보건 및 사회복지업,19515.142845000555
prior_year_province_anchor,경남,2025,2,2025Q2,부동산업,18319.24850936529
prior_year_province_anchor,경남,2025,2,2025Q2,사업서비스업,13421.9122761911
prior_year_province_anchor,경남,2025,2,2025Q2,숙박 및 음식점업,6122.737962400496
prior_year_province_anchor,경남,2025,2,2025Q2,운수 및 창고업,13667.40879752031
prior_year_province_anchor,경남,2025,2,2025Q2,정보통신업,4696.058667458323
prior_year_province_anchor,경남,2025,3,2025Q3,건설업,13145.959327890749
prior_year_province_anchor,경남,2025,3,2025Q3,"공공 행정, 국방·사회보장",25502.03532963403
prior_year_province_anchor,경남,2025,3,2025Q3,"광업, 제조업",122788.48138449978
prior_year_province_anchor,경남,2025,3,2025Q3,교육 서비스업,15489.486894927992
prior_year_province_anchor,경남,2025,3,2025Q3,금융 및 보험업,12232.092280151135
prior_year_province_anchor,경남,2025,3,2025Q3,도매 및 소매업,14240.048043583776
prior_year_province_anchor,경남,2025,3,2025Q3,문화 및 기타서비스업,10435.870967121786
prior_year_province_anchor,경남,2025,3,2025Q3,보건 및 사회복지업,19078.258094058358
prior_year_province_anchor,경남,2025,3,2025Q3,부동산업,18148.885684181092
prior_year_province_anchor,경남,2025,3,2025Q3,사업서비스업,13472.54081982708
prior_year_province_anchor,경남,2025,3,2025Q3,숙박 및 음식점업,6534.68096387231
prior_year_province_anchor,경남,2025,3,2025Q3,운수 및 창고업,14089.22020006942
prior_year_province_anchor,경남,2025,3,2025Q3,정보통신업,4807.161018446915
prior_year_province_anchor,경남,2025,4,2025Q4,건설업,14547.37118767728
prior_year_province_anchor,경남,2025,4,2025Q4,"공공 행정, 국방·사회보장",26127.624002393823
prior_year_province_anchor,경남,2025,4,2025Q4,"광업, 제조업",123901.54999949357
prior_year_province_anchor,경남,2025,4,2025Q4,교육 서비스업,15324.941155818318
prior_year_province_anchor,경남,2025,4,2025Q4,금융 및 보험업,12039.8732691665
prior_year_province_anchor,경남,2025,4,2025Q4,도매 및 소매업,15522.059919230951
prior_year_province_anchor,경남,2025,4,2025Q4,문화 및 기타서비스업,8913.959971884702
prior_year_province_anchor,경남,2025,4,2025Q4,보건 및 사회복지업,21005.389221115718
prior_year_province_anchor,경남,2025,4,2025Q4,부동산업,18136.855504461124
prior_year_province_anchor,경남,2025,4,2025Q4,사업서비스업,15503.568574637748
prior_year_province_anchor,경남,2025,4,2025Q4,숙박 및 음식점업,6634.432990803169
prior_year_province_anchor,경남,2025,4,2025Q4,운수 및 창고업,14105.199012867874
prior_year_province_anchor,경남,2025,4,2025Q4,정보통신업,5242.570745818105
prior_year_province_anchor,경북,2021,1,2021Q1,건설업,11041.589664079751
prior_year_province_anchor,경북,2021,1,2021Q1,"공공 행정, 국방·사회보장",24912.986932074364
prior_year_province_anchor,경북,2021,1,2021Q1,"광업, 제조업",113955.65976636019
prior_year_province_anchor,경북,2021,1,2021Q1,교육 서비스업,13141.513066515827
prior_year_province_anchor,경북,2021,1,2021Q1,금융 및 보험업,8376.115729586245
prior_year_province_anchor,경북,2021,1,2021Q1,도매 및 소매업,10526.178216812961
prior_year_province_anchor,경북,2021,1,2021Q1,문화 및 기타서비스업,7796.650660781363
prior_year_province_anchor,경북,2021,1,2021Q1,보건 및 사회복지업,11561.58137935842
prior_year_province_anchor,경북,2021,1,2021Q1,부동산업,13294.352309867418
prior_year_province_anchor,경북,2021,1,2021Q1,사업서비스업,9576.430490969604
prior_year_province_anchor,경북,2021,1,2021Q1,숙박 및 음식점업,3660.668678905076
prior_year_province_anchor,경북,2021,1,2021Q1,운수 및 창고업,7678.431720100751
prior_year_province_anchor,경북,2021,1,2021Q1,정보통신업,3368.8144772091528
prior_year_province_anchor,경북,2021,2,2021Q2,건설업,15396.868728951806
prior_year_province_anchor,경북,2021,2,2021Q2,"공공 행정, 국방·사회보장",24168.126032099986
prior_year_province_anchor,경북,2021,2,2021Q2,"광업, 제조업",122358.35142879085
prior_year_province_anchor,경북,2021,2,2021Q2,교육 서비스업,11376.987765356109
prior_year_province_anchor,경북,2021,2,2021Q2,금융 및 보험업,8358.20189505956
prior_year_province_anchor,경북,2021,2,2021Q2,도매 및 소매업,10674.119529917309
prior_year_province_anchor,경북,2021,2,2021Q2,문화 및 기타서비스업,7805.146112228898
prior_year_province_anchor,경북,2021,2,2021Q2,보건 및 사회복지업,12088.094233517773
prior_year_province_anchor,경북,2021,2,2021Q2,부동산업,13428.99842238483
prior_year_province_anchor,경북,2021,2,2021Q2,사업서비스업,10673.199337015785
prior_year_province_anchor,경북,2021,2,2021Q2,숙박 및 음식점업,4664.250674027364
prior_year_province_anchor,경북,2021,2,2021Q2,운수 및 창고업,8647.572683688339
prior_year_province_anchor,경북,2021,2,2021Q2,정보통신업,3470.8935790498676
prior_year_province_anchor,경북,2021,3,2021Q3,건설업,14092.322170505371
prior_year_province_anchor,경북,2021,3,2021Q3,"공공 행정, 국방·사회보장",22434.40803946629
prior_year_province_anchor,경북,2021,3,2021Q3,"광업, 제조업",121588.88226258295
prior_year_province_anchor,경북,2021,3,2021Q3,교육 서비스업,12385.80474203949
prior_year_province_anchor,경북,2021,3,2021Q3,금융 및 보험업,8600.746339078443
prior_year_province_anchor,경북,2021,3,2021Q3,도매 및 소매업,10335.023163854672
prior_year_province_anchor,경북,2021,3,2021Q3,문화 및 기타서비스업,8474.719941786907
prior_year_province_anchor,경북,2021,3,2021Q3,보건 및 사회복지업,12122.466449369043
prior_year_province_anchor,경북,2021,3,2021Q3,부동산업,12982.817589208007
prior_year_province_anchor,경북,2021,3,2021Q3,사업서비스업,10629.524801279676
prior_year_province_anchor,경북,2021,3,2021Q3,숙박 및 음식점업,4862.773170619795
prior_year_province_anchor,경북,2021,3,2021Q3,운수 및 창고업,8756.322513597313
prior_year_province_anchor,경북,2021,3,2021Q3,정보통신업,3517.5196116874986
prior_year_province_anchor,경북,2021,4,2021Q4,건설업,16566.379789220293
prior_year_province_anchor,경북,2021,4,2021Q4,"공공 행정, 국방·사회보장",22878.752081271865
prior_year_province_anchor,경북,2021,4,2021Q4,"광업, 제조업",126799.4945930327
prior_year_province_anchor,경북,2021,4,2021Q4,교육 서비스업,12259.968486061463
prior_year_province_anchor,경북,2021,4,2021Q4,금융 및 보험업,8450.969576142194
prior_year_province_anchor,경북,2021,4,2021Q4,도매 및 소매업,11592.579917635408
prior_year_province_anchor,경북,2021,4,2021Q4,문화 및 기타서비스업,8344.096389847964
prior_year_province_anchor,경북,2021,4,2021Q4,보건 및 사회복지업,12811.14967986709
prior_year_province_anchor,경북,2021,4,2021Q4,부동산업,12737.269386394497
prior_year_province_anchor,경북,2021,4,2021Q4,사업서비스업,12532.883148874487
prior_year_province_anchor,경북,2021,4,2021Q4,숙박 및 음식점업,5571.707346715983
prior_year_province_anchor,경북,2021,4,2021Q4,운수 및 창고업,9174.877506103436
prior_year_province_anchor,경북,2021,4,2021Q4,정보통신업,3923.2399663557653
prior_year_province_anchor,경북,2022,1,2022Q1,건설업,10833.898137865042
prior_year_province_anchor,경북,2022,1,2022Q1,"공공 행정, 국방·사회보장",25162.29916444696
prior_year_province_anchor,경북,2022,1,2022Q1,"광업, 제조업",113240.50047022197
prior_year_province_anchor,경북,2022,1,2022Q1,교육 서비스업,13749.878611785189
prior_year_province_anchor,경북,2022,1,2022Q1,금융 및 보험업,8616.18523388395
prior_year_province_anchor,경북,2022,1,2022Q1,도매 및 소매업,11144.099643382368
prior_year_province_anchor,경북,2022,1,2022Q1,문화 및 기타서비스업,8015.508355922246
prior_year_province_anchor,경북,2022,1,2022Q1,보건 및 사회복지업,12465.196376571588
prior_year_province_anchor,경북,2022,1,2022Q1,부동산업,13159.231813217424
prior_year_province_anchor,경북,2022,1,2022Q1,사업서비스업,9770.738350488262
prior_year_province_anchor,경북,2022,1,2022Q1,숙박 및 음식점업,4295.7295705808665
prior_year_province_anchor,경북,2022,1,2022Q1,운수 및 창고업,8643.688189819291
prior_year_province_anchor,경북,2022,1,2022Q1,정보통신업,3406.157103789297
prior_year_province_anchor,경북,2022,2,2022Q2,건설업,14974.933025156757
prior_year_province_anchor,경북,2022,2,2022Q2,"공공 행정, 국방·사회보장",24269.922101188975
prior_year_province_anchor,경북,2022,2,2022Q2,"광업, 제조업",120952.40346462032
prior_year_province_anchor,경북,2022,2,2022Q2,교육 서비스업,11834.516719934854
prior_year_province_anchor,경북,2022,2,2022Q2,금융 및 보험업,8477.764628173732
prior_year_province_anchor,경북,2022,2,2022Q2,도매 및 소매업,11233.658990744083
prior_year_province_anchor,경북,2022,2,2022Q2,문화 및 기타서비스업,8178.342097498931
prior_year_province_anchor,경북,2022,2,2022Q2,보건 및 사회복지업,12835.471169815619
prior_year_province_anchor,경북,2022,2,2022Q2,부동산업,13095.845690482009
prior_year_province_anchor,경북,2022,2,2022Q2,사업서비스업,10918.523499102517
prior_year_province_anchor,경북,2022,2,2022Q2,숙박 및 음식점업,5830.680891761996
prior_year_province_anchor,경북,2022,2,2022Q2,운수 및 창고업,10052.459951786706
prior_year_province_anchor,경북,2022,2,2022Q2,정보통신업,3543.511387807664
prior_year_province_anchor,경북,2022,3,2022Q3,건설업,14129.031259232288
prior_year_province_anchor,경북,2022,3,2022Q3,"공공 행정, 국방·사회보장",22580.542952786476
prior_year_province_anchor,경북,2022,3,2022Q3,"광업, 제조업",120632.85591994997
prior_year_province_anchor,경북,2022,3,2022Q3,교육 서비스업,12771.692619423138
prior_year_province_anchor,경북,2022,3,2022Q3,금융 및 보험업,8413.42703166578
prior_year_province_anchor,경북,2022,3,2022Q3,도매 및 소매업,10995.826669317172
prior_year_province_anchor,경북,2022,3,2022Q3,문화 및 기타서비스업,9310.917207520783
prior_year_province_anchor,경북,2022,3,2022Q3,보건 및 사회복지업,12477.318602598778
prior_year_province_anchor,경북,2022,3,2022Q3,부동산업,12838.4242914863
prior_year_province_anchor,경북,2022,3,2022Q3,사업서비스업,10602.16623269417
prior_year_province_anchor,경북,2022,3,2022Q3,숙박 및 음식점업,6280.285863824872
prior_year_province_anchor,경북,2022,3,2022Q3,운수 및 창고업,10609.435035099172
prior_year_province_anchor,경북,2022,3,2022Q3,정보통신업,3546.865378803381
prior_year_province_anchor,경북,2022,4,2022Q4,건설업,16634.644113627557
prior_year_province_anchor,경북,2022,4,2022Q4,"공공 행정, 국방·사회보장",23064.064089827323
prior_year_province_anchor,경북,2022,4,2022Q4,"광업, 제조업",118407.85351381137
prior_year_province_anchor,경북,2022,4,2022Q4,교육 서비스업,12681.054575440943
prior_year_province_anchor,경북,2022,4,2022Q4,금융 및 보험업,8385.770956089842
prior_year_province_anchor,경북,2022,4,2022Q4,도매 및 소매업,12243.145327757153
prior_year_province_anchor,경북,2022,4,2022Q4,문화 및 기타서비스업,8815.399469679982
prior_year_province_anchor,경북,2022,4,2022Q4,보건 및 사회복지업,13194.738865792136
prior_year_province_anchor,경북,2022,4,2022Q4,부동산업,12718.813637454972
prior_year_province_anchor,경북,2022,4,2022Q4,사업서비스업,12731.320219608268
prior_year_province_anchor,경북,2022,4,2022Q4,숙박 및 음식점업,6492.137156757236
prior_year_province_anchor,경북,2022,4,2022Q4,운수 및 창고업,11193.84606873747
prior_year_province_anchor,경북,2022,4,2022Q4,정보통신업,3831.1095287951794
prior_year_province_anchor,경북,2023,1,2023Q1,건설업,11741.83253639362
prior_year_province_anchor,경북,2023,1,2023Q1,"공공 행정, 국방·사회보장",26604.86948266044
prior_year_province_anchor,경북,2023,1,2023Q1,"광업, 제조업",105191.44924535262
prior_year_province_anchor,경북,2023,1,2023Q1,교육 서비스업,13900.572323265573
prior_year_province_anchor,경북,2023,1,2023Q1,금융 및 보험업,8744.448629724038
prior_year_province_anchor,경북,2023,1,2023Q1,도매 및 소매업,11139.525565274422
prior_year_province_anchor,경북,2023,1,2023Q1,문화 및 기타서비스업,8391.385761772854
prior_year_province_anchor,경북,2023,1,2023Q1,보건 및 사회복지업,12849.500851783663
prior_year_province_anchor,경북,2023,1,2023Q1,부동산업,13260.94579801668
prior_year_province_anchor,경북,2023,1,2023Q1,사업서비스업,9926.871546080638
prior_year_province_anchor,경북,2023,1,2023Q1,숙박 및 음식점업,5039.126967204467
prior_year_province_anchor,경북,2023,1,2023Q1,운수 및 창고업,9410.886262586113
prior_year_province_anchor,경북,2023,1,2023Q1,정보통신업,3632.4843164518043
prior_year_province_anchor,경북,2023,2,2023Q2,건설업,15899.035892394804
prior_year_province_anchor,경북,2023,2,2023Q2,"공공 행정, 국방·사회보장",25587.80625734991
prior_year_province_anchor,경북,2023,2,2023Q2,"광업, 제조업",116225.81569628438
prior_year_province_anchor,경북,2023,2,2023Q2,교육 서비스업,11928.632767546951
prior_year_province_anchor,경북,2023,2,2023Q2,금융 및 보험업,8656.22329429623
prior_year_province_anchor,경북,2023,2,2023Q2,도매 및 소매업,10341.78781952753
prior_year_province_anchor,경북,2023,2,2023Q2,문화 및 기타서비스업,7966.673376738372
prior_year_province_anchor,경북,2023,2,2023Q2,보건 및 사회복지업,13007.274121576062
prior_year_province_anchor,경북,2023,2,2023Q2,부동산업,13274.75136194554
prior_year_province_anchor,경북,2023,2,2023Q2,사업서비스업,11127.18895225862
prior_year_province_anchor,경북,2023,2,2023Q2,숙박 및 음식점업,5740.461275817332
prior_year_province_anchor,경북,2023,2,2023Q2,운수 및 창고업,11985.08284634387
prior_year_province_anchor,경북,2023,2,2023Q2,정보통신업,3582.2409911295035
prior_year_province_anchor,경북,2023,3,2023Q3,건설업,15106.154652350577
prior_year_province_anchor,경북,2023,3,2023Q3,"공공 행정, 국방·사회보장",23820.866209530766
prior_year_province_anchor,경북,2023,3,2023Q3,"광업, 제조업",117353.3869047302
prior_year_province_anchor,경북,2023,3,2023Q3,교육 서비스업,12802.346943703971
prior_year_province_anchor,경북,2023,3,2023Q3,금융 및 보험업,8641.300737721089
prior_year_province_anchor,경북,2023,3,2023Q3,도매 및 소매업,9944.286352763107
prior_year_province_anchor,경북,2023,3,2023Q3,문화 및 기타서비스업,9146.837914901636
prior_year_province_anchor,경북,2023,3,2023Q3,보건 및 사회복지업,12783.869309925303
prior_year_province_anchor,경북,2023,3,2023Q3,부동산업,13107.72098193843
prior_year_province_anchor,경북,2023,3,2023Q3,사업서비스업,10893.973401202587
prior_year_province_anchor,경북,2023,3,2023Q3,숙박 및 음식점업,6053.548098075568
prior_year_province_anchor,경북,2023,3,2023Q3,운수 및 창고업,12365.469343185214
prior_year_province_anchor,경북,2023,3,2023Q3,정보통신업,3699.0772140407576
prior_year_province_anchor,경북,2023,4,2023Q4,건설업,16907.076244850676
prior_year_province_anchor,경북,2023,4,2023Q4,"공공 행정, 국방·사회보장",24152.243093683916
prior_year_province_anchor,경북,2023,4,2023Q4,"광업, 제조업",121552.10848179756
prior_year_province_anchor,경북,2023,4,2023Q4,교육 서비스업,12656.144190659053
prior_year_province_anchor,경북,2023,4,2023Q4,금융 및 보험업,8128.128344919116
prior_year_province_anchor,경북,2023,4,2023Q4,도매 및 소매업,10854.35338913897
prior_year_province_anchor,경북,2023,4,2023Q4,문화 및 기타서비스업,8141.706277424204
prior_year_province_anchor,경북,2023,4,2023Q4,보건 및 사회복지업,13585.247861067583
prior_year_province_anchor,경북,2023,4,2023Q4,부동산업,12982.889753184405
prior_year_province_anchor,경북,2023,4,2023Q4,사업서비스업,13048.81211276196
prior_year_province_anchor,경북,2023,4,2023Q4,숙박 및 음식점업,6302.384076368284
prior_year_province_anchor,경북,2023,4,2023Q4,운수 및 창고업,12804.238555291751
prior_year_province_anchor,경북,2023,4,2023Q4,정보통신업,4030.0378198872195
prior_year_province_anchor,경북,2024,1,2024Q1,건설업,13405.164104844867
prior_year_province_anchor,경북,2024,1,2024Q1,"공공 행정, 국방·사회보장",26716.429528217355
prior_year_province_anchor,경북,2024,1,2024Q1,"광업, 제조업",113111.50428659888
prior_year_province_anchor,경북,2024,1,2024Q1,교육 서비스업,14153.32542976617
prior_year_province_anchor,경북,2024,1,2024Q1,금융 및 보험업,9116.719904192436
prior_year_province_anchor,경북,2024,1,2024Q1,도매 및 소매업,10754.71357564853
prior_year_province_anchor,경북,2024,1,2024Q1,문화 및 기타서비스업,8155.568218111173
prior_year_province_anchor,경북,2024,1,2024Q1,보건 및 사회복지업,12997.70008916226
prior_year_province_anchor,경북,2024,1,2024Q1,부동산업,13577.986029023592
prior_year_province_anchor,경북,2024,1,2024Q1,사업서비스업,11208.810574545623
prior_year_province_anchor,경북,2024,1,2024Q1,숙박 및 음식점업,4989.849463719435
prior_year_province_anchor,경북,2024,1,2024Q1,운수 및 창고업,10065.08403342291
prior_year_province_anchor,경북,2024,1,2024Q1,정보통신업,3746.883036841868
prior_year_province_anchor,경북,2024,2,2024Q2,건설업,17379.89405794464
prior_year_province_anchor,경북,2024,2,2024Q2,"공공 행정, 국방·사회보장",25980.974846364326
prior_year_province_anchor,경북,2024,2,2024Q2,"광업, 제조업",121838.353586848
prior_year_province_anchor,경북,2024,2,2024Q2,교육 서비스업,12156.585523493774
prior_year_province_anchor,경북,2024,2,2024Q2,금융 및 보험업,9072.766674689678
prior_year_province_anchor,경북,2024,2,2024Q2,도매 및 소매업,10127.648679266838
prior_year_province_anchor,경북,2024,2,2024Q2,문화 및 기타서비스업,7695.162728942627
prior_year_province_anchor,경북,2024,2,2024Q2,보건 및 사회복지업,12987.060046553497
prior_year_province_anchor,경북,2024,2,2024Q2,부동산업,13795.430947412613
prior_year_province_anchor,경북,2024,2,2024Q2,사업서비스업,12376.917369510895
prior_year_province_anchor,경북,2024,2,2024Q2,숙박 및 음식점업,5628.316182018276
prior_year_province_anchor,경북,2024,2,2024Q2,운수 및 창고업,11651.491527367136
prior_year_province_anchor,경북,2024,2,2024Q2,정보통신업,3594.6725702085687
prior_year_province_anchor,경북,2024,3,2024Q3,건설업,15595.04337319799
prior_year_province_anchor,경북,2024,3,2024Q3,"공공 행정, 국방·사회보장",23898.669329587607
prior_year_province_anchor,경북,2024,3,2024Q3,"광업, 제조업",121700.85085688924
prior_year_province_anchor,경북,2024,3,2024Q3,교육 서비스업,12971.563981798394
prior_year_province_anchor,경북,2024,3,2024Q3,금융 및 보험업,9405.299633965353
prior_year_province_anchor,경북,2024,3,2024Q3,도매 및 소매업,9720.812880722577
prior_year_province_anchor,경북,2024,3,2024Q3,문화 및 기타서비스업,8694.045627360094
prior_year_province_anchor,경북,2024,3,2024Q3,보건 및 사회복지업,12853.257928935487
prior_year_province_anchor,경북,2024,3,2024Q3,부동산업,13502.76692818735
prior_year_province_anchor,경북,2024,3,2024Q3,사업서비스업,12055.218955126842
prior_year_province_anchor,경북,2024,3,2024Q3,숙박 및 음식점업,5801.401441448302
prior_year_province_anchor,경북,2024,3,2024Q3,운수 및 창고업,12132.13895034058
prior_year_province_anchor,경북,2024,3,2024Q3,정보통신업,3713.626944759565
prior_year_province_anchor,경북,2024,4,2024Q4,건설업,17406.13328407079
prior_year_province_anchor,경북,2024,4,2024Q4,"공공 행정, 국방·사회보장",24313.337688138152
prior_year_province_anchor,경북,2024,4,2024Q4,"광업, 제조업",124725.79075286805
prior_year_province_anchor,경북,2024,4,2024Q4,교육 서비스업,12852.686535998648
prior_year_province_anchor,경북,2024,4,2024Q4,금융 및 보험업,9027.946619844477
prior_year_province_anchor,경북,2024,4,2024Q4,도매 및 소매업,10640.472942808448
prior_year_province_anchor,경북,2024,4,2024Q4,문화 및 기타서비스업,7685.401274525983
prior_year_province_anchor,경북,2024,4,2024Q4,보건 및 사회복지업,13866.002742936342
prior_year_province_anchor,경북,2024,4,2024Q4,부동산업,13351.688053391168
prior_year_province_anchor,경북,2024,4,2024Q4,사업서비스업,13973.38391932286
prior_year_province_anchor,경북,2024,4,2024Q4,숙박 및 음식점업,5957.217368522072
prior_year_province_anchor,경북,2024,4,2024Q4,운수 및 창고업,12280.838045798373
prior_year_province_anchor,경북,2024,4,2024Q4,정보통신업,4052.736694100662
prior_year_province_anchor,경북,2025,1,2025Q1,건설업,11991.069043240015
prior_year_province_anchor,경북,2025,1,2025Q1,"공공 행정, 국방·사회보장",27029.102189767586
prior_year_province_anchor,경북,2025,1,2025Q1,"광업, 제조업",108838.13851498986
prior_year_province_anchor,경북,2025,1,2025Q1,교육 서비스업,13938.70290335515
prior_year_province_anchor,경북,2025,1,2025Q1,금융 및 보험업,9406.80468402938
prior_year_province_anchor,경북,2025,1,2025Q1,도매 및 소매업,10717.361653668122
prior_year_province_anchor,경북,2025,1,2025Q1,문화 및 기타서비스업,7897.587145790136
prior_year_province_anchor,경북,2025,1,2025Q1,보건 및 사회복지업,13675.809774852481
prior_year_province_anchor,경북,2025,1,2025Q1,부동산업,13416.929425009905
prior_year_province_anchor,경북,2025,1,2025Q1,사업서비스업,10932.554072745597
prior_year_province_anchor,경북,2025,1,2025Q1,숙박 및 음식점업,4811.791273067892
prior_year_province_anchor,경북,2025,1,2025Q1,운수 및 창고업,10687.629226609854
prior_year_province_anchor,경북,2025,1,2025Q1,정보통신업,3771.66751661355
prior_year_province_anchor,경북,2025,2,2025Q2,건설업,15882.780536944598
prior_year_province_anchor,경북,2025,2,2025Q2,"공공 행정, 국방·사회보장",26191.6089347026
prior_year_province_anchor,경북,2025,2,2025Q2,"광업, 제조업",119478.20768873017
prior_year_province_anchor,경북,2025,2,2025Q2,교육 서비스업,11924.680903069344
prior_year_province_anchor,경북,2025,2,2025Q2,금융 및 보험업,9272.692065037638
prior_year_province_anchor,경북,2025,2,2025Q2,도매 및 소매업,10189.775030378962
prior_year_province_anchor,경북,2025,2,2025Q2,문화 및 기타서비스업,7452.77043772385
prior_year_province_anchor,경북,2025,2,2025Q2,보건 및 사회복지업,13873.040626476566
prior_year_province_anchor,경북,2025,2,2025Q2,부동산업,13617.146298421449
prior_year_province_anchor,경북,2025,2,2025Q2,사업서비스업,12131.273109743452
prior_year_province_anchor,경북,2025,2,2025Q2,숙박 및 음식점업,5513.987821247423
prior_year_province_anchor,경북,2025,2,2025Q2,운수 및 창고업,12311.724315675416
prior_year_province_anchor,경북,2025,2,2025Q2,정보통신업,3691.677578710981
prior_year_province_anchor,경북,2025,3,2025Q3,건설업,14818.109302086632
prior_year_province_anchor,경북,2025,3,2025Q3,"공공 행정, 국방·사회보장",24115.25812636047
prior_year_province_anchor,경북,2025,3,2025Q3,"광업, 제조업",120767.57940433397
prior_year_province_anchor,경북,2025,3,2025Q3,교육 서비스업,12887.477695799966
prior_year_province_anchor,경북,2025,3,2025Q3,금융 및 보험업,9530.064829351864
prior_year_province_anchor,경북,2025,3,2025Q3,도매 및 소매업,10176.285534623392
prior_year_province_anchor,경북,2025,3,2025Q3,문화 및 기타서비스업,8731.644170913618
prior_year_province_anchor,경북,2025,3,2025Q3,보건 및 사회복지업,13562.465400507268
prior_year_province_anchor,경북,2025,3,2025Q3,부동산업,13490.511436016495
prior_year_province_anchor,경북,2025,3,2025Q3,사업서비스업,12177.033257579176
prior_year_province_anchor,경북,2025,3,2025Q3,숙박 및 음식점업,5884.973597073953
prior_year_province_anchor,경북,2025,3,2025Q3,운수 및 창고업,12691.695806857799
prior_year_province_anchor,경북,2025,3,2025Q3,정보통신업,3779.0176413317604
prior_year_province_anchor,경북,2025,4,2025Q4,건설업,16397.779039197347
prior_year_province_anchor,경북,2025,4,2025Q4,"공공 행정, 국방·사회보장",24706.82786303161
prior_year_province_anchor,경북,2025,4,2025Q4,"광업, 제조업",121862.32869048894
prior_year_province_anchor,경북,2025,4,2025Q4,교육 서비스업,12750.573254929868
prior_year_province_anchor,경북,2025,4,2025Q4,금융 및 보험업,9380.3063420741
prior_year_province_anchor,경북,2025,4,2025Q4,도매 및 소매업,11092.4424791389
prior_year_province_anchor,경북,2025,4,2025Q4,문화 및 기타서비스업,7458.268396905148
prior_year_province_anchor,경북,2025,4,2025Q4,보건 및 사회복지업,14932.435819404993
prior_year_province_anchor,경북,2025,4,2025Q4,부동산업,13481.569108651956
prior_year_province_anchor,경북,2025,4,2025Q4,사업서비스업,14012.759186944986
prior_year_province_anchor,경북,2025,4,2025Q4,숙박 및 음식점업,5974.807828919121
prior_year_province_anchor,경북,2025,4,2025Q4,운수 및 창고업,12706.089664609539
prior_year_province_anchor,경북,2025,4,2025Q4,정보통신업,4121.303043178936
prior_year_province_anchor,광주,2021,1,2021Q1,건설업,4416.071681930466
prior_year_province_anchor,광주,2021,1,2021Q1,"공공 행정, 국방·사회보장",7638.7492364345035
prior_year_province_anchor,광주,2021,1,2021Q1,"광업, 제조업",28791.12763340074
prior_year_province_anchor,광주,2021,1,2021Q1,교육 서비스업,7860.3758255286975
prior_year_province_anchor,광주,2021,1,2021Q1,금융 및 보험업,6418.044657062022
prior_year_province_anchor,광주,2021,1,2021Q1,도매 및 소매업,8528.727957356317
prior_year_province_anchor,광주,2021,1,2021Q1,문화 및 기타서비스업,4142.89808908468
prior_year_province_anchor,광주,2021,1,2021Q1,보건 및 사회복지업,10768.355905344384
prior_year_province_anchor,광주,2021,1,2021Q1,부동산업,11187.628097122886
prior_year_province_anchor,광주,2021,1,2021Q1,사업서비스업,6744.28789332395
prior_year_province_anchor,광주,2021,1,2021Q1,숙박 및 음식점업,1959.394186449987
prior_year_province_anchor,광주,2021,1,2021Q1,운수 및 창고업,2833.8636158390423
prior_year_province_anchor,광주,2021,1,2021Q1,정보통신업,3589.010321029927
prior_year_province_anchor,광주,2021,2,2021Q2,건설업,6157.960769500454
prior_year_province_anchor,광주,2021,2,2021Q2,"공공 행정, 국방·사회보장",7410.3621045966975
prior_year_province_anchor,광주,2021,2,2021Q2,"광업, 제조업",30914.084655571998
prior_year_province_anchor,광주,2021,2,2021Q2,교육 서비스업,6804.954585176283
prior_year_province_anchor,광주,2021,2,2021Q2,금융 및 보험업,6404.318510757073
prior_year_province_anchor,광주,2021,2,2021Q2,도매 및 소매업,8648.595889205099
prior_year_province_anchor,광주,2021,2,2021Q2,문화 및 기타서비스업,4147.412308215331
prior_year_province_anchor,광주,2021,2,2021Q2,보건 및 사회복지업,11258.745378574145
prior_year_province_anchor,광주,2021,2,2021Q2,부동산업,11300.937162239965
prior_year_province_anchor,광주,2021,2,2021Q2,사업서비스업,7516.697285021546
prior_year_province_anchor,광주,2021,2,2021Q2,숙박 및 음식점업,2496.5672822289403
prior_year_province_anchor,광주,2021,2,2021Q2,운수 및 창고업,3191.5425554251606
prior_year_province_anchor,광주,2021,2,2021Q2,정보통신업,3697.761619905637
prior_year_province_anchor,광주,2021,3,2021Q3,건설업,5636.208803544265
prior_year_province_anchor,광주,2021,3,2021Q3,"공공 행정, 국방·사회보장",6878.774421894024
prior_year_province_anchor,광주,2021,3,2021Q3,"광업, 제조업",30719.67671638162
prior_year_province_anchor,광주,2021,3,2021Q3,교육 서비스업,7408.361554812799
prior_year_province_anchor,광주,2021,3,2021Q3,금융 및 보험업,6590.163731058532
prior_year_province_anchor,광주,2021,3,2021Q3,도매 및 소매업,8373.846535934888
prior_year_province_anchor,광주,2021,3,2021Q3,문화 및 기타서비스업,4503.203052172939
prior_year_province_anchor,광주,2021,3,2021Q3,보건 및 사회복지업,11290.75936017381
prior_year_province_anchor,광주,2021,3,2021Q3,부동산업,10925.461538508996
prior_year_province_anchor,광주,2021,3,2021Q3,사업서비스업,7485.939097731475
prior_year_province_anchor,광주,2021,3,2021Q3,숙박 및 음식점업,2602.827602356872
prior_year_province_anchor,광주,2021,3,2021Q3,운수 및 창고업,3231.678640167695
prior_year_province_anchor,광주,2021,3,2021Q3,정보통신업,3747.4352702349265
prior_year_province_anchor,광주,2021,4,2021Q4,건설업,6625.7054359915155
prior_year_province_anchor,광주,2021,4,2021Q4,"공공 행정, 국방·사회보장",7015.0179289175285
prior_year_province_anchor,광주,2021,4,2021Q4,"광업, 제조업",32036.148447243693
prior_year_province_anchor,광주,2021,4,2021Q4,교육 서비스업,7333.0947069651975
prior_year_province_anchor,광주,2021,4,2021Q4,금융 및 보험업,6475.400040566576
prior_year_province_anchor,광주,2021,4,2021Q4,도매 및 소매업,9392.7689998165
prior_year_province_anchor,광주,2021,4,2021Q4,문화 및 기타서비스업,4433.793752300183
prior_year_province_anchor,광주,2021,4,2021Q4,보건 및 사회복지업,11932.192905353495
prior_year_province_anchor,광주,2021,4,2021Q4,부동산업,10718.82477208635
prior_year_province_anchor,광주,2021,4,2021Q4,사업서비스업,8826.396450024235
prior_year_province_anchor,광주,2021,4,2021Q4,숙박 및 음식점업,2982.2887404880794
prior_year_province_anchor,광주,2021,4,2021Q4,운수 및 창고업,3386.1539038319947
prior_year_province_anchor,광주,2021,4,2021Q4,정보통신업,4179.674727233059
prior_year_province_anchor,광주,2022,1,2022Q1,건설업,4543.731488104545
prior_year_province_anchor,광주,2022,1,2022Q1,"공공 행정, 국방·사회보장",7890.753600590897
prior_year_province_anchor,광주,2022,1,2022Q1,"광업, 제조업",29606.45139665827
prior_year_province_anchor,광주,2022,1,2022Q1,교육 서비스업,8146.702784346757
prior_year_province_anchor,광주,2022,1,2022Q1,금융 및 보험업,6481.6031815849965
prior_year_province_anchor,광주,2022,1,2022Q1,도매 및 소매업,8858.860164013247
prior_year_province_anchor,광주,2022,1,2022Q1,문화 및 기타서비스업,4088.5541798730137
prior_year_province_anchor,광주,2022,1,2022Q1,보건 및 사회복지업,11483.695237063168
prior_year_province_anchor,광주,2022,1,2022Q1,부동산업,11207.182798051841
prior_year_province_anchor,광주,2022,1,2022Q1,사업서비스업,7014.050929784296
prior_year_province_anchor,광주,2022,1,2022Q1,숙박 및 음식점업,2314.7841395454507
prior_year_province_anchor,광주,2022,1,2022Q1,운수 및 창고업,3087.703829719133
prior_year_province_anchor,광주,2022,1,2022Q1,정보통신업,3781.1194250752283
prior_year_province_anchor,광주,2022,2,2022Q2,건설업,6280.479459267831
prior_year_province_anchor,광주,2022,2,2022Q2,"공공 행정, 국방·사회보장",7610.909239828467
prior_year_province_anchor,광주,2022,2,2022Q2,"광업, 제조업",31622.70953956041
prior_year_province_anchor,광주,2022,2,2022Q2,교육 서비스업,7011.864834287001
prior_year_province_anchor,광주,2022,2,2022Q2,금융 및 보험업,6377.475030435229
prior_year_province_anchor,광주,2022,2,2022Q2,도매 및 소매업,8930.054227243725
prior_year_province_anchor,광주,2022,2,2022Q2,문화 및 기타서비스업,4171.612489488003
prior_year_province_anchor,광주,2022,2,2022Q2,보건 및 사회복지업,11824.814843295198
prior_year_province_anchor,광주,2022,2,2022Q2,부동산업,11153.199414033785
prior_year_province_anchor,광주,2022,2,2022Q2,사업서비스업,7838.003347712684
prior_year_province_anchor,광주,2022,2,2022Q2,숙박 및 음식점업,3141.903471632262
prior_year_province_anchor,광주,2022,2,2022Q2,운수 및 창고업,3590.9461805654214
prior_year_province_anchor,광주,2022,2,2022Q2,정보통신업,3933.5941746519215
prior_year_province_anchor,광주,2022,3,2022Q3,건설업,5925.708679557355
prior_year_province_anchor,광주,2022,3,2022Q3,"공공 행정, 국방·사회보장",7081.129567831901
prior_year_province_anchor,광주,2022,3,2022Q3,"광업, 제조업",31539.16461693185
prior_year_province_anchor,광주,2022,3,2022Q3,교육 서비스업,7567.1347188691025
prior_year_province_anchor,광주,2022,3,2022Q3,금융 및 보험업,6329.0764922304625
prior_year_province_anchor,광주,2022,3,2022Q3,도매 및 소매업,8740.992450570291
prior_year_province_anchor,광주,2022,3,2022Q3,문화 및 기타서비스업,4749.316921257283
prior_year_province_anchor,광주,2022,3,2022Q3,보건 및 사회복지업,11494.862967204404
prior_year_province_anchor,광주,2022,3,2022Q3,부동산업,10933.964072972507
prior_year_province_anchor,광주,2022,3,2022Q3,사업서비스업,7610.902191280162
prior_year_province_anchor,광주,2022,3,2022Q3,숙박 및 음식점업,3384.176277983802
prior_year_province_anchor,광주,2022,3,2022Q3,운수 및 창고업,3789.909176457339
prior_year_province_anchor,광주,2022,3,2022Q3,정보통신업,3937.3173853315825
prior_year_province_anchor,광주,2022,4,2022Q4,건설업,6976.561463905096
prior_year_province_anchor,광주,2022,4,2022Q4,"공공 행정, 국방·사회보장",7232.759040485885
prior_year_province_anchor,광주,2022,4,2022Q4,"광업, 제조업",30957.44318933967
prior_year_province_anchor,광주,2022,4,2022Q4,교육 서비스업,7513.432338933573
prior_year_province_anchor,광주,2022,4,2022Q4,금융 및 보험업,6308.271959530977
prior_year_province_anchor,광주,2022,4,2022Q4,도매 및 소매업,9732.532541621616
prior_year_province_anchor,광주,2022,4,2022Q4,문화 및 기타서비스업,4496.5630061854645
prior_year_province_anchor,광주,2022,4,2022Q4,보건 및 사회복지업,12155.794043660666
prior_year_province_anchor,광주,2022,4,2022Q4,부동산업,10832.096541238838
prior_year_province_anchor,광주,2022,4,2022Q4,사업서비스업,9139.342925835546
prior_year_province_anchor,광주,2022,4,2022Q4,숙박 및 음식점업,3498.333839525955
prior_year_province_anchor,광주,2022,4,2022Q4,운수 및 창고업,3998.6728600918846
prior_year_province_anchor,광주,2022,4,2022Q4,정보통신업,4252.852178427982
prior_year_province_anchor,광주,2023,1,2023Q1,건설업,4111.165649546278
prior_year_province_anchor,광주,2023,1,2023Q1,"공공 행정, 국방·사회보장",8025.36510929219
prior_year_province_anchor,광주,2023,1,2023Q1,"광업, 제조업",29224.309957573616
prior_year_province_anchor,광주,2023,1,2023Q1,교육 서비스업,8447.294348197369
prior_year_province_anchor,광주,2023,1,2023Q1,금융 및 보험업,6560.754770099081
prior_year_province_anchor,광주,2023,1,2023Q1,도매 및 소매업,8954.899365897552
prior_year_province_anchor,광주,2023,1,2023Q1,문화 및 기타서비스업,4454.179066312179
prior_year_province_anchor,광주,2023,1,2023Q1,보건 및 사회복지업,11792.070203432715
prior_year_province_anchor,광주,2023,1,2023Q1,부동산업,10509.417070684416
prior_year_province_anchor,광주,2023,1,2023Q1,사업서비스업,6974.036755976414
prior_year_province_anchor,광주,2023,1,2023Q1,숙박 및 음식점업,2554.1004898208075
prior_year_province_anchor,광주,2023,1,2023Q1,운수 및 창고업,3402.4272109607773
prior_year_province_anchor,광주,2023,1,2023Q1,정보통신업,3890.8660159837436
prior_year_province_anchor,광주,2023,2,2023Q2,건설업,5566.726490019641
prior_year_province_anchor,광주,2023,2,2023Q2,"공공 행정, 국방·사회보장",7718.5677492197765
prior_year_province_anchor,광주,2023,2,2023Q2,"광업, 제조업",32289.879903238456
prior_year_province_anchor,광주,2023,2,2023Q2,교육 서비스업,7248.95851880646
prior_year_province_anchor,광주,2023,2,2023Q2,금융 및 보험업,6494.561369604502
prior_year_province_anchor,광주,2023,2,2023Q2,도매 및 소매업,8313.609825182233
prior_year_province_anchor,광주,2023,2,2023Q2,문화 및 기타서비스업,4228.740137828878
prior_year_province_anchor,광주,2023,2,2023Q2,보건 및 사회복지업,11936.859755577758
prior_year_province_anchor,광주,2023,2,2023Q2,부동산업,10520.358102450497
prior_year_province_anchor,광주,2023,2,2023Q2,사업서비스업,7817.309248288315
prior_year_province_anchor,광주,2023,2,2023Q2,숙박 및 음식점업,2909.574426638477
prior_year_province_anchor,광주,2023,2,2023Q2,운수 및 창고업,4333.1064539732015
prior_year_province_anchor,광주,2023,2,2023Q2,정보통신업,3837.048840189985
prior_year_province_anchor,광주,2023,3,2023Q3,건설업,5289.115128408393
prior_year_province_anchor,광주,2023,3,2023Q3,"공공 행정, 국방·사회보장",7185.569870045036
prior_year_province_anchor,광주,2023,3,2023Q3,"광업, 제조업",32603.1419671349
prior_year_province_anchor,광주,2023,3,2023Q3,교육 서비스업,7779.909378278501
prior_year_province_anchor,광주,2023,3,2023Q3,금융 및 보험업,6483.365325305079
prior_year_province_anchor,광주,2023,3,2023Q3,도매 및 소매업,7994.06429231246
prior_year_province_anchor,광주,2023,3,2023Q3,문화 및 기타서비스업,4855.175905403484
prior_year_province_anchor,광주,2023,3,2023Q3,보건 및 사회복지업,11731.839712141227
prior_year_province_anchor,광주,2023,3,2023Q3,부동산업,10387.985045980258
prior_year_province_anchor,광주,2023,3,2023Q3,사업서비스업,7653.465703262064
prior_year_province_anchor,광주,2023,3,2023Q3,숙박 및 음식점업,3068.2636621529814
prior_year_province_anchor,광주,2023,3,2023Q3,운수 및 창고업,4470.632010166608
prior_year_province_anchor,광주,2023,3,2023Q3,정보통신업,3962.1957230278285
prior_year_province_anchor,광주,2023,4,2023Q4,건설업,5919.671471778506
prior_year_province_anchor,광주,2023,4,2023Q4,"공공 행정, 국방·사회보장",7285.529784745684
prior_year_province_anchor,광주,2023,4,2023Q4,"광업, 제조업",33769.63165497604
prior_year_province_anchor,광주,2023,4,2023Q4,교육 서비스업,7691.062842987277
prior_year_province_anchor,광주,2023,4,2023Q4,금융 및 보험업,6098.344111673116
prior_year_province_anchor,광주,2023,4,2023Q4,도매 및 소매업,8725.653683549313
prior_year_province_anchor,광주,2023,4,2023Q4,문화 및 기타서비스업,4321.6482586427655
prior_year_province_anchor,광주,2023,4,2023Q4,보건 및 사회복지업,12467.27000189316
prior_year_province_anchor,광주,2023,4,2023Q4,부동산업,10289.055190870055
prior_year_province_anchor,광주,2023,4,2023Q4,사업서비스업,9167.328787704744
prior_year_province_anchor,광주,2023,4,2023Q4,숙박 및 음식점업,3194.387115318332
prior_year_province_anchor,광주,2023,4,2023Q4,운수 및 창고업,4629.265348722423
prior_year_province_anchor,광주,2023,4,2023Q4,정보통신업,4316.697838311628
prior_year_province_anchor,광주,2024,1,2024Q1,건설업,3846.2778530630403
prior_year_province_anchor,광주,2024,1,2024Q1,"공공 행정, 국방·사회보장",8122.039793241429
prior_year_province_anchor,광주,2024,1,2024Q1,"광업, 제조업",31278.29216476361
prior_year_province_anchor,광주,2024,1,2024Q1,교육 서비스업,8503.437820802908
prior_year_province_anchor,광주,2024,1,2024Q1,금융 및 보험업,6803.038535511829
prior_year_province_anchor,광주,2024,1,2024Q1,도매 및 소매업,8759.966104966017
prior_year_province_anchor,광주,2024,1,2024Q1,문화 및 기타서비스업,4520.425363673914
prior_year_province_anchor,광주,2024,1,2024Q1,보건 및 사회복지업,12156.1532678565
prior_year_province_anchor,광주,2024,1,2024Q1,부동산업,10648.05591428012
prior_year_province_anchor,광주,2024,1,2024Q1,사업서비스업,6975.349438190435
prior_year_province_anchor,광주,2024,1,2024Q1,숙박 및 음식점업,2514.5276271773637
prior_year_province_anchor,광주,2024,1,2024Q1,운수 및 창고업,3879.685069381265
prior_year_province_anchor,광주,2024,1,2024Q1,정보통신업,3617.8071553012437
prior_year_province_anchor,광주,2024,2,2024Q2,건설업,4986.727583550758
prior_year_province_anchor,광주,2024,2,2024Q2,"공공 행정, 국방·사회보장",7898.454819589653
prior_year_province_anchor,광주,2024,2,2024Q2,"광업, 제조업",33691.49446290857
prior_year_province_anchor,광주,2024,2,2024Q2,교육 서비스업,7303.779569350998
prior_year_province_anchor,광주,2024,2,2024Q2,금융 및 보험업,6770.239950361708
prior_year_province_anchor,광주,2024,2,2024Q2,도매 및 소매업,8249.207059708377
prior_year_province_anchor,광주,2024,2,2024Q2,문화 및 기타서비스업,4265.234235949621
prior_year_province_anchor,광주,2024,2,2024Q2,보건 및 사회복지업,12146.202123589332
prior_year_province_anchor,광주,2024,2,2024Q2,부동산업,10818.57941049916
prior_year_province_anchor,광주,2024,2,2024Q2,사업서비스업,7702.273407671268
prior_year_province_anchor,광주,2024,2,2024Q2,숙박 및 음식점업,2836.269237594405
prior_year_province_anchor,광주,2024,2,2024Q2,운수 및 창고업,4491.181351754265
prior_year_province_anchor,광주,2024,2,2024Q2,정보통신업,3470.8401670384255
prior_year_province_anchor,광주,2024,3,2024Q3,건설업,4474.609148739184
prior_year_province_anchor,광주,2024,3,2024Q3,"공공 행정, 국방·사회보장",7265.414830054974
prior_year_province_anchor,광주,2024,3,2024Q3,"광업, 제조업",33653.47135828957
prior_year_province_anchor,광주,2024,3,2024Q3,교육 서비스업,7793.425531346068
prior_year_province_anchor,광주,2024,3,2024Q3,금융 및 보험업,7018.381229248634
prior_year_province_anchor,광주,2024,3,2024Q3,도매 및 소매업,7917.829772859562
prior_year_province_anchor,광주,2024,3,2024Q3,문화 및 기타서비스업,4818.889783740771
prior_year_province_anchor,광주,2024,3,2024Q3,보건 및 사회복지업,12021.063134524296
prior_year_province_anchor,광주,2024,3,2024Q3,부동산업,10589.06799148994
prior_year_province_anchor,광주,2024,3,2024Q3,사업서비스업,7502.077424420697
prior_year_province_anchor,광주,2024,3,2024Q3,숙박 및 음식점업,2923.4918421756547
prior_year_province_anchor,광주,2024,3,2024Q3,운수 및 창고업,4676.4516012975755
prior_year_province_anchor,광주,2024,3,2024Q3,정보통신업,3585.6966979665194
prior_year_province_anchor,광주,2024,4,2024Q4,건설업,4994.2562757429
prior_year_province_anchor,광주,2024,4,2024Q4,"공공 행정, 국방·사회보장",7391.477817086548
prior_year_province_anchor,광주,2024,4,2024Q4,"광업, 제조업",34489.94643166091
prior_year_province_anchor,광주,2024,4,2024Q4,교육 서비스업,7722.002954816595
prior_year_province_anchor,광주,2024,4,2024Q4,금융 및 보험업,6736.794526625981
prior_year_province_anchor,광주,2024,4,2024Q4,도매 및 소매업,8666.914433766244
prior_year_province_anchor,광주,2024,4,2024Q4,문화 및 기타서비스업,4259.823708448502
prior_year_province_anchor,광주,2024,4,2024Q4,보건 및 사회복지업,12968.236949566115
prior_year_province_anchor,광주,2024,4,2024Q4,부동산업,10470.58972064347
prior_year_province_anchor,광주,2024,4,2024Q4,사업서비스업,8695.769727129957
prior_year_province_anchor,광주,2024,4,2024Q4,숙박 및 음식점업,3002.011937066293
prior_year_province_anchor,광주,2024,4,2024Q4,운수 및 창고업,4733.769121803354
prior_year_province_anchor,광주,2024,4,2024Q4,정보통신업,3913.1245000984727
prior_year_province_anchor,광주,2025,1,2025Q1,건설업,3456.04274099731
prior_year_province_anchor,광주,2025,1,2025Q1,"공공 행정, 국방·사회보장",8228.311967295671
prior_year_province_anchor,광주,2025,1,2025Q1,"광업, 제조업",31301.194615187003
prior_year_province_anchor,광주,2025,1,2025Q1,교육 서비스업,8397.645612732136
prior_year_province_anchor,광주,2025,1,2025Q1,금융 및 보험업,7013.431782386614
prior_year_province_anchor,광주,2025,1,2025Q1,도매 및 소매업,8821.384966001751
prior_year_province_anchor,광주,2025,1,2025Q1,문화 및 기타서비스업,4393.694871003314
prior_year_province_anchor,광주,2025,1,2025Q1,보건 및 사회복지업,12589.30234939075
prior_year_province_anchor,광주,2025,1,2025Q1,부동산업,11146.655179060052
prior_year_province_anchor,광주,2025,1,2025Q1,사업서비스업,6966.573926739708
prior_year_province_anchor,광주,2025,1,2025Q1,숙박 및 음식점업,2454.9374708630103
prior_year_province_anchor,광주,2025,1,2025Q1,운수 및 창고업,3969.2131055765367
prior_year_province_anchor,광주,2025,1,2025Q1,정보통신업,3525.5430939976222
prior_year_province_anchor,광주,2025,2,2025Q2,건설업,4577.704305064105
prior_year_province_anchor,광주,2025,2,2025Q2,"공공 행정, 국방·사회보장",7973.358779254175
prior_year_province_anchor,광주,2025,2,2025Q2,"광업, 제조업",34361.21457207398
prior_year_province_anchor,광주,2025,2,2025Q2,교육 서비스업,7184.258461006921
prior_year_province_anchor,광주,2025,2,2025Q2,금융 및 보험업,6913.441431140915
prior_year_province_anchor,광주,2025,2,2025Q2,도매 및 소매업,8387.132128657802
prior_year_province_anchor,광주,2025,2,2025Q2,문화 및 기타서비스업,4146.228290047734
prior_year_province_anchor,광주,2025,2,2025Q2,보건 및 사회복지업,12770.863724154038
prior_year_province_anchor,광주,2025,2,2025Q2,부동산업,11312.99342071376
prior_year_province_anchor,광주,2025,2,2025Q2,사업서비스업,7730.436125185577
prior_year_province_anchor,광주,2025,2,2025Q2,숙박 및 음식점업,2813.192540588324
prior_year_province_anchor,광주,2025,2,2025Q2,운수 및 창고업,4572.375825347115
prior_year_province_anchor,광주,2025,2,2025Q2,정보통신업,3450.772989814392
prior_year_province_anchor,광주,2025,3,2025Q3,건설업,4270.846819754747
prior_year_province_anchor,광주,2025,3,2025Q3,"공공 행정, 국방·사회보장",7341.267410305435
prior_year_province_anchor,광주,2025,3,2025Q3,"광업, 제조업",34732.030129488834
prior_year_province_anchor,광주,2025,3,2025Q3,교육 서비스업,7764.314318319204
prior_year_province_anchor,광주,2025,3,2025Q3,금융 및 보험업,7105.330854360969
prior_year_province_anchor,광주,2025,3,2025Q3,도매 및 소매업,8376.029019618236
prior_year_province_anchor,광주,2025,3,2025Q3,문화 및 기타서비스업,4857.709006683065
prior_year_province_anchor,광주,2025,3,2025Q3,보건 및 사회복지업,12484.96289002957
prior_year_province_anchor,광주,2025,3,2025Q3,부동산업,11207.78640201658
prior_year_province_anchor,광주,2025,3,2025Q3,사업서비스업,7759.595958347605
prior_year_province_anchor,광주,2025,3,2025Q3,숙박 및 음식점업,3002.4665199754345
prior_year_province_anchor,광주,2025,3,2025Q3,운수 및 창고업,4713.491108312912
prior_year_province_anchor,광주,2025,3,2025Q3,정보통신업,3532.4135780278725
prior_year_province_anchor,광주,2025,4,2025Q4,건설업,4726.1361778952005
prior_year_province_anchor,광주,2025,4,2025Q4,"공공 행정, 국방·사회보장",7521.355535673647
prior_year_province_anchor,광주,2025,4,2025Q4,"광업, 제조업",35046.873445704274
prior_year_province_anchor,광주,2025,4,2025Q4,교육 서비스업,7681.833546241079
prior_year_province_anchor,광주,2025,4,2025Q4,금융 및 보험업,6993.675412408483
prior_year_province_anchor,광주,2025,4,2025Q4,도매 및 소매업,9130.111354245913
prior_year_province_anchor,광주,2025,4,2025Q4,문화 및 기타서비스업,4149.286990712878
prior_year_province_anchor,광주,2025,4,2025Q4,보건 및 사회복지업,13746.092731491628
prior_year_province_anchor,광주,2025,4,2025Q4,부동산업,11200.357202944773
prior_year_province_anchor,광주,2025,4,2025Q4,사업서비스업,8929.37936953069
prior_year_province_anchor,광주,2025,4,2025Q4,숙박 및 음식점업,3048.299227465735
prior_year_province_anchor,광주,2025,4,2025Q4,운수 및 창고업,4718.836754912043
prior_year_province_anchor,광주,2025,4,2025Q4,정보통신업,3852.362759482234
prior_year_province_anchor,대구,2021,1,2021Q1,건설업,7100.974266402326
prior_year_province_anchor,대구,2021,1,2021Q1,"공공 행정, 국방·사회보장",12511.382945541856
prior_year_province_anchor,대구,2021,1,2021Q1,"광업, 제조업",28442.446581314416
prior_year_province_anchor,대구,2021,1,2021Q1,교육 서비스업,11885.061370369556
prior_year_province_anchor,대구,2021,1,2021Q1,금융 및 보험업,10304.158763506937
prior_year_province_anchor,대구,2021,1,2021Q1,도매 및 소매업,13424.620366288495
prior_year_province_anchor,대구,2021,1,2021Q1,문화 및 기타서비스업,5166.3629734718825
prior_year_province_anchor,대구,2021,1,2021Q1,보건 및 사회복지업,13319.259249629162
prior_year_province_anchor,대구,2021,1,2021Q1,부동산업,18211.708948999833
prior_year_province_anchor,대구,2021,1,2021Q1,사업서비스업,8937.400213446037
prior_year_province_anchor,대구,2021,1,2021Q1,숙박 및 음식점업,3293.6910085354393
prior_year_province_anchor,대구,2021,1,2021Q1,운수 및 창고업,4882.265117025007
prior_year_province_anchor,대구,2021,1,2021Q1,정보통신업,5318.613947379437
prior_year_province_anchor,대구,2021,2,2021Q2,건설업,9901.904703372591
prior_year_province_anchor,대구,2021,2,2021Q2,"공공 행정, 국방·사회보장",12137.311382539418
prior_year_province_anchor,대구,2021,2,2021Q2,"광업, 제조업",30539.69308261097
prior_year_province_anchor,대구,2021,2,2021Q2,교육 서비스업,10289.241209653985
prior_year_province_anchor,대구,2021,2,2021Q2,금융 및 보험업,10282.121461136085
prior_year_province_anchor,대구,2021,2,2021Q2,도매 및 소매업,13613.298148861455
prior_year_province_anchor,대구,2021,2,2021Q2,문화 및 기타서비스업,5171.992388936431
prior_year_province_anchor,대구,2021,2,2021Q2,보건 및 사회복지업,13925.816516555544
prior_year_province_anchor,대구,2021,2,2021Q2,부동산업,18396.15838701129
prior_year_province_anchor,대구,2021,2,2021Q2,사업서비스업,9960.982238919669
prior_year_province_anchor,대구,2021,2,2021Q2,숙박 및 음식점업,4196.665105238183
prior_year_province_anchor,대구,2021,2,2021Q2,운수 및 창고업,5498.485107315108
prior_year_province_anchor,대구,2021,2,2021Q2,정보통신업,5479.774301699621
prior_year_province_anchor,대구,2021,3,2021Q3,건설업,9062.93569413764
prior_year_province_anchor,대구,2021,3,2021Q3,"공공 행정, 국방·사회보장",11266.632576157923
prior_year_province_anchor,대구,2021,3,2021Q3,"광업, 제조업",30347.639561963482
prior_year_province_anchor,대구,2021,3,2021Q3,교육 서비스업,11201.605837582745
prior_year_province_anchor,대구,2021,3,2021Q3,금융 및 보험업,10580.495616778338
prior_year_province_anchor,대구,2021,3,2021Q3,도매 및 소매업,13180.829698469097
prior_year_province_anchor,대구,2021,3,2021Q3,문화 및 기타서비스업,5615.677965158924
prior_year_province_anchor,대구,2021,3,2021Q3,보건 및 사회복지업,13965.414253135477
prior_year_province_anchor,대구,2021,3,2021Q3,부동산업,17784.942790866196
prior_year_province_anchor,대구,2021,3,2021Q3,사업서비스업,9920.222082473261
prior_year_province_anchor,대구,2021,3,2021Q3,숙박 및 음식점업,4375.28595824968
prior_year_province_anchor,대구,2021,3,2021Q3,운수 및 창고업,5567.632756262362
prior_year_province_anchor,대구,2021,3,2021Q3,정보통신업,5553.3865083602
prior_year_province_anchor,대구,2021,4,2021Q4,건설업,10654.030818895246
prior_year_province_anchor,대구,2021,4,2021Q4,"공공 행정, 국방·사회보장",11489.783597019336
prior_year_province_anchor,대구,2021,4,2021Q4,"광업, 제조업",31648.16788296667
prior_year_province_anchor,대구,2021,4,2021Q4,교육 서비스업,11087.800705909814
prior_year_province_anchor,대구,2021,4,2021Q4,금융 및 보험업,10396.242725079635
prior_year_province_anchor,대구,2021,4,2021Q4,도매 및 소매업,14784.661750410169
prior_year_province_anchor,대구,2021,4,2021Q4,문화 및 기타서비스업,5529.121735880196
prior_year_province_anchor,대구,2021,4,2021Q4,보건 및 사회복지업,14758.796247077262
prior_year_province_anchor,대구,2021,4,2021Q4,부동산업,17448.570450314448
prior_year_province_anchor,대구,2021,4,2021Q4,사업서비스업,11696.570307221438
prior_year_province_anchor,대구,2021,4,2021Q4,숙박 및 음식점업,5013.1503284690325
prior_year_province_anchor,대구,2021,4,2021Q4,운수 및 창고업,5833.767367334021
prior_year_province_anchor,대구,2021,4,2021Q4,정보통신업,6193.92933185876
prior_year_province_anchor,대구,2022,1,2022Q1,건설업,7939.124750340661
prior_year_province_anchor,대구,2022,1,2022Q1,"공공 행정, 국방·사회보장",12201.877703820133
prior_year_province_anchor,대구,2022,1,2022Q1,"광업, 제조업",29671.60228196467
prior_year_province_anchor,대구,2022,1,2022Q1,교육 서비스업,12546.148022755599
prior_year_province_anchor,대구,2022,1,2022Q1,금융 및 보험업,10421.97668700679
prior_year_province_anchor,대구,2022,1,2022Q1,도매 및 소매업,13811.59383588614
prior_year_province_anchor,대구,2022,1,2022Q1,문화 및 기타서비스업,5139.215965124987
prior_year_province_anchor,대구,2022,1,2022Q1,보건 및 사회복지업,14925.968630577627
prior_year_province_anchor,대구,2022,1,2022Q1,부동산업,17861.191226403345
prior_year_province_anchor,대구,2022,1,2022Q1,사업서비스업,9792.902760717532
prior_year_province_anchor,대구,2022,1,2022Q1,숙박 및 음식점업,3468.711065876877
prior_year_province_anchor,대구,2022,1,2022Q1,운수 및 창고업,5000.4973835481405
prior_year_province_anchor,대구,2022,1,2022Q1,정보통신업,5298.632570333247
prior_year_province_anchor,대구,2022,2,2022Q2,건설업,10973.692008345217
prior_year_province_anchor,대구,2022,2,2022Q2,"공공 행정, 국방·사회보장",11769.139990926504
prior_year_province_anchor,대구,2022,2,2022Q2,"광업, 제조업",31692.297329555462
prior_year_province_anchor,대구,2022,2,2022Q2,교육 서비스업,10798.46613473495
prior_year_province_anchor,대구,2022,2,2022Q2,금융 및 보험업,10254.545708382977
prior_year_province_anchor,대구,2022,2,2022Q2,도매 및 소매업,13922.590450197786
prior_year_province_anchor,대구,2022,2,2022Q2,문화 및 기타서비스업,5243.618297106045
prior_year_province_anchor,대구,2022,2,2022Q2,보건 및 사회복지업,15369.339900607636
prior_year_province_anchor,대구,2022,2,2022Q2,부동산업,17775.15644296406
prior_year_province_anchor,대구,2022,2,2022Q2,사업서비스업,10943.29160006389
prior_year_province_anchor,대구,2022,2,2022Q2,숙박 및 음식점업,4708.1518979596485
prior_year_province_anchor,대구,2022,2,2022Q2,운수 및 창고업,5815.492019522145
prior_year_province_anchor,대구,2022,2,2022Q2,정보통신업,5512.301482482035
prior_year_province_anchor,대구,2022,3,2022Q3,건설업,10353.811743573664
prior_year_province_anchor,대구,2022,3,2022Q3,"공공 행정, 국방·사회보장",10949.914465092319
prior_year_province_anchor,대구,2022,3,2022Q3,"광업, 제조업",31608.568560994165
prior_year_province_anchor,대구,2022,3,2022Q3,교육 서비스업,11653.597142819723
prior_year_province_anchor,대구,2022,3,2022Q3,금융 및 보험업,10176.724153634244
prior_year_province_anchor,대구,2022,3,2022Q3,도매 및 소매업,13627.829677258624
prior_year_province_anchor,대구,2022,3,2022Q3,문화 및 기타서비스업,5969.779112948371
prior_year_province_anchor,대구,2022,3,2022Q3,보건 및 사회복지업,14940.483922591371
prior_year_province_anchor,대구,2022,3,2022Q3,부동산업,17425.755133032548
prior_year_province_anchor,대구,2022,3,2022Q3,사업서비스업,10626.216693700386
prior_year_province_anchor,대구,2022,3,2022Q3,숙박 및 음식점업,5071.198434349713
prior_year_province_anchor,대구,2022,3,2022Q3,운수 및 창고업,6137.7100803362655
prior_year_province_anchor,대구,2022,3,2022Q3,정보통신업,5517.518965231359
prior_year_province_anchor,대구,2022,4,2022Q4,건설업,12189.93506446555
prior_year_province_anchor,대구,2022,4,2022Q4,"공공 행정, 국방·사회보장",11184.38690907791
prior_year_province_anchor,대구,2022,4,2022Q4,"광업, 제조업",31025.56701828445
prior_year_province_anchor,대구,2022,4,2022Q4,교육 서비스업,11570.893989693774
prior_year_province_anchor,대구,2022,4,2022Q4,금융 및 보험업,10143.27188130228
prior_year_province_anchor,대구,2022,4,2022Q4,도매 및 소매업,15173.711286862277
prior_year_province_anchor,대구,2022,4,2022Q4,문화 및 기타서비스업,5652.073415912633
prior_year_province_anchor,대구,2022,4,2022Q4,보건 및 사회복지업,15799.531146547739
prior_year_province_anchor,대구,2022,4,2022Q4,부동산업,17263.406084494403
prior_year_province_anchor,대구,2022,4,2022Q4,사업서비스업,12760.200555360325
prior_year_province_anchor,대구,2022,4,2022Q4,숙박 및 음식점업,5242.263887153682
prior_year_province_anchor,대구,2022,4,2022Q4,운수 및 창고업,6475.80023125899
prior_year_province_anchor,대구,2022,4,2022Q4,정보통신업,5959.690381634236
prior_year_province_anchor,대구,2023,1,2023Q1,건설업,8095.132043843464
prior_year_province_anchor,대구,2023,1,2023Q1,"공공 행정, 국방·사회보장",12370.772326464006
prior_year_province_anchor,대구,2023,1,2023Q1,"광업, 제조업",29339.685091995514
prior_year_province_anchor,대구,2023,1,2023Q1,교육 서비스업,12711.794606915433
prior_year_province_anchor,대구,2023,1,2023Q1,금융 및 보험업,10816.433469392463
prior_year_province_anchor,대구,2023,1,2023Q1,도매 및 소매업,14251.316696890306
prior_year_province_anchor,대구,2023,1,2023Q1,문화 및 기타서비스업,5449.119390001211
prior_year_province_anchor,대구,2023,1,2023Q1,보건 및 사회복지업,15421.834362824718
prior_year_province_anchor,대구,2023,1,2023Q1,부동산업,17300.905778288317
prior_year_province_anchor,대구,2023,1,2023Q1,사업서비스업,9684.44922223838
prior_year_province_anchor,대구,2023,1,2023Q1,숙박 및 음식점업,4127.327218206355
prior_year_province_anchor,대구,2023,1,2023Q1,운수 및 창고업,5601.673949555395
prior_year_province_anchor,대구,2023,1,2023Q1,정보통신업,5459.922963870467
prior_year_province_anchor,대구,2023,2,2023Q2,건설업,10961.218746718121
prior_year_province_anchor,대구,2023,2,2023Q2,"공공 행정, 국방·사회보장",11897.85673444669
prior_year_province_anchor,대구,2023,2,2023Q2,"광업, 제조업",32417.35765171948
prior_year_province_anchor,대구,2023,2,2023Q2,교육 서비스업,10908.495431413687
prior_year_province_anchor,대구,2023,2,2023Q2,금융 및 보험업,10707.303264461538
prior_year_province_anchor,대구,2023,2,2023Q2,도매 및 소매업,13230.733442326695
prior_year_province_anchor,대구,2023,2,2023Q2,문화 및 기타서비스업,5173.323644439383
prior_year_province_anchor,대구,2023,2,2023Q2,보건 및 사회복지업,15611.192164476748
prior_year_province_anchor,대구,2023,2,2023Q2,부동산업,17318.91722063846
prior_year_province_anchor,대구,2023,2,2023Q2,사업서비스업,10855.453895436667
prior_year_province_anchor,대구,2023,2,2023Q2,숙박 및 음식점업,4701.759297381698
prior_year_province_anchor,대구,2023,2,2023Q2,운수 및 창고업,7133.921767871685
prior_year_province_anchor,대구,2023,2,2023Q2,정보통신업,5384.403109740331
prior_year_province_anchor,대구,2023,3,2023Q3,건설업,10414.585304846898
prior_year_province_anchor,대구,2023,3,2023Q3,"공공 행정, 국방·사회보장",11076.262286846482
prior_year_province_anchor,대구,2023,3,2023Q3,"광업, 제조업",32731.856448075432
prior_year_province_anchor,대구,2023,3,2023Q3,교육 서비스업,11707.489522748281
prior_year_province_anchor,대구,2023,3,2023Q3,금융 및 보험업,10688.844829033193
prior_year_province_anchor,대구,2023,3,2023Q3,도매 및 소매업,12722.191201712998
prior_year_province_anchor,대구,2023,3,2023Q3,문화 및 기타서비스업,5939.687824428961
prior_year_province_anchor,대구,2023,3,2023Q3,보건 및 사회복지업,15343.064083792759
prior_year_province_anchor,대구,2023,3,2023Q3,부동산업,17101.00087359729
prior_year_province_anchor,대구,2023,3,2023Q3,사업서비스업,10627.933658919632
prior_year_province_anchor,대구,2023,3,2023Q3,숙박 및 음식점업,4958.194940217868
prior_year_province_anchor,대구,2023,3,2023Q3,운수 및 창고업,7360.340520650581
prior_year_province_anchor,대구,2023,3,2023Q3,정보통신업,5560.017571059783
prior_year_province_anchor,대구,2023,4,2023Q4,건설업,11656.188610524332
prior_year_province_anchor,대구,2023,4,2023Q4,"공공 행정, 국방·사회보장",11230.346410085027
prior_year_province_anchor,대구,2023,4,2023Q4,"광업, 제조업",33902.951339759944
prior_year_province_anchor,대구,2023,4,2023Q4,교육 서비스업,11573.790037255732
prior_year_province_anchor,대구,2023,4,2023Q4,금융 및 보험업,10054.076957425643
prior_year_province_anchor,대구,2023,4,2023Q4,도매 및 소매업,13886.482577929552
prior_year_province_anchor,대구,2023,4,2023Q4,문화 및 기타서비스업,5286.9848679956
prior_year_province_anchor,대구,2023,4,2023Q4,보건 및 사회복지업,16304.870104134876
prior_year_province_anchor,대구,2023,4,2023Q4,부동산업,16938.139690107324
prior_year_province_anchor,대구,2023,4,2023Q4,사업서비스업,12730.149446374811
prior_year_province_anchor,대구,2023,4,2023Q4,숙박 및 음식점업,5162.005543276812
prior_year_province_anchor,대구,2023,4,2023Q4,운수 및 창고업,7621.510616297739
prior_year_province_anchor,대구,2023,4,2023Q4,정보통신업,6057.478607247455
prior_year_province_anchor,대구,2024,1,2024Q1,건설업,8180.879570084657
prior_year_province_anchor,대구,2024,1,2024Q1,"공공 행정, 국방·사회보장",12474.900438957766
prior_year_province_anchor,대구,2024,1,2024Q1,"광업, 제조업",30376.208681622516
prior_year_province_anchor,대구,2024,1,2024Q1,교육 서비스업,12875.18917255742
prior_year_province_anchor,대구,2024,1,2024Q1,금융 및 보험업,11019.007858827617
prior_year_province_anchor,대구,2024,1,2024Q1,도매 및 소매업,13852.128623559314
prior_year_province_anchor,대구,2024,1,2024Q1,문화 및 기타서비스업,5615.686973882373
prior_year_province_anchor,대구,2024,1,2024Q1,보건 및 사회복지업,15909.399219042763
prior_year_province_anchor,대구,2024,1,2024Q1,부동산업,17832.242156235454
prior_year_province_anchor,대구,2024,1,2024Q1,사업서비스업,9412.552230623774
prior_year_province_anchor,대구,2024,1,2024Q1,숙박 및 음식점업,4300.763216146754
prior_year_province_anchor,대구,2024,1,2024Q1,운수 및 창고업,6843.478178896421
prior_year_province_anchor,대구,2024,1,2024Q1,정보통신업,5306.8933538203255
prior_year_province_anchor,대구,2024,2,2024Q2,건설업,10606.570655669004
prior_year_province_anchor,대구,2024,2,2024Q2,"공공 행정, 국방·사회보장",12131.489133798455
prior_year_province_anchor,대구,2024,2,2024Q2,"광업, 제조업",32719.81287245499
prior_year_province_anchor,대구,2024,2,2024Q2,교육 서비스업,11058.767713923837
prior_year_province_anchor,대구,2024,2,2024Q2,금융 및 보험업,10965.883381339938
prior_year_province_anchor,대구,2024,2,2024Q2,도매 및 소매업,13044.465682198806
prior_year_province_anchor,대구,2024,2,2024Q2,문화 및 기타서비스업,5298.66515037704
prior_year_province_anchor,대구,2024,2,2024Q2,보건 및 사회복지업,15896.375631453482
prior_year_province_anchor,대구,2024,2,2024Q2,부동산업,18117.81694119012
prior_year_province_anchor,대구,2024,2,2024Q2,사업서비스업,10393.465071057144
prior_year_province_anchor,대구,2024,2,2024Q2,숙박 및 음식점업,4851.05921139844
prior_year_province_anchor,대구,2024,2,2024Q2,운수 및 창고업,7922.112498450432
prior_year_province_anchor,대구,2024,2,2024Q2,정보통신업,5091.31023958493
prior_year_province_anchor,대구,2024,3,2024Q3,건설업,9517.315172610935
prior_year_province_anchor,대구,2024,3,2024Q3,"공공 행정, 국방·사회보장",11159.18278658068
prior_year_province_anchor,대구,2024,3,2024Q3,"광업, 제조업",32682.886375491988
prior_year_province_anchor,대구,2024,3,2024Q3,교육 서비스업,11800.14837914638
prior_year_province_anchor,대구,2024,3,2024Q3,금융 및 보험업,11367.802419117203
prior_year_province_anchor,대구,2024,3,2024Q3,도매 및 소매업,12520.458997086902
prior_year_province_anchor,대구,2024,3,2024Q3,문화 및 기타서비스업,5986.466849910366
prior_year_province_anchor,대구,2024,3,2024Q3,보건 및 사회복지업,15732.599633320306
prior_year_province_anchor,대구,2024,3,2024Q3,부동산업,17733.45539816846
prior_year_province_anchor,대구,2024,3,2024Q3,사업서비스업,10123.320160697509
prior_year_province_anchor,대구,2024,3,2024Q3,숙박 및 음식점업,5000.241811480127
prior_year_province_anchor,대구,2024,3,2024Q3,운수 및 창고업,8248.915547480014
prior_year_province_anchor,대구,2024,3,2024Q3,정보통신업,5259.791127166791
prior_year_province_anchor,대구,2024,4,2024Q4,건설업,10622.583883651247
prior_year_province_anchor,대구,2024,4,2024Q4,"공공 행정, 국방·사회보장",11352.806956406237
prior_year_province_anchor,대구,2024,4,2024Q4,"광업, 제조업",33495.237038752544
prior_year_province_anchor,대구,2024,4,2024Q4,교육 서비스업,11692.006330790506
prior_year_province_anchor,대구,2024,4,2024Q4,금융 및 보험업,10911.711207382368
prior_year_province_anchor,대구,2024,4,2024Q4,도매 및 소매업,13704.986077269588
prior_year_province_anchor,대구,2024,4,2024Q4,문화 및 기타서비스업,5291.943696893031
prior_year_province_anchor,대구,2024,4,2024Q4,보건 및 사회복지업,16972.215984092196
prior_year_province_anchor,대구,2024,4,2024Q4,부동산업,17535.04047313478
prior_year_province_anchor,대구,2024,4,2024Q4,사업서비스업,11734.091240498678
prior_year_province_anchor,대구,2024,4,2024Q4,숙박 및 음식점업,5134.53993260003
prior_year_province_anchor,대구,2024,4,2024Q4,운수 및 창고업,8350.019424169752
prior_year_province_anchor,대구,2024,4,2024Q4,정보통신업,5740.088819221461
prior_year_province_anchor,대구,2025,1,2025Q1,건설업,5815.126064597515
prior_year_province_anchor,대구,2025,1,2025Q1,"공공 행정, 국방·사회보장",12644.036469818118
prior_year_province_anchor,대구,2025,1,2025Q1,"광업, 제조업",29081.41035537967
prior_year_province_anchor,대구,2025,1,2025Q1,교육 서비스업,12706.353905512187
prior_year_province_anchor,대구,2025,1,2025Q1,금융 및 보험업,11300.877239125577
prior_year_province_anchor,대구,2025,1,2025Q1,도매 및 소매업,13786.515076862554
prior_year_province_anchor,대구,2025,1,2025Q1,문화 및 기타서비스업,5421.790260672032
prior_year_province_anchor,대구,2025,1,2025Q1,보건 및 사회복지업,16373.108557077005
prior_year_province_anchor,대구,2025,1,2025Q1,부동산업,17588.626458050592
prior_year_province_anchor,대구,2025,1,2025Q1,사업서비스업,9499.46776593733
prior_year_province_anchor,대구,2025,1,2025Q1,숙박 및 음식점업,4200.837983525363
prior_year_province_anchor,대구,2025,1,2025Q1,운수 및 창고업,7067.717765940801
prior_year_province_anchor,대구,2025,1,2025Q1,정보통신업,5286.61687689936
prior_year_province_anchor,대구,2025,2,2025Q2,건설업,7702.430095733371
prior_year_province_anchor,대구,2025,2,2025Q2,"공공 행정, 국방·사회보장",12252.262625984076
prior_year_province_anchor,대구,2025,2,2025Q2,"광업, 제조업",31924.42312712559
prior_year_province_anchor,대구,2025,2,2025Q2,교육 서비스업,10870.395675642814
prior_year_province_anchor,대구,2025,2,2025Q2,금융 및 보험업,11139.760867057554
prior_year_province_anchor,대구,2025,2,2025Q2,도매 및 소매업,13107.84236137781
prior_year_province_anchor,대구,2025,2,2025Q2,문화 및 기타서비스업,5116.418144979258
prior_year_province_anchor,대구,2025,2,2025Q2,보건 및 사회복지업,16609.239520991407
prior_year_province_anchor,대구,2025,2,2025Q2,부동산업,17851.09633364449
prior_year_province_anchor,대구,2025,2,2025Q2,사업서비스업,10541.053545125413
prior_year_province_anchor,대구,2025,2,2025Q2,숙박 및 음식점업,4813.876613859018
prior_year_province_anchor,대구,2025,2,2025Q2,운수 및 창고업,8141.730109668685
prior_year_province_anchor,대구,2025,2,2025Q2,정보통신업,5174.497726991486
prior_year_province_anchor,대구,2025,3,2025Q3,건설업,7186.112707706981
prior_year_province_anchor,대구,2025,3,2025Q3,"공공 행정, 국방·사회보장",11280.959355883118
prior_year_province_anchor,대구,2025,3,2025Q3,"광업, 제조업",32268.941587967605
prior_year_province_anchor,대구,2025,3,2025Q3,교육 서비스업,11748.069650929468
prior_year_province_anchor,대구,2025,3,2025Q3,금융 및 보험업,11448.955977608486
prior_year_province_anchor,대구,2025,3,2025Q3,도매 및 소매업,13090.489850319289
prior_year_province_anchor,대구,2025,3,2025Q3,문화 및 기타서비스업,5994.380619243778
prior_year_province_anchor,대구,2025,3,2025Q3,보건 및 사회복지업,16237.4091157978
prior_year_province_anchor,대구,2025,3,2025Q3,부동산업,17685.087165611192
prior_year_province_anchor,대구,2025,3,2025Q3,사업서비스업,10580.81525555808
prior_year_province_anchor,대구,2025,3,2025Q3,숙박 및 음식점업,5137.758314040513
prior_year_province_anchor,대구,2025,3,2025Q3,운수 및 창고업,8393.00485001001
prior_year_province_anchor,대구,2025,3,2025Q3,정보통신업,5296.919294387499
prior_year_province_anchor,대구,2025,4,2025Q4,건설업,7952.181073138254
prior_year_province_anchor,대구,2025,4,2025Q4,"공공 행정, 국방·사회보장",11557.691793105623
prior_year_province_anchor,대구,2025,4,2025Q4,"광업, 제조업",32561.45718646387
prior_year_province_anchor,대구,2025,4,2025Q4,교육 서비스업,11623.269209382428
prior_year_province_anchor,대구,2025,4,2025Q4,금융 및 보험업,11269.04342099758
prior_year_province_anchor,대구,2025,4,2025Q4,도매 및 소매업,14269.008588092072
prior_year_province_anchor,대구,2025,4,2025Q4,문화 및 기타서비스업,5120.192561265203
prior_year_province_anchor,대구,2025,4,2025Q4,보건 및 사회복지업,17877.58068573605
prior_year_province_anchor,대구,2025,4,2025Q4,부동산업,17673.364419616322
prior_year_province_anchor,대구,2025,4,2025Q4,사업서비스업,12175.90631818352
prior_year_province_anchor,대구,2025,4,2025Q4,숙박 및 음식점업,5216.186290637968
prior_year_province_anchor,대구,2025,4,2025Q4,운수 및 창고업,8402.523492731923
prior_year_province_anchor,대구,2025,4,2025Q4,정보통신업,5776.688991517714
prior_year_province_anchor,대전,2021,1,2021Q1,건설업,4685.408406532405
prior_year_province_anchor,대전,2021,1,2021Q1,"공공 행정, 국방·사회보장",11753.92042471377
prior_year_province_anchor,대전,2021,1,2021Q1,"광업, 제조업",19975.824973656006
prior_year_province_anchor,대전,2021,1,2021Q1,교육 서비스업,8382.855093342021
prior_year_province_anchor,대전,2021,1,2021Q1,금융 및 보험업,6044.088919480365
prior_year_province_anchor,대전,2021,1,2021Q1,도매 및 소매업,8925.381004162537
prior_year_province_anchor,대전,2021,1,2021Q1,문화 및 기타서비스업,3680.089430003099
prior_year_province_anchor,대전,2021,1,2021Q1,보건 및 사회복지업,8506.951882958067
prior_year_province_anchor,대전,2021,1,2021Q1,부동산업,10604.975111897782
prior_year_province_anchor,대전,2021,1,2021Q1,사업서비스업,14700.847400064189
prior_year_province_anchor,대전,2021,1,2021Q1,숙박 및 음식점업,2298.04972731159
prior_year_province_anchor,대전,2021,1,2021Q1,운수 및 창고업,2618.3942500056314
prior_year_province_anchor,대전,2021,1,2021Q1,정보통신업,4135.684993648345
prior_year_province_anchor,대전,2021,2,2021Q2,건설업,6533.5355117925565
prior_year_province_anchor,대전,2021,2,2021Q2,"공공 행정, 국방·사회보장",11402.495853679784
prior_year_province_anchor,대전,2021,2,2021Q2,"광업, 제조업",21448.772419183966
prior_year_province_anchor,대전,2021,2,2021Q2,교육 서비스업,7257.279991503363
prior_year_province_anchor,대전,2021,2,2021Q2,금융 및 보험업,6031.1625449813
prior_year_province_anchor,대전,2021,2,2021Q2,도매 및 소매업,9050.823739266843
prior_year_province_anchor,대전,2021,2,2021Q2,문화 및 기타서비스업,3684.0993597069455
prior_year_province_anchor,대전,2021,2,2021Q2,보건 및 사회복지업,8894.357322501934
prior_year_province_anchor,대전,2021,2,2021Q2,부동산업,10712.383027596023
prior_year_province_anchor,대전,2021,2,2021Q2,사업서비스업,16384.505152717804
prior_year_province_anchor,대전,2021,2,2021Q2,숙박 및 음식점업,2928.0661348372814
prior_year_province_anchor,대전,2021,2,2021Q2,운수 및 창고업,2948.8775073952484
prior_year_province_anchor,대전,2021,2,2021Q2,정보통신업,4261.001187966497
prior_year_province_anchor,대전,2021,3,2021Q3,건설업,5979.961832855515
prior_year_province_anchor,대전,2021,3,2021Q3,"공공 행정, 국방·사회보장",10584.529570476898
prior_year_province_anchor,대전,2021,3,2021Q3,"광업, 제조업",21313.88854050424
prior_year_province_anchor,대전,2021,3,2021Q3,교육 서비스업,7900.7954290664675
prior_year_province_anchor,대전,2021,3,2021Q3,금융 및 보험업,6206.1792512808515
prior_year_province_anchor,대전,2021,3,2021Q3,도매 및 소매업,8763.29637635351
prior_year_province_anchor,대전,2021,3,2021Q3,문화 및 기타서비스업,4000.14424615517
prior_year_province_anchor,대전,2021,3,2021Q3,보건 및 사회복지업,8919.648221451056
prior_year_province_anchor,대전,2021,3,2021Q3,부동산업,10356.46221844656
prior_year_province_anchor,대전,2021,3,2021Q3,사업서비스업,16317.460058438612
prior_year_province_anchor,대전,2021,3,2021Q3,숙박 및 음식점업,3052.692155156582
prior_year_province_anchor,대전,2021,3,2021Q3,운수 및 창고업,2985.9618938562658
prior_year_province_anchor,대전,2021,3,2021Q3,정보통신업,4318.241081940284
prior_year_province_anchor,대전,2021,4,2021Q4,건설업,7029.807979799661
prior_year_province_anchor,대전,2021,4,2021Q4,"공공 행정, 국방·사회보장",10794.170611224778
prior_year_province_anchor,대전,2021,4,2021Q4,"광업, 제조업",22227.281347250675
prior_year_province_anchor,대전,2021,4,2021Q4,교육 서비스업,7820.525593012333
prior_year_province_anchor,대전,2021,4,2021Q4,금융 및 보험업,6098.102416804814
prior_year_province_anchor,대전,2021,4,2021Q4,도매 및 소매업,9829.606762769263
prior_year_province_anchor,대전,2021,4,2021Q4,문화 및 기타서비스업,3938.48875154413
prior_year_province_anchor,대전,2021,4,2021Q4,보건 및 사회복지업,9426.377786569778
prior_year_province_anchor,대전,2021,4,2021Q4,부동산업,10160.587119087584
prior_year_province_anchor,대전,2021,4,2021Q4,사업서비스업,19239.31916262312
prior_year_province_anchor,대전,2021,4,2021Q4,숙박 및 음식점업,3497.7381653153057
prior_year_province_anchor,대전,2021,4,2021Q4,운수 및 창고업,3128.691819137779
prior_year_province_anchor,대전,2021,4,2021Q4,정보통신업,4816.31884602342
prior_year_province_anchor,대전,2022,1,2022Q1,건설업,5075.1701356232215
prior_year_province_anchor,대전,2022,1,2022Q1,"공공 행정, 국방·사회보장",12051.358799404221
prior_year_province_anchor,대전,2022,1,2022Q1,"광업, 제조업",20161.702813911885
prior_year_province_anchor,대전,2022,1,2022Q1,교육 서비스업,8808.678111767334
prior_year_province_anchor,대전,2022,1,2022Q1,금융 및 보험업,6289.056499315601
prior_year_province_anchor,대전,2022,1,2022Q1,도매 및 소매업,9430.022517030806
prior_year_province_anchor,대전,2022,1,2022Q1,문화 및 기타서비스업,3643.796100889484
prior_year_province_anchor,대전,2022,1,2022Q1,보건 및 사회복지업,9002.208754417843
prior_year_province_anchor,대전,2022,1,2022Q1,부동산업,10225.083500788407
prior_year_province_anchor,대전,2022,1,2022Q1,사업서비스업,14361.929804574203
prior_year_province_anchor,대전,2022,1,2022Q1,숙박 및 음식점업,2601.791103517662
prior_year_province_anchor,대전,2022,1,2022Q1,운수 및 창고업,2756.3201763646316
prior_year_province_anchor,대전,2022,1,2022Q1,정보통신업,4231.334996433556
prior_year_province_anchor,대전,2022,2,2022Q2,건설업,7015.049606808497
prior_year_province_anchor,대전,2022,2,2022Q2,"공공 행정, 국방·사회보장",11623.959216266128
prior_year_province_anchor,대전,2022,2,2022Q2,"광업, 제조업",21534.754819661925
prior_year_province_anchor,대전,2022,2,2022Q2,교육 서비스업,7581.626815591215
prior_year_province_anchor,대전,2022,2,2022Q2,금융 및 보험업,6188.021646146754
prior_year_province_anchor,대전,2022,2,2022Q2,도매 및 소매업,9505.806715777904
prior_year_province_anchor,대전,2022,2,2022Q2,문화 및 기타서비스업,3717.81922285554
prior_year_province_anchor,대전,2022,2,2022Q2,보건 및 사회복지업,9269.616574125092
prior_year_province_anchor,대전,2022,2,2022Q2,부동산업,10175.830747515236
prior_year_province_anchor,대전,2022,2,2022Q2,사업서비스업,16049.04997336953
prior_year_province_anchor,대전,2022,2,2022Q2,숙박 및 음식점업,3531.463846218206
prior_year_province_anchor,대전,2022,2,2022Q2,운수 및 창고업,3205.5527199421576
prior_year_province_anchor,대전,2022,2,2022Q2,정보통신업,4401.964820944711
prior_year_province_anchor,대전,2022,3,2022Q3,건설업,6618.7845390129805
prior_year_province_anchor,대전,2022,3,2022Q3,"공공 행정, 국방·사회보장",10814.839424287931
prior_year_province_anchor,대전,2022,3,2022Q3,"광업, 제조업",21477.86154734499
prior_year_province_anchor,대전,2022,3,2022Q3,교육 서비스업,8182.016176528744
prior_year_province_anchor,대전,2022,3,2022Q3,금융 및 보험업,6141.0608661164615
prior_year_province_anchor,대전,2022,3,2022Q3,도매 및 소매업,9304.555451153285
prior_year_province_anchor,대전,2022,3,2022Q3,문화 및 기타서비스업,4232.680238103932
prior_year_province_anchor,대전,2022,3,2022Q3,보건 및 사회복지업,9010.963274280051
prior_year_province_anchor,대전,2022,3,2022Q3,부동산업,9975.807270690617
prior_year_province_anchor,대전,2022,3,2022Q3,사업서비스업,15584.038969047975
prior_year_province_anchor,대전,2022,3,2022Q3,숙박 및 음식점업,3803.775731124015
prior_year_province_anchor,대전,2022,3,2022Q3,운수 및 창고업,3383.1622803696973
prior_year_province_anchor,대전,2022,3,2022Q3,정보통신업,4406.131352036924
prior_year_province_anchor,대전,2022,4,2022Q4,건설업,7792.545946794358
prior_year_province_anchor,대전,2022,4,2022Q4,"공공 행정, 국방·사회보장",11046.419482671807
prior_year_province_anchor,대전,2022,4,2022Q4,"광업, 제조업",21081.7149647484
prior_year_province_anchor,대전,2022,4,2022Q4,교육 서비스업,8123.950110881076
prior_year_province_anchor,대전,2022,4,2022Q4,금융 및 보험업,6120.874366276321
prior_year_province_anchor,대전,2022,4,2022Q4,도매 및 소매업,10360.023673028561
prior_year_province_anchor,대전,2022,4,2022Q4,문화 및 기타서비스업,4007.421212613447
prior_year_province_anchor,대전,2022,4,2022Q4,보건 및 사회복지업,9529.075205998555
prior_year_province_anchor,대전,2022,4,2022Q4,부동산업,9882.866516821854
prior_year_province_anchor,대전,2022,4,2022Q4,사업서비스업,18713.665309073906
prior_year_province_anchor,대전,2022,4,2022Q4,숙박 및 음식점업,3932.0875347801293
prior_year_province_anchor,대전,2022,4,2022Q4,운수 및 창고업,3569.5206829326926
prior_year_province_anchor,대전,2022,4,2022Q4,정보통신업,4759.23667946113
prior_year_province_anchor,대전,2023,1,2023Q1,건설업,4747.275180651005
prior_year_province_anchor,대전,2023,1,2023Q1,"공공 행정, 국방·사회보장",11695.214426683564
prior_year_province_anchor,대전,2023,1,2023Q1,"광업, 제조업",19270.499265834314
prior_year_province_anchor,대전,2023,1,2023Q1,교육 서비스업,8886.489560986196
prior_year_province_anchor,대전,2023,1,2023Q1,금융 및 보험업,6328.815100008342
prior_year_province_anchor,대전,2023,1,2023Q1,도매 및 소매업,9496.125073132926
prior_year_province_anchor,대전,2023,1,2023Q1,문화 및 기타서비스업,3779.2713344568565
prior_year_province_anchor,대전,2023,1,2023Q1,보건 및 사회복지업,9283.637136276297
prior_year_province_anchor,대전,2023,1,2023Q1,부동산업,10115.48597680419
prior_year_province_anchor,대전,2023,1,2023Q1,사업서비스업,15843.938804696154
prior_year_province_anchor,대전,2023,1,2023Q1,숙박 및 음식점업,3081.057723535215
prior_year_province_anchor,대전,2023,1,2023Q1,운수 및 창고업,3183.859527521135
prior_year_province_anchor,대전,2023,1,2023Q1,정보통신업,4551.664570517953
prior_year_province_anchor,대전,2023,2,2023Q2,건설업,6428.051009440418
prior_year_province_anchor,대전,2023,2,2023Q2,"공공 행정, 국방·사회보장",11248.124373742186
prior_year_province_anchor,대전,2023,2,2023Q2,"광업, 제조업",21291.93496347988
prior_year_province_anchor,대전,2023,2,2023Q2,교육 서비스업,7625.8493607651035
prior_year_province_anchor,대전,2023,2,2023Q2,금융 및 보험업,6264.9618076279785
prior_year_province_anchor,대전,2023,2,2023Q2,도매 및 소매업,8816.076594875765
prior_year_province_anchor,대전,2023,2,2023Q2,문화 및 기타서비스업,3587.991444851292
prior_year_province_anchor,대전,2023,2,2023Q2,보건 및 사회복지업,9397.62676151167
prior_year_province_anchor,대전,2023,2,2023Q2,부동산업,10126.016898991138
prior_year_province_anchor,대전,2023,2,2023Q2,사업서비스업,17759.724200066183
prior_year_province_anchor,대전,2023,2,2023Q2,숙박 및 음식점업,3509.872377818605
prior_year_province_anchor,대전,2023,2,2023Q2,운수 및 창고업,4054.7530959083133
prior_year_province_anchor,대전,2023,2,2023Q2,정보통신업,4488.707447003678
prior_year_province_anchor,대전,2023,3,2023Q3,건설업,6107.485593403423
prior_year_province_anchor,대전,2023,3,2023Q3,"공공 행정, 국방·사회보장",10471.396536313498
prior_year_province_anchor,대전,2023,3,2023Q3,"광업, 제조업",21498.499853501024
prior_year_province_anchor,대전,2023,3,2023Q3,교육 서비스업,8184.405636373259
prior_year_province_anchor,대전,2023,3,2023Q3,금융 및 보험업,6254.161572486515
prior_year_province_anchor,대전,2023,3,2023Q3,도매 및 소매업,8477.218030116435
prior_year_province_anchor,대전,2023,3,2023Q3,문화 및 기타서비스업,4119.5081854284335
prior_year_province_anchor,대전,2023,3,2023Q3,보건 및 사회복지업,9236.218997133346
prior_year_province_anchor,대전,2023,3,2023Q3,부동산업,9998.605665102006
prior_year_province_anchor,대전,2023,3,2023Q3,사업서비스업,17387.4968672068
prior_year_province_anchor,대전,2023,3,2023Q3,숙박 및 음식점업,3701.3020794581703
prior_year_province_anchor,대전,2023,3,2023Q3,운수 및 창고업,4183.444181775915
prior_year_province_anchor,대전,2023,3,2023Q3,정보통신업,4635.108435982413
prior_year_province_anchor,대전,2023,4,2023Q4,건설업,6835.606212725429
prior_year_province_anchor,대전,2023,4,2023Q4,"공공 행정, 국방·사회보장",10617.066249850082
prior_year_province_anchor,대전,2023,4,2023Q4,"광업, 제조업",22267.6827257666
prior_year_province_anchor,대전,2023,4,2023Q4,교육 서비스업,8090.939755364419
prior_year_province_anchor,대전,2023,4,2023Q4,금융 및 보험업,5882.751855762611
prior_year_province_anchor,대전,2023,4,2023Q4,도매 및 소매업,9253.023997051054
prior_year_province_anchor,대전,2023,4,2023Q4,문화 및 기타서비스업,3666.821907772239
prior_year_province_anchor,대전,2023,4,2023Q4,보건 및 사회복지업,9815.207065496099
prior_year_province_anchor,대전,2023,4,2023Q4,부동산업,9903.38406000975
prior_year_province_anchor,대전,2023,4,2023Q4,사업서비스업,20826.76094163886
prior_year_province_anchor,대전,2023,4,2023Q4,숙박 및 음식점업,3853.4470874728304
prior_year_province_anchor,대전,2023,4,2023Q4,운수 및 창고업,4331.887112374509
prior_year_province_anchor,대전,2023,4,2023Q4,정보통신업,5049.816809820615
prior_year_province_anchor,대전,2024,1,2024Q1,건설업,5491.10665338654
prior_year_province_anchor,대전,2024,1,2024Q1,"공공 행정, 국방·사회보장",12274.355112037174
prior_year_province_anchor,대전,2024,1,2024Q1,"광업, 제조업",20365.427017019185
prior_year_province_anchor,대전,2024,1,2024Q1,교육 서비스업,8994.759249471892
prior_year_province_anchor,대전,2024,1,2024Q1,금융 및 보험업,6549.509854037263
prior_year_province_anchor,대전,2024,1,2024Q1,도매 및 소매업,9558.56453399266
prior_year_province_anchor,대전,2024,1,2024Q1,문화 및 기타서비스업,3961.8887576131683
prior_year_province_anchor,대전,2024,1,2024Q1,보건 및 사회복지업,9493.304593699308
prior_year_province_anchor,대전,2024,1,2024Q1,부동산업,10433.187480651124
prior_year_province_anchor,대전,2024,1,2024Q1,사업서비스업,15455.921801742996
prior_year_province_anchor,대전,2024,1,2024Q1,숙박 및 음식점업,3121.035717298224
prior_year_province_anchor,대전,2024,1,2024Q1,운수 및 창고업,3561.3835926398283
prior_year_province_anchor,대전,2024,1,2024Q1,정보통신업,4548.311562652006
prior_year_province_anchor,대전,2024,2,2024Q2,건설업,7119.260245552765
prior_year_province_anchor,대전,2024,2,2024Q2,"공공 행정, 국방·사회보장",11936.464454741817
prior_year_province_anchor,대전,2024,2,2024Q2,"광업, 제조업",21936.673139451002
prior_year_province_anchor,대전,2024,2,2024Q2,교육 서비스업,7725.78576123705
prior_year_province_anchor,대전,2024,2,2024Q2,금융 및 보험업,6517.93357300962
prior_year_province_anchor,대전,2024,2,2024Q2,도매 및 소매업,9001.242366655963
prior_year_province_anchor,대전,2024,2,2024Q2,문화 및 기타서비스업,3738.2286418864055
prior_year_province_anchor,대전,2024,2,2024Q2,보건 및 사회복지업,9485.533283030345
prior_year_province_anchor,대전,2024,2,2024Q2,부동산업,10600.269962207536
prior_year_province_anchor,대전,2024,2,2024Q2,사업서비스업,17066.633942785644
prior_year_province_anchor,대전,2024,2,2024Q2,숙박 및 음식점업,3520.381919344071
prior_year_province_anchor,대전,2024,2,2024Q2,운수 및 창고업,4122.710810714972
prior_year_province_anchor,대전,2024,2,2024Q2,정보통신업,4363.54448598115
prior_year_province_anchor,대전,2024,3,2024Q3,건설업,6388.138612601502
prior_year_province_anchor,대전,2024,3,2024Q3,"공공 행정, 국방·사회보장",10979.78881297327
prior_year_province_anchor,대전,2024,3,2024Q3,"광업, 제조업",21911.916136798816
prior_year_province_anchor,대전,2024,3,2024Q3,교육 서비스업,8243.723051828758
prior_year_province_anchor,대전,2024,3,2024Q3,금융 및 보험업,6756.827376532821
prior_year_province_anchor,대전,2024,3,2024Q3,도매 및 소매업,8639.655216261839
prior_year_province_anchor,대전,2024,3,2024Q3,문화 및 기타서비스업,4223.475386144376
prior_year_province_anchor,대전,2024,3,2024Q3,보건 및 사회복지업,9387.806435271417
prior_year_province_anchor,대전,2024,3,2024Q3,부동산업,10375.389882430518
prior_year_province_anchor,대전,2024,3,2024Q3,사업서비스업,16623.04133290106
prior_year_province_anchor,대전,2024,3,2024Q3,숙박 및 음식점업,3628.6427558175365
prior_year_province_anchor,대전,2024,3,2024Q3,운수 및 창고업,4292.780910511257
prior_year_province_anchor,대전,2024,3,2024Q3,정보통신업,4507.942256575654
prior_year_province_anchor,대전,2024,4,2024Q4,건설업,7130.0085204738425
prior_year_province_anchor,대전,2024,4,2024Q4,"공공 행정, 국방·사회보장",11170.30029884376
prior_year_province_anchor,대전,2024,4,2024Q4,"광업, 제조업",22456.54856009623
prior_year_province_anchor,대전,2024,4,2024Q4,교육 서비스업,8168.173739374453
prior_year_province_anchor,대전,2024,4,2024Q4,금융 및 보험업,6485.734559115144
prior_year_province_anchor,대전,2024,4,2024Q4,도매 및 소매업,9457.029848412692
prior_year_province_anchor,대전,2024,4,2024Q4,문화 및 기타서비스업,3733.486630603197
prior_year_province_anchor,대전,2024,4,2024Q4,보건 및 사회복지업,10127.498452247255
prior_year_province_anchor,대전,2024,4,2024Q4,부동산업,10259.302399224607
prior_year_province_anchor,대전,2024,4,2024Q4,사업서비스업,19268.014900103895
prior_year_province_anchor,대전,2024,4,2024Q4,숙박 및 음식점업,3726.1020233279196
prior_year_province_anchor,대전,2024,4,2024Q4,운수 및 창고업,4345.395922670642
prior_year_province_anchor,대전,2024,4,2024Q4,정보통신업,4919.584888269906
prior_year_province_anchor,대전,2025,1,2025Q1,건설업,4973.748212478127
prior_year_province_anchor,대전,2025,1,2025Q1,"공공 행정, 국방·사회보장",12425.264655803747
prior_year_province_anchor,대전,2025,1,2025Q1,"광업, 제조업",20466.393821981022
prior_year_province_anchor,대전,2025,1,2025Q1,교육 서비스업,8951.3367101212
prior_year_province_anchor,대전,2025,1,2025Q1,금융 및 보험업,6750.265779978989
prior_year_province_anchor,대전,2025,1,2025Q1,도매 및 소매업,9491.3500484123
prior_year_province_anchor,대전,2025,1,2025Q1,문화 및 기타서비스업,3935.7036055728418
prior_year_province_anchor,대전,2025,1,2025Q1,보건 및 사회복지업,10048.559427431039
prior_year_province_anchor,대전,2025,1,2025Q1,부동산업,10695.163737791301
prior_year_province_anchor,대전,2025,1,2025Q1,사업서비스업,15085.097301798416
prior_year_province_anchor,대전,2025,1,2025Q1,숙박 및 음식점업,3097.5454664655717
prior_year_province_anchor,대전,2025,1,2025Q1,운수 및 창고업,3708.374237554175
prior_year_province_anchor,대전,2025,1,2025Q1,정보통신업,4407.581034443542
prior_year_province_anchor,대전,2025,2,2025Q2,건설업,6587.9823575317705
prior_year_province_anchor,대전,2025,2,2025Q2,"공공 행정, 국방·사회보장",12040.269428490114
prior_year_province_anchor,대전,2025,2,2025Q2,"광업, 제조업",22467.19840182872
prior_year_province_anchor,대전,2025,2,2025Q2,교육 서비스업,7657.945984230161
prior_year_province_anchor,대전,2025,2,2025Q2,금융 및 보험업,6654.027380963402
prior_year_province_anchor,대전,2025,2,2025Q2,도매 및 소매업,9024.11664859665
prior_year_province_anchor,대전,2025,2,2025Q2,문화 및 기타서비스업,3714.0325192729288
prior_year_province_anchor,대전,2025,2,2025Q2,보건 및 사회복지업,10193.478519323631
prior_year_province_anchor,대전,2025,2,2025Q2,부동산업,10854.764506072419
prior_year_province_anchor,대전,2025,2,2025Q2,사업서비스업,16739.129213308497
prior_year_province_anchor,대전,2025,2,2025Q2,숙박 및 음식점업,3549.577903233033
prior_year_province_anchor,대전,2025,2,2025Q2,운수 및 창고업,4271.899810899632
prior_year_province_anchor,대전,2025,2,2025Q2,정보통신업,4314.104572986454
prior_year_province_anchor,대전,2025,3,2025Q3,건설업,6146.36980137382
prior_year_province_anchor,대전,2025,3,2025Q3,"공공 행정, 국방·사회보장",11085.772008235072
prior_year_province_anchor,대전,2025,3,2025Q3,"광업, 제조업",22709.65743020356
prior_year_province_anchor,대전,2025,3,2025Q3,교육 서비스업,8276.247294969919
prior_year_province_anchor,대전,2025,3,2025Q3,금융 및 보험업,6838.716509950903
prior_year_province_anchor,대전,2025,3,2025Q3,도매 및 소매업,9012.170282473147
prior_year_province_anchor,대전,2025,3,2025Q3,문화 및 기타서비스업,4351.3496985420925
prior_year_province_anchor,대전,2025,3,2025Q3,보건 및 사회복지업,9965.277508471678
prior_year_province_anchor,대전,2025,3,2025Q3,부동산업,10753.81886154894
prior_year_province_anchor,대전,2025,3,2025Q3,사업서비스업,16802.270568755117
prior_year_province_anchor,대전,2025,3,2025Q3,숙박 및 음식점업,3788.3965141870376
prior_year_province_anchor,대전,2025,3,2025Q3,운수 및 창고업,4403.741630916882
prior_year_province_anchor,대전,2025,3,2025Q3,정보통신업,4416.170410406847
prior_year_province_anchor,대전,2025,4,2025Q4,건설업,6801.597413101195
prior_year_province_anchor,대전,2025,4,2025Q4,"공공 행정, 국방·사회보장",11357.716318071813
prior_year_province_anchor,대전,2025,4,2025Q4,"광업, 제조업",22915.518816042077
prior_year_province_anchor,대전,2025,4,2025Q4,교육 서비스업,8188.328228480301
prior_year_province_anchor,대전,2025,4,2025Q4,금융 및 보험업,6731.250731093093
prior_year_province_anchor,대전,2025,4,2025Q4,도매 및 소매업,9823.523537189936
prior_year_province_anchor,대전,2025,4,2025Q4,문화 및 기타서비스업,3716.772386193507
prior_year_province_anchor,대전,2025,4,2025Q4,보건 및 사회복지업,10971.889138404567
prior_year_province_anchor,대전,2025,4,2025Q4,부동산업,10746.690579635018
prior_year_province_anchor,대전,2025,4,2025Q4,사업서비스업,19335.265519400073
prior_year_province_anchor,대전,2025,4,2025Q4,숙박 및 음식점업,3846.2264577140772
prior_year_province_anchor,대전,2025,4,2025Q4,운수 및 창고업,4408.7359856174235
prior_year_province_anchor,대전,2025,4,2025Q4,정보통신업,4816.166072512043
prior_year_province_anchor,부산,2021,1,2021Q1,건설업,10516.672004650354
prior_year_province_anchor,부산,2021,1,2021Q1,"공공 행정, 국방·사회보장",16932.402275774013
prior_year_province_anchor,부산,2021,1,2021Q1,"광업, 제조업",38398.56407049335
prior_year_province_anchor,부산,2021,1,2021Q1,교육 서비스업,15338.987572329657
prior_year_province_anchor,부산,2021,1,2021Q1,금융 및 보험업,16081.041543243944
prior_year_province_anchor,부산,2021,1,2021Q1,도매 및 소매업,22641.458308338162
prior_year_province_anchor,부산,2021,1,2021Q1,문화 및 기타서비스업,7508.541997481662
prior_year_province_anchor,부산,2021,1,2021Q1,보건 및 사회복지업,21053.302636866905
prior_year_province_anchor,부산,2021,1,2021Q1,부동산업,25167.956672753935
prior_year_province_anchor,부산,2021,1,2021Q1,사업서비스업,18305.331329674776
prior_year_province_anchor,부산,2021,1,2021Q1,숙박 및 음식점업,5249.979905918535
prior_year_province_anchor,부산,2021,1,2021Q1,운수 및 창고업,16059.511405391844
prior_year_province_anchor,부산,2021,1,2021Q1,정보통신업,6830.396898063071
prior_year_province_anchor,부산,2021,2,2021Q2,건설업,14664.90091076386
prior_year_province_anchor,부산,2021,2,2021Q2,"공공 행정, 국방·사회보장",16426.148873392
prior_year_province_anchor,부산,2021,2,2021Q2,"광업, 제조업",41229.939842666194
prior_year_province_anchor,부산,2021,2,2021Q2,교육 서비스업,13279.40497110594
prior_year_province_anchor,부산,2021,2,2021Q2,금융 및 보험업,16046.649334907463
prior_year_province_anchor,부산,2021,2,2021Q2,도매 및 소매업,22959.675139151717
prior_year_province_anchor,부산,2021,2,2021Q2,문화 및 기타서비스업,7516.723517567238
prior_year_province_anchor,부산,2021,2,2021Q2,보건 및 사회복지업,22012.067194854433
prior_year_province_anchor,부산,2021,2,2021Q2,부동산업,25422.859465083107
prior_year_province_anchor,부산,2021,2,2021Q2,사업서비스업,20401.80319754584
prior_year_province_anchor,부산,2021,2,2021Q2,숙박 및 음식점업,6689.2757751938625
prior_year_province_anchor,부산,2021,2,2021Q2,운수 및 창고업,18086.478750484428
prior_year_province_anchor,부산,2021,2,2021Q2,정보통신업,7037.366081224353
prior_year_province_anchor,부산,2021,3,2021Q3,건설업,13422.372553220514
prior_year_province_anchor,부산,2021,3,2021Q3,"공공 행정, 국방·사회보장",15247.80720910017
prior_year_province_anchor,부산,2021,3,2021Q3,"광업, 제조업",40970.65907381731
prior_year_province_anchor,부산,2021,3,2021Q3,교육 서비스업,14456.91253737922
prior_year_province_anchor,부산,2021,3,2021Q3,금융 및 보험업,16512.30279604264
prior_year_province_anchor,부산,2021,3,2021Q3,도매 및 소매업,22230.29016422767
prior_year_province_anchor,부산,2021,3,2021Q3,문화 및 기타서비스업,8161.554668581906
prior_year_province_anchor,부산,2021,3,2021Q3,보건 및 사회복지업,22074.657997865907
prior_year_province_anchor,부산,2021,3,2021Q3,부동산업,24578.180490442668
prior_year_province_anchor,부산,2021,3,2021Q3,사업서비스업,20318.31939342142
prior_year_province_anchor,부산,2021,3,2021Q3,숙박 및 음식점업,6973.9885447457855
prior_year_province_anchor,부산,2021,3,2021Q3,운수 및 창고업,18313.930031868575
prior_year_province_anchor,부산,2021,3,2021Q3,정보통신업,7131.902100008297
prior_year_province_anchor,부산,2021,4,2021Q4,건설업,15778.813363666048
prior_year_province_anchor,부산,2021,4,2021Q4,"공공 행정, 국방·사회보장",15549.810822123736
prior_year_province_anchor,부산,2021,4,2021Q4,"광업, 제조업",42726.42997477559
prior_year_province_anchor,부산,2021,4,2021Q4,교육 서비스업,14310.034414835362
prior_year_province_anchor,부산,2021,4,2021Q4,금융 및 보험업,16224.751092514614
prior_year_province_anchor,부산,2021,4,2021Q4,도매 및 소매업,24935.25280352796
prior_year_province_anchor,부산,2021,4,2021Q4,문화 및 기타서비스업,8035.758032530563
prior_year_province_anchor,부산,2021,4,2021Q4,보건 및 사회복지업,23328.730083410934
prior_year_province_anchor,부산,2021,4,2021Q4,부동산업,24113.325461371707
prior_year_province_anchor,부산,2021,4,2021Q4,사업서비스업,23956.58578345895
prior_year_province_anchor,부산,2021,4,2021Q4,숙박 및 음식점업,7990.712675113447
prior_year_province_anchor,부산,2021,4,2021Q4,운수 및 창고업,19189.341694166666
prior_year_province_anchor,부산,2021,4,2021Q4,정보통신업,7954.515239068113
prior_year_province_anchor,부산,2022,1,2022Q1,건설업,10387.177753542808
prior_year_province_anchor,부산,2022,1,2022Q1,"공공 행정, 국방·사회보장",17505.27210896144
prior_year_province_anchor,부산,2022,1,2022Q1,"광업, 제조업",38539.62472854717
prior_year_province_anchor,부산,2022,1,2022Q1,교육 서비스업,16010.656962949357
prior_year_province_anchor,부산,2022,1,2022Q1,금융 및 보험업,16631.546468453704
prior_year_province_anchor,부산,2022,1,2022Q1,도매 및 소매업,23718.980797711552
prior_year_province_anchor,부산,2022,1,2022Q1,문화 및 기타서비스업,7605.547123727849
prior_year_province_anchor,부산,2022,1,2022Q1,보건 및 사회복지업,22864.840946651282
prior_year_province_anchor,부산,2022,1,2022Q1,부동산업,24444.16942951358
prior_year_province_anchor,부산,2022,1,2022Q1,사업서비스업,18158.688950085918
prior_year_province_anchor,부산,2022,1,2022Q1,숙박 및 음식점업,5781.484013110742
prior_year_province_anchor,부산,2022,1,2022Q1,운수 및 창고업,16013.276815456153
prior_year_province_anchor,부산,2022,1,2022Q1,정보통신업,6847.826813273197
prior_year_province_anchor,부산,2022,2,2022Q2,건설업,14357.462955651745
prior_year_province_anchor,부산,2022,2,2022Q2,"공공 행정, 국방·사회보장",16884.450330552612
prior_year_province_anchor,부산,2022,2,2022Q2,"광업, 제조업",41164.24971795392
prior_year_province_anchor,부산,2022,2,2022Q2,교육 서비스업,13780.368021777394
prior_year_province_anchor,부산,2022,2,2022Q2,금융 및 보험업,16364.357605451134
prior_year_province_anchor,부산,2022,2,2022Q2,도매 및 소매업,23909.59794116015
prior_year_province_anchor,부산,2022,2,2022Q2,문화 및 기타서비스업,7760.052569908239
prior_year_province_anchor,부산,2022,2,2022Q2,보건 및 사회복지업,23544.033957199546
prior_year_province_anchor,부산,2022,2,2022Q2,부동산업,24326.42538900901
prior_year_province_anchor,부산,2022,2,2022Q2,사업서비스업,20291.82083301807
prior_year_province_anchor,부산,2022,2,2022Q2,숙박 및 음식점업,7847.325537467204
prior_year_province_anchor,부산,2022,2,2022Q2,운수 및 창고업,18623.164134245908
prior_year_province_anchor,부산,2022,2,2022Q2,정보통신업,7123.967437548143
prior_year_province_anchor,부산,2022,3,2022Q3,건설업,13546.440746204915
prior_year_province_anchor,부산,2022,3,2022Q3,"공공 행정, 국방·사회보장",15709.15861755301
prior_year_province_anchor,부산,2022,3,2022Q3,"광업, 제조업",41055.49673290541
prior_year_province_anchor,부산,2022,3,2022Q3,교육 서비스업,14871.635971429665
prior_year_province_anchor,부산,2022,3,2022Q3,금융 및 보험업,16240.16880298869
prior_year_province_anchor,부산,2022,3,2022Q3,도매 및 소매업,23403.398208070907
prior_year_province_anchor,부산,2022,3,2022Q3,문화 및 기타서비스업,8834.700987443492
prior_year_province_anchor,부산,2022,3,2022Q3,보건 및 사회복지업,22887.076678978134
prior_year_province_anchor,부산,2022,3,2022Q3,부동산업,23848.247606206125
prior_year_province_anchor,부산,2022,3,2022Q3,사업서비스업,19703.87824447034
prior_year_province_anchor,부산,2022,3,2022Q3,숙박 및 음식점업,8452.434382306601
prior_year_province_anchor,부산,2022,3,2022Q3,운수 및 창고업,19655.01488967913
prior_year_province_anchor,부산,2022,3,2022Q3,정보통신업,7130.710388261249
prior_year_province_anchor,부산,2022,4,2022Q4,건설업,15948.73821743573
prior_year_province_anchor,부산,2022,4,2022Q4,"공공 행정, 국방·사회보장",16045.541593489243
prior_year_province_anchor,부산,2022,4,2022Q4,"광업, 제조업",40298.25213051825
prior_year_province_anchor,부산,2022,4,2022Q4,교육 서비스업,14766.095066599579
prior_year_province_anchor,부산,2022,4,2022Q4,금융 및 보험업,16186.785165846415
prior_year_province_anchor,부산,2022,4,2022Q4,도매 및 소매업,26058.177710669275
prior_year_province_anchor,부산,2022,4,2022Q4,문화 및 기타서비스업,8364.527002407753
prior_year_province_anchor,부산,2022,4,2022Q4,보건 및 사회복지업,24203.03670995299
prior_year_province_anchor,부산,2022,4,2022Q4,부동산업,23626.062669105166
prior_year_province_anchor,부산,2022,4,2022Q4,사업서비스업,23660.861185608694
prior_year_province_anchor,부산,2022,4,2022Q4,숙박 및 음식점업,8737.55821124439
prior_year_province_anchor,부산,2022,4,2022Q4,운수 및 창고업,20737.693423441993
prior_year_province_anchor,부산,2022,4,2022Q4,정보통신업,7702.162218731572
prior_year_province_anchor,부산,2023,1,2023Q1,건설업,9396.82295637441
prior_year_province_anchor,부산,2023,1,2023Q1,"공공 행정, 국방·사회보장",18326.72779927218
prior_year_province_anchor,부산,2023,1,2023Q1,"광업, 제조업",37779.83112025657
prior_year_province_anchor,부산,2023,1,2023Q1,교육 서비스업,16176.142507810686
prior_year_province_anchor,부산,2023,1,2023Q1,금융 및 보험업,16196.882407439487
prior_year_province_anchor,부산,2023,1,2023Q1,도매 및 소매업,24360.132979599304
prior_year_province_anchor,부산,2023,1,2023Q1,문화 및 기타서비스업,8519.541475012931
prior_year_province_anchor,부산,2023,1,2023Q1,보건 및 사회복지업,23685.596631280176
prior_year_province_anchor,부산,2023,1,2023Q1,부동산업,24191.199994592782
prior_year_province_anchor,부산,2023,1,2023Q1,사업서비스업,19160.333353111047
prior_year_province_anchor,부산,2023,1,2023Q1,숙박 및 음식점업,7497.0635841795665
prior_year_province_anchor,부산,2023,1,2023Q1,운수 및 창고업,16390.554309393992
prior_year_province_anchor,부산,2023,1,2023Q1,정보통신업,7258.790124907785
prior_year_province_anchor,부산,2023,2,2023Q2,건설업,12723.774163429089
prior_year_province_anchor,부산,2023,2,2023Q2,"공공 행정, 국방·사회보장",17626.125193532498
prior_year_province_anchor,부산,2023,2,2023Q2,"광업, 제조업",41742.85762123088
prior_year_province_anchor,부산,2023,2,2023Q2,교육 서비스업,13881.389850993486
prior_year_province_anchor,부산,2023,2,2023Q2,금융 및 보험업,16033.467257578148
prior_year_province_anchor,부산,2023,2,2023Q2,도매 및 소매업,22615.624431603406
prior_year_province_anchor,부산,2023,2,2023Q2,문화 및 기타서비스업,8088.342757426092
prior_year_province_anchor,부산,2023,2,2023Q2,보건 및 사회복지업,23976.421471140173
prior_year_province_anchor,부산,2023,2,2023Q2,부동산업,24216.38471091152
prior_year_province_anchor,부산,2023,2,2023Q2,사업서비스업,21477.12384698946
prior_year_province_anchor,부산,2023,2,2023Q2,숙박 및 음식점업,8540.487959008165
prior_year_province_anchor,부산,2023,2,2023Q2,운수 및 창고업,20873.92683477222
prior_year_province_anchor,부산,2023,2,2023Q2,정보통신업,7158.388933348536
prior_year_province_anchor,부산,2023,3,2023Q3,건설업,12089.242490878547
prior_year_province_anchor,부산,2023,3,2023Q3,"공공 행정, 국방·사회보장",16408.970968621932
prior_year_province_anchor,부산,2023,3,2023Q3,"광업, 제조업",42147.82827366277
prior_year_province_anchor,부산,2023,3,2023Q3,교육 서비스업,14898.133960223811
prior_year_province_anchor,부산,2023,3,2023Q3,금융 및 보험업,16005.826990672776
prior_year_province_anchor,부산,2023,3,2023Q3,도매 및 소매업,21746.36042810286
prior_year_province_anchor,부산,2023,3,2023Q3,문화 및 기타서비스업,9286.531115781007
prior_year_province_anchor,부산,2023,3,2023Q3,보건 및 사회복지업,23564.617439584155
prior_year_province_anchor,부산,2023,3,2023Q3,부동산업,23911.680552590537
prior_year_province_anchor,부산,2023,3,2023Q3,사업서비스업,21026.98326839727
prior_year_province_anchor,부산,2023,3,2023Q3,숙박 및 음식점업,9006.289243459803
prior_year_province_anchor,부산,2023,3,2023Q3,운수 및 창고업,21536.430382373794
prior_year_province_anchor,부산,2023,3,2023Q3,정보통신업,7391.8626519434565
prior_year_province_anchor,부산,2023,4,2023Q4,건설업,13530.494638750944
prior_year_province_anchor,부산,2023,4,2023Q4,"공공 행정, 국방·사회보장",16637.23948009889
prior_year_province_anchor,부산,2023,4,2023Q4,"광업, 제조업",43655.811985652465
prior_year_province_anchor,부산,2023,4,2023Q4,교육 서비스업,14727.997327480243
prior_year_province_anchor,부산,2023,4,2023Q4,금융 및 보험업,15055.304750459189
prior_year_province_anchor,부산,2023,4,2023Q4,도매 및 소매업,23736.512871899486
prior_year_province_anchor,부산,2023,4,2023Q4,문화 및 기타서비스업,8266.04881208967
prior_year_province_anchor,부산,2023,4,2023Q4,보건 및 사회복지업,25041.805489941846
prior_year_province_anchor,부산,2023,4,2023Q4,부동산업,23683.95794016488
prior_year_province_anchor,부산,2023,4,2023Q4,사업서비스업,25186.14135198979
prior_year_province_anchor,부산,2023,4,2023Q4,숙박 및 음식점업,9376.500028667891
prior_year_province_anchor,부산,2023,4,2023Q4,운수 및 창고업,22300.61670868329
prior_year_province_anchor,부산,2023,4,2023Q4,정보통신업,8053.22093133678
prior_year_province_anchor,부산,2024,1,2024Q1,건설업,9501.391198583411
prior_year_province_anchor,부산,2024,1,2024Q1,"공공 행정, 국방·사회보장",18685.213524272953
prior_year_province_anchor,부산,2024,1,2024Q1,"광업, 제조업",38900.814940709075
prior_year_province_anchor,부산,2024,1,2024Q1,교육 서비스업,16525.634121565432
prior_year_province_anchor,부산,2024,1,2024Q1,금융 및 보험업,16409.162067751764
prior_year_province_anchor,부산,2024,1,2024Q1,도매 및 소매업,24035.9782877135
prior_year_province_anchor,부산,2024,1,2024Q1,문화 및 기타서비스업,8716.405048856825
prior_year_province_anchor,부산,2024,1,2024Q1,보건 및 사회복지업,23895.31187630387
prior_year_province_anchor,부산,2024,1,2024Q1,부동산업,24510.3014098416
prior_year_province_anchor,부산,2024,1,2024Q1,사업서비스업,19593.787296957773
prior_year_province_anchor,부산,2024,1,2024Q1,숙박 및 음식점업,7421.794540639304
prior_year_province_anchor,부산,2024,1,2024Q1,운수 및 창고업,19208.631476039383
prior_year_province_anchor,부산,2024,1,2024Q1,정보통신업,7380.832774788011
prior_year_province_anchor,부산,2024,2,2024Q2,건설업,12318.623714183792
prior_year_province_anchor,부산,2024,2,2024Q2,"공공 행정, 국방·사회보장",18170.843602448782
prior_year_province_anchor,부산,2024,2,2024Q2,"광업, 제조업",41902.11486847131
prior_year_province_anchor,부산,2024,2,2024Q2,교육 서비스업,14194.210789944096
prior_year_province_anchor,부산,2024,2,2024Q2,금융 및 보험업,16330.050756458742
prior_year_province_anchor,부산,2024,2,2024Q2,도매 및 소매업,22634.535271272336
prior_year_province_anchor,부산,2024,2,2024Q2,문화 및 기타서비스업,8224.338693333219
prior_year_province_anchor,부산,2024,2,2024Q2,보건 및 사회복지업,23875.750943618128
prior_year_province_anchor,부산,2024,2,2024Q2,부동산업,24902.822103143313
prior_year_province_anchor,부산,2024,2,2024Q2,사업서비스업,21635.719929190556
prior_year_province_anchor,부산,2024,2,2024Q2,숙박 및 음식점업,8371.436175863724
prior_year_province_anchor,부산,2024,2,2024Q2,운수 및 창고업,22236.198540637324
prior_year_province_anchor,부산,2024,2,2024Q2,정보통신업,7080.9995561509695
prior_year_province_anchor,부산,2024,3,2024Q3,건설업,11053.546729359097
prior_year_province_anchor,부산,2024,3,2024Q3,"공공 행정, 국방·사회보장",16714.49917728335
prior_year_province_anchor,부산,2024,3,2024Q3,"광업, 제조업",41854.82552963965
prior_year_province_anchor,부산,2024,3,2024Q3,교육 서비스업,15145.79180782804
prior_year_province_anchor,부산,2024,3,2024Q3,금융 및 보험업,16928.57602420492
prior_year_province_anchor,부산,2024,3,2024Q3,도매 및 소매업,21725.287772332336
prior_year_province_anchor,부산,2024,3,2024Q3,문화 및 기타서비스업,9291.912123673455
prior_year_province_anchor,부산,2024,3,2024Q3,보건 및 사회복지업,23629.765630196554
prior_year_province_anchor,부산,2024,3,2024Q3,부동산업,24374.519650357335
prior_year_province_anchor,부산,2024,3,2024Q3,사업서비스업,21073.368530414664
prior_year_province_anchor,부산,2024,3,2024Q3,숙박 및 음식점업,8628.879460043556
prior_year_province_anchor,부산,2024,3,2024Q3,운수 및 창고업,23153.486383157713
prior_year_province_anchor,부산,2024,3,2024Q3,정보통신업,7315.322949157234
prior_year_province_anchor,부산,2024,4,2024Q4,건설업,12337.221707481207
prior_year_province_anchor,부산,2024,4,2024Q4,"공공 행정, 국방·사회보장",17004.514233864666
prior_year_province_anchor,부산,2024,4,2024Q4,"광업, 제조업",42895.14965796248
prior_year_province_anchor,부산,2024,4,2024Q4,교육 서비스업,15006.988726930796
prior_year_province_anchor,부산,2024,4,2024Q4,금융 및 보험업,16249.379248331988
prior_year_province_anchor,부산,2024,4,2024Q4,도매 및 소매업,23780.659040835904
prior_year_province_anchor,부산,2024,4,2024Q4,문화 및 기타서비스업,8213.905969544277
prior_year_province_anchor,부산,2024,4,2024Q4,보건 및 사회복지업,25491.6221906382
prior_year_province_anchor,부산,2024,4,2024Q4,부동산업,24101.799620302896
prior_year_province_anchor,부산,2024,4,2024Q4,사업서비스업,24426.455466711377
prior_year_province_anchor,부산,2024,4,2024Q4,숙박 및 음식점업,8860.636711501551
prior_year_province_anchor,부산,2024,4,2024Q4,운수 및 창고업,23437.270017351355
prior_year_province_anchor,부산,2024,4,2024Q4,정보통신업,7983.321476887244
prior_year_province_anchor,부산,2025,1,2025Q1,건설업,8910.7149309283
prior_year_province_anchor,부산,2025,1,2025Q1,"공공 행정, 국방·사회보장",19192.472734244362
prior_year_province_anchor,부산,2025,1,2025Q1,"광업, 제조업",38715.68422311413
prior_year_province_anchor,부산,2025,1,2025Q1,교육 서비스업,16435.384458689132
prior_year_province_anchor,부산,2025,1,2025Q1,금융 및 보험업,17080.971585779513
prior_year_province_anchor,부산,2025,1,2025Q1,도매 및 소매업,23652.53848497311
prior_year_province_anchor,부산,2025,1,2025Q1,문화 및 기타서비스업,8281.622391464734
prior_year_province_anchor,부산,2025,1,2025Q1,보건 및 사회복지업,25067.79258055375
prior_year_province_anchor,부산,2025,1,2025Q1,부동산업,23781.21405396588
prior_year_province_anchor,부산,2025,1,2025Q1,사업서비스업,19349.43817607224
prior_year_province_anchor,부산,2025,1,2025Q1,숙박 및 음식점업,7284.678555458235
prior_year_province_anchor,부산,2025,1,2025Q1,운수 및 창고업,20898.752478414895
prior_year_province_anchor,부산,2025,1,2025Q1,정보통신업,7377.1070131307315
prior_year_province_anchor,부산,2025,2,2025Q2,건설업,11802.694919432195
prior_year_province_anchor,부산,2025,2,2025Q2,"공공 행정, 국방·사회보장",18597.796434968936
prior_year_province_anchor,부산,2025,2,2025Q2,"광업, 제조업",42500.54827778451
prior_year_province_anchor,부산,2025,2,2025Q2,교육 서비스업,14060.613569857887
prior_year_province_anchor,부산,2025,2,2025Q2,금융 및 보험업,16837.448528669414
prior_year_province_anchor,부산,2025,2,2025Q2,도매 및 소매업,22488.188217178154
prior_year_province_anchor,부산,2025,2,2025Q2,문화 및 기타서비스업,7815.175622139363
prior_year_province_anchor,부산,2025,2,2025Q2,보건 및 사회복지업,25429.317211299196
prior_year_province_anchor,부산,2025,2,2025Q2,부동산업,24136.094084484655
prior_year_province_anchor,부산,2025,2,2025Q2,사업서비스업,21471.041210691008
prior_year_province_anchor,부산,2025,2,2025Q2,숙박 및 음식점업,8347.749633555693
prior_year_province_anchor,부산,2025,2,2025Q2,운수 및 창고업,24074.532677009673
prior_year_province_anchor,부산,2025,2,2025Q2,정보통신업,7220.652519387138
prior_year_province_anchor,부산,2025,3,2025Q3,건설업,11011.524271113141
prior_year_province_anchor,부산,2025,3,2025Q3,"공공 행정, 국방·사회보장",17123.448304718473
prior_year_province_anchor,부산,2025,3,2025Q3,"광업, 제조업",42959.20099703014
prior_year_province_anchor,부산,2025,3,2025Q3,교육 서비스업,15195.865218008854
prior_year_province_anchor,부산,2025,3,2025Q3,금융 및 보험업,17304.788610862102
prior_year_province_anchor,부산,2025,3,2025Q3,도매 및 소매업,22458.417754277678
prior_year_province_anchor,부산,2025,3,2025Q3,문화 및 기타서비스업,9156.237031038938
prior_year_province_anchor,부산,2025,3,2025Q3,보건 및 사회복지업,24860.032066694956
prior_year_province_anchor,부산,2025,3,2025Q3,부동산업,23911.63655965538
prior_year_province_anchor,부산,2025,3,2025Q3,사업서비스업,21552.031722659536
prior_year_province_anchor,부산,2025,3,2025Q3,숙박 및 음식점업,8909.393306810975
prior_year_province_anchor,부산,2025,3,2025Q3,운수 및 창고업,24817.534700629993
prior_year_province_anchor,부산,2025,3,2025Q3,정보통신업,7391.483321850218
prior_year_province_anchor,부산,2025,4,2025Q4,건설업,12185.396814224165
prior_year_province_anchor,부산,2025,4,2025Q4,"공공 행정, 국방·사회보장",17543.502436067425
prior_year_province_anchor,부산,2025,4,2025Q4,"광업, 제조업",43348.623016228106
prior_year_province_anchor,부산,2025,4,2025Q4,교육 서비스업,15034.43863940947
prior_year_province_anchor,부산,2025,4,2025Q4,금융 및 보험업,17032.855627044148
prior_year_province_anchor,부산,2025,4,2025Q4,도매 및 소매업,24480.31811452276
prior_year_province_anchor,부산,2025,4,2025Q4,문화 및 기타서비스업,7820.9409300774305
prior_year_province_anchor,부산,2025,4,2025Q4,보건 및 사회복지업,27371.191176671164
prior_year_province_anchor,부산,2025,4,2025Q4,부동산업,23895.78647991953
prior_year_province_anchor,부산,2025,4,2025Q4,사업서비스업,24801.06805416299
prior_year_province_anchor,부산,2025,4,2025Q4,숙박 및 음식점업,9045.39536199807
prior_year_province_anchor,부산,2025,4,2025Q4,운수 및 창고업,24845.6806686445
prior_year_province_anchor,부산,2025,4,2025Q4,정보통신업,8060.968642954622
prior_year_province_anchor,서울,2021,1,2021Q1,건설업,28694.354464520653
prior_year_province_anchor,서울,2021,1,2021Q1,"공공 행정, 국방·사회보장",48184.822830396035
prior_year_province_anchor,서울,2021,1,2021Q1,"광업, 제조업",49299.694677735744
prior_year_province_anchor,서울,2021,1,2021Q1,교육 서비스업,52034.65650913881
prior_year_province_anchor,서울,2021,1,2021Q1,금융 및 보험업,140886.26662457213
prior_year_province_anchor,서울,2021,1,2021Q1,도매 및 소매업,186168.9186242985
prior_year_province_anchor,서울,2021,1,2021Q1,문화 및 기타서비스업,31356.12558500568
prior_year_province_anchor,서울,2021,1,2021Q1,보건 및 사회복지업,61170.01442866276
prior_year_province_anchor,서울,2021,1,2021Q1,부동산업,126556.0122200557
prior_year_province_anchor,서울,2021,1,2021Q1,사업서비스업,160090.65804542773
prior_year_province_anchor,서울,2021,1,2021Q1,숙박 및 음식점업,20623.549945815244
prior_year_province_anchor,서울,2021,1,2021Q1,운수 및 창고업,26260.29820942862
prior_year_province_anchor,서울,2021,1,2021Q1,정보통신업,126910.99873800871
prior_year_province_anchor,서울,2021,2,2021Q2,건설업,40012.64513474005
prior_year_province_anchor,서울,2021,2,2021Q2,"공공 행정, 국방·사회보장",46744.168982007155
prior_year_province_anchor,서울,2021,2,2021Q2,"광업, 제조업",52934.88168185921
prior_year_province_anchor,서울,2021,2,2021Q2,교육 서비스업,45047.90639270996
prior_year_province_anchor,서울,2021,2,2021Q2,금융 및 보험업,140584.9559277201
prior_year_province_anchor,서울,2021,2,2021Q2,도매 및 소매업,188785.44987744634
prior_year_province_anchor,서울,2021,2,2021Q2,문화 및 기타서비스업,31390.292107796067
prior_year_province_anchor,서울,2021,2,2021Q2,보건 및 사회복지업,63955.688622273046
prior_year_province_anchor,서울,2021,2,2021Q2,부동산업,127837.78019670912
prior_year_province_anchor,서울,2021,2,2021Q2,사업서비스업,178425.51114678202
prior_year_province_anchor,서울,2021,2,2021Q2,숙박 및 음식점업,26277.550680816512
prior_year_province_anchor,서울,2021,2,2021Q2,운수 및 창고업,29574.768095793526
prior_year_province_anchor,서울,2021,2,2021Q2,정보통신업,130756.55356227329
prior_year_province_anchor,서울,2021,3,2021Q3,건설업,36622.45201016587
prior_year_province_anchor,서울,2021,3,2021Q3,"공공 행정, 국방·사회보장",43390.94222759611
prior_year_province_anchor,서울,2021,3,2021Q3,"광업, 제조업",52601.99259995
prior_year_province_anchor,서울,2021,3,2021Q3,교육 서비스업,49042.38135130962
prior_year_province_anchor,서울,2021,3,2021Q3,금융 및 보험업,144664.55347765042
prior_year_province_anchor,서울,2021,3,2021Q3,도매 및 소매업,182788.09713659334
prior_year_province_anchor,서울,2021,3,2021Q3,문화 및 기타서비스업,34083.14600128448
prior_year_province_anchor,서울,2021,3,2021Q3,보건 및 사회복지업,64137.545140908216
prior_year_province_anchor,서울,2021,3,2021Q3,부동산업,123590.34747793204
prior_year_province_anchor,서울,2021,3,2021Q3,사업서비스업,177695.39723091165
prior_year_province_anchor,서울,2021,3,2021Q3,숙박 및 음식점업,27395.99077550067
prior_year_province_anchor,서울,2021,3,2021Q3,운수 및 창고업,29946.69338831887
prior_year_province_anchor,서울,2021,3,2021Q3,정보통신업,132513.06357767043
prior_year_province_anchor,서울,2021,4,2021Q4,건설업,43051.91447316626
prior_year_province_anchor,서울,2021,4,2021Q4,"공공 행정, 국방·사회보장",44250.359004416976
prior_year_province_anchor,서울,2021,4,2021Q4,"광업, 제조업",54856.21672099755
prior_year_province_anchor,서울,2021,4,2021Q4,교육 서비스업,48544.12469524036
prior_year_province_anchor,서울,2021,4,2021Q4,금융 및 보험업,142145.30832411622
prior_year_province_anchor,서울,2021,4,2021Q4,도매 및 소매업,205029.59601090438
prior_year_province_anchor,서울,2021,4,2021Q4,문화 및 기타서비스업,33557.81163949757
prior_year_province_anchor,서울,2021,4,2021Q4,보건 및 사회복지업,67781.23035697694
prior_year_province_anchor,서울,2021,4,2021Q4,부동산업,121252.84350394647
prior_year_province_anchor,서울,2021,4,2021Q4,사업서비스업,209514.13080288787
prior_year_province_anchor,서울,2021,4,2021Q4,숙박 및 음식점업,31389.99861162865
prior_year_province_anchor,서울,2021,4,2021Q4,운수 및 창고업,31378.154827440936
prior_year_province_anchor,서울,2021,4,2021Q4,정보통신업,147797.48359178333
prior_year_province_anchor,서울,2022,1,2022Q1,건설업,26790.4623274244
prior_year_province_anchor,서울,2022,1,2022Q1,"공공 행정, 국방·사회보장",49071.41625512017
prior_year_province_anchor,서울,2022,1,2022Q1,"광업, 제조업",49837.97641165709
prior_year_province_anchor,서울,2022,1,2022Q1,교육 서비스업,55680.27766243348
prior_year_province_anchor,서울,2022,1,2022Q1,금융 및 보험업,151492.44149463385
prior_year_province_anchor,서울,2022,1,2022Q1,도매 및 소매업,191178.8545008996
prior_year_province_anchor,서울,2022,1,2022Q1,문화 및 기타서비스업,32018.907163499825
prior_year_province_anchor,서울,2022,1,2022Q1,보건 및 사회복지업,66284.81522152822
prior_year_province_anchor,서울,2022,1,2022Q1,부동산업,122703.95226592463
prior_year_province_anchor,서울,2022,1,2022Q1,사업서비스업,164948.61123064728
prior_year_province_anchor,서울,2022,1,2022Q1,숙박 및 음식점업,22153.176560930642
prior_year_province_anchor,서울,2022,1,2022Q1,운수 및 창고업,30167.005439761964
prior_year_province_anchor,서울,2022,1,2022Q1,정보통신업,130800.42679811548
prior_year_province_anchor,서울,2022,2,2022Q2,건설업,37030.565910897916
prior_year_province_anchor,서울,2022,2,2022Q2,"공공 행정, 국방·사회보장",47331.10603778012
prior_year_province_anchor,서울,2022,2,2022Q2,"광업, 제조업",53232.04159088049
prior_year_province_anchor,서울,2022,2,2022Q2,교육 서비스업,47923.99959094118
prior_year_province_anchor,서울,2022,2,2022Q2,금융 및 보험업,149058.6874674175
prior_year_province_anchor,서울,2022,2,2022Q2,도매 및 소매업,192715.25977242176
prior_year_province_anchor,서울,2022,2,2022Q2,문화 및 기타서비스업,32669.36602688271
prior_year_province_anchor,서울,2022,2,2022Q2,보건 및 사회복지업,68253.78510454585
prior_year_province_anchor,서울,2022,2,2022Q2,부동산업,122112.90501568648
prior_year_province_anchor,서울,2022,2,2022Q2,사업서비스업,184325.40338941212
prior_year_province_anchor,서울,2022,2,2022Q2,숙박 및 음식점업,30068.95595808699
prior_year_province_anchor,서울,2022,2,2022Q2,운수 및 창고업,35083.705865942255
prior_year_province_anchor,서울,2022,2,2022Q2,정보통신업,136074.99236415033
prior_year_province_anchor,서울,2022,3,2022Q3,건설업,34938.7888695857
prior_year_province_anchor,서울,2022,3,2022Q3,"공공 행정, 국방·사회보장",44036.48550798714
prior_year_province_anchor,서울,2022,3,2022Q3,"광업, 제조업",53091.40636825649
prior_year_province_anchor,서울,2022,3,2022Q3,교육 서비스업,51719.10322606145
prior_year_province_anchor,서울,2022,3,2022Q3,금융 및 보험업,147927.48388830264
prior_year_province_anchor,서울,2022,3,2022Q3,도매 및 소매업,188635.20734748789
prior_year_province_anchor,서울,2022,3,2022Q3,문화 및 기타서비스업,37193.57281367831
prior_year_province_anchor,서울,2022,3,2022Q3,보건 및 사회복지업,66349.27626072982
prior_year_province_anchor,서울,2022,3,2022Q3,부동산업,119712.56558076061
prior_year_province_anchor,서울,2022,3,2022Q3,사업서비스업,178984.69218879205
prior_year_province_anchor,서울,2022,3,2022Q3,숙박 및 음식점업,32387.579177991956
prior_year_province_anchor,서울,2022,3,2022Q3,운수 및 창고업,37027.58329408561
prior_year_province_anchor,서울,2022,3,2022Q3,정보통신업,136203.78955122922
prior_year_province_anchor,서울,2022,4,2022Q4,건설업,41134.76061757325
prior_year_province_anchor,서울,2022,4,2022Q4,"공공 행정, 국방·사회보장",44979.44651599414
prior_year_province_anchor,서울,2022,4,2022Q4,"광업, 제조업",52112.16645874924
prior_year_province_anchor,서울,2022,4,2022Q4,교육 서비스업,51352.063516243
prior_year_province_anchor,서울,2022,4,2022Q4,금융 및 보험업,147441.22618870225
prior_year_province_anchor,서울,2022,4,2022Q4,도매 및 소매업,210033.1632119402
prior_year_province_anchor,서울,2022,4,2022Q4,문화 및 기타서비스업,35214.16792240033
prior_year_province_anchor,서울,2022,4,2022Q4,보건 및 사회복지업,70164.22374694272
prior_year_province_anchor,서울,2022,4,2022Q4,부동산업,118597.24971802048
prior_year_province_anchor,서울,2022,4,2022Q4,사업서비스업,214928.85327873932
prior_year_province_anchor,서울,2022,4,2022Q4,숙박 및 음식점업,33480.10118615866
prior_year_province_anchor,서울,2022,4,2022Q4,운수 및 창고업,39067.21388274895
prior_year_province_anchor,서울,2022,4,2022Q4,정보통신업,147119.0982116646
prior_year_province_anchor,서울,2023,1,2023Q1,건설업,25304.603395984697
prior_year_province_anchor,서울,2023,1,2023Q1,"공공 행정, 국방·사회보장",49696.577534963675
prior_year_province_anchor,서울,2023,1,2023Q1,"광업, 제조업",46854.048356403495
prior_year_province_anchor,서울,2023,1,2023Q1,교육 서비스업,56871.86222697817
prior_year_province_anchor,서울,2023,1,2023Q1,금융 및 보험업,152037.08264745222
prior_year_province_anchor,서울,2023,1,2023Q1,도매 및 소매업,202732.69516366435
prior_year_province_anchor,서울,2023,1,2023Q1,문화 및 기타서비스업,37729.57243282436
prior_year_province_anchor,서울,2023,1,2023Q1,보건 및 사회복지업,68306.35466050741
prior_year_province_anchor,서울,2023,1,2023Q1,부동산업,122033.4561393274
prior_year_province_anchor,서울,2023,1,2023Q1,사업서비스업,171762.13838925754
prior_year_province_anchor,서울,2023,1,2023Q1,숙박 및 음식점업,25643.429246444313
prior_year_province_anchor,서울,2023,1,2023Q1,운수 및 창고업,35260.76769852219
prior_year_province_anchor,서울,2023,1,2023Q1,정보통신업,141438.88595663232
prior_year_province_anchor,서울,2023,2,2023Q2,건설업,34263.71449163455
prior_year_province_anchor,서울,2023,2,2023Q2,"공공 행정, 국방·사회보장",47796.75384037471
prior_year_province_anchor,서울,2023,2,2023Q2,"광업, 제조업",51768.9415628689
prior_year_province_anchor,서울,2023,2,2023Q2,교육 서비스업,48804.00198894648
prior_year_province_anchor,서울,2023,2,2023Q2,금융 및 보험업,150503.13543339437
prior_year_province_anchor,서울,2023,2,2023Q2,도매 및 소매업,188214.3458604219
prior_year_province_anchor,서울,2023,2,2023Q2,문화 및 기타서비스업,35819.96928154573
prior_year_province_anchor,서울,2023,2,2023Q2,보건 및 사회복지업,69145.05781689435
prior_year_province_anchor,서울,2023,2,2023Q2,부동산업,122160.50142748801
prior_year_province_anchor,서울,2023,2,2023Q2,사업서비스업,192530.92576340036
prior_year_province_anchor,서울,2023,2,2023Q2,숙박 및 음식점업,29212.423804046248
prior_year_province_anchor,서울,2023,2,2023Q2,운수 및 창고업,44905.78361068652
prior_year_province_anchor,서울,2023,2,2023Q2,정보통신업,139482.54992287228
prior_year_province_anchor,서울,2023,3,2023Q3,건설업,32554.990980440783
prior_year_province_anchor,서울,2023,3,2023Q3,"공공 행정, 국방·사회보장",44496.19740865432
prior_year_province_anchor,서울,2023,3,2023Q3,"광업, 제조업",52271.180825706535
prior_year_province_anchor,서울,2023,3,2023Q3,교육 서비스업,52378.65712519533
prior_year_province_anchor,서울,2023,3,2023Q3,금융 및 보험업,150243.68145711807
prior_year_province_anchor,서울,2023,3,2023Q3,도매 및 소매업,180980.05718120956
prior_year_province_anchor,서울,2023,3,2023Q3,문화 및 기타서비스업,41126.256549153644
prior_year_province_anchor,서울,2023,3,2023Q3,보건 및 사회복지업,67957.46551478852
prior_year_province_anchor,서울,2023,3,2023Q3,부동산업,120623.4093630908
prior_year_province_anchor,서울,2023,3,2023Q3,사업서비스업,188495.65628609672
prior_year_province_anchor,서울,2023,3,2023Q3,숙박 및 음식점업,30805.679903133427
prior_year_province_anchor,서울,2023,3,2023Q3,운수 및 창고업,46331.01812383762
prior_year_province_anchor,서울,2023,3,2023Q3,정보통신업,144031.8290850987
prior_year_province_anchor,서울,2023,4,2023Q4,건설업,36436.12337644726
prior_year_province_anchor,서울,2023,4,2023Q4,"공공 행정, 국방·사회보장",45115.19300370299
prior_year_province_anchor,서울,2023,4,2023Q4,"광업, 제조업",54141.3623396824
prior_year_province_anchor,서울,2023,4,2023Q4,교육 서비스업,51780.49306151438
prior_year_province_anchor,서울,2023,4,2023Q4,금융 및 보험업,141321.30832639654
prior_year_province_anchor,서울,2023,4,2023Q4,도매 및 소매업,197542.73231337458
prior_year_province_anchor,서울,2023,4,2023Q4,문화 및 기타서비스업,36606.95687716286
prior_year_province_anchor,서울,2023,4,2023Q4,보건 및 사회복지업,72217.49461343243
prior_year_province_anchor,서울,2023,4,2023Q4,부동산업,119474.65372295759
prior_year_province_anchor,서울,2023,4,2023Q4,사업서비스업,225780.28349853627
prior_year_province_anchor,서울,2023,4,2023Q4,숙박 및 음식점업,32071.972228142844
prior_year_province_anchor,서울,2023,4,2023Q4,운수 및 창고업,47975.0013608745
prior_year_province_anchor,서울,2023,4,2023Q4,정보통신업,156918.51910450123
prior_year_province_anchor,서울,2024,1,2024Q1,건설업,27143.949078325044
prior_year_province_anchor,서울,2024,1,2024Q1,"공공 행정, 국방·사회보장",49991.447191133164
prior_year_province_anchor,서울,2024,1,2024Q1,"광업, 제조업",47891.9203372255
prior_year_province_anchor,서울,2024,1,2024Q1,교육 서비스업,57185.12790817782
prior_year_province_anchor,서울,2024,1,2024Q1,금융 및 보험업,149946.92671015483
prior_year_province_anchor,서울,2024,1,2024Q1,도매 및 소매업,197835.4758424536
prior_year_province_anchor,서울,2024,1,2024Q1,문화 및 기타서비스업,39237.58733530221
prior_year_province_anchor,서울,2024,1,2024Q1,보건 및 사회복지업,71734.06740896223
prior_year_province_anchor,서울,2024,1,2024Q1,부동산업,123287.49358894503
prior_year_province_anchor,서울,2024,1,2024Q1,사업서비스업,176357.7537655602
prior_year_province_anchor,서울,2024,1,2024Q1,숙박 및 음식점업,27294.511357566247
prior_year_province_anchor,서울,2024,1,2024Q1,운수 및 창고업,37143.37854666596
prior_year_province_anchor,서울,2024,1,2024Q1,정보통신업,145045.72933258527
prior_year_province_anchor,서울,2024,2,2024Q2,건설업,35192.33003085961
prior_year_province_anchor,서울,2024,2,2024Q2,"공공 행정, 국방·사회보장",48615.27363281784
prior_year_province_anchor,서울,2024,2,2024Q2,"광업, 제조업",51586.907634216295
prior_year_province_anchor,서울,2024,2,2024Q2,교육 서비스업,49117.49549866596
prior_year_province_anchor,서울,2024,2,2024Q2,금융 및 보험업,149224.00752955195
prior_year_province_anchor,서울,2024,2,2024Q2,도매 및 소매업,186300.47016450926
prior_year_province_anchor,서울,2024,2,2024Q2,문화 및 기타서비스업,37022.51168296621
prior_year_province_anchor,서울,2024,2,2024Q2,보건 및 사회복지업,71675.34520976582
prior_year_province_anchor,서울,2024,2,2024Q2,부동산업,125261.88352604845
prior_year_province_anchor,서울,2024,2,2024Q2,사업서비스업,194736.57185230564
prior_year_province_anchor,서울,2024,2,2024Q2,숙박 및 음식점업,30786.92875827996
prior_year_province_anchor,서울,2024,2,2024Q2,운수 및 창고업,42997.729477186615
prior_year_province_anchor,서울,2024,2,2024Q2,정보통신업,139153.50426769815
prior_year_province_anchor,서울,2024,3,2024Q3,건설업,31578.208210324294
prior_year_province_anchor,서울,2024,3,2024Q3,"공공 행정, 국방·사회보장",44718.88971790126
prior_year_province_anchor,서울,2024,3,2024Q3,"광업, 제조업",51528.68835907828
prior_year_province_anchor,서울,2024,3,2024Q3,교육 서비스업,52410.33629511539
prior_year_province_anchor,서울,2024,3,2024Q3,금융 및 보험업,154693.33156245225
prior_year_province_anchor,서울,2024,3,2024Q3,도매 및 소매업,178816.6303366415
prior_year_province_anchor,서울,2024,3,2024Q3,문화 및 기타서비스업,41828.27799086823
prior_year_province_anchor,서울,2024,3,2024Q3,보건 및 사회복지업,70936.89378691175
prior_year_province_anchor,서울,2024,3,2024Q3,부동산업,122604.50758555012
prior_year_province_anchor,서울,2024,3,2024Q3,사업서비스업,189675.01698228647
prior_year_province_anchor,서울,2024,3,2024Q3,숙박 및 음식점업,31733.706334174734
prior_year_province_anchor,서울,2024,3,2024Q3,운수 및 창고업,44771.472162264894
prior_year_province_anchor,서울,2024,3,2024Q3,정보통신업,143758.35150856466
prior_year_province_anchor,서울,2024,4,2024Q4,건설업,35245.461511552596
prior_year_province_anchor,서울,2024,4,2024Q4,"공공 행정, 국방·사회보장",45494.811939335035
prior_year_province_anchor,서울,2024,4,2024Q4,"광업, 제조업",52809.46153451094
prior_year_province_anchor,서울,2024,4,2024Q4,교육 서비스업,51930.02359565898
prior_year_province_anchor,서울,2024,4,2024Q4,금융 및 보험업,148486.83126992726
prior_year_province_anchor,서울,2024,4,2024Q4,도매 및 소매업,195733.99263702126
prior_year_province_anchor,서울,2024,4,2024Q4,문화 및 기타서비스업,36975.547950955224
prior_year_province_anchor,서울,2024,4,2024Q4,보건 및 사회복지업,76526.21376331203
prior_year_province_anchor,서울,2024,4,2024Q4,부동산업,121232.7182960307
prior_year_province_anchor,서울,2024,4,2024Q4,사업서비스업,219855.13843117794
prior_year_province_anchor,서울,2024,4,2024Q4,숙박 및 음식점업,32586.020541672817
prior_year_province_anchor,서울,2024,4,2024Q4,운수 및 창고업,45320.21937329611
prior_year_province_anchor,서울,2024,4,2024Q4,정보통신업,156885.64169438995
prior_year_province_anchor,서울,2025,1,2025Q1,건설업,25666.44546156483
prior_year_province_anchor,서울,2025,1,2025Q1,"공공 행정, 국방·사회보장",50729.5743650336
prior_year_province_anchor,서울,2025,1,2025Q1,"광업, 제조업",46047.606353064446
prior_year_province_anchor,서울,2025,1,2025Q1,교육 서비스업,56940.722942928405
prior_year_province_anchor,서울,2025,1,2025Q1,금융 및 보험업,161451.39195073053
prior_year_province_anchor,서울,2025,1,2025Q1,도매 및 소매업,194850.1004448891
prior_year_province_anchor,서울,2025,1,2025Q1,문화 및 기타서비스업,38498.56053459174
prior_year_province_anchor,서울,2025,1,2025Q1,보건 및 사회복지업,73206.3362920512
prior_year_province_anchor,서울,2025,1,2025Q1,부동산업,123455.74279828917
prior_year_province_anchor,서울,2025,1,2025Q1,사업서비스업,173594.13026325076
prior_year_province_anchor,서울,2025,1,2025Q1,숙박 및 음식점업,26418.556751724722
prior_year_province_anchor,서울,2025,1,2025Q1,운수 및 창고업,36275.82328805837
prior_year_province_anchor,서울,2025,1,2025Q1,정보통신업,145216.5041606076
prior_year_province_anchor,서울,2025,2,2025Q2,건설업,33996.51181721014
prior_year_province_anchor,서울,2025,2,2025Q2,"공공 행정, 국방·사회보장",49157.725027798966
prior_year_province_anchor,서울,2025,2,2025Q2,"광업, 제조업",50549.24266885177
prior_year_province_anchor,서울,2025,2,2025Q2,교육 서비스업,48713.281012759115
prior_year_province_anchor,서울,2025,2,2025Q2,금융 및 보험업,159149.5828091911
prior_year_province_anchor,서울,2025,2,2025Q2,도매 및 소매업,185258.15889590833
prior_year_province_anchor,서울,2025,2,2025Q2,문화 및 기타서비스업,36330.20168698899
prior_year_province_anchor,서울,2025,2,2025Q2,보건 및 사회복지업,74262.10909738156
prior_year_province_anchor,서울,2025,2,2025Q2,부동산업,125298.03636970036
prior_year_province_anchor,서울,2025,2,2025Q2,사업서비스업,192628.16268358016
prior_year_province_anchor,서울,2025,2,2025Q2,숙박 및 음식점업,30273.881786868737
prior_year_province_anchor,서울,2025,2,2025Q2,운수 및 창고업,41788.30741384179
prior_year_province_anchor,서울,2025,2,2025Q2,정보통신업,142136.73663097539
prior_year_province_anchor,서울,2025,3,2025Q3,건설업,31717.62191294559
prior_year_province_anchor,서울,2025,3,2025Q3,"공공 행정, 국방·사회보장",45260.72571201831
prior_year_province_anchor,서울,2025,3,2025Q3,"광업, 제조업",51094.75439859091
prior_year_province_anchor,서울,2025,3,2025Q3,교육 서비스업,52646.38338285255
prior_year_province_anchor,서울,2025,3,2025Q3,금융 및 보험업,163566.93731420036
prior_year_province_anchor,서울,2025,3,2025Q3,도매 및 소매업,185012.90920779837
prior_year_province_anchor,서울,2025,3,2025Q3,문화 및 기타서비스업,42564.3586420725
prior_year_province_anchor,서울,2025,3,2025Q3,보건 및 사회복지업,72599.60612237702
prior_year_province_anchor,서울,2025,3,2025Q3,부동산업,124132.80694148107
prior_year_province_anchor,서울,2025,3,2025Q3,사업서비스업,193354.77176425818
prior_year_province_anchor,서울,2025,3,2025Q3,숙박 및 음식점업,32310.734222179577
prior_year_province_anchor,서울,2025,3,2025Q3,운수 및 창고업,43078.00210443917
prior_year_province_anchor,서울,2025,3,2025Q3,정보통신업,145499.49819760094
prior_year_province_anchor,서울,2025,4,2025Q4,건설업,35098.84730733139
prior_year_province_anchor,서울,2025,4,2025Q4,"공공 행정, 국방·사회보장",46371.01345808791
prior_year_province_anchor,서울,2025,4,2025Q4,"광업, 제조업",51557.92461513425
prior_year_province_anchor,서울,2025,4,2025Q4,교육 서비스업,52087.11772583332
prior_year_province_anchor,서울,2025,4,2025Q4,금융 및 보험업,160996.59413821404
prior_year_province_anchor,서울,2025,4,2025Q4,도매 및 소매업,201669.36612609515
prior_year_province_anchor,서울,2025,4,2025Q4,문화 및 기타서비스업,36357.00272260286
prior_year_province_anchor,서울,2025,4,2025Q4,보건 및 사회복지업,79933.03038368888
prior_year_province_anchor,서울,2025,4,2025Q4,부동산업,124050.52420508413
prior_year_province_anchor,서울,2025,4,2025Q4,사업서비스업,222503.6096286315
prior_year_province_anchor,서울,2025,4,2025Q4,숙박 및 음식점업,32803.958183396004
prior_year_province_anchor,서울,2025,4,2025Q4,운수 및 창고업,43126.857564257654
prior_year_province_anchor,서울,2025,4,2025Q4,정보통신업,158678.14908941774
prior_year_province_anchor,세종,2021,1,2021Q1,건설업,2565.3737868346966
prior_year_province_anchor,세종,2021,1,2021Q1,"공공 행정, 국방·사회보장",9889.820416610564
prior_year_province_anchor,세종,2021,1,2021Q1,"광업, 제조업",7427.94830204732
prior_year_province_anchor,세종,2021,1,2021Q1,교육 서비스업,2527.0893549433963
prior_year_province_anchor,세종,2021,1,2021Q1,금융 및 보험업,1153.2794100114384
prior_year_province_anchor,세종,2021,1,2021Q1,도매 및 소매업,847.1328893592772
prior_year_province_anchor,세종,2021,1,2021Q1,문화 및 기타서비스업,734.9270869809567
prior_year_province_anchor,세종,2021,1,2021Q1,보건 및 사회복지업,930.0806599362269
prior_year_province_anchor,세종,2021,1,2021Q1,부동산업,2991.941766298098
prior_year_province_anchor,세종,2021,1,2021Q1,사업서비스업,1325.363828327967
prior_year_province_anchor,세종,2021,1,2021Q1,숙박 및 음식점업,467.96850287245627
prior_year_province_anchor,세종,2021,1,2021Q1,운수 및 창고업,469.9478092118617
prior_year_province_anchor,세종,2021,1,2021Q1,정보통신업,530.735570179148
prior_year_province_anchor,세종,2021,2,2021Q2,건설업,3577.267824494889
prior_year_province_anchor,세종,2021,2,2021Q2,"공공 행정, 국방·사회보장",9594.129636689773
prior_year_province_anchor,세종,2021,2,2021Q2,"광업, 제조업",7975.659222194209
prior_year_province_anchor,세종,2021,2,2021Q2,교육 서비스업,2187.774309368416
prior_year_province_anchor,세종,2021,2,2021Q2,금융 및 보험업,1150.8129139432185
prior_year_province_anchor,세종,2021,2,2021Q2,도매 및 소매업,859.0390104076093
prior_year_province_anchor,세종,2021,2,2021Q2,문화 및 기타서비스업,735.7278843562107
prior_year_province_anchor,세종,2021,2,2021Q2,보건 및 사회복지업,972.4364075449171
prior_year_province_anchor,세종,2021,2,2021Q2,부동산업,3022.244357828752
prior_year_province_anchor,세종,2021,2,2021Q2,사업서비스업,1477.1550158646332
prior_year_province_anchor,세종,2021,2,2021Q2,숙박 및 음식점업,596.2633049870259
prior_year_province_anchor,세종,2021,2,2021Q2,운수 및 창고업,529.2627434663638
prior_year_province_anchor,세종,2021,2,2021Q2,정보통신업,546.8174917825274
prior_year_province_anchor,세종,2021,3,2021Q3,건설업,3274.172921807901
prior_year_province_anchor,세종,2021,3,2021Q3,"공공 행정, 국방·사회보장",8905.887811374203
prior_year_province_anchor,세종,2021,3,2021Q3,"광업, 제조업",7925.5030720009645
prior_year_province_anchor,세종,2021,3,2021Q3,교육 서비스업,2381.76800172021
prior_year_province_anchor,세종,2021,3,2021Q3,금융 및 보험업,1184.2080486727464
prior_year_province_anchor,세종,2021,3,2021Q3,도매 및 소매업,831.7489837296412
prior_year_province_anchor,세종,2021,3,2021Q3,문화 및 기타서비스업,798.8431841798961
prior_year_province_anchor,세종,2021,3,2021Q3,보건 및 사회복지업,975.2015079367627
prior_year_province_anchor,세종,2021,3,2021Q3,부동산업,2921.829757779934
prior_year_province_anchor,세종,2021,3,2021Q3,사업서비스업,1471.1105246590382
prior_year_province_anchor,세종,2021,3,2021Q3,숙박 및 음식점업,621.6418037438841
prior_year_province_anchor,세종,2021,3,2021Q3,운수 및 창고업,535.9186266181403
prior_year_province_anchor,세종,2021,3,2021Q3,정보통신업,554.1631304885285
prior_year_province_anchor,세종,2021,4,2021Q4,건설업,3848.9889361013375
prior_year_province_anchor,세종,2021,4,2021Q4,"공공 행정, 국방·사회보장",9082.281063160095
prior_year_province_anchor,세종,2021,4,2021Q4,"광업, 제조업",8265.145342441458
prior_year_province_anchor,세종,2021,4,2021Q4,교육 서비스업,2357.56991575108
prior_year_province_anchor,세종,2021,4,2021Q4,금융 및 보험업,1163.5857862340356
prior_year_province_anchor,세종,2021,4,2021Q4,도매 및 소매업,932.9554866427277
prior_year_province_anchor,세종,2021,4,2021Q4,문화 및 기타서비스업,786.530360289955
prior_year_province_anchor,세종,2021,4,2021Q4,보건 및 사회복지업,1030.6031811587507
prior_year_province_anchor,세종,2021,4,2021Q4,부동산업,2866.56825225387
prior_year_province_anchor,세종,2021,4,2021Q4,사업서비스업,1734.5325072680132
prior_year_province_anchor,세종,2021,4,2021Q4,숙박 및 음식점업,712.2697447358239
prior_year_province_anchor,세종,2021,4,2021Q4,운수 및 창고업,561.5357068935326
prior_year_province_anchor,세종,2021,4,2021Q4,정보통신업,618.0818250990243
prior_year_province_anchor,세종,2022,1,2022Q1,건설업,2410.0144952908236
prior_year_province_anchor,세종,2022,1,2022Q1,"공공 행정, 국방·사회보장",10809.476461489137
prior_year_province_anchor,세종,2022,1,2022Q1,"광업, 제조업",7827.43416324186
prior_year_province_anchor,세종,2022,1,2022Q1,교육 서비스업,2655.349215120659
prior_year_province_anchor,세종,2022,1,2022Q1,금융 및 보험업,1248.9874514980422
prior_year_province_anchor,세종,2022,1,2022Q1,도매 및 소매업,904.8061571306756
prior_year_province_anchor,세종,2022,1,2022Q1,문화 및 기타서비스업,805.4688454648837
prior_year_province_anchor,세종,2022,1,2022Q1,보건 및 사회복지업,1201.4588838745256
prior_year_province_anchor,세종,2022,1,2022Q1,부동산업,2924.6054153610257
prior_year_province_anchor,세종,2022,1,2022Q1,사업서비스업,1668.4770471921604
prior_year_province_anchor,세종,2022,1,2022Q1,숙박 및 음식점업,557.4034436725168
prior_year_province_anchor,세종,2022,1,2022Q1,운수 및 창고업,543.6356825621855
prior_year_province_anchor,세종,2022,1,2022Q1,정보통신업,520.1509315794862
prior_year_province_anchor,세종,2022,2,2022Q2,건설업,3331.1930015754238
prior_year_province_anchor,세종,2022,2,2022Q2,"공공 행정, 국방·사회보장",10426.120044135614
prior_year_province_anchor,세종,2022,2,2022Q2,"광업, 제조업",8360.497976200144
prior_year_province_anchor,세종,2022,2,2022Q2,교육 서비스업,2285.458335368632
prior_year_province_anchor,세종,2022,2,2022Q2,금융 및 보험업,1228.9222376165055
prior_year_province_anchor,세종,2022,2,2022Q2,도매 및 소매업,912.0776148091436
prior_year_province_anchor,세종,2022,2,2022Q2,문화 및 기타서비스업,821.8318133524531
prior_year_province_anchor,세종,2022,2,2022Q2,보건 및 사회복지업,1237.147847479943
prior_year_province_anchor,세종,2022,2,2022Q2,부동산업,2910.518012658344
prior_year_province_anchor,세종,2022,2,2022Q2,사업서비스업,1864.4758659994648
prior_year_province_anchor,세종,2022,2,2022Q2,숙박 및 음식점업,756.5750018999004
prior_year_province_anchor,세종,2022,2,2022Q2,운수 및 창고업,632.2389016479378
prior_year_province_anchor,세종,2022,2,2022Q2,정보통신업,541.1261704224349
prior_year_province_anchor,세종,2022,3,2022Q3,건설업,3143.0210719959
prior_year_province_anchor,세종,2022,3,2022Q3,"공공 행정, 국방·사회보장",9700.379362815454
prior_year_province_anchor,세종,2022,3,2022Q3,"광업, 제조업",8338.410142275474
prior_year_province_anchor,세종,2022,3,2022Q3,교육 서비스업,2466.4438814521636
prior_year_province_anchor,세종,2022,3,2022Q3,금융 및 보험업,1219.5959698406032
prior_year_province_anchor,세종,2022,3,2022Q3,도매 및 소매업,892.7676520774717
prior_year_province_anchor,세종,2022,3,2022Q3,문화 및 기타서비스업,935.642931220922
prior_year_province_anchor,세종,2022,3,2022Q3,보건 및 사회복지업,1202.627285535656
prior_year_province_anchor,세종,2022,3,2022Q3,부동산업,2853.306769006836
prior_year_province_anchor,세종,2022,3,2022Q3,사업서비스업,1810.453864920252
prior_year_province_anchor,세종,2022,3,2022Q3,숙박 및 음식점업,814.9146519180101
prior_year_province_anchor,세종,2022,3,2022Q3,운수 및 창고업,667.2692640276609
prior_year_province_anchor,세종,2022,3,2022Q3,정보통신업,541.6383551184932
prior_year_province_anchor,세종,2022,4,2022Q4,건설업,3700.3978556647917
prior_year_province_anchor,세종,2022,4,2022Q4,"공공 행정, 국방·사회보장",9908.095291925003
prior_year_province_anchor,세종,2022,4,2022Q4,"광업, 제조업",8184.6130487021865
prior_year_province_anchor,세종,2022,4,2022Q4,교육 서비스업,2448.9400426370403
prior_year_province_anchor,세종,2022,4,2022Q4,금융 및 보험업,1215.5869925015147
prior_year_province_anchor,세종,2022,4,2022Q4,도매 및 소매업,994.0393239195886
prior_year_province_anchor,세종,2022,4,2022Q4,문화 및 기타서비스업,885.8489465498053
prior_year_province_anchor,세종,2022,4,2022Q4,보건 및 사회복지업,1271.7758911930289
prior_year_province_anchor,세종,2022,4,2022Q4,부동산업,2826.7236088740738
prior_year_province_anchor,세종,2022,4,2022Q4,사업서비스업,2174.03381452829
prior_year_province_anchor,세종,2022,4,2022Q4,숙박 및 음식점업,842.4039615420811
prior_year_province_anchor,세종,2022,4,2022Q4,운수 및 창고업,704.0251816628007
prior_year_province_anchor,세종,2022,4,2022Q4,정보통신업,585.045002231092
prior_year_province_anchor,세종,2023,1,2023Q1,건설업,2460.9971506565676
prior_year_province_anchor,세종,2023,1,2023Q1,"공공 행정, 국방·사회보장",11075.794818855973
prior_year_province_anchor,세종,2023,1,2023Q1,"광업, 제조업",7817.381123527654
prior_year_province_anchor,세종,2023,1,2023Q1,교육 서비스업,2786.033853632987
prior_year_province_anchor,세종,2023,1,2023Q1,금융 및 보험업,1328.4412578493889
prior_year_province_anchor,세종,2023,1,2023Q1,도매 및 소매업,883.8691992668228
prior_year_province_anchor,세종,2023,1,2023Q1,문화 및 기타서비스업,904.8502549947902
prior_year_province_anchor,세종,2023,1,2023Q1,보건 및 사회복지업,1320.3606588881287
prior_year_province_anchor,세종,2023,1,2023Q1,부동산업,2695.7471851338832
prior_year_province_anchor,세종,2023,1,2023Q1,사업서비스업,1737.9073295300757
prior_year_province_anchor,세종,2023,1,2023Q1,숙박 및 음식점업,604.8293214207351
prior_year_province_anchor,세종,2023,1,2023Q1,운수 및 창고업,610.7540062545804
prior_year_province_anchor,세종,2023,1,2023Q1,정보통신업,567.7747642733481
prior_year_province_anchor,세종,2023,2,2023Q2,건설업,3332.314773532591
prior_year_province_anchor,세종,2023,2,2023Q2,"공공 행정, 국방·사회보장",10652.384224465157
prior_year_province_anchor,세종,2023,2,2023Q2,"광업, 제조업",8637.408308459815
prior_year_province_anchor,세종,2023,2,2023Q2,교육 서비스업,2390.8062161093953
prior_year_province_anchor,세종,2023,2,2023Q2,금융 및 보험업,1315.0382200441793
prior_year_province_anchor,세종,2023,2,2023Q2,도매 및 소매업,820.5724440839771
prior_year_province_anchor,세종,2023,2,2023Q2,문화 및 기타서비스업,859.0531577324301
prior_year_province_anchor,세종,2023,2,2023Q2,보건 및 사회복지업,1336.5727764529217
prior_year_province_anchor,세종,2023,2,2023Q2,부동산업,2698.5536448440175
prior_year_province_anchor,세종,2023,2,2023Q2,사업서비스업,1948.048098278399
prior_year_province_anchor,세종,2023,2,2023Q2,숙박 및 음식점업,689.0081001512744
prior_year_province_anchor,세종,2023,2,2023Q2,운수 및 창고업,777.8159420328653
prior_year_province_anchor,세종,2023,2,2023Q2,정보통신업,559.9214909468872
prior_year_province_anchor,세종,2023,3,2023Q3,건설업,3166.1330070570484
prior_year_province_anchor,세종,2023,3,2023Q3,"공공 행정, 국방·사회보장",9916.794619726852
prior_year_province_anchor,세종,2023,3,2023Q3,"광업, 제조업",8721.20460505592
prior_year_province_anchor,세종,2023,3,2023Q3,교육 서비스업,2565.9211118535345
prior_year_province_anchor,세종,2023,3,2023Q3,금융 및 보험업,1312.7712114920766
prior_year_province_anchor,세종,2023,3,2023Q3,도매 및 소매업,789.0325637652228
prior_year_province_anchor,세종,2023,3,2023Q3,문화 및 기타서비스업,986.311302407122
prior_year_province_anchor,세종,2023,3,2023Q3,보건 및 사회복지업,1313.6166377116238
prior_year_province_anchor,세종,2023,3,2023Q3,부동산업,2664.5989267119703
prior_year_province_anchor,세종,2023,3,2023Q3,사업서비스업,1907.21881851395
prior_year_province_anchor,세종,2023,3,2023Q3,숙박 및 음식점업,726.5868497014721
prior_year_province_anchor,세종,2023,3,2023Q3,운수 및 창고업,802.5025199372884
prior_year_province_anchor,세종,2023,3,2023Q3,정보통신업,578.1835543566536
prior_year_province_anchor,세종,2023,4,2023Q4,건설업,3543.592223406926
prior_year_province_anchor,세종,2023,4,2023Q4,"공공 행정, 국방·사회보장",10054.749153914066
prior_year_province_anchor,세종,2023,4,2023Q4,"광업, 제조업",9033.235735295004
prior_year_province_anchor,세종,2023,4,2023Q4,교육 서비스업,2536.6183025874916
prior_year_province_anchor,세종,2023,4,2023Q4,금융 및 보험업,1234.8109640420384
prior_year_province_anchor,세종,2023,4,2023Q4,도매 및 소매업,861.2421222430258
prior_year_province_anchor,세종,2023,4,2023Q4,문화 및 기타서비스업,877.9271041000909
prior_year_province_anchor,세종,2023,4,2023Q4,보건 및 사회복지업,1395.962926801768
prior_year_province_anchor,세종,2023,4,2023Q4,부동산업,2639.2226497362517
prior_year_province_anchor,세종,2023,4,2023Q4,사업서비스업,2284.468586821142
prior_year_province_anchor,세종,2023,4,2023Q4,숙박 및 음식점업,756.4537883349597
prior_year_province_anchor,세종,2023,4,2023Q4,운수 및 창고업,830.9780584400343
prior_year_province_anchor,세종,2023,4,2023Q4,정보통신업,629.9142883662062
prior_year_province_anchor,세종,2024,1,2024Q1,건설업,2497.284605199809
prior_year_province_anchor,세종,2024,1,2024Q1,"공공 행정, 국방·사회보장",11636.791246763869
prior_year_province_anchor,세종,2024,1,2024Q1,"광업, 제조업",7947.52606519779
prior_year_province_anchor,세종,2024,1,2024Q1,교육 서비스업,2850.1820070773115
prior_year_province_anchor,세종,2024,1,2024Q1,금융 및 보험업,1308.6359782461252
prior_year_province_anchor,세종,2024,1,2024Q1,도매 및 소매업,929.4853271450721
prior_year_province_anchor,세종,2024,1,2024Q1,문화 및 기타서비스업,952.8478094250892
prior_year_province_anchor,세종,2024,1,2024Q1,보건 및 사회복지업,1393.9450291723942
prior_year_province_anchor,세종,2024,1,2024Q1,부동산업,2713.7624338917185
prior_year_province_anchor,세종,2024,1,2024Q1,사업서비스업,1708.2235839600953
prior_year_province_anchor,세종,2024,1,2024Q1,숙박 및 음식점업,594.3378220026448
prior_year_province_anchor,세종,2024,1,2024Q1,운수 및 창고업,674.4179335994086
prior_year_province_anchor,세종,2024,1,2024Q1,정보통신업,599.1740989904036
prior_year_province_anchor,세종,2024,2,2024Q2,건설업,3237.7478956204886
prior_year_province_anchor,세종,2024,2,2024Q2,"공공 행정, 국방·사회보장",11316.451562333368
prior_year_province_anchor,세종,2024,2,2024Q2,"광업, 제조업",8560.698551216969
prior_year_province_anchor,세종,2024,2,2024Q2,교육 서비스업,2448.080594097589
prior_year_province_anchor,세종,2024,2,2024Q2,금융 및 보험업,1302.3268256022047
prior_year_province_anchor,세종,2024,2,2024Q2,도매 및 소매업,875.2907066882107
prior_year_province_anchor,세종,2024,2,2024Q2,문화 및 기타서비스업,899.0567859097297
prior_year_province_anchor,세종,2024,2,2024Q2,보건 및 사회복지업,1392.8039323319592
prior_year_province_anchor,세종,2024,2,2024Q2,부동산업,2757.2220345794362
prior_year_province_anchor,세종,2024,2,2024Q2,사업서비스업,1886.2431483441248
prior_year_province_anchor,세종,2024,2,2024Q2,숙박 및 음식점업,670.3851900713511
prior_year_province_anchor,세종,2024,2,2024Q2,운수 및 창고업,780.7162675586363
prior_year_province_anchor,세종,2024,2,2024Q2,정보통신업,574.8337157157803
prior_year_province_anchor,세종,2024,3,2024Q3,건설업,2905.2431905130593
prior_year_province_anchor,세종,2024,3,2024Q3,"공공 행정, 국방·사회보장",10409.46829253967
prior_year_province_anchor,세종,2024,3,2024Q3,"광업, 제조업",8551.03723040548
prior_year_province_anchor,세종,2024,3,2024Q3,교육 서비스업,2612.2001114182476
prior_year_province_anchor,세종,2024,3,2024Q3,금융 및 보험업,1350.0594091447444
prior_year_province_anchor,세종,2024,3,2024Q3,도매 및 소매업,840.1295745349132
prior_year_province_anchor,세종,2024,3,2024Q3,문화 및 기타서비스업,1015.7602891083948
prior_year_province_anchor,세종,2024,3,2024Q3,보건 및 사회복지업,1378.4542554301293
prior_year_province_anchor,세종,2024,3,2024Q3,부동산업,2698.7287779633516
prior_year_province_anchor,세종,2024,3,2024Q3,사업서비스업,1837.216285527712
prior_year_province_anchor,세종,2024,3,2024Q3,숙박 및 음식점업,691.0012661390496
prior_year_province_anchor,세종,2024,3,2024Q3,운수 및 창고업,812.9223813590983
prior_year_province_anchor,세종,2024,3,2024Q3,정보통신업,593.8560282597648
prior_year_province_anchor,세종,2024,4,2024Q4,건설업,3242.636072665148
prior_year_province_anchor,세종,2024,4,2024Q4,"공공 행정, 국방·사회보장",10590.084086277919
prior_year_province_anchor,세종,2024,4,2024Q4,"광업, 제조업",8763.577845266673
prior_year_province_anchor,세종,2024,4,2024Q4,교육 서비스업,2588.2606945831653
prior_year_province_anchor,세종,2024,4,2024Q4,금융 및 보험업,1295.8932467565476
prior_year_province_anchor,세종,2024,4,2024Q4,도매 및 소매업,919.6119826583297
prior_year_province_anchor,세종,2024,4,2024Q4,문화 및 기타서비스업,897.9163159622101
prior_year_province_anchor,세종,2024,4,2024Q4,보건 및 사회복지업,1487.0665937370982
prior_year_province_anchor,세종,2024,4,2024Q4,부동산업,2668.533418055032
prior_year_province_anchor,세종,2024,4,2024Q4,사업서비스업,2129.5447719423764
prior_year_province_anchor,세종,2024,4,2024Q4,숙박 및 음식점업,709.5604029233722
prior_year_province_anchor,세종,2024,4,2024Q4,운수 및 창고업,822.8860673406292
prior_year_province_anchor,세종,2024,4,2024Q4,정보통신업,648.0839762694717
prior_year_province_anchor,세종,2025,1,2025Q1,건설업,1937.9392161878195
prior_year_province_anchor,세종,2025,1,2025Q1,"공공 행정, 국방·사회보장",11564.593589553577
prior_year_province_anchor,세종,2025,1,2025Q1,"광업, 제조업",7929.012282428846
prior_year_province_anchor,세종,2025,1,2025Q1,교육 서비스업,2869.0407606495614
prior_year_province_anchor,세종,2025,1,2025Q1,금융 및 보험업,1312.093460187041
prior_year_province_anchor,세종,2025,1,2025Q1,도매 및 소매업,954.6153357181618
prior_year_province_anchor,세종,2025,1,2025Q1,문화 및 기타서비스업,937.6159075123529
prior_year_province_anchor,세종,2025,1,2025Q1,보건 및 사회복지업,1562.2320196587461
prior_year_province_anchor,세종,2025,1,2025Q1,부동산업,2580.301976344271
prior_year_province_anchor,세종,2025,1,2025Q1,사업서비스업,1691.4221692149551
prior_year_province_anchor,세종,2025,1,2025Q1,숙박 및 음식점업,579.7879670060004
prior_year_province_anchor,세종,2025,1,2025Q1,운수 및 창고업,694.0086712253071
prior_year_province_anchor,세종,2025,1,2025Q1,정보통신업,638.5171737663161
prior_year_province_anchor,세종,2025,2,2025Q2,건설업,2566.8990107268014
prior_year_province_anchor,세종,2025,2,2025Q2,"공공 행정, 국방·사회보장",11206.266144534502
prior_year_province_anchor,세종,2025,2,2025Q2,"광업, 제조업",8704.156366254392
prior_year_province_anchor,세종,2025,2,2025Q2,교육 서비스업,2454.4891878289613
prior_year_province_anchor,세종,2025,2,2025Q2,금융 및 보험업,1293.3869709786093
prior_year_province_anchor,세종,2025,2,2025Q2,도매 및 소매업,907.6222139231894
prior_year_province_anchor,세종,2025,2,2025Q2,문화 및 기타서비스업,884.806459042696
prior_year_province_anchor,세종,2025,2,2025Q2,보건 및 사회복지업,1584.7623382829704
prior_year_province_anchor,세종,2025,2,2025Q2,부동산업,2618.8070603166348
prior_year_province_anchor,세종,2025,2,2025Q2,사업서비스업,1876.88111507032
prior_year_province_anchor,세종,2025,2,2025Q2,숙박 및 음식점업,664.3978525981631
prior_year_province_anchor,세종,2025,2,2025Q2,운수 및 창고업,799.4704205812462
prior_year_province_anchor,세종,2025,2,2025Q2,정보통신업,624.9754315914518
prior_year_province_anchor,세종,2025,3,2025Q3,건설업,2394.831938897077
prior_year_province_anchor,세종,2025,3,2025Q3,"공공 행정, 국방·사회보장",10317.884685201085
prior_year_province_anchor,세종,2025,3,2025Q3,"광업, 제조업",8798.088918842388
prior_year_province_anchor,세종,2025,3,2025Q3,교육 서비스업,2652.664244842474
prior_year_province_anchor,세종,2025,3,2025Q3,금융 및 보험업,1329.2862090546685
prior_year_province_anchor,세종,2025,3,2025Q3,도매 및 소매업,906.4206794471213
prior_year_province_anchor,세종,2025,3,2025Q3,문화 및 기타서비스업,1036.6366742467942
prior_year_province_anchor,세종,2025,3,2025Q3,보건 및 사회복지업,1549.284324877565
prior_year_province_anchor,세종,2025,3,2025Q3,부동산업,2594.453038961458
prior_year_province_anchor,세종,2025,3,2025Q3,사업서비스업,1883.9608631329297
prior_year_province_anchor,세종,2025,3,2025Q3,숙박 및 음식점업,709.0991034521862
prior_year_province_anchor,세종,2025,3,2025Q3,운수 및 창고업,824.1441348454368
prior_year_province_anchor,세종,2025,3,2025Q3,정보통신업,639.7614989464198
prior_year_province_anchor,세종,2025,4,2025Q4,건설업,2650.130605023745
prior_year_province_anchor,세종,2025,4,2025Q4,"공공 행정, 국방·사회보장",10570.99200398842
prior_year_province_anchor,세종,2025,4,2025Q4,"광업, 제조업",8877.842952258785
prior_year_province_anchor,세종,2025,4,2025Q4,교육 서비스업,2624.484835044185
prior_year_province_anchor,세종,2025,4,2025Q4,금융 및 보험업,1308.3973803434412
prior_year_province_anchor,세종,2025,4,2025Q4,도매 및 소매업,988.0244824558463
prior_year_province_anchor,세종,2025,4,2025Q4,문화 및 기타서비스업,885.4591867546006
prior_year_province_anchor,세종,2025,4,2025Q4,보건 및 사회복지업,1705.7804804706927
prior_year_province_anchor,세종,2025,4,2025Q4,부동산업,2592.733278482669
prior_year_province_anchor,세종,2025,4,2025Q4,사업서비스업,2167.973868042063
prior_year_province_anchor,세종,2025,4,2025Q4,숙박 및 음식점업,719.923514506876
prior_year_province_anchor,세종,2025,4,2025Q4,운수 및 창고업,825.0788100554655
prior_year_province_anchor,세종,2025,4,2025Q4,정보통신업,697.7080455193159
prior_year_province_anchor,울산,2021,1,2021Q1,건설업,4943.1946134631025
prior_year_province_anchor,울산,2021,1,2021Q1,"공공 행정, 국방·사회보장",5338.73590480066
prior_year_province_anchor,울산,2021,1,2021Q1,"광업, 제조업",81469.94139007664
prior_year_province_anchor,울산,2021,1,2021Q1,교육 서비스업,5790.57779545813
prior_year_province_anchor,울산,2021,1,2021Q1,금융 및 보험업,4000.2714673760483
prior_year_province_anchor,울산,2021,1,2021Q1,도매 및 소매업,5028.752537922366
prior_year_province_anchor,울산,2021,1,2021Q1,문화 및 기타서비스업,2787.056364348635
prior_year_province_anchor,울산,2021,1,2021Q1,보건 및 사회복지업,5179.26139285998
prior_year_province_anchor,울산,2021,1,2021Q1,부동산업,6411.113415162205
prior_year_province_anchor,울산,2021,1,2021Q1,사업서비스업,5697.074557660992
prior_year_province_anchor,울산,2021,1,2021Q1,숙박 및 음식점업,1801.7920204612979
prior_year_province_anchor,울산,2021,1,2021Q1,운수 및 창고업,4404.954338214091
prior_year_province_anchor,울산,2021,1,2021Q1,정보통신업,1701.3460732520566
prior_year_province_anchor,울산,2021,2,2021Q2,건설업,6893.003714198097
prior_year_province_anchor,울산,2021,2,2021Q2,"공공 행정, 국방·사회보장",5179.1157178829835
prior_year_province_anchor,울산,2021,2,2021Q2,"광업, 제조업",87477.24983496351
prior_year_province_anchor,울산,2021,2,2021Q2,교육 서비스업,5013.070595434587
prior_year_province_anchor,울산,2021,2,2021Q2,금융 및 보험업,3991.7161651999722
prior_year_province_anchor,울산,2021,2,2021Q2,도매 및 소매업,5099.4296857354975
prior_year_province_anchor,울산,2021,2,2021Q2,문화 및 기타서비스업,2790.0932199235513
prior_year_province_anchor,울산,2021,2,2021Q2,보건 및 사회복지업,5415.124257023237
prior_year_province_anchor,울산,2021,2,2021Q2,부동산업,6476.0456117927315
prior_year_province_anchor,울산,2021,2,2021Q2,사업서비스업,6349.548764447854
prior_year_province_anchor,울산,2021,2,2021Q2,숙박 및 음식점업,2295.7580658207544
prior_year_province_anchor,울산,2021,2,2021Q2,운수 및 창고업,4960.930069654223
prior_year_province_anchor,울산,2021,2,2021Q2,정보통신업,1752.8988910913085
prior_year_province_anchor,울산,2021,3,2021Q3,건설업,6308.972997887133
prior_year_province_anchor,울산,2021,3,2021Q3,"공공 행정, 국방·사회보장",4807.588107753027
prior_year_province_anchor,울산,2021,3,2021Q3,"광업, 제조업",86927.1357993732
prior_year_province_anchor,울산,2021,3,2021Q3,교육 서비스업,5457.588144920444
prior_year_province_anchor,울산,2021,3,2021Q3,금융 및 보험업,4107.550717909436
prior_year_province_anchor,울산,2021,3,2021Q3,도매 및 소매업,4937.430555917036
prior_year_province_anchor,울산,2021,3,2021Q3,문화 및 기타서비스업,3029.444716388305
prior_year_province_anchor,울산,2021,3,2021Q3,보건 및 사회복지업,5430.522037370428
prior_year_province_anchor,울산,2021,3,2021Q3,부동산업,6260.877857960526
prior_year_province_anchor,울산,2021,3,2021Q3,사업서비스업,6323.566527476107
prior_year_province_anchor,울산,2021,3,2021Q3,숙박 및 음식점업,2393.471429585018
prior_year_province_anchor,울산,2021,3,2021Q3,운수 및 창고업,5023.317553518089
prior_year_province_anchor,울산,2021,3,2021Q3,정보통신업,1776.44634912915
prior_year_province_anchor,울산,2021,4,2021Q4,건설업,7416.580567657134
prior_year_province_anchor,울산,2021,4,2021Q4,"공공 행정, 국방·사회보장",4902.808945645311
prior_year_province_anchor,울산,2021,4,2021Q4,"광업, 제조업",90652.34156834077
prior_year_province_anchor,울산,2021,4,2021Q4,교육 서비스업,5402.1406004830715
prior_year_province_anchor,울산,2021,4,2021Q4,금융 및 보험업,4036.0202220814585
prior_year_province_anchor,울산,2021,4,2021Q4,도매 및 소매업,5538.212870912936
prior_year_province_anchor,울산,2021,4,2021Q4,문화 및 기타서비스업,2982.7509221419473
prior_year_province_anchor,울산,2021,4,2021Q4,보건 및 사회복지업,5739.03264250242
prior_year_province_anchor,울산,2021,4,2021Q4,부동산업,6142.463862270173
prior_year_province_anchor,울산,2021,4,2021Q4,사업서비스업,7455.885550354135
prior_year_province_anchor,울산,2021,4,2021Q4,숙박 및 음식점업,2742.4109413423284
prior_year_province_anchor,울산,2021,4,2021Q4,운수 및 창고업,5263.433725313236
prior_year_province_anchor,울산,2021,4,2021Q4,정보통신업,1981.3465408503432
prior_year_province_anchor,울산,2022,1,2022Q1,건설업,4545.651980190977
prior_year_province_anchor,울산,2022,1,2022Q1,"공공 행정, 국방·사회보장",5620.611628635878
prior_year_province_anchor,울산,2022,1,2022Q1,"광업, 제조업",89764.37166593771
prior_year_province_anchor,울산,2022,1,2022Q1,교육 서비스업,6020.101615995068
prior_year_province_anchor,울산,2022,1,2022Q1,금융 및 보험업,4092.0394387245874
prior_year_province_anchor,울산,2022,1,2022Q1,도매 및 소매업,5024.197659457094
prior_year_province_anchor,울산,2022,1,2022Q1,문화 및 기타서비스업,2720.8857367532764
prior_year_province_anchor,울산,2022,1,2022Q1,보건 및 사회복지업,5536.864950182643
prior_year_province_anchor,울산,2022,1,2022Q1,부동산업,6078.817963307097
prior_year_province_anchor,울산,2022,1,2022Q1,사업서비스업,5810.284116051168
prior_year_province_anchor,울산,2022,1,2022Q1,숙박 및 음식점업,1950.869352380102
prior_year_province_anchor,울산,2022,1,2022Q1,운수 및 창고업,4617.861638167739
prior_year_province_anchor,울산,2022,1,2022Q1,정보통신업,1744.8760470817856
prior_year_province_anchor,울산,2022,2,2022Q2,건설업,6283.134019981222
prior_year_province_anchor,울산,2022,2,2022Q2,"공공 행정, 국방·사회보장",5421.27750316126
prior_year_province_anchor,울산,2022,2,2022Q2,"광업, 제조업",95877.50366170162
prior_year_province_anchor,울산,2022,2,2022Q2,교육 서비스업,5181.4997965971515
prior_year_province_anchor,울산,2022,2,2022Q2,금융 및 보험업,4026.300070045413
prior_year_province_anchor,울산,2022,2,2022Q2,도매 및 소매업,5064.574529531514
prior_year_province_anchor,울산,2022,2,2022Q2,문화 및 기타서비스업,2776.160085583669
prior_year_province_anchor,울산,2022,2,2022Q2,보건 및 사회복지업,5701.335806694963
prior_year_province_anchor,울산,2022,2,2022Q2,부동산업,6049.537173442036
prior_year_province_anchor,울산,2022,2,2022Q2,사업서비스업,6492.828011753747
prior_year_province_anchor,울산,2022,2,2022Q2,숙박 및 음식점업,2647.9545484304435
prior_year_province_anchor,울산,2022,2,2022Q2,운수 및 창고업,5370.493261805625
prior_year_province_anchor,울산,2022,2,2022Q2,정보통신업,1815.2386853409232
prior_year_province_anchor,울산,2022,3,2022Q3,건설업,5928.213289844161
prior_year_province_anchor,울산,2022,3,2022Q3,"공공 행정, 국방·사회보장",5043.913573711501
prior_year_province_anchor,울산,2022,3,2022Q3,"광업, 제조업",95624.20219759982
prior_year_province_anchor,울산,2022,3,2022Q3,교육 서비스업,5591.822993352162
prior_year_province_anchor,울산,2022,3,2022Q3,금융 및 보험업,3995.744554448099
prior_year_province_anchor,울산,2022,3,2022Q3,도매 및 소매업,4957.350381247277
prior_year_province_anchor,울산,2022,3,2022Q3,문화 및 기타서비스업,3160.615734037131
prior_year_province_anchor,울산,2022,3,2022Q3,보건 및 사회복지업,5542.249472526334
prior_year_province_anchor,울산,2022,3,2022Q3,부동산업,5930.623102577883
prior_year_province_anchor,울산,2022,3,2022Q3,사업서비스업,6304.702454188495
prior_year_province_anchor,울산,2022,3,2022Q3,숙박 및 음식점업,2852.138854323929
prior_year_province_anchor,울산,2022,3,2022Q3,운수 및 창고업,5668.05534574027
prior_year_province_anchor,울산,2022,3,2022Q3,정보통신업,1816.9568381953654
prior_year_province_anchor,울산,2022,4,2022Q4,건설업,6979.510236542083
prior_year_province_anchor,울산,2022,4,2022Q4,"공공 행정, 국방·사회보장",5151.91978203856
prior_year_province_anchor,울산,2022,4,2022Q4,"광업, 제조업",93860.46976871717
prior_year_province_anchor,울산,2022,4,2022Q4,교육 서비스업,5552.138989554473
prior_year_province_anchor,울산,2022,4,2022Q4,금융 및 보험업,3982.6100002451503
prior_year_province_anchor,울산,2022,4,2022Q4,도매 및 소매업,5519.6906047621205
prior_year_province_anchor,울산,2022,4,2022Q4,문화 및 기타서비스업,2992.410913415475
prior_year_province_anchor,울산,2022,4,2022Q4,보건 및 사회복지업,5860.917465378175
prior_year_province_anchor,울산,2022,4,2022Q4,부동산업,5875.369771483113
prior_year_province_anchor,울산,2022,4,2022Q4,사업서비스업,7570.828835535693
prior_year_province_anchor,울산,2022,4,2022Q4,숙박 및 음식점업,2948.349332160867
prior_year_province_anchor,울산,2022,4,2022Q4,운수 및 창고업,5980.2749947945795
prior_year_province_anchor,울산,2022,4,2022Q4,정보통신업,1962.5669183329055
prior_year_province_anchor,울산,2023,1,2023Q1,건설업,5154.840278912019
prior_year_province_anchor,울산,2023,1,2023Q1,"공공 행정, 국방·사회보장",5882.528214130713
prior_year_province_anchor,울산,2023,1,2023Q1,"광업, 제조업",89590.67315196956
prior_year_province_anchor,울산,2023,1,2023Q1,교육 서비스업,6066.222072271819
prior_year_province_anchor,울산,2023,1,2023Q1,금융 및 보험업,4231.696349269951
prior_year_province_anchor,울산,2023,1,2023Q1,도매 및 소매업,5223.4637090451715
prior_year_province_anchor,울산,2023,1,2023Q1,문화 및 기타서비스업,2898.18147734821
prior_year_province_anchor,울산,2023,1,2023Q1,보건 및 사회복지업,5736.052716672386
prior_year_province_anchor,울산,2023,1,2023Q1,부동산업,6137.857394342778
prior_year_province_anchor,울산,2023,1,2023Q1,사업서비스업,6035.008264420845
prior_year_province_anchor,울산,2023,1,2023Q1,숙박 및 음식점업,2147.2597299999084
prior_year_province_anchor,울산,2023,1,2023Q1,운수 및 창고업,4602.806229622719
prior_year_province_anchor,울산,2023,1,2023Q1,정보통신업,1887.0722600289089
prior_year_province_anchor,울산,2023,2,2023Q2,건설업,6979.914792683362
prior_year_province_anchor,울산,2023,2,2023Q2,"공공 행정, 국방·사회보장",5657.648211530313
prior_year_province_anchor,울산,2023,2,2023Q2,"광업, 제조업",98988.55031058434
prior_year_province_anchor,울산,2023,2,2023Q2,교육 서비스업,5205.665903799183
prior_year_province_anchor,울산,2023,2,2023Q2,금융 및 보험업,4189.0015098750555
prior_year_province_anchor,울산,2023,2,2023Q2,도매 및 소매업,4849.394441927175
prior_year_province_anchor,울산,2023,2,2023Q2,문화 및 기타서비스업,2751.4961023157957
prior_year_province_anchor,울산,2023,2,2023Q2,보건 및 사회복지업,5806.483140643707
prior_year_province_anchor,울산,2023,2,2023Q2,부동산업,6144.247329414868
prior_year_province_anchor,울산,2023,2,2023Q2,사업서비스업,6764.7372059696445
prior_year_province_anchor,울산,2023,2,2023Q2,숙박 및 음식점업,2446.110488862049
prior_year_province_anchor,울산,2023,2,2023Q2,운수 및 창고업,5861.829847738124
prior_year_province_anchor,울산,2023,2,2023Q2,정보통신업,1860.970898754503
prior_year_province_anchor,울산,2023,3,2023Q3,건설업,6631.828057507609
prior_year_province_anchor,울산,2023,3,2023Q3,"공공 행정, 국방·사회보장",5266.965043896364
prior_year_province_anchor,울산,2023,3,2023Q3,"광업, 제조업",99948.89323119397
prior_year_province_anchor,울산,2023,3,2023Q3,교육 서비스업,5586.955544038642
prior_year_province_anchor,울산,2023,3,2023Q3,금융 및 보험업,4181.780045051517
prior_year_province_anchor,울산,2023,3,2023Q3,도매 및 소매업,4663.001002299116
prior_year_province_anchor,울산,2023,3,2023Q3,문화 및 기타서비스업,3159.0963607033163
prior_year_province_anchor,울산,2023,3,2023Q3,보건 및 사회복지업,5706.754614876954
prior_year_province_anchor,울산,2023,3,2023Q3,부동산업,6066.936957392997
prior_year_province_anchor,울산,2023,3,2023Q3,사업서비스업,6622.954593846461
prior_year_province_anchor,울산,2023,3,2023Q3,숙박 및 음식점업,2579.522234548169
prior_year_province_anchor,울산,2023,3,2023Q3,운수 및 창고업,6047.874529234952
prior_year_province_anchor,울산,2023,3,2023Q3,정보통신업,1921.6672090520635
prior_year_province_anchor,울산,2023,4,2023Q4,건설업,7422.459599509928
prior_year_province_anchor,울산,2023,4,2023Q4,"공공 행정, 국방·사회보장",5340.234859101136
prior_year_province_anchor,울산,2023,4,2023Q4,"광업, 제조업",103524.9091066838
prior_year_province_anchor,울산,2023,4,2023Q4,교육 서비스업,5523.152533132135
prior_year_province_anchor,울산,2023,4,2023Q4,금융 및 보험업,3933.4408034228804
prior_year_province_anchor,울산,2023,4,2023Q4,도매 및 소매업,5089.742887261118
prior_year_province_anchor,울산,2023,4,2023Q4,문화 및 기타서비스업,2811.948228471778
prior_year_province_anchor,울산,2023,4,2023Q4,보건 및 사회복지업,6064.492216390446
prior_year_province_anchor,울산,2023,4,2023Q4,부동산업,6009.1585536408775
prior_year_province_anchor,울산,2023,4,2023Q4,사업서비스업,7932.981561797834
prior_year_province_anchor,울산,2023,4,2023Q4,숙박 및 음식점업,2685.555577037949
prior_year_province_anchor,울산,2023,4,2023Q4,운수 및 창고업,6262.473835453285
prior_year_province_anchor,울산,2023,4,2023Q4,정보통신업,2093.600939261606
prior_year_province_anchor,울산,2024,1,2024Q1,건설업,6769.676254914455
prior_year_province_anchor,울산,2024,1,2024Q1,"공공 행정, 국방·사회보장",5929.714496426119
prior_year_province_anchor,울산,2024,1,2024Q1,"광업, 제조업",100582.50797060563
prior_year_province_anchor,울산,2024,1,2024Q1,교육 서비스업,6175.5087267156705
prior_year_province_anchor,울산,2024,1,2024Q1,금융 및 보험업,4334.835397502982
prior_year_province_anchor,울산,2024,1,2024Q1,도매 및 소매업,5011.1615234544515
prior_year_province_anchor,울산,2024,1,2024Q1,문화 및 기타서비스업,2968.1435612793725
prior_year_province_anchor,울산,2024,1,2024Q1,보건 및 사회복지업,6070.579213074196
prior_year_province_anchor,울산,2024,1,2024Q1,부동산업,6296.619157864391
prior_year_province_anchor,울산,2024,1,2024Q1,사업서비스업,6113.672264507217
prior_year_province_anchor,울산,2024,1,2024Q1,숙박 및 음식점업,2200.046669017085
prior_year_province_anchor,울산,2024,1,2024Q1,운수 및 창고업,5075.377885336288
prior_year_province_anchor,울산,2024,1,2024Q1,정보통신업,1857.2441222526215
prior_year_province_anchor,울산,2024,2,2024Q2,건설업,8776.935156987267
prior_year_province_anchor,울산,2024,2,2024Q2,"공공 행정, 국방·사회보장",5766.4802482328
prior_year_province_anchor,울산,2024,2,2024Q2,"광업, 제조업",108342.71233564099
prior_year_province_anchor,울산,2024,2,2024Q2,교육 서비스업,5304.272862228781
prior_year_province_anchor,울산,2024,2,2024Q2,금융 및 보험업,4313.936431966538
prior_year_province_anchor,울산,2024,2,2024Q2,도매 및 소매업,4718.980475641898
prior_year_province_anchor,울산,2024,2,2024Q2,문화 및 기타서비스업,2800.5832452221066
prior_year_province_anchor,울산,2024,2,2024Q2,보건 및 사회복지업,6065.609778401609
prior_year_province_anchor,울산,2024,2,2024Q2,부동산업,6397.456486462454
prior_year_province_anchor,울산,2024,2,2024Q2,사업서비스업,6750.798038635227
prior_year_province_anchor,울산,2024,2,2024Q2,숙박 및 음식점업,2481.549465260682
prior_year_province_anchor,울산,2024,2,2024Q2,운수 및 창고업,5875.333204651997
prior_year_province_anchor,울산,2024,2,2024Q2,정보통신업,1781.796879378903
prior_year_province_anchor,울산,2024,3,2024Q3,건설업,7875.576456370522
prior_year_province_anchor,울산,2024,3,2024Q3,"공공 행정, 국방·사회보장",5304.312307873184
prior_year_province_anchor,울산,2024,3,2024Q3,"광업, 제조업",108220.4403393548
prior_year_province_anchor,울산,2024,3,2024Q3,교육 서비스업,5659.871735887169
prior_year_province_anchor,울산,2024,3,2024Q3,금융 및 보험업,4472.049838745848
prior_year_province_anchor,울산,2024,3,2024Q3,도매 및 소매업,4529.415231929126
prior_year_province_anchor,울산,2024,3,2024Q3,문화 및 기타서비스업,3164.1174299801783
prior_year_province_anchor,울산,2024,3,2024Q3,보건 및 사회복지업,6003.117464507209
prior_year_province_anchor,울산,2024,3,2024Q3,부동산업,6261.737251935896
prior_year_province_anchor,울산,2024,3,2024Q3,사업서비스업,6575.3326169943175
prior_year_province_anchor,울산,2024,3,2024Q3,숙박 및 음식점업,2557.8635206713116
prior_year_province_anchor,울산,2024,3,2024Q3,운수 및 창고업,6117.702497655673
prior_year_province_anchor,울산,2024,3,2024Q3,정보통신업,1840.7598389318887
prior_year_province_anchor,울산,2024,4,2024Q4,건설업,8790.186100031622
prior_year_province_anchor,울산,2024,4,2024Q4,"공공 행정, 국방·사회보장",5396.347996036881
prior_year_province_anchor,울산,2024,4,2024Q4,"광업, 제조업",110910.31740461754
prior_year_province_anchor,울산,2024,4,2024Q4,교육 서비스업,5608.002038720308
prior_year_province_anchor,울산,2024,4,2024Q4,금융 및 보험업,4292.625306660204
prior_year_province_anchor,울산,2024,4,2024Q4,도매 및 소매업,4957.931071552921
prior_year_province_anchor,울산,2024,4,2024Q4,문화 및 기타서비스업,2797.0306542436947
prior_year_province_anchor,울산,2024,4,2024Q4,보건 및 사회복지업,6476.120193747634
prior_year_province_anchor,울산,2024,4,2024Q4,부동산업,6191.676336027101
prior_year_province_anchor,울산,2024,4,2024Q4,사업서비스업,7621.566011908305
prior_year_province_anchor,울산,2024,4,2024Q4,숙박 및 음식점업,2626.5634511663957
prior_year_province_anchor,울산,2024,4,2024Q4,운수 및 창고업,6192.684892054951
prior_year_province_anchor,울산,2024,4,2024Q4,정보통신업,2008.8487764753352
prior_year_province_anchor,울산,2025,1,2025Q1,건설업,6434.946696843093
prior_year_province_anchor,울산,2025,1,2025Q1,"공공 행정, 국방·사회보장",6054.462703226177
prior_year_province_anchor,울산,2025,1,2025Q1,"광업, 제조업",100408.66201928072
prior_year_province_anchor,울산,2025,1,2025Q1,교육 서비스업,6268.0088554510285
prior_year_province_anchor,울산,2025,1,2025Q1,금융 및 보험업,4445.007326339033
prior_year_province_anchor,울산,2025,1,2025Q1,도매 및 소매업,4906.10280609298
prior_year_province_anchor,울산,2025,1,2025Q1,문화 및 기타서비스업,2963.8644258311765
prior_year_province_anchor,울산,2025,1,2025Q1,보건 및 사회복지업,6326.750506907328
prior_year_province_anchor,울산,2025,1,2025Q1,부동산업,6298.033929343979
prior_year_province_anchor,울산,2025,1,2025Q1,사업서비스업,6218.371596930202
prior_year_province_anchor,울산,2025,1,2025Q1,숙박 및 음식점업,2170.418082620356
prior_year_province_anchor,울산,2025,1,2025Q1,운수 및 창고업,5507.613330475538
prior_year_province_anchor,울산,2025,1,2025Q1,정보통신업,1915.2031977425008
prior_year_province_anchor,울산,2025,2,2025Q2,건설업,8523.414032922576
prior_year_province_anchor,울산,2025,2,2025Q2,"공공 행정, 국방·사회보장",5866.8659550473185
prior_year_province_anchor,울산,2025,2,2025Q2,"광업, 제조업",110224.66148513633
prior_year_province_anchor,울산,2025,2,2025Q2,교육 서비스업,5362.335793876127
prior_year_province_anchor,울산,2025,2,2025Q2,금융 및 보험업,4381.6349492145355
prior_year_province_anchor,울산,2025,2,2025Q2,도매 및 소매업,4664.588681943763
prior_year_province_anchor,울산,2025,2,2025Q2,문화 및 기타서비스업,2796.9303492941713
prior_year_province_anchor,울산,2025,2,2025Q2,보건 및 사회복지업,6417.9941269220635
prior_year_province_anchor,울산,2025,2,2025Q2,부동산업,6392.017628745614
prior_year_province_anchor,울산,2025,2,2025Q2,사업서비스업,6900.195840630921
prior_year_province_anchor,울산,2025,2,2025Q2,숙박 및 음식점업,2487.15253746938
prior_year_province_anchor,울산,2025,2,2025Q2,운수 및 창고업,6344.551773308728
prior_year_province_anchor,울산,2025,2,2025Q2,정보통신업,1874.585358502054
prior_year_province_anchor,울산,2025,3,2025Q3,건설업,7952.06358691414
prior_year_province_anchor,울산,2025,3,2025Q3,"공공 행정, 국방·사회보장",5401.767690234068
prior_year_province_anchor,울산,2025,3,2025Q3,"광업, 제조업",111414.17180363054
prior_year_province_anchor,울산,2025,3,2025Q3,교육 서비스업,5795.2899119657495
prior_year_province_anchor,울산,2025,3,2025Q3,금융 및 보험업,4503.251572648756
prior_year_province_anchor,울산,2025,3,2025Q3,도매 및 소매업,4658.413575129435
prior_year_province_anchor,울산,2025,3,2025Q3,문화 및 기타서비스업,3276.8754632840273
prior_year_province_anchor,울산,2025,3,2025Q3,보건 및 사회복지업,6274.3147396913855
prior_year_province_anchor,울산,2025,3,2025Q3,부동산업,6332.574023223062
prior_year_province_anchor,울산,2025,3,2025Q3,사업서비스업,6926.2239399825985
prior_year_province_anchor,울산,2025,3,2025Q3,숙박 및 음식점업,2654.4902690030813
prior_year_province_anchor,울산,2025,3,2025Q3,운수 및 창고업,6540.360965942986
prior_year_province_anchor,울산,2025,3,2025Q3,정보통신업,1918.9354944791871
prior_year_province_anchor,울산,2025,4,2025Q4,건설업,8799.785380548059
prior_year_province_anchor,울산,2025,4,2025Q4,"공공 행정, 국방·사회보장",5534.27808151109
prior_year_province_anchor,울산,2025,4,2025Q4,"광업, 제조업",112424.13313307981
prior_year_province_anchor,울산,2025,4,2025Q4,교육 서비스업,5733.726203084503
prior_year_province_anchor,울산,2025,4,2025Q4,금융 및 보험업,4432.486036901928
prior_year_province_anchor,울산,2025,4,2025Q4,도매 및 소매업,5077.804121194541
prior_year_province_anchor,울산,2025,4,2025Q4,문화 및 기타서비스업,2798.993663738357
prior_year_province_anchor,울산,2025,4,2025Q4,보건 및 사회복지업,6908.095202048154
prior_year_province_anchor,울산,2025,4,2025Q4,부동산업,6328.376409941727
prior_year_province_anchor,울산,2025,4,2025Q4,사업서비스업,7970.373907406434
prior_year_province_anchor,울산,2025,4,2025Q4,숙박 및 음식점업,2695.0111125247804
prior_year_province_anchor,울산,2025,4,2025Q4,운수 및 창고업,6547.778495233117
prior_year_province_anchor,울산,2025,4,2025Q4,정보통신업,2092.7435232279354
prior_year_province_anchor,인천,2021,1,2021Q1,건설업,12429.628333609726
prior_year_province_anchor,인천,2021,1,2021Q1,"공공 행정, 국방·사회보장",15930.242660253029
prior_year_province_anchor,인천,2021,1,2021Q1,"광업, 제조업",60128.293337739015
prior_year_province_anchor,인천,2021,1,2021Q1,교육 서비스업,12467.130116973156
prior_year_province_anchor,인천,2021,1,2021Q1,금융 및 보험업,9632.270151809722
prior_year_province_anchor,인천,2021,1,2021Q1,도매 및 소매업,17904.628440887634
prior_year_province_anchor,인천,2021,1,2021Q1,문화 및 기타서비스업,8071.046992397465
prior_year_province_anchor,인천,2021,1,2021Q1,보건 및 사회복지업,13209.861684644293
prior_year_province_anchor,인천,2021,1,2021Q1,부동산업,21445.109535691285
prior_year_province_anchor,인천,2021,1,2021Q1,사업서비스업,10955.227427679707
prior_year_province_anchor,인천,2021,1,2021Q1,숙박 및 음식점업,4236.132864340288
prior_year_province_anchor,인천,2021,1,2021Q1,운수 및 창고업,19209.503114552954
prior_year_province_anchor,인천,2021,1,2021Q1,정보통신업,4367.133936430523
prior_year_province_anchor,인천,2021,2,2021Q2,건설업,17332.40970046491
prior_year_province_anchor,인천,2021,2,2021Q2,"공공 행정, 국방·사회보장",15453.952325534086
prior_year_province_anchor,인천,2021,2,2021Q2,"광업, 제조업",64561.94332178616
prior_year_province_anchor,인천,2021,2,2021Q2,교육 서비스업,10793.154950422424
prior_year_province_anchor,인천,2021,2,2021Q2,금융 및 보험업,9611.669804442701
prior_year_province_anchor,인천,2021,2,2021Q2,도매 및 소매업,18156.27098271345
prior_year_province_anchor,인천,2021,2,2021Q2,문화 및 기타서비스업,8079.841433861875
prior_year_province_anchor,인천,2021,2,2021Q2,보건 및 사회복지업,13811.437001239809
prior_year_province_anchor,인천,2021,2,2021Q2,부동산업,21662.30707673642
prior_year_province_anchor,인천,2021,2,2021Q2,사업서비스업,12209.907045034004
prior_year_province_anchor,인천,2021,2,2021Q2,숙박 및 음식점업,5397.479887111358
prior_year_province_anchor,인천,2021,2,2021Q2,운수 및 창고업,21634.04982371251
prior_year_province_anchor,인천,2021,2,2021Q2,정보통신업,4499.463310121128
prior_year_province_anchor,인천,2021,3,2021Q3,건설업,15863.868543014614
prior_year_province_anchor,인천,2021,3,2021Q3,"공공 행정, 국방·사회보장",14345.351883427169
prior_year_province_anchor,인천,2021,3,2021Q3,"광업, 제조업",64155.93568833509
prior_year_province_anchor,인천,2021,3,2021Q3,교육 서비스업,11750.202472185283
prior_year_province_anchor,인천,2021,3,2021Q3,금융 및 보험업,9890.588301277483
prior_year_province_anchor,인천,2021,3,2021Q3,도매 및 소매업,17579.480972611855
prior_year_province_anchor,인천,2021,3,2021Q3,문화 및 기타서비스업,8772.980331366438
prior_year_province_anchor,인천,2021,3,2021Q3,보건 및 사회복지업,13850.709502318308
prior_year_province_anchor,인천,2021,3,2021Q3,부동산업,20942.57311624095
prior_year_province_anchor,인천,2021,3,2021Q3,사업서비스업,12159.944329569344
prior_year_province_anchor,인천,2021,3,2021Q3,숙박 및 음식점업,5627.210503534589
prior_year_province_anchor,인천,2021,3,2021Q3,운수 및 창고업,21906.11452031909
prior_year_province_anchor,인천,2021,3,2021Q3,정보통신업,4559.9065701553245
prior_year_province_anchor,인천,2021,4,2021Q4,건설업,18648.940041967562
prior_year_province_anchor,인천,2021,4,2021Q4,"공공 행정, 국방·사회보장",14629.481138176914
prior_year_province_anchor,인천,2021,4,2021Q4,"광업, 제조업",66905.29651268451
prior_year_province_anchor,인천,2021,4,2021Q4,교육 서비스업,11630.823754622836
prior_year_province_anchor,인천,2021,4,2021Q4,금융 및 보험업,9718.349725589038
prior_year_province_anchor,인천,2021,4,2021Q4,도매 및 소매업,19718.53713867686
prior_year_province_anchor,인천,2021,4,2021Q4,문화 및 기타서비스업,8637.759597248356
prior_year_province_anchor,인천,2021,4,2021Q4,보건 및 사회복지업,14637.575063430506
prior_year_province_anchor,인천,2021,4,2021Q4,부동산업,20546.47949822246
prior_year_province_anchor,인천,2021,4,2021Q4,사업서비스업,14337.344728803337
prior_year_province_anchor,인천,2021,4,2021Q4,숙박 및 음식점업,6447.590501134733
prior_year_province_anchor,인천,2021,4,2021Q4,운수 및 창고업,22953.233740134536
prior_year_province_anchor,인천,2021,4,2021Q4,정보통신업,5085.858694132263
prior_year_province_anchor,인천,2022,1,2022Q1,건설업,14355.192904474321
prior_year_province_anchor,인천,2022,1,2022Q1,"공공 행정, 국방·사회보장",16498.8118208338
prior_year_province_anchor,인천,2022,1,2022Q1,"광업, 제조업",61802.41949184678
prior_year_province_anchor,인천,2022,1,2022Q1,교육 서비스업,13161.230687455763
prior_year_province_anchor,인천,2022,1,2022Q1,금융 및 보험업,9718.265247231386
prior_year_province_anchor,인천,2022,1,2022Q1,도매 및 소매업,19011.846811012325
prior_year_province_anchor,인천,2022,1,2022Q1,문화 및 기타서비스업,7434.254576887437
prior_year_province_anchor,인천,2022,1,2022Q1,보건 및 사회복지업,14508.321778202544
prior_year_province_anchor,인천,2022,1,2022Q1,부동산업,21961.748950873633
prior_year_province_anchor,인천,2022,1,2022Q1,사업서비스업,11912.424303591486
prior_year_province_anchor,인천,2022,1,2022Q1,숙박 및 음식점업,4486.511017055031
prior_year_province_anchor,인천,2022,1,2022Q1,운수 및 창고업,17904.01921085598
prior_year_province_anchor,인천,2022,1,2022Q1,정보통신업,4543.2829989561415
prior_year_province_anchor,인천,2022,2,2022Q2,건설업,19842.17034092132
prior_year_province_anchor,인천,2022,2,2022Q2,"공공 행정, 국방·사회보장",15913.684001483933
prior_year_province_anchor,인천,2022,2,2022Q2,"광업, 제조업",66011.28700798396
prior_year_province_anchor,인천,2022,2,2022Q2,교육 서비스업,11327.867614199437
prior_year_province_anchor,인천,2022,2,2022Q2,금융 및 보험업,9562.139522742063
prior_year_province_anchor,인천,2022,2,2022Q2,도매 및 소매업,19164.63516063429
prior_year_province_anchor,인천,2022,2,2022Q2,문화 및 기타서비스업,7585.280242988049
prior_year_province_anchor,인천,2022,2,2022Q2,보건 및 사회복지업,14939.286977983806
prior_year_province_anchor,인천,2022,2,2022Q2,부동산업,21855.96237197271
prior_year_province_anchor,인천,2022,2,2022Q2,사업서비스업,13311.796921012008
prior_year_province_anchor,인천,2022,2,2022Q2,숙박 및 음식점업,6089.632419362278
prior_year_province_anchor,인천,2022,2,2022Q2,운수 및 창고업,20822.06485712117
prior_year_province_anchor,인천,2022,2,2022Q2,정보통신업,4726.49221814342
prior_year_province_anchor,인천,2022,3,2022Q3,건설업,18721.328805071862
prior_year_province_anchor,인천,2022,3,2022Q3,"공공 행정, 국방·사회보장",14805.965327551463
prior_year_province_anchor,인천,2022,3,2022Q3,"광업, 제조업",65836.88993872606
prior_year_province_anchor,인천,2022,3,2022Q3,교육 서비스업,12224.921948724048
prior_year_province_anchor,인천,2022,3,2022Q3,금융 및 보험업,9489.572625529272
prior_year_province_anchor,인천,2022,3,2022Q3,도매 및 소매업,18758.892946694115
prior_year_province_anchor,인천,2022,3,2022Q3,문화 및 기타서비스업,8635.725370292763
prior_year_province_anchor,인천,2022,3,2022Q3,보건 및 사회복지업,14522.430914597791
prior_year_province_anchor,인천,2022,3,2022Q3,부동산업,21426.345794077333
prior_year_province_anchor,인천,2022,3,2022Q3,사업서비스업,12926.09608103483
prior_year_province_anchor,인천,2022,3,2022Q3,숙박 및 음식점업,6559.205195613659
prior_year_province_anchor,인천,2022,3,2022Q3,운수 및 창고업,21975.749762522988
prior_year_province_anchor,인천,2022,3,2022Q3,정보통신업,4730.9659196801285
prior_year_province_anchor,인천,2022,4,2022Q4,건설업,22041.330102025415
prior_year_province_anchor,인천,2022,4,2022Q4,"공공 행정, 국방·사회보장",15123.00806674218
prior_year_province_anchor,인천,2022,4,2022Q4,"광업, 제조업",64622.56704626668
prior_year_province_anchor,인천,2022,4,2022Q4,교육 서비스업,12138.164222376778
prior_year_province_anchor,인천,2022,4,2022Q4,금융 및 보험업,9458.379113453013
prior_year_province_anchor,인천,2022,4,2022Q4,도매 및 소매업,20886.820012821903
prior_year_province_anchor,인천,2022,4,2022Q4,문화 및 기타서비스업,8176.140669373563
prior_year_province_anchor,인천,2022,4,2022Q4,보건 및 사회복지업,15357.440946864506
prior_year_province_anchor,인천,2022,4,2022Q4,부동산업,21226.724783294063
prior_year_province_anchor,인천,2022,4,2022Q4,사업서비스업,15521.947570450338
prior_year_province_anchor,인천,2022,4,2022Q4,숙박 및 음식점업,6780.465203745382
prior_year_province_anchor,인천,2022,4,2022Q4,운수 및 창고업,23186.263855988345
prior_year_province_anchor,인천,2022,4,2022Q4,정보통신업,5110.103339024003
prior_year_province_anchor,인천,2023,1,2023Q1,건설업,15591.715777325164
prior_year_province_anchor,인천,2023,1,2023Q1,"공공 행정, 국방·사회보장",17136.81568144895
prior_year_province_anchor,인천,2023,1,2023Q1,"광업, 제조업",60981.89789348686
prior_year_province_anchor,인천,2023,1,2023Q1,교육 서비스업,13429.2723714278
prior_year_province_anchor,인천,2023,1,2023Q1,금융 및 보험업,9849.779439132646
prior_year_province_anchor,인천,2023,1,2023Q1,도매 및 소매업,20100.295053132533
prior_year_province_anchor,인천,2023,1,2023Q1,문화 및 기타서비스업,8390.893046705281
prior_year_province_anchor,인천,2023,1,2023Q1,보건 및 사회복지업,15230.510726678445
prior_year_province_anchor,인천,2023,1,2023Q1,부동산업,22176.9354736817
prior_year_province_anchor,인천,2023,1,2023Q1,사업서비스업,12073.068983346382
prior_year_province_anchor,인천,2023,1,2023Q1,숙박 및 음식점업,5160.6992649381755
prior_year_province_anchor,인천,2023,1,2023Q1,운수 및 창고업,24542.598171189027
prior_year_province_anchor,인천,2023,1,2023Q1,정보통신업,4885.524211303357
prior_year_province_anchor,인천,2023,2,2023Q2,건설업,21111.97276910312
prior_year_province_anchor,인천,2023,2,2023Q2,"공공 행정, 국방·사회보장",16481.7015851409
prior_year_province_anchor,인천,2023,2,2023Q2,"광업, 제조업",67378.7734290691
prior_year_province_anchor,인천,2023,2,2023Q2,교육 서비스업,11524.191574904415
prior_year_province_anchor,인천,2023,2,2023Q2,금융 및 보험업,9750.402093378274
prior_year_province_anchor,인천,2023,2,2023Q2,도매 및 소매업,18660.847388097405
prior_year_province_anchor,인천,2023,2,2023Q2,문화 및 기타서비스업,7966.20559941022
prior_year_province_anchor,인천,2023,2,2023Q2,보건 및 사회복지업,15417.519351034674
prior_year_province_anchor,인천,2023,2,2023Q2,부동산업,22200.0232009895
prior_year_province_anchor,인천,2023,2,2023Q2,사업서비스업,13532.895956973312
prior_year_province_anchor,인천,2023,2,2023Q2,숙박 및 음식점업,5878.953731334808
prior_year_province_anchor,인천,2023,2,2023Q2,운수 및 창고업,31255.831187295316
prior_year_province_anchor,인천,2023,2,2023Q2,정보통신업,4817.949251321628
prior_year_province_anchor,인천,2023,3,2023Q3,건설업,20059.123573577144
prior_year_province_anchor,인천,2023,3,2023Q3,"공공 행정, 국방·사회보장",15343.574373527186
prior_year_province_anchor,인천,2023,3,2023Q3,"광업, 제조업",68032.45234303384
prior_year_province_anchor,인천,2023,3,2023Q3,교육 서비스업,12368.282406096452
prior_year_province_anchor,인천,2023,3,2023Q3,금융 및 보험업,9733.593270185755
prior_year_province_anchor,인천,2023,3,2023Q3,도매 및 소매업,17943.590919749688
prior_year_province_anchor,인천,2023,3,2023Q3,문화 및 기타서비스업,9146.300842123761
prior_year_province_anchor,인천,2023,3,2023Q3,보건 및 사회복지업,15152.717673562032
prior_year_province_anchor,인천,2023,3,2023Q3,부동산업,21920.690036071792
prior_year_province_anchor,인천,2023,3,2023Q3,사업서비스업,13249.259020319256
prior_year_province_anchor,인천,2023,3,2023Q3,숙박 및 음식점업,6199.593981918983
prior_year_province_anchor,인천,2023,3,2023Q3,운수 및 창고업,32247.83902600847
prior_year_province_anchor,인천,2023,3,2023Q3,정보통신업,4975.088593453111
prior_year_province_anchor,인천,2023,4,2023Q4,건설업,22450.526918879295
prior_year_province_anchor,인천,2023,4,2023Q4,"공공 행정, 국방·사회보장",15557.021937647973
prior_year_province_anchor,인천,2023,4,2023Q4,"광업, 제조업",70466.54762675495
prior_year_province_anchor,인천,2023,4,2023Q4,교육 서비스업,12227.036668407894
prior_year_province_anchor,인천,2023,4,2023Q4,금융 및 보험업,9155.553979501408
prior_year_province_anchor,인천,2023,4,2023Q4,도매 및 소매업,19585.726919357145
prior_year_province_anchor,인천,2023,4,2023Q4,문화 및 기타서비스업,8141.228222729484
prior_year_province_anchor,인천,2023,4,2023Q4,보건 및 사회복지업,16102.591506023648
prior_year_province_anchor,인천,2023,4,2023Q4,부동산업,21711.928598739585
prior_year_province_anchor,인천,2023,4,2023Q4,사업서비스업,15869.975556428064
prior_year_province_anchor,인천,2023,4,2023Q4,숙박 및 음식점업,6454.433294090116
prior_year_province_anchor,인천,2023,4,2023Q4,운수 및 창고업,33392.102824566035
prior_year_province_anchor,인천,2023,4,2023Q4,정보통신업,5420.215375013428
prior_year_province_anchor,인천,2024,1,2024Q1,건설업,14591.52196761621
prior_year_province_anchor,인천,2024,1,2024Q1,"공공 행정, 국방·사회보장",17244.527788328483
prior_year_province_anchor,인천,2024,1,2024Q1,"광업, 제조업",65918.10688880227
prior_year_province_anchor,인천,2024,1,2024Q1,교육 서비스업,13613.39699072502
prior_year_province_anchor,인천,2024,1,2024Q1,금융 및 보험업,10171.28293765829
prior_year_province_anchor,인천,2024,1,2024Q1,도매 및 소매업,20731.629504418346
prior_year_province_anchor,인천,2024,1,2024Q1,문화 및 기타서비스업,8525.683996403352
prior_year_province_anchor,인천,2024,1,2024Q1,보건 및 사회복지업,16015.523837024346
prior_year_province_anchor,인천,2024,1,2024Q1,부동산업,22187.377555530897
prior_year_province_anchor,인천,2024,1,2024Q1,사업서비스업,12522.286402849799
prior_year_province_anchor,인천,2024,1,2024Q1,숙박 및 음식점업,5044.5135375195
prior_year_province_anchor,인천,2024,1,2024Q1,운수 및 창고업,36921.133404458764
prior_year_province_anchor,인천,2024,1,2024Q1,정보통신업,4527.729084610716
prior_year_province_anchor,인천,2024,2,2024Q2,건설업,18918.015770481048
prior_year_province_anchor,인천,2024,2,2024Q2,"공공 행정, 국방·사회보장",16769.817322812283
prior_year_province_anchor,인천,2024,2,2024Q2,"광업, 제조업",71003.86176939089
prior_year_province_anchor,인천,2024,2,2024Q2,교육 서비스업,11692.829759638731
prior_year_province_anchor,인천,2024,2,2024Q2,금융 및 보험업,10122.2454836184
prior_year_province_anchor,인천,2024,2,2024Q2,도매 및 소매업,19522.850022234157
prior_year_province_anchor,인천,2024,2,2024Q2,문화 및 기타서비스업,8044.384397664955
prior_year_province_anchor,인천,2024,2,2024Q2,보건 및 사회복지업,16002.413374799597
prior_year_province_anchor,인천,2024,2,2024Q2,부동산업,22542.697740094067
prior_year_province_anchor,인천,2024,2,2024Q2,사업서비스업,13827.27480803239
prior_year_province_anchor,인천,2024,2,2024Q2,숙박 및 음식점업,5689.974693638906
prior_year_province_anchor,인천,2024,2,2024Q2,운수 및 창고업,42740.45518292074
prior_year_province_anchor,인천,2024,2,2024Q2,정보통신업,4343.798134543314
prior_year_province_anchor,인천,2024,3,2024Q3,건설업,16975.205688358823
prior_year_province_anchor,인천,2024,3,2024Q3,"공공 행정, 국방·사회보장",15425.76139984847
prior_year_province_anchor,인천,2024,3,2024Q3,"광업, 제조업",70923.72916300315
prior_year_province_anchor,인천,2024,3,2024Q3,교육 서비스업,12476.717994728448
prior_year_province_anchor,인천,2024,3,2024Q3,금융 및 보험업,10493.243699032948
prior_year_province_anchor,인천,2024,3,2024Q3,도매 및 소매업,18738.6014241449
prior_year_province_anchor,인천,2024,3,2024Q3,문화 및 기타서비스업,9088.59857300676
prior_year_province_anchor,인천,2024,3,2024Q3,보건 및 사회복지업,15837.544898880355
prior_year_province_anchor,인천,2024,3,2024Q3,부동산업,22064.464290922002
prior_year_province_anchor,인천,2024,3,2024Q3,사업서비스업,13467.878986908607
prior_year_province_anchor,인천,2024,3,2024Q3,숙박 및 음식점업,5864.956111553067
prior_year_province_anchor,인천,2024,3,2024Q3,운수 및 창고업,44503.58478672562
prior_year_province_anchor,인천,2024,3,2024Q3,정보통신업,4487.54246178823
prior_year_province_anchor,인천,2024,4,2024Q4,건설업,18946.577169762582
prior_year_province_anchor,인천,2024,4,2024Q4,"공공 행정, 국방·사회보장",15693.415429905628
prior_year_province_anchor,인천,2024,4,2024Q4,"광업, 제조업",72686.57647595288
prior_year_province_anchor,인천,2024,4,2024Q4,교육 서비스업,12362.375547722193
prior_year_province_anchor,인천,2024,4,2024Q4,금융 및 보험업,10072.240935502114
prior_year_province_anchor,인천,2024,4,2024Q4,도매 및 소매업,20511.41029934779
prior_year_province_anchor,인천,2024,4,2024Q4,문화 및 기타서비스업,8034.179949185598
prior_year_province_anchor,인천,2024,4,2024Q4,보건 및 사회복지업,17085.430186138037
prior_year_province_anchor,인천,2024,4,2024Q4,부동산업,21817.590857070878
prior_year_province_anchor,인천,2024,4,2024Q4,사업서비스업,15610.819211460343
prior_year_province_anchor,인천,2024,4,2024Q4,숙박 및 음식점업,6022.479010630445
prior_year_province_anchor,인천,2024,4,2024Q4,운수 및 창고업,45049.04860225748
prior_year_province_anchor,인천,2024,4,2024Q4,정보통신업,4897.322286743982
prior_year_province_anchor,인천,2025,1,2025Q1,건설업,12146.38908351936
prior_year_province_anchor,인천,2025,1,2025Q1,"공공 행정, 국방·사회보장",17494.683965154658
prior_year_province_anchor,인천,2025,1,2025Q1,"광업, 제조업",68472.84078223832
prior_year_province_anchor,인천,2025,1,2025Q1,교육 서비스업,13430.702220082076
prior_year_province_anchor,인천,2025,1,2025Q1,금융 및 보험업,10429.592011701068
prior_year_province_anchor,인천,2025,1,2025Q1,도매 및 소매업,20814.499463781314
prior_year_province_anchor,인천,2025,1,2025Q1,문화 및 기타서비스업,8703.112142178112
prior_year_province_anchor,인천,2025,1,2025Q1,보건 및 사회복지업,17280.166314905204
prior_year_province_anchor,인천,2025,1,2025Q1,부동산업,21359.58902281519
prior_year_province_anchor,인천,2025,1,2025Q1,사업서비스업,12653.798560537907
prior_year_province_anchor,인천,2025,1,2025Q1,숙박 및 음식점업,4950.855961101841
prior_year_province_anchor,인천,2025,1,2025Q1,운수 및 창고업,37395.20558657012
prior_year_province_anchor,인천,2025,1,2025Q1,정보통신업,4538.357735453116
prior_year_province_anchor,인천,2025,2,2025Q2,건설업,16088.509826289066
prior_year_province_anchor,인천,2025,2,2025Q2,"공공 행정, 국방·사회보장",16952.613432532333
prior_year_province_anchor,인천,2025,2,2025Q2,"광업, 제조업",75166.77888505861
prior_year_province_anchor,인천,2025,2,2025Q2,교육 서비스업,11490.081924342674
prior_year_province_anchor,인천,2025,2,2025Q2,금융 및 보험업,10280.897535022998
prior_year_province_anchor,인천,2025,2,2025Q2,도매 및 소매업,19789.858153502126
prior_year_province_anchor,인천,2025,2,2025Q2,문화 및 기타서비스업,8212.92575720368
prior_year_province_anchor,인천,2025,2,2025Q2,보건 및 사회복지업,17529.37875457818
prior_year_province_anchor,인천,2025,2,2025Q2,부동산업,21678.33185852929
prior_year_province_anchor,인천,2025,2,2025Q2,사업서비스업,14041.246463738033
prior_year_province_anchor,인천,2025,2,2025Q2,숙박 및 음식점업,5673.34656161437
prior_year_province_anchor,인천,2025,2,2025Q2,운수 및 창고업,43077.79135559482
prior_year_province_anchor,인천,2025,2,2025Q2,정보통신업,4442.107747393596
prior_year_province_anchor,인천,2025,3,2025Q3,건설업,15010.047929523802
prior_year_province_anchor,인천,2025,3,2025Q3,"공공 행정, 국방·사회보장",15608.687876377879
prior_year_province_anchor,인천,2025,3,2025Q3,"광업, 제조업",75977.95542111725
prior_year_province_anchor,인천,2025,3,2025Q3,교육 서비스업,12417.789266358153
prior_year_province_anchor,인천,2025,3,2025Q3,금융 및 보험업,10566.254042028868
prior_year_province_anchor,인천,2025,3,2025Q3,도매 및 소매업,19763.659811853842
prior_year_province_anchor,인천,2025,3,2025Q3,문화 및 기타서비스업,9622.23993255527
prior_year_province_anchor,인천,2025,3,2025Q3,보건 및 사회복지업,17136.949227815723
prior_year_province_anchor,인천,2025,3,2025Q3,부동산업,21476.730692476456
prior_year_province_anchor,인천,2025,3,2025Q3,사업서비스업,14094.211186250333
prior_year_province_anchor,인천,2025,3,2025Q3,숙박 및 음식점업,6055.0541286102525
prior_year_province_anchor,인천,2025,3,2025Q3,운수 및 창고업,44407.28283855376
prior_year_province_anchor,인천,2025,3,2025Q3,정보통신업,4547.201965551475
prior_year_province_anchor,인천,2025,4,2025Q4,건설업,16610.17909224314
prior_year_province_anchor,인천,2025,4,2025Q4,"공공 행정, 국방·사회보장",15991.583523956187
prior_year_province_anchor,인천,2025,4,2025Q4,"광업, 제조업",76666.69003740285
prior_year_province_anchor,인천,2025,4,2025Q4,교육 서비스업,12285.874353565909
prior_year_province_anchor,인천,2025,4,2025Q4,금융 및 보험업,10400.212545999042
prior_year_province_anchor,인천,2025,4,2025Q4,도매 및 소매업,21542.95483301522
prior_year_province_anchor,인천,2025,4,2025Q4,문화 및 기타서비스업,8218.984488107775
prior_year_province_anchor,인천,2025,4,2025Q4,보건 및 사회복지업,18867.985054928813
prior_year_province_anchor,인천,2025,4,2025Q4,부동산업,21462.494615698863
prior_year_province_anchor,인천,2025,4,2025Q4,사업서비스업,16218.95769726553
prior_year_province_anchor,인천,2025,4,2025Q4,숙박 및 음식점업,6147.484642945114
prior_year_province_anchor,인천,2025,4,2025Q4,운수 및 창고업,44457.645857179996
prior_year_province_anchor,인천,2025,4,2025Q4,정보통신업,4959.065841241282
prior_year_province_anchor,전남,2021,1,2021Q1,건설업,13330.0045282651
prior_year_province_anchor,전남,2021,1,2021Q1,"공공 행정, 국방·사회보장",22525.02200483047
prior_year_province_anchor,전남,2021,1,2021Q1,"광업, 제조업",52017.922900495476
prior_year_province_anchor,전남,2021,1,2021Q1,교육 서비스업,9977.984345778155
prior_year_province_anchor,전남,2021,1,2021Q1,금융 및 보험업,6353.7964052429425
prior_year_province_anchor,전남,2021,1,2021Q1,도매 및 소매업,8339.075703343286
prior_year_province_anchor,전남,2021,1,2021Q1,문화 및 기타서비스업,5038.937588450704
prior_year_province_anchor,전남,2021,1,2021Q1,보건 및 사회복지업,9994.065593335257
prior_year_province_anchor,전남,2021,1,2021Q1,부동산업,8892.892939683421
prior_year_province_anchor,전남,2021,1,2021Q1,사업서비스업,6411.838824861915
prior_year_province_anchor,전남,2021,1,2021Q1,숙박 및 음식점업,2730.4771781798854
prior_year_province_anchor,전남,2021,1,2021Q1,운수 및 창고업,8636.768309633007
prior_year_province_anchor,전남,2021,1,2021Q1,정보통신업,2990.331560391619
prior_year_province_anchor,전남,2021,2,2021Q2,건설업,18587.933089536382
prior_year_province_anchor,전남,2021,2,2021Q2,"공공 행정, 국방·사회보장",21851.557670417005
prior_year_province_anchor,전남,2021,2,2021Q2,"광업, 제조업",55853.542543689226
prior_year_province_anchor,전남,2021,2,2021Q2,교육 서비스업,8638.22949840356
prior_year_province_anchor,전남,2021,2,2021Q2,금융 및 보험업,6340.2076654147995
prior_year_province_anchor,전남,2021,2,2021Q2,도매 및 소매업,8456.278147023997
prior_year_province_anchor,전남,2021,2,2021Q2,문화 및 기타서비스업,5044.428157605634
prior_year_province_anchor,전남,2021,2,2021Q2,보건 및 사회복지업,10449.193990355176
prior_year_province_anchor,전남,2021,2,2021Q2,부동산업,8982.960769650073
prior_year_province_anchor,전남,2021,2,2021Q2,사업서비스업,7146.1735099629295
prior_year_province_anchor,전남,2021,2,2021Q2,숙박 및 음식점업,3479.0447144621553
prior_year_province_anchor,전남,2021,2,2021Q2,운수 및 창고업,9726.866687400523
prior_year_province_anchor,전남,2021,2,2021Q2,정보통신업,3080.9421778523943
prior_year_province_anchor,전남,2021,3,2021Q3,건설업,17013.01389216799
prior_year_province_anchor,전남,2021,3,2021Q3,"공공 행정, 국방·사회보장",20284.02038391176
prior_year_province_anchor,전남,2021,3,2021Q3,"광업, 제조업",55502.299017530226
prior_year_province_anchor,전남,2021,3,2021Q3,교육 서비스업,9404.196092216094
prior_year_province_anchor,전남,2021,3,2021Q3,금융 및 보험업,6524.1924700988375
prior_year_province_anchor,전남,2021,3,2021Q3,도매 및 소매업,8187.63836066656
prior_year_province_anchor,전남,2021,3,2021Q3,문화 및 기타서비스업,5477.170483098591
prior_year_province_anchor,전남,2021,3,2021Q3,보건 및 사회복지업,10478.906031341123
prior_year_province_anchor,전남,2021,3,2021Q3,부동산업,8684.500319024346
prior_year_province_anchor,전남,2021,3,2021Q3,사업서비스업,7116.931499157894
prior_year_province_anchor,전남,2021,3,2021Q3,숙박 및 음식점업,3627.121799237568
prior_year_province_anchor,전남,2021,3,2021Q3,운수 및 창고업,9849.189463570692
prior_year_province_anchor,전남,2021,3,2021Q3,정보통신업,3122.329822638243
prior_year_province_anchor,전남,2021,4,2021Q4,건설업,19999.830126423265
prior_year_province_anchor,전남,2021,4,2021Q4,"공공 행정, 국방·사회보장",20685.773066023914
prior_year_province_anchor,전남,2021,4,2021Q4,"광업, 제조업",57880.81388046394
prior_year_province_anchor,전남,2021,4,2021Q4,교육 서비스업,9308.652132709689
prior_year_province_anchor,전남,2021,4,2021Q4,금융 및 보험업,6410.577628965277
prior_year_province_anchor,전남,2021,4,2021Q4,도매 및 소매업,9183.903173500343
prior_year_province_anchor,전남,2021,4,2021Q4,문화 및 기타서비스업,5392.749113661972
prior_year_province_anchor,전남,2021,4,2021Q4,보건 및 사회복지업,11074.217793010308
prior_year_province_anchor,전남,2021,4,2021Q4,부동산업,8520.247572575654
prior_year_province_anchor,전남,2021,4,2021Q4,사업서비스업,8391.313113710581
prior_year_province_anchor,전남,2021,4,2021Q4,숙박 및 음식점업,4155.91278210286
prior_year_province_anchor,전남,2021,4,2021Q4,운수 및 창고업,10319.983842799493
prior_year_province_anchor,전남,2021,4,2021Q4,정보통신업,3482.4679036948432
prior_year_province_anchor,전남,2022,1,2022Q1,건설업,11938.273921017777
prior_year_province_anchor,전남,2022,1,2022Q1,"공공 행정, 국방·사회보장",23063.70525369491
prior_year_province_anchor,전남,2022,1,2022Q1,"광업, 제조업",54877.269823482064
prior_year_province_anchor,전남,2022,1,2022Q1,교육 서비스업,10278.826835173613
prior_year_province_anchor,전남,2022,1,2022Q1,금융 및 보험업,6712.118580935878
prior_year_province_anchor,전남,2022,1,2022Q1,도매 및 소매업,8416.70222389264
prior_year_province_anchor,전남,2022,1,2022Q1,문화 및 기타서비스업,5172.466943906882
prior_year_province_anchor,전남,2022,1,2022Q1,보건 및 사회복지업,10642.939121164776
prior_year_province_anchor,전남,2022,1,2022Q1,부동산업,8822.245266110882
prior_year_province_anchor,전남,2022,1,2022Q1,사업서비스업,7372.605183869269
prior_year_province_anchor,전남,2022,1,2022Q1,숙박 및 음식점업,2971.2505471938257
prior_year_province_anchor,전남,2022,1,2022Q1,운수 및 창고업,9597.769113632388
prior_year_province_anchor,전남,2022,1,2022Q1,정보통신업,3021.9091532434472
prior_year_province_anchor,전남,2022,2,2022Q2,건설업,16501.433752491106
prior_year_province_anchor,전남,2022,2,2022Q2,"공공 행정, 국방·사회보장",22245.754500163584
prior_year_province_anchor,전남,2022,2,2022Q2,"광업, 제조업",58614.520892832516
prior_year_province_anchor,전남,2022,2,2022Q2,교육 서비스업,8846.983415396397
prior_year_province_anchor,전남,2022,2,2022Q2,금융 및 보험업,6604.28715735898
prior_year_province_anchor,전남,2022,2,2022Q2,도매 및 소매업,8484.342893146468
prior_year_province_anchor,전남,2022,2,2022Q2,문화 및 기타서비스업,5277.544764084785
prior_year_province_anchor,전남,2022,2,2022Q2,보건 및 사회복지업,10959.084327669896
prior_year_province_anchor,전남,2022,2,2022Q2,부동산업,8779.749782394427
prior_year_province_anchor,전남,2022,2,2022Q2,사업서비스업,8238.67757605637
prior_year_province_anchor,전남,2022,2,2022Q2,숙박 및 음식점업,4032.9386441842084
prior_year_province_anchor,전남,2022,2,2022Q2,운수 및 창고업,11162.039574139482
prior_year_province_anchor,전남,2022,2,2022Q2,정보통신업,3143.768525980701
prior_year_province_anchor,전남,2022,3,2022Q3,건설업,15569.30324292098
prior_year_province_anchor,전남,2022,3,2022Q3,"공공 행정, 국방·사회보장",20697.273477588886
prior_year_province_anchor,전남,2022,3,2022Q3,"광업, 제조업",58459.66554728486
prior_year_province_anchor,전남,2022,3,2022Q3,교육 서비스업,9547.576421118027
prior_year_province_anchor,전남,2022,3,2022Q3,금융 및 보험업,6554.167346183667
prior_year_province_anchor,전남,2022,3,2022Q3,도매 및 소매업,8304.71745073972
prior_year_province_anchor,전남,2022,3,2022Q3,문화 및 기타서비스업,6008.403875940292
prior_year_province_anchor,전남,2022,3,2022Q3,보건 및 사회복지업,10653.289227951933
prior_year_province_anchor,전남,2022,3,2022Q3,부동산업,8607.168681086943
prior_year_province_anchor,전남,2022,3,2022Q3,사업서비스업,7999.96713897253
prior_year_province_anchor,전남,2022,3,2022Q3,숙박 및 음식점업,4343.919351259362
prior_year_province_anchor,전남,2022,3,2022Q3,운수 및 창고업,11780.492962818576
prior_year_province_anchor,전남,2022,3,2022Q3,정보통신업,3146.744153874839
prior_year_province_anchor,전남,2022,4,2022Q4,건설업,18330.330918753327
prior_year_province_anchor,전남,2022,4,2022Q4,"공공 행정, 국방·사회보장",21140.467834184026
prior_year_province_anchor,전남,2022,4,2022Q4,"광업, 제조업",57381.411239925335
prior_year_province_anchor,전남,2022,4,2022Q4,교육 서비스업,9479.81925866764
prior_year_province_anchor,전남,2022,4,2022Q4,금융 및 보험업,6532.622909323256
prior_year_province_anchor,전남,2022,4,2022Q4,도매 및 소매업,9246.76840706159
prior_year_province_anchor,전남,2022,4,2022Q4,문화 및 기타서비스업,5688.642607497804
prior_year_province_anchor,전남,2022,4,2022Q4,보건 및 사회복지업,11265.831538140306
prior_year_province_anchor,전남,2022,4,2022Q4,부동산업,8526.979005786567
prior_year_province_anchor,전남,2022,4,2022Q4,사업서비스업,9606.540885816787
prior_year_province_anchor,전남,2022,4,2022Q4,숙박 및 음식점업,4490.451682893984
prior_year_province_anchor,전남,2022,4,2022Q4,운수 및 창고업,12429.4106522519
prior_year_province_anchor,전남,2022,4,2022Q4,정보통신업,3398.922774074283
prior_year_province_anchor,전남,2023,1,2023Q1,건설업,11306.839029324556
prior_year_province_anchor,전남,2023,1,2023Q1,"공공 행정, 국방·사회보장",24055.550997232855
prior_year_province_anchor,전남,2023,1,2023Q1,"광업, 제조업",51967.30308821763
prior_year_province_anchor,전남,2023,1,2023Q1,교육 서비스업,10533.86911431132
prior_year_province_anchor,전남,2023,1,2023Q1,금융 및 보험업,6754.420628529199
prior_year_province_anchor,전남,2023,1,2023Q1,도매 및 소매업,8485.565814667085
prior_year_province_anchor,전남,2023,1,2023Q1,문화 및 기타서비스업,5452.3508670135225
prior_year_province_anchor,전남,2023,1,2023Q1,보건 및 사회복지업,10886.372106927178
prior_year_province_anchor,전남,2023,1,2023Q1,부동산업,8771.908516173407
prior_year_province_anchor,전남,2023,1,2023Q1,사업서비스업,6884.662912958573
prior_year_province_anchor,전남,2023,1,2023Q1,숙박 및 음식점업,3194.3388047365033
prior_year_province_anchor,전남,2023,1,2023Q1,운수 및 창고업,9400.283438857052
prior_year_province_anchor,전남,2023,1,2023Q1,정보통신업,3458.9267110582564
prior_year_province_anchor,전남,2023,2,2023Q2,건설업,15310.032654577046
prior_year_province_anchor,전남,2023,2,2023Q2,"공공 행정, 국방·사회보장",23135.94429516603
prior_year_province_anchor,전남,2023,2,2023Q2,"광업, 제조업",57418.56618855338
prior_year_province_anchor,전남,2023,2,2023Q2,교육 서비스업,9039.531133240816
prior_year_province_anchor,전남,2023,2,2023Q2,금융 및 보험업,6686.2732757565045
prior_year_province_anchor,전남,2023,2,2023Q2,도매 및 소매업,7877.8867798003375
prior_year_province_anchor,전남,2023,2,2023Q2,문화 및 기타서비스업,5176.3915670224205
prior_year_province_anchor,전남,2023,2,2023Q2,보건 및 사회복지업,11020.040997516671
prior_year_province_anchor,전남,2023,2,2023Q2,부동산업,8781.040681076476
prior_year_province_anchor,전남,2023,2,2023Q2,사업서비스업,7717.128679411944
prior_year_province_anchor,전남,2023,2,2023Q2,숙박 및 음식점업,3638.9196640153787
prior_year_province_anchor,전남,2023,2,2023Q2,운수 및 창고업,11971.579790706786
prior_year_province_anchor,전남,2023,2,2023Q2,정보통신업,3411.0839773064276
prior_year_province_anchor,전남,2023,3,2023Q3,건설업,14546.524869675113
prior_year_province_anchor,전남,2023,3,2023Q3,"공공 행정, 국방·사회보장",21538.315092095945
prior_year_province_anchor,전남,2023,3,2023Q3,"광업, 제조업",57975.615598588396
prior_year_province_anchor,전남,2023,3,2023Q3,교육 서비스업,9701.632704379166
prior_year_province_anchor,전남,2023,3,2023Q3,금융 및 보험업,6674.746737237096
prior_year_province_anchor,전남,2023,3,2023Q3,도매 및 소매업,7575.088887925028
prior_year_province_anchor,전남,2023,3,2023Q3,문화 및 기타서비스업,5943.210221956196
prior_year_province_anchor,전남,2023,3,2023Q3,보건 및 사회복지업,10830.767660119247
prior_year_province_anchor,전남,2023,3,2023Q3,부동산업,8670.552693631178
prior_year_province_anchor,전남,2023,3,2023Q3,사업서비스업,7555.384826111595
prior_year_province_anchor,전남,2023,3,2023Q3,숙박 및 음식점업,3837.3876510496393
prior_year_province_anchor,전남,2023,3,2023Q3,운수 및 창고업,12351.537723132156
prior_year_province_anchor,전남,2023,3,2023Q3,정보통신업,3522.3378457447757
prior_year_province_anchor,전남,2023,4,2023Q4,건설업,16280.72866518314
prior_year_province_anchor,전남,2023,4,2023Q4,"공공 행정, 국방·사회보장",21837.93894633983
prior_year_province_anchor,전남,2023,4,2023Q4,"광업, 제조업",60049.89291241804
prior_year_province_anchor,전남,2023,4,2023Q4,교육 서비스업,9590.840096066955
prior_year_province_anchor,전남,2023,4,2023Q4,금융 및 보험업,6278.360144702132
prior_year_province_anchor,전남,2023,4,2023Q4,도매 및 소매업,8268.335084782799
prior_year_province_anchor,전남,2023,4,2023Q4,문화 및 기타서비스업,5290.120194796609
prior_year_province_anchor,전남,2023,4,2023Q4,보건 및 사회복지업,11509.712718520796
prior_year_province_anchor,전남,2023,4,2023Q4,부동산업,8587.97878561056
prior_year_province_anchor,전남,2023,4,2023Q4,사업서비스업,9049.847416063974
prior_year_province_anchor,전남,2023,4,2023Q4,숙박 및 음식점업,3995.126566272082
prior_year_province_anchor,전남,2023,4,2023Q4,운수 및 창고업,12789.812593634311
prior_year_province_anchor,전남,2023,4,2023Q4,정보통신업,3837.4853811892117
prior_year_province_anchor,전남,2024,1,2024Q1,건설업,11244.295960050873
prior_year_province_anchor,전남,2024,1,2024Q1,"공공 행정, 국방·사회보장",24546.985858594893
prior_year_province_anchor,전남,2024,1,2024Q1,"광업, 제조업",57947.30717505008
prior_year_province_anchor,전남,2024,1,2024Q1,교육 서비스업,10766.374562850191
prior_year_province_anchor,전남,2024,1,2024Q1,금융 및 보험업,7094.193609594544
prior_year_province_anchor,전남,2024,1,2024Q1,도매 및 소매업,8304.85424207173
prior_year_province_anchor,전남,2024,1,2024Q1,문화 및 기타서비스업,5393.900221747194
prior_year_province_anchor,전남,2024,1,2024Q1,보건 및 사회복지업,11131.063448046858
prior_year_province_anchor,전남,2024,1,2024Q1,부동산업,8913.54810915793
prior_year_province_anchor,전남,2024,1,2024Q1,사업서비스업,7028.214849360149
prior_year_province_anchor,전남,2024,1,2024Q1,숙박 및 음식점업,3117.4292238403445
prior_year_province_anchor,전남,2024,1,2024Q1,운수 및 창고업,9807.780757420955
prior_year_province_anchor,전남,2024,1,2024Q1,정보통신업,3418.7692856962904
prior_year_province_anchor,전남,2024,2,2024Q2,건설업,14578.312582628443
prior_year_province_anchor,전남,2024,2,2024Q2,"공공 행정, 국방·사회보장",23871.252012647543
prior_year_province_anchor,전남,2024,2,2024Q2,"광업, 제조업",62418.09394657585
prior_year_province_anchor,전남,2024,2,2024Q2,교육 서비스업,9247.462993820145
prior_year_province_anchor,전남,2024,2,2024Q2,금융 및 보험업,7059.991317198117
prior_year_province_anchor,전남,2024,2,2024Q2,도매 및 소매업,7820.63097307075
prior_year_province_anchor,전남,2024,2,2024Q2,문화 및 기타서비스업,5089.398903910754
prior_year_province_anchor,전남,2024,2,2024Q2,보건 및 사회복지업,11121.951452189469
prior_year_province_anchor,전남,2024,2,2024Q2,부동산업,9056.294296774375
prior_year_province_anchor,전남,2024,2,2024Q2,사업서비스업,7760.648096171995
prior_year_province_anchor,전남,2024,2,2024Q2,숙박 및 음식점업,3516.3139638602606
prior_year_province_anchor,전남,2024,2,2024Q2,운수 및 창고업,11353.63341407714
prior_year_province_anchor,전남,2024,2,2024Q2,정보통신업,3279.8878572741132
prior_year_province_anchor,전남,2024,3,2024Q3,건설업,13081.17392868706
prior_year_province_anchor,전남,2024,3,2024Q3,"공공 행정, 국방·사회보장",21958.035127898536
prior_year_province_anchor,전남,2024,3,2024Q3,"광업, 제조업",62347.6509533491
prior_year_province_anchor,전남,2024,3,2024Q3,교육 서비스업,9867.413646852412
prior_year_province_anchor,전남,2024,3,2024Q3,금융 및 보험업,7318.7524965986395
prior_year_province_anchor,전남,2024,3,2024Q3,도매 및 소매업,7506.46993255571
prior_year_province_anchor,전남,2024,3,2024Q3,문화 및 기타서비스업,5750.036463818418
prior_year_province_anchor,전남,2024,3,2024Q3,보건 및 사회복지업,11007.365036864272
prior_year_province_anchor,전남,2024,3,2024Q3,부동산업,8864.168983815018
prior_year_province_anchor,전남,2024,3,2024Q3,사업서비스업,7558.934849440526
prior_year_province_anchor,전남,2024,3,2024Q3,숙박 및 음식점업,3624.4497001958707
prior_year_province_anchor,전남,2024,3,2024Q3,운수 및 창고업,11821.993591745699
prior_year_province_anchor,전남,2024,3,2024Q3,정보통신업,3388.425422529135
prior_year_province_anchor,전남,2024,4,2024Q4,건설업,14600.322132233174
prior_year_province_anchor,전남,2024,4,2024Q4,"공공 행정, 국방·사회보장",22339.031335591495
prior_year_province_anchor,전남,2024,4,2024Q4,"광업, 제조업",63897.335244473106
prior_year_province_anchor,전남,2024,4,2024Q4,교육 서비스업,9776.984078557229
prior_year_province_anchor,전남,2024,4,2024Q4,금융 및 보험업,7025.11450294848
prior_year_province_anchor,전남,2024,4,2024Q4,도매 및 소매업,8216.636941110119
prior_year_province_anchor,전남,2024,4,2024Q4,문화 및 기타서비스업,5082.942908481081
prior_year_province_anchor,전남,2024,4,2024Q4,보건 및 사회복지업,11874.666690540947
prior_year_province_anchor,전남,2024,4,2024Q4,부동산업,8764.990150084104
prior_year_province_anchor,전남,2024,4,2024Q4,사업서비스업,8761.67401567283
prior_year_province_anchor,전남,2024,4,2024Q4,숙박 및 음식점업,3721.7963492543927
prior_year_province_anchor,전남,2024,4,2024Q4,운수 및 창고업,11966.89135139022
prior_year_province_anchor,전남,2024,4,2024Q4,정보통신업,3697.8394031973658
prior_year_province_anchor,전남,2025,1,2025Q1,건설업,10407.279347841953
prior_year_province_anchor,전남,2025,1,2025Q1,"공공 행정, 국방·사회보장",25197.102926490817
prior_year_province_anchor,전남,2025,1,2025Q1,"광업, 제조업",59359.07010375906
prior_year_province_anchor,전남,2025,1,2025Q1,교육 서비스업,10662.492220984932
prior_year_province_anchor,전남,2025,1,2025Q1,금융 및 보험업,7236.090940586783
prior_year_province_anchor,전남,2025,1,2025Q1,도매 및 소매업,8220.204024186552
prior_year_province_anchor,전남,2025,1,2025Q1,문화 및 기타서비스업,5313.236225096807
prior_year_province_anchor,전남,2025,1,2025Q1,보건 및 사회복지업,11527.487512014239
prior_year_province_anchor,전남,2025,1,2025Q1,부동산업,8989.627208151314
prior_year_province_anchor,전남,2025,1,2025Q1,사업서비스업,6744.5049142997395
prior_year_province_anchor,전남,2025,1,2025Q1,숙박 및 음식점업,2978.6856347412763
prior_year_province_anchor,전남,2025,1,2025Q1,운수 및 창고업,10198.87469856235
prior_year_province_anchor,전남,2025,1,2025Q1,정보통신업,3258.892640799951
prior_year_province_anchor,전남,2025,2,2025Q2,건설업,13784.97057037928
prior_year_province_anchor,전남,2025,2,2025Q2,"공공 행정, 국방·사회보장",24416.373932980143
prior_year_province_anchor,전남,2025,2,2025Q2,"광업, 제조업",65162.041567718006
prior_year_province_anchor,전남,2025,2,2025Q2,교육 서비스업,9121.854325204053
prior_year_province_anchor,전남,2025,2,2025Q2,금융 및 보험업,7132.926142347472
prior_year_province_anchor,전남,2025,2,2025Q2,도매 및 소매업,7815.545692778635
prior_year_province_anchor,전남,2025,2,2025Q2,문화 및 기타서비스업,5013.978210820138
prior_year_province_anchor,전남,2025,2,2025Q2,보건 및 사회복지업,11693.73552339425
prior_year_province_anchor,전남,2025,2,2025Q2,부동산업,9123.77675874792
prior_year_province_anchor,전남,2025,2,2025Q2,사업서비스업,7484.017966977126
prior_year_province_anchor,전남,2025,2,2025Q2,숙박 및 음식점업,3413.372563605859
prior_year_province_anchor,전남,2025,2,2025Q2,운수 및 창고업,11748.698514557904
prior_year_province_anchor,전남,2025,2,2025Q2,정보통신업,3189.777688641395
prior_year_province_anchor,전남,2025,3,2025Q3,건설업,12860.921937615778
prior_year_province_anchor,전남,2025,3,2025Q3,"공공 행정, 국방·사회보장",22480.755625646758
prior_year_province_anchor,전남,2025,3,2025Q3,"광업, 제조업",65865.25008543617
prior_year_province_anchor,전남,2025,3,2025Q3,교육 서비스업,9858.351356818697
prior_year_province_anchor,전남,2025,3,2025Q3,금융 및 보험업,7330.907581397635
prior_year_province_anchor,전남,2025,3,2025Q3,도매 및 소매업,7805.199265096387
prior_year_province_anchor,전남,2025,3,2025Q3,문화 및 기타서비스업,5874.362290295699
prior_year_province_anchor,전남,2025,3,2025Q3,보건 및 사회복지업,11431.948316797872
prior_year_province_anchor,전남,2025,3,2025Q3,부동산업,9038.928715763206
prior_year_province_anchor,전남,2025,3,2025Q3,사업서비스업,7512.248290824919
prior_year_province_anchor,전남,2025,3,2025Q3,숙박 및 음식점업,3643.027163823643
prior_year_province_anchor,전남,2025,3,2025Q3,운수 및 창고업,12111.29358081885
prior_year_province_anchor,전남,2025,3,2025Q3,정보통신업,3265.243483563166
prior_year_province_anchor,전남,2025,4,2025Q4,건설업,14231.947671198004
prior_year_province_anchor,전남,2025,4,2025Q4,"공공 행정, 국방·사회보장",23032.229494014562
prior_year_province_anchor,전남,2025,4,2025Q4,"광업, 제조업",66462.31376650937
prior_year_province_anchor,전남,2025,4,2025Q4,교육 서비스업,9753.625504928681
prior_year_province_anchor,전남,2025,4,2025Q4,금융 및 보험업,7215.707354597303
prior_year_province_anchor,전남,2025,4,2025Q4,도매 및 소매업,8507.890584607403
prior_year_province_anchor,전남,2025,4,2025Q4,문화 및 기타서비스업,5017.677056473491
prior_year_province_anchor,전남,2025,4,2025Q4,보건 및 사회복지업,12586.711153928867
prior_year_province_anchor,전남,2025,4,2025Q4,부동산업,9032.937166815309
prior_year_province_anchor,전남,2025,4,2025Q4,사업서비스업,8644.743265881172
prior_year_province_anchor,전남,2025,4,2025Q4,숙박 및 음식점업,3698.6380415030094
prior_year_province_anchor,전남,2025,4,2025Q4,운수 및 창고업,12125.029195006644
prior_year_province_anchor,전남,2025,4,2025Q4,정보통신업,3560.993671568751
prior_year_province_anchor,전북,2021,1,2021Q1,건설업,7510.642156605771
prior_year_province_anchor,전북,2021,1,2021Q1,"공공 행정, 국방·사회보장",16961.134715201104
prior_year_province_anchor,전북,2021,1,2021Q1,"광업, 제조업",30111.467418460907
prior_year_province_anchor,전북,2021,1,2021Q1,교육 서비스업,10329.160733382798
prior_year_province_anchor,전북,2021,1,2021Q1,금융 및 보험업,6868.195285477068
prior_year_province_anchor,전북,2021,1,2021Q1,도매 및 소매업,7920.857751484773
prior_year_province_anchor,전북,2021,1,2021Q1,문화 및 기타서비스업,4720.866881630565
prior_year_province_anchor,전북,2021,1,2021Q1,보건 및 사회복지업,10362.695921251548
prior_year_province_anchor,전북,2021,1,2021Q1,부동산업,8853.75041266007
prior_year_province_anchor,전북,2021,1,2021Q1,사업서비스업,5594.524496221605
prior_year_province_anchor,전북,2021,1,2021Q1,숙박 및 음식점업,2377.305594191808
prior_year_province_anchor,전북,2021,1,2021Q1,운수 및 창고업,3890.254683065892
prior_year_province_anchor,전북,2021,1,2021Q1,정보통신업,2435.0388616077
prior_year_province_anchor,전북,2021,2,2021Q2,건설업,10473.163273906943
prior_year_province_anchor,전북,2021,2,2021Q2,"공공 행정, 국방·사회보장",16454.022256024797
prior_year_province_anchor,전북,2021,2,2021Q2,"광업, 제조업",32331.78167700153
prior_year_province_anchor,전북,2021,2,2021Q2,교육 서비스업,8942.253049195435
prior_year_province_anchor,전북,2021,2,2021Q2,금융 및 보험업,6853.506410846742
prior_year_province_anchor,전북,2021,2,2021Q2,도매 및 소매업,8032.182305613612
prior_year_province_anchor,전북,2021,2,2021Q2,문화 및 기타서비스업,4726.010871932057
prior_year_province_anchor,전북,2021,2,2021Q2,보건 및 사회복지업,10834.61169360642
prior_year_province_anchor,전북,2021,2,2021Q2,부동산업,8943.42180442688
prior_year_province_anchor,전북,2021,2,2021Q2,사업서비스업,6235.253855838856
prior_year_province_anchor,전북,2021,2,2021Q2,숙박 및 음식점업,3029.050207131759
prior_year_province_anchor,전북,2021,2,2021Q2,운수 및 창고업,4381.267081115599
prior_year_province_anchor,전북,2021,2,2021Q2,정보통신업,2508.823447141205
prior_year_province_anchor,전북,2021,3,2021Q3,건설업,9585.792643842928
prior_year_province_anchor,전북,2021,3,2021Q3,"공공 행정, 국방·사회보장",15273.681074479462
prior_year_province_anchor,전북,2021,3,2021Q3,"광업, 제조업",32128.45833373553
prior_year_province_anchor,전북,2021,3,2021Q3,교육 서비스업,9735.177931588041
prior_year_province_anchor,전북,2021,3,2021Q3,금융 및 보험업,7052.386495686667
prior_year_province_anchor,전북,2021,3,2021Q3,도매 및 소매업,7777.015233167751
prior_year_province_anchor,전북,2021,3,2021Q3,문화 및 기타서비스업,5131.43738830366
prior_year_province_anchor,전북,2021,3,2021Q3,보건 및 사회복지업,10865.41966090078
prior_year_province_anchor,전북,2021,3,2021Q3,부동산업,8646.27504287098
prior_year_province_anchor,전북,2021,3,2021Q3,사업서비스업,6209.739311534778
prior_year_province_anchor,전북,2021,3,2021Q3,숙박 및 음식점업,3157.9743691139
prior_year_province_anchor,전북,2021,3,2021Q3,운수 및 창고업,4436.364860259549
prior_year_province_anchor,전북,2021,3,2021Q3,정보통신업,2542.5255706043167
prior_year_province_anchor,전북,2021,4,2021Q4,건설업,11268.680888589219
prior_year_province_anchor,전북,2021,4,2021Q4,"공공 행정, 국방·사회보장",15576.197154687343
prior_year_province_anchor,전북,2021,4,2021Q4,"광업, 제조업",33505.30248294456
prior_year_province_anchor,전북,2021,4,2021Q4,교육 서비스업,9636.271290662808
prior_year_province_anchor,전북,2021,4,2021Q4,금융 및 보험업,6929.573477065257
prior_year_province_anchor,전북,2021,4,2021Q4,도매 및 소매업,8723.315776056723
prior_year_province_anchor,전북,2021,4,2021Q4,문화 및 기타서비스업,5052.344912939668
prior_year_province_anchor,전북,2021,4,2021Q4,보건 및 사회복지업,11482.689450348258
prior_year_province_anchor,전북,2021,4,2021Q4,부동산업,8482.745263358936
prior_year_province_anchor,전북,2021,4,2021Q4,사업서비스업,7321.676051507806
prior_year_province_anchor,전북,2021,4,2021Q4,숙박 및 음식점업,3618.369267034934
prior_year_province_anchor,전북,2021,4,2021Q4,운수 및 창고업,4648.424507212584
prior_year_province_anchor,전북,2021,4,2021Q4,정보통신업,2835.7874398007875
prior_year_province_anchor,전북,2022,1,2022Q1,건설업,7299.809760831044
prior_year_province_anchor,전북,2022,1,2022Q1,"공공 행정, 국방·사회보장",17509.98849678491
prior_year_province_anchor,전북,2022,1,2022Q1,"광업, 제조업",30771.62607369659
prior_year_province_anchor,전북,2022,1,2022Q1,교육 서비스업,10593.645146614517
prior_year_province_anchor,전북,2022,1,2022Q1,금융 및 보험업,7142.751945457463
prior_year_province_anchor,전북,2022,1,2022Q1,도매 및 소매업,8131.059001680758
prior_year_province_anchor,전북,2022,1,2022Q1,문화 및 기타서비스업,4871.375812088082
prior_year_province_anchor,전북,2022,1,2022Q1,보건 및 사회복지업,10979.60934918383
prior_year_province_anchor,전북,2022,1,2022Q1,부동산업,8595.69046637357
prior_year_province_anchor,전북,2022,1,2022Q1,사업서비스업,5731.013272520813
prior_year_province_anchor,전북,2022,1,2022Q1,숙박 및 음식점업,2698.3966552316997
prior_year_province_anchor,전북,2022,1,2022Q1,운수 및 창고업,4436.695483282763
prior_year_province_anchor,전북,2022,1,2022Q1,정보통신업,2472.346836347633
prior_year_province_anchor,전북,2022,2,2022Q2,건설업,10090.012004337728
prior_year_province_anchor,전북,2022,2,2022Q2,"공공 행정, 국방·사회보장",16888.99945240855
prior_year_province_anchor,전북,2022,2,2022Q2,"광업, 제조업",32867.23492631421
prior_year_province_anchor,전북,2022,2,2022Q2,교육 서비스업,9117.947449020352
prior_year_province_anchor,전북,2022,2,2022Q2,금융 및 보험업,7028.00231741559
prior_year_province_anchor,전북,2022,2,2022Q2,도매 및 소매업,8196.40410454715
prior_year_province_anchor,전북,2022,2,2022Q2,문화 및 기타서비스업,4970.3370151566805
prior_year_province_anchor,전북,2022,2,2022Q2,보건 및 사회복지업,11305.755240419876
prior_year_province_anchor,전북,2022,2,2022Q2,부동산업,8554.286264469478
prior_year_province_anchor,전북,2022,2,2022Q2,사업서비스업,6404.245088249649
prior_year_province_anchor,전북,2022,2,2022Q2,숙박 및 음식점업,3662.58852135482
prior_year_province_anchor,전북,2022,2,2022Q2,운수 및 창고업,5159.800155274384
prior_year_province_anchor,전북,2022,2,2022Q2,정보통신업,2572.0449475045784
prior_year_province_anchor,전북,2022,3,2022Q3,건설업,9520.048922811422
prior_year_province_anchor,전북,2022,3,2022Q3,"공공 행정, 국방·사회보장",15713.391084432682
prior_year_province_anchor,전북,2022,3,2022Q3,"광업, 제조업",32780.40205718582
prior_year_province_anchor,전북,2022,3,2022Q3,교육 서비스업,9839.99810848062
prior_year_province_anchor,전북,2022,3,2022Q3,금융 및 보험업,6974.666939850119
prior_year_province_anchor,전북,2022,3,2022Q3,도매 및 소매업,8022.8747302672555
prior_year_province_anchor,전북,2022,3,2022Q3,문화 및 기타서비스업,5658.652559392508
prior_year_province_anchor,전북,2022,3,2022Q3,보건 및 사회복지업,10990.286862975046
prior_year_province_anchor,전북,2022,3,2022Q3,부동산업,8386.137036870534
prior_year_province_anchor,전북,2022,3,2022Q3,사업서비스업,6218.6861644909295
prior_year_province_anchor,전북,2022,3,2022Q3,숙박 및 음식점업,3945.011456238488
prior_year_province_anchor,전북,2022,3,2022Q3,운수 및 창고업,5445.6883990618
prior_year_province_anchor,전북,2022,3,2022Q3,정보통신업,2574.47942975972
prior_year_province_anchor,전북,2022,4,2022Q4,건설업,11208.314488780892
prior_year_province_anchor,전북,2022,4,2022Q4,"공공 행정, 국방·사회보장",16049.86469092649
prior_year_province_anchor,전북,2022,4,2022Q4,"광업, 제조업",32175.78673165769
prior_year_province_anchor,전북,2022,4,2022Q4,교육 서비스업,9770.165690185115
prior_year_province_anchor,전북,2022,4,2022Q4,금융 및 보험업,6951.740263802475
prior_year_province_anchor,전북,2022,4,2022Q4,도매 및 소매업,8932.954676626616
prior_year_province_anchor,전북,2022,4,2022Q4,문화 및 기타서비스업,5357.504707579116
prior_year_province_anchor,전북,2022,4,2022Q4,보건 및 사회복지업,11622.205846927563
prior_year_province_anchor,전북,2022,4,2022Q4,부동산업,8308.006628262556
prior_year_province_anchor,전북,2022,4,2022Q4,사업서비스업,7467.53853577928
prior_year_province_anchor,전북,2022,4,2022Q4,숙박 및 음식점업,4078.0875288502707
prior_year_province_anchor,전북,2022,4,2022Q4,운수 및 창고업,5745.659168064963
prior_year_province_anchor,전북,2022,4,2022Q4,정보통신업,2780.7970198088537
prior_year_province_anchor,전북,2023,1,2023Q1,건설업,7004.07589030614
prior_year_province_anchor,전북,2023,1,2023Q1,"공공 행정, 국방·사회보장",17955.02721866958
prior_year_province_anchor,전북,2023,1,2023Q1,"광업, 제조업",29312.08713873038
prior_year_province_anchor,전북,2023,1,2023Q1,교육 서비스업,10742.45710693539
prior_year_province_anchor,전북,2023,1,2023Q1,금융 및 보험업,7236.93147383641
prior_year_province_anchor,전북,2023,1,2023Q1,도매 및 소매업,8028.532075942991
prior_year_province_anchor,전북,2023,1,2023Q1,문화 및 기타서비스업,5233.965396612163
prior_year_province_anchor,전북,2023,1,2023Q1,보건 및 사회복지업,11250.422248848621
prior_year_province_anchor,전북,2023,1,2023Q1,부동산업,8787.888449692824
prior_year_province_anchor,전북,2023,1,2023Q1,사업서비스업,5714.45653791108
prior_year_province_anchor,전북,2023,1,2023Q1,숙박 및 음식점업,3069.5582507221857
prior_year_province_anchor,전북,2023,1,2023Q1,운수 및 창고업,4737.112623052015
prior_year_province_anchor,전북,2023,1,2023Q1,정보통신업,2623.4208188626317
prior_year_province_anchor,전북,2023,2,2023Q2,건설업,9483.8734607977
prior_year_province_anchor,전북,2023,2,2023Q2,"공공 행정, 국방·사회보장",17268.634154217212
prior_year_province_anchor,전북,2023,2,2023Q2,"광업, 제조업",32386.864729977275
prior_year_province_anchor,전북,2023,2,2023Q2,교육 서비스업,9218.528767717193
prior_year_province_anchor,전북,2023,2,2023Q2,금융 및 보험업,7163.915926054818
prior_year_province_anchor,전북,2023,2,2023Q2,도매 및 소매업,7453.582717248144
prior_year_province_anchor,전북,2023,2,2023Q2,문화 및 기타서비스업,4969.059219028277
prior_year_province_anchor,전북,2023,2,2023Q2,보건 및 사회복지업,11388.56114818957
prior_year_province_anchor,전북,2023,2,2023Q2,부동산업,8797.037250814541
prior_year_province_anchor,전북,2023,2,2023Q2,사업서비스업,6405.425653151661
prior_year_province_anchor,전북,2023,2,2023Q2,숙박 및 음식점업,3496.772434355158
prior_year_province_anchor,전북,2023,2,2023Q2,운수 및 창고업,6032.873595067552
prior_year_province_anchor,전북,2023,2,2023Q2,정보통신업,2587.1345271194195
prior_year_province_anchor,전북,2023,3,2023Q3,건설업,9010.914886396547
prior_year_province_anchor,전북,2023,3,2023Q3,"공공 행정, 국방·사회보장",16076.166110988252
prior_year_province_anchor,전북,2023,3,2023Q3,"광업, 제조업",32701.067697558767
prior_year_province_anchor,전북,2023,3,2023Q3,교육 서비스업,9893.74104263763
prior_year_province_anchor,전북,2023,3,2023Q3,금융 및 보험업,7151.565974225764
prior_year_province_anchor,전북,2023,3,2023Q3,도매 및 소매업,7167.093561363349
prior_year_province_anchor,전북,2023,3,2023Q3,문화 및 기타서비스업,5705.164140243375
prior_year_province_anchor,전북,2023,3,2023Q3,보건 및 사회복지업,11192.958338984212
prior_year_province_anchor,전북,2023,3,2023Q3,부동산업,8686.347985541182
prior_year_province_anchor,전북,2023,3,2023Q3,사업서비스업,6271.173877626182
prior_year_province_anchor,전북,2023,3,2023Q3,숙박 및 음식점업,3687.4876603674757
prior_year_province_anchor,전북,2023,3,2023Q3,운수 및 창고업,6224.346919210192
prior_year_province_anchor,전북,2023,3,2023Q3,정보통신업,2671.5149546396287
prior_year_province_anchor,전북,2023,4,2023Q4,건설업,10085.175779427123
prior_year_province_anchor,전북,2023,4,2023Q4,"공공 행정, 국방·사회보장",16299.804906829198
prior_year_province_anchor,전북,2023,4,2023Q4,"광업, 제조업",33871.06101565827
prior_year_province_anchor,전북,2023,4,2023Q4,교육 서비스업,9780.754557838567
prior_year_province_anchor,전북,2023,4,2023Q4,금융 및 보험업,6726.862988568251
prior_year_province_anchor,전북,2023,4,2023Q4,도매 및 소매업,7823.001422967328
prior_year_province_anchor,전북,2023,4,2023Q4,문화 및 기타서비스업,5078.2326227385065
prior_year_province_anchor,전북,2023,4,2023Q4,보건 및 사회복지업,11894.60793498931
prior_year_province_anchor,전북,2023,4,2023Q4,부동산업,8603.623651241247
prior_year_province_anchor,전북,2023,4,2023Q4,사업서비스업,7511.618272041267
prior_year_province_anchor,전북,2023,4,2023Q4,숙박 및 음식점업,3839.064815540581
prior_year_province_anchor,전북,2023,4,2023Q4,운수 및 창고업,6445.208070358064
prior_year_province_anchor,전북,2023,4,2023Q4,정보통신업,2910.5384074508715
prior_year_province_anchor,전북,2024,1,2024Q1,건설업,7139.8985921893545
prior_year_province_anchor,전북,2024,1,2024Q1,"공공 행정, 국방·사회보장",18115.7026345594
prior_year_province_anchor,전북,2024,1,2024Q1,"광업, 제조업",29742.625662752293
prior_year_province_anchor,전북,2024,1,2024Q1,교육 서비스업,10822.033666159958
prior_year_province_anchor,전북,2024,1,2024Q1,금융 및 보험업,7479.998909930999
prior_year_province_anchor,전북,2024,1,2024Q1,도매 및 소매업,7868.86779258411
prior_year_province_anchor,전북,2024,1,2024Q1,문화 및 기타서비스업,5358.218872973091
prior_year_province_anchor,전북,2024,1,2024Q1,보건 및 사회복지업,11469.113397777723
prior_year_province_anchor,전북,2024,1,2024Q1,부동산업,9044.92012647342
prior_year_province_anchor,전북,2024,1,2024Q1,사업서비스업,5698.451622850277
prior_year_province_anchor,전북,2024,1,2024Q1,숙박 및 음식점업,3039.8039547853055
prior_year_province_anchor,전북,2024,1,2024Q1,운수 및 창고업,5080.472575430054
prior_year_province_anchor,전북,2024,1,2024Q1,정보통신업,2520.749365538645
prior_year_province_anchor,전북,2024,2,2024Q2,건설업,9256.931145801524
prior_year_province_anchor,전북,2024,2,2024Q2,"공공 행정, 국방·사회보장",17617.010311037197
prior_year_province_anchor,전북,2024,2,2024Q2,"광업, 제조업",32037.347261493447
prior_year_province_anchor,전북,2024,2,2024Q2,교육 서비스업,9295.26975505826
prior_year_province_anchor,전북,2024,2,2024Q2,금융 및 보험업,7443.936585737251
prior_year_province_anchor,전북,2024,2,2024Q2,도매 및 소매업,7410.065172478029
prior_year_province_anchor,전북,2024,2,2024Q2,문화 및 기타서비스업,5055.731870803835
prior_year_province_anchor,전북,2024,2,2024Q2,보건 및 사회복지업,11459.724670972215
prior_year_province_anchor,전북,2024,2,2024Q2,부동산업,9189.770173787667
prior_year_province_anchor,전북,2024,2,2024Q2,사업서비스업,6292.305896429356
prior_year_province_anchor,전북,2024,2,2024Q2,숙박 및 음식점업,3428.756300821998
prior_year_province_anchor,전북,2024,2,2024Q2,운수 및 창고업,5881.230893957419
prior_year_province_anchor,전북,2024,2,2024Q2,정보통신업,2418.3484009444514
prior_year_province_anchor,전북,2024,3,2024Q3,건설업,8306.278636692365
prior_year_province_anchor,전북,2024,3,2024Q3,"공공 행정, 국방·사회보장",16205.05414015785
prior_year_province_anchor,전북,2024,3,2024Q3,"광업, 제조업",32001.19097261228
prior_year_province_anchor,전북,2024,3,2024Q3,교육 서비스업,9918.42537715812
prior_year_province_anchor,전북,2024,3,2024Q3,금융 및 보험업,7716.770038891201
prior_year_province_anchor,전북,2024,3,2024Q3,도매 및 소매업,7112.396890611012
prior_year_province_anchor,전북,2024,3,2024Q3,문화 및 기타서비스업,5711.999227663749
prior_year_province_anchor,전북,2024,3,2024Q3,보건 및 사회복지업,11341.658270817059
prior_year_province_anchor,전북,2024,3,2024Q3,부동산업,8994.813228617237
prior_year_province_anchor,전북,2024,3,2024Q3,사업서비스업,6128.757512832063
prior_year_province_anchor,전북,2024,3,2024Q3,숙박 및 음식점업,3534.199412874971
prior_year_province_anchor,전북,2024,3,2024Q3,운수 및 창고업,6123.843478488147
prior_year_province_anchor,전북,2024,3,2024Q3,정보통신업,2498.376029570459
prior_year_province_anchor,전북,2024,4,2024Q4,건설업,9270.90676088635
prior_year_province_anchor,전북,2024,4,2024Q4,"공공 행정, 국방·사회보장",16486.22976160564
prior_year_province_anchor,전북,2024,4,2024Q4,"광업, 제조업",32796.59773115436
prior_year_province_anchor,전북,2024,4,2024Q4,교육 서비스업,9827.528313639303
prior_year_province_anchor,전북,2024,4,2024Q4,금융 및 보험업,7407.163057000124
prior_year_province_anchor,전북,2024,4,2024Q4,도매 및 소매업,7785.281704490125
prior_year_province_anchor,전북,2024,4,2024Q4,문화 및 기타서비스업,5049.318582620336
prior_year_province_anchor,전북,2024,4,2024Q4,보건 및 사회복지업,12235.299840872378
prior_year_province_anchor,전북,2024,4,2024Q4,부동산업,8894.172651111267
prior_year_province_anchor,전북,2024,4,2024Q4,사업서비스업,7103.934154494637
prior_year_province_anchor,전북,2024,4,2024Q4,숙박 및 음식점업,3629.1220903587778
prior_year_province_anchor,전북,2024,4,2024Q4,운수 및 창고업,6198.90114059568
prior_year_province_anchor,전북,2024,4,2024Q4,정보통신업,2726.5151727181014
prior_year_province_anchor,전북,2025,1,2025Q1,건설업,6630.471966157644
prior_year_province_anchor,전북,2025,1,2025Q1,"공공 행정, 국방·사회보장",18412.99822161997
prior_year_province_anchor,전북,2025,1,2025Q1,"광업, 제조업",28899.217232937262
prior_year_province_anchor,전북,2025,1,2025Q1,교육 서비스업,10712.85769489091
prior_year_province_anchor,전북,2025,1,2025Q1,금융 및 보험업,7702.680070051007
prior_year_province_anchor,전북,2025,1,2025Q1,도매 및 소매업,7679.53770967386
prior_year_province_anchor,전북,2025,1,2025Q1,문화 및 기타서비스업,5279.07003301697
prior_year_province_anchor,전북,2025,1,2025Q1,보건 및 사회복지업,11836.926829445476
prior_year_province_anchor,전북,2025,1,2025Q1,부동산업,9088.80216908791
prior_year_province_anchor,전북,2025,1,2025Q1,사업서비스업,5750.665000112018
prior_year_province_anchor,전북,2025,1,2025Q1,숙박 및 음식점업,2981.1196171114852
prior_year_province_anchor,전북,2025,1,2025Q1,운수 및 창고업,5383.946969782124
prior_year_province_anchor,전북,2025,1,2025Q1,정보통신업,2477.610421462583
prior_year_province_anchor,전북,2025,2,2025Q2,건설업,8782.397192034707
prior_year_province_anchor,전북,2025,2,2025Q2,"공공 행정, 국방·사회보장",17842.473839867915
prior_year_province_anchor,전북,2025,2,2025Q2,"광업, 제조업",31724.41871672643
prior_year_province_anchor,전북,2025,2,2025Q2,교육 서비스업,9164.942423790048
prior_year_province_anchor,전북,2025,2,2025Q2,금융 및 보험업,7592.863120284432
prior_year_province_anchor,전북,2025,2,2025Q2,도매 및 소매업,7301.4949133591645
prior_year_province_anchor,전북,2025,2,2025Q2,문화 및 기타서비스업,4981.736365101735
prior_year_province_anchor,전북,2025,2,2025Q2,보건 및 사회복지업,12007.637536717559
prior_year_province_anchor,전북,2025,2,2025Q2,부동산업,9224.431678322622
prior_year_province_anchor,전북,2025,2,2025Q2,사업서비스업,6381.206734931019
prior_year_province_anchor,전북,2025,2,2025Q2,숙박 및 음식점업,3416.1617430163587
prior_year_province_anchor,전북,2025,2,2025Q2,운수 및 창고업,6202.093038289237
prior_year_province_anchor,전북,2025,2,2025Q2,정보통신업,2425.064988206183
prior_year_province_anchor,전북,2025,3,2025Q3,건설업,8193.686314760602
prior_year_province_anchor,전북,2025,3,2025Q3,"공공 행정, 국방·사회보장",16428.004225855497
prior_year_province_anchor,전북,2025,3,2025Q3,"광업, 제조업",32066.77879207913
prior_year_province_anchor,전북,2025,3,2025Q3,교육 서비스업,9904.918381462392
prior_year_province_anchor,전북,2025,3,2025Q3,금융 및 보험업,7803.610566292629
prior_year_province_anchor,전북,2025,3,2025Q3,도매 및 소매업,7291.828999798811
prior_year_province_anchor,전북,2025,3,2025Q3,문화 및 기타서비스업,5836.5878376167875
prior_year_province_anchor,전북,2025,3,2025Q3,보건 및 사회복지업,11738.82301784372
prior_year_province_anchor,전북,2025,3,2025Q3,부동산업,9138.64757857452
prior_year_province_anchor,전북,2025,3,2025Q3,사업서비스업,6405.277165208137
prior_year_province_anchor,전북,2025,3,2025Q3,숙박 및 음식점업,3646.004001589777
prior_year_province_anchor,전북,2025,3,2025Q3,운수 및 창고업,6393.505587805974
prior_year_province_anchor,전북,2025,3,2025Q3,정보통신업,2482.4387223455933
prior_year_province_anchor,전북,2025,4,2025Q4,건설업,9067.166057887001
prior_year_province_anchor,전북,2025,4,2025Q4,"공공 행정, 국방·사회보장",16830.998466389814
prior_year_province_anchor,전북,2025,4,2025Q4,"광업, 제조업",32357.461799597113
prior_year_province_anchor,전북,2025,4,2025Q4,교육 서비스업,9799.697845304257
prior_year_province_anchor,전북,2025,4,2025Q4,금융 및 보험업,7680.982133575844
prior_year_province_anchor,전북,2025,4,2025Q4,도매 및 소매업,7948.302302720189
prior_year_province_anchor,전북,2025,4,2025Q4,문화 및 기타서비스업,4985.411425727336
prior_year_province_anchor,전북,2025,4,2025Q4,보건 및 사회복지업,12924.583852044272
prior_year_province_anchor,전북,2025,4,2025Q4,부동산업,9132.589929929816
prior_year_province_anchor,전북,2025,4,2025Q4,사업서비스업,7370.892773560749
prior_year_province_anchor,전북,2025,4,2025Q4,숙박 및 음식점업,3701.660320753228
prior_year_province_anchor,전북,2025,4,2025Q4,운수 및 창고업,6400.756566033493
prior_year_province_anchor,전북,2025,4,2025Q4,정보통신업,2707.2861870268134
prior_year_province_anchor,제주,2021,1,2021Q1,건설업,2939.2922530378446
prior_year_province_anchor,제주,2021,1,2021Q1,"공공 행정, 국방·사회보장",6927.835180241744
prior_year_province_anchor,제주,2021,1,2021Q1,"광업, 제조업",1845.1863024295749
prior_year_province_anchor,제주,2021,1,2021Q1,교육 서비스업,3422.8464308639846
prior_year_province_anchor,제주,2021,1,2021Q1,금융 및 보험업,2910.5098545164437
prior_year_province_anchor,제주,2021,1,2021Q1,도매 및 소매업,3974.601514663027
prior_year_province_anchor,제주,2021,1,2021Q1,문화 및 기타서비스업,2230.594176444781
prior_year_province_anchor,제주,2021,1,2021Q1,보건 및 사회복지업,3326.9253313516438
prior_year_province_anchor,제주,2021,1,2021Q1,부동산업,5950.081669078205
prior_year_province_anchor,제주,2021,1,2021Q1,사업서비스업,2997.0734034541592
prior_year_province_anchor,제주,2021,1,2021Q1,숙박 및 음식점업,2616.451951409545
prior_year_province_anchor,제주,2021,1,2021Q1,운수 및 창고업,2183.708181803078
prior_year_province_anchor,제주,2021,1,2021Q1,정보통신업,2643.448930618682
prior_year_province_anchor,제주,2021,2,2021Q2,건설업,4098.675856726876
prior_year_province_anchor,제주,2021,2,2021Q2,"공공 행정, 국방·사회보장",6720.703311176882
prior_year_province_anchor,제주,2021,2,2021Q2,"광업, 제조업",1981.2438847457558
prior_year_province_anchor,제주,2021,2,2021Q2,교육 서비스업,2963.2571051391783
prior_year_province_anchor,제주,2021,2,2021Q2,금융 및 보험업,2904.285204140861
prior_year_province_anchor,제주,2021,2,2021Q2,도매 및 소매업,4030.4629826178993
prior_year_province_anchor,제주,2021,2,2021Q2,문화 및 기타서비스업,2233.0246950545816
prior_year_province_anchor,제주,2021,2,2021Q2,보건 및 사회복지업,3478.4330615063063
prior_year_province_anchor,제주,2021,2,2021Q2,부동산업,6010.344504546155
prior_year_province_anchor,제주,2021,2,2021Q2,사업서비스업,3340.322043051324
prior_year_province_anchor,제주,2021,2,2021Q2,숙박 및 음식점업,3333.759170352558
prior_year_province_anchor,제주,2021,2,2021Q2,운수 및 창고업,2459.327100959002
prior_year_province_anchor,제주,2021,2,2021Q2,정보통신업,2723.5485901353727
prior_year_province_anchor,제주,2021,3,2021Q3,건설업,3751.4030717724672
prior_year_province_anchor,제주,2021,3,2021Q3,"공공 행정, 국방·사회보장",6238.588800591148
prior_year_province_anchor,제주,2021,3,2021Q3,"광업, 제조업",1968.7845302166368
prior_year_province_anchor,제주,2021,3,2021Q3,교육 서비스업,3226.01418421814
prior_year_province_anchor,제주,2021,3,2021Q3,금융 및 보험업,2988.5638862012916
prior_year_province_anchor,제주,2021,3,2021Q3,도매 및 소매업,3902.422880844157
prior_year_province_anchor,제주,2021,3,2021Q3,문화 및 기타서비스업,2424.587399335376
prior_year_province_anchor,제주,2021,3,2021Q3,보건 및 사회복지업,3488.323905315479
prior_year_province_anchor,제주,2021,3,2021Q3,부동산업,5810.649751864674
prior_year_province_anchor,제주,2021,3,2021Q3,사업서비스업,3326.6535065766598
prior_year_province_anchor,제주,2021,3,2021Q3,숙박 및 음식점업,3475.6525289624724
prior_year_province_anchor,제주,2021,3,2021Q3,운수 및 창고업,2490.2550172313117
prior_year_province_anchor,제주,2021,3,2021Q3,정보통신업,2760.135210428291
prior_year_province_anchor,제주,2021,4,2021Q4,건설업,4410.001934209373
prior_year_province_anchor,제주,2021,4,2021Q4,"공공 행정, 국방·사회보장",6362.152558455455
prior_year_province_anchor,제주,2021,4,2021Q4,"광업, 제조업",2053.155508535124
prior_year_province_anchor,제주,2021,4,2021Q4,교육 서비스업,3193.2387969801875
prior_year_province_anchor,제주,2021,4,2021Q4,금융 및 보험업,2936.519865013315
prior_year_province_anchor,제주,2021,4,2021Q4,도매 및 소매업,4377.2663497081085
prior_year_province_anchor,제주,2021,4,2021Q4,문화 및 기타서비스업,2387.216463155412
prior_year_province_anchor,제주,2021,4,2021Q4,보건 및 사회복지업,3686.497287454332
prior_year_province_anchor,제주,2021,4,2021Q4,부동산업,5700.751065085375
prior_year_province_anchor,제주,2021,4,2021Q4,사업서비스업,3922.3352364443913
prior_year_province_anchor,제주,2021,4,2021Q4,숙박 및 음식점업,3982.3611035889526
prior_year_province_anchor,제주,2021,4,2021Q4,운수 및 창고업,2609.289996636996
prior_year_province_anchor,제주,2021,4,2021Q4,정보통신업,3078.4967720202967
prior_year_province_anchor,제주,2022,1,2022Q1,건설업,2474.239773444131
prior_year_province_anchor,제주,2022,1,2022Q1,"공공 행정, 국방·사회보장",7140.004266592297
prior_year_province_anchor,제주,2022,1,2022Q1,"광업, 제조업",1942.100761181663
prior_year_province_anchor,제주,2022,1,2022Q1,교육 서비스업,3640.5042346548444
prior_year_province_anchor,제주,2022,1,2022Q1,금융 및 보험업,2957.464805902133
prior_year_province_anchor,제주,2022,1,2022Q1,도매 및 소매업,4186.585732546185
prior_year_province_anchor,제주,2022,1,2022Q1,문화 및 기타서비스업,2397.4955824019476
prior_year_province_anchor,제주,2022,1,2022Q1,보건 및 사회복지업,3582.263197401339
prior_year_province_anchor,제주,2022,1,2022Q1,부동산업,6032.975708229368
prior_year_province_anchor,제주,2022,1,2022Q1,사업서비스업,3199.2628480982144
prior_year_province_anchor,제주,2022,1,2022Q1,숙박 및 음식점업,3080.796477464678
prior_year_province_anchor,제주,2022,1,2022Q1,운수 및 창고업,2361.5659231750064
prior_year_province_anchor,제주,2022,1,2022Q1,정보통신업,2343.656821191822
prior_year_province_anchor,제주,2022,2,2022Q2,건설업,3419.967072240387
prior_year_province_anchor,제주,2022,2,2022Q2,"공공 행정, 국방·사회보장",6886.785115296544
prior_year_province_anchor,제주,2022,2,2022Q2,"광업, 제조업",2074.3616803173804
prior_year_province_anchor,제주,2022,2,2022Q2,교육 서비스업,3133.380988330247
prior_year_province_anchor,제주,2022,2,2022Q2,금융 및 보험업,2909.9525880600972
prior_year_province_anchor,제주,2022,2,2022Q2,도매 및 소매업,4220.231150110569
prior_year_province_anchor,제주,2022,2,2022Q2,문화 및 기타서비스업,2446.200313126561
prior_year_province_anchor,제주,2022,2,2022Q2,보건 및 사회복지업,3688.673214916707
prior_year_province_anchor,제주,2022,2,2022Q2,부동산업,6003.915733898837
prior_year_province_anchor,제주,2022,2,2022Q2,사업서비스업,3575.0856622847164
prior_year_province_anchor,제주,2022,2,2022Q2,숙박 및 음식점업,4181.627557651866
prior_year_province_anchor,제주,2022,2,2022Q2,운수 및 창고업,2746.4603471214828
prior_year_province_anchor,제주,2022,2,2022Q2,정보통신업,2438.1654697510576
prior_year_province_anchor,제주,2022,3,2022Q3,건설업,3226.7804863002875
prior_year_province_anchor,제주,2022,3,2022Q3,"공공 행정, 국방·사회보장",6407.410227944074
prior_year_province_anchor,제주,2022,3,2022Q3,"광업, 제조업",2068.8813660556007
prior_year_province_anchor,제주,2022,3,2022Q3,교육 서비스업,3381.513566590194
prior_year_province_anchor,제주,2022,3,2022Q3,금융 및 보험업,2887.869012532923
prior_year_province_anchor,제주,2022,3,2022Q3,도매 및 소매업,4130.882935765096
prior_year_province_anchor,제주,2022,3,2022Q3,문화 및 기타서비스업,2784.961587202155
prior_year_province_anchor,제주,2022,3,2022Q3,보건 및 사회복지업,3585.7468973652967
prior_year_province_anchor,제주,2022,3,2022Q3,부동산업,5885.89843099217
prior_year_province_anchor,제주,2022,3,2022Q3,사업서비스업,3471.49983152756
prior_year_province_anchor,제주,2022,3,2022Q3,숙박 및 음식점업,4504.07369664255
prior_year_province_anchor,제주,2022,3,2022Q3,운수 및 창고업,2898.633047931943
prior_year_province_anchor,제주,2022,3,2022Q3,정보통신업,2440.4732329093054
prior_year_province_anchor,제주,2022,4,2022Q4,건설업,3799.01098932949
prior_year_province_anchor,제주,2022,4,2022Q4,"공공 행정, 국방·사회보장",6544.613229899364
prior_year_province_anchor,제주,2022,4,2022Q4,"광업, 제조업",2030.7220604304093
prior_year_province_anchor,제주,2022,4,2022Q4,교육 서비스업,3357.5156686992846
prior_year_province_anchor,제주,2022,4,2022Q4,금융 및 보험업,2878.3761954723573
prior_year_province_anchor,제주,2022,4,2022Q4,도매 및 소매업,4599.4722939430285
prior_year_province_anchor,제주,2022,4,2022Q4,문화 및 기타서비스업,2636.7487060319454
prior_year_province_anchor,제주,2022,4,2022Q4,보건 및 사회복지업,3791.919999518573
prior_year_province_anchor,제주,2022,4,2022Q4,부동산업,5831.061782435556
prior_year_province_anchor,제주,2022,4,2022Q4,사업서비스업,4168.655256621311
prior_year_province_anchor,제주,2022,4,2022Q4,숙박 및 음식점업,4656.008474260339
prior_year_province_anchor,제주,2022,4,2022Q4,운수 및 창고업,3058.301600505742
prior_year_province_anchor,제주,2022,4,2022Q4,정보통신업,2636.051628360016
prior_year_province_anchor,제주,2023,1,2023Q1,건설업,2536.6601071459004
prior_year_province_anchor,제주,2023,1,2023Q1,"공공 행정, 국방·사회보장",7529.224324799869
prior_year_province_anchor,제주,2023,1,2023Q1,"광업, 제조업",1813.24488992969
prior_year_province_anchor,제주,2023,1,2023Q1,교육 서비스업,3669.8237448755604
prior_year_province_anchor,제주,2023,1,2023Q1,금융 및 보험업,3048.644030593873
prior_year_province_anchor,제주,2023,1,2023Q1,도매 및 소매업,4705.121094668143
prior_year_province_anchor,제주,2023,1,2023Q1,문화 및 기타서비스업,2645.0333864348486
prior_year_province_anchor,제주,2023,1,2023Q1,보건 및 사회복지업,3653.1766577842873
prior_year_province_anchor,제주,2023,1,2023Q1,부동산업,6163.29110532597
prior_year_province_anchor,제주,2023,1,2023Q1,사업서비스업,3038.901421412886
prior_year_province_anchor,제주,2023,1,2023Q1,숙박 및 음식점업,3605.257594776529
prior_year_province_anchor,제주,2023,1,2023Q1,운수 및 창고업,2887.7478196085735
prior_year_province_anchor,제주,2023,1,2023Q1,정보통신업,2242.7756222415815
prior_year_province_anchor,제주,2023,2,2023Q2,건설업,3434.7662483956524
prior_year_province_anchor,제주,2023,2,2023Q2,"공공 행정, 국방·사회보장",7241.393663542223
prior_year_province_anchor,제주,2023,2,2023Q2,"광업, 제조업",2003.450545658381
prior_year_province_anchor,제주,2023,2,2023Q2,교육 서비스업,3149.2213957964905
prior_year_province_anchor,제주,2023,2,2023Q2,금융 및 보험업,3017.8853568811746
prior_year_province_anchor,제주,2023,2,2023Q2,도매 및 소매업,4368.17203220291
prior_year_province_anchor,제주,2023,2,2023Q2,문화 및 기타서비스업,2511.160570914181
prior_year_province_anchor,제주,2023,2,2023Q2,보건 및 사회복지업,3698.0323788800906
prior_year_province_anchor,제주,2023,2,2023Q2,부동산업,6169.707518654459
prior_year_province_anchor,제주,2023,2,2023Q2,사업서비스업,3406.353166390998
prior_year_province_anchor,제주,2023,2,2023Q2,숙박 및 음식점업,4107.029203045132
prior_year_province_anchor,제주,2023,2,2023Q2,운수 및 창고업,3677.6447926007368
prior_year_province_anchor,제주,2023,2,2023Q2,정보통신업,2211.7542893474924
prior_year_province_anchor,제주,2023,3,2023Q3,건설업,3263.475250581583
prior_year_province_anchor,제주,2023,3,2023Q3,"공공 행정, 국방·사회보장",6741.346557610224
prior_year_province_anchor,제주,2023,3,2023Q3,"광업, 제조업",2022.8871324381432
prior_year_province_anchor,제주,2023,3,2023Q3,교육 서비스업,3379.8865047811664
prior_year_province_anchor,제주,2023,3,2023Q3,금융 및 보험업,3012.682791808135
prior_year_province_anchor,제주,2023,3,2023Q3,도매 및 소매업,4200.275066979801
prior_year_province_anchor,제주,2023,3,2023Q3,문화 및 기타서비스업,2883.1580804493406
prior_year_province_anchor,제주,2023,3,2023Q3,보건 및 사회복지업,3634.517285759103
prior_year_province_anchor,제주,2023,3,2023Q3,부동산업,6092.07679222686
prior_year_province_anchor,제주,2023,3,2023Q3,사업서비스업,3334.959166145313
prior_year_province_anchor,제주,2023,3,2023Q3,숙박 및 음식점업,4331.028052670696
prior_year_province_anchor,제주,2023,3,2023Q3,운수 및 창고업,3794.3670912464204
prior_year_province_anchor,제주,2023,3,2023Q3,정보통신업,2283.891540251331
prior_year_province_anchor,제주,2023,4,2023Q4,건설업,3652.5393890483188
prior_year_province_anchor,제주,2023,4,2023Q4,"공공 행정, 국방·사회보장",6835.1267920319115
prior_year_province_anchor,제주,2023,4,2023Q4,"광업, 제조업",2095.262886346594
prior_year_province_anchor,제주,2023,4,2023Q4,교육 서비스업,3341.288213846598
prior_year_province_anchor,제주,2023,4,2023Q4,금융 및 보험업,2833.7715741627653
prior_year_province_anchor,제주,2023,4,2023Q4,도매 및 소매업,4584.669858779778
prior_year_province_anchor,제주,2023,4,2023Q4,문화 및 기타서비스업,2566.3323719947152
prior_year_province_anchor,제주,2023,4,2023Q4,보건 및 사회복지업,3862.3531722150024
prior_year_province_anchor,제주,2023,4,2023Q4,부동산업,6034.058969549261
prior_year_province_anchor,제주,2023,4,2023Q4,사업서비스업,3994.617387073811
prior_year_province_anchor,제주,2023,4,2023Q4,숙박 및 음식점업,4509.058454847911
prior_year_province_anchor,제주,2023,4,2023Q4,운수 및 창고업,3929.0042338298263
prior_year_province_anchor,제주,2023,4,2023Q4,정보통신업,2488.233889467527
prior_year_province_anchor,제주,2024,1,2024Q1,건설업,2967.5756796766545
prior_year_province_anchor,제주,2024,1,2024Q1,"공공 행정, 국방·사회보장",7790.096735679711
prior_year_province_anchor,제주,2024,1,2024Q1,"광업, 제조업",1890.1004378677014
prior_year_province_anchor,제주,2024,1,2024Q1,교육 서비스업,3701.1629206370953
prior_year_province_anchor,제주,2024,1,2024Q1,금융 및 보험업,3081.154536451383
prior_year_province_anchor,제주,2024,1,2024Q1,도매 및 소매업,4423.040286091615
prior_year_province_anchor,제주,2024,1,2024Q1,문화 및 기타서비스업,2965.7622714073336
prior_year_province_anchor,제주,2024,1,2024Q1,보건 및 사회복지업,3704.6028380850685
prior_year_province_anchor,제주,2024,1,2024Q1,부동산업,6232.838626715067
prior_year_province_anchor,제주,2024,1,2024Q1,사업서비스업,3141.726150713228
prior_year_province_anchor,제주,2024,1,2024Q1,숙박 및 음식점업,3447.9307442915933
prior_year_province_anchor,제주,2024,1,2024Q1,운수 및 창고업,3834.173298109053
prior_year_province_anchor,제주,2024,1,2024Q1,정보통신업,1848.9921954552904
prior_year_province_anchor,제주,2024,2,2024Q2,건설업,3847.4837397233177
prior_year_province_anchor,제주,2024,2,2024Q2,"공공 행정, 국방·사회보장",7575.6495502767175
prior_year_province_anchor,제주,2024,2,2024Q2,"광업, 제조업",2035.9266452693169
prior_year_province_anchor,제주,2024,2,2024Q2,교육 서비스업,3179.00579650928
prior_year_province_anchor,제주,2024,2,2024Q2,금융 및 보험업,3066.2997757592357
prior_year_province_anchor,제주,2024,2,2024Q2,도매 및 소매업,4165.150266131429
prior_year_province_anchor,제주,2024,2,2024Q2,문화 및 기타서비스업,2798.3363860726204
prior_year_province_anchor,제주,2024,2,2024Q2,보건 및 사회복지업,3701.5702144843262
prior_year_province_anchor,제주,2024,2,2024Q2,부동산업,6332.654540770434
prior_year_province_anchor,제주,2024,2,2024Q2,사업서비스업,3469.135704132055
prior_year_province_anchor,제주,2024,2,2024Q2,숙박 및 음식점업,3889.104179128766
prior_year_province_anchor,제주,2024,2,2024Q2,운수 및 창고업,4438.496245935699
prior_year_province_anchor,제주,2024,2,2024Q2,정보통신업,1773.880172447283
prior_year_province_anchor,제주,2024,3,2024Q3,건설업,3452.361423988737
prior_year_province_anchor,제주,2024,3,2024Q3,"공공 행정, 국방·사회보장",6968.48153810662
prior_year_province_anchor,제주,2024,3,2024Q3,"광업, 제조업",2033.6289658976013
prior_year_province_anchor,제주,2024,3,2024Q3,교육 서비스업,3392.126597409629
prior_year_province_anchor,제주,2024,3,2024Q3,금융 및 보험업,3178.685090517089
prior_year_province_anchor,제주,2024,3,2024Q3,도매 및 소매업,3997.832827677284
prior_year_province_anchor,제주,2024,3,2024Q3,문화 및 기타서비스업,3161.5789136872854
prior_year_province_anchor,제주,2024,3,2024Q3,보건 및 사회복지업,3663.43395181715
prior_year_province_anchor,제주,2024,3,2024Q3,부동산업,6198.310051110646
prior_year_province_anchor,제주,2024,3,2024Q3,사업서비스업,3378.966607742063
prior_year_province_anchor,제주,2024,3,2024Q3,숙박 및 음식점업,4008.7041774276386
prior_year_province_anchor,제주,2024,3,2024Q3,운수 및 창고업,4621.593129066538
prior_year_province_anchor,제주,2024,3,2024Q3,정보통신업,1832.5811535020432
prior_year_province_anchor,제주,2024,4,2024Q4,건설업,3853.2924630404277
prior_year_province_anchor,제주,2024,4,2024Q4,"공공 행정, 국방·사회보장",7089.3924039437825
prior_year_province_anchor,제주,2024,4,2024Q4,"광업, 제조업",2084.175904142064
prior_year_province_anchor,제주,2024,4,2024Q4,교육 서비스업,3361.0395714892948
prior_year_province_anchor,제주,2024,4,2024Q4,금융 및 보험업,3051.1520563204954
prior_year_province_anchor,제주,2024,4,2024Q4,도매 및 소매업,4376.0570802808725
prior_year_province_anchor,제주,2024,4,2024Q4,문화 및 기타서비스업,2794.7866452760622
prior_year_province_anchor,제주,2024,4,2024Q4,보건 및 사회복지업,3952.086350815942
prior_year_province_anchor,제주,2024,4,2024Q4,부동산업,6128.95880531488
prior_year_province_anchor,제주,2024,4,2024Q4,사업서비스업,3916.6105432263444
prior_year_province_anchor,제주,2024,4,2024Q4,숙박 및 음식점업,4116.371258231213
prior_year_province_anchor,제주,2024,4,2024Q4,운수 및 창고업,4678.238269769188
prior_year_province_anchor,제주,2024,4,2024Q4,정보통신업,1999.9232545949499
prior_year_province_anchor,제주,2025,1,2025Q1,건설업,2160.766152466508
prior_year_province_anchor,제주,2025,1,2025Q1,"공공 행정, 국방·사회보장",7989.313810297485
prior_year_province_anchor,제주,2025,1,2025Q1,"광업, 제조업",1762.8866320830873
prior_year_province_anchor,제주,2025,1,2025Q1,교육 서비스업,3661.3730231522018
prior_year_province_anchor,제주,2025,1,2025Q1,금융 및 보험업,3184.855870094607
prior_year_province_anchor,제주,2025,1,2025Q1,도매 및 소매업,4415.213943506316
prior_year_province_anchor,제주,2025,1,2025Q1,문화 및 기타서비스업,3093.215489780703
prior_year_province_anchor,제주,2025,1,2025Q1,보건 및 사회복지업,3911.086073047348
prior_year_province_anchor,제주,2025,1,2025Q1,부동산업,6306.063281003833
prior_year_province_anchor,제주,2025,1,2025Q1,사업서비스업,3251.0320418509646
prior_year_province_anchor,제주,2025,1,2025Q1,숙박 및 음식점업,3311.440560230214
prior_year_province_anchor,제주,2025,1,2025Q1,운수 및 창고업,3738.775485372203
prior_year_province_anchor,제주,2025,1,2025Q1,정보통신업,2087.137208759956
prior_year_province_anchor,제주,2025,2,2025Q2,건설업,2862.0446156659486
prior_year_province_anchor,제주,2025,2,2025Q2,"공공 행정, 국방·사회보장",7741.765949412386
prior_year_province_anchor,제주,2025,2,2025Q2,"광업, 제조업",1935.2272836851248
prior_year_province_anchor,제주,2025,2,2025Q2,교육 서비스업,3132.336292043851
prior_year_province_anchor,제주,2025,2,2025Q2,금융 및 보험업,3139.4494461072163
prior_year_province_anchor,제주,2025,2,2025Q2,도매 및 소매업,4197.8649456065905
prior_year_province_anchor,제주,2025,2,2025Q2,문화 및 기타서비스업,2918.9959584093604
prior_year_province_anchor,제주,2025,2,2025Q2,보건 및 사회복지업,3967.4912768094446
prior_year_province_anchor,제주,2025,2,2025Q2,부동산업,6400.1668000477985
prior_year_province_anchor,제주,2025,2,2025Q2,사업서비스업,3607.497143466332
prior_year_province_anchor,제주,2025,2,2025Q2,숙박 및 음식점업,3794.687234688062
prior_year_province_anchor,제주,2025,2,2025Q2,운수 및 창고업,4306.920840732533
prior_year_province_anchor,제주,2025,2,2025Q2,정보통신업,2042.872974177384
prior_year_province_anchor,제주,2025,3,2025Q3,건설업,2670.1930335017437
prior_year_province_anchor,제주,2025,3,2025Q3,"공공 행정, 국방·사회보장",7128.034199402944
prior_year_province_anchor,제주,2025,3,2025Q3,"광업, 제조업",1956.1116555812036
prior_year_province_anchor,제주,2025,3,2025Q3,교육 서비스업,3385.2406137819107
prior_year_province_anchor,제주,2025,3,2025Q3,금융 및 보험업,3226.587978984411
prior_year_province_anchor,제주,2025,3,2025Q3,도매 및 소매업,4192.307700113202
prior_year_province_anchor,제주,2025,3,2025Q3,문화 및 기타서비스업,3419.8871759358367
prior_year_province_anchor,제주,2025,3,2025Q3,보건 및 사회복지업,3878.6712024650597
prior_year_province_anchor,제주,2025,3,2025Q3,부동산업,6340.647409983907
prior_year_province_anchor,제주,2025,3,2025Q3,사업서비스업,3621.10491580058
prior_year_province_anchor,제주,2025,3,2025Q3,숙박 및 음식점업,4049.9970092862395
prior_year_province_anchor,제주,2025,3,2025Q3,운수 및 창고업,4439.843499841624
prior_year_province_anchor,제주,2025,3,2025Q3,정보통신업,2091.204565895979
prior_year_province_anchor,제주,2025,4,2025Q4,건설업,2954.846294000544
prior_year_province_anchor,제주,2025,4,2025Q4,"공공 행정, 국방·사회보장",7302.891515556419
prior_year_province_anchor,제주,2025,4,2025Q4,"광업, 제조업",1973.8436648600955
prior_year_province_anchor,제주,2025,4,2025Q4,교육 서비스업,3349.279001713197
prior_year_province_anchor,제주,2025,4,2025Q4,금융 및 보험업,3175.8843433372454
prior_year_province_anchor,제주,2025,4,2025Q4,도매 및 소매업,4569.735377425982
prior_year_province_anchor,제주,2025,4,2025Q4,문화 및 기타서비스업,2921.149321479351
prior_year_province_anchor,제주,2025,4,2025Q4,보건 및 사회복지업,4270.463155852005
prior_year_province_anchor,제주,2025,4,2025Q4,부동산업,6336.444445173262
prior_year_province_anchor,제주,2025,4,2025Q4,사업서비스업,4166.99783128159
prior_year_province_anchor,제주,2025,4,2025Q4,숙박 및 음식점업,4111.820289255644
prior_year_province_anchor,제주,2025,4,2025Q4,운수 및 창고업,4444.878798256369
prior_year_province_anchor,제주,2025,4,2025Q4,정보통신업,2280.615905857362
prior_year_province_anchor,충남,2021,1,2021Q1,건설업,12436.945567494198
prior_year_province_anchor,충남,2021,1,2021Q1,"공공 행정, 국방·사회보장",19324.68185084058
prior_year_province_anchor,충남,2021,1,2021Q1,"광업, 제조업",145946.88970231477
prior_year_province_anchor,충남,2021,1,2021Q1,교육 서비스업,12011.714319768935
prior_year_province_anchor,충남,2021,1,2021Q1,금융 및 보험업,6889.58755024283
prior_year_province_anchor,충남,2021,1,2021Q1,도매 및 소매업,10501.628164076805
prior_year_province_anchor,충남,2021,1,2021Q1,문화 및 기타서비스업,5963.7315679210715
prior_year_province_anchor,충남,2021,1,2021Q1,보건 및 사회복지업,9720.584265720892
prior_year_province_anchor,충남,2021,1,2021Q1,부동산업,11628.364290870402
prior_year_province_anchor,충남,2021,1,2021Q1,사업서비스업,9224.721977088953
prior_year_province_anchor,충남,2021,1,2021Q1,숙박 및 음식점업,3541.7766472021985
prior_year_province_anchor,충남,2021,1,2021Q1,운수 및 창고업,7174.894555482067
prior_year_province_anchor,충남,2021,1,2021Q1,정보통신업,2775.9488312641456
prior_year_province_anchor,충남,2021,2,2021Q2,건설업,17342.613166904594
prior_year_province_anchor,충남,2021,2,2021Q2,"공공 행정, 국방·사회보장",18746.90288140662
prior_year_province_anchor,충남,2021,2,2021Q2,"광업, 제조업",156708.50273473168
prior_year_province_anchor,충남,2021,2,2021Q2,교육 서비스업,10398.88832931743
prior_year_province_anchor,충남,2021,2,2021Q2,금융 및 보험업,6874.85292439517
prior_year_province_anchor,충남,2021,2,2021Q2,도매 및 소매업,10649.224435803004
prior_year_province_anchor,충남,2021,2,2021Q2,문화 및 기타서비스업,5970.229818796446
prior_year_province_anchor,충남,2021,2,2021Q2,보건 및 사회복지업,10163.258360025906
prior_year_province_anchor,충남,2021,2,2021Q2,부동산업,11746.137162403216
prior_year_province_anchor,충남,2021,2,2021Q2,사업서비스업,10281.210371950612
prior_year_province_anchor,충남,2021,2,2021Q2,숙박 및 음식점업,4512.764077547812
prior_year_province_anchor,충남,2021,2,2021Q2,운수 및 창고업,8080.481070621122
prior_year_province_anchor,충남,2021,2,2021Q2,정보통신업,2860.0633960074015
prior_year_province_anchor,충남,2021,3,2021Q3,건설업,15873.207489709252
prior_year_province_anchor,충남,2021,3,2021Q3,"공공 행정, 국방·사회보장",17402.08025062083
prior_year_province_anchor,충남,2021,3,2021Q3,"광업, 제조업",155723.01739982047
prior_year_province_anchor,충남,2021,3,2021Q3,교육 서비스업,11320.975555006007
prior_year_province_anchor,충남,2021,3,2021Q3,금융 및 보험업,7074.3524580502035
prior_year_province_anchor,충남,2021,3,2021Q3,도매 및 소매업,10310.91893927516
prior_year_province_anchor,충남,2021,3,2021Q3,문화 및 기타서비스업,6482.3931512483205
prior_year_province_anchor,충남,2021,3,2021Q3,보건 및 사회복지업,10192.157349672629
prior_year_province_anchor,충남,2021,3,2021Q3,부동산업,11355.869690408117
prior_year_province_anchor,충남,2021,3,2021Q3,사업서비스업,10239.139847862962
prior_year_province_anchor,충남,2021,3,2021Q3,숙박 및 음식점업,4704.838915248135
prior_year_province_anchor,충남,2021,3,2021Q3,운수 및 창고업,8182.099290456417
prior_year_province_anchor,충남,2021,3,2021Q3,정보통신업,2898.4838794393477
prior_year_province_anchor,충남,2021,4,2021Q4,건설업,18659.918540465027
prior_year_province_anchor,충남,2021,4,2021Q4,"공공 행정, 국방·사회보장",17746.752178704824
prior_year_province_anchor,충남,2021,4,2021Q4,"광업, 제조업",162396.4258521329
prior_year_province_anchor,충남,2021,4,2021Q4,교육 서비스업,11205.957660930428
prior_year_province_anchor,충남,2021,4,2021Q4,금융 및 보험업,6951.156915563087
prior_year_province_anchor,충남,2021,4,2021Q4,도매 및 소매업,11565.542711684298
prior_year_province_anchor,충남,2021,4,2021Q4,문화 및 기타서비스업,6382.477965342815
prior_year_province_anchor,충남,2021,4,2021Q4,보건 및 사회복지업,10771.1787789035
prior_year_province_anchor,충남,2021,4,2021Q4,부동산업,11141.092476239906
prior_year_province_anchor,충남,2021,4,2021Q4,사업서비스업,12072.594556889502
prior_year_province_anchor,충남,2021,4,2021Q4,숙박 및 음식점업,5390.748165590898
prior_year_province_anchor,충남,2021,4,2021Q4,운수 및 창고업,8573.206230828171
prior_year_province_anchor,충남,2021,4,2021Q4,정보통신업,3232.8029557734303
prior_year_province_anchor,충남,2022,1,2022Q1,건설업,12947.857077149067
prior_year_province_anchor,충남,2022,1,2022Q1,"공공 행정, 국방·사회보장",19341.596211196353
prior_year_province_anchor,충남,2022,1,2022Q1,"광업, 제조업",154948.64977270336
prior_year_province_anchor,충남,2022,1,2022Q1,교육 서비스업,12473.002754297064
prior_year_province_anchor,충남,2022,1,2022Q1,금융 및 보험업,7200.689627376272
prior_year_province_anchor,충남,2022,1,2022Q1,도매 및 소매업,10761.746163618289
prior_year_province_anchor,충남,2022,1,2022Q1,문화 및 기타서비스업,6179.498703676602
prior_year_province_anchor,충남,2022,1,2022Q1,보건 및 사회복지업,10478.109830219371
prior_year_province_anchor,충남,2022,1,2022Q1,부동산업,11170.958130079161
prior_year_province_anchor,충남,2022,1,2022Q1,사업서비스업,9365.480111055283
prior_year_province_anchor,충남,2022,1,2022Q1,숙박 및 음식점업,3928.5097667506197
prior_year_province_anchor,충남,2022,1,2022Q1,운수 및 창고업,7559.10099954738
prior_year_province_anchor,충남,2022,1,2022Q1,정보통신업,2809.80173506887
prior_year_province_anchor,충남,2022,2,2022Q2,건설업,17896.909319457412
prior_year_province_anchor,충남,2022,2,2022Q2,"공공 행정, 국방·사회보장",18655.64948141354
prior_year_province_anchor,충남,2022,2,2022Q2,"광업, 제조업",165500.96057315165
prior_year_province_anchor,충남,2022,2,2022Q2,교육 서비스업,10735.510022394095
prior_year_province_anchor,충남,2022,2,2022Q2,금융 및 보험업,7085.009219783246
prior_year_province_anchor,충남,2022,2,2022Q2,도매 및 소매업,10848.23273442515
prior_year_province_anchor,충남,2022,2,2022Q2,문화 및 기타서비스업,6305.034209387165
prior_year_province_anchor,충남,2022,2,2022Q2,보건 및 사회복지업,10789.358833746086
prior_year_province_anchor,충남,2022,2,2022Q2,부동산업,11117.149235064928
prior_year_province_anchor,충남,2022,2,2022Q2,사업서비스업,10465.658889312535
prior_year_province_anchor,충남,2022,2,2022Q2,숙박 및 음식점업,5332.246002393463
prior_year_province_anchor,충남,2022,2,2022Q2,운수 및 창고업,8791.103797446161
prior_year_province_anchor,충남,2022,2,2022Q2,정보통신업,2923.107813970692
prior_year_province_anchor,충남,2022,3,2022Q3,건설업,16885.951395806824
prior_year_province_anchor,충남,2022,3,2022Q3,"공공 행정, 국방·사회보장",17357.06825390058
prior_year_province_anchor,충남,2022,3,2022Q3,"광업, 제조업",165063.71894688497
prior_year_province_anchor,충남,2022,3,2022Q3,교육 서비스업,11585.655533174027
prior_year_province_anchor,충남,2022,3,2022Q3,금융 및 보험업,7031.241217906585
prior_year_province_anchor,충남,2022,3,2022Q3,도매 및 소매업,10618.560427589633
prior_year_province_anchor,충남,2022,3,2022Q3,문화 및 기타서비스업,7178.184871007447
prior_year_province_anchor,충남,2022,3,2022Q3,보건 및 사회복지업,10488.29964286752
prior_year_province_anchor,충남,2022,3,2022Q3,부동산업,10898.622522352176
prior_year_province_anchor,충남,2022,3,2022Q3,사업서비스업,10162.42308662756
prior_year_province_anchor,충남,2022,3,2022Q3,숙박 및 음식점업,5743.416560248159
prior_year_province_anchor,충남,2022,3,2022Q3,운수 및 창고업,9278.191116716785
prior_year_province_anchor,충남,2022,3,2022Q3,정보통신업,2925.8745829223312
prior_year_province_anchor,충남,2022,4,2022Q4,건설업,19880.47070146559
prior_year_province_anchor,충남,2022,4,2022Q4,"공공 행정, 국방·사회보장",17728.738208665152
prior_year_province_anchor,충남,2022,4,2022Q4,"광업, 제조업",162019.21528308446
prior_year_province_anchor,충남,2022,4,2022Q4,교육 서비스업,11503.434547509103
prior_year_province_anchor,충남,2022,4,2022Q4,금융 및 보험업,7008.12857453508
prior_year_province_anchor,충남,2022,4,2022Q4,도매 및 소매업,11823.083647663952
prior_year_province_anchor,충남,2022,4,2022Q4,문화 및 기타서비스업,6796.169023394539
prior_year_province_anchor,충남,2022,4,2022Q4,보건 및 사회복지업,11091.355389850658
prior_year_province_anchor,충남,2022,4,2022Q4,부동산업,10797.084254232812
prior_year_province_anchor,충남,2022,4,2022Q4,사업서비스업,12203.266736567439
prior_year_province_anchor,충남,2022,4,2022Q4,숙박 및 음식점업,5937.15777689346
prior_year_province_anchor,충남,2022,4,2022Q4,운수 및 창고업,9789.27179564791
prior_year_province_anchor,충남,2022,4,2022Q4,정보통신업,3160.3528179225973
prior_year_province_anchor,충남,2023,1,2023Q1,건설업,13350.746676349903
prior_year_province_anchor,충남,2023,1,2023Q1,"공공 행정, 국방·사회보장",20013.349897097367
prior_year_province_anchor,충남,2023,1,2023Q1,"광업, 제조업",151047.63055420684
prior_year_province_anchor,충남,2023,1,2023Q1,교육 서비스업,12655.11785584356
prior_year_province_anchor,충남,2023,1,2023Q1,금융 및 보험업,7311.954730819376
prior_year_province_anchor,충남,2023,1,2023Q1,도매 및 소매업,11412.737160533841
prior_year_province_anchor,충남,2023,1,2023Q1,문화 및 기타서비스업,6776.62220245296
prior_year_province_anchor,충남,2023,1,2023Q1,보건 및 사회복지업,10837.181502038005
prior_year_province_anchor,충남,2023,1,2023Q1,부동산업,11786.893501695644
prior_year_province_anchor,충남,2023,1,2023Q1,사업서비스업,10168.147462502697
prior_year_province_anchor,충남,2023,1,2023Q1,숙박 및 음식점업,4131.076626148753
prior_year_province_anchor,충남,2023,1,2023Q1,운수 및 창고업,7957.406142217529
prior_year_province_anchor,충남,2023,1,2023Q1,정보통신업,3076.0541129475196
prior_year_province_anchor,충남,2023,2,2023Q2,건설업,18077.587117653817
prior_year_province_anchor,충남,2023,2,2023Q2,"공공 행정, 국방·사회보장",19248.270323642733
prior_year_province_anchor,충남,2023,2,2023Q2,"광업, 제조업",166892.21601278882
prior_year_province_anchor,충남,2023,2,2023Q2,교육 서비스업,10859.858862050101
prior_year_province_anchor,충남,2023,2,2023Q2,금융 및 보험업,7238.182251149626
prior_year_province_anchor,충남,2023,2,2023Q2,도매 및 소매업,10595.433841653961
prior_year_province_anchor,충남,2023,2,2023Q2,문화 및 기타서비스업,6433.637687166733
prior_year_province_anchor,충남,2023,2,2023Q2,보건 및 사회복지업,10970.246403206746
prior_year_province_anchor,충남,2023,2,2023Q2,부동산업,11799.164474991128
prior_year_province_anchor,충남,2023,2,2023Q2,사업서비스업,11397.63898268312
prior_year_province_anchor,충남,2023,2,2023Q2,숙박 및 음식점업,4706.030539452133
prior_year_province_anchor,충남,2023,2,2023Q2,운수 및 창고업,10134.026615074075
prior_year_province_anchor,충남,2023,2,2023Q2,정보통신업,3033.5071467277758
prior_year_province_anchor,충남,2023,3,2023Q3,건설업,17176.062032242244
prior_year_province_anchor,충남,2023,3,2023Q3,"공공 행정, 국방·사회보장",17919.100509551157
prior_year_province_anchor,충남,2023,3,2023Q3,"광업, 제조업",168511.33011891384
prior_year_province_anchor,충남,2023,3,2023Q3,교육 서비스업,11655.290561871712
prior_year_province_anchor,충남,2023,3,2023Q3,금융 및 보험업,7225.704270802802
prior_year_province_anchor,충남,2023,3,2023Q3,도매 및 소매업,10188.183125766109
prior_year_province_anchor,충남,2023,3,2023Q3,문화 및 기타서비스업,7386.701869759523
prior_year_province_anchor,충남,2023,3,2023Q3,보건 및 사회복지업,10781.828306642954
prior_year_province_anchor,충남,2023,3,2023Q3,부동산업,11650.70075824884
prior_year_province_anchor,충남,2023,3,2023Q3,사업서비스업,11158.755050048489
prior_year_province_anchor,충남,2023,3,2023Q3,숙박 및 음식점업,4962.699137366767
prior_year_province_anchor,충남,2023,3,2023Q3,운수 및 창고업,10455.663681119131
prior_year_province_anchor,충남,2023,3,2023Q3,정보통신업,3132.4461957966705
prior_year_province_anchor,충남,2023,4,2023Q4,건설업,19223.753301123365
prior_year_province_anchor,충남,2023,4,2023Q4,"공공 행정, 국방·사회보장",18168.37673827647
prior_year_province_anchor,충남,2023,4,2023Q4,"광업, 제조업",174540.4033004573
prior_year_province_anchor,충남,2023,4,2023Q4,교육 서비스업,11522.187188312371
prior_year_province_anchor,충남,2023,4,2023Q4,금융 및 보험업,6796.598507345111
prior_year_province_anchor,충남,2023,4,2023Q4,도매 및 소매업,11120.570759670503
prior_year_province_anchor,충남,2023,4,2023Q4,문화 및 기타서비스업,6574.988814932876
prior_year_province_anchor,충남,2023,4,2023Q4,보건 및 사회복지업,11457.70551858645
prior_year_province_anchor,충남,2023,4,2023Q4,부동산업,11539.745444697257
prior_year_province_anchor,충남,2023,4,2023Q4,사업서비스업,13365.967833586106
prior_year_province_anchor,충남,2023,4,2023Q4,숙박 및 음식점업,5166.694889083294
prior_year_province_anchor,충남,2023,4,2023Q4,운수 및 창고업,10826.666446003577
prior_year_province_anchor,충남,2023,4,2023Q4,정보통신업,3412.709686055052
prior_year_province_anchor,충남,2024,1,2024Q1,건설업,14893.482555690269
prior_year_province_anchor,충남,2024,1,2024Q1,"공공 행정, 국방·사회보장",20271.46489656903
prior_year_province_anchor,충남,2024,1,2024Q1,"광업, 제조업",159045.02901984198
prior_year_province_anchor,충남,2024,1,2024Q1,교육 서비스업,13007.62248189242
prior_year_province_anchor,충남,2024,1,2024Q1,금융 및 보험업,7480.016966059626
prior_year_province_anchor,충남,2024,1,2024Q1,도매 및 소매업,10772.574753747382
prior_year_province_anchor,충남,2024,1,2024Q1,문화 및 기타서비스업,6795.428642232036
prior_year_province_anchor,충남,2024,1,2024Q1,보건 및 사회복지업,11181.882283278248
prior_year_province_anchor,충남,2024,1,2024Q1,부동산업,11987.852923638737
prior_year_province_anchor,충남,2024,1,2024Q1,사업서비스업,10206.262483140263
prior_year_province_anchor,충남,2024,1,2024Q1,숙박 및 음식점업,4112.107587293136
prior_year_province_anchor,충남,2024,1,2024Q1,운수 및 창고업,8130.561164626915
prior_year_province_anchor,충남,2024,1,2024Q1,정보통신업,2981.6139958172575
prior_year_province_anchor,충남,2024,2,2024Q2,건설업,19309.509898367556
prior_year_province_anchor,충남,2024,2,2024Q2,"공공 행정, 국방·사회보장",19713.428361393
prior_year_province_anchor,충남,2024,2,2024Q2,"광업, 제조업",171315.77025844427
prior_year_province_anchor,충남,2024,2,2024Q2,교육 서비스업,11172.517437201192
prior_year_province_anchor,충남,2024,2,2024Q2,금융 및 보험업,7443.954554814265
prior_year_province_anchor,충남,2024,2,2024Q2,도매 및 소매업,10144.468442574396
prior_year_province_anchor,충남,2024,2,2024Q2,문화 및 기타서비스업,6411.806978545997
prior_year_province_anchor,충남,2024,2,2024Q2,보건 및 사회복지업,11172.728686632374
prior_year_province_anchor,충남,2024,2,2024Q2,부동산업,12179.832624830673
prior_year_province_anchor,충남,2024,2,2024Q2,사업서비스업,11269.89046386725
prior_year_province_anchor,충남,2024,2,2024Q2,숙박 및 음식점업,4638.264509589106
prior_year_province_anchor,충남,2024,2,2024Q2,운수 및 창고업,9412.058976140921
prior_year_province_anchor,충남,2024,2,2024Q2,정보통신업,2860.4912243932945
prior_year_province_anchor,충남,2024,3,2024Q3,건설업,17326.4948207544
prior_year_province_anchor,충남,2024,3,2024Q3,"공공 행정, 국방·사회보장",18133.449901221567
prior_year_province_anchor,충남,2024,3,2024Q3,"광업, 제조업",171122.42895497096
prior_year_province_anchor,충남,2024,3,2024Q3,교육 서비스업,11921.523892900015
prior_year_province_anchor,충남,2024,3,2024Q3,금융 및 보험업,7716.7886665666965
prior_year_province_anchor,충남,2024,3,2024Q3,도매 및 소매업,9736.956980600915
prior_year_province_anchor,충남,2024,3,2024Q3,문화 및 기타서비스업,7244.101832394191
prior_year_province_anchor,충남,2024,3,2024Q3,보건 및 사회복지업,11057.6191273877
prior_year_province_anchor,충남,2024,3,2024Q3,부동산업,11921.442815692995
prior_year_province_anchor,충남,2024,3,2024Q3,사업서비스업,10976.965676194426
prior_year_province_anchor,충남,2024,3,2024Q3,숙박 및 음식점업,4780.903122983321
prior_year_province_anchor,충남,2024,3,2024Q3,운수 및 창고업,9800.325309350748
prior_year_province_anchor,충남,2024,3,2024Q3,정보통신업,2955.150178125644
prior_year_province_anchor,충남,2024,4,2024Q4,건설업,19338.662354356024
prior_year_province_anchor,충남,2024,4,2024Q4,"공공 행정, 국방·사회보장",18448.085323039333
prior_year_province_anchor,충남,2024,4,2024Q4,"광업, 제조업",175375.7686711525
prior_year_province_anchor,충남,2024,4,2024Q4,교육 서비스업,11812.269502880645
prior_year_province_anchor,충남,2024,4,2024Q4,금융 및 보험업,7407.180937308735
prior_year_province_anchor,충남,2024,4,2024Q4,도매 및 소매업,10658.144392722079
prior_year_province_anchor,충남,2024,4,2024Q4,문화 및 기타서비스업,6403.67348432969
prior_year_province_anchor,충남,2024,4,2024Q4,보건 및 사회복지업,11928.880444041757
prior_year_province_anchor,충남,2024,4,2024Q4,부동산업,11788.056956622724
prior_year_province_anchor,충남,2024,4,2024Q4,사업서비스업,12723.564477231039
prior_year_province_anchor,충남,2024,4,2024Q4,숙박 및 음식점업,4909.310174258083
prior_year_province_anchor,충남,2024,4,2024Q4,운수 및 창고업,9920.444236001491
prior_year_province_anchor,충남,2024,4,2024Q4,정보통신업,3224.9996409489395
prior_year_province_anchor,충남,2025,1,2025Q1,건설업,13153.058580369183
prior_year_province_anchor,충남,2025,1,2025Q1,"공공 행정, 국방·사회보장",20959.03969708468
prior_year_province_anchor,충남,2025,1,2025Q1,"광업, 제조업",154648.05483619336
prior_year_province_anchor,충남,2025,1,2025Q1,교육 서비스업,12816.62920504773
prior_year_province_anchor,충남,2025,1,2025Q1,금융 및 보험업,7760.1915028579815
prior_year_province_anchor,충남,2025,1,2025Q1,도매 및 소매업,10861.810418236666
prior_year_province_anchor,충남,2025,1,2025Q1,문화 및 기타서비스업,6703.353776707417
prior_year_province_anchor,충남,2025,1,2025Q1,보건 및 사회복지업,11822.905630546335
prior_year_province_anchor,충남,2025,1,2025Q1,부동산업,12692.627046366415
prior_year_province_anchor,충남,2025,1,2025Q1,사업서비스업,9684.994843421844
prior_year_province_anchor,충남,2025,1,2025Q1,숙박 및 음식점업,3864.9376370637633
prior_year_province_anchor,충남,2025,1,2025Q1,운수 및 창고업,8376.429959515945
prior_year_province_anchor,충남,2025,1,2025Q1,정보통신업,3010.718371643202
prior_year_province_anchor,충남,2025,2,2025Q2,건설업,17421.894750856394
prior_year_province_anchor,충남,2025,2,2025Q2,"공공 행정, 국방·사회보장",20309.62654766854
prior_year_province_anchor,충남,2025,2,2025Q2,"광업, 제조업",169766.52363300082
prior_year_province_anchor,충남,2025,2,2025Q2,교육 서비스업,10964.737148272608
prior_year_province_anchor,충남,2025,2,2025Q2,금융 및 보험업,7649.554613788447
prior_year_province_anchor,충남,2025,2,2025Q2,도매 및 소매업,10327.112974355676
prior_year_province_anchor,충남,2025,2,2025Q2,문화 및 기타서비스업,6325.800011878351
prior_year_province_anchor,충남,2025,2,2025Q2,보건 및 사회복지업,11993.414125807192
prior_year_province_anchor,충남,2025,2,2025Q2,부동산업,12882.035369396364
prior_year_province_anchor,충남,2025,2,2025Q2,사업서비스업,10746.923063925966
prior_year_province_anchor,충남,2025,2,2025Q2,숙박 및 음식점업,4428.957502776886
prior_year_province_anchor,충남,2025,2,2025Q2,운수 및 창고업,9649.314569629498
prior_year_province_anchor,충남,2025,2,2025Q2,정보통신업,2946.866726573996
prior_year_province_anchor,충남,2025,3,2025Q3,건설업,16254.05199468317
prior_year_province_anchor,충남,2025,3,2025Q3,"공공 행정, 국방·사회보장",18699.572365639833
prior_year_province_anchor,충남,2025,3,2025Q3,"광업, 제조업",171598.5912381581
prior_year_province_anchor,충남,2025,3,2025Q3,교육 서비스업,11850.028238684423
prior_year_province_anchor,충남,2025,3,2025Q3,금융 및 보험업,7861.87558842176
prior_year_province_anchor,충남,2025,3,2025Q3,도매 및 소매업,10313.44166696964
prior_year_province_anchor,충남,2025,3,2025Q3,문화 및 기타서비스업,7411.288897414652
prior_year_province_anchor,충남,2025,3,2025Q3,보건 및 사회복지업,11724.918025885368
prior_year_province_anchor,충남,2025,3,2025Q3,부동산업,12762.236790402734
prior_year_province_anchor,충남,2025,3,2025Q3,사업서비스업,10787.461330910444
prior_year_province_anchor,충남,2025,3,2025Q3,숙박 및 음식점업,4726.9415187986515
prior_year_province_anchor,충남,2025,3,2025Q3,운수 및 창고업,9947.117245509904
prior_year_province_anchor,충남,2025,3,2025Q3,정보통신업,3016.5855790323762
prior_year_province_anchor,충남,2025,4,2025Q4,건설업,17986.798967862094
prior_year_province_anchor,충남,2025,4,2025Q4,"공공 행정, 국방·사회보장",19158.290287805154
prior_year_province_anchor,충남,2025,4,2025Q4,"광업, 제조업",173154.1199337712
prior_year_province_anchor,충남,2025,4,2025Q4,교육 서비스업,11724.14468500497
prior_year_province_anchor,충남,2025,4,2025Q4,금융 및 보험업,7738.331560508983
prior_year_province_anchor,충남,2025,4,2025Q4,도매 및 소매업,11241.946588819743
prior_year_province_anchor,충남,2025,4,2025Q4,문화 및 기타서비스업,6330.466597350825
prior_year_province_anchor,충남,2025,4,2025Q4,보건 및 사회복지업,12909.274290408106
prior_year_province_anchor,충남,2025,4,2025Q4,부동산업,12753.777207545198
prior_year_province_anchor,충남,2025,4,2025Q4,사업서비스업,12413.704937074344
prior_year_province_anchor,충남,2025,4,2025Q4,숙박 및 음식점업,4799.098369345856
prior_year_province_anchor,충남,2025,4,2025Q4,운수 및 창고업,9958.398432267813
prior_year_province_anchor,충남,2025,4,2025Q4,정보통신업,3289.8135194983065
prior_year_province_anchor,충북,2021,1,2021Q1,건설업,7427.181089313971
prior_year_province_anchor,충북,2021,1,2021Q1,"공공 행정, 국방·사회보장",15795.480278164094
prior_year_province_anchor,충북,2021,1,2021Q1,"광업, 제조업",84742.15758108624
prior_year_province_anchor,충북,2021,1,2021Q1,교육 서비스업,9648.192347858303
prior_year_province_anchor,충북,2021,1,2021Q1,금융 및 보험업,5398.104982721571
prior_year_province_anchor,충북,2021,1,2021Q1,도매 및 소매업,7267.638073828357
prior_year_province_anchor,충북,2021,1,2021Q1,문화 및 기타서비스업,5284.626844311443
prior_year_province_anchor,충북,2021,1,2021Q1,보건 및 사회복지업,7332.662251398042
prior_year_province_anchor,충북,2021,1,2021Q1,부동산업,8459.773377527767
prior_year_province_anchor,충북,2021,1,2021Q1,사업서비스업,8220.755175971419
prior_year_province_anchor,충북,2021,1,2021Q1,숙박 및 음식점업,2571.109380634275
prior_year_province_anchor,충북,2021,1,2021Q1,운수 및 창고업,4333.956226700564
prior_year_province_anchor,충북,2021,1,2021Q1,정보통신업,2233.2782341051243
prior_year_province_anchor,충북,2021,2,2021Q2,건설업,10356.781562924645
prior_year_province_anchor,충북,2021,2,2021Q2,"공공 행정, 국방·사회보장",15323.219136310669
prior_year_province_anchor,충북,2021,2,2021Q2,"광업, 제조업",90990.74779962299
prior_year_province_anchor,충북,2021,2,2021Q2,교육 서비스업,8352.719031956087
prior_year_province_anchor,충북,2021,2,2021Q2,금융 및 보험업,5386.560161405818
prior_year_province_anchor,충북,2021,2,2021Q2,도매 및 소매업,7369.781881168799
prior_year_province_anchor,충북,2021,2,2021Q2,문화 및 기타서비스업,5290.385123440201
prior_year_province_anchor,충북,2021,2,2021Q2,보건 및 사회복지업,7666.590699755716
prior_year_province_anchor,충북,2021,2,2021Q2,부동산업,8545.454542846137
prior_year_province_anchor,충북,2021,2,2021Q2,사업서비스업,9162.261322387929
prior_year_province_anchor,충북,2021,2,2021Q2,숙박 및 음식점업,3275.9858139383573
prior_year_province_anchor,충북,2021,2,2021Q2,운수 및 창고업,4880.970860261166
prior_year_province_anchor,충북,2021,2,2021Q2,정보통신업,2300.949231674195
prior_year_province_anchor,충북,2021,3,2021Q3,건설업,9479.27172749367
prior_year_province_anchor,충북,2021,3,2021Q3,"공공 행정, 국방·사회보장",14223.996934042867
prior_year_province_anchor,충북,2021,3,2021Q3,"광업, 제조업",90418.53859588296
prior_year_province_anchor,충북,2021,3,2021Q3,교육 서비스업,9093.36892406221
prior_year_province_anchor,충북,2021,3,2021Q3,금융 및 보험업,5542.871322098727
prior_year_province_anchor,충북,2021,3,2021Q3,도매 및 소매업,7135.658003543647
prior_year_province_anchor,충북,2021,3,2021Q3,문화 및 기타서비스업,5744.227162526257
prior_year_province_anchor,충북,2021,3,2021Q3,보건 및 사회복지업,7688.390472762503
prior_year_province_anchor,충북,2021,3,2021Q3,부동산업,8261.53031351224
prior_year_province_anchor,충북,2021,3,2021Q3,사업서비스업,9124.769517268125
prior_year_province_anchor,충북,2021,3,2021Q3,숙박 및 음식점업,3415.420190012076
prior_year_province_anchor,충북,2021,3,2021Q3,운수 및 창고업,4942.352796008905
prior_year_province_anchor,충북,2021,3,2021Q3,정보통신업,2331.8588898155836
prior_year_province_anchor,충북,2021,4,2021Q4,건설업,11143.459088066453
prior_year_province_anchor,충북,2021,4,2021Q4,"공공 행정, 국방·사회보장",14505.72258854572
prior_year_province_anchor,충북,2021,4,2021Q4,"광업, 제조업",94293.36615693817
prior_year_province_anchor,충북,2021,4,2021Q4,교육 서비스업,9000.982880243268
prior_year_province_anchor,충북,2021,4,2021Q4,금융 및 보험업,5446.345591509042
prior_year_province_anchor,충북,2021,4,2021Q4,도매 및 소매업,8003.918748851839
prior_year_province_anchor,충북,2021,4,2021Q4,문화 및 기타서비스업,5655.689563612384
prior_year_province_anchor,충북,2021,4,2021Q4,보건 및 사회복지업,8125.171684756543
prior_year_province_anchor,충북,2021,4,2021Q4,부동산업,8105.277334755259
prior_year_province_anchor,충북,2021,4,2021Q4,사업서비스업,10758.681338846462
prior_year_province_anchor,충북,2021,4,2021Q4,숙박 및 음식점업,3913.3476099167738
prior_year_province_anchor,충북,2021,4,2021Q4,운수 및 창고업,5178.598826723719
prior_year_province_anchor,충북,2021,4,2021Q4,정보통신업,2600.8218865445356
prior_year_province_anchor,충북,2022,1,2022Q1,건설업,7436.758446269361
prior_year_province_anchor,충북,2022,1,2022Q1,"공공 행정, 국방·사회보장",16223.33721501748
prior_year_province_anchor,충북,2022,1,2022Q1,"광업, 제조업",90060.78454340118
prior_year_province_anchor,충북,2022,1,2022Q1,교육 서비스업,10219.260404094408
prior_year_province_anchor,충북,2022,1,2022Q1,금융 및 보험업,5647.437936731851
prior_year_province_anchor,충북,2022,1,2022Q1,도매 및 소매업,7539.778645992343
prior_year_province_anchor,충북,2022,1,2022Q1,문화 및 기타서비스업,5560.1168063801915
prior_year_province_anchor,충북,2022,1,2022Q1,보건 및 사회복지업,7881.263534863582
prior_year_province_anchor,충북,2022,1,2022Q1,부동산업,8360.100661820252
prior_year_province_anchor,충북,2022,1,2022Q1,사업서비스업,8371.376821970136
prior_year_province_anchor,충북,2022,1,2022Q1,숙박 및 음식점업,2787.75593655771
prior_year_province_anchor,충북,2022,1,2022Q1,운수 및 창고업,4866.144201022754
prior_year_province_anchor,충북,2022,1,2022Q1,정보통신업,2395.339607051656
prior_year_province_anchor,충북,2022,2,2022Q2,건설업,10279.30650999257
prior_year_province_anchor,충북,2022,2,2022Q2,"공공 행정, 국방·사회보장",15647.97906012212
prior_year_province_anchor,충북,2022,2,2022Q2,"광업, 제조업",96194.10284484015
prior_year_province_anchor,충북,2022,2,2022Q2,교육 서비스업,8795.71460463399
prior_year_province_anchor,충북,2022,2,2022Q2,금융 및 보험업,5556.710804167536
prior_year_province_anchor,충북,2022,2,2022Q2,도매 및 소매업,7600.371935391711
prior_year_province_anchor,충북,2022,2,2022Q2,문화 및 기타서비스업,5673.069670126802
prior_year_province_anchor,충북,2022,2,2022Q2,보건 및 사회복지업,8115.374024398923
prior_year_province_anchor,충북,2022,2,2022Q2,부동산업,8319.831262044323
prior_year_province_anchor,충북,2022,2,2022Q2,사업서비스업,9354.776606616992
prior_year_province_anchor,충북,2022,2,2022Q2,숙박 및 음식점업,3783.877686691804
prior_year_province_anchor,충북,2022,2,2022Q2,운수 및 창고업,5659.241590645929
prior_year_province_anchor,충북,2022,2,2022Q2,정보통신업,2491.932379105945
prior_year_province_anchor,충북,2022,3,2022Q3,건설업,9698.65058888266
prior_year_province_anchor,충북,2022,3,2022Q3,"공공 행정, 국방·사회보장",14558.755558349356
prior_year_province_anchor,충북,2022,3,2022Q3,"광업, 제조업",95939.96494848303
prior_year_province_anchor,충북,2022,3,2022Q3,교육 서비스업,9492.247630976739
prior_year_province_anchor,충북,2022,3,2022Q3,금융 및 보험업,5514.541030257815
prior_year_province_anchor,충북,2022,3,2022Q3,도매 및 소매업,7439.461398353731
prior_year_province_anchor,충북,2022,3,2022Q3,문화 및 기타서비스업,6458.702923077961
prior_year_province_anchor,충북,2022,3,2022Q3,보건 및 사회복지업,7888.9279514570535
prior_year_province_anchor,충북,2022,3,2022Q3,부동산업,8156.290651265727
prior_year_province_anchor,충북,2022,3,2022Q3,사업서비스업,9083.727910758676
prior_year_province_anchor,충북,2022,3,2022Q3,숙박 및 음식점업,4075.653253421593
prior_year_province_anchor,충북,2022,3,2022Q3,운수 및 창고업,5972.802308276557
prior_year_province_anchor,충북,2022,3,2022Q3,정보통신업,2494.2910335158654
prior_year_province_anchor,충북,2022,4,2022Q4,건설업,11418.589000789965
prior_year_province_anchor,충북,2022,4,2022Q4,"공공 행정, 국방·사회보장",14870.504751280263
prior_year_province_anchor,충북,2022,4,2022Q4,"광업, 제조업",94170.40846051526
prior_year_province_anchor,충북,2022,4,2022Q4,교육 서비스업,9424.88312543282
prior_year_province_anchor,충북,2022,4,2022Q4,금융 및 보험업,5496.413986078859
prior_year_province_anchor,충북,2022,4,2022Q4,도매 및 소매업,8283.36147880915
prior_year_province_anchor,충북,2022,4,2022Q4,문화 및 기타서비스업,6114.977187954436
prior_year_province_anchor,충북,2022,4,2022Q4,보건 및 사회복지업,8342.525150303043
prior_year_province_anchor,충북,2022,4,2022Q4,부동산업,8080.3016329004095
prior_year_province_anchor,충북,2022,4,2022Q4,사업서비스업,10907.945252078362
prior_year_province_anchor,충북,2022,4,2022Q4,숙박 및 음식점업,4213.136232700423
prior_year_province_anchor,충북,2022,4,2022Q4,운수 및 창고업,6301.808665273821
prior_year_province_anchor,충북,2022,4,2022Q4,정보통신업,2694.182362600669
prior_year_province_anchor,충북,2023,1,2023Q1,건설업,8783.779624320205
prior_year_province_anchor,충북,2023,1,2023Q1,"공공 행정, 국방·사회보장",16660.204294764026
prior_year_province_anchor,충북,2023,1,2023Q1,"광업, 제조업",88372.22189217762
prior_year_province_anchor,충북,2023,1,2023Q1,교육 서비스업,10477.905278347269
prior_year_province_anchor,충북,2023,1,2023Q1,금융 및 보험업,5788.636836124497
prior_year_province_anchor,충북,2023,1,2023Q1,도매 및 소매업,7553.063371449784
prior_year_province_anchor,충북,2023,1,2023Q1,문화 및 기타서비스업,5941.2264262118315
prior_year_province_anchor,충북,2023,1,2023Q1,보건 및 사회복지업,8232.909441011789
prior_year_province_anchor,충북,2023,1,2023Q1,부동산업,8583.94099027804
prior_year_province_anchor,충북,2023,1,2023Q1,사업서비스업,8739.214302525672
prior_year_province_anchor,충북,2023,1,2023Q1,숙박 및 음식점업,3382.103399386888
prior_year_province_anchor,충북,2023,1,2023Q1,운수 및 창고업,5340.658704772881
prior_year_province_anchor,충북,2023,1,2023Q1,정보통신업,2499.8962194311694
prior_year_province_anchor,충북,2023,2,2023Q2,건설업,11893.682445657345
prior_year_province_anchor,충북,2023,2,2023Q2,"공공 행정, 국방·사회보장",16023.310318441061
prior_year_province_anchor,충북,2023,2,2023Q2,"광업, 제조업",97642.28602226588
prior_year_province_anchor,충북,2023,2,2023Q2,교육 서비스업,8991.506344623942
prior_year_province_anchor,충북,2023,2,2023Q2,금융 및 보험업,5730.233562440565
prior_year_province_anchor,충북,2023,2,2023Q2,도매 및 소매업,7012.163876932098
prior_year_province_anchor,충북,2023,2,2023Q2,문화 및 기타서비스업,5640.523715462754
prior_year_province_anchor,충북,2023,2,2023Q2,보건 및 사회복지업,8333.997651160655
prior_year_province_anchor,충북,2023,2,2023Q2,부동산업,8592.877467955266
prior_year_province_anchor,충북,2023,2,2023Q2,사업서비스업,9795.924968614905
prior_year_province_anchor,충북,2023,2,2023Q2,숙박 및 음식점업,3852.81691081526
prior_year_province_anchor,충북,2023,2,2023Q2,운수 및 창고업,6801.510000734092
prior_year_province_anchor,충북,2023,2,2023Q2,정보통신업,2465.3184792173975
prior_year_province_anchor,충북,2023,3,2023Q3,건설업,11300.5472549433
prior_year_province_anchor,충북,2023,3,2023Q3,"공공 행정, 국방·사회보장",14916.836851527314
prior_year_province_anchor,충북,2023,3,2023Q3,"광업, 제조업",98589.56808508438
prior_year_province_anchor,충북,2023,3,2023Q3,교육 서비스업,9650.090334205448
prior_year_province_anchor,충북,2023,3,2023Q3,금융 및 보험업,5720.3551510806565
prior_year_province_anchor,충북,2023,3,2023Q3,도매 및 소매업,6742.641288099836
prior_year_province_anchor,충북,2023,3,2023Q3,문화 및 기타서비스업,6476.097831642145
prior_year_province_anchor,충북,2023,3,2023Q3,보건 및 사회복지업,8190.858115685883
prior_year_province_anchor,충북,2023,3,2023Q3,부동산업,8484.75705577628
prior_year_province_anchor,충북,2023,3,2023Q3,사업서비스업,9590.611474842037
prior_year_province_anchor,충북,2023,3,2023Q3,숙박 및 음식점업,4062.950930607633
prior_year_province_anchor,충북,2023,3,2023Q3,운수 및 창고업,7017.378559640204
prior_year_province_anchor,충북,2023,3,2023Q3,정보통신업,2545.725827605831
prior_year_province_anchor,충북,2023,4,2023Q4,건설업,12647.772940556704
prior_year_province_anchor,충북,2023,4,2023Q4,"공공 행정, 국방·사회보장",15124.347983733844
prior_year_province_anchor,충북,2023,4,2023Q4,"광업, 제조업",102116.94942200862
prior_year_province_anchor,충북,2023,4,2023Q4,교육 서비스업,9539.886339563134
prior_year_province_anchor,충북,2023,4,2023Q4,금융 및 보험업,5380.646069120003
prior_year_province_anchor,충북,2023,4,2023Q4,도매 및 소매업,7359.704731038761
prior_year_province_anchor,충북,2023,4,2023Q4,문화 및 기타서비스업,5764.449622879441
prior_year_province_anchor,충북,2023,4,2023Q4,보건 및 사회복지업,8704.31596246347
prior_year_province_anchor,충북,2023,4,2023Q4,부동산업,8403.952570357998
prior_year_province_anchor,충북,2023,4,2023Q4,사업서비스업,11487.643908502449
prior_year_province_anchor,충북,2023,4,2023Q4,숙박 및 음식점업,4229.961806410281
prior_year_province_anchor,충북,2023,4,2023Q4,운수 및 창고업,7266.379190041954
prior_year_province_anchor,충북,2023,4,2023Q4,정보통신업,2773.49478550305
prior_year_province_anchor,충북,2024,1,2024Q1,건설업,9153.714942169003
prior_year_province_anchor,충북,2024,1,2024Q1,"공공 행정, 국방·사회보장",16919.433542874813
prior_year_province_anchor,충북,2024,1,2024Q1,"광업, 제조업",89686.56109753382
prior_year_province_anchor,충북,2024,1,2024Q1,교육 서비스업,10764.249876227494
prior_year_province_anchor,충북,2024,1,2024Q1,금융 및 보험업,5995.674220713908
prior_year_province_anchor,충북,2024,1,2024Q1,도매 및 소매업,7525.597071504314
prior_year_province_anchor,충북,2024,1,2024Q1,문화 및 기타서비스업,5919.438230070527
prior_year_province_anchor,충북,2024,1,2024Q1,보건 및 사회복지업,8508.254708414943
prior_year_province_anchor,충북,2024,1,2024Q1,부동산업,8707.519151231101
prior_year_province_anchor,충북,2024,1,2024Q1,사업서비스업,9074.07453293022
prior_year_province_anchor,충북,2024,1,2024Q1,숙박 및 음식점업,3286.9893264315956
prior_year_province_anchor,충북,2024,1,2024Q1,운수 및 창고업,5960.62552235802
prior_year_province_anchor,충북,2024,1,2024Q1,정보통신업,2411.5882336632
prior_year_province_anchor,충북,2024,2,2024Q2,건설업,11867.858885369698
prior_year_province_anchor,충북,2024,2,2024Q2,"공공 행정, 국방·사회보장",16453.672330274683
prior_year_province_anchor,충북,2024,2,2024Q2,"광업, 제조업",96606.11457613159
prior_year_province_anchor,충북,2024,2,2024Q2,교육 서비스업,9245.638056298036
prior_year_province_anchor,충북,2024,2,2024Q2,금융 및 보험업,5966.7680737864775
prior_year_province_anchor,충북,2024,2,2024Q2,도매 및 소매업,7086.809212147618
prior_year_province_anchor,충북,2024,2,2024Q2,문화 및 기타서비스업,5585.2687668237595
prior_year_province_anchor,충북,2024,2,2024Q2,보건 및 사회복지업,8501.289769079312
prior_year_province_anchor,충북,2024,2,2024Q2,부동산업,8846.965884138546
prior_year_province_anchor,충북,2024,2,2024Q2,사업서비스업,10019.713505900982
prior_year_province_anchor,충북,2024,2,2024Q2,숙박 및 음식점업,3707.569807584182
prior_year_province_anchor,충북,2024,2,2024Q2,운수 및 창고업,6900.109084130947
prior_year_province_anchor,충북,2024,2,2024Q2,정보통신업,2313.621746115022
prior_year_province_anchor,충북,2024,3,2024Q3,건설업,10649.073777278323
prior_year_province_anchor,충북,2024,3,2024Q3,"공공 행정, 국방·사회보장",15134.95458133841
prior_year_province_anchor,충북,2024,3,2024Q3,"광업, 제조업",96497.08811530161
prior_year_province_anchor,충북,2024,3,2024Q3,교육 서비스업,9865.466365373983
prior_year_province_anchor,충북,2024,3,2024Q3,금융 및 보험업,6185.460686087752
prior_year_province_anchor,충북,2024,3,2024Q3,도매 및 소매업,6802.126382375168
prior_year_province_anchor,충북,2024,3,2024Q3,문화 및 기타서비스업,6310.2735069135215
prior_year_province_anchor,충북,2024,3,2024Q3,보건 및 사회복지업,8413.70331229004
prior_year_province_anchor,충북,2024,3,2024Q3,부동산업,8659.281381677505
prior_year_province_anchor,충북,2024,3,2024Q3,사업서비스업,9759.283073088112
prior_year_province_anchor,충북,2024,3,2024Q3,숙박 및 음식점업,3821.5871550905053
prior_year_province_anchor,충북,2024,3,2024Q3,운수 및 창고업,7184.752440025196
prior_year_province_anchor,충북,2024,3,2024Q3,정보통신업,2390.183775724502
prior_year_province_anchor,충북,2024,4,2024Q4,건설업,11885.776338254524
prior_year_province_anchor,충북,2024,4,2024Q4,"공공 행정, 국방·사회보장",15397.562791294717
prior_year_province_anchor,충북,2024,4,2024Q4,"광업, 제조업",98895.57497575099
prior_year_province_anchor,충북,2024,4,2024Q4,교육 서비스업,9775.054642872006
prior_year_province_anchor,충북,2024,4,2024Q4,금융 및 보험업,5937.291853146775
prior_year_province_anchor,충북,2024,4,2024Q4,도매 및 소매업,7445.6573347646245
prior_year_province_anchor,충북,2024,4,2024Q4,문화 및 기타서비스업,5578.183751419602
prior_year_province_anchor,충북,2024,4,2024Q4,보건 및 사회복지업,9076.642968770524
prior_year_province_anchor,충북,2024,4,2024Q4,부동산업,8562.39498093868
prior_year_province_anchor,충북,2024,4,2024Q4,사업서비스업,11312.130427926711
prior_year_province_anchor,충북,2024,4,2024Q4,숙박 및 음식점업,3924.2285860401594
prior_year_province_anchor,충북,2024,4,2024Q4,운수 및 창고업,7272.813266998326
prior_year_province_anchor,충북,2024,4,2024Q4,정보통신업,2608.4433459834017
prior_year_province_anchor,충북,2025,1,2025Q1,건설업,8577.686193471382
prior_year_province_anchor,충북,2025,1,2025Q1,"공공 행정, 국방·사회보장",17257.10397083436
prior_year_province_anchor,충북,2025,1,2025Q1,"광업, 제조업",80730.24825552329
prior_year_province_anchor,충북,2025,1,2025Q1,교육 서비스업,10671.718247806488
prior_year_province_anchor,충북,2025,1,2025Q1,금융 및 보험업,6192.203239058452
prior_year_province_anchor,충북,2025,1,2025Q1,도매 및 소매업,7552.272047014717
prior_year_province_anchor,충북,2025,1,2025Q1,문화 및 기타서비스업,5645.87948227796
prior_year_province_anchor,충북,2025,1,2025Q1,보건 및 사회복지업,8963.324310280972
prior_year_province_anchor,충북,2025,1,2025Q1,부동산업,8994.868729017471
prior_year_province_anchor,충북,2025,1,2025Q1,사업서비스업,8813.878329048104
prior_year_province_anchor,충북,2025,1,2025Q1,숙박 및 음식점업,3202.6163245496055
prior_year_province_anchor,충북,2025,1,2025Q1,운수 및 창고업,6660.60972312133
prior_year_province_anchor,충북,2025,1,2025Q1,정보통신업,2422.6930780125895
prior_year_province_anchor,충북,2025,2,2025Q2,건설업,11361.581426510907
prior_year_province_anchor,충북,2025,2,2025Q2,"공공 행정, 국방·사회보장",16722.394823780247
prior_year_province_anchor,충북,2025,2,2025Q2,"광업, 제조업",88622.47645394743
prior_year_province_anchor,충북,2025,2,2025Q2,교육 서비스업,9129.747270954675
prior_year_province_anchor,충북,2025,2,2025Q2,금융 및 보험업,6103.921126097268
prior_year_province_anchor,충북,2025,2,2025Q2,도매 및 소매업,7180.494193826207
prior_year_province_anchor,충북,2025,2,2025Q2,문화 및 기타서비스업,5327.885963613898
prior_year_province_anchor,충북,2025,2,2025Q2,보건 및 사회복지업,9092.592274387225
prior_year_province_anchor,충북,2025,2,2025Q2,부동산업,9129.096497281209
prior_year_province_anchor,충북,2025,2,2025Q2,사업서비스업,9780.291453786433
prior_year_province_anchor,충북,2025,2,2025Q2,숙박 및 음식점업,3669.9820103451
prior_year_province_anchor,충북,2025,2,2025Q2,운수 및 창고업,7672.757816224202
prior_year_province_anchor,충북,2025,2,2025Q2,정보통신업,2371.312337792622
prior_year_province_anchor,충북,2025,3,2025Q3,건설업,10599.97996137918
prior_year_province_anchor,충북,2025,3,2025Q3,"공공 행정, 국방·사회보장",15396.71994461053
prior_year_province_anchor,충북,2025,3,2025Q3,"광업, 제조업",89578.86269974866
prior_year_province_anchor,충북,2025,3,2025Q3,교육 서비스업,9866.8815777229
prior_year_province_anchor,충북,2025,3,2025Q3,금융 및 보험업,6273.341510421578
prior_year_province_anchor,충북,2025,3,2025Q3,도매 및 소매업,7170.988464243194
prior_year_province_anchor,충북,2025,3,2025Q3,문화 및 기타서비스업,6242.135700571748
prior_year_province_anchor,충북,2025,3,2025Q3,보건 및 사회복지업,8889.036761482934
prior_year_province_anchor,충북,2025,3,2025Q3,부동산업,9044.198982524482
prior_year_province_anchor,충북,2025,3,2025Q3,사업서비스업,9817.18350779866
prior_year_province_anchor,충북,2025,3,2025Q3,숙박 및 음식점업,3916.9015117141234
prior_year_province_anchor,충북,2025,3,2025Q3,운수 및 창고업,7909.55886489616
prior_year_province_anchor,충북,2025,3,2025Q3,정보통신업,2427.414357446394
prior_year_province_anchor,충북,2025,4,2025Q4,건설업,11729.980234532299
prior_year_province_anchor,충북,2025,4,2025Q4,"공공 행정, 국방·사회보장",15774.415821449447
prior_year_province_anchor,충북,2025,4,2025Q4,"광업, 제조업",90390.88854707309
prior_year_province_anchor,충북,2025,4,2025Q4,교육 서비스업,9762.06510878966
prior_year_province_anchor,충북,2025,4,2025Q4,금융 및 보험업,6174.760215162811
prior_year_province_anchor,충북,2025,4,2025Q4,도매 및 소매업,7816.582660495286
prior_year_province_anchor,충북,2025,4,2025Q4,문화 및 기타서비스업,5331.816381140552
prior_year_province_anchor,충북,2025,4,2025Q4,보건 및 사회복지업,9786.935267109393
prior_year_province_anchor,충북,2025,4,2025Q4,부동산업,9038.20394012484
prior_year_province_anchor,충북,2025,4,2025Q4,사업서비스업,11297.154691041625
prior_year_province_anchor,충북,2025,4,2025Q4,숙박 및 음식점업,3976.6930864278947
prior_year_province_anchor,충북,2025,4,2025Q4,운수 및 창고업,7918.529223697134
prior_year_province_anchor,충북,2025,4,2025Q4,정보통신업,2647.2779774784344
recursive_no_target_actual,강원,2021,1,2021Q1,건설업,8461.192580168366
recursive_no_target_actual,강원,2021,1,2021Q1,"공공 행정, 국방·사회보장",30044.745437270245
recursive_no_target_actual,강원,2021,1,2021Q1,"광업, 제조업",13788.825341367494
recursive_no_target_actual,강원,2021,1,2021Q1,교육 서비스업,10024.861289951084
recursive_no_target_actual,강원,2021,1,2021Q1,금융 및 보험업,5339.7824120617815
recursive_no_target_actual,강원,2021,1,2021Q1,도매 및 소매업,6861.6133974055
recursive_no_target_actual,강원,2021,1,2021Q1,문화 및 기타서비스업,5202.355349175591
recursive_no_target_actual,강원,2021,1,2021Q1,보건 및 사회복지업,8074.833514843489
recursive_no_target_actual,강원,2021,1,2021Q1,부동산업,7794.850460949358
recursive_no_target_actual,강원,2021,1,2021Q1,사업서비스업,4988.654815152662
recursive_no_target_actual,강원,2021,1,2021Q1,숙박 및 음식점업,3910.921229028056
recursive_no_target_actual,강원,2021,1,2021Q1,운수 및 창고업,4881.007721609171
recursive_no_target_actual,강원,2021,1,2021Q1,정보통신업,2250.722724811584
recursive_no_target_actual,강원,2021,2,2021Q2,건설업,11798.651771224926
recursive_no_target_actual,강원,2021,2,2021Q2,"공공 행정, 국방·사회보장",29146.452663829492
recursive_no_target_actual,강원,2021,2,2021Q2,"광업, 제조업",14805.56508003578
recursive_no_target_actual,강원,2021,2,2021Q2,교육 서비스업,8678.812224124205
recursive_no_target_actual,강원,2021,2,2021Q2,금융 및 보험업,5328.36232408469
recursive_no_target_actual,강원,2021,2,2021Q2,도매 및 소매업,6958.050686905801
recursive_no_target_actual,강원,2021,2,2021Q2,문화 및 기타서비스업,5208.023982952409
recursive_no_target_actual,강원,2021,2,2021Q2,보건 및 사회복지업,8442.560342278386
recursive_no_target_actual,강원,2021,2,2021Q2,부동산업,7873.7972413383795
recursive_no_target_actual,강원,2021,2,2021Q2,사업서비스업,5559.995168961646
recursive_no_target_actual,강원,2021,2,2021Q2,숙박 및 음식점업,4983.110622297062
recursive_no_target_actual,강원,2021,2,2021Q2,운수 및 창고업,5497.069008475273
recursive_no_target_actual,강원,2021,2,2021Q2,정보통신업,2318.9223112820114
recursive_no_target_actual,강원,2021,3,2021Q3,건설업,10798.975094530464
recursive_no_target_actual,강원,2021,3,2021Q3,"공공 행정, 국방·사회보장",27055.610811316332
recursive_no_target_actual,강원,2021,3,2021Q3,"광업, 제조업",14712.458024535754
recursive_no_target_actual,강원,2021,3,2021Q3,교육 서비스업,9448.377357683063
recursive_no_target_actual,강원,2021,3,2021Q3,금융 및 보험업,5482.984657171688
recursive_no_target_actual,강원,2021,3,2021Q3,도매 및 소매업,6737.006721996438
recursive_no_target_actual,강원,2021,3,2021Q3,문화 및 기타서비스업,5654.800572724612
recursive_no_target_actual,강원,2021,3,2021Q3,보건 및 사회복지업,8466.566566983147
recursive_no_target_actual,강원,2021,3,2021Q3,부동산업,7612.188943913185
recursive_no_target_actual,강원,2021,3,2021Q3,사업서비스업,5537.243770807088
recursive_no_target_actual,강원,2021,3,2021Q3,숙박 및 음식점업,5195.20461781135
recursive_no_target_actual,강원,2021,3,2021Q3,운수 및 창고업,5566.198848898263
recursive_no_target_actual,강원,2021,3,2021Q3,정보통신업,2350.0734096684864
recursive_no_target_actual,강원,2021,4,2021Q4,건설업,12694.850471468264
recursive_no_target_actual,강원,2021,4,2021Q4,"공공 행정, 국방·사회보장",27591.48407528969
recursive_no_target_actual,강원,2021,4,2021Q4,"광업, 제조업",15342.950827556293
recursive_no_target_actual,강원,2021,4,2021Q4,교육 서비스업,9352.384529076384
recursive_no_target_actual,강원,2021,4,2021Q4,금융 및 보험업,5387.501816403676
recursive_no_target_actual,강원,2021,4,2021Q4,도매 및 소매업,7556.7599213064395
recursive_no_target_actual,강원,2021,4,2021Q4,문화 및 기타서비스업,5567.641334261339
recursive_no_target_actual,강원,2021,4,2021Q4,보건 및 사회복지업,8947.556342366704
recursive_no_target_actual,강원,2021,4,2021Q4,부동산업,7468.217167231326
recursive_no_target_actual,강원,2021,4,2021Q4,사업서비스업,6528.761204640463
recursive_no_target_actual,강원,2021,4,2021Q4,숙박 및 음식점업,5952.603323478258
recursive_no_target_actual,강원,2021,4,2021Q4,운수 및 창고업,5832.264918743273
recursive_no_target_actual,강원,2021,4,2021Q4,정보통신업,2621.137319049148
recursive_no_target_actual,강원,2022,1,2022Q1,건설업,8746.359986489124
recursive_no_target_actual,강원,2022,1,2022Q1,"공공 행정, 국방·사회보장",32215.429907834954
recursive_no_target_actual,강원,2022,1,2022Q1,"광업, 제조업",13787.621356786385
recursive_no_target_actual,강원,2022,1,2022Q1,교육 서비스업,10379.499651798586
recursive_no_target_actual,강원,2022,1,2022Q1,금융 및 보험업,5489.190550199911
recursive_no_target_actual,강원,2022,1,2022Q1,도매 및 소매업,6929.231200132744
recursive_no_target_actual,강원,2022,1,2022Q1,문화 및 기타서비스업,5988.206180812827
recursive_no_target_actual,강원,2022,1,2022Q1,보건 및 사회복지업,8770.715804691366
recursive_no_target_actual,강원,2022,1,2022Q1,부동산업,7811.091544432247
recursive_no_target_actual,강원,2022,1,2022Q1,사업서비스업,5269.25890102393
recursive_no_target_actual,강원,2022,1,2022Q1,숙박 및 음식점업,4490.313494238611
recursive_no_target_actual,강원,2022,1,2022Q1,운수 및 창고업,5559.065744684148
recursive_no_target_actual,강원,2022,1,2022Q1,정보통신업,2292.3973257410075
recursive_no_target_actual,강원,2022,2,2022Q2,건설업,12089.476321899045
recursive_no_target_actual,강원,2022,2,2022Q2,"공공 행정, 국방·사회보장",31072.91464939756
recursive_no_target_actual,강원,2022,2,2022Q2,"광업, 제조업",14726.585755438015
recursive_no_target_actual,강원,2022,2,2022Q2,교육 서비스업,8933.632480833963
recursive_no_target_actual,강원,2022,2,2022Q2,금융 및 보험업,5401.0056911013135
recursive_no_target_actual,강원,2022,2,2022Q2,도매 및 소매업,6984.917836457002
recursive_no_target_actual,강원,2022,2,2022Q2,문화 및 기타서비스업,6109.85561020104
recursive_no_target_actual,강원,2022,2,2022Q2,보건 및 사회복지업,9031.247198106723
recursive_no_target_actual,강원,2022,2,2022Q2,부동산업,7773.46664243488
recursive_no_target_actual,강원,2022,2,2022Q2,사업서비스업,5888.247650271987
recursive_no_target_actual,강원,2022,2,2022Q2,숙박 및 음식점업,6094.793598782768
recursive_no_target_actual,강원,2022,2,2022Q2,운수 및 창고업,6465.097368228301
recursive_no_target_actual,강원,2022,2,2022Q2,정보통신업,2384.8389201150567
recursive_no_target_actual,강원,2022,3,2022Q3,건설업,11406.567800530922
recursive_no_target_actual,강원,2022,3,2022Q3,"공공 행정, 국방·사회보장",28909.99324116563
recursive_no_target_actual,강원,2022,3,2022Q3,"광업, 제조업",14687.679175785763
recursive_no_target_actual,강원,2022,3,2022Q3,교육 서비스업,9641.087229858087
recursive_no_target_actual,강원,2022,3,2022Q3,금융 및 보험업,5360.0175603697235
recursive_no_target_actual,강원,2022,3,2022Q3,도매 및 소매업,6837.03732616293
recursive_no_target_actual,강원,2022,3,2022Q3,문화 및 기타서비스업,6955.977025451848
recursive_no_target_actual,강원,2022,3,2022Q3,보건 및 사회복지업,8779.245200955396
recursive_no_target_actual,강원,2022,3,2022Q3,부동산업,7620.665769132255
recursive_no_target_actual,강원,2022,3,2022Q3,사업서비스업,5717.639423735813
recursive_no_target_actual,강원,2022,3,2022Q3,숙박 및 음식점업,6564.7643546135905
recursive_no_target_actual,강원,2022,3,2022Q3,운수 및 창고업,6823.308011450226
recursive_no_target_actual,강원,2022,3,2022Q3,정보통신업,2387.0962088292467
recursive_no_target_actual,강원,2022,4,2022Q4,건설업,13429.384678854849
recursive_no_target_actual,강원,2022,4,2022Q4,"공공 행정, 국방·사회보장",29529.048010266597
recursive_no_target_actual,강원,2022,4,2022Q4,"광업, 제조업",14416.773531900475
recursive_no_target_actual,강원,2022,4,2022Q4,교육 서비스업,9572.666440663152
recursive_no_target_actual,강원,2022,4,2022Q4,금융 및 보험업,5342.398455790814
recursive_no_target_actual,강원,2022,4,2022Q4,도매 및 소매업,7612.601045184632
recursive_no_target_actual,강원,2022,4,2022Q4,문화 및 기타서비스업,6585.786858006223
recursive_no_target_actual,강원,2022,4,2022Q4,보건 및 사회복지업,9284.033818070342
recursive_no_target_actual,강원,2022,4,2022Q4,부동산업,7549.666961482276
recursive_no_target_actual,강원,2022,4,2022Q4,사업서비스업,6865.870314253626
recursive_no_target_actual,강원,2022,4,2022Q4,숙박 및 음식점업,6786.211888448328
recursive_no_target_actual,강원,2022,4,2022Q4,운수 및 창고업,7199.163697885167
recursive_no_target_actual,강원,2022,4,2022Q4,정보통신업,2578.39699427271
recursive_no_target_actual,강원,2023,1,2023Q1,건설업,7853.041502659446
recursive_no_target_actual,강원,2023,1,2023Q1,"공공 행정, 국방·사회보장",31956.93151775842
recursive_no_target_actual,강원,2023,1,2023Q1,"광업, 제조업",13425.381687669864
recursive_no_target_actual,강원,2023,1,2023Q1,교육 서비스업,10636.866153523355
recursive_no_target_actual,강원,2023,1,2023Q1,금융 및 보험업,5651.759750054782
recursive_no_target_actual,강원,2023,1,2023Q1,도매 및 소매업,6908.420599693293
recursive_no_target_actual,강원,2023,1,2023Q1,문화 및 기타서비스업,6625.667934038432
recursive_no_target_actual,강원,2023,1,2023Q1,보건 및 사회복지업,9046.702982684452
recursive_no_target_actual,강원,2023,1,2023Q1,부동산업,8156.177890746381
recursive_no_target_actual,강원,2023,1,2023Q1,사업서비스업,5361.492747066594
recursive_no_target_actual,강원,2023,1,2023Q1,숙박 및 음식점업,4765.222624104217
recursive_no_target_actual,강원,2023,1,2023Q1,운수 및 창고업,6023.503834948216
recursive_no_target_actual,강원,2023,1,2023Q1,정보통신업,2450.60230578157
recursive_no_target_actual,강원,2023,2,2023Q2,건설업,10633.415893835998
recursive_no_target_actual,강원,2023,2,2023Q2,"공공 행정, 국방·사회보장",30735.267195681503
recursive_no_target_actual,강원,2023,2,2023Q2,"광업, 제조업",14833.676585669122
recursive_no_target_actual,강원,2023,2,2023Q2,교육 서비스업,9127.916980120564
recursive_no_target_actual,강원,2023,2,2023Q2,금융 및 보험업,5594.737469883675
recursive_no_target_actual,강원,2023,2,2023Q2,도매 및 소매업,6413.68607589538
recursive_no_target_actual,강원,2023,2,2023Q2,문화 및 기타서비스업,6290.323652342886
recursive_no_target_actual,강원,2023,2,2023Q2,보건 및 사회복지업,9157.783399494623
recursive_no_target_actual,강원,2023,2,2023Q2,부동산업,8164.669037381087
recursive_no_target_actual,강원,2023,2,2023Q2,사업서비스업,6009.782899460268
recursive_no_target_actual,강원,2023,2,2023Q2,숙박 및 음식점업,5428.43554495597
recursive_no_target_actual,강원,2023,2,2023Q2,운수 및 창고업,7671.1364342093275
recursive_no_target_actual,강원,2023,2,2023Q2,정보통신업,2416.706382727666
recursive_no_target_actual,강원,2023,3,2023Q3,건설업,10103.129904366435
recursive_no_target_actual,강원,2023,3,2023Q3,"공공 행정, 국방·사회보장",28612.874445702313
recursive_no_target_actual,강원,2023,3,2023Q3,"광업, 제조업",14977.586323219211
recursive_no_target_actual,강원,2023,3,2023Q3,교육 서비스업,9796.492383498982
recursive_no_target_actual,강원,2023,3,2023Q3,금융 및 보험업,5585.092641697183
recursive_no_target_actual,강원,2023,3,2023Q3,도매 및 소매업,6167.166840824529
recursive_no_target_actual,강원,2023,3,2023Q3,문화 및 기타서비스업,7222.157625823043
recursive_no_target_actual,강원,2023,3,2023Q3,보건 및 사회복지업,9000.495034816517
recursive_no_target_actual,강원,2023,3,2023Q3,부동산업,8061.936584262946
recursive_no_target_actual,강원,2023,3,2023Q3,사업서비스업,5883.823428776502
recursive_no_target_actual,강원,2023,3,2023Q3,숙박 및 음식점업,5724.504371648288
recursive_no_target_actual,강원,2023,3,2023Q3,운수 및 창고업,7914.605482559798
recursive_no_target_actual,강원,2023,3,2023Q3,정보통신업,2495.5282281430377
recursive_no_target_actual,강원,2023,4,2023Q4,건설업,11307.602201608259
recursive_no_target_actual,강원,2023,4,2023Q4,"공공 행정, 국방·사회보장",29010.913924916902
recursive_no_target_actual,강원,2023,4,2023Q4,"광업, 제조업",15513.461056163578
recursive_no_target_actual,강원,2023,4,2023Q4,교육 서비스업,9684.616478014676
recursive_no_target_actual,강원,2023,4,2023Q4,금융 및 보험업,5253.41626079665
recursive_no_target_actual,강원,2023,4,2023Q4,도매 및 소매업,6731.564832853911
recursive_no_target_actual,강원,2023,4,2023Q4,문화 및 기타서비스업,6428.526079260134
recursive_no_target_actual,강원,2023,4,2023Q4,보건 및 사회복지업,9564.706346407804
recursive_no_target_actual,강원,2023,4,2023Q4,부동산업,7985.15882470144
recursive_no_target_actual,강원,2023,4,2023Q4,사업서비스업,7047.649521367108
recursive_no_target_actual,강원,2023,4,2023Q4,숙박 및 음식점업,5959.814742109021
recursive_no_target_actual,강원,2023,4,2023Q4,운수 및 창고업,8195.442797775066
recursive_no_target_actual,강원,2023,4,2023Q4,정보통신업,2718.805950261998
recursive_no_target_actual,강원,2024,1,2024Q1,건설업,8129.464623849898
recursive_no_target_actual,강원,2024,1,2024Q1,"공공 행정, 국방·사회보장",32518.61046300053
recursive_no_target_actual,강원,2024,1,2024Q1,"광업, 제조업",14388.396416879792
recursive_no_target_actual,강원,2024,1,2024Q1,교육 서비스업,10773.284459669034
recursive_no_target_actual,강원,2024,1,2024Q1,금융 및 보험업,5696.710160526213
recursive_no_target_actual,강원,2024,1,2024Q1,도매 및 소매업,6737.664561321717
recursive_no_target_actual,강원,2024,1,2024Q1,문화 및 기타서비스업,6730.10157503093
recursive_no_target_actual,강원,2024,1,2024Q1,보건 및 사회복지업,9400.77830637489
recursive_no_target_actual,강원,2024,1,2024Q1,부동산업,8262.074496619804
recursive_no_target_actual,강원,2024,1,2024Q1,사업서비스업,5468.7557873287315
recursive_no_target_actual,강원,2024,1,2024Q1,숙박 및 음식점업,4805.285136547876
recursive_no_target_actual,강원,2024,1,2024Q1,운수 및 창고업,7095.591191630586
recursive_no_target_actual,강원,2024,1,2024Q1,정보통신업,2511.8653059967937
recursive_no_target_actual,강원,2024,2,2024Q2,건설업,10539.910798947663
recursive_no_target_actual,강원,2024,2,2024Q2,"공공 행정, 국방·사회보장",31623.43229979915
recursive_no_target_actual,강원,2024,2,2024Q2,"광업, 제조업",15498.498947955677
recursive_no_target_actual,강원,2024,2,2024Q2,교육 서비스업,9253.398047885963
recursive_no_target_actual,강원,2024,2,2024Q2,금융 및 보험업,5669.245369271503
recursive_no_target_actual,강원,2024,2,2024Q2,도매 및 소매업,6344.817936417991
recursive_no_target_actual,강원,2024,2,2024Q2,문화 및 기타서비스업,6350.1678138338775
recursive_no_target_actual,강원,2024,2,2024Q2,보건 및 사회복지업,9393.082738616811
recursive_no_target_actual,강원,2024,2,2024Q2,부동산업,8394.387647539337
recursive_no_target_actual,강원,2024,2,2024Q2,사업서비스업,6038.672706942952
recursive_no_target_actual,강원,2024,2,2024Q2,숙박 및 음식점업,5420.136276633176
recursive_no_target_actual,강원,2024,2,2024Q2,운수 및 창고업,8213.96228550205
recursive_no_target_actual,강원,2024,2,2024Q2,정보통신업,2409.8252405380053
recursive_no_target_actual,강원,2024,3,2024Q3,건설업,9457.501036037112
recursive_no_target_actual,강원,2024,3,2024Q3,"공공 행정, 국방·사회보장",29088.898937341364
recursive_no_target_actual,강원,2024,3,2024Q3,"광업, 제조업",15481.007855431288
recursive_no_target_actual,강원,2024,3,2024Q3,교육 서비스업,9873.746587413838
recursive_no_target_actual,강원,2024,3,2024Q3,금융 및 보험업,5877.033247776408
recursive_no_target_actual,강원,2024,3,2024Q3,도매 및 소매업,6089.941493373027
recursive_no_target_actual,강원,2024,3,2024Q3,문화 및 기타서비스업,7174.461497379058
recursive_no_target_actual,강원,2024,3,2024Q3,보건 및 사회복지업,9296.308383459991
recursive_no_target_actual,강원,2024,3,2024Q3,부동산업,8216.304393944092
recursive_no_target_actual,강원,2024,3,2024Q3,사업서비스업,5881.716707576481
recursive_no_target_actual,강원,2024,3,2024Q3,숙박 및 음식점업,5586.819466284887
recursive_no_target_actual,강원,2024,3,2024Q3,운수 및 창고업,8552.804724313808
recursive_no_target_actual,강원,2024,3,2024Q3,정보통신업,2489.570821996839
recursive_no_target_actual,강원,2024,4,2024Q4,건설업,10555.82338747559
recursive_no_target_actual,강원,2024,4,2024Q4,"공공 행정, 국방·사회보장",29593.623522967413
recursive_no_target_actual,강원,2024,4,2024Q4,"광업, 제조업",15865.796605568481
recursive_no_target_actual,강원,2024,4,2024Q4,교육 서비스업,9783.258981105706
recursive_no_target_actual,강원,2024,4,2024Q4,금융 및 보험업,5641.238930057047
recursive_no_target_actual,강원,2024,4,2024Q4,도매 및 소매업,6666.094541540584
recursive_no_target_actual,강원,2024,4,2024Q4,문화 및 기타서비스업,6342.112510023389
recursive_no_target_actual,강원,2024,4,2024Q4,보건 및 사회복지업,10028.791008235383
recursive_no_target_actual,강원,2024,4,2024Q4,부동산업,8124.3743451310065
recursive_no_target_actual,강원,2024,4,2024Q4,사업서비스업,6817.585476098641
recursive_no_target_actual,강원,2024,4,2024Q4,숙박 및 음식점업,5736.872080867554
recursive_no_target_actual,강원,2024,4,2024Q4,운수 및 창고업,8657.63325713381
recursive_no_target_actual,강원,2024,4,2024Q4,정보통신업,2716.90591784043
recursive_no_target_actual,강원,2025,1,2025Q1,건설업,7128.600664716048
recursive_no_target_actual,강원,2025,1,2025Q1,"공공 행정, 국방·사회보장",33115.05975794075
recursive_no_target_actual,강원,2025,1,2025Q1,"광업, 제조업",14463.232433584964
recursive_no_target_actual,강원,2025,1,2025Q1,교육 서비스업,10705.34416865792
recursive_no_target_actual,강원,2025,1,2025Q1,금융 및 보험업,6000.568659768169
recursive_no_target_actual,강원,2025,1,2025Q1,도매 및 소매업,6683.514935039167
recursive_no_target_actual,강원,2025,1,2025Q1,문화 및 기타서비스업,6600.659985430328
recursive_no_target_actual,강원,2025,1,2025Q1,보건 및 사회복지업,9837.53959343535
recursive_no_target_actual,강원,2025,1,2025Q1,부동산업,8228.125711842638
recursive_no_target_actual,강원,2025,1,2025Q1,사업서비스업,5370.087287019208
recursive_no_target_actual,강원,2025,1,2025Q1,숙박 및 음식점업,4645.718426846144
recursive_no_target_actual,강원,2025,1,2025Q1,운수 및 창고업,7342.356623634886
recursive_no_target_actual,강원,2025,1,2025Q1,정보통신업,2538.0426255290367
recursive_no_target_actual,강원,2025,2,2025Q2,건설업,9442.193976610573
recursive_no_target_actual,강원,2025,2,2025Q2,"공공 행정, 국방·사회보장",32088.993890357156
recursive_no_target_actual,강원,2025,2,2025Q2,"광업, 제조업",15877.16504644414
recursive_no_target_actual,강원,2025,2,2025Q2,교육 서비스업,9158.51453710601
recursive_no_target_actual,강원,2025,2,2025Q2,금융 및 보험업,5915.01867702349
recursive_no_target_actual,강원,2025,2,2025Q2,도매 및 소매업,6354.503636342054
recursive_no_target_actual,강원,2025,2,2025Q2,문화 및 기타서비스업,6228.8902548045535
recursive_no_target_actual,강원,2025,2,2025Q2,보건 및 사회복지업,9979.415383157631
recursive_no_target_actual,강원,2025,2,2025Q2,부동산업,8350.911600616222
recursive_no_target_actual,강원,2025,2,2025Q2,사업서비스업,5958.899911997467
recursive_no_target_actual,강원,2025,2,2025Q2,숙박 및 음식점업,5323.679555668237
recursive_no_target_actual,강원,2025,2,2025Q2,운수 및 창고업,8458.103164029792
recursive_no_target_actual,강원,2025,2,2025Q2,정보통신업,2484.215539468062
recursive_no_target_actual,강원,2025,3,2025Q3,건설업,8809.254907946699
recursive_no_target_actual,강원,2025,3,2025Q3,"공공 행정, 국방·사회보장",29545.12541059951
recursive_no_target_actual,강원,2025,3,2025Q3,"광업, 제조업",16048.506481262044
recursive_no_target_actual,강원,2025,3,2025Q3,교육 서비스업,9897.971508255048
recursive_no_target_actual,강원,2025,3,2025Q3,금융 및 보험업,6079.195886532673
recursive_no_target_actual,강원,2025,3,2025Q3,도매 및 소매업,6346.0913750727295
recursive_no_target_actual,강원,2025,3,2025Q3,문화 및 기타서비스업,7297.749707857041
recursive_no_target_actual,강원,2025,3,2025Q3,보건 및 사회복지업,9756.006595487062
recursive_no_target_actual,강원,2025,3,2025Q3,부동산업,8273.250942624865
recursive_no_target_actual,강원,2025,3,2025Q3,사업서비스업,5981.377366626057
recursive_no_target_actual,강원,2025,3,2025Q3,숙박 및 음식점업,5681.861230027578
recursive_no_target_actual,강원,2025,3,2025Q3,운수 및 창고업,8719.141990875429
recursive_no_target_actual,강원,2025,3,2025Q3,정보통신업,2542.988695074033
recursive_no_target_actual,강원,2025,4,2025Q4,건설업,9748.356725924103
recursive_no_target_actual,강원,2025,4,2025Q4,"공공 행정, 국방·사회보장",30269.894847753443
recursive_no_target_actual,강원,2025,4,2025Q4,"광업, 제조업",16193.985020294387
recursive_no_target_actual,강원,2025,4,2025Q4,교육 서비스업,9792.824769143528
recursive_no_target_actual,강원,2025,4,2025Q4,금융 및 보험업,5983.665457712468
recursive_no_target_actual,강원,2025,4,2025Q4,도매 및 소매업,6917.421224655022
recursive_no_target_actual,강원,2025,4,2025Q4,문화 및 기타서비스업,6233.485349293491
recursive_no_target_actual,강원,2025,4,2025Q4,보건 및 사회복지업,10741.479372574368
recursive_no_target_actual,강원,2025,4,2025Q4,부동산업,8267.76693124036
recursive_no_target_actual,강원,2025,4,2025Q4,사업서비스업,6883.088751737288
recursive_no_target_actual,강원,2025,4,2025Q4,숙박 및 음식점업,5768.5949477972135
recursive_no_target_actual,강원,2025,4,2025Q4,운수 및 창고업,8729.030511010465
recursive_no_target_actual,강원,2025,4,2025Q4,정보통신업,2773.3204876187992
recursive_no_target_actual,경기도,2021,1,2021Q1,건설업,60848.33294290838
recursive_no_target_actual,경기도,2021,1,2021Q1,"공공 행정, 국방·사회보장",63201.09246738965
recursive_no_target_actual,경기도,2021,1,2021Q1,"광업, 제조업",473572.51880883286
recursive_no_target_actual,경기도,2021,1,2021Q1,교육 서비스업,54718.26666190129
recursive_no_target_actual,경기도,2021,1,2021Q1,금융 및 보험업,43256.84522456882
recursive_no_target_actual,경기도,2021,1,2021Q1,도매 및 소매업,100025.52346801363
recursive_no_target_actual,경기도,2021,1,2021Q1,문화 및 기타서비스업,36876.7113188085
recursive_no_target_actual,경기도,2021,1,2021Q1,보건 및 사회복지업,58240.6570242664
recursive_no_target_actual,경기도,2021,1,2021Q1,부동산업,109606.21802955837
recursive_no_target_actual,경기도,2021,1,2021Q1,사업서비스업,69496.32225612816
recursive_no_target_actual,경기도,2021,1,2021Q1,숙박 및 음식점업,20723.057071613475
recursive_no_target_actual,경기도,2021,1,2021Q1,운수 및 창고업,35450.750402043086
recursive_no_target_actual,경기도,2021,1,2021Q1,정보통신업,58904.76467686879
recursive_no_target_actual,경기도,2021,2,2021Q2,건설업,84849.53916964789
recursive_no_target_actual,경기도,2021,2,2021Q2,"공공 행정, 국방·사회보장",61311.474705257104
recursive_no_target_actual,경기도,2021,2,2021Q2,"광업, 제조업",508492.09949056356
recursive_no_target_actual,경기도,2021,2,2021Q2,교육 서비스업,47371.18528155855
recursive_no_target_actual,경기도,2021,2,2021Q2,금융 및 보험업,43164.33265758479
recursive_no_target_actual,경기도,2021,2,2021Q2,도매 및 소매업,101431.34303338749
recursive_no_target_actual,경기도,2021,2,2021Q2,문화 및 기타서비스업,36916.89322821861
recursive_no_target_actual,경기도,2021,2,2021Q2,보건 및 사회복지업,60892.92867740804
recursive_no_target_actual,경기도,2021,2,2021Q2,부동산업,110716.31732747317
recursive_no_target_actual,경기도,2021,2,2021Q2,사업서비스업,77455.59280450031
recursive_no_target_actual,경기도,2021,2,2021Q2,숙박 및 음식점업,26404.337948194596
recursive_no_target_actual,경기도,2021,2,2021Q2,운수 및 창고업,39925.202432996135
recursive_no_target_actual,경기도,2021,2,2021Q2,정보통신업,60689.64939314879
recursive_no_target_actual,경기도,2021,3,2021Q3,건설업,77660.40375139289
recursive_no_target_actual,경기도,2021,3,2021Q3,"공공 행정, 국방·사회보장",56913.251743732195
recursive_no_target_actual,경기도,2021,3,2021Q3,"광업, 제조업",505294.3693213563
recursive_no_target_actual,경기도,2021,3,2021Q3,교육 서비스업,51571.66935548639
recursive_no_target_actual,경기도,2021,3,2021Q3,금융 및 보험업,44416.90697887132
recursive_no_target_actual,경기도,2021,3,2021Q3,도매 및 소매업,98209.06322557078
recursive_no_target_actual,경기도,2021,3,2021Q3,문화 및 기타서비스업,40083.85323367884
recursive_no_target_actual,경기도,2021,3,2021Q3,보건 및 사회복지업,61066.07630910935
recursive_no_target_actual,경기도,2021,3,2021Q3,부동산업,107037.74822219297
recursive_no_target_actual,경기도,2021,3,2021Q3,사업서비스업,77138.6459407638
recursive_no_target_actual,경기도,2021,3,2021Q3,숙박 및 음식점업,27528.17443484289
recursive_no_target_actual,경기도,2021,3,2021Q3,운수 및 창고업,40427.29234105318
recursive_no_target_actual,경기도,2021,3,2021Q3,정보통신업,61504.92001695915
recursive_no_target_actual,경기도,2021,4,2021Q4,건설업,91294.51679883254
recursive_no_target_actual,경기도,2021,4,2021Q4,"공공 행정, 국방·사회보장",58040.4962989538
recursive_no_target_actual,경기도,2021,4,2021Q4,"광업, 제조업",526948.4303037304
recursive_no_target_actual,경기도,2021,4,2021Q4,교육 서비스업,51047.715852150075
recursive_no_target_actual,경기도,2021,4,2021Q4,금융 및 보험업,43643.41357671052
recursive_no_target_actual,경기도,2021,4,2021Q4,도매 및 소매업,110159.0578006901
recursive_no_target_actual,경기도,2021,4,2021Q4,문화 및 기타서비스업,39466.02806414546
recursive_no_target_actual,경기도,2021,4,2021Q4,보건 및 사회복지업,64535.269883044675
recursive_no_target_actual,경기도,2021,4,2021Q4,부동산업,105013.30887930238
recursive_no_target_actual,경기도,2021,4,2021Q4,사업서비스업,90951.35049890525
recursive_no_target_actual,경기도,2021,4,2021Q4,숙박 및 음식점업,31541.453067765447
recursive_no_target_actual,경기도,2021,4,2021Q4,운수 및 창고업,42359.72973318629
recursive_no_target_actual,경기도,2021,4,2021Q4,정보통신업,68599.06609654638
recursive_no_target_actual,경기도,2022,1,2022Q1,건설업,62218.510909288474
recursive_no_target_actual,경기도,2022,1,2022Q1,"공공 행정, 국방·사회보장",66959.11311916902
recursive_no_target_actual,경기도,2022,1,2022Q1,"광업, 제조업",501952.53641740605
recursive_no_target_actual,경기도,2022,1,2022Q1,교육 서비스업,56761.86596475959
recursive_no_target_actual,경기도,2022,1,2022Q1,금융 및 보험업,45083.482180591775
recursive_no_target_actual,경기도,2022,1,2022Q1,도매 및 소매업,105585.96375772094
recursive_no_target_actual,경기도,2022,1,2022Q1,문화 및 기타서비스업,38452.74807368367
recursive_no_target_actual,경기도,2022,1,2022Q1,보건 및 사회복지업,64262.2048981301
recursive_no_target_actual,경기도,2022,1,2022Q1,부동산업,107993.4905420726
recursive_no_target_actual,경기도,2022,1,2022Q1,사업서비스업,71352.64042666621
recursive_no_target_actual,경기도,2022,1,2022Q1,숙박 및 음식점업,21957.320163156437
recursive_no_target_actual,경기도,2022,1,2022Q1,운수 및 창고업,38384.99071997617
recursive_no_target_actual,경기도,2022,1,2022Q1,정보통신업,61740.33383466923
recursive_no_target_actual,경기도,2022,2,2022Q2,건설업,86000.25788826428
recursive_no_target_actual,경기도,2022,2,2022Q2,"공공 행정, 국방·사회보장",64584.41848839893
recursive_no_target_actual,경기도,2022,2,2022Q2,"광업, 제조업",536136.501099381
recursive_no_target_actual,경기도,2022,2,2022Q2,교육 서비스업,48854.9223437423
recursive_no_target_actual,경기도,2022,2,2022Q2,금융 및 보험업,44359.20772019345
recursive_no_target_actual,경기도,2022,2,2022Q2,도매 및 소매업,106434.50337126561
recursive_no_target_actual,경기도,2022,2,2022Q2,문화 및 기타서비스업,39233.90936311298
recursive_no_target_actual,경기도,2022,2,2022Q2,보건 및 사회복지업,66171.09376864825
recursive_no_target_actual,경기도,2022,2,2022Q2,부동산업,107473.30146543894
recursive_no_target_actual,경기도,2022,2,2022Q2,사업서비스업,79734.55569840697
recursive_no_target_actual,경기도,2022,2,2022Q2,숙박 및 음식점업,29803.116096133814
recursive_no_target_actual,경기도,2022,2,2022Q2,운수 및 창고업,44641.08069246908
recursive_no_target_actual,경기도,2022,2,2022Q2,정보통신업,64230.030901044054
recursive_no_target_actual,경기도,2022,3,2022Q3,건설업,81142.28824690217
recursive_no_target_actual,경기도,2022,3,2022Q3,"공공 행정, 국방·사회보장",60088.83051530622
recursive_no_target_actual,경기도,2022,3,2022Q3,"광업, 제조업",534720.0670507218
recursive_no_target_actual,경기도,2022,3,2022Q3,교육 서비스업,52723.745792595306
recursive_no_target_actual,경기도,2022,3,2022Q3,금융 및 보험업,44022.566526094975
recursive_no_target_actual,경기도,2022,3,2022Q3,도매 및 소매업,104181.13560947354
recursive_no_target_actual,경기도,2022,3,2022Q3,문화 및 기타서비스업,44667.20485060598
recursive_no_target_actual,경기도,2022,3,2022Q3,보건 및 사회복지업,64324.69897758518
recursive_no_target_actual,경기도,2022,3,2022Q3,부동산업,105360.72864869997
recursive_no_target_actual,경기도,2022,3,2022Q3,사업서비스업,77424.29771516359
recursive_no_target_actual,경기도,2022,3,2022Q3,숙박 및 음식점업,32101.240351007866
recursive_no_target_actual,경기도,2022,3,2022Q3,운수 및 창고업,47114.50209947773
recursive_no_target_actual,경기도,2022,3,2022Q3,정보통신업,64290.82566694715
recursive_no_target_actual,경기도,2022,4,2022Q4,건설업,95531.89194557296
recursive_no_target_actual,경기도,2022,4,2022Q4,"공공 행정, 국방·사회보장",61375.523209762905
recursive_no_target_actual,경기도,2022,4,2022Q4,"광업, 제조업",524857.4684516473
recursive_no_target_actual,경기도,2022,4,2022Q4,교육 서비스업,52349.57634360717
recursive_no_target_actual,경기도,2022,4,2022Q4,금융 및 보험업,43877.858380138496
recursive_no_target_actual,경기도,2022,4,2022Q4,도매 및 소매업,115998.98962001078
recursive_no_target_actual,경기도,2022,4,2022Q4,문화 및 기타서비스업,42290.06070788223
recursive_no_target_actual,경기도,2022,4,2022Q4,보건 및 사회복지업,68023.23741682332
recursive_no_target_actual,경기도,2022,4,2022Q4,부동산업,104379.1233226285
recursive_no_target_actual,경기도,2022,4,2022Q4,사업서비스업,92972.84209243601
recursive_no_target_actual,경기도,2022,4,2022Q4,숙박 및 음식점업,33184.10336402233
recursive_no_target_actual,경기도,2022,4,2022Q4,운수 및 창고업,49709.76139275943
recursive_no_target_actual,경기도,2022,4,2022Q4,정보통신업,69443.06268253345
recursive_no_target_actual,경기도,2023,1,2023Q1,건설업,66736.9272191608
recursive_no_target_actual,경기도,2023,1,2023Q1,"공공 행정, 국방·사회보장",68397.98097311248
recursive_no_target_actual,경기도,2023,1,2023Q1,"광업, 제조업",488418.6270613342
recursive_no_target_actual,경기도,2023,1,2023Q1,교육 서비스업,57432.50689371318
recursive_no_target_actual,경기도,2023,1,2023Q1,금융 및 보험업,47166.43603104667
recursive_no_target_actual,경기도,2023,1,2023Q1,도매 및 소매업,109370.48276189591
recursive_no_target_actual,경기도,2023,1,2023Q1,문화 및 기타서비스업,44422.43045296549
recursive_no_target_actual,경기도,2023,1,2023Q1,보건 및 사회복지업,68341.90635272082
recursive_no_target_actual,경기도,2023,1,2023Q1,부동산업,108470.05299592057
recursive_no_target_actual,경기도,2023,1,2023Q1,사업서비스업,76380.70752835392
recursive_no_target_actual,경기도,2023,1,2023Q1,숙박 및 음식점업,24804.37574226677
recursive_no_target_actual,경기도,2023,1,2023Q1,운수 및 창고업,42787.50153770864
recursive_no_target_actual,경기도,2023,1,2023Q1,정보통신업,63910.83853699267
recursive_no_target_actual,경기도,2023,2,2023Q2,건설업,90365.17919301448
recursive_no_target_actual,경기도,2023,2,2023Q2,"공공 행정, 국방·사회보장",65783.2313995962
recursive_no_target_actual,경기도,2023,2,2023Q2,"광업, 제조업",539652.7354524574
recursive_no_target_actual,경기도,2023,2,2023Q2,교육 서비스업,49285.113427169235
recursive_no_target_actual,경기도,2023,2,2023Q2,금융 및 보험업,46690.559870527126
recursive_no_target_actual,경기도,2023,2,2023Q2,도매 및 소매업,101538.10589283894
recursive_no_target_actual,경기도,2023,2,2023Q2,문화 및 기타서비스업,42174.08233474939
recursive_no_target_actual,경기도,2023,2,2023Q2,보건 및 사회복지업,69181.04603242424
recursive_no_target_actual,경기도,2023,2,2023Q2,부동산업,108582.97784108705
recursive_no_target_actual,경기도,2023,2,2023Q2,사업서비스업,85616.35566955211
recursive_no_target_actual,경기도,2023,2,2023Q2,숙박 및 음식점업,28256.59272846173
recursive_no_target_actual,경기도,2023,2,2023Q2,운수 및 창고업,54491.33444065056
recursive_no_target_actual,경기도,2023,2,2023Q2,정보통신업,63026.84489173675
recursive_no_target_actual,경기도,2023,3,2023Q3,건설업,85858.68862212088
recursive_no_target_actual,경기도,2023,3,2023Q3,"공공 행정, 국방·사회보장",61240.63697528863
recursive_no_target_actual,경기도,2023,3,2023Q3,"광업, 제조업",544888.206448379
recursive_no_target_actual,경기도,2023,3,2023Q3,교육 서비스업,52895.00762996309
recursive_no_target_actual,경기도,2023,3,2023Q3,금융 및 보험업,46610.06951145195
recursive_no_target_actual,경기도,2023,3,2023Q3,도매 및 소매업,97635.34297319427
recursive_no_target_actual,경기도,2023,3,2023Q3,문화 및 기타서비스업,48421.65318990428
recursive_no_target_actual,경기도,2023,3,2023Q3,보건 및 사회복지업,67992.83561921866
recursive_no_target_actual,경기도,2023,3,2023Q3,부동산업,107216.72580693653
recursive_no_target_actual,경기도,2023,3,2023Q3,사업서비스업,83821.91633248747
recursive_no_target_actual,경기도,2023,3,2023Q3,숙박 및 음식점업,29797.717456968792
recursive_no_target_actual,경기도,2023,3,2023Q3,운수 및 창고업,56220.798315187916
recursive_no_target_actual,경기도,2023,3,2023Q3,정보통신업,65082.49065018755
recursive_no_target_actual,경기도,2023,4,2023Q4,건설업,96094.56729553695
recursive_no_target_actual,경기도,2023,4,2023Q4,"공공 행정, 국방·사회보장",62092.56785328104
recursive_no_target_actual,경기도,2023,4,2023Q4,"광업, 제조업",564383.4586080943
recursive_no_target_actual,경기도,2023,4,2023Q4,교육 서비스업,52290.94684549609
recursive_no_target_actual,경기도,2023,4,2023Q4,금융 및 보험업,43842.08334526673
recursive_no_target_actual,경기도,2023,4,2023Q4,도매 및 소매업,106570.59524501435
recursive_no_target_actual,경기도,2023,4,2023Q4,문화 및 기타서비스업,43100.67385114924
recursive_no_target_actual,경기도,2023,4,2023Q4,보건 및 사회복지업,72255.08195290736
recursive_no_target_actual,경기도,2023,4,2023Q4,부동산업,106195.64856216565
recursive_no_target_actual,경기도,2023,4,2023Q4,사업서비스업,100401.97427263223
recursive_no_target_actual,경기도,2023,4,2023Q4,숙박 및 음식점업,31022.57667245135
recursive_no_target_actual,경기도,2023,4,2023Q4,운수 및 창고업,58215.70483237162
recursive_no_target_actual,경기도,2023,4,2023Q4,정보통신업,70905.49441280798
recursive_no_target_actual,경기도,2024,1,2024Q1,건설업,69086.03357678454
recursive_no_target_actual,경기도,2024,1,2024Q1,"공공 행정, 국방·사회보장",69600.15227007568
recursive_no_target_actual,경기도,2024,1,2024Q1,"광업, 제조업",523453.3354087727
recursive_no_target_actual,경기도,2024,1,2024Q1,교육 서비스업,58169.08148204202
recursive_no_target_actual,경기도,2024,1,2024Q1,금융 및 보험업,47541.56709709199
recursive_no_target_actual,경기도,2024,1,2024Q1,도매 및 소매업,106667.16293912233
recursive_no_target_actual,경기도,2024,1,2024Q1,문화 및 기타서비스업,45122.61588334391
recursive_no_target_actual,경기도,2024,1,2024Q1,보건 및 사회복지업,71016.71314805576
recursive_no_target_actual,경기도,2024,1,2024Q1,부동산업,109878.3855022788
recursive_no_target_actual,경기도,2024,1,2024Q1,사업서비스업,77908.79444245948
recursive_no_target_actual,경기도,2024,1,2024Q1,숙박 및 음식점업,25012.91282231947
recursive_no_target_actual,경기도,2024,1,2024Q1,운수 및 창고업,50402.99256744072
recursive_no_target_actual,경기도,2024,1,2024Q1,정보통신업,65508.555843391005
recursive_no_target_actual,경기도,2024,2,2024Q2,건설업,89570.5516961306
recursive_no_target_actual,경기도,2024,2,2024Q2,"공공 행정, 국방·사회보장",67684.18674816162
recursive_no_target_actual,경기도,2024,2,2024Q2,"광업, 제조업",563839.1334992179
recursive_no_target_actual,경기도,2024,2,2024Q2,교육 서비스업,49962.63368411819
recursive_no_target_actual,경기도,2024,2,2024Q2,금융 및 보험업,47312.361260837395
recursive_no_target_actual,경기도,2024,2,2024Q2,도매 및 소매업,100447.82171675823
recursive_no_target_actual,경기도,2024,2,2024Q2,문화 및 기타서비스업,42575.31329415084
recursive_no_target_actual,경기도,2024,2,2024Q2,보건 및 사회복지업,70958.5781819736
recursive_no_target_actual,경기도,2024,2,2024Q2,부동산업,111638.0350200489
recursive_no_target_actual,경기도,2024,2,2024Q2,사업서비스업,86027.92461872072
recursive_no_target_actual,경기도,2024,2,2024Q2,숙박 및 음식점업,28213.39261251685
recursive_no_target_actual,경기도,2024,2,2024Q2,운수 및 창고업,58347.25660544404
recursive_no_target_actual,경기도,2024,2,2024Q2,정보통신업,62847.3871452081
recursive_no_target_actual,경기도,2024,3,2024Q3,건설업,80371.98811484718
recursive_no_target_actual,경기도,2024,3,2024Q3,"공공 행정, 국방·사회보장",62259.48054303763
recursive_no_target_actual,경기도,2024,3,2024Q3,"광업, 제조업",563202.8033303401
recursive_no_target_actual,경기도,2024,3,2024Q3,교육 서비스업,53312.13261159488
recursive_no_target_actual,경기도,2024,3,2024Q3,금융 및 보험업,49046.44305358053
recursive_no_target_actual,경기도,2024,3,2024Q3,도매 및 소매업,96412.75187435455
recursive_no_target_actual,경기도,2024,3,2024Q3,문화 및 기타서비스업,48101.869891107526
recursive_no_target_actual,경기도,2024,3,2024Q3,보건 및 사회복지업,70227.51141321473
recursive_no_target_actual,경기도,2024,3,2024Q3,부동산업,109269.68305250807
recursive_no_target_actual,경기도,2024,3,2024Q3,사업서비스업,83791.90363576032
recursive_no_target_actual,경기도,2024,3,2024Q3,숙박 및 음식점업,29081.027304992058
recursive_no_target_actual,경기도,2024,3,2024Q3,운수 및 창고업,60754.1981080925
recursive_no_target_actual,경기도,2024,3,2024Q3,정보통신업,64927.12361188406
recursive_no_target_actual,경기도,2024,4,2024Q4,건설업,89705.7804813213
recursive_no_target_actual,경기도,2024,4,2024Q4,"공공 행정, 국방·사회보장",63339.75142527577
recursive_no_target_actual,경기도,2024,4,2024Q4,"광업, 제조업",577201.5109591341
recursive_no_target_actual,경기도,2024,4,2024Q4,교육 서비스업,52823.55543124126
recursive_no_target_actual,경기도,2024,4,2024Q4,금융 및 보험업,47078.63513267824
recursive_no_target_actual,경기도,2024,4,2024Q4,도매 및 소매업,105534.10401461383
recursive_no_target_actual,경기도,2024,4,2024Q4,문화 및 기타서비스업,42521.3057319154
recursive_no_target_actual,경기도,2024,4,2024Q4,보건 및 사회복지업,75760.93713120384
recursive_no_target_actual,경기도,2024,4,2024Q4,부동산업,108047.09357490651
recursive_no_target_actual,경기도,2024,4,2024Q4,사업서비스업,97124.44404300449
recursive_no_target_actual,경기도,2024,4,2024Q4,숙박 및 음식점업,29862.09499622457
recursive_no_target_actual,경기도,2024,4,2024Q4,운수 및 창고업,61498.8396210949
recursive_no_target_actual,경기도,2024,4,2024Q4,정보통신업,70855.9422414812
recursive_no_target_actual,경기도,2025,1,2025Q1,건설업,60580.46472497385
recursive_no_target_actual,경기도,2025,1,2025Q1,"공공 행정, 국방·사회보장",70876.74315628379
recursive_no_target_actual,경기도,2025,1,2025Q1,"광업, 제조업",526175.8877640215
recursive_no_target_actual,경기도,2025,1,2025Q1,교육 서비스업,57802.24587693627
recursive_no_target_actual,경기도,2025,1,2025Q1,금융 및 보험업,50077.40073135902
recursive_no_target_actual,경기도,2025,1,2025Q1,도매 및 소매업,105809.89452553418
recursive_no_target_actual,경기도,2025,1,2025Q1,문화 및 기타서비스업,44254.76224669943
recursive_no_target_actual,경기도,2025,1,2025Q1,보건 및 사회복지업,74316.1581542543
recursive_no_target_actual,경기도,2025,1,2025Q1,부동산업,109426.89627126238
recursive_no_target_actual,경기도,2025,1,2025Q1,사업서비스업,76503.14675814127
recursive_no_target_actual,경기도,2025,1,2025Q1,숙박 및 음식점업,24182.3214868007
recursive_no_target_actual,경기도,2025,1,2025Q1,운수 및 창고업,52155.87205264621
recursive_no_target_actual,경기도,2025,1,2025Q1,정보통신업,66191.2510477534
recursive_no_target_actual,경기도,2025,2,2025Q2,건설업,80241.90525325242
recursive_no_target_actual,경기도,2025,2,2025Q2,"공공 행정, 국방·사회보장",68680.63638523342
recursive_no_target_actual,경기도,2025,2,2025Q2,"광업, 제조업",577615.0975828512
recursive_no_target_actual,경기도,2025,2,2025Q2,교육 서비스업,49450.32133494339
recursive_no_target_actual,경기도,2025,2,2025Q2,금융 및 보험업,49363.44826928826
recursive_no_target_actual,경기도,2025,2,2025Q2,도매 및 소매업,100601.16062560066
recursive_no_target_actual,경기도,2025,2,2025Q2,문화 및 기타서비스업,41762.19618880839
recursive_no_target_actual,경기도,2025,2,2025Q2,보건 및 사회복지업,75387.93667439329
recursive_no_target_actual,경기도,2025,2,2025Q2,부동산업,111059.84151115624
recursive_no_target_actual,경기도,2025,2,2025Q2,사업서비스업,84891.46826096773
recursive_no_target_actual,경기도,2025,2,2025Q2,숙박 및 음식점업,27711.307203625576
recursive_no_target_actual,경기도,2025,2,2025Q2,운수 및 창고업,60081.49277456786
recursive_no_target_actual,경기도,2025,2,2025Q2,정보통신업,64787.459743858984
recursive_no_target_actual,경기도,2025,3,2025Q3,건설업,74863.04554070924
recursive_no_target_actual,경기도,2025,3,2025Q3,"공공 행정, 국방·사회보장",63235.95006483763
recursive_no_target_actual,경기도,2025,3,2025Q3,"광업, 제조업",583848.5403481573
recursive_no_target_actual,경기도,2025,3,2025Q3,교육 서비스업,53442.93222053342
recursive_no_target_actual,경기도,2025,3,2025Q3,금융 및 보험업,50733.5797314396
recursive_no_target_actual,경기도,2025,3,2025Q3,도매 및 소매업,100467.9821280167
recursive_no_target_actual,경기도,2025,3,2025Q3,문화 및 기타서비스업,48928.467603240475
recursive_no_target_actual,경기도,2025,3,2025Q3,보건 및 사회복지업,73700.22984080092
recursive_no_target_actual,경기도,2025,3,2025Q3,부동산업,110027.02248723844
recursive_no_target_actual,경기도,2025,3,2025Q3,사업서비스업,85211.68577667871
recursive_no_target_actual,경기도,2025,3,2025Q3,숙박 및 음식점업,29575.747448214035
recursive_no_target_actual,경기도,2025,3,2025Q3,운수 및 창고업,61935.76223485375
recursive_no_target_actual,경기도,2025,3,2025Q3,정보통신업,66320.24278637095
recursive_no_target_actual,경기도,2025,4,2025Q4,건설업,82843.74571356778
recursive_no_target_actual,경기도,2025,4,2025Q4,"공공 행정, 국방·사회보장",64787.18680184414
recursive_no_target_actual,경기도,2025,4,2025Q4,"광업, 제조업",589141.0847207559
recursive_no_target_actual,경기도,2025,4,2025Q4,교육 서비스업,52875.2047779094
recursive_no_target_actual,경기도,2025,4,2025Q4,금융 및 보험업,49936.33603049795
recursive_no_target_actual,경기도,2025,4,2025Q4,도매 및 소매업,109512.97592411979
recursive_no_target_actual,경기도,2025,4,2025Q4,문화 및 기타서비스업,41793.004443522004
recursive_no_target_actual,경기도,2025,4,2025Q4,보건 및 사회복지업,81144.83019672768
recursive_no_target_actual,경기도,2025,4,2025Q4,부동산업,109954.08991839606
recursive_no_target_actual,경기도,2025,4,2025Q4,사업서비스업,98057.61448167417
recursive_no_target_actual,경기도,2025,4,2025Q4,숙박 및 음식점업,30027.221785257458
recursive_no_target_actual,경기도,2025,4,2025Q4,운수 및 창고업,62006.00458583038
recursive_no_target_actual,경기도,2025,4,2025Q4,정보통신업,72327.21420255503
recursive_no_target_actual,경남,2021,1,2021Q1,건설업,10925.40975415684
recursive_no_target_actual,경남,2021,1,2021Q1,"공공 행정, 국방·사회보장",26903.624439463318
recursive_no_target_actual,경남,2021,1,2021Q1,"광업, 제조업",100401.96870884295
recursive_no_target_actual,경남,2021,1,2021Q1,교육 서비스업,15739.849977781798
recursive_no_target_actual,경남,2021,1,2021Q1,금융 및 보험업,11136.278958244298
recursive_no_target_actual,경남,2021,1,2021Q1,도매 및 소매업,14714.828445564266
recursive_no_target_actual,경남,2021,1,2021Q1,문화 및 기타서비스업,8341.087113838976
recursive_no_target_actual,경남,2021,1,2021Q1,보건 및 사회복지업,16104.769326663785
recursive_no_target_actual,경남,2021,1,2021Q1,부동산업,17876.29362952475
recursive_no_target_actual,경남,2021,1,2021Q1,사업서비스업,10901.845755345483
recursive_no_target_actual,경남,2021,1,2021Q1,숙박 및 음식점업,4629.63410713084
recursive_no_target_actual,경남,2021,1,2021Q1,운수 및 창고업,8769.957794806855
recursive_no_target_actual,경남,2021,1,2021Q1,정보통신업,4696.178358565581
recursive_no_target_actual,경남,2021,2,2021Q2,건설업,15234.862453003716
recursive_no_target_actual,경남,2021,2,2021Q2,"공공 행정, 국방·사회보장",26099.24646715557
recursive_no_target_actual,경남,2021,2,2021Q2,"광업, 제조업",107805.25861204846
recursive_no_target_actual,경남,2021,2,2021Q2,교육 서비스업,13626.443143905119
recursive_no_target_actual,경남,2021,2,2021Q2,금융 및 보험업,11112.462016723739
recursive_no_target_actual,경남,2021,2,2021Q2,도매 및 소매업,14921.639597484995
recursive_no_target_actual,경남,2021,2,2021Q2,문화 및 기타서비스업,8350.175798670236
recursive_no_target_actual,경남,2021,2,2021Q2,보건 및 사회복지업,16838.17834620314
recursive_no_target_actual,경남,2021,2,2021Q2,부동산업,18057.345958162732
recursive_no_target_actual,경남,2021,2,2021Q2,사업서비스업,12150.411679792884
recursive_no_target_actual,경남,2021,2,2021Q2,숙박 및 음식점업,5898.860535814429
recursive_no_target_actual,경남,2021,2,2021Q2,운수 및 창고업,9876.866817079186
recursive_no_target_actual,경남,2021,2,2021Q2,정보통신업,4838.478171205698
recursive_no_target_actual,경남,2021,3,2021Q3,건설업,13944.042369300641
recursive_no_target_actual,경남,2021,3,2021Q3,"공공 행정, 국방·사회보장",24226.998154059645
recursive_no_target_actual,경남,2021,3,2021Q3,"광업, 제조업",107127.30879098279
recursive_no_target_actual,경남,2021,3,2021Q3,교육 서비스업,14834.723178910683
recursive_no_target_actual,경남,2021,3,2021Q3,금융 및 보험업,11434.931604724521
recursive_no_target_actual,경남,2021,3,2021Q3,도매 및 소매업,14447.607641123464
recursive_no_target_actual,경남,2021,3,2021Q3,문화 및 기타서비스업,9066.50565420469
recursive_no_target_actual,경남,2021,3,2021Q3,보건 및 사회복지업,16886.057316161292
recursive_no_target_actual,경남,2021,3,2021Q3,부동산업,17457.387464523687
recursive_no_target_actual,경남,2021,3,2021Q3,사업서비스업,12100.692418270506
recursive_no_target_actual,경남,2021,3,2021Q3,숙박 및 음식점업,6149.931201278747
recursive_no_target_actual,경남,2021,3,2021Q3,운수 및 창고업,10001.075959422335
recursive_no_target_actual,경남,2021,3,2021Q3,정보통신업,4903.475566253707
recursive_no_target_actual,경남,2021,4,2021Q4,건설업,16392.06788575211
recursive_no_target_actual,경남,2021,4,2021Q4,"공공 행정, 국방·사회보장",24706.846887382726
recursive_no_target_actual,경남,2021,4,2021Q4,"광업, 제조업",111718.17981246901
recursive_no_target_actual,경남,2021,4,2021Q4,교육 서비스업,14684.00660762739
recursive_no_target_actual,경남,2021,4,2021Q4,금융 및 보험업,11235.79923031984
recursive_no_target_actual,경남,2021,4,2021Q4,도매 및 소매업,16205.580146556396
recursive_no_target_actual,경남,2021,4,2021Q4,문화 및 기타서비스업,8926.760720996075
recursive_no_target_actual,경남,2021,4,2021Q4,보건 및 사회복지업,17845.362466762424
recursive_no_target_actual,경남,2021,4,2021Q4,부동산업,17127.21028316236
recursive_no_target_actual,경남,2021,4,2021Q4,사업서비스업,14267.48297161863
recursive_no_target_actual,경남,2021,4,2021Q4,숙박 및 음식점업,7046.517625578503
recursive_no_target_actual,경남,2021,4,2021Q4,운수 및 창고업,10479.130561311304
recursive_no_target_actual,경남,2021,4,2021Q4,정보통신업,5469.055880074109
recursive_no_target_actual,경남,2022,1,2022Q1,건설업,10352.405822805687
recursive_no_target_actual,경남,2022,1,2022Q1,"공공 행정, 국방·사회보장",26570.460707923787
recursive_no_target_actual,경남,2022,1,2022Q1,"광업, 제조업",97996.85008159396
recursive_no_target_actual,경남,2022,1,2022Q1,교육 서비스업,16505.216938140693
recursive_no_target_actual,경남,2022,1,2022Q1,금융 및 보험업,11381.236553593943
recursive_no_target_actual,경남,2022,1,2022Q1,도매 및 소매업,15274.013590459215
recursive_no_target_actual,경남,2022,1,2022Q1,문화 및 기타서비스업,8700.671134970764
recursive_no_target_actual,경남,2022,1,2022Q1,보건 및 사회복지업,17329.16313980057
recursive_no_target_actual,경남,2022,1,2022Q1,부동산업,18162.259296776698
recursive_no_target_actual,경남,2022,1,2022Q1,사업서비스업,11516.696327880847
recursive_no_target_actual,경남,2022,1,2022Q1,숙박 및 음식점업,5325.784557712843
recursive_no_target_actual,경남,2022,1,2022Q1,운수 및 창고업,10064.122226429075
recursive_no_target_actual,경남,2022,1,2022Q1,정보통신업,4792.666732862902
recursive_no_target_actual,경남,2022,2,2022Q2,건설업,14309.400169079674
recursive_no_target_actual,경남,2022,2,2022Q2,"공공 행정, 국방·사회보장",25628.14341247366
recursive_no_target_actual,경남,2022,2,2022Q2,"광업, 제조업",104670.63020838333
recursive_no_target_actual,경남,2022,2,2022Q2,교육 서비스업,14206.035655700785
recursive_no_target_actual,경남,2022,2,2022Q2,금융 및 보험업,11198.394888203053
recursive_no_target_actual,경남,2022,2,2022Q2,도매 및 소매업,15396.762913646378
recursive_no_target_actual,경남,2022,2,2022Q2,문화 및 기타서비스업,8877.423846367887
recursive_no_target_actual,경남,2022,2,2022Q2,보건 및 사회복지업,17843.920557561087
recursive_no_target_actual,경남,2022,2,2022Q2,부동산업,18074.77431184151
recursive_no_target_actual,경남,2022,2,2022Q2,사업서비스업,12869.582111131956
recursive_no_target_actual,경남,2022,2,2022Q2,숙박 및 음식점업,7228.795422077377
recursive_no_target_actual,경남,2022,2,2022Q2,운수 및 창고업,11704.400183040365
recursive_no_target_actual,경남,2022,2,2022Q2,정보통신업,4985.932424248273
recursive_no_target_actual,경남,2022,3,2022Q3,건설업,13501.092923096669
recursive_no_target_actual,경남,2022,3,2022Q3,"공공 행정, 국방·사회보장",23844.22128397285
recursive_no_target_actual,경남,2022,3,2022Q3,"광업, 제조업",104394.09793681116
recursive_no_target_actual,경남,2022,3,2022Q3,교육 서비스업,15331.012244002677
recursive_no_target_actual,경남,2022,3,2022Q3,금융 및 보험업,11113.41047975892
recursive_no_target_actual,경남,2022,3,2022Q3,도매 및 소매업,15070.791841422317
recursive_no_target_actual,경남,2022,3,2022Q3,문화 및 기타서비스업,10106.811070532243
recursive_no_target_actual,경남,2022,3,2022Q3,보건 및 사회복지업,17346.01550426372
recursive_no_target_actual,경남,2022,3,2022Q3,부동산업,17719.48349673458
recursive_no_target_actual,경남,2022,3,2022Q3,사업서비스업,12496.694163706636
recursive_no_target_actual,경남,2022,3,2022Q3,숙박 및 음식점업,7786.209285762375
recursive_no_target_actual,경남,2022,3,2022Q3,운수 및 창고업,12352.904061527606
recursive_no_target_actual,경남,2022,3,2022Q3,정보통신업,4990.65169014755
recursive_no_target_actual,경남,2022,4,2022Q4,건설업,15895.348506216818
recursive_no_target_actual,경남,2022,4,2022Q4,"공공 행정, 국방·사회보장",24354.80178733747
recursive_no_target_actual,경남,2022,4,2022Q4,"광업, 제조업",102468.60991512153
recursive_no_target_actual,경남,2022,4,2022Q4,교육 서비스업,15222.211241389268
recursive_no_target_actual,경남,2022,4,2022Q4,금융 및 보험업,11076.8791924514
recursive_no_target_actual,경남,2022,4,2022Q4,도매 및 소매업,16780.356790615762
recursive_no_target_actual,경남,2022,4,2022Q4,문화 및 기타서비스업,9568.936654206293
recursive_no_target_actual,경남,2022,4,2022Q4,보건 및 사회복지업,18343.37586707701
recursive_no_target_actual,경남,2022,4,2022Q4,부동산업,17554.397894169848
recursive_no_target_actual,경남,2022,4,2022Q4,사업서비스업,15006.31206800361
recursive_no_target_actual,경남,2022,4,2022Q4,숙박 및 음식점업,8048.859512200655
recursive_no_target_actual,경남,2022,4,2022Q4,운수 및 창고업,13033.35249324418
recursive_no_target_actual,경남,2022,4,2022Q4,정보통신업,5390.60020695585
recursive_no_target_actual,경남,2023,1,2023Q1,건설업,10684.298688997984
recursive_no_target_actual,경남,2023,1,2023Q1,"공공 행정, 국방·사회보장",27508.606487273588
recursive_no_target_actual,경남,2023,1,2023Q1,"광업, 제조업",96107.85723815452
recursive_no_target_actual,경남,2023,1,2023Q1,교육 서비스업,16949.444267246723
recursive_no_target_actual,경남,2023,1,2023Q1,금융 및 보험업,11465.082504980634
recursive_no_target_actual,경남,2023,1,2023Q1,도매 및 소매업,15711.57801084583
recursive_no_target_actual,경남,2023,1,2023Q1,문화 및 기타서비스업,9378.086996955395
recursive_no_target_actual,경남,2023,1,2023Q1,보건 및 사회복지업,17939.411351779127
recursive_no_target_actual,경남,2023,1,2023Q1,부동산업,18585.53690336203
recursive_no_target_actual,경남,2023,1,2023Q1,사업서비스업,12010.324599855407
recursive_no_target_actual,경남,2023,1,2023Q1,숙박 및 음식점업,5776.102518036101
recursive_no_target_actual,경남,2023,1,2023Q1,운수 및 창고업,10443.249212578392
recursive_no_target_actual,경남,2023,1,2023Q1,정보통신업,5065.531156464771
recursive_no_target_actual,경남,2023,2,2023Q2,건설업,14467.081506650367
recursive_no_target_actual,경남,2023,2,2023Q2,"공공 행정, 국방·사회보장",26456.994786792246
recursive_no_target_actual,경남,2023,2,2023Q2,"광업, 제조업",106189.37358941331
recursive_no_target_actual,경남,2023,2,2023Q2,교육 서비스업,14544.990779954616
recursive_no_target_actual,경남,2023,2,2023Q2,금융 및 보험업,11349.407887570096
recursive_no_target_actual,경남,2023,2,2023Q2,도매 및 소매업,14586.420682461008
recursive_no_target_actual,경남,2023,2,2023Q2,문화 및 기타서비스업,8903.434799021368
recursive_no_target_actual,경남,2023,2,2023Q2,보건 및 사회복지업,18159.68135446395
recursive_no_target_actual,경남,2023,2,2023Q2,부동산업,18604.885735774114
recursive_no_target_actual,경남,2023,2,2023Q2,사업서비스업,13462.564774832375
recursive_no_target_actual,경남,2023,2,2023Q2,숙박 및 음식점업,6580.007419089073
recursive_no_target_actual,경남,2023,2,2023Q2,운수 및 창고업,13299.832078022859
recursive_no_target_actual,경남,2023,2,2023Q2,정보통신업,4995.466399771447
recursive_no_target_actual,경남,2023,3,2023Q3,건설업,13745.611500390378
recursive_no_target_actual,경남,2023,3,2023Q3,"공공 행정, 국방·사회보장",24630.033805317034
recursive_no_target_actual,경남,2023,3,2023Q3,"광업, 제조업",107219.57569713789
recursive_no_target_actual,경남,2023,3,2023Q3,교육 서비스업,15610.34042095399
recursive_no_target_actual,경남,2023,3,2023Q3,금융 및 보험업,11329.842521065722
recursive_no_target_actual,경남,2023,3,2023Q3,도매 및 소매업,14025.770655859895
recursive_no_target_actual,경남,2023,3,2023Q3,문화 및 기타서비스업,10222.369004148235
recursive_no_target_actual,경남,2023,3,2023Q3,보건 및 사회복지업,17847.782016085108
recursive_no_target_actual,경남,2023,3,2023Q3,부동산업,18370.788610358744
recursive_no_target_actual,경남,2023,3,2023Q3,사업서비스업,13180.40191446747
recursive_no_target_actual,경남,2023,3,2023Q3,숙박 및 음식점업,6938.883389902917
recursive_no_target_actual,경남,2023,3,2023Q3,운수 및 창고업,13721.946517914323
recursive_no_target_actual,경남,2023,3,2023Q3,정보통신업,5158.395534710899
recursive_no_target_actual,경남,2023,4,2023Q4,건설업,15384.332215414885
recursive_no_target_actual,경남,2023,4,2023Q4,"공공 행정, 국방·사회보장",24972.66718343186
recursive_no_target_actual,경남,2023,4,2023Q4,"광업, 제조업",111055.72527779762
recursive_no_target_actual,경남,2023,4,2023Q4,교육 서비스업,15432.0703931577
recursive_no_target_actual,경남,2023,4,2023Q4,금융 및 보험업,10657.008352567824
recursive_no_target_actual,경남,2023,4,2023Q4,도매 및 소매업,15309.361160081373
recursive_no_target_actual,경남,2023,4,2023Q4,문화 및 기타서비스업,9099.048946262574
recursive_no_target_actual,경남,2023,4,2023Q4,보건 및 사회복지업,18966.600532326425
recursive_no_target_actual,경남,2023,4,2023Q4,부동산업,18195.834618084158
recursive_no_target_actual,경남,2023,4,2023Q4,사업서비스업,15787.498446947575
recursive_no_target_actual,경남,2023,4,2023Q4,숙박 및 음식점업,7224.111789613571
recursive_no_target_actual,경남,2023,4,2023Q4,운수 및 창고업,14208.8481870007
recursive_no_target_actual,경남,2023,4,2023Q4,정보통신업,5619.922994825387
recursive_no_target_actual,경남,2024,1,2024Q1,건설업,11060.380642766306
recursive_no_target_actual,경남,2024,1,2024Q1,"공공 행정, 국방·사회보장",27992.101126559155
recursive_no_target_actual,경남,2024,1,2024Q1,"광업, 제조업",103001.76046312955
recursive_no_target_actual,경남,2024,1,2024Q1,교육 서비스업,17166.82168308292
recursive_no_target_actual,경남,2024,1,2024Q1,금융 및 보험업,11556.268292678476
recursive_no_target_actual,경남,2024,1,2024Q1,도매 및 소매업,15323.233558017188
recursive_no_target_actual,경남,2024,1,2024Q1,문화 및 기타서비스업,9525.904210312105
recursive_no_target_actual,경남,2024,1,2024Q1,보건 및 사회복지업,18641.534864992143
recursive_no_target_actual,경남,2024,1,2024Q1,부동산업,18826.84420474327
recursive_no_target_actual,경남,2024,1,2024Q1,사업서비스업,12250.605430566306
recursive_no_target_actual,경남,2024,1,2024Q1,숙박 및 음식점업,5824.663770522846
recursive_no_target_actual,경남,2024,1,2024Q1,운수 및 창고업,12301.9805673306
recursive_no_target_actual,경남,2024,1,2024Q1,정보통신업,5192.165182555655
recursive_no_target_actual,경남,2024,2,2024Q2,건설업,14339.865018313747
recursive_no_target_actual,경남,2024,2,2024Q2,"공공 행정, 국방·사회보장",27221.52952728583
recursive_no_target_actual,경남,2024,2,2024Q2,"광업, 제조업",110948.61650479732
recursive_no_target_actual,경남,2024,2,2024Q2,교육 서비스업,14744.940119730763
recursive_no_target_actual,경남,2024,2,2024Q2,금융 및 보험업,11500.55359289594
recursive_no_target_actual,경남,2024,2,2024Q2,도매 및 소매업,14429.796294839205
recursive_no_target_actual,경남,2024,2,2024Q2,문화 및 기타서비스업,8988.13927837494
recursive_no_target_actual,경남,2024,2,2024Q2,보건 및 사회복지업,18626.27472482153
recursive_no_target_actual,경남,2024,2,2024Q2,부동산업,19128.347063331614
recursive_no_target_actual,경남,2024,2,2024Q2,사업서비스업,13527.281073419967
recursive_no_target_actual,경남,2024,2,2024Q2,숙박 및 음식점업,6569.94756912222
recursive_no_target_actual,경남,2024,2,2024Q2,운수 및 창고업,14240.956347121733
recursive_no_target_actual,경남,2024,2,2024Q2,정보통신업,4981.242696451021
recursive_no_target_actual,경남,2024,3,2024Q3,건설업,12867.214045196213
recursive_no_target_actual,경남,2024,3,2024Q3,"공공 행정, 국방·사회보장",25039.796876953824
recursive_no_target_actual,경남,2024,3,2024Q3,"광업, 제조업",110823.40357138649
recursive_no_target_actual,경남,2024,3,2024Q3,교육 서비스업,15733.442075592338
recursive_no_target_actual,경남,2024,3,2024Q3,금융 및 보험업,11922.069240402107
recursive_no_target_actual,경남,2024,3,2024Q3,도매 및 소매업,13850.139764053332
recursive_no_target_actual,경남,2024,3,2024Q3,문화 및 기타서비스업,10154.859064558943
recursive_no_target_actual,경남,2024,3,2024Q3,보건 및 사회복지업,18434.37332507576
recursive_no_target_actual,경남,2024,3,2024Q3,부동산업,18722.547566814952
recursive_no_target_actual,경남,2024,3,2024Q3,사업서비스업,13175.682630744204
recursive_no_target_actual,경남,2024,3,2024Q3,숙박 및 음식점업,6771.990425754238
recursive_no_target_actual,경남,2024,3,2024Q3,운수 및 창고업,14828.424393838677
recursive_no_target_actual,경남,2024,3,2024Q3,정보통신업,5146.081245128256
recursive_no_target_actual,경남,2024,4,2024Q4,건설업,14361.514572653925
recursive_no_target_actual,경남,2024,4,2024Q4,"공공 행정, 국방·사회보장",25474.265061194972
recursive_no_target_actual,경남,2024,4,2024Q4,"광업, 제조업",113577.97868331776
recursive_no_target_actual,경남,2024,4,2024Q4,교육 서비스업,15589.253494307219
recursive_no_target_actual,경남,2024,4,2024Q4,금융 및 보험업,11443.740113472764
recursive_no_target_actual,경남,2024,4,2024Q4,도매 및 소매업,15160.464379041754
recursive_no_target_actual,경남,2024,4,2024Q4,문화 및 기타서비스업,8976.73765959873
recursive_no_target_actual,경남,2024,4,2024Q4,보건 및 사회복지업,19886.870122973007
recursive_no_target_actual,경남,2024,4,2024Q4,부동산업,18513.065952064746
recursive_no_target_actual,경남,2024,4,2024Q4,사업서비스업,15272.130061166976
recursive_no_target_actual,경남,2024,4,2024Q4,숙박 및 음식점업,6953.874747494981
recursive_no_target_actual,경남,2024,4,2024Q4,운수 및 창고업,15010.170852847554
recursive_no_target_actual,경남,2024,4,2024Q4,정보통신업,5615.995522217106
recursive_no_target_actual,경남,2025,1,2025Q1,건설업,9698.67518344615
recursive_no_target_actual,경남,2025,1,2025Q1,"공공 행정, 국방·사회보장",28505.526169730292
recursive_no_target_actual,경남,2025,1,2025Q1,"광업, 제조업",103537.48669997677
recursive_no_target_actual,경남,2025,1,2025Q1,교육 서비스업,17058.56139670036
recursive_no_target_actual,경남,2025,1,2025Q1,금융 및 보험업,12172.671487031324
recursive_no_target_actual,경남,2025,1,2025Q1,도매 및 소매업,15200.082967325849
recursive_no_target_actual,경남,2025,1,2025Q1,문화 및 기타서비스업,9342.690306388195
recursive_no_target_actual,경남,2025,1,2025Q1,보건 및 사회복지업,19507.62280952916
recursive_no_target_actual,경남,2025,1,2025Q1,부동산업,18749.48488267451
recursive_no_target_actual,경남,2025,1,2025Q1,사업서비스업,12029.577300453348
recursive_no_target_actual,경남,2025,1,2025Q1,숙박 및 음식점업,5631.247062342046
recursive_no_target_actual,경남,2025,1,2025Q1,운수 및 창고업,12729.810112074738
recursive_no_target_actual,경남,2025,1,2025Q1,정보통신업,5246.275156814013
recursive_no_target_actual,경남,2025,2,2025Q2,건설업,12846.388331374632
recursive_no_target_actual,경남,2025,2,2025Q2,"공공 행정, 국방·사회보장",27622.286107532986
recursive_no_target_actual,경남,2025,2,2025Q2,"광업, 제조업",113659.36158312028
recursive_no_target_actual,경남,2025,2,2025Q2,교육 서비스업,14593.746830783264
recursive_no_target_actual,경남,2025,2,2025Q2,금융 및 보험업,11999.125962478924
recursive_no_target_actual,경남,2025,2,2025Q2,도매 및 소매업,14451.824141544615
recursive_no_target_actual,경남,2025,2,2025Q2,문화 및 기타서비스업,8816.48088699791
recursive_no_target_actual,경남,2025,2,2025Q2,보건 및 사회복지업,19788.959353633465
recursive_no_target_actual,경남,2025,2,2025Q2,부동산업,19029.277905531777
recursive_no_target_actual,경남,2025,2,2025Q2,사업서비스업,13348.581370420803
recursive_no_target_actual,경남,2025,2,2025Q2,숙박 및 음식점업,6453.028811532836
recursive_no_target_actual,경남,2025,2,2025Q2,운수 및 창고업,14664.235572520442
recursive_no_target_actual,경남,2025,2,2025Q2,정보통신업,5135.011578525402
recursive_no_target_actual,경남,2025,3,2025Q3,건설업,11985.255729534834
recursive_no_target_actual,경남,2025,3,2025Q3,"공공 행정, 국방·사회보장",25432.517764907687
recursive_no_target_actual,경남,2025,3,2025Q3,"광업, 제조업",114885.93811848862
recursive_no_target_actual,경남,2025,3,2025Q3,교육 서비스업,15772.043571535814
recursive_no_target_actual,경남,2025,3,2025Q3,금융 및 보험업,12332.173603515332
recursive_no_target_actual,경남,2025,3,2025Q3,도매 및 소매업,14432.6924315867
recursive_no_target_actual,경남,2025,3,2025Q3,문화 및 기타서비스업,10329.363367381247
recursive_no_target_actual,경남,2025,3,2025Q3,보건 및 사회복지업,19345.944683062797
recursive_no_target_actual,경남,2025,3,2025Q3,부동산업,18852.312046722433
recursive_no_target_actual,경남,2025,3,2025Q3,사업서비스업,13398.93330392208
recursive_no_target_actual,경남,2025,3,2025Q3,숙박 및 음식점업,6887.194061382058
recursive_no_target_actual,경남,2025,3,2025Q3,운수 및 창고업,15116.811614240773
recursive_no_target_actual,경남,2025,3,2025Q3,정보통신업,5256.498957437683
recursive_no_target_actual,경남,2025,4,2025Q4,건설업,13262.931941898372
recursive_no_target_actual,경남,2025,4,2025Q4,"공공 행정, 국방·사회보장",26056.40110707373
recursive_no_target_actual,경남,2025,4,2025Q4,"광업, 제조업",115927.37075599618
recursive_no_target_actual,경남,2025,4,2025Q4,교육 서비스업,15604.496216071244
recursive_no_target_actual,경남,2025,4,2025Q4,금융 및 보험업,12138.381882600583
recursive_no_target_actual,경남,2025,4,2025Q4,도매 및 소매업,15732.047815657486
recursive_no_target_actual,경남,2025,4,2025Q4,문화 및 기타서비스업,8822.984864605225
recursive_no_target_actual,경남,2025,4,2025Q4,보건 및 사회복지업,21300.115341476896
recursive_no_target_actual,경남,2025,4,2025Q4,부동산업,18839.81559344119
recursive_no_target_actual,경남,2025,4,2025Q4,사업서비스업,15418.8644950062
recursive_no_target_actual,경남,2025,4,2025Q4,숙박 및 음식점업,6992.327207328623
recursive_no_target_actual,경남,2025,4,2025Q4,운수 및 창고업,15133.95583510349
recursive_no_target_actual,경남,2025,4,2025Q4,정보통신업,5732.60757314707
recursive_no_target_actual,경북,2021,1,2021Q1,건설업,11041.589664079751
recursive_no_target_actual,경북,2021,1,2021Q1,"공공 행정, 국방·사회보장",24912.986932074364
recursive_no_target_actual,경북,2021,1,2021Q1,"광업, 제조업",113955.65976636019
recursive_no_target_actual,경북,2021,1,2021Q1,교육 서비스업,13141.513066515827
recursive_no_target_actual,경북,2021,1,2021Q1,금융 및 보험업,8376.115729586245
recursive_no_target_actual,경북,2021,1,2021Q1,도매 및 소매업,10526.178216812961
recursive_no_target_actual,경북,2021,1,2021Q1,문화 및 기타서비스업,7796.650660781363
recursive_no_target_actual,경북,2021,1,2021Q1,보건 및 사회복지업,11561.58137935842
recursive_no_target_actual,경북,2021,1,2021Q1,부동산업,13294.352309867418
recursive_no_target_actual,경북,2021,1,2021Q1,사업서비스업,9576.430490969604
recursive_no_target_actual,경북,2021,1,2021Q1,숙박 및 음식점업,3660.668678905076
recursive_no_target_actual,경북,2021,1,2021Q1,운수 및 창고업,7678.431720100751
recursive_no_target_actual,경북,2021,1,2021Q1,정보통신업,3368.8144772091528
recursive_no_target_actual,경북,2021,2,2021Q2,건설업,15396.868728951806
recursive_no_target_actual,경북,2021,2,2021Q2,"공공 행정, 국방·사회보장",24168.126032099986
recursive_no_target_actual,경북,2021,2,2021Q2,"광업, 제조업",122358.35142879085
recursive_no_target_actual,경북,2021,2,2021Q2,교육 서비스업,11376.987765356109
recursive_no_target_actual,경북,2021,2,2021Q2,금융 및 보험업,8358.20189505956
recursive_no_target_actual,경북,2021,2,2021Q2,도매 및 소매업,10674.119529917309
recursive_no_target_actual,경북,2021,2,2021Q2,문화 및 기타서비스업,7805.146112228898
recursive_no_target_actual,경북,2021,2,2021Q2,보건 및 사회복지업,12088.094233517773
recursive_no_target_actual,경북,2021,2,2021Q2,부동산업,13428.99842238483
recursive_no_target_actual,경북,2021,2,2021Q2,사업서비스업,10673.199337015785
recursive_no_target_actual,경북,2021,2,2021Q2,숙박 및 음식점업,4664.250674027364
recursive_no_target_actual,경북,2021,2,2021Q2,운수 및 창고업,8647.572683688339
recursive_no_target_actual,경북,2021,2,2021Q2,정보통신업,3470.8935790498676
recursive_no_target_actual,경북,2021,3,2021Q3,건설업,14092.322170505371
recursive_no_target_actual,경북,2021,3,2021Q3,"공공 행정, 국방·사회보장",22434.40803946629
recursive_no_target_actual,경북,2021,3,2021Q3,"광업, 제조업",121588.88226258295
recursive_no_target_actual,경북,2021,3,2021Q3,교육 서비스업,12385.80474203949
recursive_no_target_actual,경북,2021,3,2021Q3,금융 및 보험업,8600.746339078443
recursive_no_target_actual,경북,2021,3,2021Q3,도매 및 소매업,10335.023163854672
recursive_no_target_actual,경북,2021,3,2021Q3,문화 및 기타서비스업,8474.719941786907
recursive_no_target_actual,경북,2021,3,2021Q3,보건 및 사회복지업,12122.466449369043
recursive_no_target_actual,경북,2021,3,2021Q3,부동산업,12982.817589208007
recursive_no_target_actual,경북,2021,3,2021Q3,사업서비스업,10629.524801279676
recursive_no_target_actual,경북,2021,3,2021Q3,숙박 및 음식점업,4862.773170619795
recursive_no_target_actual,경북,2021,3,2021Q3,운수 및 창고업,8756.322513597313
recursive_no_target_actual,경북,2021,3,2021Q3,정보통신업,3517.5196116874986
recursive_no_target_actual,경북,2021,4,2021Q4,건설업,16566.379789220293
recursive_no_target_actual,경북,2021,4,2021Q4,"공공 행정, 국방·사회보장",22878.752081271865
recursive_no_target_actual,경북,2021,4,2021Q4,"광업, 제조업",126799.4945930327
recursive_no_target_actual,경북,2021,4,2021Q4,교육 서비스업,12259.968486061463
recursive_no_target_actual,경북,2021,4,2021Q4,금융 및 보험업,8450.969576142194
recursive_no_target_actual,경북,2021,4,2021Q4,도매 및 소매업,11592.579917635408
recursive_no_target_actual,경북,2021,4,2021Q4,문화 및 기타서비스업,8344.096389847964
recursive_no_target_actual,경북,2021,4,2021Q4,보건 및 사회복지업,12811.14967986709
recursive_no_target_actual,경북,2021,4,2021Q4,부동산업,12737.269386394497
recursive_no_target_actual,경북,2021,4,2021Q4,사업서비스업,12532.883148874487
recursive_no_target_actual,경북,2021,4,2021Q4,숙박 및 음식점업,5571.707346715983
recursive_no_target_actual,경북,2021,4,2021Q4,운수 및 창고업,9174.877506103436
recursive_no_target_actual,경북,2021,4,2021Q4,정보통신업,3923.2399663557653
recursive_no_target_actual,경북,2022,1,2022Q1,건설업,10833.898137865042
recursive_no_target_actual,경북,2022,1,2022Q1,"공공 행정, 국방·사회보장",25162.29916444696
recursive_no_target_actual,경북,2022,1,2022Q1,"광업, 제조업",113240.50047022197
recursive_no_target_actual,경북,2022,1,2022Q1,교육 서비스업,13749.878611785189
recursive_no_target_actual,경북,2022,1,2022Q1,금융 및 보험업,8616.18523388395
recursive_no_target_actual,경북,2022,1,2022Q1,도매 및 소매업,11144.099643382368
recursive_no_target_actual,경북,2022,1,2022Q1,문화 및 기타서비스업,8015.508355922246
recursive_no_target_actual,경북,2022,1,2022Q1,보건 및 사회복지업,12465.196376571588
recursive_no_target_actual,경북,2022,1,2022Q1,부동산업,13159.231813217424
recursive_no_target_actual,경북,2022,1,2022Q1,사업서비스업,9770.738350488262
recursive_no_target_actual,경북,2022,1,2022Q1,숙박 및 음식점업,4295.7295705808665
recursive_no_target_actual,경북,2022,1,2022Q1,운수 및 창고업,8643.688189819291
recursive_no_target_actual,경북,2022,1,2022Q1,정보통신업,3406.157103789297
recursive_no_target_actual,경북,2022,2,2022Q2,건설업,14974.933025156757
recursive_no_target_actual,경북,2022,2,2022Q2,"공공 행정, 국방·사회보장",24269.922101188975
recursive_no_target_actual,경북,2022,2,2022Q2,"광업, 제조업",120952.40346462032
recursive_no_target_actual,경북,2022,2,2022Q2,교육 서비스업,11834.516719934854
recursive_no_target_actual,경북,2022,2,2022Q2,금융 및 보험업,8477.764628173732
recursive_no_target_actual,경북,2022,2,2022Q2,도매 및 소매업,11233.658990744083
recursive_no_target_actual,경북,2022,2,2022Q2,문화 및 기타서비스업,8178.342097498931
recursive_no_target_actual,경북,2022,2,2022Q2,보건 및 사회복지업,12835.471169815619
recursive_no_target_actual,경북,2022,2,2022Q2,부동산업,13095.845690482009
recursive_no_target_actual,경북,2022,2,2022Q2,사업서비스업,10918.523499102517
recursive_no_target_actual,경북,2022,2,2022Q2,숙박 및 음식점업,5830.680891761996
recursive_no_target_actual,경북,2022,2,2022Q2,운수 및 창고업,10052.459951786706
recursive_no_target_actual,경북,2022,2,2022Q2,정보통신업,3543.511387807664
recursive_no_target_actual,경북,2022,3,2022Q3,건설업,14129.031259232288
recursive_no_target_actual,경북,2022,3,2022Q3,"공공 행정, 국방·사회보장",22580.542952786476
recursive_no_target_actual,경북,2022,3,2022Q3,"광업, 제조업",120632.85591994997
recursive_no_target_actual,경북,2022,3,2022Q3,교육 서비스업,12771.692619423138
recursive_no_target_actual,경북,2022,3,2022Q3,금융 및 보험업,8413.42703166578
recursive_no_target_actual,경북,2022,3,2022Q3,도매 및 소매업,10995.826669317172
recursive_no_target_actual,경북,2022,3,2022Q3,문화 및 기타서비스업,9310.917207520783
recursive_no_target_actual,경북,2022,3,2022Q3,보건 및 사회복지업,12477.318602598778
recursive_no_target_actual,경북,2022,3,2022Q3,부동산업,12838.4242914863
recursive_no_target_actual,경북,2022,3,2022Q3,사업서비스업,10602.16623269417
recursive_no_target_actual,경북,2022,3,2022Q3,숙박 및 음식점업,6280.285863824872
recursive_no_target_actual,경북,2022,3,2022Q3,운수 및 창고업,10609.435035099172
recursive_no_target_actual,경북,2022,3,2022Q3,정보통신업,3546.865378803381
recursive_no_target_actual,경북,2022,4,2022Q4,건설업,16634.644113627557
recursive_no_target_actual,경북,2022,4,2022Q4,"공공 행정, 국방·사회보장",23064.064089827323
recursive_no_target_actual,경북,2022,4,2022Q4,"광업, 제조업",118407.85351381137
recursive_no_target_actual,경북,2022,4,2022Q4,교육 서비스업,12681.054575440943
recursive_no_target_actual,경북,2022,4,2022Q4,금융 및 보험업,8385.770956089842
recursive_no_target_actual,경북,2022,4,2022Q4,도매 및 소매업,12243.145327757153
recursive_no_target_actual,경북,2022,4,2022Q4,문화 및 기타서비스업,8815.399469679982
recursive_no_target_actual,경북,2022,4,2022Q4,보건 및 사회복지업,13194.738865792136
recursive_no_target_actual,경북,2022,4,2022Q4,부동산업,12718.813637454972
recursive_no_target_actual,경북,2022,4,2022Q4,사업서비스업,12731.320219608268
recursive_no_target_actual,경북,2022,4,2022Q4,숙박 및 음식점업,6492.137156757236
recursive_no_target_actual,경북,2022,4,2022Q4,운수 및 창고업,11193.84606873747
recursive_no_target_actual,경북,2022,4,2022Q4,정보통신업,3831.1095287951794
recursive_no_target_actual,경북,2023,1,2023Q1,건설업,11741.83253639362
recursive_no_target_actual,경북,2023,1,2023Q1,"공공 행정, 국방·사회보장",26604.86948266044
recursive_no_target_actual,경북,2023,1,2023Q1,"광업, 제조업",105191.44924535262
recursive_no_target_actual,경북,2023,1,2023Q1,교육 서비스업,13900.572323265573
recursive_no_target_actual,경북,2023,1,2023Q1,금융 및 보험업,8744.448629724038
recursive_no_target_actual,경북,2023,1,2023Q1,도매 및 소매업,11139.525565274422
recursive_no_target_actual,경북,2023,1,2023Q1,문화 및 기타서비스업,8391.385761772854
recursive_no_target_actual,경북,2023,1,2023Q1,보건 및 사회복지업,12849.500851783663
recursive_no_target_actual,경북,2023,1,2023Q1,부동산업,13260.94579801668
recursive_no_target_actual,경북,2023,1,2023Q1,사업서비스업,9926.871546080638
recursive_no_target_actual,경북,2023,1,2023Q1,숙박 및 음식점업,5039.126967204467
recursive_no_target_actual,경북,2023,1,2023Q1,운수 및 창고업,9410.886262586113
recursive_no_target_actual,경북,2023,1,2023Q1,정보통신업,3632.4843164518043
recursive_no_target_actual,경북,2023,2,2023Q2,건설업,15899.035892394804
recursive_no_target_actual,경북,2023,2,2023Q2,"공공 행정, 국방·사회보장",25587.80625734991
recursive_no_target_actual,경북,2023,2,2023Q2,"광업, 제조업",116225.81569628438
recursive_no_target_actual,경북,2023,2,2023Q2,교육 서비스업,11928.632767546951
recursive_no_target_actual,경북,2023,2,2023Q2,금융 및 보험업,8656.22329429623
recursive_no_target_actual,경북,2023,2,2023Q2,도매 및 소매업,10341.78781952753
recursive_no_target_actual,경북,2023,2,2023Q2,문화 및 기타서비스업,7966.673376738372
recursive_no_target_actual,경북,2023,2,2023Q2,보건 및 사회복지업,13007.274121576062
recursive_no_target_actual,경북,2023,2,2023Q2,부동산업,13274.75136194554
recursive_no_target_actual,경북,2023,2,2023Q2,사업서비스업,11127.18895225862
recursive_no_target_actual,경북,2023,2,2023Q2,숙박 및 음식점업,5740.461275817332
recursive_no_target_actual,경북,2023,2,2023Q2,운수 및 창고업,11985.08284634387
recursive_no_target_actual,경북,2023,2,2023Q2,정보통신업,3582.2409911295035
recursive_no_target_actual,경북,2023,3,2023Q3,건설업,15106.154652350577
recursive_no_target_actual,경북,2023,3,2023Q3,"공공 행정, 국방·사회보장",23820.866209530766
recursive_no_target_actual,경북,2023,3,2023Q3,"광업, 제조업",117353.3869047302
recursive_no_target_actual,경북,2023,3,2023Q3,교육 서비스업,12802.346943703971
recursive_no_target_actual,경북,2023,3,2023Q3,금융 및 보험업,8641.300737721089
recursive_no_target_actual,경북,2023,3,2023Q3,도매 및 소매업,9944.286352763107
recursive_no_target_actual,경북,2023,3,2023Q3,문화 및 기타서비스업,9146.837914901636
recursive_no_target_actual,경북,2023,3,2023Q3,보건 및 사회복지업,12783.869309925303
recursive_no_target_actual,경북,2023,3,2023Q3,부동산업,13107.72098193843
recursive_no_target_actual,경북,2023,3,2023Q3,사업서비스업,10893.973401202587
recursive_no_target_actual,경북,2023,3,2023Q3,숙박 및 음식점업,6053.548098075568
recursive_no_target_actual,경북,2023,3,2023Q3,운수 및 창고업,12365.469343185214
recursive_no_target_actual,경북,2023,3,2023Q3,정보통신업,3699.0772140407576
recursive_no_target_actual,경북,2023,4,2023Q4,건설업,16907.076244850676
recursive_no_target_actual,경북,2023,4,2023Q4,"공공 행정, 국방·사회보장",24152.243093683916
recursive_no_target_actual,경북,2023,4,2023Q4,"광업, 제조업",121552.10848179756
recursive_no_target_actual,경북,2023,4,2023Q4,교육 서비스업,12656.144190659053
recursive_no_target_actual,경북,2023,4,2023Q4,금융 및 보험업,8128.128344919116
recursive_no_target_actual,경북,2023,4,2023Q4,도매 및 소매업,10854.35338913897
recursive_no_target_actual,경북,2023,4,2023Q4,문화 및 기타서비스업,8141.706277424204
recursive_no_target_actual,경북,2023,4,2023Q4,보건 및 사회복지업,13585.247861067583
recursive_no_target_actual,경북,2023,4,2023Q4,부동산업,12982.889753184405
recursive_no_target_actual,경북,2023,4,2023Q4,사업서비스업,13048.81211276196
recursive_no_target_actual,경북,2023,4,2023Q4,숙박 및 음식점업,6302.384076368284
recursive_no_target_actual,경북,2023,4,2023Q4,운수 및 창고업,12804.238555291751
recursive_no_target_actual,경북,2023,4,2023Q4,정보통신업,4030.0378198872195
recursive_no_target_actual,경북,2024,1,2024Q1,건설업,12155.139151048126
recursive_no_target_actual,경북,2024,1,2024Q1,"공공 행정, 국방·사회보장",27072.479929584002
recursive_no_target_actual,경북,2024,1,2024Q1,"광업, 제조업",112736.92671235454
recursive_no_target_actual,경북,2024,1,2024Q1,교육 서비스업,14078.84781375553
recursive_no_target_actual,경북,2024,1,2024Q1,금융 및 보험업,8813.996270217538
recursive_no_target_actual,경북,2024,1,2024Q1,도매 및 소매업,10864.188934069656
recursive_no_target_actual,경북,2024,1,2024Q1,문화 및 기타서비스업,8523.650610660383
recursive_no_target_actual,경북,2024,1,2024Q1,보건 및 사회복지업,13352.412374585288
recursive_no_target_actual,경북,2024,1,2024Q1,부동산업,13433.120702670813
recursive_no_target_actual,경북,2024,1,2024Q1,사업서비스업,10125.47042004291
recursive_no_target_actual,경북,2024,1,2024Q1,숙박 및 음식점업,5081.492267370639
recursive_no_target_actual,경북,2024,1,2024Q1,운수 및 창고업,11085.873521456368
recursive_no_target_actual,경북,2024,1,2024Q1,정보통신업,3723.29337467213
recursive_no_target_actual,경북,2024,2,2024Q2,건설업,15759.227492667564
recursive_no_target_actual,경북,2024,2,2024Q2,"공공 행정, 국방·사회보장",26327.223828181846
recursive_no_target_actual,경북,2024,2,2024Q2,"광업, 제조업",121434.87637005802
recursive_no_target_actual,경북,2024,2,2024Q2,교육 서비스업,12092.615150374599
recursive_no_target_actual,경북,2024,2,2024Q2,금융 및 보험업,8771.502521920722
recursive_no_target_actual,경북,2024,2,2024Q2,도매 및 소매업,10230.74096167187
recursive_no_target_actual,경북,2024,2,2024Q2,문화 및 기타서비스업,8042.465802447014
recursive_no_target_actual,경북,2024,2,2024Q2,보건 및 사회복지업,13341.481961079764
recursive_no_target_actual,경북,2024,2,2024Q2,부동산업,13648.245672504958
recursive_no_target_actual,경북,2024,2,2024Q2,사업서비스업,11180.67879574083
recursive_no_target_actual,경북,2024,2,2024Q2,숙박 및 음식점업,5731.68496668921
recursive_no_target_actual,경북,2024,2,2024Q2,운수 및 창고업,12833.172676928532
recursive_no_target_actual,경북,2024,2,2024Q2,정보통신업,3572.041196154919
recursive_no_target_actual,경북,2024,3,2024Q3,건설업,14140.81325564244
recursive_no_target_actual,경북,2024,3,2024Q3,"공공 행정, 국방·사회보장",24217.167383301756
recursive_no_target_actual,경북,2024,3,2024Q3,"광업, 제조업",121297.82899112093
recursive_no_target_actual,경북,2024,3,2024Q3,교육 서비스업,12903.305029788287
recursive_no_target_actual,경북,2024,3,2024Q3,금융 및 보험업,9092.99361669839
recursive_no_target_actual,경북,2024,3,2024Q3,도매 및 소매업,9819.763863171
recursive_no_target_actual,경북,2024,3,2024Q3,문화 및 기타서비스업,9086.430931469764
recursive_no_target_actual,경북,2024,3,2024Q3,보건 및 사회복지업,13204.028331685891
recursive_no_target_actual,경북,2024,3,2024Q3,부동산업,13358.704124356489
recursive_no_target_actual,경북,2024,3,2024Q3,사업서비스업,10890.072780289234
recursive_no_target_actual,경북,2024,3,2024Q3,숙박 및 음식점업,5907.949083229094
recursive_no_target_actual,경북,2024,3,2024Q3,운수 및 창고업,13362.566820266396
recursive_no_target_actual,경북,2024,3,2024Q3,정보통신업,3690.246656613407
recursive_no_target_actual,경북,2024,4,2024Q4,건설업,15783.019923874272
recursive_no_target_actual,경북,2024,4,2024Q4,"공공 행정, 국방·사회보장",24637.362035526385
recursive_no_target_actual,경북,2024,4,2024Q4,"광업, 제조업",124312.75156255245
recursive_no_target_actual,경북,2024,4,2024Q4,교육 서비스업,12785.053140774085
recursive_no_target_actual,경북,2024,4,2024Q4,금융 및 보험업,8728.170731497406
recursive_no_target_actual,경북,2024,4,2024Q4,도매 및 소매업,10748.785412591169
recursive_no_target_actual,경북,2024,4,2024Q4,문화 및 기타서비스업,8032.26378774072
recursive_no_target_actual,경북,2024,4,2024Q4,보건 및 사회복지업,14244.411345142054
recursive_no_target_actual,경북,2024,4,2024Q4,부동산업,13209.237130030328
recursive_no_target_actual,경북,2024,4,2024Q4,사업서비스업,12622.845626842292
recursive_no_target_actual,경북,2024,4,2024Q4,숙박 및 음식점업,6066.62670152509
recursive_no_target_actual,경북,2024,4,2024Q4,운수 및 창고업,13526.34681053037
recursive_no_target_actual,경북,2024,4,2024Q4,정보통신업,4027.221435541293
recursive_no_target_actual,경북,2025,1,2025Q1,건설업,10658.651835161443
recursive_no_target_actual,경북,2025,1,2025Q1,"공공 행정, 국방·사회보장",27569.037480364223
recursive_no_target_actual,경북,2025,1,2025Q1,"광업, 제조업",113323.28687969313
recursive_no_target_actual,경북,2025,1,2025Q1,교육 서비스업,13990.061425430915
recursive_no_target_actual,경북,2025,1,2025Q1,금융 및 보험업,9284.128610379481
recursive_no_target_actual,경북,2025,1,2025Q1,도매 및 소매업,10776.875033935767
recursive_no_target_actual,경북,2025,1,2025Q1,문화 및 기타서비스업,8359.713280451671
recursive_no_target_actual,경북,2025,1,2025Q1,보건 및 사회복지업,13972.7670541687
recursive_no_target_actual,경북,2025,1,2025Q1,부동산업,13377.924138683495
recursive_no_target_actual,경북,2025,1,2025Q1,사업서비스업,9942.784445366744
recursive_no_target_actual,경북,2025,1,2025Q1,숙박 및 음식점업,4912.753685072558
recursive_no_target_actual,경북,2025,1,2025Q1,운수 및 창고업,11471.410158895953
recursive_no_target_actual,경북,2025,1,2025Q1,정보통신업,3762.0955509466257
recursive_no_target_actual,경북,2025,2,2025Q2,건설업,14117.926208840232
recursive_no_target_actual,경북,2025,2,2025Q2,"공공 행정, 국방·사회보장",26714.814399762618
recursive_no_target_actual,경북,2025,2,2025Q2,"광업, 제조업",124401.82633146341
recursive_no_target_actual,경북,2025,2,2025Q2,교육 서비스업,11968.61856295442
recursive_no_target_actual,경북,2025,2,2025Q2,금융 및 보험업,9151.764981621664
recursive_no_target_actual,경북,2025,2,2025Q2,도매 및 소매업,10246.358728477564
recursive_no_target_actual,경북,2025,2,2025Q2,문화 및 기타서비스업,7888.868189015013
recursive_no_target_actual,경북,2025,2,2025Q2,보건 및 사회복지업,14174.280587261725
recursive_no_target_actual,경북,2025,2,2025Q2,부동산업,13577.558947732368
recursive_no_target_actual,경북,2025,2,2025Q2,사업서비스업,11032.978458231482
recursive_no_target_actual,경북,2025,2,2025Q2,숙박 및 음식점업,5629.683926627853
recursive_no_target_actual,경북,2025,2,2025Q2,운수 및 창고업,13214.608814902233
recursive_no_target_actual,경북,2025,2,2025Q2,정보통신업,3682.308616340591
recursive_no_target_actual,경북,2025,3,2025Q3,건설업,13171.558543843768
recursive_no_target_actual,경북,2025,3,2025Q3,"공공 행정, 국방·사회보장",24596.98625824043
recursive_no_target_actual,경북,2025,3,2025Q3,"광업, 제조업",125744.33221051985
recursive_no_target_actual,경북,2025,3,2025Q3,교육 서비스업,12934.962875183575
recursive_no_target_actual,경북,2025,3,2025Q3,금융 및 보험업,9405.781294808114
recursive_no_target_actual,경북,2025,3,2025Q3,도매 및 소매업,10232.794325714425
recursive_no_target_actual,경북,2025,3,2025Q3,문화 및 기타서비스업,9242.575028079935
recursive_no_target_actual,경북,2025,3,2025Q3,보건 및 사회복지업,13856.961513897262
recursive_no_target_actual,경북,2025,3,2025Q3,부동산업,13451.292234321161
recursive_no_target_actual,경북,2025,3,2025Q3,사업서비스업,11074.595749405278
recursive_no_target_actual,경북,2025,3,2025Q3,숙박 및 음식점업,6008.453834521064
recursive_no_target_actual,경북,2025,3,2025Q3,운수 및 창고업,13622.445644906398
recursive_no_target_actual,경북,2025,3,2025Q3,정보통신업,3769.4270220743115
recursive_no_target_actual,경북,2025,4,2025Q4,건설업,14575.699382470335
recursive_no_target_actual,경북,2025,4,2025Q4,"공공 행정, 국방·사회보장",25200.373234545918
recursive_no_target_actual,경북,2025,4,2025Q4,"광업, 제조업",126884.19539734928
recursive_no_target_actual,경북,2025,4,2025Q4,교육 서비스업,12797.553996433035
recursive_no_target_actual,경북,2025,4,2025Q4,금융 및 보험업,9257.975838748927
recursive_no_target_actual,경북,2025,4,2025Q4,도매 및 소매업,11154.038678715875
recursive_no_target_actual,경북,2025,4,2025Q4,문화 및 기타서비스업,7894.687860458307
recursive_no_target_actual,경북,2025,4,2025Q4,보건 및 사회복지업,15256.679545187759
recursive_no_target_actual,경북,2025,4,2025Q4,부동산업,13442.375903816877
recursive_no_target_actual,경북,2025,4,2025Q4,사업서비스업,12744.125769106424
recursive_no_target_actual,경북,2025,4,2025Q4,숙박 및 음식점업,6100.172994496519
recursive_no_target_actual,경북,2025,4,2025Q4,운수 및 창고업,13637.895081122606
recursive_no_target_actual,경북,2025,4,2025Q4,정보통신업,4110.843751351506
recursive_no_target_actual,광주,2021,1,2021Q1,건설업,4416.071681930466
recursive_no_target_actual,광주,2021,1,2021Q1,"공공 행정, 국방·사회보장",7638.7492364345035
recursive_no_target_actual,광주,2021,1,2021Q1,"광업, 제조업",28791.12763340074
recursive_no_target_actual,광주,2021,1,2021Q1,교육 서비스업,7860.3758255286975
recursive_no_target_actual,광주,2021,1,2021Q1,금융 및 보험업,6418.044657062022
recursive_no_target_actual,광주,2021,1,2021Q1,도매 및 소매업,8528.727957356317
recursive_no_target_actual,광주,2021,1,2021Q1,문화 및 기타서비스업,4142.89808908468
recursive_no_target_actual,광주,2021,1,2021Q1,보건 및 사회복지업,10768.355905344384
recursive_no_target_actual,광주,2021,1,2021Q1,부동산업,11187.628097122886
recursive_no_target_actual,광주,2021,1,2021Q1,사업서비스업,6744.28789332395
recursive_no_target_actual,광주,2021,1,2021Q1,숙박 및 음식점업,1959.394186449987
recursive_no_target_actual,광주,2021,1,2021Q1,운수 및 창고업,2833.8636158390423
recursive_no_target_actual,광주,2021,1,2021Q1,정보통신업,3589.010321029927
recursive_no_target_actual,광주,2021,2,2021Q2,건설업,6157.960769500454
recursive_no_target_actual,광주,2021,2,2021Q2,"공공 행정, 국방·사회보장",7410.3621045966975
recursive_no_target_actual,광주,2021,2,2021Q2,"광업, 제조업",30914.084655571998
recursive_no_target_actual,광주,2021,2,2021Q2,교육 서비스업,6804.954585176283
recursive_no_target_actual,광주,2021,2,2021Q2,금융 및 보험업,6404.318510757073
recursive_no_target_actual,광주,2021,2,2021Q2,도매 및 소매업,8648.595889205099
recursive_no_target_actual,광주,2021,2,2021Q2,문화 및 기타서비스업,4147.412308215331
recursive_no_target_actual,광주,2021,2,2021Q2,보건 및 사회복지업,11258.745378574145
recursive_no_target_actual,광주,2021,2,2021Q2,부동산업,11300.937162239965
recursive_no_target_actual,광주,2021,2,2021Q2,사업서비스업,7516.697285021546
recursive_no_target_actual,광주,2021,2,2021Q2,숙박 및 음식점업,2496.5672822289403
recursive_no_target_actual,광주,2021,2,2021Q2,운수 및 창고업,3191.5425554251606
recursive_no_target_actual,광주,2021,2,2021Q2,정보통신업,3697.761619905637
recursive_no_target_actual,광주,2021,3,2021Q3,건설업,5636.208803544265
recursive_no_target_actual,광주,2021,3,2021Q3,"공공 행정, 국방·사회보장",6878.774421894024
recursive_no_target_actual,광주,2021,3,2021Q3,"광업, 제조업",30719.67671638162
recursive_no_target_actual,광주,2021,3,2021Q3,교육 서비스업,7408.361554812799
recursive_no_target_actual,광주,2021,3,2021Q3,금융 및 보험업,6590.163731058532
recursive_no_target_actual,광주,2021,3,2021Q3,도매 및 소매업,8373.846535934888
recursive_no_target_actual,광주,2021,3,2021Q3,문화 및 기타서비스업,4503.203052172939
recursive_no_target_actual,광주,2021,3,2021Q3,보건 및 사회복지업,11290.75936017381
recursive_no_target_actual,광주,2021,3,2021Q3,부동산업,10925.461538508996
recursive_no_target_actual,광주,2021,3,2021Q3,사업서비스업,7485.939097731475
recursive_no_target_actual,광주,2021,3,2021Q3,숙박 및 음식점업,2602.827602356872
recursive_no_target_actual,광주,2021,3,2021Q3,운수 및 창고업,3231.678640167695
recursive_no_target_actual,광주,2021,3,2021Q3,정보통신업,3747.4352702349265
recursive_no_target_actual,광주,2021,4,2021Q4,건설업,6625.7054359915155
recursive_no_target_actual,광주,2021,4,2021Q4,"공공 행정, 국방·사회보장",7015.0179289175285
recursive_no_target_actual,광주,2021,4,2021Q4,"광업, 제조업",32036.148447243693
recursive_no_target_actual,광주,2021,4,2021Q4,교육 서비스업,7333.0947069651975
recursive_no_target_actual,광주,2021,4,2021Q4,금융 및 보험업,6475.400040566576
recursive_no_target_actual,광주,2021,4,2021Q4,도매 및 소매업,9392.7689998165
recursive_no_target_actual,광주,2021,4,2021Q4,문화 및 기타서비스업,4433.793752300183
recursive_no_target_actual,광주,2021,4,2021Q4,보건 및 사회복지업,11932.192905353495
recursive_no_target_actual,광주,2021,4,2021Q4,부동산업,10718.82477208635
recursive_no_target_actual,광주,2021,4,2021Q4,사업서비스업,8826.396450024235
recursive_no_target_actual,광주,2021,4,2021Q4,숙박 및 음식점업,2982.2887404880794
recursive_no_target_actual,광주,2021,4,2021Q4,운수 및 창고업,3386.1539038319947
recursive_no_target_actual,광주,2021,4,2021Q4,정보통신업,4179.674727233059
recursive_no_target_actual,광주,2022,1,2022Q1,건설업,4543.731488104545
recursive_no_target_actual,광주,2022,1,2022Q1,"공공 행정, 국방·사회보장",7890.753600590897
recursive_no_target_actual,광주,2022,1,2022Q1,"광업, 제조업",29606.45139665827
recursive_no_target_actual,광주,2022,1,2022Q1,교육 서비스업,8146.702784346757
recursive_no_target_actual,광주,2022,1,2022Q1,금융 및 보험업,6481.6031815849965
recursive_no_target_actual,광주,2022,1,2022Q1,도매 및 소매업,8858.860164013247
recursive_no_target_actual,광주,2022,1,2022Q1,문화 및 기타서비스업,4088.5541798730137
recursive_no_target_actual,광주,2022,1,2022Q1,보건 및 사회복지업,11483.695237063168
recursive_no_target_actual,광주,2022,1,2022Q1,부동산업,11207.182798051841
recursive_no_target_actual,광주,2022,1,2022Q1,사업서비스업,7014.050929784296
recursive_no_target_actual,광주,2022,1,2022Q1,숙박 및 음식점업,2314.7841395454507
recursive_no_target_actual,광주,2022,1,2022Q1,운수 및 창고업,3087.703829719133
recursive_no_target_actual,광주,2022,1,2022Q1,정보통신업,3781.1194250752283
recursive_no_target_actual,광주,2022,2,2022Q2,건설업,6280.479459267831
recursive_no_target_actual,광주,2022,2,2022Q2,"공공 행정, 국방·사회보장",7610.909239828467
recursive_no_target_actual,광주,2022,2,2022Q2,"광업, 제조업",31622.70953956041
recursive_no_target_actual,광주,2022,2,2022Q2,교육 서비스업,7011.864834287001
recursive_no_target_actual,광주,2022,2,2022Q2,금융 및 보험업,6377.475030435229
recursive_no_target_actual,광주,2022,2,2022Q2,도매 및 소매업,8930.054227243725
recursive_no_target_actual,광주,2022,2,2022Q2,문화 및 기타서비스업,4171.612489488003
recursive_no_target_actual,광주,2022,2,2022Q2,보건 및 사회복지업,11824.814843295198
recursive_no_target_actual,광주,2022,2,2022Q2,부동산업,11153.199414033785
recursive_no_target_actual,광주,2022,2,2022Q2,사업서비스업,7838.003347712684
recursive_no_target_actual,광주,2022,2,2022Q2,숙박 및 음식점업,3141.903471632262
recursive_no_target_actual,광주,2022,2,2022Q2,운수 및 창고업,3590.9461805654214
recursive_no_target_actual,광주,2022,2,2022Q2,정보통신업,3933.5941746519215
recursive_no_target_actual,광주,2022,3,2022Q3,건설업,5925.708679557355
recursive_no_target_actual,광주,2022,3,2022Q3,"공공 행정, 국방·사회보장",7081.129567831901
recursive_no_target_actual,광주,2022,3,2022Q3,"광업, 제조업",31539.16461693185
recursive_no_target_actual,광주,2022,3,2022Q3,교육 서비스업,7567.1347188691025
recursive_no_target_actual,광주,2022,3,2022Q3,금융 및 보험업,6329.0764922304625
recursive_no_target_actual,광주,2022,3,2022Q3,도매 및 소매업,8740.992450570291
recursive_no_target_actual,광주,2022,3,2022Q3,문화 및 기타서비스업,4749.316921257283
recursive_no_target_actual,광주,2022,3,2022Q3,보건 및 사회복지업,11494.862967204404
recursive_no_target_actual,광주,2022,3,2022Q3,부동산업,10933.964072972507
recursive_no_target_actual,광주,2022,3,2022Q3,사업서비스업,7610.902191280162
recursive_no_target_actual,광주,2022,3,2022Q3,숙박 및 음식점업,3384.176277983802
recursive_no_target_actual,광주,2022,3,2022Q3,운수 및 창고업,3789.909176457339
recursive_no_target_actual,광주,2022,3,2022Q3,정보통신업,3937.3173853315825
recursive_no_target_actual,광주,2022,4,2022Q4,건설업,6976.561463905096
recursive_no_target_actual,광주,2022,4,2022Q4,"공공 행정, 국방·사회보장",7232.759040485885
recursive_no_target_actual,광주,2022,4,2022Q4,"광업, 제조업",30957.44318933967
recursive_no_target_actual,광주,2022,4,2022Q4,교육 서비스업,7513.432338933573
recursive_no_target_actual,광주,2022,4,2022Q4,금융 및 보험업,6308.271959530977
recursive_no_target_actual,광주,2022,4,2022Q4,도매 및 소매업,9732.532541621616
recursive_no_target_actual,광주,2022,4,2022Q4,문화 및 기타서비스업,4496.5630061854645
recursive_no_target_actual,광주,2022,4,2022Q4,보건 및 사회복지업,12155.794043660666
recursive_no_target_actual,광주,2022,4,2022Q4,부동산업,10832.096541238838
recursive_no_target_actual,광주,2022,4,2022Q4,사업서비스업,9139.342925835546
recursive_no_target_actual,광주,2022,4,2022Q4,숙박 및 음식점업,3498.333839525955
recursive_no_target_actual,광주,2022,4,2022Q4,운수 및 창고업,3998.6728600918846
recursive_no_target_actual,광주,2022,4,2022Q4,정보통신업,4252.852178427982
recursive_no_target_actual,광주,2023,1,2023Q1,건설업,4111.165649546278
recursive_no_target_actual,광주,2023,1,2023Q1,"공공 행정, 국방·사회보장",8025.36510929219
recursive_no_target_actual,광주,2023,1,2023Q1,"광업, 제조업",29224.309957573616
recursive_no_target_actual,광주,2023,1,2023Q1,교육 서비스업,8447.294348197369
recursive_no_target_actual,광주,2023,1,2023Q1,금융 및 보험업,6560.754770099081
recursive_no_target_actual,광주,2023,1,2023Q1,도매 및 소매업,8954.899365897552
recursive_no_target_actual,광주,2023,1,2023Q1,문화 및 기타서비스업,4454.179066312179
recursive_no_target_actual,광주,2023,1,2023Q1,보건 및 사회복지업,11792.070203432715
recursive_no_target_actual,광주,2023,1,2023Q1,부동산업,10509.417070684416
recursive_no_target_actual,광주,2023,1,2023Q1,사업서비스업,6974.036755976414
recursive_no_target_actual,광주,2023,1,2023Q1,숙박 및 음식점업,2554.1004898208075
recursive_no_target_actual,광주,2023,1,2023Q1,운수 및 창고업,3402.4272109607773
recursive_no_target_actual,광주,2023,1,2023Q1,정보통신업,3890.8660159837436
recursive_no_target_actual,광주,2023,2,2023Q2,건설업,5566.726490019641
recursive_no_target_actual,광주,2023,2,2023Q2,"공공 행정, 국방·사회보장",7718.5677492197765
recursive_no_target_actual,광주,2023,2,2023Q2,"광업, 제조업",32289.879903238456
recursive_no_target_actual,광주,2023,2,2023Q2,교육 서비스업,7248.95851880646
recursive_no_target_actual,광주,2023,2,2023Q2,금융 및 보험업,6494.561369604502
recursive_no_target_actual,광주,2023,2,2023Q2,도매 및 소매업,8313.609825182233
recursive_no_target_actual,광주,2023,2,2023Q2,문화 및 기타서비스업,4228.740137828878
recursive_no_target_actual,광주,2023,2,2023Q2,보건 및 사회복지업,11936.859755577758
recursive_no_target_actual,광주,2023,2,2023Q2,부동산업,10520.358102450497
recursive_no_target_actual,광주,2023,2,2023Q2,사업서비스업,7817.309248288315
recursive_no_target_actual,광주,2023,2,2023Q2,숙박 및 음식점업,2909.574426638477
recursive_no_target_actual,광주,2023,2,2023Q2,운수 및 창고업,4333.1064539732015
recursive_no_target_actual,광주,2023,2,2023Q2,정보통신업,3837.048840189985
recursive_no_target_actual,광주,2023,3,2023Q3,건설업,5289.115128408393
recursive_no_target_actual,광주,2023,3,2023Q3,"공공 행정, 국방·사회보장",7185.569870045036
recursive_no_target_actual,광주,2023,3,2023Q3,"광업, 제조업",32603.1419671349
recursive_no_target_actual,광주,2023,3,2023Q3,교육 서비스업,7779.909378278501
recursive_no_target_actual,광주,2023,3,2023Q3,금융 및 보험업,6483.365325305079
recursive_no_target_actual,광주,2023,3,2023Q3,도매 및 소매업,7994.06429231246
recursive_no_target_actual,광주,2023,3,2023Q3,문화 및 기타서비스업,4855.175905403484
recursive_no_target_actual,광주,2023,3,2023Q3,보건 및 사회복지업,11731.839712141227
recursive_no_target_actual,광주,2023,3,2023Q3,부동산업,10387.985045980258
recursive_no_target_actual,광주,2023,3,2023Q3,사업서비스업,7653.465703262064
recursive_no_target_actual,광주,2023,3,2023Q3,숙박 및 음식점업,3068.2636621529814
recursive_no_target_actual,광주,2023,3,2023Q3,운수 및 창고업,4470.632010166608
recursive_no_target_actual,광주,2023,3,2023Q3,정보통신업,3962.1957230278285
recursive_no_target_actual,광주,2023,4,2023Q4,건설업,5919.671471778506
recursive_no_target_actual,광주,2023,4,2023Q4,"공공 행정, 국방·사회보장",7285.529784745684
recursive_no_target_actual,광주,2023,4,2023Q4,"광업, 제조업",33769.63165497604
recursive_no_target_actual,광주,2023,4,2023Q4,교육 서비스업,7691.062842987277
recursive_no_target_actual,광주,2023,4,2023Q4,금융 및 보험업,6098.344111673116
recursive_no_target_actual,광주,2023,4,2023Q4,도매 및 소매업,8725.653683549313
recursive_no_target_actual,광주,2023,4,2023Q4,문화 및 기타서비스업,4321.6482586427655
recursive_no_target_actual,광주,2023,4,2023Q4,보건 및 사회복지업,12467.27000189316
recursive_no_target_actual,광주,2023,4,2023Q4,부동산업,10289.055190870055
recursive_no_target_actual,광주,2023,4,2023Q4,사업서비스업,9167.328787704744
recursive_no_target_actual,광주,2023,4,2023Q4,숙박 및 음식점업,3194.387115318332
recursive_no_target_actual,광주,2023,4,2023Q4,운수 및 창고업,4629.265348722423
recursive_no_target_actual,광주,2023,4,2023Q4,정보통신업,4316.697838311628
recursive_no_target_actual,광주,2024,1,2024Q1,건설업,4255.876617926325
recursive_no_target_actual,광주,2024,1,2024Q1,"공공 행정, 국방·사회보장",8166.419910103249
recursive_no_target_actual,광주,2024,1,2024Q1,"광업, 제조업",31320.59605169542
recursive_no_target_actual,광주,2024,1,2024Q1,교육 서비스업,8555.631293483959
recursive_no_target_actual,광주,2024,1,2024Q1,금융 및 보험업,6612.934734032526
recursive_no_target_actual,광주,2024,1,2024Q1,도매 및 소매업,8733.560332225414
recursive_no_target_actual,광주,2024,1,2024Q1,문화 및 기타서비스업,4524.385744666496
recursive_no_target_actual,광주,2024,1,2024Q1,보건 및 사회복지업,12253.595367047832
recursive_no_target_actual,광주,2024,1,2024Q1,부동산업,10645.867208531012
recursive_no_target_actual,광주,2024,1,2024Q1,사업서비스업,7113.5606573666
recursive_no_target_actual,광주,2024,1,2024Q1,숙박 및 음식점업,2575.5735018346036
recursive_no_target_actual,광주,2024,1,2024Q1,운수 및 창고업,4008.004843988792
recursive_no_target_actual,광주,2024,1,2024Q1,정보통신업,3988.1343997652543
recursive_no_target_actual,광주,2024,2,2024Q2,건설업,5517.775400937493
recursive_no_target_actual,광주,2024,2,2024Q2,"공공 행정, 국방·사회보장",7941.613232604679
recursive_no_target_actual,광주,2024,2,2024Q2,"광업, 제조업",33737.06220570012
recursive_no_target_actual,광주,2024,2,2024Q2,교육 서비스업,7348.60962837592
recursive_no_target_actual,광주,2024,2,2024Q2,금융 및 보험업,6581.052671064019
recursive_no_target_actual,광주,2024,2,2024Q2,도매 및 소매업,8224.34090334444
recursive_no_target_actual,광주,2024,2,2024Q2,문화 및 기타서비스업,4268.971041944187
recursive_no_target_actual,광주,2024,2,2024Q2,보건 및 사회복지업,12243.56445573879
recursive_no_target_actual,광주,2024,2,2024Q2,부동산업,10816.35565367974
recursive_no_target_actual,광주,2024,2,2024Q2,사업서비스업,7854.888069852059
recursive_no_target_actual,광주,2024,2,2024Q2,숙박 및 음식점업,2905.126121289388
recursive_no_target_actual,광주,2024,2,2024Q2,운수 및 창고업,4639.72623838099
recursive_no_target_actual,광주,2024,2,2024Q2,정보통신업,3826.1235251220382
recursive_no_target_actual,광주,2024,3,2024Q3,건설업,4951.120324110967
recursive_no_target_actual,광주,2024,3,2024Q3,"공공 행정, 국방·사회보장",7305.114211911703
recursive_no_target_actual,광주,2024,3,2024Q3,"광업, 제조업",33698.987674836026
recursive_no_target_actual,광주,2024,3,2024Q3,교육 서비스업,7841.261001085966
recursive_no_target_actual,광주,2024,3,2024Q3,금융 및 보험업,6822.259901264597
recursive_no_target_actual,광주,2024,3,2024Q3,도매 및 소매업,7893.962510009949
recursive_no_target_actual,광주,2024,3,2024Q3,문화 및 기타서비스업,4823.111651810586
recursive_no_target_actual,광주,2024,3,2024Q3,보건 및 사회복지업,12117.422369269789
recursive_no_target_actual,광주,2024,3,2024Q3,부동산업,10586.891410696484
recursive_no_target_actual,광주,2024,3,2024Q3,사업서비스업,7650.72535616534
recursive_no_target_actual,광주,2024,3,2024Q3,숙박 및 음식점업,2994.466252888037
recursive_no_target_actual,광주,2024,3,2024Q3,운수 및 창고업,4831.124262792035
recursive_no_target_actual,광주,2024,3,2024Q3,정보통신업,3952.7370405386414
recursive_no_target_actual,광주,2024,4,2024Q4,건설업,5526.105840465823
recursive_no_target_actual,광주,2024,4,2024Q4,"공공 행정, 국방·사회보장",7431.866027148855
recursive_no_target_actual,광주,2024,4,2024Q4,"광업, 제조업",34536.59408065796
recursive_no_target_actual,광주,2024,4,2024Q4,교육 서비스업,7769.400038062058
recursive_no_target_actual,광주,2024,4,2024Q4,금융 및 보험업,6548.54184473812
recursive_no_target_actual,광주,2024,4,2024Q4,도매 및 소매업,8640.78915312497
recursive_no_target_actual,광주,2024,4,2024Q4,문화 및 기타서비스업,4263.555774236439
recursive_no_target_actual,광주,2024,4,2024Q4,보건 및 사회복지업,13072.188602966018
recursive_no_target_actual,광주,2024,4,2024Q4,부동산업,10468.43749303473
recursive_no_target_actual,광주,2024,4,2024Q4,사업서비스업,8868.069759739306
recursive_no_target_actual,광주,2024,4,2024Q4,숙박 및 음식점업,3074.8926015891175
recursive_no_target_actual,광주,2024,4,2024Q4,운수 및 창고업,4890.337548335653
recursive_no_target_actual,광주,2024,4,2024Q4,정보통신업,4313.681122151317
recursive_no_target_actual,광주,2025,1,2025Q1,건설업,3731.911791398092
recursive_no_target_actual,광주,2025,1,2025Q1,"공공 행정, 국방·사회보장",8316.206611570979
recursive_no_target_actual,광주,2025,1,2025Q1,"광업, 제조업",31483.498753388492
recursive_no_target_actual,광주,2025,1,2025Q1,교육 서비스업,8501.676338331783
recursive_no_target_actual,광주,2025,1,2025Q1,금융 및 보험업,6965.664005356822
recursive_no_target_actual,광주,2025,1,2025Q1,도매 및 소매업,8663.369983061853
recursive_no_target_actual,광주,2025,1,2025Q1,문화 및 기타서비스업,4437.367194318206
recursive_no_target_actual,광주,2025,1,2025Q1,보건 및 사회복지업,12822.89887673709
recursive_no_target_actual,광주,2025,1,2025Q1,부동산업,10602.123442388915
recursive_no_target_actual,광주,2025,1,2025Q1,사업서비스업,6985.216224150277
recursive_no_target_actual,광주,2025,1,2025Q1,숙박 및 음식점업,2490.0477156212255
recursive_no_target_actual,광주,2025,1,2025Q1,운수 및 창고업,4147.392390437186
recursive_no_target_actual,광주,2025,1,2025Q1,정보통신업,4029.696607846614
recursive_no_target_actual,광주,2025,2,2025Q2,건설업,4943.1068866563655
recursive_no_target_actual,광주,2025,2,2025Q2,"공공 행정, 국방·사회보장",8058.5300192809755
recursive_no_target_actual,광주,2025,2,2025Q2,"광업, 제조업",34561.34085118663
recursive_no_target_actual,광주,2025,2,2025Q2,교육 서비스업,7273.25764661923
recursive_no_target_actual,광주,2025,2,2025Q2,금융 및 보험업,6866.354678316053
recursive_no_target_actual,광주,2025,2,2025Q2,도매 및 소매업,8236.895794416376
recursive_no_target_actual,광주,2025,2,2025Q2,문화 및 기타서비스업,4187.4408520796005
recursive_no_target_actual,광주,2025,2,2025Q2,보건 및 사회복지업,13007.829151973801
recursive_no_target_actual,광주,2025,2,2025Q2,부동산업,10760.335797833039
recursive_no_target_actual,광주,2025,2,2025Q2,사업서비스업,7751.122489943149
recursive_no_target_actual,광주,2025,2,2025Q2,숙박 및 음식점업,2853.426509813341
recursive_no_target_actual,광주,2025,2,2025Q2,운수 및 창고업,4777.631283546085
recursive_no_target_actual,광주,2025,2,2025Q2,정보통신업,3944.234360708442
recursive_no_target_actual,광주,2025,3,2025Q3,건설업,4611.755351526248
recursive_no_target_actual,광주,2025,3,2025Q3,"공공 행정, 국방·사회보장",7419.686664476078
recursive_no_target_actual,광주,2025,3,2025Q3,"광업, 제조업",34934.31610926012
recursive_no_target_actual,광주,2025,3,2025Q3,교육 서비스업,7860.49928367352
recursive_no_target_actual,광주,2025,3,2025Q3,금융 및 보험업,7056.937162013894
recursive_no_target_actual,광주,2025,3,2025Q3,도매 및 소매업,8225.991572240067
recursive_no_target_actual,광주,2025,3,2025Q3,문화 및 기타서비스업,4905.993524506463
recursive_no_target_actual,광주,2025,3,2025Q3,보건 및 사회복지업,12716.623381947138
recursive_no_target_actual,광주,2025,3,2025Q3,부동산업,10660.268308409966
recursive_no_target_actual,광주,2025,3,2025Q3,사업서비스업,7780.360353753809
recursive_no_target_actual,광주,2025,3,2025Q3,숙박 및 음식점업,3045.407464763583
recursive_no_target_actual,광주,2025,3,2025Q3,운수 및 창고업,4925.081278086433
recursive_no_target_actual,광주,2025,3,2025Q3,정보통신업,4037.5495727523903
recursive_no_target_actual,광주,2025,4,2025Q4,건설업,5103.3869230883865
recursive_no_target_actual,광주,2025,4,2025Q4,"공공 행정, 국방·사회보장",7601.698487168887
recursive_no_target_actual,광주,2025,4,2025Q4,"광업, 제조업",35250.99313310674
recursive_no_target_actual,광주,2025,4,2025Q4,교육 서비스업,7776.996732996607
recursive_no_target_actual,광주,2025,4,2025Q4,금융 및 보험업,6946.04219402349
recursive_no_target_actual,광주,2025,4,2025Q4,도매 및 소매업,8966.566242515637
recursive_no_target_actual,광주,2025,4,2025Q4,문화 및 기타서비스업,4190.529955530621
recursive_no_target_actual,광주,2025,4,2025Q4,보건 및 사회복지업,14001.153690196192
recursive_no_target_actual,광주,2025,4,2025Q4,부동산업,10653.202037463921
recursive_no_target_actual,광주,2025,4,2025Q4,사업서비스업,8953.274062625047
recursive_no_target_actual,광주,2025,4,2025Q4,숙박 및 음식점업,3091.8956665778796
recursive_no_target_actual,광주,2025,4,2025Q4,운수 및 창고업,4930.666892523726
recursive_no_target_actual,광주,2025,4,2025Q4,정보통신업,4403.251564421425
recursive_no_target_actual,대구,2021,1,2021Q1,건설업,7100.974266402326
recursive_no_target_actual,대구,2021,1,2021Q1,"공공 행정, 국방·사회보장",12511.382945541856
recursive_no_target_actual,대구,2021,1,2021Q1,"광업, 제조업",28442.446581314416
recursive_no_target_actual,대구,2021,1,2021Q1,교육 서비스업,11885.061370369556
recursive_no_target_actual,대구,2021,1,2021Q1,금융 및 보험업,10304.158763506937
recursive_no_target_actual,대구,2021,1,2021Q1,도매 및 소매업,13424.620366288495
recursive_no_target_actual,대구,2021,1,2021Q1,문화 및 기타서비스업,5166.3629734718825
recursive_no_target_actual,대구,2021,1,2021Q1,보건 및 사회복지업,13319.259249629162
recursive_no_target_actual,대구,2021,1,2021Q1,부동산업,18211.708948999833
recursive_no_target_actual,대구,2021,1,2021Q1,사업서비스업,8937.400213446037
recursive_no_target_actual,대구,2021,1,2021Q1,숙박 및 음식점업,3293.6910085354393
recursive_no_target_actual,대구,2021,1,2021Q1,운수 및 창고업,4882.265117025007
recursive_no_target_actual,대구,2021,1,2021Q1,정보통신업,5318.613947379437
recursive_no_target_actual,대구,2021,2,2021Q2,건설업,9901.904703372591
recursive_no_target_actual,대구,2021,2,2021Q2,"공공 행정, 국방·사회보장",12137.311382539418
recursive_no_target_actual,대구,2021,2,2021Q2,"광업, 제조업",30539.69308261097
recursive_no_target_actual,대구,2021,2,2021Q2,교육 서비스업,10289.241209653985
recursive_no_target_actual,대구,2021,2,2021Q2,금융 및 보험업,10282.121461136085
recursive_no_target_actual,대구,2021,2,2021Q2,도매 및 소매업,13613.298148861455
recursive_no_target_actual,대구,2021,2,2021Q2,문화 및 기타서비스업,5171.992388936431
recursive_no_target_actual,대구,2021,2,2021Q2,보건 및 사회복지업,13925.816516555544
recursive_no_target_actual,대구,2021,2,2021Q2,부동산업,18396.15838701129
recursive_no_target_actual,대구,2021,2,2021Q2,사업서비스업,9960.982238919669
recursive_no_target_actual,대구,2021,2,2021Q2,숙박 및 음식점업,4196.665105238183
recursive_no_target_actual,대구,2021,2,2021Q2,운수 및 창고업,5498.485107315108
recursive_no_target_actual,대구,2021,2,2021Q2,정보통신업,5479.774301699621
recursive_no_target_actual,대구,2021,3,2021Q3,건설업,9062.93569413764
recursive_no_target_actual,대구,2021,3,2021Q3,"공공 행정, 국방·사회보장",11266.632576157923
recursive_no_target_actual,대구,2021,3,2021Q3,"광업, 제조업",30347.639561963482
recursive_no_target_actual,대구,2021,3,2021Q3,교육 서비스업,11201.605837582745
recursive_no_target_actual,대구,2021,3,2021Q3,금융 및 보험업,10580.495616778338
recursive_no_target_actual,대구,2021,3,2021Q3,도매 및 소매업,13180.829698469097
recursive_no_target_actual,대구,2021,3,2021Q3,문화 및 기타서비스업,5615.677965158924
recursive_no_target_actual,대구,2021,3,2021Q3,보건 및 사회복지업,13965.414253135477
recursive_no_target_actual,대구,2021,3,2021Q3,부동산업,17784.942790866196
recursive_no_target_actual,대구,2021,3,2021Q3,사업서비스업,9920.222082473261
recursive_no_target_actual,대구,2021,3,2021Q3,숙박 및 음식점업,4375.28595824968
recursive_no_target_actual,대구,2021,3,2021Q3,운수 및 창고업,5567.632756262362
recursive_no_target_actual,대구,2021,3,2021Q3,정보통신업,5553.3865083602
recursive_no_target_actual,대구,2021,4,2021Q4,건설업,10654.030818895246
recursive_no_target_actual,대구,2021,4,2021Q4,"공공 행정, 국방·사회보장",11489.783597019336
recursive_no_target_actual,대구,2021,4,2021Q4,"광업, 제조업",31648.16788296667
recursive_no_target_actual,대구,2021,4,2021Q4,교육 서비스업,11087.800705909814
recursive_no_target_actual,대구,2021,4,2021Q4,금융 및 보험업,10396.242725079635
recursive_no_target_actual,대구,2021,4,2021Q4,도매 및 소매업,14784.661750410169
recursive_no_target_actual,대구,2021,4,2021Q4,문화 및 기타서비스업,5529.121735880196
recursive_no_target_actual,대구,2021,4,2021Q4,보건 및 사회복지업,14758.796247077262
recursive_no_target_actual,대구,2021,4,2021Q4,부동산업,17448.570450314448
recursive_no_target_actual,대구,2021,4,2021Q4,사업서비스업,11696.570307221438
recursive_no_target_actual,대구,2021,4,2021Q4,숙박 및 음식점업,5013.1503284690325
recursive_no_target_actual,대구,2021,4,2021Q4,운수 및 창고업,5833.767367334021
recursive_no_target_actual,대구,2021,4,2021Q4,정보통신업,6193.92933185876
recursive_no_target_actual,대구,2022,1,2022Q1,건설업,7939.124750340661
recursive_no_target_actual,대구,2022,1,2022Q1,"공공 행정, 국방·사회보장",12201.877703820133
recursive_no_target_actual,대구,2022,1,2022Q1,"광업, 제조업",29671.60228196467
recursive_no_target_actual,대구,2022,1,2022Q1,교육 서비스업,12546.148022755599
recursive_no_target_actual,대구,2022,1,2022Q1,금융 및 보험업,10421.97668700679
recursive_no_target_actual,대구,2022,1,2022Q1,도매 및 소매업,13811.59383588614
recursive_no_target_actual,대구,2022,1,2022Q1,문화 및 기타서비스업,5139.215965124987
recursive_no_target_actual,대구,2022,1,2022Q1,보건 및 사회복지업,14925.968630577627
recursive_no_target_actual,대구,2022,1,2022Q1,부동산업,17861.191226403345
recursive_no_target_actual,대구,2022,1,2022Q1,사업서비스업,9792.902760717532
recursive_no_target_actual,대구,2022,1,2022Q1,숙박 및 음식점업,3468.711065876877
recursive_no_target_actual,대구,2022,1,2022Q1,운수 및 창고업,5000.4973835481405
recursive_no_target_actual,대구,2022,1,2022Q1,정보통신업,5298.632570333247
recursive_no_target_actual,대구,2022,2,2022Q2,건설업,10973.692008345217
recursive_no_target_actual,대구,2022,2,2022Q2,"공공 행정, 국방·사회보장",11769.139990926504
recursive_no_target_actual,대구,2022,2,2022Q2,"광업, 제조업",31692.297329555462
recursive_no_target_actual,대구,2022,2,2022Q2,교육 서비스업,10798.46613473495
recursive_no_target_actual,대구,2022,2,2022Q2,금융 및 보험업,10254.545708382977
recursive_no_target_actual,대구,2022,2,2022Q2,도매 및 소매업,13922.590450197786
recursive_no_target_actual,대구,2022,2,2022Q2,문화 및 기타서비스업,5243.618297106045
recursive_no_target_actual,대구,2022,2,2022Q2,보건 및 사회복지업,15369.339900607636
recursive_no_target_actual,대구,2022,2,2022Q2,부동산업,17775.15644296406
recursive_no_target_actual,대구,2022,2,2022Q2,사업서비스업,10943.29160006389
recursive_no_target_actual,대구,2022,2,2022Q2,숙박 및 음식점업,4708.1518979596485
recursive_no_target_actual,대구,2022,2,2022Q2,운수 및 창고업,5815.492019522145
recursive_no_target_actual,대구,2022,2,2022Q2,정보통신업,5512.301482482035
recursive_no_target_actual,대구,2022,3,2022Q3,건설업,10353.811743573664
recursive_no_target_actual,대구,2022,3,2022Q3,"공공 행정, 국방·사회보장",10949.914465092319
recursive_no_target_actual,대구,2022,3,2022Q3,"광업, 제조업",31608.568560994165
recursive_no_target_actual,대구,2022,3,2022Q3,교육 서비스업,11653.597142819723
recursive_no_target_actual,대구,2022,3,2022Q3,금융 및 보험업,10176.724153634244
recursive_no_target_actual,대구,2022,3,2022Q3,도매 및 소매업,13627.829677258624
recursive_no_target_actual,대구,2022,3,2022Q3,문화 및 기타서비스업,5969.779112948371
recursive_no_target_actual,대구,2022,3,2022Q3,보건 및 사회복지업,14940.483922591371
recursive_no_target_actual,대구,2022,3,2022Q3,부동산업,17425.755133032548
recursive_no_target_actual,대구,2022,3,2022Q3,사업서비스업,10626.216693700386
recursive_no_target_actual,대구,2022,3,2022Q3,숙박 및 음식점업,5071.198434349713
recursive_no_target_actual,대구,2022,3,2022Q3,운수 및 창고업,6137.7100803362655
recursive_no_target_actual,대구,2022,3,2022Q3,정보통신업,5517.518965231359
recursive_no_target_actual,대구,2022,4,2022Q4,건설업,12189.93506446555
recursive_no_target_actual,대구,2022,4,2022Q4,"공공 행정, 국방·사회보장",11184.38690907791
recursive_no_target_actual,대구,2022,4,2022Q4,"광업, 제조업",31025.56701828445
recursive_no_target_actual,대구,2022,4,2022Q4,교육 서비스업,11570.893989693774
recursive_no_target_actual,대구,2022,4,2022Q4,금융 및 보험업,10143.27188130228
recursive_no_target_actual,대구,2022,4,2022Q4,도매 및 소매업,15173.711286862277
recursive_no_target_actual,대구,2022,4,2022Q4,문화 및 기타서비스업,5652.073415912633
recursive_no_target_actual,대구,2022,4,2022Q4,보건 및 사회복지업,15799.531146547739
recursive_no_target_actual,대구,2022,4,2022Q4,부동산업,17263.406084494403
recursive_no_target_actual,대구,2022,4,2022Q4,사업서비스업,12760.200555360325
recursive_no_target_actual,대구,2022,4,2022Q4,숙박 및 음식점업,5242.263887153682
recursive_no_target_actual,대구,2022,4,2022Q4,운수 및 창고업,6475.80023125899
recursive_no_target_actual,대구,2022,4,2022Q4,정보통신업,5959.690381634236
recursive_no_target_actual,대구,2023,1,2023Q1,건설업,8095.132043843464
recursive_no_target_actual,대구,2023,1,2023Q1,"공공 행정, 국방·사회보장",12370.772326464006
recursive_no_target_actual,대구,2023,1,2023Q1,"광업, 제조업",29339.685091995514
recursive_no_target_actual,대구,2023,1,2023Q1,교육 서비스업,12711.794606915433
recursive_no_target_actual,대구,2023,1,2023Q1,금융 및 보험업,10816.433469392463
recursive_no_target_actual,대구,2023,1,2023Q1,도매 및 소매업,14251.316696890306
recursive_no_target_actual,대구,2023,1,2023Q1,문화 및 기타서비스업,5449.119390001211
recursive_no_target_actual,대구,2023,1,2023Q1,보건 및 사회복지업,15421.834362824718
recursive_no_target_actual,대구,2023,1,2023Q1,부동산업,17300.905778288317
recursive_no_target_actual,대구,2023,1,2023Q1,사업서비스업,9684.44922223838
recursive_no_target_actual,대구,2023,1,2023Q1,숙박 및 음식점업,4127.327218206355
recursive_no_target_actual,대구,2023,1,2023Q1,운수 및 창고업,5601.673949555395
recursive_no_target_actual,대구,2023,1,2023Q1,정보통신업,5459.922963870467
recursive_no_target_actual,대구,2023,2,2023Q2,건설업,10961.218746718121
recursive_no_target_actual,대구,2023,2,2023Q2,"공공 행정, 국방·사회보장",11897.85673444669
recursive_no_target_actual,대구,2023,2,2023Q2,"광업, 제조업",32417.35765171948
recursive_no_target_actual,대구,2023,2,2023Q2,교육 서비스업,10908.495431413687
recursive_no_target_actual,대구,2023,2,2023Q2,금융 및 보험업,10707.303264461538
recursive_no_target_actual,대구,2023,2,2023Q2,도매 및 소매업,13230.733442326695
recursive_no_target_actual,대구,2023,2,2023Q2,문화 및 기타서비스업,5173.323644439383
recursive_no_target_actual,대구,2023,2,2023Q2,보건 및 사회복지업,15611.192164476748
recursive_no_target_actual,대구,2023,2,2023Q2,부동산업,17318.91722063846
recursive_no_target_actual,대구,2023,2,2023Q2,사업서비스업,10855.453895436667
recursive_no_target_actual,대구,2023,2,2023Q2,숙박 및 음식점업,4701.759297381698
recursive_no_target_actual,대구,2023,2,2023Q2,운수 및 창고업,7133.921767871685
recursive_no_target_actual,대구,2023,2,2023Q2,정보통신업,5384.403109740331
recursive_no_target_actual,대구,2023,3,2023Q3,건설업,10414.585304846898
recursive_no_target_actual,대구,2023,3,2023Q3,"공공 행정, 국방·사회보장",11076.262286846482
recursive_no_target_actual,대구,2023,3,2023Q3,"광업, 제조업",32731.856448075432
recursive_no_target_actual,대구,2023,3,2023Q3,교육 서비스업,11707.489522748281
recursive_no_target_actual,대구,2023,3,2023Q3,금융 및 보험업,10688.844829033193
recursive_no_target_actual,대구,2023,3,2023Q3,도매 및 소매업,12722.191201712998
recursive_no_target_actual,대구,2023,3,2023Q3,문화 및 기타서비스업,5939.687824428961
recursive_no_target_actual,대구,2023,3,2023Q3,보건 및 사회복지업,15343.064083792759
recursive_no_target_actual,대구,2023,3,2023Q3,부동산업,17101.00087359729
recursive_no_target_actual,대구,2023,3,2023Q3,사업서비스업,10627.933658919632
recursive_no_target_actual,대구,2023,3,2023Q3,숙박 및 음식점업,4958.194940217868
recursive_no_target_actual,대구,2023,3,2023Q3,운수 및 창고업,7360.340520650581
recursive_no_target_actual,대구,2023,3,2023Q3,정보통신업,5560.017571059783
recursive_no_target_actual,대구,2023,4,2023Q4,건설업,11656.188610524332
recursive_no_target_actual,대구,2023,4,2023Q4,"공공 행정, 국방·사회보장",11230.346410085027
recursive_no_target_actual,대구,2023,4,2023Q4,"광업, 제조업",33902.951339759944
recursive_no_target_actual,대구,2023,4,2023Q4,교육 서비스업,11573.790037255732
recursive_no_target_actual,대구,2023,4,2023Q4,금융 및 보험업,10054.076957425643
recursive_no_target_actual,대구,2023,4,2023Q4,도매 및 소매업,13886.482577929552
recursive_no_target_actual,대구,2023,4,2023Q4,문화 및 기타서비스업,5286.9848679956
recursive_no_target_actual,대구,2023,4,2023Q4,보건 및 사회복지업,16304.870104134876
recursive_no_target_actual,대구,2023,4,2023Q4,부동산업,16938.139690107324
recursive_no_target_actual,대구,2023,4,2023Q4,사업서비스업,12730.149446374811
recursive_no_target_actual,대구,2023,4,2023Q4,숙박 및 음식점업,5162.005543276812
recursive_no_target_actual,대구,2023,4,2023Q4,운수 및 창고업,7621.510616297739
recursive_no_target_actual,대구,2023,4,2023Q4,정보통신업,6057.478607247455
recursive_no_target_actual,대구,2024,1,2024Q1,건설업,8380.07663063194
recursive_no_target_actual,대구,2024,1,2024Q1,"공공 행정, 국방·사회보장",12588.202537130426
recursive_no_target_actual,대구,2024,1,2024Q1,"광업, 제조업",31444.247148500934
recursive_no_target_actual,대구,2024,1,2024Q1,교육 서비스업,12874.823967567187
recursive_no_target_actual,대구,2024,1,2024Q1,금융 및 보험업,10902.460325767845
recursive_no_target_actual,대구,2024,1,2024Q1,도매 및 소매업,13899.065651137862
recursive_no_target_actual,대구,2024,1,2024Q1,문화 및 기타서비스업,5535.008297167404
recursive_no_target_actual,대구,2024,1,2024Q1,보건 및 사회복지업,16025.423427743614
recursive_no_target_actual,대구,2024,1,2024Q1,부동산업,17525.533934392573
recursive_no_target_actual,대구,2024,1,2024Q1,사업서비스업,9878.198149234488
recursive_no_target_actual,대구,2024,1,2024Q1,숙박 및 음식점업,4162.026771843584
recursive_no_target_actual,대구,2024,1,2024Q1,운수 및 창고업,6598.682332405867
recursive_no_target_actual,대구,2024,1,2024Q1,정보통신업,5596.416454030643
recursive_no_target_actual,대구,2024,2,2024Q2,건설업,10864.831112750206
recursive_no_target_actual,대구,2024,2,2024Q2,"공공 행정, 국방·사회보장",12241.672231414665
recursive_no_target_actual,대구,2024,2,2024Q2,"광업, 제조업",33870.25330901901
recursive_no_target_actual,대구,2024,2,2024Q2,교육 서비스업,11058.454031763455
recursive_no_target_actual,대구,2024,2,2024Q2,금융 및 보험업,10849.897743404988
recursive_no_target_actual,대구,2024,2,2024Q2,도매 및 소매업,13088.66599697436
recursive_no_target_actual,대구,2024,2,2024Q2,문화 및 기타서비스업,5222.5410190505745
recursive_no_target_actual,대구,2024,2,2024Q2,보건 및 사회복지업,16012.304861618457
recursive_no_target_actual,대구,2024,2,2024Q2,부동산업,17806.19693463003
recursive_no_target_actual,대구,2024,2,2024Q2,사업서비스업,10907.637473183624
recursive_no_target_actual,대구,2024,2,2024Q2,숙박 및 음식점업,4694.571008661126
recursive_no_target_actual,대구,2024,2,2024Q2,운수 및 창고업,7638.73317227213
recursive_no_target_actual,대구,2024,2,2024Q2,정보통신업,5369.071978217952
recursive_no_target_actual,대구,2024,3,2024Q3,건설업,9749.053238236382
recursive_no_target_actual,대구,2024,3,2024Q3,"공공 행정, 국방·사회보장",11260.535004163383
recursive_no_target_actual,대구,2024,3,2024Q3,"광업, 제조업",33832.02846308768
recursive_no_target_actual,대구,2024,3,2024Q3,교육 서비스업,11799.813667709072
recursive_no_target_actual,대구,2024,3,2024Q3,금융 및 보험업,11247.565702233693
recursive_no_target_actual,대구,2024,3,2024Q3,도매 및 소매업,12562.883749643908
recursive_no_target_actual,대구,2024,3,2024Q3,문화 및 기타서비스업,5900.4613040359145
recursive_no_target_actual,대구,2024,3,2024Q3,보건 및 사회복지업,15847.334476423519
recursive_no_target_actual,대구,2024,3,2024Q3,부동산업,17428.44627342413
recursive_no_target_actual,대구,2024,3,2024Q3,사업서비스업,10624.128294359889
recursive_no_target_actual,대구,2024,3,2024Q3,숙박 및 음식점업,4838.9411923304115
recursive_no_target_actual,대구,2024,3,2024Q3,운수 및 창고업,7953.846255040171
recursive_no_target_actual,대구,2024,3,2024Q3,정보통신업,5546.744516290352
recursive_no_target_actual,대구,2024,4,2024Q4,건설업,10881.23424843328
recursive_no_target_actual,대구,2024,4,2024Q4,"공공 행정, 국방·사회보장",11455.917747117883
recursive_no_target_actual,대구,2024,4,2024Q4,"광업, 제조업",34672.94166902925
recursive_no_target_actual,대구,2024,4,2024Q4,교육 서비스업,11691.674686804494
recursive_no_target_actual,대구,2024,4,2024Q4,금융 및 보험업,10796.298546009024
recursive_no_target_actual,대구,2024,4,2024Q4,도매 및 소매업,13751.424521999184
recursive_no_target_actual,대구,2024,4,2024Q4,문화 및 기타서비스업,5215.916130416996
recursive_no_target_actual,대구,2024,4,2024Q4,보건 및 사회복지업,17095.991112388507
recursive_no_target_actual,대구,2024,4,2024Q4,부동산업,17233.44401452133
recursive_no_target_actual,대구,2024,4,2024Q4,사업서비스업,12314.585410503601
recursive_no_target_actual,대구,2024,4,2024Q4,숙박 및 음식점업,4968.907048951117
recursive_no_target_actual,대구,2024,4,2024Q4,운수 및 창고업,8051.333577628216
recursive_no_target_actual,대구,2024,4,2024Q4,정보통신업,6053.245349722911
recursive_no_target_actual,대구,2025,1,2025Q1,건설업,7348.3584225505665
recursive_no_target_actual,대구,2025,1,2025Q1,"공공 행정, 국방·사회보장",12819.092615794116
recursive_no_target_actual,대구,2025,1,2025Q1,"광업, 제조업",31607.792976452005
recursive_no_target_actual,대구,2025,1,2025Q1,교육 서비스업,12793.630596098348
recursive_no_target_actual,대구,2025,1,2025Q1,금융 및 보험업,11483.989864621331
recursive_no_target_actual,대구,2025,1,2025Q1,도매 및 소매업,13787.360889964933
recursive_no_target_actual,대구,2025,1,2025Q1,문화 및 기타서비스업,5428.552211111292
recursive_no_target_actual,대구,2025,1,2025Q1,보건 및 사회복지업,16769.966521291917
recursive_no_target_actual,대구,2025,1,2025Q1,부동산업,17453.521683729978
recursive_no_target_actual,대구,2025,1,2025Q1,사업서비스업,9699.973515506354
recursive_no_target_actual,대구,2025,1,2025Q1,숙박 및 음식점업,4023.820422209417
recursive_no_target_actual,대구,2025,1,2025Q1,운수 및 창고업,6828.166620950552
recursive_no_target_actual,대구,2025,1,2025Q1,정보통신업,5654.739319274617
recursive_no_target_actual,대구,2025,2,2025Q2,건설업,9733.274298672797
recursive_no_target_actual,대구,2025,2,2025Q2,"공공 행정, 국방·사회보장",12421.894679791445
recursive_no_target_actual,대구,2025,2,2025Q2,"광업, 제조업",34697.78613774072
recursive_no_target_actual,대구,2025,2,2025Q2,교육 서비스업,10945.061639379323
recursive_no_target_actual,대구,2025,2,2025Q2,금융 및 보험업,11320.262859655042
recursive_no_target_actual,대구,2025,2,2025Q2,도매 및 소매업,13108.646537397011
recursive_no_target_actual,대구,2025,2,2025Q2,문화 및 기타서비스업,5122.799241307133
recursive_no_target_actual,대구,2025,2,2025Q2,보건 및 사회복지업,17011.82092210289
recursive_no_target_actual,대구,2025,2,2025Q2,부동산업,17713.975430697083
recursive_no_target_actual,대구,2025,2,2025Q2,사업서비스업,10763.54409874266
recursive_no_target_actual,대구,2025,2,2025Q2,숙박 및 음식점업,4611.026443963613
recursive_no_target_actual,대구,2025,2,2025Q2,운수 및 창고업,7865.776706524678
recursive_no_target_actual,대구,2025,2,2025Q2,정보통신업,5534.812988278688
recursive_no_target_actual,대구,2025,3,2025Q3,건설업,9080.82322798812
recursive_no_target_actual,대구,2025,3,2025Q3,"공공 행정, 국방·사회보장",11437.143757317477
recursive_no_target_actual,대구,2025,3,2025Q3,"광업, 제조업",35072.23387097612
recursive_no_target_actual,대구,2025,3,2025Q3,교육 서비스업,11828.764132409638
recursive_no_target_actual,대구,2025,3,2025Q3,금융 및 보험업,11634.467982020582
recursive_no_target_actual,대구,2025,3,2025Q3,도매 및 소매업,13091.292961748844
recursive_no_target_actual,대구,2025,3,2025Q3,문화 및 기타서비스업,6001.856693144203
recursive_no_target_actual,대구,2025,3,2025Q3,보건 및 사회복지업,16630.977942594276
recursive_no_target_actual,대구,2025,3,2025Q3,부동산업,17549.241440758888
recursive_no_target_actual,대구,2025,3,2025Q3,사업서비스업,10804.145061620926
recursive_no_target_actual,대구,2025,3,2025Q3,숙박 및 음식점업,4921.260212721465
recursive_no_target_actual,대구,2025,3,2025Q3,운수 및 창고업,8108.534814800421
recursive_no_target_actual,대구,2025,3,2025Q3,정보통신업,5665.759123926686
recursive_no_target_actual,대구,2025,4,2025Q4,건설업,10048.87531539477
recursive_no_target_actual,대구,2025,4,2025Q4,"공공 행정, 국방·사회보장",11717.707543337685
recursive_no_target_actual,대구,2025,4,2025Q4,"광업, 제조업",35390.16110925886
recursive_no_target_actual,대구,2025,4,2025Q4,교육 서비스업,11703.106468593889
recursive_no_target_actual,대구,2025,4,2025Q4,금융 및 보험업,11451.640230429359
recursive_no_target_actual,대구,2025,4,2025Q4,도매 및 소매업,14269.884002535422
recursive_no_target_actual,대구,2025,4,2025Q4,문화 및 기타서비스업,5126.5783649710165
recursive_no_target_actual,대구,2025,4,2025Q4,보건 및 사회복지업,18310.90464809153
recursive_no_target_actual,대구,2025,4,2025Q4,부동산업,17537.60874153122
recursive_no_target_actual,대구,2025,4,2025Q4,사업서비스업,12432.903792480305
recursive_no_target_actual,대구,2025,4,2025Q4,숙박 및 음식점업,4996.383341759773
recursive_no_target_actual,대구,2025,4,2025Q4,운수 및 창고업,8117.73083544852
recursive_no_target_actual,대구,2025,4,2025Q4,정보통신업,6178.936574408001
recursive_no_target_actual,대전,2021,1,2021Q1,건설업,4685.408406532405
recursive_no_target_actual,대전,2021,1,2021Q1,"공공 행정, 국방·사회보장",11753.92042471377
recursive_no_target_actual,대전,2021,1,2021Q1,"광업, 제조업",19975.824973656006
recursive_no_target_actual,대전,2021,1,2021Q1,교육 서비스업,8382.855093342021
recursive_no_target_actual,대전,2021,1,2021Q1,금융 및 보험업,6044.088919480365
recursive_no_target_actual,대전,2021,1,2021Q1,도매 및 소매업,8925.381004162537
recursive_no_target_actual,대전,2021,1,2021Q1,문화 및 기타서비스업,3680.089430003099
recursive_no_target_actual,대전,2021,1,2021Q1,보건 및 사회복지업,8506.951882958067
recursive_no_target_actual,대전,2021,1,2021Q1,부동산업,10604.975111897782
recursive_no_target_actual,대전,2021,1,2021Q1,사업서비스업,14700.847400064189
recursive_no_target_actual,대전,2021,1,2021Q1,숙박 및 음식점업,2298.04972731159
recursive_no_target_actual,대전,2021,1,2021Q1,운수 및 창고업,2618.3942500056314
recursive_no_target_actual,대전,2021,1,2021Q1,정보통신업,4135.684993648345
recursive_no_target_actual,대전,2021,2,2021Q2,건설업,6533.5355117925565
recursive_no_target_actual,대전,2021,2,2021Q2,"공공 행정, 국방·사회보장",11402.495853679784
recursive_no_target_actual,대전,2021,2,2021Q2,"광업, 제조업",21448.772419183966
recursive_no_target_actual,대전,2021,2,2021Q2,교육 서비스업,7257.279991503363
recursive_no_target_actual,대전,2021,2,2021Q2,금융 및 보험업,6031.1625449813
recursive_no_target_actual,대전,2021,2,2021Q2,도매 및 소매업,9050.823739266843
recursive_no_target_actual,대전,2021,2,2021Q2,문화 및 기타서비스업,3684.0993597069455
recursive_no_target_actual,대전,2021,2,2021Q2,보건 및 사회복지업,8894.357322501934
recursive_no_target_actual,대전,2021,2,2021Q2,부동산업,10712.383027596023
recursive_no_target_actual,대전,2021,2,2021Q2,사업서비스업,16384.505152717804
recursive_no_target_actual,대전,2021,2,2021Q2,숙박 및 음식점업,2928.0661348372814
recursive_no_target_actual,대전,2021,2,2021Q2,운수 및 창고업,2948.8775073952484
recursive_no_target_actual,대전,2021,2,2021Q2,정보통신업,4261.001187966497
recursive_no_target_actual,대전,2021,3,2021Q3,건설업,5979.961832855515
recursive_no_target_actual,대전,2021,3,2021Q3,"공공 행정, 국방·사회보장",10584.529570476898
recursive_no_target_actual,대전,2021,3,2021Q3,"광업, 제조업",21313.88854050424
recursive_no_target_actual,대전,2021,3,2021Q3,교육 서비스업,7900.7954290664675
recursive_no_target_actual,대전,2021,3,2021Q3,금융 및 보험업,6206.1792512808515
recursive_no_target_actual,대전,2021,3,2021Q3,도매 및 소매업,8763.29637635351
recursive_no_target_actual,대전,2021,3,2021Q3,문화 및 기타서비스업,4000.14424615517
recursive_no_target_actual,대전,2021,3,2021Q3,보건 및 사회복지업,8919.648221451056
recursive_no_target_actual,대전,2021,3,2021Q3,부동산업,10356.46221844656
recursive_no_target_actual,대전,2021,3,2021Q3,사업서비스업,16317.460058438612
recursive_no_target_actual,대전,2021,3,2021Q3,숙박 및 음식점업,3052.692155156582
recursive_no_target_actual,대전,2021,3,2021Q3,운수 및 창고업,2985.9618938562658
recursive_no_target_actual,대전,2021,3,2021Q3,정보통신업,4318.241081940284
recursive_no_target_actual,대전,2021,4,2021Q4,건설업,7029.807979799661
recursive_no_target_actual,대전,2021,4,2021Q4,"공공 행정, 국방·사회보장",10794.170611224778
recursive_no_target_actual,대전,2021,4,2021Q4,"광업, 제조업",22227.281347250675
recursive_no_target_actual,대전,2021,4,2021Q4,교육 서비스업,7820.525593012333
recursive_no_target_actual,대전,2021,4,2021Q4,금융 및 보험업,6098.102416804814
recursive_no_target_actual,대전,2021,4,2021Q4,도매 및 소매업,9829.606762769263
recursive_no_target_actual,대전,2021,4,2021Q4,문화 및 기타서비스업,3938.48875154413
recursive_no_target_actual,대전,2021,4,2021Q4,보건 및 사회복지업,9426.377786569778
recursive_no_target_actual,대전,2021,4,2021Q4,부동산업,10160.587119087584
recursive_no_target_actual,대전,2021,4,2021Q4,사업서비스업,19239.31916262312
recursive_no_target_actual,대전,2021,4,2021Q4,숙박 및 음식점업,3497.7381653153057
recursive_no_target_actual,대전,2021,4,2021Q4,운수 및 창고업,3128.691819137779
recursive_no_target_actual,대전,2021,4,2021Q4,정보통신업,4816.31884602342
recursive_no_target_actual,대전,2022,1,2022Q1,건설업,5075.1701356232215
recursive_no_target_actual,대전,2022,1,2022Q1,"공공 행정, 국방·사회보장",12051.358799404221
recursive_no_target_actual,대전,2022,1,2022Q1,"광업, 제조업",20161.702813911885
recursive_no_target_actual,대전,2022,1,2022Q1,교육 서비스업,8808.678111767334
recursive_no_target_actual,대전,2022,1,2022Q1,금융 및 보험업,6289.056499315601
recursive_no_target_actual,대전,2022,1,2022Q1,도매 및 소매업,9430.022517030806
recursive_no_target_actual,대전,2022,1,2022Q1,문화 및 기타서비스업,3643.796100889484
recursive_no_target_actual,대전,2022,1,2022Q1,보건 및 사회복지업,9002.208754417843
recursive_no_target_actual,대전,2022,1,2022Q1,부동산업,10225.083500788407
recursive_no_target_actual,대전,2022,1,2022Q1,사업서비스업,14361.929804574203
recursive_no_target_actual,대전,2022,1,2022Q1,숙박 및 음식점업,2601.791103517662
recursive_no_target_actual,대전,2022,1,2022Q1,운수 및 창고업,2756.3201763646316
recursive_no_target_actual,대전,2022,1,2022Q1,정보통신업,4231.334996433556
recursive_no_target_actual,대전,2022,2,2022Q2,건설업,7015.049606808497
recursive_no_target_actual,대전,2022,2,2022Q2,"공공 행정, 국방·사회보장",11623.959216266128
recursive_no_target_actual,대전,2022,2,2022Q2,"광업, 제조업",21534.754819661925
recursive_no_target_actual,대전,2022,2,2022Q2,교육 서비스업,7581.626815591215
recursive_no_target_actual,대전,2022,2,2022Q2,금융 및 보험업,6188.021646146754
recursive_no_target_actual,대전,2022,2,2022Q2,도매 및 소매업,9505.806715777904
recursive_no_target_actual,대전,2022,2,2022Q2,문화 및 기타서비스업,3717.81922285554
recursive_no_target_actual,대전,2022,2,2022Q2,보건 및 사회복지업,9269.616574125092
recursive_no_target_actual,대전,2022,2,2022Q2,부동산업,10175.830747515236
recursive_no_target_actual,대전,2022,2,2022Q2,사업서비스업,16049.04997336953
recursive_no_target_actual,대전,2022,2,2022Q2,숙박 및 음식점업,3531.463846218206
recursive_no_target_actual,대전,2022,2,2022Q2,운수 및 창고업,3205.5527199421576
recursive_no_target_actual,대전,2022,2,2022Q2,정보통신업,4401.964820944711
recursive_no_target_actual,대전,2022,3,2022Q3,건설업,6618.7845390129805
recursive_no_target_actual,대전,2022,3,2022Q3,"공공 행정, 국방·사회보장",10814.839424287931
recursive_no_target_actual,대전,2022,3,2022Q3,"광업, 제조업",21477.86154734499
recursive_no_target_actual,대전,2022,3,2022Q3,교육 서비스업,8182.016176528744
recursive_no_target_actual,대전,2022,3,2022Q3,금융 및 보험업,6141.0608661164615
recursive_no_target_actual,대전,2022,3,2022Q3,도매 및 소매업,9304.555451153285
recursive_no_target_actual,대전,2022,3,2022Q3,문화 및 기타서비스업,4232.680238103932
recursive_no_target_actual,대전,2022,3,2022Q3,보건 및 사회복지업,9010.963274280051
recursive_no_target_actual,대전,2022,3,2022Q3,부동산업,9975.807270690617
recursive_no_target_actual,대전,2022,3,2022Q3,사업서비스업,15584.038969047975
recursive_no_target_actual,대전,2022,3,2022Q3,숙박 및 음식점업,3803.775731124015
recursive_no_target_actual,대전,2022,3,2022Q3,운수 및 창고업,3383.1622803696973
recursive_no_target_actual,대전,2022,3,2022Q3,정보통신업,4406.131352036924
recursive_no_target_actual,대전,2022,4,2022Q4,건설업,7792.545946794358
recursive_no_target_actual,대전,2022,4,2022Q4,"공공 행정, 국방·사회보장",11046.419482671807
recursive_no_target_actual,대전,2022,4,2022Q4,"광업, 제조업",21081.7149647484
recursive_no_target_actual,대전,2022,4,2022Q4,교육 서비스업,8123.950110881076
recursive_no_target_actual,대전,2022,4,2022Q4,금융 및 보험업,6120.874366276321
recursive_no_target_actual,대전,2022,4,2022Q4,도매 및 소매업,10360.023673028561
recursive_no_target_actual,대전,2022,4,2022Q4,문화 및 기타서비스업,4007.421212613447
recursive_no_target_actual,대전,2022,4,2022Q4,보건 및 사회복지업,9529.075205998555
recursive_no_target_actual,대전,2022,4,2022Q4,부동산업,9882.866516821854
recursive_no_target_actual,대전,2022,4,2022Q4,사업서비스업,18713.665309073906
recursive_no_target_actual,대전,2022,4,2022Q4,숙박 및 음식점업,3932.0875347801293
recursive_no_target_actual,대전,2022,4,2022Q4,운수 및 창고업,3569.5206829326926
recursive_no_target_actual,대전,2022,4,2022Q4,정보통신업,4759.23667946113
recursive_no_target_actual,대전,2023,1,2023Q1,건설업,4747.275180651005
recursive_no_target_actual,대전,2023,1,2023Q1,"공공 행정, 국방·사회보장",11695.214426683564
recursive_no_target_actual,대전,2023,1,2023Q1,"광업, 제조업",19270.499265834314
recursive_no_target_actual,대전,2023,1,2023Q1,교육 서비스업,8886.489560986196
recursive_no_target_actual,대전,2023,1,2023Q1,금융 및 보험업,6328.815100008342
recursive_no_target_actual,대전,2023,1,2023Q1,도매 및 소매업,9496.125073132926
recursive_no_target_actual,대전,2023,1,2023Q1,문화 및 기타서비스업,3779.2713344568565
recursive_no_target_actual,대전,2023,1,2023Q1,보건 및 사회복지업,9283.637136276297
recursive_no_target_actual,대전,2023,1,2023Q1,부동산업,10115.48597680419
recursive_no_target_actual,대전,2023,1,2023Q1,사업서비스업,15843.938804696154
recursive_no_target_actual,대전,2023,1,2023Q1,숙박 및 음식점업,3081.057723535215
recursive_no_target_actual,대전,2023,1,2023Q1,운수 및 창고업,3183.859527521135
recursive_no_target_actual,대전,2023,1,2023Q1,정보통신업,4551.664570517953
recursive_no_target_actual,대전,2023,2,2023Q2,건설업,6428.051009440418
recursive_no_target_actual,대전,2023,2,2023Q2,"공공 행정, 국방·사회보장",11248.124373742186
recursive_no_target_actual,대전,2023,2,2023Q2,"광업, 제조업",21291.93496347988
recursive_no_target_actual,대전,2023,2,2023Q2,교육 서비스업,7625.8493607651035
recursive_no_target_actual,대전,2023,2,2023Q2,금융 및 보험업,6264.9618076279785
recursive_no_target_actual,대전,2023,2,2023Q2,도매 및 소매업,8816.076594875765
recursive_no_target_actual,대전,2023,2,2023Q2,문화 및 기타서비스업,3587.991444851292
recursive_no_target_actual,대전,2023,2,2023Q2,보건 및 사회복지업,9397.62676151167
recursive_no_target_actual,대전,2023,2,2023Q2,부동산업,10126.016898991138
recursive_no_target_actual,대전,2023,2,2023Q2,사업서비스업,17759.724200066183
recursive_no_target_actual,대전,2023,2,2023Q2,숙박 및 음식점업,3509.872377818605
recursive_no_target_actual,대전,2023,2,2023Q2,운수 및 창고업,4054.7530959083133
recursive_no_target_actual,대전,2023,2,2023Q2,정보통신업,4488.707447003678
recursive_no_target_actual,대전,2023,3,2023Q3,건설업,6107.485593403423
recursive_no_target_actual,대전,2023,3,2023Q3,"공공 행정, 국방·사회보장",10471.396536313498
recursive_no_target_actual,대전,2023,3,2023Q3,"광업, 제조업",21498.499853501024
recursive_no_target_actual,대전,2023,3,2023Q3,교육 서비스업,8184.405636373259
recursive_no_target_actual,대전,2023,3,2023Q3,금융 및 보험업,6254.161572486515
recursive_no_target_actual,대전,2023,3,2023Q3,도매 및 소매업,8477.218030116435
recursive_no_target_actual,대전,2023,3,2023Q3,문화 및 기타서비스업,4119.5081854284335
recursive_no_target_actual,대전,2023,3,2023Q3,보건 및 사회복지업,9236.218997133346
recursive_no_target_actual,대전,2023,3,2023Q3,부동산업,9998.605665102006
recursive_no_target_actual,대전,2023,3,2023Q3,사업서비스업,17387.4968672068
recursive_no_target_actual,대전,2023,3,2023Q3,숙박 및 음식점업,3701.3020794581703
recursive_no_target_actual,대전,2023,3,2023Q3,운수 및 창고업,4183.444181775915
recursive_no_target_actual,대전,2023,3,2023Q3,정보통신업,4635.108435982413
recursive_no_target_actual,대전,2023,4,2023Q4,건설업,6835.606212725429
recursive_no_target_actual,대전,2023,4,2023Q4,"공공 행정, 국방·사회보장",10617.066249850082
recursive_no_target_actual,대전,2023,4,2023Q4,"광업, 제조업",22267.6827257666
recursive_no_target_actual,대전,2023,4,2023Q4,교육 서비스업,8090.939755364419
recursive_no_target_actual,대전,2023,4,2023Q4,금융 및 보험업,5882.751855762611
recursive_no_target_actual,대전,2023,4,2023Q4,도매 및 소매업,9253.023997051054
recursive_no_target_actual,대전,2023,4,2023Q4,문화 및 기타서비스업,3666.821907772239
recursive_no_target_actual,대전,2023,4,2023Q4,보건 및 사회복지업,9815.207065496099
recursive_no_target_actual,대전,2023,4,2023Q4,부동산업,9903.38406000975
recursive_no_target_actual,대전,2023,4,2023Q4,사업서비스업,20826.76094163886
recursive_no_target_actual,대전,2023,4,2023Q4,숙박 및 음식점업,3853.4470874728304
recursive_no_target_actual,대전,2023,4,2023Q4,운수 및 창고업,4331.887112374509
recursive_no_target_actual,대전,2023,4,2023Q4,정보통신업,5049.816809820615
recursive_no_target_actual,대전,2024,1,2024Q1,건설업,4914.376885403376
recursive_no_target_actual,대전,2024,1,2024Q1,"공공 행정, 국방·사회보장",11900.770948901898
recursive_no_target_actual,대전,2024,1,2024Q1,"광업, 제조업",20652.789547329354
recursive_no_target_actual,대전,2024,1,2024Q1,교육 서비스업,9000.459205427895
recursive_no_target_actual,대전,2024,1,2024Q1,금융 및 보험업,6379.150367097571
recursive_no_target_actual,대전,2024,1,2024Q1,도매 및 소매업,9261.408516147214
recursive_no_target_actual,대전,2024,1,2024Q1,문화 및 기타서비스업,3838.8401310951967
recursive_no_target_actual,대전,2024,1,2024Q1,보건 및 사회복지업,9646.985731929672
recursive_no_target_actual,대전,2024,1,2024Q1,부동산업,10246.821468262648
recursive_no_target_actual,대전,2024,1,2024Q1,사업서비스업,16160.915647917434
recursive_no_target_actual,대전,2024,1,2024Q1,숙박 및 음식점업,3106.9610072064506
recursive_no_target_actual,대전,2024,1,2024Q1,운수 및 창고업,3750.535608161077
recursive_no_target_actual,대전,2024,1,2024Q1,정보통신업,4665.452363382341
recursive_no_target_actual,대전,2024,2,2024Q2,건설업,6371.525850866192
recursive_no_target_actual,대전,2024,2,2024Q2,"공공 행정, 국방·사회보장",11573.164383706267
recursive_no_target_actual,대전,2024,2,2024Q2,"광업, 제조업",22246.206442861323
recursive_no_target_actual,대전,2024,2,2024Q2,교육 서비스업,7730.681571935615
recursive_no_target_actual,대전,2024,2,2024Q2,금융 및 보험업,6348.395417613085
recursive_no_target_actual,대전,2024,2,2024Q2,도매 및 소매업,8721.41234324345
recursive_no_target_actual,대전,2024,2,2024Q2,문화 및 기타서비스업,3622.1264673590767
recursive_no_target_actual,대전,2024,2,2024Q2,보건 및 사회복지업,9639.088616399253
recursive_no_target_actual,대전,2024,2,2024Q2,부동산업,10410.919387729537
recursive_no_target_actual,대전,2024,2,2024Q2,사업서비스업,17845.09750250803
recursive_no_target_actual,대전,2024,2,2024Q2,숙박 및 음식점업,3504.5063064337573
recursive_no_target_actual,대전,2024,2,2024Q2,운수 및 창고업,4341.67600751927
recursive_no_target_actual,대전,2024,2,2024Q2,정보통신업,4475.926649794975
recursive_no_target_actual,대전,2024,3,2024Q3,건설업,5717.19376806497
recursive_no_target_actual,대전,2024,3,2024Q3,"공공 행정, 국방·사회보장",10645.606269152773
recursive_no_target_actual,대전,2024,3,2024Q3,"광업, 제조업",22221.100111176213
recursive_no_target_actual,대전,2024,3,2024Q3,교육 서비스업,8248.947078065112
recursive_no_target_actual,대전,2024,3,2024Q3,금융 및 보험업,6581.075347623874
recursive_no_target_actual,대전,2024,3,2024Q3,도매 및 소매업,8371.066190107133
recursive_no_target_actual,대전,2024,3,2024Q3,문화 및 기타서비스업,4092.302383268189
recursive_no_target_actual,대전,2024,3,2024Q3,보건 및 사회복지업,9539.779730157203
recursive_no_target_actual,대전,2024,3,2024Q3,부동산업,10190.056297373187
recursive_no_target_actual,대전,2024,3,2024Q3,사업서비스업,17381.271220106944
recursive_no_target_actual,대전,2024,3,2024Q3,숙박 및 음식점업,3612.278926806647
recursive_no_target_actual,대전,2024,3,2024Q3,운수 및 창고업,4520.778861389801
recursive_no_target_actual,대전,2024,3,2024Q3,정보통신업,4624.043354380284
recursive_no_target_actual,대전,2024,4,2024Q4,건설업,6381.145236750369
recursive_no_target_actual,대전,2024,4,2024Q4,"공공 행정, 국방·사회보장",10830.319318089762
recursive_no_target_actual,대전,2024,4,2024Q4,"광업, 제조업",22773.41746792073
recursive_no_target_actual,대전,2024,4,2024Q4,교육 서비스업,8173.349890204523
recursive_no_target_actual,대전,2024,4,2024Q4,금융 및 보험업,6317.033933184062
recursive_no_target_actual,대전,2024,4,2024Q4,도매 및 소매업,9163.030334112611
recursive_no_target_actual,대전,2024,4,2024Q4,문화 및 기타서비스업,3617.5317338040004
recursive_no_target_actual,대전,2024,4,2024Q4,보건 및 사회복지업,10291.446156042684
recursive_no_target_actual,대전,2024,4,2024Q4,부동산업,10076.042462452944
recursive_no_target_actual,대전,2024,4,2024Q4,사업서비스업,20146.89046034636
recursive_no_target_actual,대전,2024,4,2024Q4,숙박 및 음식점업,3709.298689274405
recursive_no_target_actual,대전,2024,4,2024Q4,운수 및 창고업,4576.1883592701815
recursive_no_target_actual,대전,2024,4,2024Q4,정보통신업,5046.2877548467895
recursive_no_target_actual,대전,2025,1,2025Q1,건설업,4309.340399756998
recursive_no_target_actual,대전,2025,1,2025Q1,"공공 행정, 국방·사회보장",12119.05230658149
recursive_no_target_actual,대전,2025,1,2025Q1,"광업, 제조업",20760.20752906908
recursive_no_target_actual,대전,2025,1,2025Q1,교육 서비스업,8943.699001987652
recursive_no_target_actual,대전,2025,1,2025Q1,금융 및 보험업,6719.409745293843
recursive_no_target_actual,대전,2025,1,2025Q1,도매 및 소매업,9186.97592820297
recursive_no_target_actual,대전,2025,1,2025Q1,문화 및 기타서비스업,3765.0068370131144
recursive_no_target_actual,대전,2025,1,2025Q1,보건 및 사회복지업,10095.185845496253
recursive_no_target_actual,대전,2025,1,2025Q1,부동산업,10204.717377235822
recursive_no_target_actual,대전,2025,1,2025Q1,사업서비스업,15869.336836827828
recursive_no_target_actual,대전,2025,1,2025Q1,숙박 및 음식점업,3003.78970082115
recursive_no_target_actual,대전,2025,1,2025Q1,운수 및 창고업,3880.9690723503654
recursive_no_target_actual,대전,2025,1,2025Q1,정보통신업,4714.0732177677855
recursive_no_target_actual,대전,2025,2,2025Q2,건설업,5707.940433127194
recursive_no_target_actual,대전,2025,2,2025Q2,"공공 행정, 국방·사회보장",11743.545029525721
recursive_no_target_actual,대전,2025,2,2025Q2,"광업, 제조업",22789.735479329618
recursive_no_target_actual,대전,2025,2,2025Q2,교육 서비스업,7651.411858856025
recursive_no_target_actual,대전,2025,2,2025Q2,금융 및 보험업,6623.611260123852
recursive_no_target_actual,대전,2025,2,2025Q2,도매 및 소매업,8734.726040140222
recursive_no_target_actual,대전,2025,2,2025Q2,문화 및 기타서비스업,3552.949924417985
recursive_no_target_actual,대전,2025,2,2025Q2,보건 및 사회복지업,10240.777377872779
recursive_no_target_actual,대전,2025,2,2025Q2,부동산업,10356.999359394129
recursive_no_target_actual,대전,2025,2,2025Q2,사업서비스업,17609.358065559736
recursive_no_target_actual,대전,2025,2,2025Q2,숙박 및 음식점업,3442.140127860564
recursive_no_target_actual,대전,2025,2,2025Q2,운수 및 창고업,4470.722204459993
recursive_no_target_actual,대전,2025,2,2025Q2,정보통신업,4614.096636508584
recursive_no_target_actual,대전,2025,3,2025Q3,건설업,5325.319772009484
recursive_no_target_actual,대전,2025,3,2025Q3,"공공 행정, 국방·사회보장",10812.570560731225
recursive_no_target_actual,대전,2025,3,2025Q3,"광업, 제조업",23035.675227686857
recursive_no_target_actual,대전,2025,3,2025Q3,교육 서비스업,8269.185605377952
recursive_no_target_actual,대전,2025,3,2025Q3,금융 및 보험업,6807.456159512733
recursive_no_target_actual,대전,2025,3,2025Q3,도매 및 소매업,8723.16277701682
recursive_no_target_actual,대전,2025,3,2025Q3,문화 및 기타서비스업,4162.625798865615
recursive_no_target_actual,대전,2025,3,2025Q3,보건 및 사회복지업,10011.517489296937
recursive_no_target_actual,대전,2025,3,2025Q3,부동산업,10260.682762651893
recursive_no_target_actual,대전,2025,3,2025Q3,사업서비스업,17675.78199494313
recursive_no_target_actual,대전,2025,3,2025Q3,숙박 및 음식점업,3673.730234192915
recursive_no_target_actual,대전,2025,3,2025Q3,운수 및 창고업,4608.700195124387
recursive_no_target_actual,대전,2025,3,2025Q3,정보통신업,4723.259877495544
recursive_no_target_actual,대전,2025,4,2025Q4,건설업,5893.020165682253
recursive_no_target_actual,대전,2025,4,2025Q4,"공공 행정, 국방·사회보장",11077.8129846702
recursive_no_target_actual,대전,2025,4,2025Q4,"광업, 제조업",23244.49194104646
recursive_no_target_actual,대전,2025,4,2025Q4,교육 서비스업,8181.34155563622
recursive_no_target_actual,대전,2025,4,2025Q4,금융 및 보험업,6700.481615801506
recursive_no_target_actual,대전,2025,4,2025Q4,도매 및 소매업,9508.497084816281
recursive_no_target_actual,대전,2025,4,2025Q4,문화 및 기타서비스업,3555.570959618368
recursive_no_target_actual,대전,2025,4,2025Q4,보건 및 사회복지업,11022.799907617506
recursive_no_target_actual,대전,2025,4,2025Q4,부동산업,10253.881361186688
recursive_no_target_actual,대전,2025,4,2025Q4,사업서비스업,20340.461530883324
recursive_no_target_actual,대전,2025,4,2025Q4,숙박 및 음식점업,3729.8097948147647
recursive_no_target_actual,대전,2025,4,2025Q4,운수 및 창고업,4613.926996651822
recursive_no_target_actual,대전,2025,4,2025Q4,정보통신업,5151.0702395100125
recursive_no_target_actual,부산,2021,1,2021Q1,건설업,10516.672004650354
recursive_no_target_actual,부산,2021,1,2021Q1,"공공 행정, 국방·사회보장",16932.402275774013
recursive_no_target_actual,부산,2021,1,2021Q1,"광업, 제조업",38398.56407049335
recursive_no_target_actual,부산,2021,1,2021Q1,교육 서비스업,15338.987572329657
recursive_no_target_actual,부산,2021,1,2021Q1,금융 및 보험업,16081.041543243944
recursive_no_target_actual,부산,2021,1,2021Q1,도매 및 소매업,22641.458308338162
recursive_no_target_actual,부산,2021,1,2021Q1,문화 및 기타서비스업,7508.541997481662
recursive_no_target_actual,부산,2021,1,2021Q1,보건 및 사회복지업,21053.302636866905
recursive_no_target_actual,부산,2021,1,2021Q1,부동산업,25167.956672753935
recursive_no_target_actual,부산,2021,1,2021Q1,사업서비스업,18305.331329674776
recursive_no_target_actual,부산,2021,1,2021Q1,숙박 및 음식점업,5249.979905918535
recursive_no_target_actual,부산,2021,1,2021Q1,운수 및 창고업,16059.511405391844
recursive_no_target_actual,부산,2021,1,2021Q1,정보통신업,6830.396898063071
recursive_no_target_actual,부산,2021,2,2021Q2,건설업,14664.90091076386
recursive_no_target_actual,부산,2021,2,2021Q2,"공공 행정, 국방·사회보장",16426.148873392
recursive_no_target_actual,부산,2021,2,2021Q2,"광업, 제조업",41229.939842666194
recursive_no_target_actual,부산,2021,2,2021Q2,교육 서비스업,13279.40497110594
recursive_no_target_actual,부산,2021,2,2021Q2,금융 및 보험업,16046.649334907463
recursive_no_target_actual,부산,2021,2,2021Q2,도매 및 소매업,22959.675139151717
recursive_no_target_actual,부산,2021,2,2021Q2,문화 및 기타서비스업,7516.723517567238
recursive_no_target_actual,부산,2021,2,2021Q2,보건 및 사회복지업,22012.067194854433
recursive_no_target_actual,부산,2021,2,2021Q2,부동산업,25422.859465083107
recursive_no_target_actual,부산,2021,2,2021Q2,사업서비스업,20401.80319754584
recursive_no_target_actual,부산,2021,2,2021Q2,숙박 및 음식점업,6689.2757751938625
recursive_no_target_actual,부산,2021,2,2021Q2,운수 및 창고업,18086.478750484428
recursive_no_target_actual,부산,2021,2,2021Q2,정보통신업,7037.366081224353
recursive_no_target_actual,부산,2021,3,2021Q3,건설업,13422.372553220514
recursive_no_target_actual,부산,2021,3,2021Q3,"공공 행정, 국방·사회보장",15247.80720910017
recursive_no_target_actual,부산,2021,3,2021Q3,"광업, 제조업",40970.65907381731
recursive_no_target_actual,부산,2021,3,2021Q3,교육 서비스업,14456.91253737922
recursive_no_target_actual,부산,2021,3,2021Q3,금융 및 보험업,16512.30279604264
recursive_no_target_actual,부산,2021,3,2021Q3,도매 및 소매업,22230.29016422767
recursive_no_target_actual,부산,2021,3,2021Q3,문화 및 기타서비스업,8161.554668581906
recursive_no_target_actual,부산,2021,3,2021Q3,보건 및 사회복지업,22074.657997865907
recursive_no_target_actual,부산,2021,3,2021Q3,부동산업,24578.180490442668
recursive_no_target_actual,부산,2021,3,2021Q3,사업서비스업,20318.31939342142
recursive_no_target_actual,부산,2021,3,2021Q3,숙박 및 음식점업,6973.9885447457855
recursive_no_target_actual,부산,2021,3,2021Q3,운수 및 창고업,18313.930031868575
recursive_no_target_actual,부산,2021,3,2021Q3,정보통신업,7131.902100008297
recursive_no_target_actual,부산,2021,4,2021Q4,건설업,15778.813363666048
recursive_no_target_actual,부산,2021,4,2021Q4,"공공 행정, 국방·사회보장",15549.810822123736
recursive_no_target_actual,부산,2021,4,2021Q4,"광업, 제조업",42726.42997477559
recursive_no_target_actual,부산,2021,4,2021Q4,교육 서비스업,14310.034414835362
recursive_no_target_actual,부산,2021,4,2021Q4,금융 및 보험업,16224.751092514614
recursive_no_target_actual,부산,2021,4,2021Q4,도매 및 소매업,24935.25280352796
recursive_no_target_actual,부산,2021,4,2021Q4,문화 및 기타서비스업,8035.758032530563
recursive_no_target_actual,부산,2021,4,2021Q4,보건 및 사회복지업,23328.730083410934
recursive_no_target_actual,부산,2021,4,2021Q4,부동산업,24113.325461371707
recursive_no_target_actual,부산,2021,4,2021Q4,사업서비스업,23956.58578345895
recursive_no_target_actual,부산,2021,4,2021Q4,숙박 및 음식점업,7990.712675113447
recursive_no_target_actual,부산,2021,4,2021Q4,운수 및 창고업,19189.341694166666
recursive_no_target_actual,부산,2021,4,2021Q4,정보통신업,7954.515239068113
recursive_no_target_actual,부산,2022,1,2022Q1,건설업,10387.177753542808
recursive_no_target_actual,부산,2022,1,2022Q1,"공공 행정, 국방·사회보장",17505.27210896144
recursive_no_target_actual,부산,2022,1,2022Q1,"광업, 제조업",38539.62472854717
recursive_no_target_actual,부산,2022,1,2022Q1,교육 서비스업,16010.656962949357
recursive_no_target_actual,부산,2022,1,2022Q1,금융 및 보험업,16631.546468453704
recursive_no_target_actual,부산,2022,1,2022Q1,도매 및 소매업,23718.980797711552
recursive_no_target_actual,부산,2022,1,2022Q1,문화 및 기타서비스업,7605.547123727849
recursive_no_target_actual,부산,2022,1,2022Q1,보건 및 사회복지업,22864.840946651282
recursive_no_target_actual,부산,2022,1,2022Q1,부동산업,24444.16942951358
recursive_no_target_actual,부산,2022,1,2022Q1,사업서비스업,18158.688950085918
recursive_no_target_actual,부산,2022,1,2022Q1,숙박 및 음식점업,5781.484013110742
recursive_no_target_actual,부산,2022,1,2022Q1,운수 및 창고업,16013.276815456153
recursive_no_target_actual,부산,2022,1,2022Q1,정보통신업,6847.826813273197
recursive_no_target_actual,부산,2022,2,2022Q2,건설업,14357.462955651745
recursive_no_target_actual,부산,2022,2,2022Q2,"공공 행정, 국방·사회보장",16884.450330552612
recursive_no_target_actual,부산,2022,2,2022Q2,"광업, 제조업",41164.24971795392
recursive_no_target_actual,부산,2022,2,2022Q2,교육 서비스업,13780.368021777394
recursive_no_target_actual,부산,2022,2,2022Q2,금융 및 보험업,16364.357605451134
recursive_no_target_actual,부산,2022,2,2022Q2,도매 및 소매업,23909.59794116015
recursive_no_target_actual,부산,2022,2,2022Q2,문화 및 기타서비스업,7760.052569908239
recursive_no_target_actual,부산,2022,2,2022Q2,보건 및 사회복지업,23544.033957199546
recursive_no_target_actual,부산,2022,2,2022Q2,부동산업,24326.42538900901
recursive_no_target_actual,부산,2022,2,2022Q2,사업서비스업,20291.82083301807
recursive_no_target_actual,부산,2022,2,2022Q2,숙박 및 음식점업,7847.325537467204
recursive_no_target_actual,부산,2022,2,2022Q2,운수 및 창고업,18623.164134245908
recursive_no_target_actual,부산,2022,2,2022Q2,정보통신업,7123.967437548143
recursive_no_target_actual,부산,2022,3,2022Q3,건설업,13546.440746204915
recursive_no_target_actual,부산,2022,3,2022Q3,"공공 행정, 국방·사회보장",15709.15861755301
recursive_no_target_actual,부산,2022,3,2022Q3,"광업, 제조업",41055.49673290541
recursive_no_target_actual,부산,2022,3,2022Q3,교육 서비스업,14871.635971429665
recursive_no_target_actual,부산,2022,3,2022Q3,금융 및 보험업,16240.16880298869
recursive_no_target_actual,부산,2022,3,2022Q3,도매 및 소매업,23403.398208070907
recursive_no_target_actual,부산,2022,3,2022Q3,문화 및 기타서비스업,8834.700987443492
recursive_no_target_actual,부산,2022,3,2022Q3,보건 및 사회복지업,22887.076678978134
recursive_no_target_actual,부산,2022,3,2022Q3,부동산업,23848.247606206125
recursive_no_target_actual,부산,2022,3,2022Q3,사업서비스업,19703.87824447034
recursive_no_target_actual,부산,2022,3,2022Q3,숙박 및 음식점업,8452.434382306601
recursive_no_target_actual,부산,2022,3,2022Q3,운수 및 창고업,19655.01488967913
recursive_no_target_actual,부산,2022,3,2022Q3,정보통신업,7130.710388261249
recursive_no_target_actual,부산,2022,4,2022Q4,건설업,15948.73821743573
recursive_no_target_actual,부산,2022,4,2022Q4,"공공 행정, 국방·사회보장",16045.541593489243
recursive_no_target_actual,부산,2022,4,2022Q4,"광업, 제조업",40298.25213051825
recursive_no_target_actual,부산,2022,4,2022Q4,교육 서비스업,14766.095066599579
recursive_no_target_actual,부산,2022,4,2022Q4,금융 및 보험업,16186.785165846415
recursive_no_target_actual,부산,2022,4,2022Q4,도매 및 소매업,26058.177710669275
recursive_no_target_actual,부산,2022,4,2022Q4,문화 및 기타서비스업,8364.527002407753
recursive_no_target_actual,부산,2022,4,2022Q4,보건 및 사회복지업,24203.03670995299
recursive_no_target_actual,부산,2022,4,2022Q4,부동산업,23626.062669105166
recursive_no_target_actual,부산,2022,4,2022Q4,사업서비스업,23660.861185608694
recursive_no_target_actual,부산,2022,4,2022Q4,숙박 및 음식점업,8737.55821124439
recursive_no_target_actual,부산,2022,4,2022Q4,운수 및 창고업,20737.693423441993
recursive_no_target_actual,부산,2022,4,2022Q4,정보통신업,7702.162218731572
recursive_no_target_actual,부산,2023,1,2023Q1,건설업,9396.82295637441
recursive_no_target_actual,부산,2023,1,2023Q1,"공공 행정, 국방·사회보장",18326.72779927218
recursive_no_target_actual,부산,2023,1,2023Q1,"광업, 제조업",37779.83112025657
recursive_no_target_actual,부산,2023,1,2023Q1,교육 서비스업,16176.142507810686
recursive_no_target_actual,부산,2023,1,2023Q1,금융 및 보험업,16196.882407439487
recursive_no_target_actual,부산,2023,1,2023Q1,도매 및 소매업,24360.132979599304
recursive_no_target_actual,부산,2023,1,2023Q1,문화 및 기타서비스업,8519.541475012931
recursive_no_target_actual,부산,2023,1,2023Q1,보건 및 사회복지업,23685.596631280176
recursive_no_target_actual,부산,2023,1,2023Q1,부동산업,24191.199994592782
recursive_no_target_actual,부산,2023,1,2023Q1,사업서비스업,19160.333353111047
recursive_no_target_actual,부산,2023,1,2023Q1,숙박 및 음식점업,7497.0635841795665
recursive_no_target_actual,부산,2023,1,2023Q1,운수 및 창고업,16390.554309393992
recursive_no_target_actual,부산,2023,1,2023Q1,정보통신업,7258.790124907785
recursive_no_target_actual,부산,2023,2,2023Q2,건설업,12723.774163429089
recursive_no_target_actual,부산,2023,2,2023Q2,"공공 행정, 국방·사회보장",17626.125193532498
recursive_no_target_actual,부산,2023,2,2023Q2,"광업, 제조업",41742.85762123088
recursive_no_target_actual,부산,2023,2,2023Q2,교육 서비스업,13881.389850993486
recursive_no_target_actual,부산,2023,2,2023Q2,금융 및 보험업,16033.467257578148
recursive_no_target_actual,부산,2023,2,2023Q2,도매 및 소매업,22615.624431603406
recursive_no_target_actual,부산,2023,2,2023Q2,문화 및 기타서비스업,8088.342757426092
recursive_no_target_actual,부산,2023,2,2023Q2,보건 및 사회복지업,23976.421471140173
recursive_no_target_actual,부산,2023,2,2023Q2,부동산업,24216.38471091152
recursive_no_target_actual,부산,2023,2,2023Q2,사업서비스업,21477.12384698946
recursive_no_target_actual,부산,2023,2,2023Q2,숙박 및 음식점업,8540.487959008165
recursive_no_target_actual,부산,2023,2,2023Q2,운수 및 창고업,20873.92683477222
recursive_no_target_actual,부산,2023,2,2023Q2,정보통신업,7158.388933348536
recursive_no_target_actual,부산,2023,3,2023Q3,건설업,12089.242490878547
recursive_no_target_actual,부산,2023,3,2023Q3,"공공 행정, 국방·사회보장",16408.970968621932
recursive_no_target_actual,부산,2023,3,2023Q3,"광업, 제조업",42147.82827366277
recursive_no_target_actual,부산,2023,3,2023Q3,교육 서비스업,14898.133960223811
recursive_no_target_actual,부산,2023,3,2023Q3,금융 및 보험업,16005.826990672776
recursive_no_target_actual,부산,2023,3,2023Q3,도매 및 소매업,21746.36042810286
recursive_no_target_actual,부산,2023,3,2023Q3,문화 및 기타서비스업,9286.531115781007
recursive_no_target_actual,부산,2023,3,2023Q3,보건 및 사회복지업,23564.617439584155
recursive_no_target_actual,부산,2023,3,2023Q3,부동산업,23911.680552590537
recursive_no_target_actual,부산,2023,3,2023Q3,사업서비스업,21026.98326839727
recursive_no_target_actual,부산,2023,3,2023Q3,숙박 및 음식점업,9006.289243459803
recursive_no_target_actual,부산,2023,3,2023Q3,운수 및 창고업,21536.430382373794
recursive_no_target_actual,부산,2023,3,2023Q3,정보통신업,7391.8626519434565
recursive_no_target_actual,부산,2023,4,2023Q4,건설업,13530.494638750944
recursive_no_target_actual,부산,2023,4,2023Q4,"공공 행정, 국방·사회보장",16637.23948009889
recursive_no_target_actual,부산,2023,4,2023Q4,"광업, 제조업",43655.811985652465
recursive_no_target_actual,부산,2023,4,2023Q4,교육 서비스업,14727.997327480243
recursive_no_target_actual,부산,2023,4,2023Q4,금융 및 보험업,15055.304750459189
recursive_no_target_actual,부산,2023,4,2023Q4,도매 및 소매업,23736.512871899486
recursive_no_target_actual,부산,2023,4,2023Q4,문화 및 기타서비스업,8266.04881208967
recursive_no_target_actual,부산,2023,4,2023Q4,보건 및 사회복지업,25041.805489941846
recursive_no_target_actual,부산,2023,4,2023Q4,부동산업,23683.95794016488
recursive_no_target_actual,부산,2023,4,2023Q4,사업서비스업,25186.14135198979
recursive_no_target_actual,부산,2023,4,2023Q4,숙박 및 음식점업,9376.500028667891
recursive_no_target_actual,부산,2023,4,2023Q4,운수 및 창고업,22300.61670868329
recursive_no_target_actual,부산,2023,4,2023Q4,정보통신업,8053.22093133678
recursive_no_target_actual,부산,2024,1,2024Q1,건설업,9727.58641025345
recursive_no_target_actual,부산,2024,1,2024Q1,"공공 행정, 국방·사회보장",18648.84061333614
recursive_no_target_actual,부산,2024,1,2024Q1,"광업, 제조업",40489.812458759974
recursive_no_target_actual,부산,2024,1,2024Q1,교육 서비스업,16383.602292397305
recursive_no_target_actual,부산,2024,1,2024Q1,금융 및 보험업,16325.701845060637
recursive_no_target_actual,부산,2024,1,2024Q1,도매 및 소매업,23758.021434453105
recursive_no_target_actual,부산,2024,1,2024Q1,문화 및 기타서비스업,8653.82631160297
recursive_no_target_actual,부산,2024,1,2024Q1,보건 및 사회복지업,24612.617813480316
recursive_no_target_actual,부산,2024,1,2024Q1,부동산업,24505.28902081903
recursive_no_target_actual,부산,2024,1,2024Q1,사업서비스업,19543.658614348256
recursive_no_target_actual,부산,2024,1,2024Q1,숙박 및 음식점업,7560.093420731759
recursive_no_target_actual,부산,2024,1,2024Q1,운수 및 창고업,19307.810863986706
recursive_no_target_actual,부산,2024,1,2024Q1,정보통신업,7440.253783835773
recursive_no_target_actual,부산,2024,2,2024Q2,건설업,12611.88747317193
recursive_no_target_actual,부산,2024,2,2024Q2,"공공 행정, 국방·사회보장",18135.47197155251
recursive_no_target_actual,부산,2024,2,2024Q2,"광업, 제조업",43613.70771372575
recursive_no_target_actual,부산,2024,2,2024Q2,교육 서비스업,14072.21669838528
recursive_no_target_actual,부산,2024,2,2024Q2,금융 및 보험업,16246.992909442293
recursive_no_target_actual,부산,2024,2,2024Q2,도매 및 소매업,22372.784984943013
recursive_no_target_actual,부산,2024,2,2024Q2,문화 및 기타서비스업,8165.2927073685905
recursive_no_target_actual,부산,2024,2,2024Q2,보건 및 사회복지업,24592.469687238583
recursive_no_target_actual,부산,2024,2,2024Q2,부동산업,24897.729443120345
recursive_no_target_actual,부산,2024,2,2024Q2,사업서비스업,21580.367172680475
recursive_no_target_actual,부산,2024,2,2024Q2,숙박 및 음식점업,8527.43082669216
recursive_no_target_actual,부산,2024,2,2024Q2,운수 및 창고업,22351.010080662258
recursive_no_target_actual,부산,2024,2,2024Q2,정보통신업,7138.0066922739425
recursive_no_target_actual,부산,2024,3,2024Q3,건설업,11316.693387558458
recursive_no_target_actual,부산,2024,3,2024Q3,"공공 행정, 국방·사회보장",16681.962487823577
recursive_no_target_actual,부산,2024,3,2024Q3,"광업, 제조업",43564.4867279055
recursive_no_target_actual,부산,2024,3,2024Q3,교육 서비스업,15015.619222689038
recursive_no_target_actual,부산,2024,3,2024Q3,금융 및 보험업,16842.473960065974
recursive_no_target_actual,부산,2024,3,2024Q3,도매 및 소매업,21474.052205670967
recursive_no_target_actual,부산,2024,3,2024Q3,문화 및 기타서비스업,9225.201579118217
recursive_no_target_actual,부산,2024,3,2024Q3,보건 및 사회복지업,24339.10021718039
recursive_no_target_actual,부산,2024,3,2024Q3,부동산업,24369.53502888398
recursive_no_target_actual,부산,2024,3,2024Q3,사업서비스업,21019.454491920507
recursive_no_target_actual,부산,2024,3,2024Q3,숙박 및 음식점업,8789.671349288446
recursive_no_target_actual,부산,2024,3,2024Q3,운수 및 창고업,23273.034129762807
recursive_no_target_actual,부산,2024,3,2024Q3,정보통신업,7374.216557021376
recursive_no_target_actual,부산,2024,4,2024Q4,건설업,12630.928220266405
recursive_no_target_actual,부산,2024,4,2024Q4,"공공 행정, 국방·사회보장",16971.412996838462
recursive_no_target_actual,부산,2024,4,2024Q4,"광업, 제조업",44647.30540191826
recursive_no_target_actual,부산,2024,4,2024Q4,교육 서비스업,14878.009103909253
recursive_no_target_actual,부산,2024,4,2024Q4,금융 및 보험업,16166.731712457891
recursive_no_target_actual,부산,2024,4,2024Q4,도매 및 소매업,23505.65475033744
recursive_no_target_actual,부산,2024,4,2024Q4,문화 및 기타서비스업,8154.934884490882
recursive_no_target_actual,부산,2024,4,2024Q4,보건 및 사회복지업,26256.847270781916
recursive_no_target_actual,부산,2024,4,2024Q4,부동산업,24096.870770436017
recursive_no_target_actual,부산,2024,4,2024Q4,사업서비스업,24363.962901348255
recursive_no_target_actual,부산,2024,4,2024Q4,숙박 및 음식점업,9025.74720161237
recursive_no_target_actual,부산,2024,4,2024Q4,운수 및 창고업,23558.28301603252
recursive_no_target_actual,부산,2024,4,2024Q4,정보통신업,8047.592953045018
recursive_no_target_actual,부산,2025,1,2025Q1,건설업,8529.968719806797
recursive_no_target_actual,부산,2025,1,2025Q1,"공공 행정, 국방·사회보장",18990.893600130657
recursive_no_target_actual,부산,2025,1,2025Q1,"광업, 제조업",40700.40550844815
recursive_no_target_actual,부산,2025,1,2025Q1,교육 서비스업,16280.281275327456
recursive_no_target_actual,부산,2025,1,2025Q1,금융 및 보험업,17196.503258846016
recursive_no_target_actual,부산,2025,1,2025Q1,도매 및 소매업,23567.08168520027
recursive_no_target_actual,부산,2025,1,2025Q1,문화 및 기타서비스업,8487.385282234663
recursive_no_target_actual,부산,2025,1,2025Q1,보건 및 사회복지업,25756.12298760543
recursive_no_target_actual,부산,2025,1,2025Q1,부동산업,24404.597023523387
recursive_no_target_actual,부산,2025,1,2025Q1,사업서비스업,19191.047607196124
recursive_no_target_actual,부산,2025,1,2025Q1,숙박 및 음식점업,7309.049164687774
recursive_no_target_actual,부산,2025,1,2025Q1,운수 및 창고업,19979.284200067403
recursive_no_target_actual,부산,2025,1,2025Q1,정보통신업,7517.792137598402
recursive_no_target_actual,부산,2025,2,2025Q2,건설업,11298.377206832152
recursive_no_target_actual,부산,2025,2,2025Q2,"공공 행정, 국방·사회보장",18402.463204400112
recursive_no_target_actual,부산,2025,2,2025Q2,"광업, 제조업",44679.29687794292
recursive_no_target_actual,부산,2025,2,2025Q2,교육 서비스업,13927.921454855348
recursive_no_target_actual,부산,2025,2,2025Q2,금융 및 보험업,16951.333069072716
recursive_no_target_actual,부산,2025,2,2025Q2,도매 및 소매업,22406.938223696474
recursive_no_target_actual,부산,2025,2,2025Q2,문화 및 기타서비스업,8009.34930597496
recursive_no_target_actual,부산,2025,2,2025Q2,보건 및 사회복지업,26127.574635077246
recursive_no_target_actual,부산,2025,2,2025Q2,부동산업,24768.77961390136
recursive_no_target_actual,부산,2025,2,2025Q2,사업서비스업,21295.283630508173
recursive_no_target_actual,부산,2025,2,2025Q2,숙박 및 음식점업,8375.676705795962
recursive_no_target_actual,부산,2025,2,2025Q2,운수 및 창고업,23015.34174513882
recursive_no_target_actual,부산,2025,2,2025Q2,정보통신업,7358.353978322145
recursive_no_target_actual,부산,2025,3,2025Q3,건설업,10541.012513370039
recursive_no_target_actual,부산,2025,3,2025Q3,"공공 행정, 국방·사회보장",16943.600198114305
recursive_no_target_actual,부산,2025,3,2025Q3,"광업, 제조업",45161.46197551091
recursive_no_target_actual,부산,2025,3,2025Q3,교육 서비스업,15052.459563266044
recursive_no_target_actual,부산,2025,3,2025Q3,금융 및 보험업,17421.83412962753
recursive_no_target_actual,부산,2025,3,2025Q3,도매 및 소매업,22377.275321702782
recursive_no_target_actual,부산,2025,3,2025Q3,문화 및 기타서비스업,9383.730354330635
recursive_no_target_actual,부산,2025,3,2025Q3,보건 및 사회복지업,25542.657628431112
recursive_no_target_actual,부산,2025,3,2025Q3,부동산업,24538.438327290623
recursive_no_target_actual,부산,2025,3,2025Q3,사업서비스업,21375.61117060395
recursive_no_target_actual,부산,2025,3,2025Q3,숙박 및 음식점업,8939.19933615044
recursive_no_target_actual,부산,2025,3,2025Q3,운수 및 창고업,23725.654411240193
recursive_no_target_actual,부산,2025,3,2025Q3,정보통신업,7532.442609723405
recursive_no_target_actual,부산,2025,4,2025Q4,건설업,11664.726620643576
recursive_no_target_actual,부산,2025,4,2025Q4,"공공 행정, 국방·사회보장",17359.242487943375
recursive_no_target_actual,부산,2025,4,2025Q4,"광업, 제조업",45570.84732962054
recursive_no_target_actual,부산,2025,4,2025Q4,교육 서비스업,14892.556391452968
recursive_no_target_actual,부산,2025,4,2025Q4,금융 및 보험업,17148.06185508629
recursive_no_target_actual,부산,2025,4,2025Q4,도매 및 소매업,24391.870540710876
recursive_no_target_actual,부산,2025,4,2025Q4,문화 및 기타서비스업,8015.257857153475
recursive_no_target_actual,부산,2025,4,2025Q4,보건 및 사회복지업,28122.770044398945
recursive_no_target_actual,부산,2025,4,2025Q4,부동산업,24522.172765411975
recursive_no_target_actual,부산,2025,4,2025Q4,사업서비스업,24598.05155094008
recursive_no_target_actual,부산,2025,4,2025Q4,숙박 및 음식점업,9075.656380931949
recursive_no_target_actual,부산,2025,4,2025Q4,운수 및 창고업,23752.562060135922
recursive_no_target_actual,부산,2025,4,2025Q4,정보통신업,8214.695351113458
recursive_no_target_actual,서울,2021,1,2021Q1,건설업,28694.354464520653
recursive_no_target_actual,서울,2021,1,2021Q1,"공공 행정, 국방·사회보장",48184.822830396035
recursive_no_target_actual,서울,2021,1,2021Q1,"광업, 제조업",49299.694677735744
recursive_no_target_actual,서울,2021,1,2021Q1,교육 서비스업,52034.65650913881
recursive_no_target_actual,서울,2021,1,2021Q1,금융 및 보험업,140886.26662457213
recursive_no_target_actual,서울,2021,1,2021Q1,도매 및 소매업,186168.9186242985
recursive_no_target_actual,서울,2021,1,2021Q1,문화 및 기타서비스업,31356.12558500568
recursive_no_target_actual,서울,2021,1,2021Q1,보건 및 사회복지업,61170.01442866276
recursive_no_target_actual,서울,2021,1,2021Q1,부동산업,126556.0122200557
recursive_no_target_actual,서울,2021,1,2021Q1,사업서비스업,160090.65804542773
recursive_no_target_actual,서울,2021,1,2021Q1,숙박 및 음식점업,20623.549945815244
recursive_no_target_actual,서울,2021,1,2021Q1,운수 및 창고업,26260.29820942862
recursive_no_target_actual,서울,2021,1,2021Q1,정보통신업,126910.99873800871
recursive_no_target_actual,서울,2021,2,2021Q2,건설업,40012.64513474005
recursive_no_target_actual,서울,2021,2,2021Q2,"공공 행정, 국방·사회보장",46744.168982007155
recursive_no_target_actual,서울,2021,2,2021Q2,"광업, 제조업",52934.88168185921
recursive_no_target_actual,서울,2021,2,2021Q2,교육 서비스업,45047.90639270996
recursive_no_target_actual,서울,2021,2,2021Q2,금융 및 보험업,140584.9559277201
recursive_no_target_actual,서울,2021,2,2021Q2,도매 및 소매업,188785.44987744634
recursive_no_target_actual,서울,2021,2,2021Q2,문화 및 기타서비스업,31390.292107796067
recursive_no_target_actual,서울,2021,2,2021Q2,보건 및 사회복지업,63955.688622273046
recursive_no_target_actual,서울,2021,2,2021Q2,부동산업,127837.78019670912
recursive_no_target_actual,서울,2021,2,2021Q2,사업서비스업,178425.51114678202
recursive_no_target_actual,서울,2021,2,2021Q2,숙박 및 음식점업,26277.550680816512
recursive_no_target_actual,서울,2021,2,2021Q2,운수 및 창고업,29574.768095793526
recursive_no_target_actual,서울,2021,2,2021Q2,정보통신업,130756.55356227329
recursive_no_target_actual,서울,2021,3,2021Q3,건설업,36622.45201016587
recursive_no_target_actual,서울,2021,3,2021Q3,"공공 행정, 국방·사회보장",43390.94222759611
recursive_no_target_actual,서울,2021,3,2021Q3,"광업, 제조업",52601.99259995
recursive_no_target_actual,서울,2021,3,2021Q3,교육 서비스업,49042.38135130962
recursive_no_target_actual,서울,2021,3,2021Q3,금융 및 보험업,144664.55347765042
recursive_no_target_actual,서울,2021,3,2021Q3,도매 및 소매업,182788.09713659334
recursive_no_target_actual,서울,2021,3,2021Q3,문화 및 기타서비스업,34083.14600128448
recursive_no_target_actual,서울,2021,3,2021Q3,보건 및 사회복지업,64137.545140908216
recursive_no_target_actual,서울,2021,3,2021Q3,부동산업,123590.34747793204
recursive_no_target_actual,서울,2021,3,2021Q3,사업서비스업,177695.39723091165
recursive_no_target_actual,서울,2021,3,2021Q3,숙박 및 음식점업,27395.99077550067
recursive_no_target_actual,서울,2021,3,2021Q3,운수 및 창고업,29946.69338831887
recursive_no_target_actual,서울,2021,3,2021Q3,정보통신업,132513.06357767043
recursive_no_target_actual,서울,2021,4,2021Q4,건설업,43051.91447316626
recursive_no_target_actual,서울,2021,4,2021Q4,"공공 행정, 국방·사회보장",44250.359004416976
recursive_no_target_actual,서울,2021,4,2021Q4,"광업, 제조업",54856.21672099755
recursive_no_target_actual,서울,2021,4,2021Q4,교육 서비스업,48544.12469524036
recursive_no_target_actual,서울,2021,4,2021Q4,금융 및 보험업,142145.30832411622
recursive_no_target_actual,서울,2021,4,2021Q4,도매 및 소매업,205029.59601090438
recursive_no_target_actual,서울,2021,4,2021Q4,문화 및 기타서비스업,33557.81163949757
recursive_no_target_actual,서울,2021,4,2021Q4,보건 및 사회복지업,67781.23035697694
recursive_no_target_actual,서울,2021,4,2021Q4,부동산업,121252.84350394647
recursive_no_target_actual,서울,2021,4,2021Q4,사업서비스업,209514.13080288787
recursive_no_target_actual,서울,2021,4,2021Q4,숙박 및 음식점업,31389.99861162865
recursive_no_target_actual,서울,2021,4,2021Q4,운수 및 창고업,31378.154827440936
recursive_no_target_actual,서울,2021,4,2021Q4,정보통신업,147797.48359178333
recursive_no_target_actual,서울,2022,1,2022Q1,건설업,26790.4623274244
recursive_no_target_actual,서울,2022,1,2022Q1,"공공 행정, 국방·사회보장",49071.41625512017
recursive_no_target_actual,서울,2022,1,2022Q1,"광업, 제조업",49837.97641165709
recursive_no_target_actual,서울,2022,1,2022Q1,교육 서비스업,55680.27766243348
recursive_no_target_actual,서울,2022,1,2022Q1,금융 및 보험업,151492.44149463385
recursive_no_target_actual,서울,2022,1,2022Q1,도매 및 소매업,191178.8545008996
recursive_no_target_actual,서울,2022,1,2022Q1,문화 및 기타서비스업,32018.907163499825
recursive_no_target_actual,서울,2022,1,2022Q1,보건 및 사회복지업,66284.81522152822
recursive_no_target_actual,서울,2022,1,2022Q1,부동산업,122703.95226592463
recursive_no_target_actual,서울,2022,1,2022Q1,사업서비스업,164948.61123064728
recursive_no_target_actual,서울,2022,1,2022Q1,숙박 및 음식점업,22153.176560930642
recursive_no_target_actual,서울,2022,1,2022Q1,운수 및 창고업,30167.005439761964
recursive_no_target_actual,서울,2022,1,2022Q1,정보통신업,130800.42679811548
recursive_no_target_actual,서울,2022,2,2022Q2,건설업,37030.565910897916
recursive_no_target_actual,서울,2022,2,2022Q2,"공공 행정, 국방·사회보장",47331.10603778012
recursive_no_target_actual,서울,2022,2,2022Q2,"광업, 제조업",53232.04159088049
recursive_no_target_actual,서울,2022,2,2022Q2,교육 서비스업,47923.99959094118
recursive_no_target_actual,서울,2022,2,2022Q2,금융 및 보험업,149058.6874674175
recursive_no_target_actual,서울,2022,2,2022Q2,도매 및 소매업,192715.25977242176
recursive_no_target_actual,서울,2022,2,2022Q2,문화 및 기타서비스업,32669.36602688271
recursive_no_target_actual,서울,2022,2,2022Q2,보건 및 사회복지업,68253.78510454585
recursive_no_target_actual,서울,2022,2,2022Q2,부동산업,122112.90501568648
recursive_no_target_actual,서울,2022,2,2022Q2,사업서비스업,184325.40338941212
recursive_no_target_actual,서울,2022,2,2022Q2,숙박 및 음식점업,30068.95595808699
recursive_no_target_actual,서울,2022,2,2022Q2,운수 및 창고업,35083.705865942255
recursive_no_target_actual,서울,2022,2,2022Q2,정보통신업,136074.99236415033
recursive_no_target_actual,서울,2022,3,2022Q3,건설업,34938.7888695857
recursive_no_target_actual,서울,2022,3,2022Q3,"공공 행정, 국방·사회보장",44036.48550798714
recursive_no_target_actual,서울,2022,3,2022Q3,"광업, 제조업",53091.40636825649
recursive_no_target_actual,서울,2022,3,2022Q3,교육 서비스업,51719.10322606145
recursive_no_target_actual,서울,2022,3,2022Q3,금융 및 보험업,147927.48388830264
recursive_no_target_actual,서울,2022,3,2022Q3,도매 및 소매업,188635.20734748789
recursive_no_target_actual,서울,2022,3,2022Q3,문화 및 기타서비스업,37193.57281367831
recursive_no_target_actual,서울,2022,3,2022Q3,보건 및 사회복지업,66349.27626072982
recursive_no_target_actual,서울,2022,3,2022Q3,부동산업,119712.56558076061
recursive_no_target_actual,서울,2022,3,2022Q3,사업서비스업,178984.69218879205
recursive_no_target_actual,서울,2022,3,2022Q3,숙박 및 음식점업,32387.579177991956
recursive_no_target_actual,서울,2022,3,2022Q3,운수 및 창고업,37027.58329408561
recursive_no_target_actual,서울,2022,3,2022Q3,정보통신업,136203.78955122922
recursive_no_target_actual,서울,2022,4,2022Q4,건설업,41134.76061757325
recursive_no_target_actual,서울,2022,4,2022Q4,"공공 행정, 국방·사회보장",44979.44651599414
recursive_no_target_actual,서울,2022,4,2022Q4,"광업, 제조업",52112.16645874924
recursive_no_target_actual,서울,2022,4,2022Q4,교육 서비스업,51352.063516243
recursive_no_target_actual,서울,2022,4,2022Q4,금융 및 보험업,147441.22618870225
recursive_no_target_actual,서울,2022,4,2022Q4,도매 및 소매업,210033.1632119402
recursive_no_target_actual,서울,2022,4,2022Q4,문화 및 기타서비스업,35214.16792240033
recursive_no_target_actual,서울,2022,4,2022Q4,보건 및 사회복지업,70164.22374694272
recursive_no_target_actual,서울,2022,4,2022Q4,부동산업,118597.24971802048
recursive_no_target_actual,서울,2022,4,2022Q4,사업서비스업,214928.85327873932
recursive_no_target_actual,서울,2022,4,2022Q4,숙박 및 음식점업,33480.10118615866
recursive_no_target_actual,서울,2022,4,2022Q4,운수 및 창고업,39067.21388274895
recursive_no_target_actual,서울,2022,4,2022Q4,정보통신업,147119.0982116646
recursive_no_target_actual,서울,2023,1,2023Q1,건설업,25304.603395984697
recursive_no_target_actual,서울,2023,1,2023Q1,"공공 행정, 국방·사회보장",49696.577534963675
recursive_no_target_actual,서울,2023,1,2023Q1,"광업, 제조업",46854.048356403495
recursive_no_target_actual,서울,2023,1,2023Q1,교육 서비스업,56871.86222697817
recursive_no_target_actual,서울,2023,1,2023Q1,금융 및 보험업,152037.08264745222
recursive_no_target_actual,서울,2023,1,2023Q1,도매 및 소매업,202732.69516366435
recursive_no_target_actual,서울,2023,1,2023Q1,문화 및 기타서비스업,37729.57243282436
recursive_no_target_actual,서울,2023,1,2023Q1,보건 및 사회복지업,68306.35466050741
recursive_no_target_actual,서울,2023,1,2023Q1,부동산업,122033.4561393274
recursive_no_target_actual,서울,2023,1,2023Q1,사업서비스업,171762.13838925754
recursive_no_target_actual,서울,2023,1,2023Q1,숙박 및 음식점업,25643.429246444313
recursive_no_target_actual,서울,2023,1,2023Q1,운수 및 창고업,35260.76769852219
recursive_no_target_actual,서울,2023,1,2023Q1,정보통신업,141438.88595663232
recursive_no_target_actual,서울,2023,2,2023Q2,건설업,34263.71449163455
recursive_no_target_actual,서울,2023,2,2023Q2,"공공 행정, 국방·사회보장",47796.75384037471
recursive_no_target_actual,서울,2023,2,2023Q2,"광업, 제조업",51768.9415628689
recursive_no_target_actual,서울,2023,2,2023Q2,교육 서비스업,48804.00198894648
recursive_no_target_actual,서울,2023,2,2023Q2,금융 및 보험업,150503.13543339437
recursive_no_target_actual,서울,2023,2,2023Q2,도매 및 소매업,188214.3458604219
recursive_no_target_actual,서울,2023,2,2023Q2,문화 및 기타서비스업,35819.96928154573
recursive_no_target_actual,서울,2023,2,2023Q2,보건 및 사회복지업,69145.05781689435
recursive_no_target_actual,서울,2023,2,2023Q2,부동산업,122160.50142748801
recursive_no_target_actual,서울,2023,2,2023Q2,사업서비스업,192530.92576340036
recursive_no_target_actual,서울,2023,2,2023Q2,숙박 및 음식점업,29212.423804046248
recursive_no_target_actual,서울,2023,2,2023Q2,운수 및 창고업,44905.78361068652
recursive_no_target_actual,서울,2023,2,2023Q2,정보통신업,139482.54992287228
recursive_no_target_actual,서울,2023,3,2023Q3,건설업,32554.990980440783
recursive_no_target_actual,서울,2023,3,2023Q3,"공공 행정, 국방·사회보장",44496.19740865432
recursive_no_target_actual,서울,2023,3,2023Q3,"광업, 제조업",52271.180825706535
recursive_no_target_actual,서울,2023,3,2023Q3,교육 서비스업,52378.65712519533
recursive_no_target_actual,서울,2023,3,2023Q3,금융 및 보험업,150243.68145711807
recursive_no_target_actual,서울,2023,3,2023Q3,도매 및 소매업,180980.05718120956
recursive_no_target_actual,서울,2023,3,2023Q3,문화 및 기타서비스업,41126.256549153644
recursive_no_target_actual,서울,2023,3,2023Q3,보건 및 사회복지업,67957.46551478852
recursive_no_target_actual,서울,2023,3,2023Q3,부동산업,120623.4093630908
recursive_no_target_actual,서울,2023,3,2023Q3,사업서비스업,188495.65628609672
recursive_no_target_actual,서울,2023,3,2023Q3,숙박 및 음식점업,30805.679903133427
recursive_no_target_actual,서울,2023,3,2023Q3,운수 및 창고업,46331.01812383762
recursive_no_target_actual,서울,2023,3,2023Q3,정보통신업,144031.8290850987
recursive_no_target_actual,서울,2023,4,2023Q4,건설업,36436.12337644726
recursive_no_target_actual,서울,2023,4,2023Q4,"공공 행정, 국방·사회보장",45115.19300370299
recursive_no_target_actual,서울,2023,4,2023Q4,"광업, 제조업",54141.3623396824
recursive_no_target_actual,서울,2023,4,2023Q4,교육 서비스업,51780.49306151438
recursive_no_target_actual,서울,2023,4,2023Q4,금융 및 보험업,141321.30832639654
recursive_no_target_actual,서울,2023,4,2023Q4,도매 및 소매업,197542.73231337458
recursive_no_target_actual,서울,2023,4,2023Q4,문화 및 기타서비스업,36606.95687716286
recursive_no_target_actual,서울,2023,4,2023Q4,보건 및 사회복지업,72217.49461343243
recursive_no_target_actual,서울,2023,4,2023Q4,부동산업,119474.65372295759
recursive_no_target_actual,서울,2023,4,2023Q4,사업서비스업,225780.28349853627
recursive_no_target_actual,서울,2023,4,2023Q4,숙박 및 음식점업,32071.972228142844
recursive_no_target_actual,서울,2023,4,2023Q4,운수 및 창고업,47975.0013608745
recursive_no_target_actual,서울,2023,4,2023Q4,정보통신업,156918.51910450123
recursive_no_target_actual,서울,2024,1,2024Q1,건설업,26195.312740744408
recursive_no_target_actual,서울,2024,1,2024Q1,"공공 행정, 국방·사회보장",50570.050672910904
recursive_no_target_actual,서울,2024,1,2024Q1,"광업, 제조업",50214.93147615651
recursive_no_target_actual,서울,2024,1,2024Q1,교육 서비스업,57601.2465212221
recursive_no_target_actual,서울,2024,1,2024Q1,금융 및 보험업,153246.28643071916
recursive_no_target_actual,서울,2024,1,2024Q1,도매 및 소매업,197721.73334178617
recursive_no_target_actual,서울,2024,1,2024Q1,문화 및 기타서비스업,38324.26517346227
recursive_no_target_actual,서울,2024,1,2024Q1,보건 및 사회복지업,70979.77001224658
recursive_no_target_actual,서울,2024,1,2024Q1,부동산업,123617.89053755453
recursive_no_target_actual,서울,2024,1,2024Q1,사업서비스업,175198.44429037767
recursive_no_target_actual,서울,2024,1,2024Q1,숙박 및 음식점업,25859.020475715974
recursive_no_target_actual,서울,2024,1,2024Q1,운수 및 창고업,41536.62046998885
recursive_no_target_actual,서울,2024,1,2024Q1,정보통신업,144974.73935902218
recursive_no_target_actual,서울,2024,2,2024Q2,건설업,33962.416027739775
recursive_no_target_actual,서울,2024,2,2024Q2,"공공 행정, 국방·사회보장",49177.949213782325
recursive_no_target_actual,서울,2024,2,2024Q2,"광업, 제조업",54089.14517686381
recursive_no_target_actual,서울,2024,2,2024Q2,교육 서비스업,49474.90842840413
recursive_no_target_actual,서울,2024,2,2024Q2,금융 및 보험업,152507.46048578282
recursive_no_target_actual,서울,2024,2,2024Q2,도매 및 소매업,186193.35954007859
recursive_no_target_actual,서울,2024,2,2024Q2,문화 및 기타서비스업,36160.74920715239
recursive_no_target_actual,서울,2024,2,2024Q2,보건 및 사회복지업,70921.66528817157
recursive_no_target_actual,서울,2024,2,2024Q2,부동산업,125597.57162294556
recursive_no_target_actual,서울,2024,2,2024Q2,사업서비스업,193456.44694658104
recursive_no_target_actual,서울,2024,2,2024Q2,숙박 및 음식점업,29167.76236494448
recursive_no_target_actual,서울,2024,2,2024Q2,운수 및 창고업,48083.411909374205
recursive_no_target_actual,서울,2024,2,2024Q2,정보통신업,139085.39813568976
recursive_no_target_actual,서울,2024,3,2024Q3,건설업,30474.601815486134
recursive_no_target_actual,서울,2024,3,2024Q3,"공공 행정, 국방·사회보장",45236.468358765276
recursive_no_target_actual,서울,2024,3,2024Q3,"광업, 제조업",54028.101959321866
recursive_no_target_actual,서울,2024,3,2024Q3,교육 서비스업,52791.71021602935
recursive_no_target_actual,서울,2024,3,2024Q3,금융 및 보험업,158097.1288819107
recursive_no_target_actual,서울,2024,3,2024Q3,도매 및 소매업,178713.82243220072
recursive_no_target_actual,서울,2024,3,2024Q3,문화 및 기타서비스업,40854.653059391094
recursive_no_target_actual,서울,2024,3,2024Q3,보건 및 사회복지업,70190.97882283322
recursive_no_target_actual,서울,2024,3,2024Q3,부동산업,122933.07420664713
recursive_no_target_actual,서울,2024,3,2024Q3,사업서비스업,188428.1648326198
recursive_no_target_actual,서울,2024,3,2024Q3,숙박 및 음식점업,30064.74639225607
recursive_no_target_actual,서울,2024,3,2024Q3,운수 및 창고업,50066.949207386875
recursive_no_target_actual,서울,2024,3,2024Q3,정보통신업,143687.99161848013
recursive_no_target_actual,서울,2024,4,2024Q4,건설업,34013.69065064433
recursive_no_target_actual,서울,2024,4,2024Q4,"공공 행정, 국방·사회보장",46021.37114235789
recursive_no_target_actual,서울,2024,4,2024Q4,"광업, 제조업",55370.99939980851
recursive_no_target_actual,서울,2024,4,2024Q4,교육 서비스업,52307.90242857303
recursive_no_target_actual,서울,2024,4,2024Q4,금융 및 보험업,151754.06375594693
recursive_no_target_actual,서울,2024,4,2024Q4,도매 및 소매업,195621.45835219015
recursive_no_target_actual,서울,2024,4,2024Q4,문화 및 기타서비스업,36114.87863657567
recursive_no_target_actual,서울,2024,4,2024Q4,보건 및 사회복지업,75721.52603393672
recursive_no_target_actual,서울,2024,4,2024Q4,부동산업,121557.60867242356
recursive_no_target_actual,서울,2024,4,2024Q4,사업서비스업,218409.89352581554
recursive_no_target_actual,서울,2024,4,2024Q4,숙박 및 음식점업,30872.23513073194
recursive_no_target_actual,서울,2024,4,2024Q4,운수 및 창고업,50680.60110256738
recursive_no_target_actual,서울,2024,4,2024Q4,정보통신업,156808.85689274457
recursive_no_target_actual,서울,2025,1,2025Q1,건설업,22970.26095276643
recursive_no_target_actual,서울,2025,1,2025Q1,"공공 행정, 국방·사회보장",51497.5955661119
recursive_no_target_actual,서울,2025,1,2025Q1,"광업, 제조업",50476.10619930983
recursive_no_target_actual,서울,2025,1,2025Q1,교육 서비스업,57237.99189206002
recursive_no_target_actual,서울,2025,1,2025Q1,금융 및 보험업,161420.33518817602
recursive_no_target_actual,서울,2025,1,2025Q1,도매 및 소매업,196132.67264116034
recursive_no_target_actual,서울,2025,1,2025Q1,문화 및 기타서비스업,37587.16577770685
recursive_no_target_actual,서울,2025,1,2025Q1,보건 및 사회복지업,74277.49863592675
recursive_no_target_actual,서울,2025,1,2025Q1,부동산업,123109.9458122699
recursive_no_target_actual,서울,2025,1,2025Q1,사업서비스업,172037.47524605744
recursive_no_target_actual,서울,2025,1,2025Q1,숙박 및 음식점업,25000.33286485257
recursive_no_target_actual,서울,2025,1,2025Q1,운수 및 창고업,42981.151562248684
recursive_no_target_actual,서울,2025,1,2025Q1,정보통신업,146485.58871358135
recursive_no_target_actual,서울,2025,2,2025Q2,건설업,30425.27836955551
recursive_no_target_actual,서울,2025,2,2025Q2,"공공 행정, 국방·사회보장",49901.94919073911
recursive_no_target_actual,서울,2025,2,2025Q2,"광업, 제조업",55410.67480650583
recursive_no_target_actual,서울,2025,2,2025Q2,교육 서비스업,48967.597170106295
recursive_no_target_actual,서울,2025,2,2025Q2,금융 및 보험업,159118.96882225526
recursive_no_target_actual,서울,2025,2,2025Q2,도매 및 소매업,186477.5935443369
recursive_no_target_actual,서울,2025,2,2025Q2,문화 및 기타서비스업,35470.13952169475
recursive_no_target_actual,서울,2025,2,2025Q2,보건 및 사회복지업,75348.71961323291
recursive_no_target_actual,서울,2025,2,2025Q2,부동산업,124947.07915743388
recursive_no_target_actual,서울,2025,2,2025Q2,사업서비스업,190900.82550092658
recursive_no_target_actual,서울,2025,2,2025Q2,숙박 및 음식점업,28648.69299620257
recursive_no_target_actual,서울,2025,2,2025Q2,운수 및 창고업,49512.57922450613
recursive_no_target_actual,서울,2025,2,2025Q2,정보통신업,143378.90629971333
recursive_no_target_actual,서울,2025,3,2025Q3,건설업,28385.779138469145
recursive_no_target_actual,서울,2025,3,2025Q3,"공공 행정, 국방·사회보장",45945.95119159536
recursive_no_target_actual,서울,2025,3,2025Q3,"광업, 제조업",56008.649602245656
recursive_no_target_actual,서울,2025,3,2025Q3,교육 서비스업,52921.232985297655
recursive_no_target_actual,서울,2025,3,2025Q3,금융 및 보험업,163535.47360569617
recursive_no_target_actual,서울,2025,3,2025Q3,도매 및 소매업,186230.7295361399
recursive_no_target_actual,서울,2025,3,2025Q3,문화 및 기타서비스업,41556.71231042077
recursive_no_target_actual,서울,2025,3,2025Q3,보건 및 사회복지업,73661.8907304777
recursive_no_target_actual,서울,2025,3,2025Q3,부동산업,123785.1135127792
recursive_no_target_actual,서울,2025,3,2025Q3,사업서비스업,191620.9189254055
recursive_no_target_actual,서울,2025,3,2025Q3,숙박 및 음식점업,30576.201351708485
recursive_no_target_actual,서울,2025,3,2025Q3,운수 및 창고업,51040.664818192476
recursive_no_target_actual,서울,2025,3,2025Q3,정보통신업,146771.05590858796
recursive_no_target_actual,서울,2025,4,2025Q4,건설업,31411.81676278564
recursive_no_target_actual,서울,2025,4,2025Q4,"공공 행정, 국방·사회보장",47073.04815672411
recursive_no_target_actual,서울,2025,4,2025Q4,"광업, 제조업",56516.36391988778
recursive_no_target_actual,서울,2025,4,2025Q4,교육 서비스업,52359.04758463003
recursive_no_target_actual,서울,2025,4,2025Q4,금융 및 보험업,160965.62486049015
recursive_no_target_actual,서울,2025,4,2025Q4,도매 및 소매업,202996.82513813776
recursive_no_target_actual,서울,2025,4,2025Q4,문화 및 기타서비스업,35496.30608362964
recursive_no_target_actual,서울,2025,4,2025Q4,보건 및 사회복지업,81102.61837996954
recursive_no_target_actual,서울,2025,4,2025Q4,부동산업,123703.06124862762
recursive_no_target_actual,서울,2025,4,2025Q4,사업서비스업,220508.373040005
recursive_no_target_actual,서울,2025,4,2025Q4,숙박 및 음식점업,31042.947636269502
recursive_no_target_actual,서울,2025,4,2025Q4,운수 및 창고업,51098.55086274692
recursive_no_target_actual,서울,2025,4,2025Q4,정보통신업,160064.87843583638
recursive_no_target_actual,세종,2021,1,2021Q1,건설업,2565.3737868346966
recursive_no_target_actual,세종,2021,1,2021Q1,"공공 행정, 국방·사회보장",9889.820416610564
recursive_no_target_actual,세종,2021,1,2021Q1,"광업, 제조업",7427.94830204732
recursive_no_target_actual,세종,2021,1,2021Q1,교육 서비스업,2527.0893549433963
recursive_no_target_actual,세종,2021,1,2021Q1,금융 및 보험업,1153.2794100114384
recursive_no_target_actual,세종,2021,1,2021Q1,도매 및 소매업,847.1328893592772
recursive_no_target_actual,세종,2021,1,2021Q1,문화 및 기타서비스업,734.9270869809567
recursive_no_target_actual,세종,2021,1,2021Q1,보건 및 사회복지업,930.0806599362269
recursive_no_target_actual,세종,2021,1,2021Q1,부동산업,2991.941766298098
recursive_no_target_actual,세종,2021,1,2021Q1,사업서비스업,1325.363828327967
recursive_no_target_actual,세종,2021,1,2021Q1,숙박 및 음식점업,467.96850287245627
recursive_no_target_actual,세종,2021,1,2021Q1,운수 및 창고업,469.9478092118617
recursive_no_target_actual,세종,2021,1,2021Q1,정보통신업,530.735570179148
recursive_no_target_actual,세종,2021,2,2021Q2,건설업,3577.267824494889
recursive_no_target_actual,세종,2021,2,2021Q2,"공공 행정, 국방·사회보장",9594.129636689773
recursive_no_target_actual,세종,2021,2,2021Q2,"광업, 제조업",7975.659222194209
recursive_no_target_actual,세종,2021,2,2021Q2,교육 서비스업,2187.774309368416
recursive_no_target_actual,세종,2021,2,2021Q2,금융 및 보험업,1150.8129139432185
recursive_no_target_actual,세종,2021,2,2021Q2,도매 및 소매업,859.0390104076093
recursive_no_target_actual,세종,2021,2,2021Q2,문화 및 기타서비스업,735.7278843562107
recursive_no_target_actual,세종,2021,2,2021Q2,보건 및 사회복지업,972.4364075449171
recursive_no_target_actual,세종,2021,2,2021Q2,부동산업,3022.244357828752
recursive_no_target_actual,세종,2021,2,2021Q2,사업서비스업,1477.1550158646332
recursive_no_target_actual,세종,2021,2,2021Q2,숙박 및 음식점업,596.2633049870259
recursive_no_target_actual,세종,2021,2,2021Q2,운수 및 창고업,529.2627434663638
recursive_no_target_actual,세종,2021,2,2021Q2,정보통신업,546.8174917825274
recursive_no_target_actual,세종,2021,3,2021Q3,건설업,3274.172921807901
recursive_no_target_actual,세종,2021,3,2021Q3,"공공 행정, 국방·사회보장",8905.887811374203
recursive_no_target_actual,세종,2021,3,2021Q3,"광업, 제조업",7925.5030720009645
recursive_no_target_actual,세종,2021,3,2021Q3,교육 서비스업,2381.76800172021
recursive_no_target_actual,세종,2021,3,2021Q3,금융 및 보험업,1184.2080486727464
recursive_no_target_actual,세종,2021,3,2021Q3,도매 및 소매업,831.7489837296412
recursive_no_target_actual,세종,2021,3,2021Q3,문화 및 기타서비스업,798.8431841798961
recursive_no_target_actual,세종,2021,3,2021Q3,보건 및 사회복지업,975.2015079367627
recursive_no_target_actual,세종,2021,3,2021Q3,부동산업,2921.829757779934
recursive_no_target_actual,세종,2021,3,2021Q3,사업서비스업,1471.1105246590382
recursive_no_target_actual,세종,2021,3,2021Q3,숙박 및 음식점업,621.6418037438841
recursive_no_target_actual,세종,2021,3,2021Q3,운수 및 창고업,535.9186266181403
recursive_no_target_actual,세종,2021,3,2021Q3,정보통신업,554.1631304885285
recursive_no_target_actual,세종,2021,4,2021Q4,건설업,3848.9889361013375
recursive_no_target_actual,세종,2021,4,2021Q4,"공공 행정, 국방·사회보장",9082.281063160095
recursive_no_target_actual,세종,2021,4,2021Q4,"광업, 제조업",8265.145342441458
recursive_no_target_actual,세종,2021,4,2021Q4,교육 서비스업,2357.56991575108
recursive_no_target_actual,세종,2021,4,2021Q4,금융 및 보험업,1163.5857862340356
recursive_no_target_actual,세종,2021,4,2021Q4,도매 및 소매업,932.9554866427277
recursive_no_target_actual,세종,2021,4,2021Q4,문화 및 기타서비스업,786.530360289955
recursive_no_target_actual,세종,2021,4,2021Q4,보건 및 사회복지업,1030.6031811587507
recursive_no_target_actual,세종,2021,4,2021Q4,부동산업,2866.56825225387
recursive_no_target_actual,세종,2021,4,2021Q4,사업서비스업,1734.5325072680132
recursive_no_target_actual,세종,2021,4,2021Q4,숙박 및 음식점업,712.2697447358239
recursive_no_target_actual,세종,2021,4,2021Q4,운수 및 창고업,561.5357068935326
recursive_no_target_actual,세종,2021,4,2021Q4,정보통신업,618.0818250990243
recursive_no_target_actual,세종,2022,1,2022Q1,건설업,2410.0144952908236
recursive_no_target_actual,세종,2022,1,2022Q1,"공공 행정, 국방·사회보장",10809.476461489137
recursive_no_target_actual,세종,2022,1,2022Q1,"광업, 제조업",7827.43416324186
recursive_no_target_actual,세종,2022,1,2022Q1,교육 서비스업,2655.349215120659
recursive_no_target_actual,세종,2022,1,2022Q1,금융 및 보험업,1248.9874514980422
recursive_no_target_actual,세종,2022,1,2022Q1,도매 및 소매업,904.8061571306756
recursive_no_target_actual,세종,2022,1,2022Q1,문화 및 기타서비스업,805.4688454648837
recursive_no_target_actual,세종,2022,1,2022Q1,보건 및 사회복지업,1201.4588838745256
recursive_no_target_actual,세종,2022,1,2022Q1,부동산업,2924.6054153610257
recursive_no_target_actual,세종,2022,1,2022Q1,사업서비스업,1668.4770471921604
recursive_no_target_actual,세종,2022,1,2022Q1,숙박 및 음식점업,557.4034436725168
recursive_no_target_actual,세종,2022,1,2022Q1,운수 및 창고업,543.6356825621855
recursive_no_target_actual,세종,2022,1,2022Q1,정보통신업,520.1509315794862
recursive_no_target_actual,세종,2022,2,2022Q2,건설업,3331.1930015754238
recursive_no_target_actual,세종,2022,2,2022Q2,"공공 행정, 국방·사회보장",10426.120044135614
recursive_no_target_actual,세종,2022,2,2022Q2,"광업, 제조업",8360.497976200144
recursive_no_target_actual,세종,2022,2,2022Q2,교육 서비스업,2285.458335368632
recursive_no_target_actual,세종,2022,2,2022Q2,금융 및 보험업,1228.9222376165055
recursive_no_target_actual,세종,2022,2,2022Q2,도매 및 소매업,912.0776148091436
recursive_no_target_actual,세종,2022,2,2022Q2,문화 및 기타서비스업,821.8318133524531
recursive_no_target_actual,세종,2022,2,2022Q2,보건 및 사회복지업,1237.147847479943
recursive_no_target_actual,세종,2022,2,2022Q2,부동산업,2910.518012658344
recursive_no_target_actual,세종,2022,2,2022Q2,사업서비스업,1864.4758659994648
recursive_no_target_actual,세종,2022,2,2022Q2,숙박 및 음식점업,756.5750018999004
recursive_no_target_actual,세종,2022,2,2022Q2,운수 및 창고업,632.2389016479378
recursive_no_target_actual,세종,2022,2,2022Q2,정보통신업,541.1261704224349
recursive_no_target_actual,세종,2022,3,2022Q3,건설업,3143.0210719959
recursive_no_target_actual,세종,2022,3,2022Q3,"공공 행정, 국방·사회보장",9700.379362815454
recursive_no_target_actual,세종,2022,3,2022Q3,"광업, 제조업",8338.410142275474
recursive_no_target_actual,세종,2022,3,2022Q3,교육 서비스업,2466.4438814521636
recursive_no_target_actual,세종,2022,3,2022Q3,금융 및 보험업,1219.5959698406032
recursive_no_target_actual,세종,2022,3,2022Q3,도매 및 소매업,892.7676520774717
recursive_no_target_actual,세종,2022,3,2022Q3,문화 및 기타서비스업,935.642931220922
recursive_no_target_actual,세종,2022,3,2022Q3,보건 및 사회복지업,1202.627285535656
recursive_no_target_actual,세종,2022,3,2022Q3,부동산업,2853.306769006836
recursive_no_target_actual,세종,2022,3,2022Q3,사업서비스업,1810.453864920252
recursive_no_target_actual,세종,2022,3,2022Q3,숙박 및 음식점업,814.9146519180101
recursive_no_target_actual,세종,2022,3,2022Q3,운수 및 창고업,667.2692640276609
recursive_no_target_actual,세종,2022,3,2022Q3,정보통신업,541.6383551184932
recursive_no_target_actual,세종,2022,4,2022Q4,건설업,3700.3978556647917
recursive_no_target_actual,세종,2022,4,2022Q4,"공공 행정, 국방·사회보장",9908.095291925003
recursive_no_target_actual,세종,2022,4,2022Q4,"광업, 제조업",8184.6130487021865
recursive_no_target_actual,세종,2022,4,2022Q4,교육 서비스업,2448.9400426370403
recursive_no_target_actual,세종,2022,4,2022Q4,금융 및 보험업,1215.5869925015147
recursive_no_target_actual,세종,2022,4,2022Q4,도매 및 소매업,994.0393239195886
recursive_no_target_actual,세종,2022,4,2022Q4,문화 및 기타서비스업,885.8489465498053
recursive_no_target_actual,세종,2022,4,2022Q4,보건 및 사회복지업,1271.7758911930289
recursive_no_target_actual,세종,2022,4,2022Q4,부동산업,2826.7236088740738
recursive_no_target_actual,세종,2022,4,2022Q4,사업서비스업,2174.03381452829
recursive_no_target_actual,세종,2022,4,2022Q4,숙박 및 음식점업,842.4039615420811
recursive_no_target_actual,세종,2022,4,2022Q4,운수 및 창고업,704.0251816628007
recursive_no_target_actual,세종,2022,4,2022Q4,정보통신업,585.045002231092
recursive_no_target_actual,세종,2023,1,2023Q1,건설업,2460.9971506565676
recursive_no_target_actual,세종,2023,1,2023Q1,"공공 행정, 국방·사회보장",11075.794818855973
recursive_no_target_actual,세종,2023,1,2023Q1,"광업, 제조업",7817.381123527654
recursive_no_target_actual,세종,2023,1,2023Q1,교육 서비스업,2786.033853632987
recursive_no_target_actual,세종,2023,1,2023Q1,금융 및 보험업,1328.4412578493889
recursive_no_target_actual,세종,2023,1,2023Q1,도매 및 소매업,883.8691992668228
recursive_no_target_actual,세종,2023,1,2023Q1,문화 및 기타서비스업,904.8502549947902
recursive_no_target_actual,세종,2023,1,2023Q1,보건 및 사회복지업,1320.3606588881287
recursive_no_target_actual,세종,2023,1,2023Q1,부동산업,2695.7471851338832
recursive_no_target_actual,세종,2023,1,2023Q1,사업서비스업,1737.9073295300757
recursive_no_target_actual,세종,2023,1,2023Q1,숙박 및 음식점업,604.8293214207351
recursive_no_target_actual,세종,2023,1,2023Q1,운수 및 창고업,610.7540062545804
recursive_no_target_actual,세종,2023,1,2023Q1,정보통신업,567.7747642733481
recursive_no_target_actual,세종,2023,2,2023Q2,건설업,3332.314773532591
recursive_no_target_actual,세종,2023,2,2023Q2,"공공 행정, 국방·사회보장",10652.384224465157
recursive_no_target_actual,세종,2023,2,2023Q2,"광업, 제조업",8637.408308459815
recursive_no_target_actual,세종,2023,2,2023Q2,교육 서비스업,2390.8062161093953
recursive_no_target_actual,세종,2023,2,2023Q2,금융 및 보험업,1315.0382200441793
recursive_no_target_actual,세종,2023,2,2023Q2,도매 및 소매업,820.5724440839771
recursive_no_target_actual,세종,2023,2,2023Q2,문화 및 기타서비스업,859.0531577324301
recursive_no_target_actual,세종,2023,2,2023Q2,보건 및 사회복지업,1336.5727764529217
recursive_no_target_actual,세종,2023,2,2023Q2,부동산업,2698.5536448440175
recursive_no_target_actual,세종,2023,2,2023Q2,사업서비스업,1948.048098278399
recursive_no_target_actual,세종,2023,2,2023Q2,숙박 및 음식점업,689.0081001512744
recursive_no_target_actual,세종,2023,2,2023Q2,운수 및 창고업,777.8159420328653
recursive_no_target_actual,세종,2023,2,2023Q2,정보통신업,559.9214909468872
recursive_no_target_actual,세종,2023,3,2023Q3,건설업,3166.1330070570484
recursive_no_target_actual,세종,2023,3,2023Q3,"공공 행정, 국방·사회보장",9916.794619726852
recursive_no_target_actual,세종,2023,3,2023Q3,"광업, 제조업",8721.20460505592
recursive_no_target_actual,세종,2023,3,2023Q3,교육 서비스업,2565.9211118535345
recursive_no_target_actual,세종,2023,3,2023Q3,금융 및 보험업,1312.7712114920766
recursive_no_target_actual,세종,2023,3,2023Q3,도매 및 소매업,789.0325637652228
recursive_no_target_actual,세종,2023,3,2023Q3,문화 및 기타서비스업,986.311302407122
recursive_no_target_actual,세종,2023,3,2023Q3,보건 및 사회복지업,1313.6166377116238
recursive_no_target_actual,세종,2023,3,2023Q3,부동산업,2664.5989267119703
recursive_no_target_actual,세종,2023,3,2023Q3,사업서비스업,1907.21881851395
recursive_no_target_actual,세종,2023,3,2023Q3,숙박 및 음식점업,726.5868497014721
recursive_no_target_actual,세종,2023,3,2023Q3,운수 및 창고업,802.5025199372884
recursive_no_target_actual,세종,2023,3,2023Q3,정보통신업,578.1835543566536
recursive_no_target_actual,세종,2023,4,2023Q4,건설업,3543.592223406926
recursive_no_target_actual,세종,2023,4,2023Q4,"공공 행정, 국방·사회보장",10054.749153914066
recursive_no_target_actual,세종,2023,4,2023Q4,"광업, 제조업",9033.235735295004
recursive_no_target_actual,세종,2023,4,2023Q4,교육 서비스업,2536.6183025874916
recursive_no_target_actual,세종,2023,4,2023Q4,금융 및 보험업,1234.8109640420384
recursive_no_target_actual,세종,2023,4,2023Q4,도매 및 소매업,861.2421222430258
recursive_no_target_actual,세종,2023,4,2023Q4,문화 및 기타서비스업,877.9271041000909
recursive_no_target_actual,세종,2023,4,2023Q4,보건 및 사회복지업,1395.962926801768
recursive_no_target_actual,세종,2023,4,2023Q4,부동산업,2639.2226497362517
recursive_no_target_actual,세종,2023,4,2023Q4,사업서비스업,2284.468586821142
recursive_no_target_actual,세종,2023,4,2023Q4,숙박 및 음식점업,756.4537883349597
recursive_no_target_actual,세종,2023,4,2023Q4,운수 및 창고업,830.9780584400343
recursive_no_target_actual,세종,2023,4,2023Q4,정보통신업,629.9142883662062
recursive_no_target_actual,세종,2024,1,2024Q1,건설업,2547.6230157299815
recursive_no_target_actual,세종,2024,1,2024Q1,"공공 행정, 국방·사회보장",11270.464346126326
recursive_no_target_actual,세종,2024,1,2024Q1,"광업, 제조업",8378.12891758992
recursive_no_target_actual,세종,2024,1,2024Q1,교육 서비스업,2821.7648681716287
recursive_no_target_actual,세종,2024,1,2024Q1,금융 및 보험업,1339.006813086753
recursive_no_target_actual,세종,2024,1,2024Q1,도매 및 소매업,862.0225266840675
recursive_no_target_actual,세종,2024,1,2024Q1,문화 및 기타서비스업,919.1124860064944
recursive_no_target_actual,세종,2024,1,2024Q1,보건 및 사회복지업,1372.0377315828716
recursive_no_target_actual,세종,2024,1,2024Q1,부동산업,2730.7477063366387
recursive_no_target_actual,세종,2024,1,2024Q1,사업서비스업,1772.6762330152549
recursive_no_target_actual,세종,2024,1,2024Q1,숙박 및 음식점업,609.9142847324467
recursive_no_target_actual,세종,2024,1,2024Q1,운수 및 창고업,719.4584523860188
recursive_no_target_actual,세종,2024,1,2024Q1,정보통신업,581.9686566988198
recursive_no_target_actual,세종,2024,2,2024Q2,건설업,3303.01201586677
recursive_no_target_actual,세종,2024,2,2024Q2,"공공 행정, 국방·사회보장",10960.208974566976
recursive_no_target_actual,세종,2024,2,2024Q2,"광업, 제조업",9024.523543344436
recursive_no_target_actual,세종,2024,2,2024Q2,교육 서비스업,2423.672522570215
recursive_no_target_actual,세종,2024,2,2024Q2,금융 및 보험업,1332.5512375749622
recursive_no_target_actual,세종,2024,2,2024Q2,도매 및 소매업,811.7613958253378
recursive_no_target_actual,세종,2024,2,2024Q2,문화 및 기타서비스업,867.2259193806384
recursive_no_target_actual,세종,2024,2,2024Q2,보건 및 사회복지업,1370.91456826746
recursive_no_target_actual,세종,2024,2,2024Q2,부동산업,2774.479317996581
recursive_no_target_actual,세종,2024,2,2024Q2,사업서비스업,1957.412618672526
recursive_no_target_actual,세종,2024,2,2024Q2,숙박 및 음식점업,687.9547095284372
recursive_no_target_actual,세종,2024,2,2024Q2,운수 및 창고업,832.8558444650738
recursive_no_target_actual,세종,2024,2,2024Q2,정보통신업,558.3272139499838
recursive_no_target_actual,세종,2024,3,2024Q3,건설업,2963.8049275731946
recursive_no_target_actual,세종,2024,3,2024Q3,"공공 행정, 국방·사회보장",10081.777593615147
recursive_no_target_actual,세종,2024,3,2024Q3,"광업, 제조업",9014.338765011049
recursive_no_target_actual,세종,2024,3,2024Q3,교육 서비스업,2586.1557208385275
recursive_no_target_actual,세종,2024,3,2024Q3,금융 및 보험업,1381.39159931968
recursive_no_target_actual,세종,2024,3,2024Q3,도매 및 소매업,779.1522872200901
recursive_no_target_actual,세종,2024,3,2024Q3,문화 및 기타서비스업,979.797566069222
recursive_no_target_actual,세종,2024,3,2024Q3,보건 및 사회복지업,1356.7904114798548
recursive_no_target_actual,세종,2024,3,2024Q3,부동산업,2715.619955678904
recursive_no_target_actual,세종,2024,3,2024Q3,사업서비스업,1906.5359329096013
recursive_no_target_actual,세종,2024,3,2024Q3,숙박 및 음식점업,709.1110936980518
recursive_no_target_actual,세종,2024,3,2024Q3,운수 및 창고업,867.2128205149003
recursive_no_target_actual,세종,2024,3,2024Q3,정보통신업,576.8032957719137
recursive_no_target_actual,세종,2024,4,2024Q4,건설업,3307.9987251581365
recursive_no_target_actual,세종,2024,4,2024Q4,"공공 행정, 국방·사회보장",10256.707591112552
recursive_no_target_actual,세종,2024,4,2024Q4,"광업, 제조업",9238.394987906442
recursive_no_target_actual,세종,2024,4,2024Q4,교육 서비스업,2562.454986912759
recursive_no_target_actual,세종,2024,4,2024Q4,금융 및 보험업,1325.9683481770937
recursive_no_target_actual,세종,2024,4,2024Q4,도매 및 소매업,852.8657975644959
recursive_no_target_actual,세종,2024,4,2024Q4,문화 및 기타서비스업,866.1258274684653
recursive_no_target_actual,세종,2024,4,2024Q4,보건 및 사회복지업,1463.6957937968896
recursive_no_target_actual,세종,2024,4,2024Q4,부동산업,2685.2356048669553
recursive_no_target_actual,세종,2024,4,2024Q4,사업서비스업,2209.894208118091
recursive_no_target_actual,세종,2024,4,2024Q4,숙박 및 음식점업,728.1566301219669
recursive_no_target_actual,세종,2024,4,2024Q4,운수 및 창고업,877.8419241303305
recursive_no_target_actual,세종,2024,4,2024Q4,정보통신업,629.4740739512755
recursive_no_target_actual,세종,2025,1,2025Q1,건설업,2233.9708656949774
recursive_no_target_actual,세종,2025,1,2025Q1,"공공 행정, 국방·사회보장",11477.184756906006
recursive_no_target_actual,세종,2025,1,2025Q1,"광업, 제조업",8421.704711408005
recursive_no_target_actual,세종,2025,1,2025Q1,교육 서비스업,2803.9697819074345
recursive_no_target_actual,세종,2025,1,2025Q1,금융 및 보험업,1410.4284914299096
recursive_no_target_actual,세종,2025,1,2025Q1,도매 및 소매업,855.0945775049049
recursive_no_target_actual,세종,2025,1,2025Q1,문화 및 기타서비스업,901.4349844288314
recursive_no_target_actual,세종,2025,1,2025Q1,보건 및 사회복지업,1435.782769069319
recursive_no_target_actual,세종,2025,1,2025Q1,부동산업,2719.527090230951
recursive_no_target_actual,세종,2025,1,2025Q1,사업서비스업,1740.6932167227344
recursive_no_target_actual,세종,2025,1,2025Q1,숙박 및 음식점업,589.6611649176343
recursive_no_target_actual,세종,2025,1,2025Q1,운수 및 창고업,744.4792675679294
recursive_no_target_actual,세종,2025,1,2025Q1,정보통신업,588.0336234180883
recursive_no_target_actual,세종,2025,2,2025Q2,건설업,2959.0079798401557
recursive_no_target_actual,세종,2025,2,2025Q2,"공공 행정, 국방·사회보장",11121.565663324633
recursive_no_target_actual,세종,2025,2,2025Q2,"광업, 제조업",9245.014645892548
recursive_no_target_actual,세종,2025,2,2025Q2,교육 서비스업,2398.820402653585
recursive_no_target_actual,세종,2025,2,2025Q2,금융 및 보험업,1390.3200417235623
recursive_no_target_actual,세종,2025,2,2025Q2,도매 및 소매업,813.0005925002766
recursive_no_target_actual,세종,2025,2,2025Q2,문화 및 기타서비스업,850.6633582463766
recursive_no_target_actual,세종,2025,2,2025Q2,보건 및 사회복지업,1456.4894521069443
recursive_no_target_actual,세종,2025,2,2025Q2,부동산업,2760.1097894399873
recursive_no_target_actual,세종,2025,2,2025Q2,사업서비스업,1931.5545728682657
recursive_no_target_actual,세종,2025,2,2025Q2,숙박 및 음식점업,675.7118705910518
recursive_no_target_actual,세종,2025,2,2025Q2,운수 및 창고업,857.6105426834426
recursive_no_target_actual,세종,2025,2,2025Q2,정보통신업,575.562541909804
recursive_no_target_actual,세종,2025,3,2025Q3,건설업,2760.6566475578147
recursive_no_target_actual,세종,2025,3,2025Q3,"공공 행정, 국방·사회보장",10239.898870244273
recursive_no_target_actual,세종,2025,3,2025Q3,"광업, 제조업",9344.78397308075
recursive_no_target_actual,세종,2025,3,2025Q3,교육 서비스업,2592.5007710244636
recursive_no_target_actual,세종,2025,3,2025Q3,금융 및 보험업,1428.9097533100232
recursive_no_target_actual,세종,2025,3,2025Q3,도매 및 소매업,811.9243206484338
recursive_no_target_actual,세종,2025,3,2025Q3,문화 및 기타서비스업,996.6347166477689
recursive_no_target_actual,세종,2025,3,2025Q3,보건 및 사회복지업,1423.883078861939
recursive_no_target_actual,세종,2025,3,2025Q3,부동산업,2734.4417004183674
recursive_no_target_actual,세종,2025,3,2025Q3,사업서비스업,1938.8405536559071
recursive_no_target_actual,세종,2025,3,2025Q3,숙박 및 음식점업,721.1743381685927
recursive_no_target_actual,세종,2025,3,2025Q3,운수 및 창고업,884.0786107137073
recursive_no_target_actual,세종,2025,3,2025Q3,정보통신업,589.1795676063248
recursive_no_target_actual,세종,2025,4,2025Q4,건설업,3054.9536912492463
recursive_no_target_actual,세종,2025,4,2025Q4,"공공 행정, 국방·사회보장",10491.09312437452
recursive_no_target_actual,세종,2025,4,2025Q4,"광업, 제조업",9429.493757231938
recursive_no_target_actual,세종,2025,4,2025Q4,교육 서비스업,2564.96048138128
recursive_no_target_actual,세종,2025,4,2025Q4,금융 및 보험업,1406.4554083560333
recursive_no_target_actual,세종,2025,4,2025Q4,도매 및 소매업,885.0207468692048
recursive_no_target_actual,세종,2025,4,2025Q4,문화 및 기타서비스업,851.2908983617936
recursive_no_target_actual,세종,2025,4,2025Q4,보건 및 사회복지업,1567.7122161467364
recursive_no_target_actual,세종,2025,4,2025Q4,부동산업,2732.629146983284
recursive_no_target_actual,세종,2025,4,2025Q4,사업서비스업,2231.126843917685
recursive_no_target_actual,세종,2025,4,2025Q4,숙박 및 음식점업,732.1830779067005
recursive_no_target_actual,세종,2025,4,2025Q4,운수 및 창고업,885.0812585834342
recursive_no_target_actual,세종,2025,4,2025Q4,정보통신업,642.5446439829481
recursive_no_target_actual,울산,2021,1,2021Q1,건설업,4943.1946134631025
recursive_no_target_actual,울산,2021,1,2021Q1,"공공 행정, 국방·사회보장",5338.73590480066
recursive_no_target_actual,울산,2021,1,2021Q1,"광업, 제조업",81469.94139007664
recursive_no_target_actual,울산,2021,1,2021Q1,교육 서비스업,5790.57779545813
recursive_no_target_actual,울산,2021,1,2021Q1,금융 및 보험업,4000.2714673760483
recursive_no_target_actual,울산,2021,1,2021Q1,도매 및 소매업,5028.752537922366
recursive_no_target_actual,울산,2021,1,2021Q1,문화 및 기타서비스업,2787.056364348635
recursive_no_target_actual,울산,2021,1,2021Q1,보건 및 사회복지업,5179.26139285998
recursive_no_target_actual,울산,2021,1,2021Q1,부동산업,6411.113415162205
recursive_no_target_actual,울산,2021,1,2021Q1,사업서비스업,5697.074557660992
recursive_no_target_actual,울산,2021,1,2021Q1,숙박 및 음식점업,1801.7920204612979
recursive_no_target_actual,울산,2021,1,2021Q1,운수 및 창고업,4404.954338214091
recursive_no_target_actual,울산,2021,1,2021Q1,정보통신업,1701.3460732520566
recursive_no_target_actual,울산,2021,2,2021Q2,건설업,6893.003714198097
recursive_no_target_actual,울산,2021,2,2021Q2,"공공 행정, 국방·사회보장",5179.1157178829835
recursive_no_target_actual,울산,2021,2,2021Q2,"광업, 제조업",87477.24983496351
recursive_no_target_actual,울산,2021,2,2021Q2,교육 서비스업,5013.070595434587
recursive_no_target_actual,울산,2021,2,2021Q2,금융 및 보험업,3991.7161651999722
recursive_no_target_actual,울산,2021,2,2021Q2,도매 및 소매업,5099.4296857354975
recursive_no_target_actual,울산,2021,2,2021Q2,문화 및 기타서비스업,2790.0932199235513
recursive_no_target_actual,울산,2021,2,2021Q2,보건 및 사회복지업,5415.124257023237
recursive_no_target_actual,울산,2021,2,2021Q2,부동산업,6476.0456117927315
recursive_no_target_actual,울산,2021,2,2021Q2,사업서비스업,6349.548764447854
recursive_no_target_actual,울산,2021,2,2021Q2,숙박 및 음식점업,2295.7580658207544
recursive_no_target_actual,울산,2021,2,2021Q2,운수 및 창고업,4960.930069654223
recursive_no_target_actual,울산,2021,2,2021Q2,정보통신업,1752.8988910913085
recursive_no_target_actual,울산,2021,3,2021Q3,건설업,6308.972997887133
recursive_no_target_actual,울산,2021,3,2021Q3,"공공 행정, 국방·사회보장",4807.588107753027
recursive_no_target_actual,울산,2021,3,2021Q3,"광업, 제조업",86927.1357993732
recursive_no_target_actual,울산,2021,3,2021Q3,교육 서비스업,5457.588144920444
recursive_no_target_actual,울산,2021,3,2021Q3,금융 및 보험업,4107.550717909436
recursive_no_target_actual,울산,2021,3,2021Q3,도매 및 소매업,4937.430555917036
recursive_no_target_actual,울산,2021,3,2021Q3,문화 및 기타서비스업,3029.444716388305
recursive_no_target_actual,울산,2021,3,2021Q3,보건 및 사회복지업,5430.522037370428
recursive_no_target_actual,울산,2021,3,2021Q3,부동산업,6260.877857960526
recursive_no_target_actual,울산,2021,3,2021Q3,사업서비스업,6323.566527476107
recursive_no_target_actual,울산,2021,3,2021Q3,숙박 및 음식점업,2393.471429585018
recursive_no_target_actual,울산,2021,3,2021Q3,운수 및 창고업,5023.317553518089
recursive_no_target_actual,울산,2021,3,2021Q3,정보통신업,1776.44634912915
recursive_no_target_actual,울산,2021,4,2021Q4,건설업,7416.580567657134
recursive_no_target_actual,울산,2021,4,2021Q4,"공공 행정, 국방·사회보장",4902.808945645311
recursive_no_target_actual,울산,2021,4,2021Q4,"광업, 제조업",90652.34156834077
recursive_no_target_actual,울산,2021,4,2021Q4,교육 서비스업,5402.1406004830715
recursive_no_target_actual,울산,2021,4,2021Q4,금융 및 보험업,4036.0202220814585
recursive_no_target_actual,울산,2021,4,2021Q4,도매 및 소매업,5538.212870912936
recursive_no_target_actual,울산,2021,4,2021Q4,문화 및 기타서비스업,2982.7509221419473
recursive_no_target_actual,울산,2021,4,2021Q4,보건 및 사회복지업,5739.03264250242
recursive_no_target_actual,울산,2021,4,2021Q4,부동산업,6142.463862270173
recursive_no_target_actual,울산,2021,4,2021Q4,사업서비스업,7455.885550354135
recursive_no_target_actual,울산,2021,4,2021Q4,숙박 및 음식점업,2742.4109413423284
recursive_no_target_actual,울산,2021,4,2021Q4,운수 및 창고업,5263.433725313236
recursive_no_target_actual,울산,2021,4,2021Q4,정보통신업,1981.3465408503432
recursive_no_target_actual,울산,2022,1,2022Q1,건설업,4545.651980190977
recursive_no_target_actual,울산,2022,1,2022Q1,"공공 행정, 국방·사회보장",5620.611628635878
recursive_no_target_actual,울산,2022,1,2022Q1,"광업, 제조업",89764.37166593771
recursive_no_target_actual,울산,2022,1,2022Q1,교육 서비스업,6020.101615995068
recursive_no_target_actual,울산,2022,1,2022Q1,금융 및 보험업,4092.0394387245874
recursive_no_target_actual,울산,2022,1,2022Q1,도매 및 소매업,5024.197659457094
recursive_no_target_actual,울산,2022,1,2022Q1,문화 및 기타서비스업,2720.8857367532764
recursive_no_target_actual,울산,2022,1,2022Q1,보건 및 사회복지업,5536.864950182643
recursive_no_target_actual,울산,2022,1,2022Q1,부동산업,6078.817963307097
recursive_no_target_actual,울산,2022,1,2022Q1,사업서비스업,5810.284116051168
recursive_no_target_actual,울산,2022,1,2022Q1,숙박 및 음식점업,1950.869352380102
recursive_no_target_actual,울산,2022,1,2022Q1,운수 및 창고업,4617.861638167739
recursive_no_target_actual,울산,2022,1,2022Q1,정보통신업,1744.8760470817856
recursive_no_target_actual,울산,2022,2,2022Q2,건설업,6283.134019981222
recursive_no_target_actual,울산,2022,2,2022Q2,"공공 행정, 국방·사회보장",5421.27750316126
recursive_no_target_actual,울산,2022,2,2022Q2,"광업, 제조업",95877.50366170162
recursive_no_target_actual,울산,2022,2,2022Q2,교육 서비스업,5181.4997965971515
recursive_no_target_actual,울산,2022,2,2022Q2,금융 및 보험업,4026.300070045413
recursive_no_target_actual,울산,2022,2,2022Q2,도매 및 소매업,5064.574529531514
recursive_no_target_actual,울산,2022,2,2022Q2,문화 및 기타서비스업,2776.160085583669
recursive_no_target_actual,울산,2022,2,2022Q2,보건 및 사회복지업,5701.335806694963
recursive_no_target_actual,울산,2022,2,2022Q2,부동산업,6049.537173442036
recursive_no_target_actual,울산,2022,2,2022Q2,사업서비스업,6492.828011753747
recursive_no_target_actual,울산,2022,2,2022Q2,숙박 및 음식점업,2647.9545484304435
recursive_no_target_actual,울산,2022,2,2022Q2,운수 및 창고업,5370.493261805625
recursive_no_target_actual,울산,2022,2,2022Q2,정보통신업,1815.2386853409232
recursive_no_target_actual,울산,2022,3,2022Q3,건설업,5928.213289844161
recursive_no_target_actual,울산,2022,3,2022Q3,"공공 행정, 국방·사회보장",5043.913573711501
recursive_no_target_actual,울산,2022,3,2022Q3,"광업, 제조업",95624.20219759982
recursive_no_target_actual,울산,2022,3,2022Q3,교육 서비스업,5591.822993352162
recursive_no_target_actual,울산,2022,3,2022Q3,금융 및 보험업,3995.744554448099
recursive_no_target_actual,울산,2022,3,2022Q3,도매 및 소매업,4957.350381247277
recursive_no_target_actual,울산,2022,3,2022Q3,문화 및 기타서비스업,3160.615734037131
recursive_no_target_actual,울산,2022,3,2022Q3,보건 및 사회복지업,5542.249472526334
recursive_no_target_actual,울산,2022,3,2022Q3,부동산업,5930.623102577883
recursive_no_target_actual,울산,2022,3,2022Q3,사업서비스업,6304.702454188495
recursive_no_target_actual,울산,2022,3,2022Q3,숙박 및 음식점업,2852.138854323929
recursive_no_target_actual,울산,2022,3,2022Q3,운수 및 창고업,5668.05534574027
recursive_no_target_actual,울산,2022,3,2022Q3,정보통신업,1816.9568381953654
recursive_no_target_actual,울산,2022,4,2022Q4,건설업,6979.510236542083
recursive_no_target_actual,울산,2022,4,2022Q4,"공공 행정, 국방·사회보장",5151.91978203856
recursive_no_target_actual,울산,2022,4,2022Q4,"광업, 제조업",93860.46976871717
recursive_no_target_actual,울산,2022,4,2022Q4,교육 서비스업,5552.138989554473
recursive_no_target_actual,울산,2022,4,2022Q4,금융 및 보험업,3982.6100002451503
recursive_no_target_actual,울산,2022,4,2022Q4,도매 및 소매업,5519.6906047621205
recursive_no_target_actual,울산,2022,4,2022Q4,문화 및 기타서비스업,2992.410913415475
recursive_no_target_actual,울산,2022,4,2022Q4,보건 및 사회복지업,5860.917465378175
recursive_no_target_actual,울산,2022,4,2022Q4,부동산업,5875.369771483113
recursive_no_target_actual,울산,2022,4,2022Q4,사업서비스업,7570.828835535693
recursive_no_target_actual,울산,2022,4,2022Q4,숙박 및 음식점업,2948.349332160867
recursive_no_target_actual,울산,2022,4,2022Q4,운수 및 창고업,5980.2749947945795
recursive_no_target_actual,울산,2022,4,2022Q4,정보통신업,1962.5669183329055
recursive_no_target_actual,울산,2023,1,2023Q1,건설업,5154.840278912019
recursive_no_target_actual,울산,2023,1,2023Q1,"공공 행정, 국방·사회보장",5882.528214130713
recursive_no_target_actual,울산,2023,1,2023Q1,"광업, 제조업",89590.67315196956
recursive_no_target_actual,울산,2023,1,2023Q1,교육 서비스업,6066.222072271819
recursive_no_target_actual,울산,2023,1,2023Q1,금융 및 보험업,4231.696349269951
recursive_no_target_actual,울산,2023,1,2023Q1,도매 및 소매업,5223.4637090451715
recursive_no_target_actual,울산,2023,1,2023Q1,문화 및 기타서비스업,2898.18147734821
recursive_no_target_actual,울산,2023,1,2023Q1,보건 및 사회복지업,5736.052716672386
recursive_no_target_actual,울산,2023,1,2023Q1,부동산업,6137.857394342778
recursive_no_target_actual,울산,2023,1,2023Q1,사업서비스업,6035.008264420845
recursive_no_target_actual,울산,2023,1,2023Q1,숙박 및 음식점업,2147.2597299999084
recursive_no_target_actual,울산,2023,1,2023Q1,운수 및 창고업,4602.806229622719
recursive_no_target_actual,울산,2023,1,2023Q1,정보통신업,1887.0722600289089
recursive_no_target_actual,울산,2023,2,2023Q2,건설업,6979.914792683362
recursive_no_target_actual,울산,2023,2,2023Q2,"공공 행정, 국방·사회보장",5657.648211530313
recursive_no_target_actual,울산,2023,2,2023Q2,"광업, 제조업",98988.55031058434
recursive_no_target_actual,울산,2023,2,2023Q2,교육 서비스업,5205.665903799183
recursive_no_target_actual,울산,2023,2,2023Q2,금융 및 보험업,4189.0015098750555
recursive_no_target_actual,울산,2023,2,2023Q2,도매 및 소매업,4849.394441927175
recursive_no_target_actual,울산,2023,2,2023Q2,문화 및 기타서비스업,2751.4961023157957
recursive_no_target_actual,울산,2023,2,2023Q2,보건 및 사회복지업,5806.483140643707
recursive_no_target_actual,울산,2023,2,2023Q2,부동산업,6144.247329414868
recursive_no_target_actual,울산,2023,2,2023Q2,사업서비스업,6764.7372059696445
recursive_no_target_actual,울산,2023,2,2023Q2,숙박 및 음식점업,2446.110488862049
recursive_no_target_actual,울산,2023,2,2023Q2,운수 및 창고업,5861.829847738124
recursive_no_target_actual,울산,2023,2,2023Q2,정보통신업,1860.970898754503
recursive_no_target_actual,울산,2023,3,2023Q3,건설업,6631.828057507609
recursive_no_target_actual,울산,2023,3,2023Q3,"공공 행정, 국방·사회보장",5266.965043896364
recursive_no_target_actual,울산,2023,3,2023Q3,"광업, 제조업",99948.89323119397
recursive_no_target_actual,울산,2023,3,2023Q3,교육 서비스업,5586.955544038642
recursive_no_target_actual,울산,2023,3,2023Q3,금융 및 보험업,4181.780045051517
recursive_no_target_actual,울산,2023,3,2023Q3,도매 및 소매업,4663.001002299116
recursive_no_target_actual,울산,2023,3,2023Q3,문화 및 기타서비스업,3159.0963607033163
recursive_no_target_actual,울산,2023,3,2023Q3,보건 및 사회복지업,5706.754614876954
recursive_no_target_actual,울산,2023,3,2023Q3,부동산업,6066.936957392997
recursive_no_target_actual,울산,2023,3,2023Q3,사업서비스업,6622.954593846461
recursive_no_target_actual,울산,2023,3,2023Q3,숙박 및 음식점업,2579.522234548169
recursive_no_target_actual,울산,2023,3,2023Q3,운수 및 창고업,6047.874529234952
recursive_no_target_actual,울산,2023,3,2023Q3,정보통신업,1921.6672090520635
recursive_no_target_actual,울산,2023,4,2023Q4,건설업,7422.459599509928
recursive_no_target_actual,울산,2023,4,2023Q4,"공공 행정, 국방·사회보장",5340.234859101136
recursive_no_target_actual,울산,2023,4,2023Q4,"광업, 제조업",103524.9091066838
recursive_no_target_actual,울산,2023,4,2023Q4,교육 서비스업,5523.152533132135
recursive_no_target_actual,울산,2023,4,2023Q4,금융 및 보험업,3933.4408034228804
recursive_no_target_actual,울산,2023,4,2023Q4,도매 및 소매업,5089.742887261118
recursive_no_target_actual,울산,2023,4,2023Q4,문화 및 기타서비스업,2811.948228471778
recursive_no_target_actual,울산,2023,4,2023Q4,보건 및 사회복지업,6064.492216390446
recursive_no_target_actual,울산,2023,4,2023Q4,부동산업,6009.1585536408775
recursive_no_target_actual,울산,2023,4,2023Q4,사업서비스업,7932.981561797834
recursive_no_target_actual,울산,2023,4,2023Q4,숙박 및 음식점업,2685.555577037949
recursive_no_target_actual,울산,2023,4,2023Q4,운수 및 창고업,6262.473835453285
recursive_no_target_actual,울산,2023,4,2023Q4,정보통신업,2093.600939261606
recursive_no_target_actual,울산,2024,1,2024Q1,건설업,5336.288070656475
recursive_no_target_actual,울산,2024,1,2024Q1,"공공 행정, 국방·사회보장",5985.920251029932
recursive_no_target_actual,울산,2024,1,2024Q1,"광업, 제조업",96017.09288828274
recursive_no_target_actual,울산,2024,1,2024Q1,교육 서비스업,6144.021654203076
recursive_no_target_actual,울산,2024,1,2024Q1,금융 및 보험업,4265.352501743222
recursive_no_target_actual,울산,2024,1,2024Q1,도매 및 소매업,5094.354898042284
recursive_no_target_actual,울산,2024,1,2024Q1,문화 및 기타서비스업,2943.862553875088
recursive_no_target_actual,울산,2024,1,2024Q1,보건 및 사회복지업,5960.553811297527
recursive_no_target_actual,울산,2024,1,2024Q1,부동산업,6217.548920705075
recursive_no_target_actual,울산,2024,1,2024Q1,사업서비스업,6155.745783799766
recursive_no_target_actual,울산,2024,1,2024Q1,숙박 및 음식점업,2165.3123219643944
recursive_no_target_actual,울산,2024,1,2024Q1,운수 및 창고업,5422.032131896888
recursive_no_target_actual,울산,2024,1,2024Q1,정보통신업,1934.2474822179793
recursive_no_target_actual,울산,2024,2,2024Q2,건설업,6918.536812030816
recursive_no_target_actual,울산,2024,2,2024Q2,"공공 행정, 국방·사회보장",5821.138760705069
recursive_no_target_actual,울산,2024,2,2024Q2,"광업, 제조업",103425.06350249142
recursive_no_target_actual,울산,2024,2,2024Q2,교육 서비스업,5277.227960888579
recursive_no_target_actual,울산,2024,2,2024Q2,금융 및 보험업,4244.788524853566
recursive_no_target_actual,울산,2024,2,2024Q2,도매 및 소매업,4797.323172947754
recursive_no_target_actual,울산,2024,2,2024Q2,문화 및 기타서비스업,2777.6729711367648
recursive_no_target_actual,울산,2024,2,2024Q2,보건 및 사회복지업,5955.674444479631
recursive_no_target_actual,울산,2024,2,2024Q2,부동산업,6317.119977469499
recursive_no_target_actual,울산,2024,2,2024Q2,사업서비스업,6797.256176924313
recursive_no_target_actual,울산,2024,2,2024Q2,숙박 및 음식점업,2442.3707507503696
recursive_no_target_actual,울산,2024,2,2024Q2,운수 및 창고업,6276.625335280447
recursive_no_target_actual,울산,2024,2,2024Q2,정보통신업,1855.672114650372
recursive_no_target_actual,울산,2024,3,2024Q3,건설업,6208.0287315311325
recursive_no_target_actual,울산,2024,3,2024Q3,"공공 행정, 국방·사회보장",5354.590087030679
recursive_no_target_actual,울산,2024,3,2024Q3,"광업, 제조업",103308.34140178106
recursive_no_target_actual,울산,2024,3,2024Q3,교육 서비스업,5631.013742214695
recursive_no_target_actual,울산,2024,3,2024Q3,금융 및 보험업,4400.367538431279
recursive_no_target_actual,울산,2024,3,2024Q3,도매 및 소매업,4604.610840031168
recursive_no_target_actual,울산,2024,3,2024Q3,문화 및 기타서비스업,3138.2332511461
recursive_no_target_actual,울산,2024,3,2024Q3,보건 및 사회복지업,5894.3147641779815
recursive_no_target_actual,울산,2024,3,2024Q3,부동산업,6183.105046759329
recursive_no_target_actual,울산,2024,3,2024Q3,사업서비스업,6620.583224443806
recursive_no_target_actual,울산,2024,3,2024Q3,숙박 및 음식점업,2517.4799594988986
recursive_no_target_actual,울산,2024,3,2024Q3,운수 및 창고업,6535.548734511042
recursive_no_target_actual,울산,2024,3,2024Q3,정보통신업,1917.0797425938404
recursive_no_target_actual,울산,2024,4,2024Q4,건설업,6928.982045544192
recursive_no_target_actual,울산,2024,4,2024Q4,"공공 행정, 국방·사회보장",5447.498150298918
recursive_no_target_actual,울산,2024,4,2024Q4,"광업, 제조업",105876.1256144085
recursive_no_target_actual,울산,2024,4,2024Q4,교육 서비스업,5579.408513124583
recursive_no_target_actual,울산,2024,4,2024Q4,금융 및 보험업,4223.8189946857765
recursive_no_target_actual,울산,2024,4,2024Q4,도매 및 소매업,5040.240734669112
recursive_no_target_actual,울산,2024,4,2024Q4,문화 및 기타서비스업,2774.1494422593164
recursive_no_target_actual,울산,2024,4,2024Q4,보건 및 사회복지업,6358.744618656465
recursive_no_target_actual,울산,2024,4,2024Q4,부동산업,6113.923925721022
recursive_no_target_actual,울산,2024,4,2024Q4,사업서비스업,7674.016665258352
recursive_no_target_actual,울산,2024,4,2024Q4,숙박 및 음식점업,2585.095255171496
recursive_no_target_actual,울산,2024,4,2024Q4,운수 및 창고업,6615.652514159464
recursive_no_target_actual,울산,2024,4,2024Q4,정보통신업,2092.137830185345
recursive_no_target_actual,울산,2025,1,2025Q1,건설업,4679.307733992354
recursive_no_target_actual,울산,2025,1,2025Q1,"공공 행정, 국방·사회보장",6095.712701028908
recursive_no_target_actual,울산,2025,1,2025Q1,"광업, 제조업",96516.49091424621
recursive_no_target_actual,울산,2025,1,2025Q1,교육 서비스업,6105.2751957086575
recursive_no_target_actual,울산,2025,1,2025Q1,금융 및 보험업,4492.863393713527
recursive_no_target_actual,울산,2025,1,2025Q1,도매 및 소매업,5053.412311576454
recursive_no_target_actual,울산,2025,1,2025Q1,문화 및 기타서비스업,2887.2425691258195
recursive_no_target_actual,울산,2025,1,2025Q1,보건 및 사회복지업,6237.48185590954
recursive_no_target_actual,울산,2025,1,2025Q1,부동산업,6192.001071888549
recursive_no_target_actual,울산,2025,1,2025Q1,사업서비스업,6044.68245817431
recursive_no_target_actual,울산,2025,1,2025Q1,숙박 및 음식점업,2093.4098743729714
recursive_no_target_actual,울산,2025,1,2025Q1,운수 및 창고업,5610.595715287501
recursive_no_target_actual,울산,2025,1,2025Q1,정보통신업,1954.4051770894262
recursive_no_target_actual,울산,2025,2,2025Q2,건설업,6197.980975326494
recursive_no_target_actual,울산,2025,2,2025Q2,"공공 행정, 국방·사회보장",5906.837826973405
recursive_no_target_actual,울산,2025,2,2025Q2,"광업, 제조업",105951.98984638591
recursive_no_target_actual,울산,2025,2,2025Q2,교육 서비스업,5223.1157403265715
recursive_no_target_actual,울산,2025,2,2025Q2,금융 및 보험업,4428.808733630487
recursive_no_target_actual,울산,2025,2,2025Q2,도매 및 소매업,4804.646540325282
recursive_no_target_actual,울산,2025,2,2025Q2,문화 및 기타서비스업,2724.624074226147
recursive_no_target_actual,울산,2025,2,2025Q2,보건 및 사회복지업,6327.438054385844
recursive_no_target_actual,울산,2025,2,2025Q2,부동산업,6284.402474288678
recursive_no_target_actual,울산,2025,2,2025Q2,사업서비스업,6707.462252082141
recursive_no_target_actual,울산,2025,2,2025Q2,숙박 및 음식점업,2398.906331781112
recursive_no_target_actual,울산,2025,2,2025Q2,운수 및 창고업,6463.183389759167
recursive_no_target_actual,울산,2025,2,2025Q2,정보통신업,1912.955937976163
recursive_no_target_actual,울산,2025,3,2025Q3,건설업,5782.51140164085
recursive_no_target_actual,울산,2025,3,2025Q3,"공공 행정, 국방·사회보장",5438.570775210425
recursive_no_target_actual,울산,2025,3,2025Q3,"광업, 제조업",107095.3908193548
recursive_no_target_actual,울산,2025,3,2025Q3,교육 서비스업,5644.829253981505
recursive_no_target_actual,울산,2025,3,2025Q3,금융 및 보험업,4551.734712235046
recursive_no_target_actual,울산,2025,3,2025Q3,도매 및 소매업,4798.28602118531
recursive_no_target_actual,울산,2025,3,2025Q3,문화 및 기타서비스업,3192.161641693272
recursive_no_target_actual,울산,2025,3,2025Q3,보건 및 사회복지업,6185.785942461861
recursive_no_target_actual,울산,2025,3,2025Q3,부동산업,6225.959653363623
recursive_no_target_actual,울산,2025,3,2025Q3,사업서비스업,6732.763344678209
recursive_no_target_actual,울산,2025,3,2025Q3,숙박 및 음식점업,2560.3067837737053
recursive_no_target_actual,울산,2025,3,2025Q3,운수 및 창고업,6662.653859323306
recursive_no_target_actual,울산,2025,3,2025Q3,정보통신업,1958.2138695943322
recursive_no_target_actual,울산,2025,4,2025Q4,건설업,6398.95025220213
recursive_no_target_actual,울산,2025,4,2025Q4,"공공 행정, 국방·사회보장",5571.983980430972
recursive_no_target_actual,울산,2025,4,2025Q4,"광업, 제조업",108066.20271463542
recursive_no_target_actual,울산,2025,4,2025Q4,교육 서비스업,5584.863897604953
recursive_no_target_actual,울산,2025,4,2025Q4,금융 및 보험업,4480.207296923604
recursive_no_target_actual,울산,2025,4,2025Q4,도매 및 소매업,5230.269090560072
recursive_no_target_actual,울산,2025,4,2025Q4,문화 및 기타서비스업,2726.634047841952
recursive_no_target_actual,울산,2025,4,2025Q4,보건 및 사회복지업,6810.623942674505
recursive_no_target_actual,울산,2025,4,2025Q4,부동산업,6221.832710538451
recursive_no_target_actual,울산,2025,4,2025Q4,사업서비스업,7747.748521007322
recursive_no_target_actual,울산,2025,4,2025Q4,숙박 및 음식점업,2599.3899146347585
recursive_no_target_actual,울산,2025,4,2025Q4,운수 및 창고업,6670.210082964307
recursive_no_target_actual,울산,2025,4,2025Q4,정보통신업,2135.579546305119
recursive_no_target_actual,인천,2021,1,2021Q1,건설업,12429.628333609726
recursive_no_target_actual,인천,2021,1,2021Q1,"공공 행정, 국방·사회보장",15930.242660253029
recursive_no_target_actual,인천,2021,1,2021Q1,"광업, 제조업",60128.293337739015
recursive_no_target_actual,인천,2021,1,2021Q1,교육 서비스업,12467.130116973156
recursive_no_target_actual,인천,2021,1,2021Q1,금융 및 보험업,9632.270151809722
recursive_no_target_actual,인천,2021,1,2021Q1,도매 및 소매업,17904.628440887634
recursive_no_target_actual,인천,2021,1,2021Q1,문화 및 기타서비스업,8071.046992397465
recursive_no_target_actual,인천,2021,1,2021Q1,보건 및 사회복지업,13209.861684644293
recursive_no_target_actual,인천,2021,1,2021Q1,부동산업,21445.109535691285
recursive_no_target_actual,인천,2021,1,2021Q1,사업서비스업,10955.227427679707
recursive_no_target_actual,인천,2021,1,2021Q1,숙박 및 음식점업,4236.132864340288
recursive_no_target_actual,인천,2021,1,2021Q1,운수 및 창고업,19209.503114552954
recursive_no_target_actual,인천,2021,1,2021Q1,정보통신업,4367.133936430523
recursive_no_target_actual,인천,2021,2,2021Q2,건설업,17332.40970046491
recursive_no_target_actual,인천,2021,2,2021Q2,"공공 행정, 국방·사회보장",15453.952325534086
recursive_no_target_actual,인천,2021,2,2021Q2,"광업, 제조업",64561.94332178616
recursive_no_target_actual,인천,2021,2,2021Q2,교육 서비스업,10793.154950422424
recursive_no_target_actual,인천,2021,2,2021Q2,금융 및 보험업,9611.669804442701
recursive_no_target_actual,인천,2021,2,2021Q2,도매 및 소매업,18156.27098271345
recursive_no_target_actual,인천,2021,2,2021Q2,문화 및 기타서비스업,8079.841433861875
recursive_no_target_actual,인천,2021,2,2021Q2,보건 및 사회복지업,13811.437001239809
recursive_no_target_actual,인천,2021,2,2021Q2,부동산업,21662.30707673642
recursive_no_target_actual,인천,2021,2,2021Q2,사업서비스업,12209.907045034004
recursive_no_target_actual,인천,2021,2,2021Q2,숙박 및 음식점업,5397.479887111358
recursive_no_target_actual,인천,2021,2,2021Q2,운수 및 창고업,21634.04982371251
recursive_no_target_actual,인천,2021,2,2021Q2,정보통신업,4499.463310121128
recursive_no_target_actual,인천,2021,3,2021Q3,건설업,15863.868543014614
recursive_no_target_actual,인천,2021,3,2021Q3,"공공 행정, 국방·사회보장",14345.351883427169
recursive_no_target_actual,인천,2021,3,2021Q3,"광업, 제조업",64155.93568833509
recursive_no_target_actual,인천,2021,3,2021Q3,교육 서비스업,11750.202472185283
recursive_no_target_actual,인천,2021,3,2021Q3,금융 및 보험업,9890.588301277483
recursive_no_target_actual,인천,2021,3,2021Q3,도매 및 소매업,17579.480972611855
recursive_no_target_actual,인천,2021,3,2021Q3,문화 및 기타서비스업,8772.980331366438
recursive_no_target_actual,인천,2021,3,2021Q3,보건 및 사회복지업,13850.709502318308
recursive_no_target_actual,인천,2021,3,2021Q3,부동산업,20942.57311624095
recursive_no_target_actual,인천,2021,3,2021Q3,사업서비스업,12159.944329569344
recursive_no_target_actual,인천,2021,3,2021Q3,숙박 및 음식점업,5627.210503534589
recursive_no_target_actual,인천,2021,3,2021Q3,운수 및 창고업,21906.11452031909
recursive_no_target_actual,인천,2021,3,2021Q3,정보통신업,4559.9065701553245
recursive_no_target_actual,인천,2021,4,2021Q4,건설업,18648.940041967562
recursive_no_target_actual,인천,2021,4,2021Q4,"공공 행정, 국방·사회보장",14629.481138176914
recursive_no_target_actual,인천,2021,4,2021Q4,"광업, 제조업",66905.29651268451
recursive_no_target_actual,인천,2021,4,2021Q4,교육 서비스업,11630.823754622836
recursive_no_target_actual,인천,2021,4,2021Q4,금융 및 보험업,9718.349725589038
recursive_no_target_actual,인천,2021,4,2021Q4,도매 및 소매업,19718.53713867686
recursive_no_target_actual,인천,2021,4,2021Q4,문화 및 기타서비스업,8637.759597248356
recursive_no_target_actual,인천,2021,4,2021Q4,보건 및 사회복지업,14637.575063430506
recursive_no_target_actual,인천,2021,4,2021Q4,부동산업,20546.47949822246
recursive_no_target_actual,인천,2021,4,2021Q4,사업서비스업,14337.344728803337
recursive_no_target_actual,인천,2021,4,2021Q4,숙박 및 음식점업,6447.590501134733
recursive_no_target_actual,인천,2021,4,2021Q4,운수 및 창고업,22953.233740134536
recursive_no_target_actual,인천,2021,4,2021Q4,정보통신업,5085.858694132263
recursive_no_target_actual,인천,2022,1,2022Q1,건설업,14355.192904474321
recursive_no_target_actual,인천,2022,1,2022Q1,"공공 행정, 국방·사회보장",16498.8118208338
recursive_no_target_actual,인천,2022,1,2022Q1,"광업, 제조업",61802.41949184678
recursive_no_target_actual,인천,2022,1,2022Q1,교육 서비스업,13161.230687455763
recursive_no_target_actual,인천,2022,1,2022Q1,금융 및 보험업,9718.265247231386
recursive_no_target_actual,인천,2022,1,2022Q1,도매 및 소매업,19011.846811012325
recursive_no_target_actual,인천,2022,1,2022Q1,문화 및 기타서비스업,7434.254576887437
recursive_no_target_actual,인천,2022,1,2022Q1,보건 및 사회복지업,14508.321778202544
recursive_no_target_actual,인천,2022,1,2022Q1,부동산업,21961.748950873633
recursive_no_target_actual,인천,2022,1,2022Q1,사업서비스업,11912.424303591486
recursive_no_target_actual,인천,2022,1,2022Q1,숙박 및 음식점업,4486.511017055031
recursive_no_target_actual,인천,2022,1,2022Q1,운수 및 창고업,17904.01921085598
recursive_no_target_actual,인천,2022,1,2022Q1,정보통신업,4543.2829989561415
recursive_no_target_actual,인천,2022,2,2022Q2,건설업,19842.17034092132
recursive_no_target_actual,인천,2022,2,2022Q2,"공공 행정, 국방·사회보장",15913.684001483933
recursive_no_target_actual,인천,2022,2,2022Q2,"광업, 제조업",66011.28700798396
recursive_no_target_actual,인천,2022,2,2022Q2,교육 서비스업,11327.867614199437
recursive_no_target_actual,인천,2022,2,2022Q2,금융 및 보험업,9562.139522742063
recursive_no_target_actual,인천,2022,2,2022Q2,도매 및 소매업,19164.63516063429
recursive_no_target_actual,인천,2022,2,2022Q2,문화 및 기타서비스업,7585.280242988049
recursive_no_target_actual,인천,2022,2,2022Q2,보건 및 사회복지업,14939.286977983806
recursive_no_target_actual,인천,2022,2,2022Q2,부동산업,21855.96237197271
recursive_no_target_actual,인천,2022,2,2022Q2,사업서비스업,13311.796921012008
recursive_no_target_actual,인천,2022,2,2022Q2,숙박 및 음식점업,6089.632419362278
recursive_no_target_actual,인천,2022,2,2022Q2,운수 및 창고업,20822.06485712117
recursive_no_target_actual,인천,2022,2,2022Q2,정보통신업,4726.49221814342
recursive_no_target_actual,인천,2022,3,2022Q3,건설업,18721.328805071862
recursive_no_target_actual,인천,2022,3,2022Q3,"공공 행정, 국방·사회보장",14805.965327551463
recursive_no_target_actual,인천,2022,3,2022Q3,"광업, 제조업",65836.88993872606
recursive_no_target_actual,인천,2022,3,2022Q3,교육 서비스업,12224.921948724048
recursive_no_target_actual,인천,2022,3,2022Q3,금융 및 보험업,9489.572625529272
recursive_no_target_actual,인천,2022,3,2022Q3,도매 및 소매업,18758.892946694115
recursive_no_target_actual,인천,2022,3,2022Q3,문화 및 기타서비스업,8635.725370292763
recursive_no_target_actual,인천,2022,3,2022Q3,보건 및 사회복지업,14522.430914597791
recursive_no_target_actual,인천,2022,3,2022Q3,부동산업,21426.345794077333
recursive_no_target_actual,인천,2022,3,2022Q3,사업서비스업,12926.09608103483
recursive_no_target_actual,인천,2022,3,2022Q3,숙박 및 음식점업,6559.205195613659
recursive_no_target_actual,인천,2022,3,2022Q3,운수 및 창고업,21975.749762522988
recursive_no_target_actual,인천,2022,3,2022Q3,정보통신업,4730.9659196801285
recursive_no_target_actual,인천,2022,4,2022Q4,건설업,22041.330102025415
recursive_no_target_actual,인천,2022,4,2022Q4,"공공 행정, 국방·사회보장",15123.00806674218
recursive_no_target_actual,인천,2022,4,2022Q4,"광업, 제조업",64622.56704626668
recursive_no_target_actual,인천,2022,4,2022Q4,교육 서비스업,12138.164222376778
recursive_no_target_actual,인천,2022,4,2022Q4,금융 및 보험업,9458.379113453013
recursive_no_target_actual,인천,2022,4,2022Q4,도매 및 소매업,20886.820012821903
recursive_no_target_actual,인천,2022,4,2022Q4,문화 및 기타서비스업,8176.140669373563
recursive_no_target_actual,인천,2022,4,2022Q4,보건 및 사회복지업,15357.440946864506
recursive_no_target_actual,인천,2022,4,2022Q4,부동산업,21226.724783294063
recursive_no_target_actual,인천,2022,4,2022Q4,사업서비스업,15521.947570450338
recursive_no_target_actual,인천,2022,4,2022Q4,숙박 및 음식점업,6780.465203745382
recursive_no_target_actual,인천,2022,4,2022Q4,운수 및 창고업,23186.263855988345
recursive_no_target_actual,인천,2022,4,2022Q4,정보통신업,5110.103339024003
recursive_no_target_actual,인천,2023,1,2023Q1,건설업,15591.715777325164
recursive_no_target_actual,인천,2023,1,2023Q1,"공공 행정, 국방·사회보장",17136.81568144895
recursive_no_target_actual,인천,2023,1,2023Q1,"광업, 제조업",60981.89789348686
recursive_no_target_actual,인천,2023,1,2023Q1,교육 서비스업,13429.2723714278
recursive_no_target_actual,인천,2023,1,2023Q1,금융 및 보험업,9849.779439132646
recursive_no_target_actual,인천,2023,1,2023Q1,도매 및 소매업,20100.295053132533
recursive_no_target_actual,인천,2023,1,2023Q1,문화 및 기타서비스업,8390.893046705281
recursive_no_target_actual,인천,2023,1,2023Q1,보건 및 사회복지업,15230.510726678445
recursive_no_target_actual,인천,2023,1,2023Q1,부동산업,22176.9354736817
recursive_no_target_actual,인천,2023,1,2023Q1,사업서비스업,12073.068983346382
recursive_no_target_actual,인천,2023,1,2023Q1,숙박 및 음식점업,5160.6992649381755
recursive_no_target_actual,인천,2023,1,2023Q1,운수 및 창고업,24542.598171189027
recursive_no_target_actual,인천,2023,1,2023Q1,정보통신업,4885.524211303357
recursive_no_target_actual,인천,2023,2,2023Q2,건설업,21111.97276910312
recursive_no_target_actual,인천,2023,2,2023Q2,"공공 행정, 국방·사회보장",16481.7015851409
recursive_no_target_actual,인천,2023,2,2023Q2,"광업, 제조업",67378.7734290691
recursive_no_target_actual,인천,2023,2,2023Q2,교육 서비스업,11524.191574904415
recursive_no_target_actual,인천,2023,2,2023Q2,금융 및 보험업,9750.402093378274
recursive_no_target_actual,인천,2023,2,2023Q2,도매 및 소매업,18660.847388097405
recursive_no_target_actual,인천,2023,2,2023Q2,문화 및 기타서비스업,7966.20559941022
recursive_no_target_actual,인천,2023,2,2023Q2,보건 및 사회복지업,15417.519351034674
recursive_no_target_actual,인천,2023,2,2023Q2,부동산업,22200.0232009895
recursive_no_target_actual,인천,2023,2,2023Q2,사업서비스업,13532.895956973312
recursive_no_target_actual,인천,2023,2,2023Q2,숙박 및 음식점업,5878.953731334808
recursive_no_target_actual,인천,2023,2,2023Q2,운수 및 창고업,31255.831187295316
recursive_no_target_actual,인천,2023,2,2023Q2,정보통신업,4817.949251321628
recursive_no_target_actual,인천,2023,3,2023Q3,건설업,20059.123573577144
recursive_no_target_actual,인천,2023,3,2023Q3,"공공 행정, 국방·사회보장",15343.574373527186
recursive_no_target_actual,인천,2023,3,2023Q3,"광업, 제조업",68032.45234303384
recursive_no_target_actual,인천,2023,3,2023Q3,교육 서비스업,12368.282406096452
recursive_no_target_actual,인천,2023,3,2023Q3,금융 및 보험업,9733.593270185755
recursive_no_target_actual,인천,2023,3,2023Q3,도매 및 소매업,17943.590919749688
recursive_no_target_actual,인천,2023,3,2023Q3,문화 및 기타서비스업,9146.300842123761
recursive_no_target_actual,인천,2023,3,2023Q3,보건 및 사회복지업,15152.717673562032
recursive_no_target_actual,인천,2023,3,2023Q3,부동산업,21920.690036071792
recursive_no_target_actual,인천,2023,3,2023Q3,사업서비스업,13249.259020319256
recursive_no_target_actual,인천,2023,3,2023Q3,숙박 및 음식점업,6199.593981918983
recursive_no_target_actual,인천,2023,3,2023Q3,운수 및 창고업,32247.83902600847
recursive_no_target_actual,인천,2023,3,2023Q3,정보통신업,4975.088593453111
recursive_no_target_actual,인천,2023,4,2023Q4,건설업,22450.526918879295
recursive_no_target_actual,인천,2023,4,2023Q4,"공공 행정, 국방·사회보장",15557.021937647973
recursive_no_target_actual,인천,2023,4,2023Q4,"광업, 제조업",70466.54762675495
recursive_no_target_actual,인천,2023,4,2023Q4,교육 서비스업,12227.036668407894
recursive_no_target_actual,인천,2023,4,2023Q4,금융 및 보험업,9155.553979501408
recursive_no_target_actual,인천,2023,4,2023Q4,도매 및 소매업,19585.726919357145
recursive_no_target_actual,인천,2023,4,2023Q4,문화 및 기타서비스업,8141.228222729484
recursive_no_target_actual,인천,2023,4,2023Q4,보건 및 사회복지업,16102.591506023648
recursive_no_target_actual,인천,2023,4,2023Q4,부동산업,21711.928598739585
recursive_no_target_actual,인천,2023,4,2023Q4,사업서비스업,15869.975556428064
recursive_no_target_actual,인천,2023,4,2023Q4,숙박 및 음식점업,6454.433294090116
recursive_no_target_actual,인천,2023,4,2023Q4,운수 및 창고업,33392.102824566035
recursive_no_target_actual,인천,2023,4,2023Q4,정보통신업,5420.215375013428
recursive_no_target_actual,인천,2024,1,2024Q1,건설업,16140.536350656283
recursive_no_target_actual,인천,2024,1,2024Q1,"공공 행정, 국방·사회보장",17438.014454285316
recursive_no_target_actual,인천,2024,1,2024Q1,"광업, 제조업",65356.184394446405
recursive_no_target_actual,인천,2024,1,2024Q1,교육 서비스업,13601.503417982081
recursive_no_target_actual,인천,2024,1,2024Q1,금융 및 보험업,9928.118159889094
recursive_no_target_actual,인천,2024,1,2024Q1,도매 및 소매업,19603.47429593586
recursive_no_target_actual,인천,2024,1,2024Q1,문화 및 기타서비스업,8523.150129428104
recursive_no_target_actual,인천,2024,1,2024Q1,보건 및 사회복지업,15826.61165160559
recursive_no_target_actual,인천,2024,1,2024Q1,부동산업,22464.872081587382
recursive_no_target_actual,인천,2024,1,2024Q1,사업서비스업,12314.605090087693
recursive_no_target_actual,인천,2024,1,2024Q1,숙박 및 음식점업,5204.086656216339
recursive_no_target_actual,인천,2024,1,2024Q1,운수 및 창고업,28910.788168314488
recursive_no_target_actual,인천,2024,1,2024Q1,정보통신업,5007.658214891958
recursive_no_target_actual,인천,2024,2,2024Q2,건설업,20926.324334323166
recursive_no_target_actual,인천,2024,2,2024Q2,"공공 행정, 국방·사회보장",16957.977652994952
recursive_no_target_actual,인천,2024,2,2024Q2,"광업, 제조업",70398.58548040915
recursive_no_target_actual,인천,2024,2,2024Q2,교육 서비스업,11682.614122688468
recursive_no_target_actual,인천,2024,2,2024Q2,금융 및 보험업,9880.253043860746
recursive_no_target_actual,인천,2024,2,2024Q2,도매 및 소매업,18460.47309077723
recursive_no_target_actual,인천,2024,2,2024Q2,문화 및 기타서비스업,8041.993574832436
recursive_no_target_actual,인천,2024,2,2024Q2,보건 및 사회복지업,15813.6558347172
recursive_no_target_actual,인천,2024,2,2024Q2,부동산업,22824.636207574767
recursive_no_target_actual,인천,2024,2,2024Q2,사업서비스업,13597.95034669432
recursive_no_target_actual,인천,2024,2,2024Q2,숙박 및 음식점업,5869.965687897695
recursive_no_target_actual,인천,2024,2,2024Q2,운수 및 창고업,33467.5599601592
recursive_no_target_actual,인천,2024,2,2024Q2,정보통신업,4804.230996552303
recursive_no_target_actual,인천,2024,3,2024Q3,건설업,18777.268408388238
recursive_no_target_actual,인천,2024,3,2024Q3,"공공 행정, 국방·사회보장",15598.841183750837
recursive_no_target_actual,인천,2024,3,2024Q3,"광업, 제조업",70319.13596879136
recursive_no_target_actual,인천,2024,3,2024Q3,교육 서비스업,12465.817500666275
recursive_no_target_actual,인천,2024,3,2024Q3,금융 및 보험업,10242.381807982181
recursive_no_target_actual,인천,2024,3,2024Q3,도매 및 소매업,17718.901029063993
recursive_no_target_actual,인천,2024,3,2024Q3,문화 및 기타서비스업,9085.89740559484
recursive_no_target_actual,인천,2024,3,2024Q3,보건 및 사회복지업,15650.732075961723
recursive_no_target_actual,인천,2024,3,2024Q3,부동산업,22340.42155742524
recursive_no_target_actual,인천,2024,3,2024Q3,사업서비스업,13244.515082095999
recursive_no_target_actual,인천,2024,3,2024Q3,숙박 및 음식점업,6050.482293766627
recursive_no_target_actual,인천,2024,3,2024Q3,운수 및 창고업,34848.1640150372
recursive_no_target_actual,인천,2024,3,2024Q3,정보통신업,4963.211900162177
recursive_no_target_actual,인천,2024,4,2024Q4,건설업,20957.917769494106
recursive_no_target_actual,인천,2024,4,2024Q4,"공공 행정, 국방·사회보장",15869.49833958455
recursive_no_target_actual,인천,2024,4,2024Q4,"광업, 제조업",72066.95579375616
recursive_no_target_actual,인천,2024,4,2024Q4,교육 서비스업,12351.574950857756
recursive_no_target_actual,인천,2024,4,2024Q4,금융 및 보험업,9831.443954066157
recursive_no_target_actual,인천,2024,4,2024Q4,도매 및 소매업,19395.238781928045
recursive_no_target_actual,인천,2024,4,2024Q4,문화 및 기타서비스업,8031.792159155493
recursive_no_target_actual,인천,2024,4,2024Q4,보건 및 사회복지업,16883.89784863052
recursive_no_target_actual,인천,2024,4,2024Q4,부동산업,22090.46051097317
recursive_no_target_actual,인천,2024,4,2024Q4,사업서비스업,15351.914781164756
recursive_no_target_actual,인천,2024,4,2024Q4,숙박 및 음식점업,6212.988115396396
recursive_no_target_actual,인천,2024,4,2024Q4,운수 및 창고업,35275.28494471097
recursive_no_target_actual,인천,2024,4,2024Q4,정보통신업,5416.427467699405
recursive_no_target_actual,인천,2025,1,2025Q1,건설업,14153.384445588847
recursive_no_target_actual,인천,2025,1,2025Q1,"공공 행정, 국방·사회보장",17757.85873048063
recursive_no_target_actual,인천,2025,1,2025Q1,"광업, 제조업",65696.11084388668
recursive_no_target_actual,인천,2025,1,2025Q1,교육 서비스업,13515.72733884245
recursive_no_target_actual,인천,2025,1,2025Q1,금융 및 보험업,10457.676975302313
recursive_no_target_actual,인천,2025,1,2025Q1,도매 및 소매업,19445.924035411124
recursive_no_target_actual,인천,2025,1,2025Q1,문화 및 기타서비스업,8359.222425089902
recursive_no_target_actual,인천,2025,1,2025Q1,보건 및 사회복지업,16561.917926201368
recursive_no_target_actual,인천,2025,1,2025Q1,부동산업,22372.5641379037
recursive_no_target_actual,인천,2025,1,2025Q1,사업서비스업,12092.422263976072
recursive_no_target_actual,인천,2025,1,2025Q1,숙박 및 음식점업,5031.277143120164
recursive_no_target_actual,인천,2025,1,2025Q1,운수 및 창고업,29916.22703017477
recursive_no_target_actual,인천,2025,1,2025Q1,정보통신업,5059.845356012357
recursive_no_target_actual,인천,2025,2,2025Q2,건설업,18746.877212838794
recursive_no_target_actual,인천,2025,2,2025Q2,"공공 행정, 국방·사회보장",17207.633761602287
recursive_no_target_actual,인천,2025,2,2025Q2,"광업, 제조업",72118.59448208666
recursive_no_target_actual,인천,2025,2,2025Q2,교육 서비스업,11562.821648906212
recursive_no_target_actual,인천,2025,2,2025Q2,금융 및 보험업,10308.582091881532
recursive_no_target_actual,인천,2025,2,2025Q2,도매 및 소매업,18488.653978645925
recursive_no_target_actual,인천,2025,2,2025Q2,문화 및 기타서비스업,7888.404980156172
recursive_no_target_actual,인천,2025,2,2025Q2,보건 및 사회복지업,16800.771875685183
recursive_no_target_actual,인천,2025,2,2025Q2,부동산업,22706.42330194913
recursive_no_target_actual,인천,2025,2,2025Q2,사업서비스업,13418.317080026542
recursive_no_target_actual,인천,2025,2,2025Q2,숙박 및 음식점업,5765.50380473947
recursive_no_target_actual,인천,2025,2,2025Q2,운수 및 창고업,34462.305152169014
recursive_no_target_actual,인천,2025,2,2025Q2,정보통신업,4952.535601363721
recursive_no_target_actual,인천,2025,3,2025Q3,건설업,17490.216839959063
recursive_no_target_actual,인천,2025,3,2025Q3,"공공 행정, 국방·사회보장",15843.491361659117
recursive_no_target_actual,인천,2025,3,2025Q3,"광업, 제조업",72896.87595862638
recursive_no_target_actual,인천,2025,3,2025Q3,교육 서비스업,12496.40198442845
recursive_no_target_actual,인천,2025,3,2025Q3,금융 및 보험업,10594.707011218743
recursive_no_target_actual,인천,2025,3,2025Q3,도매 및 소매업,18464.178205763048
recursive_no_target_actual,인천,2025,3,2025Q3,문화 및 기타서비스업,9242.032333928006
recursive_no_target_actual,인천,2025,3,2025Q3,보건 및 사회복지업,16424.65364304689
recursive_no_target_actual,인천,2025,3,2025Q3,부동산업,22495.261232633307
recursive_no_target_actual,인천,2025,3,2025Q3,사업서비스업,13468.932062290478
recursive_no_target_actual,인천,2025,3,2025Q3,숙박 및 음식점업,6153.411789191309
recursive_no_target_actual,인천,2025,3,2025Q3,운수 및 창고업,35525.9005627306
recursive_no_target_actual,인천,2025,3,2025Q3,정보통신업,5069.705847229499
recursive_no_target_actual,인천,2025,4,2025Q4,건설업,19354.743931394198
recursive_no_target_actual,인천,2025,4,2025Q4,"공공 행정, 국방·사회보장",16232.146957367753
recursive_no_target_actual,인천,2025,4,2025Q4,"광업, 제조업",73557.6808146337
recursive_no_target_actual,인천,2025,4,2025Q4,교육 서비스업,12363.65196406382
recursive_no_target_actual,인천,2025,4,2025Q4,금융 및 보험업,10428.218396129316
recursive_no_target_actual,인천,2025,4,2025Q4,도매 및 소매업,20126.482691071276
recursive_no_target_actual,인천,2025,4,2025Q4,문화 및 기타서비스업,7894.224309887157
recursive_no_target_actual,인천,2025,4,2025Q4,보건 및 사회복지업,18083.73913872479
recursive_no_target_actual,인천,2025,4,2025Q4,부동산업,22480.350012176834
recursive_no_target_actual,인천,2025,4,2025Q4,사업서비스업,15499.41578559178
recursive_no_target_actual,인천,2025,4,2025Q4,숙박 및 음식점업,6247.3437350515005
recursive_no_target_actual,인천,2025,4,2025Q4,운수 및 창고업,35566.191061887235
recursive_no_target_actual,인천,2025,4,2025Q4,정보통신업,5528.895633534491
recursive_no_target_actual,전남,2021,1,2021Q1,건설업,13330.0045282651
recursive_no_target_actual,전남,2021,1,2021Q1,"공공 행정, 국방·사회보장",22525.02200483047
recursive_no_target_actual,전남,2021,1,2021Q1,"광업, 제조업",52017.922900495476
recursive_no_target_actual,전남,2021,1,2021Q1,교육 서비스업,9977.984345778155
recursive_no_target_actual,전남,2021,1,2021Q1,금융 및 보험업,6353.7964052429425
recursive_no_target_actual,전남,2021,1,2021Q1,도매 및 소매업,8339.075703343286
recursive_no_target_actual,전남,2021,1,2021Q1,문화 및 기타서비스업,5038.937588450704
recursive_no_target_actual,전남,2021,1,2021Q1,보건 및 사회복지업,9994.065593335257
recursive_no_target_actual,전남,2021,1,2021Q1,부동산업,8892.892939683421
recursive_no_target_actual,전남,2021,1,2021Q1,사업서비스업,6411.838824861915
recursive_no_target_actual,전남,2021,1,2021Q1,숙박 및 음식점업,2730.4771781798854
recursive_no_target_actual,전남,2021,1,2021Q1,운수 및 창고업,8636.768309633007
recursive_no_target_actual,전남,2021,1,2021Q1,정보통신업,2990.331560391619
recursive_no_target_actual,전남,2021,2,2021Q2,건설업,18587.933089536382
recursive_no_target_actual,전남,2021,2,2021Q2,"공공 행정, 국방·사회보장",21851.557670417005
recursive_no_target_actual,전남,2021,2,2021Q2,"광업, 제조업",55853.542543689226
recursive_no_target_actual,전남,2021,2,2021Q2,교육 서비스업,8638.22949840356
recursive_no_target_actual,전남,2021,2,2021Q2,금융 및 보험업,6340.2076654147995
recursive_no_target_actual,전남,2021,2,2021Q2,도매 및 소매업,8456.278147023997
recursive_no_target_actual,전남,2021,2,2021Q2,문화 및 기타서비스업,5044.428157605634
recursive_no_target_actual,전남,2021,2,2021Q2,보건 및 사회복지업,10449.193990355176
recursive_no_target_actual,전남,2021,2,2021Q2,부동산업,8982.960769650073
recursive_no_target_actual,전남,2021,2,2021Q2,사업서비스업,7146.1735099629295
recursive_no_target_actual,전남,2021,2,2021Q2,숙박 및 음식점업,3479.0447144621553
recursive_no_target_actual,전남,2021,2,2021Q2,운수 및 창고업,9726.866687400523
recursive_no_target_actual,전남,2021,2,2021Q2,정보통신업,3080.9421778523943
recursive_no_target_actual,전남,2021,3,2021Q3,건설업,17013.01389216799
recursive_no_target_actual,전남,2021,3,2021Q3,"공공 행정, 국방·사회보장",20284.02038391176
recursive_no_target_actual,전남,2021,3,2021Q3,"광업, 제조업",55502.299017530226
recursive_no_target_actual,전남,2021,3,2021Q3,교육 서비스업,9404.196092216094
recursive_no_target_actual,전남,2021,3,2021Q3,금융 및 보험업,6524.1924700988375
recursive_no_target_actual,전남,2021,3,2021Q3,도매 및 소매업,8187.63836066656
recursive_no_target_actual,전남,2021,3,2021Q3,문화 및 기타서비스업,5477.170483098591
recursive_no_target_actual,전남,2021,3,2021Q3,보건 및 사회복지업,10478.906031341123
recursive_no_target_actual,전남,2021,3,2021Q3,부동산업,8684.500319024346
recursive_no_target_actual,전남,2021,3,2021Q3,사업서비스업,7116.931499157894
recursive_no_target_actual,전남,2021,3,2021Q3,숙박 및 음식점업,3627.121799237568
recursive_no_target_actual,전남,2021,3,2021Q3,운수 및 창고업,9849.189463570692
recursive_no_target_actual,전남,2021,3,2021Q3,정보통신업,3122.329822638243
recursive_no_target_actual,전남,2021,4,2021Q4,건설업,19999.830126423265
recursive_no_target_actual,전남,2021,4,2021Q4,"공공 행정, 국방·사회보장",20685.773066023914
recursive_no_target_actual,전남,2021,4,2021Q4,"광업, 제조업",57880.81388046394
recursive_no_target_actual,전남,2021,4,2021Q4,교육 서비스업,9308.652132709689
recursive_no_target_actual,전남,2021,4,2021Q4,금융 및 보험업,6410.577628965277
recursive_no_target_actual,전남,2021,4,2021Q4,도매 및 소매업,9183.903173500343
recursive_no_target_actual,전남,2021,4,2021Q4,문화 및 기타서비스업,5392.749113661972
recursive_no_target_actual,전남,2021,4,2021Q4,보건 및 사회복지업,11074.217793010308
recursive_no_target_actual,전남,2021,4,2021Q4,부동산업,8520.247572575654
recursive_no_target_actual,전남,2021,4,2021Q4,사업서비스업,8391.313113710581
recursive_no_target_actual,전남,2021,4,2021Q4,숙박 및 음식점업,4155.91278210286
recursive_no_target_actual,전남,2021,4,2021Q4,운수 및 창고업,10319.983842799493
recursive_no_target_actual,전남,2021,4,2021Q4,정보통신업,3482.4679036948432
recursive_no_target_actual,전남,2022,1,2022Q1,건설업,11938.273921017777
recursive_no_target_actual,전남,2022,1,2022Q1,"공공 행정, 국방·사회보장",23063.70525369491
recursive_no_target_actual,전남,2022,1,2022Q1,"광업, 제조업",54877.269823482064
recursive_no_target_actual,전남,2022,1,2022Q1,교육 서비스업,10278.826835173613
recursive_no_target_actual,전남,2022,1,2022Q1,금융 및 보험업,6712.118580935878
recursive_no_target_actual,전남,2022,1,2022Q1,도매 및 소매업,8416.70222389264
recursive_no_target_actual,전남,2022,1,2022Q1,문화 및 기타서비스업,5172.466943906882
recursive_no_target_actual,전남,2022,1,2022Q1,보건 및 사회복지업,10642.939121164776
recursive_no_target_actual,전남,2022,1,2022Q1,부동산업,8822.245266110882
recursive_no_target_actual,전남,2022,1,2022Q1,사업서비스업,7372.605183869269
recursive_no_target_actual,전남,2022,1,2022Q1,숙박 및 음식점업,2971.2505471938257
recursive_no_target_actual,전남,2022,1,2022Q1,운수 및 창고업,9597.769113632388
recursive_no_target_actual,전남,2022,1,2022Q1,정보통신업,3021.9091532434472
recursive_no_target_actual,전남,2022,2,2022Q2,건설업,16501.433752491106
recursive_no_target_actual,전남,2022,2,2022Q2,"공공 행정, 국방·사회보장",22245.754500163584
recursive_no_target_actual,전남,2022,2,2022Q2,"광업, 제조업",58614.520892832516
recursive_no_target_actual,전남,2022,2,2022Q2,교육 서비스업,8846.983415396397
recursive_no_target_actual,전남,2022,2,2022Q2,금융 및 보험업,6604.28715735898
recursive_no_target_actual,전남,2022,2,2022Q2,도매 및 소매업,8484.342893146468
recursive_no_target_actual,전남,2022,2,2022Q2,문화 및 기타서비스업,5277.544764084785
recursive_no_target_actual,전남,2022,2,2022Q2,보건 및 사회복지업,10959.084327669896
recursive_no_target_actual,전남,2022,2,2022Q2,부동산업,8779.749782394427
recursive_no_target_actual,전남,2022,2,2022Q2,사업서비스업,8238.67757605637
recursive_no_target_actual,전남,2022,2,2022Q2,숙박 및 음식점업,4032.9386441842084
recursive_no_target_actual,전남,2022,2,2022Q2,운수 및 창고업,11162.039574139482
recursive_no_target_actual,전남,2022,2,2022Q2,정보통신업,3143.768525980701
recursive_no_target_actual,전남,2022,3,2022Q3,건설업,15569.30324292098
recursive_no_target_actual,전남,2022,3,2022Q3,"공공 행정, 국방·사회보장",20697.273477588886
recursive_no_target_actual,전남,2022,3,2022Q3,"광업, 제조업",58459.66554728486
recursive_no_target_actual,전남,2022,3,2022Q3,교육 서비스업,9547.576421118027
recursive_no_target_actual,전남,2022,3,2022Q3,금융 및 보험업,6554.167346183667
recursive_no_target_actual,전남,2022,3,2022Q3,도매 및 소매업,8304.71745073972
recursive_no_target_actual,전남,2022,3,2022Q3,문화 및 기타서비스업,6008.403875940292
recursive_no_target_actual,전남,2022,3,2022Q3,보건 및 사회복지업,10653.289227951933
recursive_no_target_actual,전남,2022,3,2022Q3,부동산업,8607.168681086943
recursive_no_target_actual,전남,2022,3,2022Q3,사업서비스업,7999.96713897253
recursive_no_target_actual,전남,2022,3,2022Q3,숙박 및 음식점업,4343.919351259362
recursive_no_target_actual,전남,2022,3,2022Q3,운수 및 창고업,11780.492962818576
recursive_no_target_actual,전남,2022,3,2022Q3,정보통신업,3146.744153874839
recursive_no_target_actual,전남,2022,4,2022Q4,건설업,18330.330918753327
recursive_no_target_actual,전남,2022,4,2022Q4,"공공 행정, 국방·사회보장",21140.467834184026
recursive_no_target_actual,전남,2022,4,2022Q4,"광업, 제조업",57381.411239925335
recursive_no_target_actual,전남,2022,4,2022Q4,교육 서비스업,9479.81925866764
recursive_no_target_actual,전남,2022,4,2022Q4,금융 및 보험업,6532.622909323256
recursive_no_target_actual,전남,2022,4,2022Q4,도매 및 소매업,9246.76840706159
recursive_no_target_actual,전남,2022,4,2022Q4,문화 및 기타서비스업,5688.642607497804
recursive_no_target_actual,전남,2022,4,2022Q4,보건 및 사회복지업,11265.831538140306
recursive_no_target_actual,전남,2022,4,2022Q4,부동산업,8526.979005786567
recursive_no_target_actual,전남,2022,4,2022Q4,사업서비스업,9606.540885816787
recursive_no_target_actual,전남,2022,4,2022Q4,숙박 및 음식점업,4490.451682893984
recursive_no_target_actual,전남,2022,4,2022Q4,운수 및 창고업,12429.4106522519
recursive_no_target_actual,전남,2022,4,2022Q4,정보통신업,3398.922774074283
recursive_no_target_actual,전남,2023,1,2023Q1,건설업,11306.839029324556
recursive_no_target_actual,전남,2023,1,2023Q1,"공공 행정, 국방·사회보장",24055.550997232855
recursive_no_target_actual,전남,2023,1,2023Q1,"광업, 제조업",51967.30308821763
recursive_no_target_actual,전남,2023,1,2023Q1,교육 서비스업,10533.86911431132
recursive_no_target_actual,전남,2023,1,2023Q1,금융 및 보험업,6754.420628529199
recursive_no_target_actual,전남,2023,1,2023Q1,도매 및 소매업,8485.565814667085
recursive_no_target_actual,전남,2023,1,2023Q1,문화 및 기타서비스업,5452.3508670135225
recursive_no_target_actual,전남,2023,1,2023Q1,보건 및 사회복지업,10886.372106927178
recursive_no_target_actual,전남,2023,1,2023Q1,부동산업,8771.908516173407
recursive_no_target_actual,전남,2023,1,2023Q1,사업서비스업,6884.662912958573
recursive_no_target_actual,전남,2023,1,2023Q1,숙박 및 음식점업,3194.3388047365033
recursive_no_target_actual,전남,2023,1,2023Q1,운수 및 창고업,9400.283438857052
recursive_no_target_actual,전남,2023,1,2023Q1,정보통신업,3458.9267110582564
recursive_no_target_actual,전남,2023,2,2023Q2,건설업,15310.032654577046
recursive_no_target_actual,전남,2023,2,2023Q2,"공공 행정, 국방·사회보장",23135.94429516603
recursive_no_target_actual,전남,2023,2,2023Q2,"광업, 제조업",57418.56618855338
recursive_no_target_actual,전남,2023,2,2023Q2,교육 서비스업,9039.531133240816
recursive_no_target_actual,전남,2023,2,2023Q2,금융 및 보험업,6686.2732757565045
recursive_no_target_actual,전남,2023,2,2023Q2,도매 및 소매업,7877.8867798003375
recursive_no_target_actual,전남,2023,2,2023Q2,문화 및 기타서비스업,5176.3915670224205
recursive_no_target_actual,전남,2023,2,2023Q2,보건 및 사회복지업,11020.040997516671
recursive_no_target_actual,전남,2023,2,2023Q2,부동산업,8781.040681076476
recursive_no_target_actual,전남,2023,2,2023Q2,사업서비스업,7717.128679411944
recursive_no_target_actual,전남,2023,2,2023Q2,숙박 및 음식점업,3638.9196640153787
recursive_no_target_actual,전남,2023,2,2023Q2,운수 및 창고업,11971.579790706786
recursive_no_target_actual,전남,2023,2,2023Q2,정보통신업,3411.0839773064276
recursive_no_target_actual,전남,2023,3,2023Q3,건설업,14546.524869675113
recursive_no_target_actual,전남,2023,3,2023Q3,"공공 행정, 국방·사회보장",21538.315092095945
recursive_no_target_actual,전남,2023,3,2023Q3,"광업, 제조업",57975.615598588396
recursive_no_target_actual,전남,2023,3,2023Q3,교육 서비스업,9701.632704379166
recursive_no_target_actual,전남,2023,3,2023Q3,금융 및 보험업,6674.746737237096
recursive_no_target_actual,전남,2023,3,2023Q3,도매 및 소매업,7575.088887925028
recursive_no_target_actual,전남,2023,3,2023Q3,문화 및 기타서비스업,5943.210221956196
recursive_no_target_actual,전남,2023,3,2023Q3,보건 및 사회복지업,10830.767660119247
recursive_no_target_actual,전남,2023,3,2023Q3,부동산업,8670.552693631178
recursive_no_target_actual,전남,2023,3,2023Q3,사업서비스업,7555.384826111595
recursive_no_target_actual,전남,2023,3,2023Q3,숙박 및 음식점업,3837.3876510496393
recursive_no_target_actual,전남,2023,3,2023Q3,운수 및 창고업,12351.537723132156
recursive_no_target_actual,전남,2023,3,2023Q3,정보통신업,3522.3378457447757
recursive_no_target_actual,전남,2023,4,2023Q4,건설업,16280.72866518314
recursive_no_target_actual,전남,2023,4,2023Q4,"공공 행정, 국방·사회보장",21837.93894633983
recursive_no_target_actual,전남,2023,4,2023Q4,"광업, 제조업",60049.89291241804
recursive_no_target_actual,전남,2023,4,2023Q4,교육 서비스업,9590.840096066955
recursive_no_target_actual,전남,2023,4,2023Q4,금융 및 보험업,6278.360144702132
recursive_no_target_actual,전남,2023,4,2023Q4,도매 및 소매업,8268.335084782799
recursive_no_target_actual,전남,2023,4,2023Q4,문화 및 기타서비스업,5290.120194796609
recursive_no_target_actual,전남,2023,4,2023Q4,보건 및 사회복지업,11509.712718520796
recursive_no_target_actual,전남,2023,4,2023Q4,부동산업,8587.97878561056
recursive_no_target_actual,전남,2023,4,2023Q4,사업서비스업,9049.847416063974
recursive_no_target_actual,전남,2023,4,2023Q4,숙박 및 음식점업,3995.126566272082
recursive_no_target_actual,전남,2023,4,2023Q4,운수 및 창고업,12789.812593634311
recursive_no_target_actual,전남,2023,4,2023Q4,정보통신업,3837.4853811892117
recursive_no_target_actual,전남,2024,1,2024Q1,건설업,11704.834090757182
recursive_no_target_actual,전남,2024,1,2024Q1,"공공 행정, 국방·사회보장",24478.354309992566
recursive_no_target_actual,전남,2024,1,2024Q1,"광업, 제조업",55694.96457863416
recursive_no_target_actual,전남,2024,1,2024Q1,교육 서비스업,10668.966478609604
recursive_no_target_actual,전남,2024,1,2024Q1,금융 및 보험업,6808.140884374496
recursive_no_target_actual,전남,2024,1,2024Q1,도매 및 소매업,8275.82733957798
recursive_no_target_actual,전남,2024,1,2024Q1,문화 및 기타서비스업,5538.290708653573
recursive_no_target_actual,전남,2024,1,2024Q1,보건 및 사회복지업,11312.449511585268
recursive_no_target_actual,전남,2024,1,2024Q1,부동산업,8885.79952631786
recursive_no_target_actual,전남,2024,1,2024Q1,사업서비스업,7022.398784302975
recursive_no_target_actual,전남,2024,1,2024Q1,숙박 및 음식점업,3221.19447302505
recursive_no_target_actual,전남,2024,1,2024Q1,운수 및 창고업,11073.383564660486
recursive_no_target_actual,전남,2024,1,2024Q1,정보통신업,3545.396974855883
recursive_no_target_actual,전남,2024,2,2024Q2,건설업,15175.403663253608
recursive_no_target_actual,전남,2024,2,2024Q2,"공공 행정, 국방·사회보장",23804.509765670984
recursive_no_target_actual,전남,2024,2,2024Q2,"광업, 제조업",59991.9772098952
recursive_no_target_actual,전남,2024,2,2024Q2,교육 서비스업,9163.797164709767
recursive_no_target_actual,전남,2024,2,2024Q2,금융 및 보험업,6775.3176999482175
recursive_no_target_actual,전남,2024,2,2024Q2,도매 및 소매업,7793.296514683157
recursive_no_target_actual,전남,2024,2,2024Q2,문화 및 기타서비스업,5225.638128884483
recursive_no_target_actual,전남,2024,2,2024Q2,보건 및 사회복지업,11303.189031347452
recursive_no_target_actual,전남,2024,2,2024Q2,부동산업,9028.10133372076
recursive_no_target_actual,전남,2024,2,2024Q2,사업서비스업,7754.225919960738
recursive_no_target_actual,전남,2024,2,2024Q2,숙박 및 음식점업,3633.3562985767276
recursive_no_target_actual,전남,2024,2,2024Q2,운수 및 창고업,12818.714116493155
recursive_no_target_actual,전남,2024,2,2024Q2,정보통신업,3401.3715215292286
recursive_no_target_actual,전남,2024,3,2024Q3,건설업,13616.945969014465
recursive_no_target_actual,전남,2024,3,2024Q3,"공공 행정, 국방·사회보장",21896.64209317838
recursive_no_target_actual,전남,2024,3,2024Q3,"광업, 제조업",59924.27225165228
recursive_no_target_actual,전남,2024,3,2024Q3,교육 서비스업,9778.13885391832
recursive_no_target_actual,전남,2024,3,2024Q3,금융 및 보험업,7023.645087346142
recursive_no_target_actual,전남,2024,3,2024Q3,도매 및 소매업,7480.233521361309
recursive_no_target_actual,전남,2024,3,2024Q3,문화 및 기타서비스업,5903.960439162411
recursive_no_target_actual,전남,2024,3,2024Q3,보건 및 사회복지업,11186.735374953349
recursive_no_target_actual,전남,2024,3,2024Q3,부동산업,8836.57412211196
recursive_no_target_actual,전남,2024,3,2024Q3,사업서비스업,7552.679597176676
recursive_no_target_actual,전남,2024,3,2024Q3,숙박 및 음식점업,3745.0913890021843
recursive_no_target_actual,전남,2024,3,2024Q3,운수 및 창고업,13347.511815178688
recursive_no_target_actual,전남,2024,3,2024Q3,정보통신업,3513.9292062853683
recursive_no_target_actual,전남,2024,4,2024Q4,건설업,15198.314668749279
recursive_no_target_actual,전남,2024,4,2024Q4,"공공 행정, 국방·사회보장",22276.573063782915
recursive_no_target_actual,전남,2024,4,2024Q4,"광업, 제조업",61413.72216589055
recursive_no_target_actual,전남,2024,4,2024Q4,교육 서비스업,9688.527441350017
recursive_no_target_actual,전남,2024,4,2024Q4,금융 및 보험업,6741.8471918007435
recursive_no_target_actual,전남,2024,4,2024Q4,도매 및 소매업,8187.9183733467125
recursive_no_target_actual,전남,2024,4,2024Q4,문화 및 기타서비스업,5219.009311510535
recursive_no_target_actual,전남,2024,4,2024Q4,보건 및 사회복지업,12068.170128633903
recursive_no_target_actual,전남,2024,4,2024Q4,부동산업,8737.704039963475
recursive_no_target_actual,전남,2024,4,2024Q4,사업서비스업,8754.423459567599
recursive_no_target_actual,전남,2024,4,2024Q4,숙박 및 음식점업,3845.6782717826477
recursive_no_target_actual,전남,2024,4,2024Q4,운수 및 창고업,13511.10728186872
recursive_no_target_actual,전남,2024,4,2024Q4,정보통신업,3834.8035617526866
recursive_no_target_actual,전남,2025,1,2025Q1,건설업,10263.786355004542
recursive_no_target_actual,전남,2025,1,2025Q1,"공공 행정, 국방·사회보장",24927.330971713825
recursive_no_target_actual,전남,2025,1,2025Q1,"광업, 제조업",55984.64170309196
recursive_no_target_actual,전남,2025,1,2025Q1,교육 서비스업,10601.684055124166
recursive_no_target_actual,전남,2025,1,2025Q1,금융 및 보험업,7171.282313982132
recursive_no_target_actual,전남,2025,1,2025Q1,도매 및 소매업,8209.31572364067
recursive_no_target_actual,전남,2025,1,2025Q1,문화 및 기타서비스업,5431.771491223328
recursive_no_target_actual,전남,2025,1,2025Q1,보건 및 사회복지업,11838.027272007075
recursive_no_target_actual,전남,2025,1,2025Q1,부동산업,8849.287861382445
recursive_no_target_actual,전남,2025,1,2025Q1,사업서비스업,6895.699113743899
recursive_no_target_actual,전남,2025,1,2025Q1,숙박 및 음식점업,3114.2298728474902
recursive_no_target_actual,전남,2025,1,2025Q1,운수 및 창고업,11458.485835251531
recursive_no_target_actual,전남,2025,1,2025Q1,정보통신업,3582.3452098021917
recursive_no_target_actual,전남,2025,2,2025Q2,건설업,13594.90680662247
recursive_no_target_actual,전남,2025,2,2025Q2,"공공 행정, 국방·사회보장",24154.96082752583
recursive_no_target_actual,전남,2025,2,2025Q2,"광업, 제조업",61457.7274110575
recursive_no_target_actual,전남,2025,2,2025Q2,교육 서비스업,9069.832413321848
recursive_no_target_actual,전남,2025,2,2025Q2,금융 및 보험업,7069.041490986185
recursive_no_target_actual,전남,2025,2,2025Q2,도매 및 소매업,7805.193393713712
recursive_no_target_actual,전남,2025,2,2025Q2,문화 및 기타서비스업,5125.837201535596
recursive_no_target_actual,전남,2025,2,2025Q2,보건 및 사회복지업,12008.753849726843
recursive_no_target_actual,전남,2025,2,2025Q2,부동산업,8981.343169374306
recursive_no_target_actual,전남,2025,2,2025Q2,사업서비스업,7651.79011919896
recursive_no_target_actual,전남,2025,2,2025Q2,숙박 및 음식점업,3568.697106118985
recursive_no_target_actual,전남,2025,2,2025Q2,운수 및 창고업,13199.720507467266
recursive_no_target_actual,전남,2025,2,2025Q2,정보통신업,3506.3704401239443
recursive_no_target_actual,전남,2025,3,2025Q3,건설업,12683.598727793464
recursive_no_target_actual,전남,2025,3,2025Q3,"공공 행정, 국방·사회보장",22240.06615401633
recursive_no_target_actual,전남,2025,3,2025Q3,"광업, 제조업",62120.960120704025
recursive_no_target_actual,전남,2025,3,2025Q3,교육 서비스업,9802.129204249215
recursive_no_target_actual,전남,2025,3,2025Q3,금융 및 보험업,7265.2497481812
recursive_no_target_actual,전남,2025,3,2025Q3,도매 및 소매업,7794.860670680867
recursive_no_target_actual,전남,2025,3,2025Q3,문화 및 기타서비스업,6005.4159585129655
recursive_no_target_actual,전남,2025,3,2025Q3,보건 및 사회복지업,11739.914339996678
recursive_no_target_actual,전남,2025,3,2025Q3,부동산업,8897.819710674501
recursive_no_target_actual,전남,2025,3,2025Q3,사업서비스업,7680.653293236421
recursive_no_target_actual,전남,2025,3,2025Q3,숙박 및 음식점업,3808.802073253992
recursive_no_target_actual,전남,2025,3,2025Q3,운수 및 창고업,13607.097845995486
recursive_no_target_actual,전남,2025,3,2025Q3,정보통신업,3589.326388275572
recursive_no_target_actual,전남,2025,4,2025Q4,건설업,14035.721097759375
recursive_no_target_actual,전남,2025,4,2025Q4,"공공 행정, 국방·사회보장",22785.63568552795
recursive_no_target_actual,전남,2025,4,2025Q4,"광업, 제조업",62684.082086738585
recursive_no_target_actual,전남,2025,4,2025Q4,교육 서비스업,9698.000603624629
recursive_no_target_actual,전남,2025,4,2025Q4,금융 및 보험업,7151.081289575155
recursive_no_target_actual,전남,2025,4,2025Q4,도매 및 소매업,8496.62122080279
recursive_no_target_actual,전남,2025,4,2025Q4,문화 및 기타서비스업,5129.618566323296
recursive_no_target_actual,전남,2025,4,2025Q4,보건 및 사회복지업,12925.78541072303
recursive_no_target_actual,전남,2025,4,2025Q4,부동산업,8891.921697314454
recursive_no_target_actual,전남,2025,4,2025Q4,사업서비스업,8838.535850228469
recursive_no_target_actual,전남,2025,4,2025Q4,숙박 및 음식점업,3866.943508021207
recursive_no_target_actual,전남,2025,4,2025Q4,운수 및 창고업,13622.529876024397
recursive_no_target_actual,전남,2025,4,2025Q4,정보통신업,3914.4304607557983
recursive_no_target_actual,전북,2021,1,2021Q1,건설업,7510.642156605771
recursive_no_target_actual,전북,2021,1,2021Q1,"공공 행정, 국방·사회보장",16961.134715201104
recursive_no_target_actual,전북,2021,1,2021Q1,"광업, 제조업",30111.467418460907
recursive_no_target_actual,전북,2021,1,2021Q1,교육 서비스업,10329.160733382798
recursive_no_target_actual,전북,2021,1,2021Q1,금융 및 보험업,6868.195285477068
recursive_no_target_actual,전북,2021,1,2021Q1,도매 및 소매업,7920.857751484773
recursive_no_target_actual,전북,2021,1,2021Q1,문화 및 기타서비스업,4720.866881630565
recursive_no_target_actual,전북,2021,1,2021Q1,보건 및 사회복지업,10362.695921251548
recursive_no_target_actual,전북,2021,1,2021Q1,부동산업,8853.75041266007
recursive_no_target_actual,전북,2021,1,2021Q1,사업서비스업,5594.524496221605
recursive_no_target_actual,전북,2021,1,2021Q1,숙박 및 음식점업,2377.305594191808
recursive_no_target_actual,전북,2021,1,2021Q1,운수 및 창고업,3890.254683065892
recursive_no_target_actual,전북,2021,1,2021Q1,정보통신업,2435.0388616077
recursive_no_target_actual,전북,2021,2,2021Q2,건설업,10473.163273906943
recursive_no_target_actual,전북,2021,2,2021Q2,"공공 행정, 국방·사회보장",16454.022256024797
recursive_no_target_actual,전북,2021,2,2021Q2,"광업, 제조업",32331.78167700153
recursive_no_target_actual,전북,2021,2,2021Q2,교육 서비스업,8942.253049195435
recursive_no_target_actual,전북,2021,2,2021Q2,금융 및 보험업,6853.506410846742
recursive_no_target_actual,전북,2021,2,2021Q2,도매 및 소매업,8032.182305613612
recursive_no_target_actual,전북,2021,2,2021Q2,문화 및 기타서비스업,4726.010871932057
recursive_no_target_actual,전북,2021,2,2021Q2,보건 및 사회복지업,10834.61169360642
recursive_no_target_actual,전북,2021,2,2021Q2,부동산업,8943.42180442688
recursive_no_target_actual,전북,2021,2,2021Q2,사업서비스업,6235.253855838856
recursive_no_target_actual,전북,2021,2,2021Q2,숙박 및 음식점업,3029.050207131759
recursive_no_target_actual,전북,2021,2,2021Q2,운수 및 창고업,4381.267081115599
recursive_no_target_actual,전북,2021,2,2021Q2,정보통신업,2508.823447141205
recursive_no_target_actual,전북,2021,3,2021Q3,건설업,9585.792643842928
recursive_no_target_actual,전북,2021,3,2021Q3,"공공 행정, 국방·사회보장",15273.681074479462
recursive_no_target_actual,전북,2021,3,2021Q3,"광업, 제조업",32128.45833373553
recursive_no_target_actual,전북,2021,3,2021Q3,교육 서비스업,9735.177931588041
recursive_no_target_actual,전북,2021,3,2021Q3,금융 및 보험업,7052.386495686667
recursive_no_target_actual,전북,2021,3,2021Q3,도매 및 소매업,7777.015233167751
recursive_no_target_actual,전북,2021,3,2021Q3,문화 및 기타서비스업,5131.43738830366
recursive_no_target_actual,전북,2021,3,2021Q3,보건 및 사회복지업,10865.41966090078
recursive_no_target_actual,전북,2021,3,2021Q3,부동산업,8646.27504287098
recursive_no_target_actual,전북,2021,3,2021Q3,사업서비스업,6209.739311534778
recursive_no_target_actual,전북,2021,3,2021Q3,숙박 및 음식점업,3157.9743691139
recursive_no_target_actual,전북,2021,3,2021Q3,운수 및 창고업,4436.364860259549
recursive_no_target_actual,전북,2021,3,2021Q3,정보통신업,2542.5255706043167
recursive_no_target_actual,전북,2021,4,2021Q4,건설업,11268.680888589219
recursive_no_target_actual,전북,2021,4,2021Q4,"공공 행정, 국방·사회보장",15576.197154687343
recursive_no_target_actual,전북,2021,4,2021Q4,"광업, 제조업",33505.30248294456
recursive_no_target_actual,전북,2021,4,2021Q4,교육 서비스업,9636.271290662808
recursive_no_target_actual,전북,2021,4,2021Q4,금융 및 보험업,6929.573477065257
recursive_no_target_actual,전북,2021,4,2021Q4,도매 및 소매업,8723.315776056723
recursive_no_target_actual,전북,2021,4,2021Q4,문화 및 기타서비스업,5052.344912939668
recursive_no_target_actual,전북,2021,4,2021Q4,보건 및 사회복지업,11482.689450348258
recursive_no_target_actual,전북,2021,4,2021Q4,부동산업,8482.745263358936
recursive_no_target_actual,전북,2021,4,2021Q4,사업서비스업,7321.676051507806
recursive_no_target_actual,전북,2021,4,2021Q4,숙박 및 음식점업,3618.369267034934
recursive_no_target_actual,전북,2021,4,2021Q4,운수 및 창고업,4648.424507212584
recursive_no_target_actual,전북,2021,4,2021Q4,정보통신업,2835.7874398007875
recursive_no_target_actual,전북,2022,1,2022Q1,건설업,7299.809760831044
recursive_no_target_actual,전북,2022,1,2022Q1,"공공 행정, 국방·사회보장",17509.98849678491
recursive_no_target_actual,전북,2022,1,2022Q1,"광업, 제조업",30771.62607369659
recursive_no_target_actual,전북,2022,1,2022Q1,교육 서비스업,10593.645146614517
recursive_no_target_actual,전북,2022,1,2022Q1,금융 및 보험업,7142.751945457463
recursive_no_target_actual,전북,2022,1,2022Q1,도매 및 소매업,8131.059001680758
recursive_no_target_actual,전북,2022,1,2022Q1,문화 및 기타서비스업,4871.375812088082
recursive_no_target_actual,전북,2022,1,2022Q1,보건 및 사회복지업,10979.60934918383
recursive_no_target_actual,전북,2022,1,2022Q1,부동산업,8595.69046637357
recursive_no_target_actual,전북,2022,1,2022Q1,사업서비스업,5731.013272520813
recursive_no_target_actual,전북,2022,1,2022Q1,숙박 및 음식점업,2698.3966552316997
recursive_no_target_actual,전북,2022,1,2022Q1,운수 및 창고업,4436.695483282763
recursive_no_target_actual,전북,2022,1,2022Q1,정보통신업,2472.346836347633
recursive_no_target_actual,전북,2022,2,2022Q2,건설업,10090.012004337728
recursive_no_target_actual,전북,2022,2,2022Q2,"공공 행정, 국방·사회보장",16888.99945240855
recursive_no_target_actual,전북,2022,2,2022Q2,"광업, 제조업",32867.23492631421
recursive_no_target_actual,전북,2022,2,2022Q2,교육 서비스업,9117.947449020352
recursive_no_target_actual,전북,2022,2,2022Q2,금융 및 보험업,7028.00231741559
recursive_no_target_actual,전북,2022,2,2022Q2,도매 및 소매업,8196.40410454715
recursive_no_target_actual,전북,2022,2,2022Q2,문화 및 기타서비스업,4970.3370151566805
recursive_no_target_actual,전북,2022,2,2022Q2,보건 및 사회복지업,11305.755240419876
recursive_no_target_actual,전북,2022,2,2022Q2,부동산업,8554.286264469478
recursive_no_target_actual,전북,2022,2,2022Q2,사업서비스업,6404.245088249649
recursive_no_target_actual,전북,2022,2,2022Q2,숙박 및 음식점업,3662.58852135482
recursive_no_target_actual,전북,2022,2,2022Q2,운수 및 창고업,5159.800155274384
recursive_no_target_actual,전북,2022,2,2022Q2,정보통신업,2572.0449475045784
recursive_no_target_actual,전북,2022,3,2022Q3,건설업,9520.048922811422
recursive_no_target_actual,전북,2022,3,2022Q3,"공공 행정, 국방·사회보장",15713.391084432682
recursive_no_target_actual,전북,2022,3,2022Q3,"광업, 제조업",32780.40205718582
recursive_no_target_actual,전북,2022,3,2022Q3,교육 서비스업,9839.99810848062
recursive_no_target_actual,전북,2022,3,2022Q3,금융 및 보험업,6974.666939850119
recursive_no_target_actual,전북,2022,3,2022Q3,도매 및 소매업,8022.8747302672555
recursive_no_target_actual,전북,2022,3,2022Q3,문화 및 기타서비스업,5658.652559392508
recursive_no_target_actual,전북,2022,3,2022Q3,보건 및 사회복지업,10990.286862975046
recursive_no_target_actual,전북,2022,3,2022Q3,부동산업,8386.137036870534
recursive_no_target_actual,전북,2022,3,2022Q3,사업서비스업,6218.6861644909295
recursive_no_target_actual,전북,2022,3,2022Q3,숙박 및 음식점업,3945.011456238488
recursive_no_target_actual,전북,2022,3,2022Q3,운수 및 창고업,5445.6883990618
recursive_no_target_actual,전북,2022,3,2022Q3,정보통신업,2574.47942975972
recursive_no_target_actual,전북,2022,4,2022Q4,건설업,11208.314488780892
recursive_no_target_actual,전북,2022,4,2022Q4,"공공 행정, 국방·사회보장",16049.86469092649
recursive_no_target_actual,전북,2022,4,2022Q4,"광업, 제조업",32175.78673165769
recursive_no_target_actual,전북,2022,4,2022Q4,교육 서비스업,9770.165690185115
recursive_no_target_actual,전북,2022,4,2022Q4,금융 및 보험업,6951.740263802475
recursive_no_target_actual,전북,2022,4,2022Q4,도매 및 소매업,8932.954676626616
recursive_no_target_actual,전북,2022,4,2022Q4,문화 및 기타서비스업,5357.504707579116
recursive_no_target_actual,전북,2022,4,2022Q4,보건 및 사회복지업,11622.205846927563
recursive_no_target_actual,전북,2022,4,2022Q4,부동산업,8308.006628262556
recursive_no_target_actual,전북,2022,4,2022Q4,사업서비스업,7467.53853577928
recursive_no_target_actual,전북,2022,4,2022Q4,숙박 및 음식점업,4078.0875288502707
recursive_no_target_actual,전북,2022,4,2022Q4,운수 및 창고업,5745.659168064963
recursive_no_target_actual,전북,2022,4,2022Q4,정보통신업,2780.7970198088537
recursive_no_target_actual,전북,2023,1,2023Q1,건설업,7004.07589030614
recursive_no_target_actual,전북,2023,1,2023Q1,"공공 행정, 국방·사회보장",17955.02721866958
recursive_no_target_actual,전북,2023,1,2023Q1,"광업, 제조업",29312.08713873038
recursive_no_target_actual,전북,2023,1,2023Q1,교육 서비스업,10742.45710693539
recursive_no_target_actual,전북,2023,1,2023Q1,금융 및 보험업,7236.93147383641
recursive_no_target_actual,전북,2023,1,2023Q1,도매 및 소매업,8028.532075942991
recursive_no_target_actual,전북,2023,1,2023Q1,문화 및 기타서비스업,5233.965396612163
recursive_no_target_actual,전북,2023,1,2023Q1,보건 및 사회복지업,11250.422248848621
recursive_no_target_actual,전북,2023,1,2023Q1,부동산업,8787.888449692824
recursive_no_target_actual,전북,2023,1,2023Q1,사업서비스업,5714.45653791108
recursive_no_target_actual,전북,2023,1,2023Q1,숙박 및 음식점업,3069.5582507221857
recursive_no_target_actual,전북,2023,1,2023Q1,운수 및 창고업,4737.112623052015
recursive_no_target_actual,전북,2023,1,2023Q1,정보통신업,2623.4208188626317
recursive_no_target_actual,전북,2023,2,2023Q2,건설업,9483.8734607977
recursive_no_target_actual,전북,2023,2,2023Q2,"공공 행정, 국방·사회보장",17268.634154217212
recursive_no_target_actual,전북,2023,2,2023Q2,"광업, 제조업",32386.864729977275
recursive_no_target_actual,전북,2023,2,2023Q2,교육 서비스업,9218.528767717193
recursive_no_target_actual,전북,2023,2,2023Q2,금융 및 보험업,7163.915926054818
recursive_no_target_actual,전북,2023,2,2023Q2,도매 및 소매업,7453.582717248144
recursive_no_target_actual,전북,2023,2,2023Q2,문화 및 기타서비스업,4969.059219028277
recursive_no_target_actual,전북,2023,2,2023Q2,보건 및 사회복지업,11388.56114818957
recursive_no_target_actual,전북,2023,2,2023Q2,부동산업,8797.037250814541
recursive_no_target_actual,전북,2023,2,2023Q2,사업서비스업,6405.425653151661
recursive_no_target_actual,전북,2023,2,2023Q2,숙박 및 음식점업,3496.772434355158
recursive_no_target_actual,전북,2023,2,2023Q2,운수 및 창고업,6032.873595067552
recursive_no_target_actual,전북,2023,2,2023Q2,정보통신업,2587.1345271194195
recursive_no_target_actual,전북,2023,3,2023Q3,건설업,9010.914886396547
recursive_no_target_actual,전북,2023,3,2023Q3,"공공 행정, 국방·사회보장",16076.166110988252
recursive_no_target_actual,전북,2023,3,2023Q3,"광업, 제조업",32701.067697558767
recursive_no_target_actual,전북,2023,3,2023Q3,교육 서비스업,9893.74104263763
recursive_no_target_actual,전북,2023,3,2023Q3,금융 및 보험업,7151.565974225764
recursive_no_target_actual,전북,2023,3,2023Q3,도매 및 소매업,7167.093561363349
recursive_no_target_actual,전북,2023,3,2023Q3,문화 및 기타서비스업,5705.164140243375
recursive_no_target_actual,전북,2023,3,2023Q3,보건 및 사회복지업,11192.958338984212
recursive_no_target_actual,전북,2023,3,2023Q3,부동산업,8686.347985541182
recursive_no_target_actual,전북,2023,3,2023Q3,사업서비스업,6271.173877626182
recursive_no_target_actual,전북,2023,3,2023Q3,숙박 및 음식점업,3687.4876603674757
recursive_no_target_actual,전북,2023,3,2023Q3,운수 및 창고업,6224.346919210192
recursive_no_target_actual,전북,2023,3,2023Q3,정보통신업,2671.5149546396287
recursive_no_target_actual,전북,2023,4,2023Q4,건설업,10085.175779427123
recursive_no_target_actual,전북,2023,4,2023Q4,"공공 행정, 국방·사회보장",16299.804906829198
recursive_no_target_actual,전북,2023,4,2023Q4,"광업, 제조업",33871.06101565827
recursive_no_target_actual,전북,2023,4,2023Q4,교육 서비스업,9780.754557838567
recursive_no_target_actual,전북,2023,4,2023Q4,금융 및 보험업,6726.862988568251
recursive_no_target_actual,전북,2023,4,2023Q4,도매 및 소매업,7823.001422967328
recursive_no_target_actual,전북,2023,4,2023Q4,문화 및 기타서비스업,5078.2326227385065
recursive_no_target_actual,전북,2023,4,2023Q4,보건 및 사회복지업,11894.60793498931
recursive_no_target_actual,전북,2023,4,2023Q4,부동산업,8603.623651241247
recursive_no_target_actual,전북,2023,4,2023Q4,사업서비스업,7511.618272041267
recursive_no_target_actual,전북,2023,4,2023Q4,숙박 및 음식점업,3839.064815540581
recursive_no_target_actual,전북,2023,4,2023Q4,운수 및 창고업,6445.208070358064
recursive_no_target_actual,전북,2023,4,2023Q4,정보통신업,2910.5384074508715
recursive_no_target_actual,전북,2024,1,2024Q1,건설업,7250.615847849666
recursive_no_target_actual,전북,2024,1,2024Q1,"공공 행정, 국방·사회보장",18270.6069777704
recursive_no_target_actual,전북,2024,1,2024Q1,"광업, 제조업",31414.66956917312
recursive_no_target_actual,전북,2024,1,2024Q1,교육 서비스업,10880.229621999455
recursive_no_target_actual,전북,2024,1,2024Q1,금융 및 보험업,7294.489306208781
recursive_no_target_actual,전북,2024,1,2024Q1,도매 및 소매업,7830.090143891543
recursive_no_target_actual,전북,2024,1,2024Q1,문화 및 기타서비스업,5316.463050982807
recursive_no_target_actual,전북,2024,1,2024Q1,보건 및 사회복지업,11690.74806777289
recursive_no_target_actual,전북,2024,1,2024Q1,부동산업,8901.986937009115
recursive_no_target_actual,전북,2024,1,2024Q1,사업서비스업,5828.781038683284
recursive_no_target_actual,전북,2024,1,2024Q1,숙박 및 음식점업,3095.3648552224763
recursive_no_target_actual,전북,2024,1,2024Q1,운수 및 창고업,5580.242915571897
recursive_no_target_actual,전북,2024,1,2024Q1,정보통신업,2689.0041368132547
recursive_no_target_actual,전북,2024,2,2024Q2,건설업,9400.476883750911
recursive_no_target_actual,전북,2024,2,2024Q2,"공공 행정, 국방·사회보장",17767.650419600614
recursive_no_target_actual,전북,2024,2,2024Q2,"광업, 제조업",33838.39374185018
recursive_no_target_actual,전북,2024,2,2024Q2,교육 서비스업,9345.255471686836
recursive_no_target_actual,전북,2024,2,2024Q2,금융 및 보험업,7259.321354801853
recursive_no_target_actual,전북,2024,2,2024Q2,도매 및 소매업,7373.548495413232
recursive_no_target_actual,전북,2024,2,2024Q2,문화 및 기타서비스업,5016.333286118779
recursive_no_target_actual,전북,2024,2,2024Q2,보건 및 사회복지업,11681.17790868966
recursive_no_target_actual,전북,2024,2,2024Q2,부동산업,9044.547978011842
recursive_no_target_actual,전북,2024,2,2024Q2,사업서비스업,6436.217366772599
recursive_no_target_actual,전북,2024,2,2024Q2,숙박 및 음식점업,3491.426390830072
recursive_no_target_actual,전북,2024,2,2024Q2,운수 및 창고업,6459.772500212819
recursive_no_target_actual,전북,2024,2,2024Q2,정보통신업,2579.768121058624
recursive_no_target_actual,전북,2024,3,2024Q3,건설업,8435.082759542303
recursive_no_target_actual,전북,2024,3,2024Q3,"공공 행정, 국방·사회보장",16343.620847666676
recursive_no_target_actual,전북,2024,3,2024Q3,"광업, 제조업",33800.20485157101
recursive_no_target_actual,전북,2024,3,2024Q3,교육 서비스업,9971.762140196603
recursive_no_target_actual,전북,2024,3,2024Q3,금융 및 보험업,7525.388332935391
recursive_no_target_actual,전북,2024,3,2024Q3,도매 및 소매업,7077.347117853851
recursive_no_target_actual,전북,2024,3,2024Q3,문화 및 기타서비스업,5667.486446716704
recursive_no_target_actual,전북,2024,3,2024Q3,보건 및 사회복지업,11560.829936565657
recursive_no_target_actual,전북,2024,3,2024Q3,부동산업,8852.6718580551
recursive_no_target_actual,전북,2024,3,2024Q3,사업서비스업,6268.928464398383
recursive_no_target_actual,전북,2024,3,2024Q3,숙박 및 음식점업,3598.796770015301
recursive_no_target_actual,전북,2024,3,2024Q3,운수 및 창고업,6726.251087776416
recursive_no_target_actual,전북,2024,3,2024Q3,정보통신업,2665.137427256468
recursive_no_target_actual,전북,2024,4,2024Q4,건설업,9414.66921644431
recursive_no_target_actual,전북,2024,4,2024Q4,"공공 행정, 국방·사회보장",16627.200754824265
recursive_no_target_actual,전북,2024,4,2024Q4,"광업, 제조업",34640.32706458663
recursive_no_target_actual,전북,2024,4,2024Q4,교육 서비스업,9880.376273772741
recursive_no_target_actual,전북,2024,4,2024Q4,금융 및 보험업,7223.459837259599
recursive_no_target_actual,전북,2024,4,2024Q4,도매 및 소매업,7746.915966639769
recursive_no_target_actual,전북,2024,4,2024Q4,문화 및 기타서비스업,5009.969975759276
recursive_no_target_actual,전북,2024,4,2024Q4,보건 및 사회복지업,12471.740666633948
recursive_no_target_actual,전북,2024,4,2024Q4,부동산업,8753.621662612357
recursive_no_target_actual,전북,2024,4,2024Q4,사업서비스업,7266.408393068297
recursive_no_target_actual,전북,2024,4,2024Q4,숙박 및 음식점업,3695.454424330296
recursive_no_target_actual,전북,2024,4,2024Q4,운수 및 창고업,6808.692234936726
recursive_no_target_actual,전북,2024,4,2024Q4,정보통신업,2908.5043831624366
recursive_no_target_actual,전북,2025,1,2025Q1,건설업,6357.95188787037
recursive_no_target_actual,전북,2025,1,2025Q1,"공공 행정, 국방·사회보장",18605.722485317074
recursive_no_target_actual,전북,2025,1,2025Q1,"광업, 제조업",31578.06156009075
recursive_no_target_actual,전북,2025,1,2025Q1,교육 서비스업,10811.614895492079
recursive_no_target_actual,전북,2025,1,2025Q1,금융 및 보험업,7683.572217373839
recursive_no_target_actual,전북,2025,1,2025Q1,도매 및 소매업,7767.160852711866
recursive_no_target_actual,전북,2025,1,2025Q1,문화 및 기타서비스업,5214.2102958497735
recursive_no_target_actual,전북,2025,1,2025Q1,보건 및 사회복지업,12233.901624464843
recursive_no_target_actual,전북,2025,1,2025Q1,부동산업,8865.408758158597
recursive_no_target_actual,전북,2025,1,2025Q1,사업서비스업,5723.616883236441
recursive_no_target_actual,전북,2025,1,2025Q1,숙박 및 음식점업,2992.5786164793035
recursive_no_target_actual,전북,2025,1,2025Q1,운수 및 창고업,5774.308641254382
recursive_no_target_actual,전북,2025,1,2025Q1,정보통신업,2717.0275026939153
recursive_no_target_actual,전북,2025,2,2025Q2,건설업,8421.43049425826
recursive_no_target_actual,전북,2025,2,2025Q2,"공공 행정, 국방·사회보장",18029.226567041143
recursive_no_target_actual,전북,2025,2,2025Q2,"광업, 제조업",34665.14816370553
recursive_no_target_actual,전북,2025,2,2025Q2,교육 서비스업,9249.430063150368
recursive_no_target_actual,전북,2025,2,2025Q2,금융 및 보험업,7574.027687865993
recursive_no_target_actual,전북,2025,2,2025Q2,도매 및 소매업,7384.8046069073325
recursive_no_target_actual,전북,2025,2,2025Q2,문화 및 기타서비스업,4920.529730361922
recursive_no_target_actual,전북,2025,2,2025Q2,보건 및 사회복지업,12410.337453553033
recursive_no_target_actual,전북,2025,2,2025Q2,부동산업,8997.704633529687
recursive_no_target_actual,전북,2025,2,2025Q2,사업서비스업,6351.192879912465
recursive_no_target_actual,전북,2025,2,2025Q2,숙박 및 음식점업,3429.2929823765285
recursive_no_target_actual,전북,2025,2,2025Q2,운수 및 창고업,6651.774177171445
recursive_no_target_actual,전북,2025,2,2025Q2,정보통신업,2659.404485749093
recursive_no_target_actual,전북,2025,3,2025Q3,건설업,7856.916315979669
recursive_no_target_actual,전북,2025,3,2025Q3,"공공 행정, 국방·사회보장",16599.9520520777
recursive_no_target_actual,전북,2025,3,2025Q3,"광업, 제조업",35039.243678060266
recursive_no_target_actual,전북,2025,3,2025Q3,교육 서비스업,9996.227539055588
recursive_no_target_actual,전북,2025,3,2025Q3,금융 및 보험업,7784.252337767668
recursive_no_target_actual,전북,2025,3,2025Q3,도매 및 소매업,7375.028405754353
recursive_no_target_actual,전북,2025,3,2025Q3,문화 및 기타서비스업,5764.8783223549235
recursive_no_target_actual,전북,2025,3,2025Q3,보건 및 사회복지업,12132.507707157241
recursive_no_target_actual,전북,2025,3,2025Q3,부동산업,8914.029018738098
recursive_no_target_actual,전북,2025,3,2025Q3,사업서비스업,6375.150095489829
recursive_no_target_actual,전북,2025,3,2025Q3,숙박 및 음식점업,3660.018721867845
recursive_no_target_actual,전북,2025,3,2025Q3,운수 및 창고업,6857.065043690466
recursive_no_target_actual,전북,2025,3,2025Q3,정보통신업,2722.3223731774983
recursive_no_target_actual,전북,2025,4,2025Q4,건설업,8694.495029858961
recursive_no_target_actual,전북,2025,4,2025Q4,"공공 행정, 국방·사회보장",17007.164332897817
recursive_no_target_actual,전북,2025,4,2025Q4,"광업, 제조업",35356.871862653905
recursive_no_target_actual,전북,2025,4,2025Q4,교육 서비스업,9890.037020294056
recursive_no_target_actual,전북,2025,4,2025Q4,금융 및 보험업,7661.928106446382
recursive_no_target_actual,전북,2025,4,2025Q4,도매 및 소매업,8038.992036387781
recursive_no_target_actual,전북,2025,4,2025Q4,문화 및 기타서비스업,4924.159638438919
recursive_no_target_actual,전북,2025,4,2025Q4,보건 및 사회복지업,13358.035380409952
recursive_no_target_actual,전북,2025,4,2025Q4,부동산업,8908.120260867752
recursive_no_target_actual,전북,2025,4,2025Q4,사업서비스업,7336.223953656838
recursive_no_target_actual,전북,2025,4,2025Q4,숙박 및 음식점업,3715.8889759980275
recursive_no_target_actual,전북,2025,4,2025Q4,운수 및 창고업,6864.841752204073
recursive_no_target_actual,전북,2025,4,2025Q4,정보통신업,2968.897355328743
recursive_no_target_actual,제주,2021,1,2021Q1,건설업,2939.2922530378446
recursive_no_target_actual,제주,2021,1,2021Q1,"공공 행정, 국방·사회보장",6927.835180241744
recursive_no_target_actual,제주,2021,1,2021Q1,"광업, 제조업",1845.1863024295749
recursive_no_target_actual,제주,2021,1,2021Q1,교육 서비스업,3422.8464308639846
recursive_no_target_actual,제주,2021,1,2021Q1,금융 및 보험업,2910.5098545164437
recursive_no_target_actual,제주,2021,1,2021Q1,도매 및 소매업,3974.601514663027
recursive_no_target_actual,제주,2021,1,2021Q1,문화 및 기타서비스업,2230.594176444781
recursive_no_target_actual,제주,2021,1,2021Q1,보건 및 사회복지업,3326.9253313516438
recursive_no_target_actual,제주,2021,1,2021Q1,부동산업,5950.081669078205
recursive_no_target_actual,제주,2021,1,2021Q1,사업서비스업,2997.0734034541592
recursive_no_target_actual,제주,2021,1,2021Q1,숙박 및 음식점업,2616.451951409545
recursive_no_target_actual,제주,2021,1,2021Q1,운수 및 창고업,2183.708181803078
recursive_no_target_actual,제주,2021,1,2021Q1,정보통신업,2643.448930618682
recursive_no_target_actual,제주,2021,2,2021Q2,건설업,4098.675856726876
recursive_no_target_actual,제주,2021,2,2021Q2,"공공 행정, 국방·사회보장",6720.703311176882
recursive_no_target_actual,제주,2021,2,2021Q2,"광업, 제조업",1981.2438847457558
recursive_no_target_actual,제주,2021,2,2021Q2,교육 서비스업,2963.2571051391783
recursive_no_target_actual,제주,2021,2,2021Q2,금융 및 보험업,2904.285204140861
recursive_no_target_actual,제주,2021,2,2021Q2,도매 및 소매업,4030.4629826178993
recursive_no_target_actual,제주,2021,2,2021Q2,문화 및 기타서비스업,2233.0246950545816
recursive_no_target_actual,제주,2021,2,2021Q2,보건 및 사회복지업,3478.4330615063063
recursive_no_target_actual,제주,2021,2,2021Q2,부동산업,6010.344504546155
recursive_no_target_actual,제주,2021,2,2021Q2,사업서비스업,3340.322043051324
recursive_no_target_actual,제주,2021,2,2021Q2,숙박 및 음식점업,3333.759170352558
recursive_no_target_actual,제주,2021,2,2021Q2,운수 및 창고업,2459.327100959002
recursive_no_target_actual,제주,2021,2,2021Q2,정보통신업,2723.5485901353727
recursive_no_target_actual,제주,2021,3,2021Q3,건설업,3751.4030717724672
recursive_no_target_actual,제주,2021,3,2021Q3,"공공 행정, 국방·사회보장",6238.588800591148
recursive_no_target_actual,제주,2021,3,2021Q3,"광업, 제조업",1968.7845302166368
recursive_no_target_actual,제주,2021,3,2021Q3,교육 서비스업,3226.01418421814
recursive_no_target_actual,제주,2021,3,2021Q3,금융 및 보험업,2988.5638862012916
recursive_no_target_actual,제주,2021,3,2021Q3,도매 및 소매업,3902.422880844157
recursive_no_target_actual,제주,2021,3,2021Q3,문화 및 기타서비스업,2424.587399335376
recursive_no_target_actual,제주,2021,3,2021Q3,보건 및 사회복지업,3488.323905315479
recursive_no_target_actual,제주,2021,3,2021Q3,부동산업,5810.649751864674
recursive_no_target_actual,제주,2021,3,2021Q3,사업서비스업,3326.6535065766598
recursive_no_target_actual,제주,2021,3,2021Q3,숙박 및 음식점업,3475.6525289624724
recursive_no_target_actual,제주,2021,3,2021Q3,운수 및 창고업,2490.2550172313117
recursive_no_target_actual,제주,2021,3,2021Q3,정보통신업,2760.135210428291
recursive_no_target_actual,제주,2021,4,2021Q4,건설업,4410.001934209373
recursive_no_target_actual,제주,2021,4,2021Q4,"공공 행정, 국방·사회보장",6362.152558455455
recursive_no_target_actual,제주,2021,4,2021Q4,"광업, 제조업",2053.155508535124
recursive_no_target_actual,제주,2021,4,2021Q4,교육 서비스업,3193.2387969801875
recursive_no_target_actual,제주,2021,4,2021Q4,금융 및 보험업,2936.519865013315
recursive_no_target_actual,제주,2021,4,2021Q4,도매 및 소매업,4377.2663497081085
recursive_no_target_actual,제주,2021,4,2021Q4,문화 및 기타서비스업,2387.216463155412
recursive_no_target_actual,제주,2021,4,2021Q4,보건 및 사회복지업,3686.497287454332
recursive_no_target_actual,제주,2021,4,2021Q4,부동산업,5700.751065085375
recursive_no_target_actual,제주,2021,4,2021Q4,사업서비스업,3922.3352364443913
recursive_no_target_actual,제주,2021,4,2021Q4,숙박 및 음식점업,3982.3611035889526
recursive_no_target_actual,제주,2021,4,2021Q4,운수 및 창고업,2609.289996636996
recursive_no_target_actual,제주,2021,4,2021Q4,정보통신업,3078.4967720202967
recursive_no_target_actual,제주,2022,1,2022Q1,건설업,2474.239773444131
recursive_no_target_actual,제주,2022,1,2022Q1,"공공 행정, 국방·사회보장",7140.004266592297
recursive_no_target_actual,제주,2022,1,2022Q1,"광업, 제조업",1942.100761181663
recursive_no_target_actual,제주,2022,1,2022Q1,교육 서비스업,3640.5042346548444
recursive_no_target_actual,제주,2022,1,2022Q1,금융 및 보험업,2957.464805902133
recursive_no_target_actual,제주,2022,1,2022Q1,도매 및 소매업,4186.585732546185
recursive_no_target_actual,제주,2022,1,2022Q1,문화 및 기타서비스업,2397.4955824019476
recursive_no_target_actual,제주,2022,1,2022Q1,보건 및 사회복지업,3582.263197401339
recursive_no_target_actual,제주,2022,1,2022Q1,부동산업,6032.975708229368
recursive_no_target_actual,제주,2022,1,2022Q1,사업서비스업,3199.2628480982144
recursive_no_target_actual,제주,2022,1,2022Q1,숙박 및 음식점업,3080.796477464678
recursive_no_target_actual,제주,2022,1,2022Q1,운수 및 창고업,2361.5659231750064
recursive_no_target_actual,제주,2022,1,2022Q1,정보통신업,2343.656821191822
recursive_no_target_actual,제주,2022,2,2022Q2,건설업,3419.967072240387
recursive_no_target_actual,제주,2022,2,2022Q2,"공공 행정, 국방·사회보장",6886.785115296544
recursive_no_target_actual,제주,2022,2,2022Q2,"광업, 제조업",2074.3616803173804
recursive_no_target_actual,제주,2022,2,2022Q2,교육 서비스업,3133.380988330247
recursive_no_target_actual,제주,2022,2,2022Q2,금융 및 보험업,2909.9525880600972
recursive_no_target_actual,제주,2022,2,2022Q2,도매 및 소매업,4220.231150110569
recursive_no_target_actual,제주,2022,2,2022Q2,문화 및 기타서비스업,2446.200313126561
recursive_no_target_actual,제주,2022,2,2022Q2,보건 및 사회복지업,3688.673214916707
recursive_no_target_actual,제주,2022,2,2022Q2,부동산업,6003.915733898837
recursive_no_target_actual,제주,2022,2,2022Q2,사업서비스업,3575.0856622847164
recursive_no_target_actual,제주,2022,2,2022Q2,숙박 및 음식점업,4181.627557651866
recursive_no_target_actual,제주,2022,2,2022Q2,운수 및 창고업,2746.4603471214828
recursive_no_target_actual,제주,2022,2,2022Q2,정보통신업,2438.1654697510576
recursive_no_target_actual,제주,2022,3,2022Q3,건설업,3226.7804863002875
recursive_no_target_actual,제주,2022,3,2022Q3,"공공 행정, 국방·사회보장",6407.410227944074
recursive_no_target_actual,제주,2022,3,2022Q3,"광업, 제조업",2068.8813660556007
recursive_no_target_actual,제주,2022,3,2022Q3,교육 서비스업,3381.513566590194
recursive_no_target_actual,제주,2022,3,2022Q3,금융 및 보험업,2887.869012532923
recursive_no_target_actual,제주,2022,3,2022Q3,도매 및 소매업,4130.882935765096
recursive_no_target_actual,제주,2022,3,2022Q3,문화 및 기타서비스업,2784.961587202155
recursive_no_target_actual,제주,2022,3,2022Q3,보건 및 사회복지업,3585.7468973652967
recursive_no_target_actual,제주,2022,3,2022Q3,부동산업,5885.89843099217
recursive_no_target_actual,제주,2022,3,2022Q3,사업서비스업,3471.49983152756
recursive_no_target_actual,제주,2022,3,2022Q3,숙박 및 음식점업,4504.07369664255
recursive_no_target_actual,제주,2022,3,2022Q3,운수 및 창고업,2898.633047931943
recursive_no_target_actual,제주,2022,3,2022Q3,정보통신업,2440.4732329093054
recursive_no_target_actual,제주,2022,4,2022Q4,건설업,3799.01098932949
recursive_no_target_actual,제주,2022,4,2022Q4,"공공 행정, 국방·사회보장",6544.613229899364
recursive_no_target_actual,제주,2022,4,2022Q4,"광업, 제조업",2030.7220604304093
recursive_no_target_actual,제주,2022,4,2022Q4,교육 서비스업,3357.5156686992846
recursive_no_target_actual,제주,2022,4,2022Q4,금융 및 보험업,2878.3761954723573
recursive_no_target_actual,제주,2022,4,2022Q4,도매 및 소매업,4599.4722939430285
recursive_no_target_actual,제주,2022,4,2022Q4,문화 및 기타서비스업,2636.7487060319454
recursive_no_target_actual,제주,2022,4,2022Q4,보건 및 사회복지업,3791.919999518573
recursive_no_target_actual,제주,2022,4,2022Q4,부동산업,5831.061782435556
recursive_no_target_actual,제주,2022,4,2022Q4,사업서비스업,4168.655256621311
recursive_no_target_actual,제주,2022,4,2022Q4,숙박 및 음식점업,4656.008474260339
recursive_no_target_actual,제주,2022,4,2022Q4,운수 및 창고업,3058.301600505742
recursive_no_target_actual,제주,2022,4,2022Q4,정보통신업,2636.051628360016
recursive_no_target_actual,제주,2023,1,2023Q1,건설업,2536.6601071459004
recursive_no_target_actual,제주,2023,1,2023Q1,"공공 행정, 국방·사회보장",7529.224324799869
recursive_no_target_actual,제주,2023,1,2023Q1,"광업, 제조업",1813.24488992969
recursive_no_target_actual,제주,2023,1,2023Q1,교육 서비스업,3669.8237448755604
recursive_no_target_actual,제주,2023,1,2023Q1,금융 및 보험업,3048.644030593873
recursive_no_target_actual,제주,2023,1,2023Q1,도매 및 소매업,4705.121094668143
recursive_no_target_actual,제주,2023,1,2023Q1,문화 및 기타서비스업,2645.0333864348486
recursive_no_target_actual,제주,2023,1,2023Q1,보건 및 사회복지업,3653.1766577842873
recursive_no_target_actual,제주,2023,1,2023Q1,부동산업,6163.29110532597
recursive_no_target_actual,제주,2023,1,2023Q1,사업서비스업,3038.901421412886
recursive_no_target_actual,제주,2023,1,2023Q1,숙박 및 음식점업,3605.257594776529
recursive_no_target_actual,제주,2023,1,2023Q1,운수 및 창고업,2887.7478196085735
recursive_no_target_actual,제주,2023,1,2023Q1,정보통신업,2242.7756222415815
recursive_no_target_actual,제주,2023,2,2023Q2,건설업,3434.7662483956524
recursive_no_target_actual,제주,2023,2,2023Q2,"공공 행정, 국방·사회보장",7241.393663542223
recursive_no_target_actual,제주,2023,2,2023Q2,"광업, 제조업",2003.450545658381
recursive_no_target_actual,제주,2023,2,2023Q2,교육 서비스업,3149.2213957964905
recursive_no_target_actual,제주,2023,2,2023Q2,금융 및 보험업,3017.8853568811746
recursive_no_target_actual,제주,2023,2,2023Q2,도매 및 소매업,4368.17203220291
recursive_no_target_actual,제주,2023,2,2023Q2,문화 및 기타서비스업,2511.160570914181
recursive_no_target_actual,제주,2023,2,2023Q2,보건 및 사회복지업,3698.0323788800906
recursive_no_target_actual,제주,2023,2,2023Q2,부동산업,6169.707518654459
recursive_no_target_actual,제주,2023,2,2023Q2,사업서비스업,3406.353166390998
recursive_no_target_actual,제주,2023,2,2023Q2,숙박 및 음식점업,4107.029203045132
recursive_no_target_actual,제주,2023,2,2023Q2,운수 및 창고업,3677.6447926007368
recursive_no_target_actual,제주,2023,2,2023Q2,정보통신업,2211.7542893474924
recursive_no_target_actual,제주,2023,3,2023Q3,건설업,3263.475250581583
recursive_no_target_actual,제주,2023,3,2023Q3,"공공 행정, 국방·사회보장",6741.346557610224
recursive_no_target_actual,제주,2023,3,2023Q3,"광업, 제조업",2022.8871324381432
recursive_no_target_actual,제주,2023,3,2023Q3,교육 서비스업,3379.8865047811664
recursive_no_target_actual,제주,2023,3,2023Q3,금융 및 보험업,3012.682791808135
recursive_no_target_actual,제주,2023,3,2023Q3,도매 및 소매업,4200.275066979801
recursive_no_target_actual,제주,2023,3,2023Q3,문화 및 기타서비스업,2883.1580804493406
recursive_no_target_actual,제주,2023,3,2023Q3,보건 및 사회복지업,3634.517285759103
recursive_no_target_actual,제주,2023,3,2023Q3,부동산업,6092.07679222686
recursive_no_target_actual,제주,2023,3,2023Q3,사업서비스업,3334.959166145313
recursive_no_target_actual,제주,2023,3,2023Q3,숙박 및 음식점업,4331.028052670696
recursive_no_target_actual,제주,2023,3,2023Q3,운수 및 창고업,3794.3670912464204
recursive_no_target_actual,제주,2023,3,2023Q3,정보통신업,2283.891540251331
recursive_no_target_actual,제주,2023,4,2023Q4,건설업,3652.5393890483188
recursive_no_target_actual,제주,2023,4,2023Q4,"공공 행정, 국방·사회보장",6835.1267920319115
recursive_no_target_actual,제주,2023,4,2023Q4,"광업, 제조업",2095.262886346594
recursive_no_target_actual,제주,2023,4,2023Q4,교육 서비스업,3341.288213846598
recursive_no_target_actual,제주,2023,4,2023Q4,금융 및 보험업,2833.7715741627653
recursive_no_target_actual,제주,2023,4,2023Q4,도매 및 소매업,4584.669858779778
recursive_no_target_actual,제주,2023,4,2023Q4,문화 및 기타서비스업,2566.3323719947152
recursive_no_target_actual,제주,2023,4,2023Q4,보건 및 사회복지업,3862.3531722150024
recursive_no_target_actual,제주,2023,4,2023Q4,부동산업,6034.058969549261
recursive_no_target_actual,제주,2023,4,2023Q4,사업서비스업,3994.617387073811
recursive_no_target_actual,제주,2023,4,2023Q4,숙박 및 음식점업,4509.058454847911
recursive_no_target_actual,제주,2023,4,2023Q4,운수 및 창고업,3929.0042338298263
recursive_no_target_actual,제주,2023,4,2023Q4,정보통신업,2488.233889467527
recursive_no_target_actual,제주,2024,1,2024Q1,건설업,2625.94927032925
recursive_no_target_actual,제주,2024,1,2024Q1,"공공 행정, 국방·사회보장",7661.55889437188
recursive_no_target_actual,제주,2024,1,2024Q1,"광업, 제조업",1943.3105802236691
recursive_no_target_actual,제주,2024,1,2024Q1,교육 서비스업,3716.889406124225
recursive_no_target_actual,제주,2024,1,2024Q1,금융 및 보험업,3072.8909566163647
recursive_no_target_actual,제주,2024,1,2024Q1,도매 및 소매업,4588.824203564011
recursive_no_target_actual,제주,2024,1,2024Q1,문화 및 기타서비스업,2686.7243479865156
recursive_no_target_actual,제주,2024,1,2024Q1,보건 및 사회복지업,3796.1568915864923
recursive_no_target_actual,제주,2024,1,2024Q1,부동산업,6243.312852988484
recursive_no_target_actual,제주,2024,1,2024Q1,사업서비스업,3099.6982593263606
recursive_no_target_actual,제주,2024,1,2024Q1,숙박 및 음식점업,3635.5679682148493
recursive_no_target_actual,제주,2024,1,2024Q1,운수 및 창고업,3401.7207515633936
recursive_no_target_actual,제주,2024,1,2024Q1,정보통신업,2298.843129851415
recursive_no_target_actual,제주,2024,2,2024Q2,건설업,3404.5625822189477
recursive_no_target_actual,제주,2024,2,2024Q2,"공공 행정, 국방·사회보장",7450.6501218052745
recursive_no_target_actual,제주,2024,2,2024Q2,"광업, 제조업",2093.2420897032125
recursive_no_target_actual,제주,2024,2,2024Q2,교육 서비스업,3192.5136019191805
recursive_no_target_actual,제주,2024,2,2024Q2,금융 및 보험업,3058.0760360229397
recursive_no_target_actual,제주,2024,2,2024Q2,도매 및 소매업,4321.267977776925
recursive_no_target_actual,제주,2024,2,2024Q2,문화 및 기타서비스업,2535.050963053165
recursive_no_target_actual,제주,2024,2,2024Q2,보건 및 사회복지업,3793.049320954846
recursive_no_target_actual,제주,2024,2,2024Q2,부동산업,6343.2965067419445
recursive_no_target_actual,제주,2024,2,2024Q2,사업서비스업,3422.7279487818732
recursive_no_target_actual,제주,2024,2,2024Q2,숙박 및 음식점업,4100.750167937624
recursive_no_target_actual,제주,2024,2,2024Q2,운수 및 창고업,3937.8827224585843
recursive_no_target_actual,제주,2024,2,2024Q2,정보통신업,2205.4567118418568
recursive_no_target_actual,제주,2024,3,2024Q3,건설업,3054.9266272541604
recursive_no_target_actual,제주,2024,3,2024Q3,"공공 행정, 국방·사회보장",6853.500478885725
recursive_no_target_actual,제주,2024,3,2024Q3,"광업, 제조업",2090.879726019485
recursive_no_target_actual,제주,2024,3,2024Q3,교육 서비스업,3406.539967166259
recursive_no_target_actual,제주,2024,3,2024Q3,금융 및 보험업,3170.15993616176
recursive_no_target_actual,제주,2024,3,2024Q3,도매 및 소매업,4147.679165196798
recursive_no_target_actual,제주,2024,3,2024Q3,문화 및 기타서비스업,2864.1173054823507
recursive_no_target_actual,제주,2024,3,2024Q3,보건 및 사회복지업,3753.9705741442467
recursive_no_target_actual,제주,2024,3,2024Q3,부동산업,6208.726252439822
recursive_no_target_actual,제주,2024,3,2024Q3,사업서비스업,3333.7650736879905
recursive_no_target_actual,제주,2024,3,2024Q3,숙박 및 음식점업,4226.8588270323025
recursive_no_target_actual,제주,2024,3,2024Q3,운수 및 창고업,4100.328292459274
recursive_no_target_actual,제주,2024,3,2024Q3,정보통신업,2278.43936008935
recursive_no_target_actual,제주,2024,4,2024Q4,건설업,3409.70260707512
recursive_no_target_actual,제주,2024,4,2024Q4,"공공 행정, 국방·사회보장",6972.416296110179
recursive_no_target_actual,제주,2024,4,2024Q4,"광업, 제조업",2142.849662600841
recursive_no_target_actual,제주,2024,4,2024Q4,교육 서비스업,3375.3208504213762
recursive_no_target_actual,제주,2024,4,2024Q4,금융 및 보험업,3042.968942390993
recursive_no_target_actual,제주,2024,4,2024Q4,도매 및 소매업,4540.0799783162065
recursive_no_target_actual,제주,2024,4,2024Q4,문화 및 기타서비스업,2531.835204622659
recursive_no_target_actual,제주,2024,4,2024Q4,보건 및 사회복지업,4049.7566115750897
recursive_no_target_actual,제주,2024,4,2024Q4,부동산업,6139.258462532407
recursive_no_target_actual,제주,2024,4,2024Q4,사업서비스업,3864.2167715801397
recursive_no_target_actual,제주,2024,4,2024Q4,숙박 및 음식점업,4340.385176379293
recursive_no_target_actual,제주,2024,4,2024Q4,운수 및 창고업,4150.584484765049
recursive_no_target_actual,제주,2024,4,2024Q4,정보통신업,2486.4949918967104
recursive_no_target_actual,제주,2025,1,2025Q1,건설업,2302.653936036778
recursive_no_target_actual,제주,2025,1,2025Q1,"공공 행정, 국방·사회보장",7802.085544669268
recursive_no_target_actual,제주,2025,1,2025Q1,"광업, 제조업",1953.4180042083426
recursive_no_target_actual,제주,2025,1,2025Q1,교육 서비스업,3693.4493355632403
recursive_no_target_actual,제주,2025,1,2025Q1,금융 및 보험업,3236.796791405295
recursive_no_target_actual,제주,2025,1,2025Q1,도매 및 소매업,4551.944493474886
recursive_no_target_actual,제주,2025,1,2025Q1,문화 및 기타서비스업,2635.0499614197106
recursive_no_target_actual,제주,2025,1,2025Q1,보건 및 사회복지업,3972.5267958452073
recursive_no_target_actual,제주,2025,1,2025Q1,부동산업,6217.6591404215815
recursive_no_target_actual,제주,2025,1,2025Q1,사업서비스업,3043.7728184119173
recursive_no_target_actual,제주,2025,1,2025Q1,숙박 및 음식점업,3514.843473809131
recursive_no_target_actual,제주,2025,1,2025Q1,운수 및 창고업,3520.023380357405
recursive_no_target_actual,제주,2025,1,2025Q1,정보통신업,2322.800445962656
recursive_no_target_actual,제주,2025,2,2025Q2,건설업,3049.982198144513
recursive_no_target_actual,제주,2025,2,2025Q2,"공공 행정, 국방·사회보장",7560.338927514733
recursive_no_target_actual,제주,2025,2,2025Q2,"광업, 제조업",2144.385095097571
recursive_no_target_actual,제주,2025,2,2025Q2,교육 서비스업,3159.7778547703747
recursive_no_target_actual,제주,2025,2,2025Q2,금융 및 보험업,3190.6498467816414
recursive_no_target_actual,제주,2025,2,2025Q2,도매 및 소매업,4327.86462173797
recursive_no_target_actual,제주,2025,2,2025Q2,문화 및 기타서비스업,2486.6357397350894
recursive_no_target_actual,제주,2025,2,2025Q2,보건 및 사회복지업,4029.8180901775386
recursive_no_target_actual,제주,2025,2,2025Q2,부동산업,6310.443430597052
recursive_no_target_actual,제주,2025,2,2025Q2,사업서비스업,3377.512619509527
recursive_no_target_actual,제주,2025,2,2025Q2,숙박 및 음식점업,4027.7732362687793
recursive_no_target_actual,제주,2025,2,2025Q2,운수 및 창고업,4054.927105423083
recursive_no_target_actual,제주,2025,2,2025Q2,정보통신업,2273.538239627078
recursive_no_target_actual,제주,2025,3,2025Q3,건설업,2845.532586463484
recursive_no_target_actual,제주,2025,3,2025Q3,"공공 행정, 국방·사회보장",6960.989880931851
recursive_no_target_actual,제주,2025,3,2025Q3,"광업, 제조업",2167.526633144279
recursive_no_target_actual,제주,2025,3,2025Q3,교육 서비스업,3414.8978038107816
recursive_no_target_actual,제주,2025,3,2025Q3,금융 및 보험업,3279.209497556761
recursive_no_target_actual,제주,2025,3,2025Q3,도매 및 소매업,4322.135279208664
recursive_no_target_actual,제주,2025,3,2025Q3,문화 및 기타서비스업,2913.3352011140914
recursive_no_target_actual,제주,2025,3,2025Q3,보건 및 사회복지업,3939.602707863767
recursive_no_target_actual,제주,2025,3,2025Q3,부동산업,6251.758437571711
recursive_no_target_actual,제주,2025,3,2025Q3,사업서비스업,3390.252871533171
recursive_no_target_actual,제주,2025,3,2025Q3,숙박 및 음식점업,4298.765234682817
recursive_no_target_actual,제주,2025,3,2025Q3,운수 및 창고업,4180.07258946562
recursive_no_target_actual,제주,2025,3,2025Q3,정보통신업,2327.3270573084696
recursive_no_target_actual,제주,2025,4,2025Q4,건설업,3148.877744820885
recursive_no_target_actual,제주,2025,4,2025Q4,"공공 행정, 국방·사회보장",7131.749444410544
recursive_no_target_actual,제주,2025,4,2025Q4,"광업, 제조업",2187.1751037525373
recursive_no_target_actual,제주,2025,4,2025Q4,교육 서비스업,3378.6211416512338
recursive_no_target_actual,제주,2025,4,2025Q4,금융 및 보험업,3227.6789505337797
recursive_no_target_actual,제주,2025,4,2025Q4,도매 및 소매업,4711.251154319477
recursive_no_target_actual,제주,2025,4,2025Q4,문화 및 기타서비스업,2488.470147746186
recursive_no_target_actual,제주,2025,4,2025Q4,보건 및 사회복지업,4337.549468471236
recursive_no_target_actual,제주,2025,4,2025Q4,부동산업,6247.61439375114
recursive_no_target_actual,제주,2025,4,2025Q4,사업서비스업,3901.3441177943805
recursive_no_target_actual,제주,2025,4,2025Q4,숙박 및 음식점업,4364.385966257969
recursive_no_target_actual,제주,2025,4,2025Q4,운수 및 창고업,4184.813277484017
recursive_no_target_actual,제주,2025,4,2025Q4,정보통신업,2538.1252468506336
recursive_no_target_actual,충남,2021,1,2021Q1,건설업,12436.945567494198
recursive_no_target_actual,충남,2021,1,2021Q1,"공공 행정, 국방·사회보장",19324.68185084058
recursive_no_target_actual,충남,2021,1,2021Q1,"광업, 제조업",145946.88970231477
recursive_no_target_actual,충남,2021,1,2021Q1,교육 서비스업,12011.714319768935
recursive_no_target_actual,충남,2021,1,2021Q1,금융 및 보험업,6889.58755024283
recursive_no_target_actual,충남,2021,1,2021Q1,도매 및 소매업,10501.628164076805
recursive_no_target_actual,충남,2021,1,2021Q1,문화 및 기타서비스업,5963.7315679210715
recursive_no_target_actual,충남,2021,1,2021Q1,보건 및 사회복지업,9720.584265720892
recursive_no_target_actual,충남,2021,1,2021Q1,부동산업,11628.364290870402
recursive_no_target_actual,충남,2021,1,2021Q1,사업서비스업,9224.721977088953
recursive_no_target_actual,충남,2021,1,2021Q1,숙박 및 음식점업,3541.7766472021985
recursive_no_target_actual,충남,2021,1,2021Q1,운수 및 창고업,7174.894555482067
recursive_no_target_actual,충남,2021,1,2021Q1,정보통신업,2775.9488312641456
recursive_no_target_actual,충남,2021,2,2021Q2,건설업,17342.613166904594
recursive_no_target_actual,충남,2021,2,2021Q2,"공공 행정, 국방·사회보장",18746.90288140662
recursive_no_target_actual,충남,2021,2,2021Q2,"광업, 제조업",156708.50273473168
recursive_no_target_actual,충남,2021,2,2021Q2,교육 서비스업,10398.88832931743
recursive_no_target_actual,충남,2021,2,2021Q2,금융 및 보험업,6874.85292439517
recursive_no_target_actual,충남,2021,2,2021Q2,도매 및 소매업,10649.224435803004
recursive_no_target_actual,충남,2021,2,2021Q2,문화 및 기타서비스업,5970.229818796446
recursive_no_target_actual,충남,2021,2,2021Q2,보건 및 사회복지업,10163.258360025906
recursive_no_target_actual,충남,2021,2,2021Q2,부동산업,11746.137162403216
recursive_no_target_actual,충남,2021,2,2021Q2,사업서비스업,10281.210371950612
recursive_no_target_actual,충남,2021,2,2021Q2,숙박 및 음식점업,4512.764077547812
recursive_no_target_actual,충남,2021,2,2021Q2,운수 및 창고업,8080.481070621122
recursive_no_target_actual,충남,2021,2,2021Q2,정보통신업,2860.0633960074015
recursive_no_target_actual,충남,2021,3,2021Q3,건설업,15873.207489709252
recursive_no_target_actual,충남,2021,3,2021Q3,"공공 행정, 국방·사회보장",17402.08025062083
recursive_no_target_actual,충남,2021,3,2021Q3,"광업, 제조업",155723.01739982047
recursive_no_target_actual,충남,2021,3,2021Q3,교육 서비스업,11320.975555006007
recursive_no_target_actual,충남,2021,3,2021Q3,금융 및 보험업,7074.3524580502035
recursive_no_target_actual,충남,2021,3,2021Q3,도매 및 소매업,10310.91893927516
recursive_no_target_actual,충남,2021,3,2021Q3,문화 및 기타서비스업,6482.3931512483205
recursive_no_target_actual,충남,2021,3,2021Q3,보건 및 사회복지업,10192.157349672629
recursive_no_target_actual,충남,2021,3,2021Q3,부동산업,11355.869690408117
recursive_no_target_actual,충남,2021,3,2021Q3,사업서비스업,10239.139847862962
recursive_no_target_actual,충남,2021,3,2021Q3,숙박 및 음식점업,4704.838915248135
recursive_no_target_actual,충남,2021,3,2021Q3,운수 및 창고업,8182.099290456417
recursive_no_target_actual,충남,2021,3,2021Q3,정보통신업,2898.4838794393477
recursive_no_target_actual,충남,2021,4,2021Q4,건설업,18659.918540465027
recursive_no_target_actual,충남,2021,4,2021Q4,"공공 행정, 국방·사회보장",17746.752178704824
recursive_no_target_actual,충남,2021,4,2021Q4,"광업, 제조업",162396.4258521329
recursive_no_target_actual,충남,2021,4,2021Q4,교육 서비스업,11205.957660930428
recursive_no_target_actual,충남,2021,4,2021Q4,금융 및 보험업,6951.156915563087
recursive_no_target_actual,충남,2021,4,2021Q4,도매 및 소매업,11565.542711684298
recursive_no_target_actual,충남,2021,4,2021Q4,문화 및 기타서비스업,6382.477965342815
recursive_no_target_actual,충남,2021,4,2021Q4,보건 및 사회복지업,10771.1787789035
recursive_no_target_actual,충남,2021,4,2021Q4,부동산업,11141.092476239906
recursive_no_target_actual,충남,2021,4,2021Q4,사업서비스업,12072.594556889502
recursive_no_target_actual,충남,2021,4,2021Q4,숙박 및 음식점업,5390.748165590898
recursive_no_target_actual,충남,2021,4,2021Q4,운수 및 창고업,8573.206230828171
recursive_no_target_actual,충남,2021,4,2021Q4,정보통신업,3232.8029557734303
recursive_no_target_actual,충남,2022,1,2022Q1,건설업,12947.857077149067
recursive_no_target_actual,충남,2022,1,2022Q1,"공공 행정, 국방·사회보장",19341.596211196353
recursive_no_target_actual,충남,2022,1,2022Q1,"광업, 제조업",154948.64977270336
recursive_no_target_actual,충남,2022,1,2022Q1,교육 서비스업,12473.002754297064
recursive_no_target_actual,충남,2022,1,2022Q1,금융 및 보험업,7200.689627376272
recursive_no_target_actual,충남,2022,1,2022Q1,도매 및 소매업,10761.746163618289
recursive_no_target_actual,충남,2022,1,2022Q1,문화 및 기타서비스업,6179.498703676602
recursive_no_target_actual,충남,2022,1,2022Q1,보건 및 사회복지업,10478.109830219371
recursive_no_target_actual,충남,2022,1,2022Q1,부동산업,11170.958130079161
recursive_no_target_actual,충남,2022,1,2022Q1,사업서비스업,9365.480111055283
recursive_no_target_actual,충남,2022,1,2022Q1,숙박 및 음식점업,3928.5097667506197
recursive_no_target_actual,충남,2022,1,2022Q1,운수 및 창고업,7559.10099954738
recursive_no_target_actual,충남,2022,1,2022Q1,정보통신업,2809.80173506887
recursive_no_target_actual,충남,2022,2,2022Q2,건설업,17896.909319457412
recursive_no_target_actual,충남,2022,2,2022Q2,"공공 행정, 국방·사회보장",18655.64948141354
recursive_no_target_actual,충남,2022,2,2022Q2,"광업, 제조업",165500.96057315165
recursive_no_target_actual,충남,2022,2,2022Q2,교육 서비스업,10735.510022394095
recursive_no_target_actual,충남,2022,2,2022Q2,금융 및 보험업,7085.009219783246
recursive_no_target_actual,충남,2022,2,2022Q2,도매 및 소매업,10848.23273442515
recursive_no_target_actual,충남,2022,2,2022Q2,문화 및 기타서비스업,6305.034209387165
recursive_no_target_actual,충남,2022,2,2022Q2,보건 및 사회복지업,10789.358833746086
recursive_no_target_actual,충남,2022,2,2022Q2,부동산업,11117.149235064928
recursive_no_target_actual,충남,2022,2,2022Q2,사업서비스업,10465.658889312535
recursive_no_target_actual,충남,2022,2,2022Q2,숙박 및 음식점업,5332.246002393463
recursive_no_target_actual,충남,2022,2,2022Q2,운수 및 창고업,8791.103797446161
recursive_no_target_actual,충남,2022,2,2022Q2,정보통신업,2923.107813970692
recursive_no_target_actual,충남,2022,3,2022Q3,건설업,16885.951395806824
recursive_no_target_actual,충남,2022,3,2022Q3,"공공 행정, 국방·사회보장",17357.06825390058
recursive_no_target_actual,충남,2022,3,2022Q3,"광업, 제조업",165063.71894688497
recursive_no_target_actual,충남,2022,3,2022Q3,교육 서비스업,11585.655533174027
recursive_no_target_actual,충남,2022,3,2022Q3,금융 및 보험업,7031.241217906585
recursive_no_target_actual,충남,2022,3,2022Q3,도매 및 소매업,10618.560427589633
recursive_no_target_actual,충남,2022,3,2022Q3,문화 및 기타서비스업,7178.184871007447
recursive_no_target_actual,충남,2022,3,2022Q3,보건 및 사회복지업,10488.29964286752
recursive_no_target_actual,충남,2022,3,2022Q3,부동산업,10898.622522352176
recursive_no_target_actual,충남,2022,3,2022Q3,사업서비스업,10162.42308662756
recursive_no_target_actual,충남,2022,3,2022Q3,숙박 및 음식점업,5743.416560248159
recursive_no_target_actual,충남,2022,3,2022Q3,운수 및 창고업,9278.191116716785
recursive_no_target_actual,충남,2022,3,2022Q3,정보통신업,2925.8745829223312
recursive_no_target_actual,충남,2022,4,2022Q4,건설업,19880.47070146559
recursive_no_target_actual,충남,2022,4,2022Q4,"공공 행정, 국방·사회보장",17728.738208665152
recursive_no_target_actual,충남,2022,4,2022Q4,"광업, 제조업",162019.21528308446
recursive_no_target_actual,충남,2022,4,2022Q4,교육 서비스업,11503.434547509103
recursive_no_target_actual,충남,2022,4,2022Q4,금융 및 보험업,7008.12857453508
recursive_no_target_actual,충남,2022,4,2022Q4,도매 및 소매업,11823.083647663952
recursive_no_target_actual,충남,2022,4,2022Q4,문화 및 기타서비스업,6796.169023394539
recursive_no_target_actual,충남,2022,4,2022Q4,보건 및 사회복지업,11091.355389850658
recursive_no_target_actual,충남,2022,4,2022Q4,부동산업,10797.084254232812
recursive_no_target_actual,충남,2022,4,2022Q4,사업서비스업,12203.266736567439
recursive_no_target_actual,충남,2022,4,2022Q4,숙박 및 음식점업,5937.15777689346
recursive_no_target_actual,충남,2022,4,2022Q4,운수 및 창고업,9789.27179564791
recursive_no_target_actual,충남,2022,4,2022Q4,정보통신업,3160.3528179225973
recursive_no_target_actual,충남,2023,1,2023Q1,건설업,13350.746676349903
recursive_no_target_actual,충남,2023,1,2023Q1,"공공 행정, 국방·사회보장",20013.349897097367
recursive_no_target_actual,충남,2023,1,2023Q1,"광업, 제조업",151047.63055420684
recursive_no_target_actual,충남,2023,1,2023Q1,교육 서비스업,12655.11785584356
recursive_no_target_actual,충남,2023,1,2023Q1,금융 및 보험업,7311.954730819376
recursive_no_target_actual,충남,2023,1,2023Q1,도매 및 소매업,11412.737160533841
recursive_no_target_actual,충남,2023,1,2023Q1,문화 및 기타서비스업,6776.62220245296
recursive_no_target_actual,충남,2023,1,2023Q1,보건 및 사회복지업,10837.181502038005
recursive_no_target_actual,충남,2023,1,2023Q1,부동산업,11786.893501695644
recursive_no_target_actual,충남,2023,1,2023Q1,사업서비스업,10168.147462502697
recursive_no_target_actual,충남,2023,1,2023Q1,숙박 및 음식점업,4131.076626148753
recursive_no_target_actual,충남,2023,1,2023Q1,운수 및 창고업,7957.406142217529
recursive_no_target_actual,충남,2023,1,2023Q1,정보통신업,3076.0541129475196
recursive_no_target_actual,충남,2023,2,2023Q2,건설업,18077.587117653817
recursive_no_target_actual,충남,2023,2,2023Q2,"공공 행정, 국방·사회보장",19248.270323642733
recursive_no_target_actual,충남,2023,2,2023Q2,"광업, 제조업",166892.21601278882
recursive_no_target_actual,충남,2023,2,2023Q2,교육 서비스업,10859.858862050101
recursive_no_target_actual,충남,2023,2,2023Q2,금융 및 보험업,7238.182251149626
recursive_no_target_actual,충남,2023,2,2023Q2,도매 및 소매업,10595.433841653961
recursive_no_target_actual,충남,2023,2,2023Q2,문화 및 기타서비스업,6433.637687166733
recursive_no_target_actual,충남,2023,2,2023Q2,보건 및 사회복지업,10970.246403206746
recursive_no_target_actual,충남,2023,2,2023Q2,부동산업,11799.164474991128
recursive_no_target_actual,충남,2023,2,2023Q2,사업서비스업,11397.63898268312
recursive_no_target_actual,충남,2023,2,2023Q2,숙박 및 음식점업,4706.030539452133
recursive_no_target_actual,충남,2023,2,2023Q2,운수 및 창고업,10134.026615074075
recursive_no_target_actual,충남,2023,2,2023Q2,정보통신업,3033.5071467277758
recursive_no_target_actual,충남,2023,3,2023Q3,건설업,17176.062032242244
recursive_no_target_actual,충남,2023,3,2023Q3,"공공 행정, 국방·사회보장",17919.100509551157
recursive_no_target_actual,충남,2023,3,2023Q3,"광업, 제조업",168511.33011891384
recursive_no_target_actual,충남,2023,3,2023Q3,교육 서비스업,11655.290561871712
recursive_no_target_actual,충남,2023,3,2023Q3,금융 및 보험업,7225.704270802802
recursive_no_target_actual,충남,2023,3,2023Q3,도매 및 소매업,10188.183125766109
recursive_no_target_actual,충남,2023,3,2023Q3,문화 및 기타서비스업,7386.701869759523
recursive_no_target_actual,충남,2023,3,2023Q3,보건 및 사회복지업,10781.828306642954
recursive_no_target_actual,충남,2023,3,2023Q3,부동산업,11650.70075824884
recursive_no_target_actual,충남,2023,3,2023Q3,사업서비스업,11158.755050048489
recursive_no_target_actual,충남,2023,3,2023Q3,숙박 및 음식점업,4962.699137366767
recursive_no_target_actual,충남,2023,3,2023Q3,운수 및 창고업,10455.663681119131
recursive_no_target_actual,충남,2023,3,2023Q3,정보통신업,3132.4461957966705
recursive_no_target_actual,충남,2023,4,2023Q4,건설업,19223.753301123365
recursive_no_target_actual,충남,2023,4,2023Q4,"공공 행정, 국방·사회보장",18168.37673827647
recursive_no_target_actual,충남,2023,4,2023Q4,"광업, 제조업",174540.4033004573
recursive_no_target_actual,충남,2023,4,2023Q4,교육 서비스업,11522.187188312371
recursive_no_target_actual,충남,2023,4,2023Q4,금융 및 보험업,6796.598507345111
recursive_no_target_actual,충남,2023,4,2023Q4,도매 및 소매업,11120.570759670503
recursive_no_target_actual,충남,2023,4,2023Q4,문화 및 기타서비스업,6574.988814932876
recursive_no_target_actual,충남,2023,4,2023Q4,보건 및 사회복지업,11457.70551858645
recursive_no_target_actual,충남,2023,4,2023Q4,부동산업,11539.745444697257
recursive_no_target_actual,충남,2023,4,2023Q4,사업서비스업,13365.967833586106
recursive_no_target_actual,충남,2023,4,2023Q4,숙박 및 음식점업,5166.694889083294
recursive_no_target_actual,충남,2023,4,2023Q4,운수 및 창고업,10826.666446003577
recursive_no_target_actual,충남,2023,4,2023Q4,정보통신업,3412.709686055052
recursive_no_target_actual,충남,2024,1,2024Q1,건설업,13820.686261573019
recursive_no_target_actual,충남,2024,1,2024Q1,"공공 행정, 국방·사회보장",20365.10698787801
recursive_no_target_actual,충남,2024,1,2024Q1,"광업, 제조업",161882.41323822955
recursive_no_target_actual,충남,2024,1,2024Q1,교육 서비스업,12817.420334510763
recursive_no_target_actual,충남,2024,1,2024Q1,금융 및 보험업,7370.109249240947
recursive_no_target_actual,충남,2024,1,2024Q1,도매 및 소매업,11130.647534347017
recursive_no_target_actual,충남,2024,1,2024Q1,문화 및 기타서비스업,6883.435181503271
recursive_no_target_actual,충남,2024,1,2024Q1,보건 및 사회복지업,11261.333655100902
recursive_no_target_actual,충남,2024,1,2024Q1,부동산업,11939.929891085485
recursive_no_target_actual,충남,2024,1,2024Q1,사업서비스업,10371.57334818696
recursive_no_target_actual,충남,2024,1,2024Q1,숙박 및 음식점업,4165.807702070291
recursive_no_target_actual,충남,2024,1,2024Q1,운수 및 창고업,9373.697183249364
recursive_no_target_actual,충남,2024,1,2024Q1,정보통신업,3152.952883237153
recursive_no_target_actual,충남,2024,2,2024Q2,건설업,17918.62159653955
recursive_no_target_actual,충남,2024,2,2024Q2,"공공 행정, 국방·사회보장",19804.492656353894
recursive_no_target_actual,충남,2024,2,2024Q2,"광업, 제조업",174372.0661130703
recursive_no_target_actual,충남,2024,2,2024Q2,교육 서비스업,11009.148857649248
recursive_no_target_actual,충남,2024,2,2024Q2,금융 및 보험업,7334.576721457208
recursive_no_target_actual,충남,2024,2,2024Q2,도매 및 소매업,10481.663412762398
recursive_no_target_actual,충남,2024,2,2024Q2,문화 및 기타서비스업,6494.845293325747
recursive_no_target_actual,충남,2024,2,2024Q2,보건 및 사회복지업,11252.115018796032
recursive_no_target_actual,충남,2024,2,2024Q2,부동산업,12131.142127950958
recursive_no_target_actual,충남,2024,2,2024Q2,사업서비스업,11452.42891461168
recursive_no_target_actual,충남,2024,2,2024Q2,숙박 및 음식점업,4698.83572063947
recursive_no_target_actual,충남,2024,2,2024Q2,운수 및 창고업,10851.131788672476
recursive_no_target_actual,충남,2024,2,2024Q2,정보통신업,3024.8697739136137
recursive_no_target_actual,충남,2024,3,2024Q3,건설업,16078.445590882013
recursive_no_target_actual,충남,2024,3,2024Q3,"공공 행정, 국방·사회보장",18217.215636952114
recursive_no_target_actual,충남,2024,3,2024Q3,"광업, 제조업",174175.27557533537
recursive_no_target_actual,충남,2024,3,2024Q3,교육 서비스업,11747.203070809133
recursive_no_target_actual,충남,2024,3,2024Q3,금융 및 보험업,7603.40194199602
recursive_no_target_actual,충남,2024,3,2024Q3,도매 및 소매업,10060.606557449752
recursive_no_target_actual,충남,2024,3,2024Q3,문화 및 기타서비스업,7337.919068357105
recursive_no_target_actual,충남,2024,3,2024Q3,보건 및 사회복지업,11136.187563944857
recursive_no_target_actual,충남,2024,3,2024Q3,부동산업,11873.785266357232
recursive_no_target_actual,충남,2024,3,2024Q3,사업서비스업,11154.759623245776
recursive_no_target_actual,충남,2024,3,2024Q3,숙박 및 음식점업,4843.337055217002
recursive_no_target_actual,충남,2024,3,2024Q3,운수 및 창고업,11298.762765214859
recursive_no_target_actual,충남,2024,3,2024Q3,정보통신업,3124.9683183641387
recursive_no_target_actual,충남,2024,4,2024Q4,건설업,17945.674164430526
recursive_no_target_actual,충남,2024,4,2024Q4,"공공 행정, 국방·사회보장",18533.304486977915
recursive_no_target_actual,충남,2024,4,2024Q4,"광업, 제조업",178504.49543100008
recursive_no_target_actual,충남,2024,4,2024Q4,교육 서비스업,11639.546237885343
recursive_no_target_actual,충남,2024,4,2024Q4,금융 및 보험업,7298.343437530804
recursive_no_target_actual,충남,2024,4,2024Q4,도매 및 소매업,11012.41358889608
recursive_no_target_actual,충남,2024,4,2024Q4,문화 및 기타서비스업,6486.6064634910645
recursive_no_target_actual,충남,2024,4,2024Q4,보건 및 사회복지업,12013.63951157414
recursive_no_target_actual,충남,2024,4,2024Q4,부동산업,11740.932634955594
recursive_no_target_actual,충남,2024,4,2024Q4,사업서비스업,12929.648090471735
recursive_no_target_actual,충남,2024,4,2024Q4,숙박 및 음식점업,4973.420977353061
recursive_no_target_actual,충남,2024,4,2024Q4,운수 및 창고업,11437.247480058359
recursive_no_target_actual,충남,2024,4,2024Q4,정보통신업,3410.3247203136466
recursive_no_target_actual,충남,2025,1,2025Q1,건설업,12119.144104771798
recursive_no_target_actual,충남,2025,1,2025Q1,"공공 행정, 국방·사회보장",20738.63935999835
recursive_no_target_actual,충남,2025,1,2025Q1,"광업, 제조업",162724.3857993384
recursive_no_target_actual,충남,2025,1,2025Q1,교육 서비스업,12736.588971447956
recursive_no_target_actual,충남,2025,1,2025Q1,금융 및 보험업,7763.225674795017
recursive_no_target_actual,충남,2025,1,2025Q1,도매 및 소매업,11041.19214534952
recursive_no_target_actual,충남,2025,1,2025Q1,문화 및 기타서비스업,6751.044491426295
recursive_no_target_actual,충남,2025,1,2025Q1,보건 및 사회복지업,11784.53656670278
recursive_no_target_actual,충남,2025,1,2025Q1,부동산업,11890.868833805895
recursive_no_target_actual,충남,2025,1,2025Q1,사업서비스업,10184.447130101495
recursive_no_target_actual,충남,2025,1,2025Q1,숙박 및 음식점업,4027.475800969615
recursive_no_target_actual,충남,2025,1,2025Q1,운수 및 창고업,9699.688967785989
recursive_no_target_actual,충남,2025,1,2025Q1,정보통신업,3185.811275324325
recursive_no_target_actual,충남,2025,2,2025Q2,건설업,16052.422466886765
recursive_no_target_actual,충남,2025,2,2025Q2,"공공 행정, 국방·사회보장",20096.055286680552
recursive_no_target_actual,충남,2025,2,2025Q2,"광업, 제조업",178632.4006256018
recursive_no_target_actual,충남,2025,2,2025Q2,교육 서비스업,10896.262036083031
recursive_no_target_actual,충남,2025,2,2025Q2,금융 및 보험업,7652.545527599198
recursive_no_target_actual,충남,2025,2,2025Q2,도매 및 소매업,10497.664225951745
recursive_no_target_actual,충남,2025,2,2025Q2,문화 및 기타서비스업,6370.804636993535
recursive_no_target_actual,충남,2025,2,2025Q2,보건 및 사회복지업,11954.491708029762
recursive_no_target_actual,충남,2025,2,2025Q2,부동산업,12068.312755931143
recursive_no_target_actual,충남,2025,2,2025Q2,사업서비스업,11301.138671246998
recursive_no_target_actual,충남,2025,2,2025Q2,숙박 및 음식점업,4615.215261146643
recursive_no_target_actual,충남,2025,2,2025Q2,운수 및 창고업,11173.656382263895
recursive_no_target_actual,충남,2025,2,2025Q2,정보통신업,3118.2462407713056
recursive_no_target_actual,충남,2025,3,2025Q3,건설업,14976.379615918187
recursive_no_target_actual,충남,2025,3,2025Q3,"공공 행정, 국방·사회보장",18502.932056144615
recursive_no_target_actual,충남,2025,3,2025Q3,"광업, 제조업",180560.1460221272
recursive_no_target_actual,충남,2025,3,2025Q3,교육 서비스업,11776.02445709615
recursive_no_target_actual,충남,2025,3,2025Q3,금융 및 보험업,7864.949518011522
recursive_no_target_actual,충남,2025,3,2025Q3,도매 및 소매업,10483.767138273439
recursive_no_target_actual,충남,2025,3,2025Q3,문화 및 기타서비스업,7464.016185318499
recursive_no_target_actual,충남,2025,3,2025Q3,보건 및 사회복지업,11686.86696277502
recursive_no_target_actual,충남,2025,3,2025Q3,부동산업,11956.081522468925
recursive_no_target_actual,충남,2025,3,2025Q3,사업서비스업,11343.767484532302
recursive_no_target_actual,충남,2025,3,2025Q3,숙박 및 음식점업,4925.730857076193
recursive_no_target_actual,충남,2025,3,2025Q3,운수 및 창고업,11518.50416870456
recursive_no_target_actual,충남,2025,3,2025Q3,정보통신업,3192.01969907832
recursive_no_target_actual,충남,2025,4,2025Q4,건설업,16572.92160170421
recursive_no_target_actual,충남,2025,4,2025Q4,"공공 행정, 국방·사회보장",18956.826208417137
recursive_no_target_actual,충남,2025,4,2025Q4,"광업, 제조업",182196.91055728417
recursive_no_target_actual,충남,2025,4,2025Q4,교육 서비스업,11650.927049983136
recursive_no_target_actual,충남,2025,4,2025Q4,금융 및 보험업,7741.357185385858
recursive_no_target_actual,충남,2025,4,2025Q4,도매 및 소매업,11427.606227274408
recursive_no_target_actual,충남,2025,4,2025Q4,문화 및 기타서비스업,6375.504422682481
recursive_no_target_actual,충남,2025,4,2025Q4,보건 및 사회복지업,12867.379617059545
recursive_no_target_actual,충남,2025,4,2025Q4,부동산업,11948.156308107846
recursive_no_target_actual,충남,2025,4,2025Q4,사업서비스업,13053.875986953572
recursive_no_target_actual,충남,2025,4,2025Q4,숙박 및 음식점업,5000.922230584053
recursive_no_target_actual,충남,2025,4,2025Q4,운수 및 창고업,11531.567490820076
recursive_no_target_actual,충남,2025,4,2025Q4,정보통신업,3481.137625772647
recursive_no_target_actual,충북,2021,1,2021Q1,건설업,7427.181089313971
recursive_no_target_actual,충북,2021,1,2021Q1,"공공 행정, 국방·사회보장",15795.480278164094
recursive_no_target_actual,충북,2021,1,2021Q1,"광업, 제조업",84742.15758108624
recursive_no_target_actual,충북,2021,1,2021Q1,교육 서비스업,9648.192347858303
recursive_no_target_actual,충북,2021,1,2021Q1,금융 및 보험업,5398.104982721571
recursive_no_target_actual,충북,2021,1,2021Q1,도매 및 소매업,7267.638073828357
recursive_no_target_actual,충북,2021,1,2021Q1,문화 및 기타서비스업,5284.626844311443
recursive_no_target_actual,충북,2021,1,2021Q1,보건 및 사회복지업,7332.662251398042
recursive_no_target_actual,충북,2021,1,2021Q1,부동산업,8459.773377527767
recursive_no_target_actual,충북,2021,1,2021Q1,사업서비스업,8220.755175971419
recursive_no_target_actual,충북,2021,1,2021Q1,숙박 및 음식점업,2571.109380634275
recursive_no_target_actual,충북,2021,1,2021Q1,운수 및 창고업,4333.956226700564
recursive_no_target_actual,충북,2021,1,2021Q1,정보통신업,2233.2782341051243
recursive_no_target_actual,충북,2021,2,2021Q2,건설업,10356.781562924645
recursive_no_target_actual,충북,2021,2,2021Q2,"공공 행정, 국방·사회보장",15323.219136310669
recursive_no_target_actual,충북,2021,2,2021Q2,"광업, 제조업",90990.74779962299
recursive_no_target_actual,충북,2021,2,2021Q2,교육 서비스업,8352.719031956087
recursive_no_target_actual,충북,2021,2,2021Q2,금융 및 보험업,5386.560161405818
recursive_no_target_actual,충북,2021,2,2021Q2,도매 및 소매업,7369.781881168799
recursive_no_target_actual,충북,2021,2,2021Q2,문화 및 기타서비스업,5290.385123440201
recursive_no_target_actual,충북,2021,2,2021Q2,보건 및 사회복지업,7666.590699755716
recursive_no_target_actual,충북,2021,2,2021Q2,부동산업,8545.454542846137
recursive_no_target_actual,충북,2021,2,2021Q2,사업서비스업,9162.261322387929
recursive_no_target_actual,충북,2021,2,2021Q2,숙박 및 음식점업,3275.9858139383573
recursive_no_target_actual,충북,2021,2,2021Q2,운수 및 창고업,4880.970860261166
recursive_no_target_actual,충북,2021,2,2021Q2,정보통신업,2300.949231674195
recursive_no_target_actual,충북,2021,3,2021Q3,건설업,9479.27172749367
recursive_no_target_actual,충북,2021,3,2021Q3,"공공 행정, 국방·사회보장",14223.996934042867
recursive_no_target_actual,충북,2021,3,2021Q3,"광업, 제조업",90418.53859588296
recursive_no_target_actual,충북,2021,3,2021Q3,교육 서비스업,9093.36892406221
recursive_no_target_actual,충북,2021,3,2021Q3,금융 및 보험업,5542.871322098727
recursive_no_target_actual,충북,2021,3,2021Q3,도매 및 소매업,7135.658003543647
recursive_no_target_actual,충북,2021,3,2021Q3,문화 및 기타서비스업,5744.227162526257
recursive_no_target_actual,충북,2021,3,2021Q3,보건 및 사회복지업,7688.390472762503
recursive_no_target_actual,충북,2021,3,2021Q3,부동산업,8261.53031351224
recursive_no_target_actual,충북,2021,3,2021Q3,사업서비스업,9124.769517268125
recursive_no_target_actual,충북,2021,3,2021Q3,숙박 및 음식점업,3415.420190012076
recursive_no_target_actual,충북,2021,3,2021Q3,운수 및 창고업,4942.352796008905
recursive_no_target_actual,충북,2021,3,2021Q3,정보통신업,2331.8588898155836
recursive_no_target_actual,충북,2021,4,2021Q4,건설업,11143.459088066453
recursive_no_target_actual,충북,2021,4,2021Q4,"공공 행정, 국방·사회보장",14505.72258854572
recursive_no_target_actual,충북,2021,4,2021Q4,"광업, 제조업",94293.36615693817
recursive_no_target_actual,충북,2021,4,2021Q4,교육 서비스업,9000.982880243268
recursive_no_target_actual,충북,2021,4,2021Q4,금융 및 보험업,5446.345591509042
recursive_no_target_actual,충북,2021,4,2021Q4,도매 및 소매업,8003.918748851839
recursive_no_target_actual,충북,2021,4,2021Q4,문화 및 기타서비스업,5655.689563612384
recursive_no_target_actual,충북,2021,4,2021Q4,보건 및 사회복지업,8125.171684756543
recursive_no_target_actual,충북,2021,4,2021Q4,부동산업,8105.277334755259
recursive_no_target_actual,충북,2021,4,2021Q4,사업서비스업,10758.681338846462
recursive_no_target_actual,충북,2021,4,2021Q4,숙박 및 음식점업,3913.3476099167738
recursive_no_target_actual,충북,2021,4,2021Q4,운수 및 창고업,5178.598826723719
recursive_no_target_actual,충북,2021,4,2021Q4,정보통신업,2600.8218865445356
recursive_no_target_actual,충북,2022,1,2022Q1,건설업,7436.758446269361
recursive_no_target_actual,충북,2022,1,2022Q1,"공공 행정, 국방·사회보장",16223.33721501748
recursive_no_target_actual,충북,2022,1,2022Q1,"광업, 제조업",90060.78454340118
recursive_no_target_actual,충북,2022,1,2022Q1,교육 서비스업,10219.260404094408
recursive_no_target_actual,충북,2022,1,2022Q1,금융 및 보험업,5647.437936731851
recursive_no_target_actual,충북,2022,1,2022Q1,도매 및 소매업,7539.778645992343
recursive_no_target_actual,충북,2022,1,2022Q1,문화 및 기타서비스업,5560.1168063801915
recursive_no_target_actual,충북,2022,1,2022Q1,보건 및 사회복지업,7881.263534863582
recursive_no_target_actual,충북,2022,1,2022Q1,부동산업,8360.100661820252
recursive_no_target_actual,충북,2022,1,2022Q1,사업서비스업,8371.376821970136
recursive_no_target_actual,충북,2022,1,2022Q1,숙박 및 음식점업,2787.75593655771
recursive_no_target_actual,충북,2022,1,2022Q1,운수 및 창고업,4866.144201022754
recursive_no_target_actual,충북,2022,1,2022Q1,정보통신업,2395.339607051656
recursive_no_target_actual,충북,2022,2,2022Q2,건설업,10279.30650999257
recursive_no_target_actual,충북,2022,2,2022Q2,"공공 행정, 국방·사회보장",15647.97906012212
recursive_no_target_actual,충북,2022,2,2022Q2,"광업, 제조업",96194.10284484015
recursive_no_target_actual,충북,2022,2,2022Q2,교육 서비스업,8795.71460463399
recursive_no_target_actual,충북,2022,2,2022Q2,금융 및 보험업,5556.710804167536
recursive_no_target_actual,충북,2022,2,2022Q2,도매 및 소매업,7600.371935391711
recursive_no_target_actual,충북,2022,2,2022Q2,문화 및 기타서비스업,5673.069670126802
recursive_no_target_actual,충북,2022,2,2022Q2,보건 및 사회복지업,8115.374024398923
recursive_no_target_actual,충북,2022,2,2022Q2,부동산업,8319.831262044323
recursive_no_target_actual,충북,2022,2,2022Q2,사업서비스업,9354.776606616992
recursive_no_target_actual,충북,2022,2,2022Q2,숙박 및 음식점업,3783.877686691804
recursive_no_target_actual,충북,2022,2,2022Q2,운수 및 창고업,5659.241590645929
recursive_no_target_actual,충북,2022,2,2022Q2,정보통신업,2491.932379105945
recursive_no_target_actual,충북,2022,3,2022Q3,건설업,9698.65058888266
recursive_no_target_actual,충북,2022,3,2022Q3,"공공 행정, 국방·사회보장",14558.755558349356
recursive_no_target_actual,충북,2022,3,2022Q3,"광업, 제조업",95939.96494848303
recursive_no_target_actual,충북,2022,3,2022Q3,교육 서비스업,9492.247630976739
recursive_no_target_actual,충북,2022,3,2022Q3,금융 및 보험업,5514.541030257815
recursive_no_target_actual,충북,2022,3,2022Q3,도매 및 소매업,7439.461398353731
recursive_no_target_actual,충북,2022,3,2022Q3,문화 및 기타서비스업,6458.702923077961
recursive_no_target_actual,충북,2022,3,2022Q3,보건 및 사회복지업,7888.9279514570535
recursive_no_target_actual,충북,2022,3,2022Q3,부동산업,8156.290651265727
recursive_no_target_actual,충북,2022,3,2022Q3,사업서비스업,9083.727910758676
recursive_no_target_actual,충북,2022,3,2022Q3,숙박 및 음식점업,4075.653253421593
recursive_no_target_actual,충북,2022,3,2022Q3,운수 및 창고업,5972.802308276557
recursive_no_target_actual,충북,2022,3,2022Q3,정보통신업,2494.2910335158654
recursive_no_target_actual,충북,2022,4,2022Q4,건설업,11418.589000789965
recursive_no_target_actual,충북,2022,4,2022Q4,"공공 행정, 국방·사회보장",14870.504751280263
recursive_no_target_actual,충북,2022,4,2022Q4,"광업, 제조업",94170.40846051526
recursive_no_target_actual,충북,2022,4,2022Q4,교육 서비스업,9424.88312543282
recursive_no_target_actual,충북,2022,4,2022Q4,금융 및 보험업,5496.413986078859
recursive_no_target_actual,충북,2022,4,2022Q4,도매 및 소매업,8283.36147880915
recursive_no_target_actual,충북,2022,4,2022Q4,문화 및 기타서비스업,6114.977187954436
recursive_no_target_actual,충북,2022,4,2022Q4,보건 및 사회복지업,8342.525150303043
recursive_no_target_actual,충북,2022,4,2022Q4,부동산업,8080.3016329004095
recursive_no_target_actual,충북,2022,4,2022Q4,사업서비스업,10907.945252078362
recursive_no_target_actual,충북,2022,4,2022Q4,숙박 및 음식점업,4213.136232700423
recursive_no_target_actual,충북,2022,4,2022Q4,운수 및 창고업,6301.808665273821
recursive_no_target_actual,충북,2022,4,2022Q4,정보통신업,2694.182362600669
recursive_no_target_actual,충북,2023,1,2023Q1,건설업,8783.779624320205
recursive_no_target_actual,충북,2023,1,2023Q1,"공공 행정, 국방·사회보장",16660.204294764026
recursive_no_target_actual,충북,2023,1,2023Q1,"광업, 제조업",88372.22189217762
recursive_no_target_actual,충북,2023,1,2023Q1,교육 서비스업,10477.905278347269
recursive_no_target_actual,충북,2023,1,2023Q1,금융 및 보험업,5788.636836124497
recursive_no_target_actual,충북,2023,1,2023Q1,도매 및 소매업,7553.063371449784
recursive_no_target_actual,충북,2023,1,2023Q1,문화 및 기타서비스업,5941.2264262118315
recursive_no_target_actual,충북,2023,1,2023Q1,보건 및 사회복지업,8232.909441011789
recursive_no_target_actual,충북,2023,1,2023Q1,부동산업,8583.94099027804
recursive_no_target_actual,충북,2023,1,2023Q1,사업서비스업,8739.214302525672
recursive_no_target_actual,충북,2023,1,2023Q1,숙박 및 음식점업,3382.103399386888
recursive_no_target_actual,충북,2023,1,2023Q1,운수 및 창고업,5340.658704772881
recursive_no_target_actual,충북,2023,1,2023Q1,정보통신업,2499.8962194311694
recursive_no_target_actual,충북,2023,2,2023Q2,건설업,11893.682445657345
recursive_no_target_actual,충북,2023,2,2023Q2,"공공 행정, 국방·사회보장",16023.310318441061
recursive_no_target_actual,충북,2023,2,2023Q2,"광업, 제조업",97642.28602226588
recursive_no_target_actual,충북,2023,2,2023Q2,교육 서비스업,8991.506344623942
recursive_no_target_actual,충북,2023,2,2023Q2,금융 및 보험업,5730.233562440565
recursive_no_target_actual,충북,2023,2,2023Q2,도매 및 소매업,7012.163876932098
recursive_no_target_actual,충북,2023,2,2023Q2,문화 및 기타서비스업,5640.523715462754
recursive_no_target_actual,충북,2023,2,2023Q2,보건 및 사회복지업,8333.997651160655
recursive_no_target_actual,충북,2023,2,2023Q2,부동산업,8592.877467955266
recursive_no_target_actual,충북,2023,2,2023Q2,사업서비스업,9795.924968614905
recursive_no_target_actual,충북,2023,2,2023Q2,숙박 및 음식점업,3852.81691081526
recursive_no_target_actual,충북,2023,2,2023Q2,운수 및 창고업,6801.510000734092
recursive_no_target_actual,충북,2023,2,2023Q2,정보통신업,2465.3184792173975
recursive_no_target_actual,충북,2023,3,2023Q3,건설업,11300.5472549433
recursive_no_target_actual,충북,2023,3,2023Q3,"공공 행정, 국방·사회보장",14916.836851527314
recursive_no_target_actual,충북,2023,3,2023Q3,"광업, 제조업",98589.56808508438
recursive_no_target_actual,충북,2023,3,2023Q3,교육 서비스업,9650.090334205448
recursive_no_target_actual,충북,2023,3,2023Q3,금융 및 보험업,5720.3551510806565
recursive_no_target_actual,충북,2023,3,2023Q3,도매 및 소매업,6742.641288099836
recursive_no_target_actual,충북,2023,3,2023Q3,문화 및 기타서비스업,6476.097831642145
recursive_no_target_actual,충북,2023,3,2023Q3,보건 및 사회복지업,8190.858115685883
recursive_no_target_actual,충북,2023,3,2023Q3,부동산업,8484.75705577628
recursive_no_target_actual,충북,2023,3,2023Q3,사업서비스업,9590.611474842037
recursive_no_target_actual,충북,2023,3,2023Q3,숙박 및 음식점업,4062.950930607633
recursive_no_target_actual,충북,2023,3,2023Q3,운수 및 창고업,7017.378559640204
recursive_no_target_actual,충북,2023,3,2023Q3,정보통신업,2545.725827605831
recursive_no_target_actual,충북,2023,4,2023Q4,건설업,12647.772940556704
recursive_no_target_actual,충북,2023,4,2023Q4,"공공 행정, 국방·사회보장",15124.347983733844
recursive_no_target_actual,충북,2023,4,2023Q4,"광업, 제조업",102116.94942200862
recursive_no_target_actual,충북,2023,4,2023Q4,교육 서비스업,9539.886339563134
recursive_no_target_actual,충북,2023,4,2023Q4,금융 및 보험업,5380.646069120003
recursive_no_target_actual,충북,2023,4,2023Q4,도매 및 소매업,7359.704731038761
recursive_no_target_actual,충북,2023,4,2023Q4,문화 및 기타서비스업,5764.449622879441
recursive_no_target_actual,충북,2023,4,2023Q4,보건 및 사회복지업,8704.31596246347
recursive_no_target_actual,충북,2023,4,2023Q4,부동산업,8403.952570357998
recursive_no_target_actual,충북,2023,4,2023Q4,사업서비스업,11487.643908502449
recursive_no_target_actual,충북,2023,4,2023Q4,숙박 및 음식점업,4229.961806410281
recursive_no_target_actual,충북,2023,4,2023Q4,운수 및 창고업,7266.379190041954
recursive_no_target_actual,충북,2023,4,2023Q4,정보통신업,2773.49478550305
recursive_no_target_actual,충북,2024,1,2024Q1,건설업,9092.964260461682
recursive_no_target_actual,충북,2024,1,2024Q1,"공공 행정, 국방·사회보장",16953.026087450882
recursive_no_target_actual,충북,2024,1,2024Q1,"광업, 제조업",94711.24102139435
recursive_no_target_actual,충북,2024,1,2024Q1,교육 서비스업,10612.284903830621
recursive_no_target_actual,충북,2024,1,2024Q1,금융 및 보험업,5834.675877655115
recursive_no_target_actual,충북,2024,1,2024Q1,도매 및 소매업,7366.373641103099
recursive_no_target_actual,충북,2024,1,2024Q1,문화 및 기타서비스업,6034.871914308603
recursive_no_target_actual,충북,2024,1,2024Q1,보건 및 사회복지업,8555.134021703761
recursive_no_target_actual,충북,2024,1,2024Q1,부동산업,8695.391503994708
recursive_no_target_actual,충북,2024,1,2024Q1,사업서비스업,8914.052680532266
recursive_no_target_actual,충북,2024,1,2024Q1,숙박 및 음식점업,3410.537655288867
recursive_no_target_actual,충북,2024,1,2024Q1,운수 및 창고업,6291.210548124015
recursive_no_target_actual,충북,2024,1,2024Q1,정보통신업,2562.3915261024017
recursive_no_target_actual,충북,2024,2,2024Q2,건설업,11789.095178803844
recursive_no_target_actual,충북,2024,2,2024Q2,"공공 행정, 국방·사회보장",16486.340133235943
recursive_no_target_actual,충북,2024,2,2024Q2,"광업, 제조업",102018.46173821055
recursive_no_target_actual,충북,2024,2,2024Q2,교육 서비스업,9115.112181464921
recursive_no_target_actual,충북,2024,2,2024Q2,금융 및 보험업,5806.545930632518
recursive_no_target_actual,충북,2024,2,2024Q2,도매 및 소매업,6936.869471468475
recursive_no_target_actual,충북,2024,2,2024Q2,문화 및 기타서비스업,5694.18588465753
recursive_no_target_actual,충북,2024,2,2024Q2,보건 및 사회복지업,8548.13070651029
recursive_no_target_actual,충북,2024,2,2024Q2,부동산업,8834.644018462253
recursive_no_target_actual,충북,2024,2,2024Q2,사업서비스업,9843.0152531048
recursive_no_target_actual,충북,2024,2,2024Q2,숙박 및 음식점업,3846.926528388013
recursive_no_target_actual,충북,2024,2,2024Q2,운수 및 창고업,7282.799244888304
recursive_no_target_actual,충북,2024,2,2024Q2,정보통신업,2458.2989227170565
recursive_no_target_actual,충북,2024,3,2024Q3,건설업,10578.398811364657
recursive_no_target_actual,충북,2024,3,2024Q3,"공공 행정, 국방·사회보장",15165.004147427133
recursive_no_target_actual,충북,2024,3,2024Q3,"광업, 제조업",101903.32708165763
recursive_no_target_actual,충북,2024,3,2024Q3,교육 서비스업,9726.190025532847
recursive_no_target_actual,충북,2024,3,2024Q3,금융 및 보험업,6019.366117761314
recursive_no_target_actual,충북,2024,3,2024Q3,도매 및 소매업,6658.209841756034
recursive_no_target_actual,충북,2024,3,2024Q3,문화 및 기타서비스업,6433.3287853270385
recursive_no_target_actual,충북,2024,3,2024Q3,보건 및 사회복지업,8460.061660390022
recursive_no_target_actual,충북,2024,3,2024Q3,부동산업,8647.220918979265
recursive_no_target_actual,충북,2024,3,2024Q3,사업서비스업,9587.177526702739
recursive_no_target_actual,충북,2024,3,2024Q3,숙박 및 음식점업,3965.229454990036
recursive_no_target_actual,충북,2024,3,2024Q3,운수 및 창고업,7583.2293383975
recursive_no_target_actual,충북,2024,3,2024Q3,정보통신업,2539.64858811766
recursive_no_target_actual,충북,2024,4,2024Q4,건설업,11806.893718495052
recursive_no_target_actual,충북,2024,4,2024Q4,"공공 행정, 국방·사회보장",15428.133750607194
recursive_no_target_actual,충북,2024,4,2024Q4,"광업, 제조업",104436.18891008283
recursive_no_target_actual,충북,2024,4,2024Q4,교육 서비스업,9637.054696190857
recursive_no_target_actual,충북,2024,4,2024Q4,금융 및 보험업,5777.8612177545665
recursive_no_target_actual,충북,2024,4,2024Q4,도매 및 소매업,7288.125235826962
recursive_no_target_actual,충북,2024,4,2024Q4,문화 및 기타서비스업,5686.962705900838
recursive_no_target_actual,충북,2024,4,2024Q4,보건 및 사회복지업,9126.654023202509
recursive_no_target_actual,충북,2024,4,2024Q4,부동산업,8550.46945955607
recursive_no_target_actual,충북,2024,4,2024Q4,사업서비스업,11112.640324657796
recursive_no_target_actual,충북,2024,4,2024Q4,숙박 및 음식점업,4071.7288775563284
recursive_no_target_actual,충북,2024,4,2024Q4,운수 및 창고업,7676.174147872918
recursive_no_target_actual,충북,2024,4,2024Q4,정보통신업,2771.556533891898
recursive_no_target_actual,충북,2025,1,2025Q1,건설업,7973.478460217389
recursive_no_target_actual,충북,2025,1,2025Q1,"공공 행정, 국방·사회보장",17263.97481228856
recursive_no_target_actual,충북,2025,1,2025Q1,"광업, 제조업",95203.84713328391
recursive_no_target_actual,충북,2025,1,2025Q1,교육 서비스업,10545.359935186356
recursive_no_target_actual,충북,2025,1,2025Q1,금융 및 보험업,6145.893370872948
recursive_no_target_actual,충북,2025,1,2025Q1,도매 및 소매업,7307.171171746993
recursive_no_target_actual,충북,2025,1,2025Q1,문화 및 기타서비스업,5918.801836477639
recursive_no_target_actual,충북,2025,1,2025Q1,보건 및 사회복지업,8952.606573924273
recursive_no_target_actual,충북,2025,1,2025Q1,부동산업,8659.66222379479
recursive_no_target_actual,충북,2025,1,2025Q1,사업서비스업,8753.22337239126
recursive_no_target_actual,충북,2025,1,2025Q1,숙박 및 음식점업,3297.2856303821277
recursive_no_target_actual,충북,2025,1,2025Q1,운수 및 창고업,6510.0018012854125
recursive_no_target_actual,충북,2025,1,2025Q1,정보통신업,2589.0954029326435
recursive_no_target_actual,충북,2025,2,2025Q2,건설업,10561.277567747957
recursive_no_target_actual,충북,2025,2,2025Q2,"공공 행정, 국방·사회보장",16729.05277309567
recursive_no_target_actual,충북,2025,2,2025Q2,"광업, 제조업",104511.02137317433
recursive_no_target_actual,충북,2025,2,2025Q2,교육 서비스업,9021.646641513562
recursive_no_target_actual,충북,2025,2,2025Q2,금융 및 보험업,6058.271496740585
recursive_no_target_actual,충북,2025,2,2025Q2,도매 및 소매업,6947.458969352628
recursive_no_target_actual,충북,2025,2,2025Q2,문화 및 기타서비스업,5585.436480705389
recursive_no_target_actual,충북,2025,2,2025Q2,보건 및 사회복지업,9081.719968151014
recursive_no_target_actual,충북,2025,2,2025Q2,부동산업,8788.887804427
recursive_no_target_actual,충북,2025,2,2025Q2,사업서비스업,9712.985878184643
recursive_no_target_actual,충북,2025,2,2025Q2,숙박 및 음식점업,3778.4666410746568
recursive_no_target_actual,충북,2025,2,2025Q2,운수 및 창고업,7499.263472990069
recursive_no_target_actual,충북,2025,2,2025Q2,정보통신업,2534.1855839753357
recursive_no_target_actual,충북,2025,3,2025Q3,건설업,9853.322911850217
recursive_no_target_actual,충북,2025,3,2025Q3,"공공 행정, 국방·사회보장",15402.850082195202
recursive_no_target_actual,충북,2025,3,2025Q3,"광업, 제조업",105638.87186184672
recursive_no_target_actual,충북,2025,3,2025Q3,교육 서비스업,9750.052921078033
recursive_no_target_actual,충북,2025,3,2025Q3,금융 및 보험업,6226.424830329786
recursive_no_target_actual,충북,2025,3,2025Q3,도매 및 소매업,6938.261738010456
recursive_no_target_actual,충북,2025,3,2025Q3,문화 및 기타서비스업,6543.881137395444
recursive_no_target_actual,충북,2025,3,2025Q3,보건 및 사회복지업,8878.407853147517
recursive_no_target_actual,충북,2025,3,2025Q3,부동산업,8707.154115633833
recursive_no_target_actual,충북,2025,3,2025Q3,사업서비스업,9749.624050097125
recursive_no_target_actual,충북,2025,3,2025Q3,숙박 및 음식점업,4032.6850803813695
recursive_no_target_actual,충북,2025,3,2025Q3,운수 및 창고업,7730.710039818534
recursive_no_target_actual,충북,2025,3,2025Q3,정보통신업,2594.1409627639578
recursive_no_target_actual,충북,2025,4,2025Q4,건설업,10903.726556236723
recursive_no_target_actual,충북,2025,4,2025Q4,"공공 행정, 국방·사회보장",15780.696337017125
recursive_no_target_actual,충북,2025,4,2025Q4,"광업, 제조업",106596.4805191651
recursive_no_target_actual,충북,2025,4,2025Q4,교육 서비스업,9646.477529902064
recursive_no_target_actual,충북,2025,4,2025Q4,금융 및 보험업,6128.5807987900425
recursive_no_target_actual,충북,2025,4,2025Q4,도매 및 소매업,7562.903868237372
recursive_no_target_actual,충북,2025,4,2025Q4,문화 및 기타서비스업,5589.556894991226
recursive_no_target_actual,충북,2025,4,2025Q4,보건 및 사회복지업,9775.232712532334
recursive_no_target_actual,충북,2025,4,2025Q4,부동산업,8701.3824869684
recursive_no_target_actual,충북,2025,4,2025Q4,사업서비스업,11219.4104333438
recursive_no_target_actual,충북,2025,4,2025Q4,숙박 및 음식점업,4094.2440934327888
recursive_no_target_actual,충북,2025,4,2025Q4,운수 및 창고업,7739.477563270597
recursive_no_target_actual,충북,2025,4,2025Q4,정보통신업,2829.105883852541
prior_year_province_anchor,강원,2021,1,2021Q1,서비스업,89374.34835225853
prior_year_province_anchor,강원,2021,2,2021Q2,서비스업,89995.15657652935
prior_year_province_anchor,강원,2021,3,2021Q3,서비스업,89106.25627897365
prior_year_province_anchor,강원,2021,4,2021Q4,서비스업,92806.3119518467
prior_year_province_anchor,강원,2022,1,2022Q1,서비스업,95194.40030559033
prior_year_province_anchor,강원,2022,2,2022Q2,서비스업,96140.0176459306
prior_year_province_anchor,강원,2022,3,2022Q3,서비스업,95596.83135172474
prior_year_province_anchor,강원,2022,4,2022Q4,서비스업,98905.84448432387
prior_year_province_anchor,강원,2023,1,2023Q1,서비스업,97583.34834039971
prior_year_province_anchor,강원,2023,2,2023Q2,서비스업,97010.44507215294
prior_year_province_anchor,강원,2023,3,2023Q3,서비스업,96464.67706775315
prior_year_province_anchor,강원,2023,4,2023Q4,서비스업,98580.6157584647
prior_year_province_anchor,강원,2024,1,2024Q1,서비스업,100025.65720334057
prior_year_province_anchor,강원,2024,2,2024Q2,서비스업,98915.00108154395
prior_year_province_anchor,강원,2024,3,2024Q3,서비스업,97809.9504599154
prior_year_province_anchor,강원,2024,4,2024Q4,서비스업,99876.75713725436
prior_year_province_anchor,강원,2025,1,2025Q1,서비스업,100465.02967372639
prior_year_province_anchor,강원,2025,2,2025Q2,서비스업,99434.69777969008
prior_year_province_anchor,강원,2025,3,2025Q3,서비스업,99181.04021391016
prior_year_province_anchor,강원,2025,4,2025Q4,서비스업,101540.56498712348
prior_year_province_anchor,경기도,2021,1,2021Q1,서비스업,650500.2086011602
prior_year_province_anchor,경기도,2021,2,2021Q2,서비스업,666279.2574897276
prior_year_province_anchor,경기도,2021,3,2021Q3,서비스업,665897.6018022608
prior_year_province_anchor,경기도,2021,4,2021Q4,서비스업,705356.8897514003
prior_year_province_anchor,경기도,2022,1,2022Q1,서비스업,678534.1536805958
prior_year_province_anchor,경기도,2022,2,2022Q2,서비스업,695520.1399088544
prior_year_province_anchor,경기도,2022,3,2022Q3,서비스업,696299.7767529575
prior_year_province_anchor,경기도,2022,4,2022Q4,서비스업,733604.1385326046
prior_year_province_anchor,경기도,2023,1,2023Q1,서비스업,711485.2198066971
prior_year_province_anchor,경기도,2023,2,2023Q2,서비스업,714626.2445287934
prior_year_province_anchor,경기도,2023,3,2023Q3,서비스업,716935.1944607892
prior_year_province_anchor,경기도,2023,4,2023Q4,서비스업,746893.3478455436
prior_year_province_anchor,경기도,2024,1,2024Q1,서비스업,728128.5218032388
prior_year_province_anchor,경기도,2024,2,2024Q2,서비스업,727269.8927519205
prior_year_province_anchor,경기도,2024,3,2024Q3,서비스업,728468.4441392736
prior_year_province_anchor,경기도,2024,4,2024Q4,서비스업,755795.9749084733
prior_year_province_anchor,경기도,2025,1,2025Q1,서비스업,736289.5509304772
prior_year_province_anchor,경기도,2025,2,2025Q2,서비스업,738383.9921047814
prior_year_province_anchor,경기도,2025,3,2025Q3,서비스업,748070.8438449812
prior_year_province_anchor,경기도,2025,4,2025Q4,서비스업,777262.0218687677
prior_year_province_anchor,경남,2021,1,2021Q1,서비스업,139814.34790692994
prior_year_province_anchor,경남,2021,2,2021Q2,서비스업,141770.10853219774
prior_year_province_anchor,경남,2021,3,2021Q3,서비스업,141509.38615893328
prior_year_province_anchor,경남,2021,4,2021Q4,서비스업,147993.75338138975
prior_year_province_anchor,경남,2022,1,2022Q1,서비스업,145622.29120655134
prior_year_province_anchor,경남,2022,2,2022Q2,서비스업,148014.16572629233
prior_year_province_anchor,경남,2022,3,2022Q3,서비스업,148158.20512183147
prior_year_province_anchor,경남,2022,4,2022Q4,서비스업,154380.08370765136
prior_year_province_anchor,경남,2023,1,2023Q1,서비스업,150832.954009378
prior_year_province_anchor,경남,2023,2,2023Q2,서비스업,150943.68669775315
prior_year_province_anchor,경남,2023,3,2023Q3,서비스업,151036.55439078432
prior_year_province_anchor,경남,2023,4,2023Q4,서비스업,155472.97260429914
prior_year_province_anchor,경남,2024,1,2024Q1,서비스업,152673.8342738793
prior_year_province_anchor,경남,2024,2,2024Q2,서비스업,151939.28709676335
prior_year_province_anchor,경남,2024,3,2024Q3,서비스업,151790.2533965423
prior_year_province_anchor,경남,2024,4,2024Q4,서비스업,155757.8037377008
prior_year_province_anchor,경남,2025,1,2025Q1,서비스업,153235.06980212568
prior_year_province_anchor,경남,2025,2,2025Q2,서비스업,152840.65844352683
prior_year_province_anchor,경남,2025,3,2025Q3,서비스업,154030.2802958739
prior_year_province_anchor,경남,2025,4,2025Q4,서비스업,158556.47436819802
prior_year_province_anchor,경북,2021,1,2021Q1,서비스업,113893.72366218118
prior_year_province_anchor,경북,2021,2,2021Q2,서비스업,115355.59026434582
prior_year_province_anchor,경북,2021,3,2021Q3,서비스업,115102.12636198713
prior_year_province_anchor,경북,2021,4,2021Q4,서비스업,120277.49348527016
prior_year_province_anchor,경북,2022,1,2022Q1,서비스업,118428.71241388744
prior_year_province_anchor,경북,2022,2,2022Q2,서비스업,120270.69712829709
prior_year_province_anchor,경북,2022,3,2022Q3,서비스업,120426.90188522002
prior_year_province_anchor,경북,2022,4,2022Q4,서비스업,125351.3998959405
prior_year_province_anchor,경북,2023,1,2023Q1,서비스업,122900.6175048207
prior_year_province_anchor,경북,2023,2,2023Q2,서비스업,123198.12306452992
prior_year_province_anchor,경북,2023,3,2023Q3,서비스업,123259.29650698844
prior_year_province_anchor,경북,2023,4,2023Q4,서비스업,126686.18547438647
prior_year_province_anchor,경북,2024,1,2024Q1,서비스업,125483.06988265135
prior_year_province_anchor,경북,2024,2,2024Q2,서비스업,125067.02709582823
prior_year_province_anchor,경북,2024,3,2024Q3,서비스업,124748.80260223214
prior_year_province_anchor,경북,2024,4,2024Q4,서비스업,128001.7118853872
prior_year_province_anchor,경북,2025,1,2025Q1,서비스업,126285.93986550966
prior_year_province_anchor,경북,2025,2,2025Q2,서비스업,126170.37712118767
prior_year_province_anchor,경북,2025,3,2025Q3,서비스업,127026.42749641577
prior_year_province_anchor,경북,2025,4,2025Q4,서비스업,130617.38298778915
prior_year_province_anchor,광주,2021,1,2021Q1,서비스업,71671.3357845764
prior_year_province_anchor,광주,2021,2,2021Q2,서비스업,72877.89468134588
prior_year_province_anchor,광주,2021,3,2021Q3,서비스업,73038.45080504696
prior_year_province_anchor,광주,2021,4,2021Q4,서비스업,76675.6069275832
prior_year_province_anchor,광주,2022,1,2022Q1,서비스업,74355.01026964803
prior_year_province_anchor,광주,2022,2,2022Q2,서비스업,75584.3772531737
prior_year_province_anchor,광주,2022,3,2022Q3,서비스업,75618.78222198883
prior_year_province_anchor,광주,2022,4,2022Q4,서비스업,79160.65127553839
prior_year_province_anchor,광주,2023,1,2023Q1,서비스업,75565.41040665725
prior_year_province_anchor,광주,2023,2,2023Q2,서비스업,75358.69442776009
prior_year_province_anchor,광주,2023,3,2023Q3,서비스업,75572.46662807552
prior_year_province_anchor,광주,2023,4,2023Q4,서비스업,78186.24296441849
prior_year_province_anchor,광주,2024,1,2024Q1,서비스업,76500.48609038303
prior_year_province_anchor,광주,2024,2,2024Q2,서비스업,75952.2613331072
prior_year_province_anchor,광주,2024,3,2024Q3,서비스업,76111.78983912469
prior_year_province_anchor,광주,2024,4,2024Q4,서비스업,78560.51539705152
prior_year_province_anchor,광주,2025,1,2025Q1,서비스업,77506.69432504717
prior_year_province_anchor,광주,2025,2,2025Q2,서비스업,77255.05371591075
prior_year_province_anchor,광주,2025,3,2025Q3,서비스업,78145.36706599689
prior_year_province_anchor,광주,2025,4,2025Q4,서비스업,80971.59088510911
prior_year_province_anchor,대구,2021,1,2021Q1,서비스업,107254.52490419365
prior_year_province_anchor,대구,2021,2,2021Q2,서비스업,108951.8462478668
prior_year_province_anchor,대구,2021,3,2021Q3,서비스업,109012.12604349421
prior_year_province_anchor,대구,2021,4,2021Q4,서비스업,114232.39454657411
prior_year_province_anchor,대구,2022,1,2022Q1,서비스업,110468.71585205042
prior_year_province_anchor,대구,2022,2,2022Q2,서비스업,112112.09392494768
prior_year_province_anchor,대구,2022,3,2022Q3,서비스업,112096.72778099493
prior_year_province_anchor,대구,2022,4,2022Q4,서비스업,117225.22976929825
prior_year_province_anchor,대구,2023,1,2023Q1,서비스업,113195.54998464705
prior_year_province_anchor,대구,2023,2,2023Q2,서비스업,112923.35997263358
prior_year_province_anchor,대구,2023,3,2023Q3,서비스업,113085.02731300783
prior_year_province_anchor,대구,2023,4,2023Q4,서비스업,116845.83485813058
prior_year_province_anchor,대구,2024,1,2024Q1,서비스업,115442.24142254998
prior_year_province_anchor,대구,2024,2,2024Q2,서비스업,114771.41065477263
prior_year_province_anchor,대구,2024,3,2024Q3,서비스업,114932.38311015474
prior_year_province_anchor,대구,2024,4,2024Q4,서비스업,118419.45014245863
prior_year_province_anchor,대구,2025,1,2025Q1,서비스업,115875.94835942092
prior_year_province_anchor,대구,2025,2,2025Q2,서비스업,115618.17352532201
prior_year_province_anchor,대구,2025,3,2025Q3,서비스업,116893.84944938924
prior_year_province_anchor,대구,2025,4,2025Q4,서비스업,120961.45577126641
prior_year_province_anchor,대전,2021,1,2021Q1,서비스업,81651.2382375874
prior_year_province_anchor,대전,2021,2,2021Q2,서비스업,83555.05182215302
prior_year_province_anchor,대전,2021,3,2021Q3,서비스업,83405.41050262225
prior_year_province_anchor,대전,2021,4,2021Q4,서비스업,88749.9270341123
prior_year_province_anchor,대전,2022,1,2022Q1,서비스업,83401.58036450375
prior_year_province_anchor,대전,2022,2,2022Q2,서비스업,85250.71229875248
prior_year_province_anchor,대전,2022,3,2022Q3,서비스업,84839.03103373964
prior_year_province_anchor,대전,2022,4,2022Q4,서비스업,90045.14077453948
prior_year_province_anchor,대전,2023,1,2023Q1,서비스업,86245.55923461882
prior_year_province_anchor,대전,2023,2,2023Q2,서비스업,86879.70436316192
prior_year_province_anchor,대전,2023,3,2023Q3,서비스업,86648.86618737679
prior_year_province_anchor,대전,2023,4,2023Q4,서비스업,91291.10684261307
prior_year_province_anchor,대전,2024,1,2024Q1,서비스업,87952.22225583564
prior_year_province_anchor,대전,2024,2,2024Q2,서비스업,88078.72920159457
prior_year_province_anchor,대전,2024,3,2024Q3,서비스업,87659.07341724851
prior_year_province_anchor,대전,2024,4,2024Q4,서비스업,91660.62366219347
prior_year_province_anchor,대전,2025,1,2025Q1,서비스업,88596.24200537312
prior_year_province_anchor,대전,2025,2,2025Q2,서비스업,89013.34648737691
prior_year_province_anchor,대전,2025,3,2025Q3,서비스업,89693.93128845764
prior_year_province_anchor,대전,2025,4,2025Q4,서비스업,93942.56495431185
prior_year_province_anchor,부산,2021,1,2021Q1,서비스업,171168.9105458365
prior_year_province_anchor,부산,2021,2,2021Q2,서비스업,175878.4523005104
prior_year_province_anchor,부산,2021,3,2021Q3,서비스업,175999.84593368426
prior_year_province_anchor,부산,2021,4,2021Q4,서비스업,185588.81810212205
prior_year_province_anchor,부산,2022,1,2022Q1,서비스업,175582.29042989475
prior_year_province_anchor,부산,2022,2,2022Q2,서비스업,180455.56375733743
prior_year_province_anchor,부산,2022,3,2022Q3,서비스업,180736.42477738735
prior_year_province_anchor,부산,2022,4,2022Q4,서비스업,190088.50095709707
prior_year_province_anchor,부산,2023,1,2023Q1,서비스업,181762.96516659993
prior_year_province_anchor,부산,2023,2,2023Q2,서비스업,184487.6832473037
prior_year_province_anchor,부산,2023,3,2023Q3,서비스업,184783.68700175142
prior_year_province_anchor,부산,2023,4,2023Q4,서비스업,192065.34569281197
prior_year_province_anchor,부산,2024,1,2024Q1,서비스업,186383.0524247304
prior_year_province_anchor,부산,2024,2,2024Q2,서비스업,187656.90636206119
prior_year_province_anchor,부산,2024,3,2024Q3,서비스업,187981.40950864914
prior_year_province_anchor,부산,2024,4,2024Q4,서비스업,194556.55270290026
prior_year_province_anchor,부산,2025,1,2025Q1,서비스업,188401.97251274658
prior_year_province_anchor,부산,2025,2,2025Q2,서비스업,190478.6097092411
prior_year_province_anchor,부산,2025,3,2025Q3,서비스업,192680.8685972071
prior_year_province_anchor,부산,2025,4,2025Q4,서비스업,199932.1461314721
prior_year_province_anchor,서울,2021,1,2021Q1,서비스업,980242.32176081
prior_year_province_anchor,서울,2021,2,2021Q2,서비스업,1009380.6255923271
prior_year_province_anchor,서울,2021,3,2021Q3,서비스업,1009248.1577856758
prior_year_province_anchor,서울,2021,4,2021Q4,서비스업,1082641.0413688398
prior_year_province_anchor,서울,2022,1,2022Q1,서비스업,1016499.8845934952
prior_year_province_anchor,서울,2022,2,2022Q2,서비스업,1045618.1665932673
prior_year_province_anchor,서울,2022,3,2022Q3,서비스업,1040177.3388371067
prior_year_province_anchor,서울,2022,4,2022Q4,서비스업,1112376.8073795547
prior_year_province_anchor,서울,2023,1,2023Q1,서비스업,1063512.822096574
prior_year_province_anchor,서울,2023,2,2023Q2,서비스업,1068575.448750071
prior_year_province_anchor,서울,2023,3,2023Q3,서비스업,1067469.9079973768
prior_year_province_anchor,서울,2023,4,2023Q4,서비스업,1126804.6081105962
prior_year_province_anchor,서울,2024,1,2024Q1,서비스업,1075059.4989875066
prior_year_province_anchor,서울,2024,2,2024Q2,서비스업,1074891.7215997959
prior_year_province_anchor,서울,2024,3,2024Q3,서비스업,1075947.4142627313
prior_year_province_anchor,서울,2024,4,2024Q4,서비스업,1131027.1594927772
prior_year_province_anchor,서울,2025,1,2025Q1,서비스업,1080637.4437921552
prior_year_province_anchor,서울,2025,2,2025Q2,서비스업,1084996.1834149945
prior_year_province_anchor,서울,2025,3,2025Q3,서비스업,1100026.733611278
prior_year_province_anchor,서울,2025,4,2025Q4,서비스업,1158577.2232253093
prior_year_province_anchor,세종,2021,1,2021Q1,서비스업,21868.28729473139
prior_year_province_anchor,세종,2021,2,2021Q2,서비스업,21671.66307623945
prior_year_province_anchor,세종,2021,3,2021Q3,서비스업,21182.321380902984
prior_year_province_anchor,세종,2021,4,2021Q4,서비스업,21846.513829486907
prior_year_province_anchor,세종,2022,1,2022Q1,서비스업,23839.819534945298
prior_year_province_anchor,세종,2022,2,2022Q2,서비스업,23616.491845390374
prior_year_province_anchor,세종,2022,3,2022Q3,서비스업,23105.039987933524
prior_year_province_anchor,세종,2022,4,2022Q4,서비스업,23856.518057564317
prior_year_province_anchor,세종,2023,1,2023Q1,서비스업,24516.362650100713
prior_year_province_anchor,세종,2023,2,2023Q2,서비스업,24047.774315141505
prior_year_province_anchor,세종,2023,3,2023Q3,서비스업,23563.538116177766
prior_year_province_anchor,세종,2023,4,2023Q4,서비스업,24102.347945387075
prior_year_province_anchor,세종,2024,1,2024Q1,서비스업,25361.803270274133
prior_year_province_anchor,세종,2024,2,2024Q2,서비스업,24903.41076323239
prior_year_province_anchor,세종,2024,3,2024Q3,서비스업,24239.796671425076
prior_year_province_anchor,세종,2024,4,2024Q4,서비스업,24757.44155650615
prior_year_province_anchor,세종,2025,1,2025Q1,서비스업,25384.22903083629
prior_year_province_anchor,세종,2025,2,2025Q2,서비스업,24915.865194748745
prior_year_province_anchor,세종,2025,3,2025Q3,서비스업,24443.595457008138
prior_year_province_anchor,세종,2025,4,2025Q4,서비스업,25086.555885663576
prior_year_province_anchor,울산,2021,1,2021Q1,서비스업,48140.93586751646
prior_year_province_anchor,울산,2021,2,2021Q2,서비스업,49323.7310440067
prior_year_province_anchor,울산,2021,3,2021Q3,서비스업,49547.80399792756
prior_year_province_anchor,울산,2021,4,2021Q4,서비스업,52186.50682389736
prior_year_province_anchor,울산,2022,1,2022Q1,서비스업,49217.41014673644
prior_year_province_anchor,울산,2022,2,2022Q2,서비스업,50547.19947238675
prior_year_province_anchor,울산,2022,3,2022Q3,서비스업,50864.17330434845
prior_year_province_anchor,울산,2022,4,2022Q4,서비스업,53397.07760770111
prior_year_province_anchor,울산,2023,1,2023Q1,서비스업,50848.14841715341
prior_year_province_anchor,울산,2023,2,2023Q2,서비스업,51537.58508083042
prior_year_province_anchor,울산,2023,3,2023Q3,서비스업,51803.50813494055
prior_year_province_anchor,울산,2023,4,2023Q4,서비스업,53746.78199497105
prior_year_province_anchor,울산,2024,1,2024Q1,서비스업,52032.90301743039
prior_year_province_anchor,울산,2024,2,2024Q2,서비스업,52256.797116083
prior_year_province_anchor,울산,2024,3,2024Q3,서비스업,52486.2797351118
prior_year_province_anchor,울산,2024,4,2024Q4,서비스업,54169.39672859373
prior_year_province_anchor,울산,2025,1,2025Q1,서비스업,53073.8367609603
prior_year_province_anchor,울산,2025,2,2025Q2,서비스업,53488.85299495468
prior_year_province_anchor,울산,2025,3,2025Q3,서비스업,54282.497645584335
prior_year_province_anchor,울산,2025,4,2025Q4,서비스업,56119.66675681256
prior_year_province_anchor,인천,2021,1,2021Q1,서비스업,137428.28692566004
prior_year_province_anchor,인천,2021,2,2021Q2,서비스업,141309.53364092976
prior_year_province_anchor,인천,2021,3,2021Q3,서비스업,141385.06250300584
prior_year_province_anchor,인천,2021,4,2021Q4,서비스업,148343.03358017185
prior_year_province_anchor,인천,2022,1,2022Q1,서비스업,141140.71740295552
prior_year_province_anchor,인천,2022,2,2022Q2,서비스업,145298.84230764315
prior_year_province_anchor,인천,2022,3,2022Q3,서비스업,146055.8718863184
prior_year_province_anchor,인천,2022,4,2022Q4,서비스업,152965.45778413408
prior_year_province_anchor,인천,2023,1,2023Q1,서비스업,152976.3924229843
prior_year_province_anchor,인천,2023,2,2023Q2,서비스업,157486.52091988045
prior_year_province_anchor,인천,2023,3,2023Q3,서비스업,158280.53014301648
prior_year_province_anchor,인천,2023,4,2023Q4,서비스업,163617.81488250478
prior_year_province_anchor,인천,2024,1,2024Q1,서비스업,167505.0850395275
prior_year_province_anchor,인천,2024,2,2024Q2,서비스업,171298.74091999754
prior_year_province_anchor,인천,2024,3,2024Q3,서비스업,172448.8946275394
prior_year_province_anchor,인천,2024,4,2024Q4,서비스업,177156.3123159645
prior_year_province_anchor,인천,2025,1,2025Q1,서비스업,169050.5629842806
prior_year_province_anchor,인천,2025,2,2025Q2,서비스업,173168.5795440521
prior_year_province_anchor,인천,2025,3,2025Q3,서비스업,175696.06096843202
prior_year_province_anchor,인천,2025,4,2025Q4,서비스업,180553.24345390373
prior_year_province_anchor,전남,2021,1,2021Q1,서비스업,91891.19045373067
prior_year_province_anchor,전남,2021,2,2021Q2,서비스업,93195.88298854824
prior_year_province_anchor,전남,2021,3,2021Q3,서비스업,92756.19672496172
prior_year_province_anchor,전남,2021,4,2021Q4,서비스업,96925.79812275493
prior_year_province_anchor,전남,2022,1,2022Q1,서비스업,96072.5382228185
prior_year_province_anchor,전남,2022,2,2022Q2,서비스업,97775.1711605753
prior_year_province_anchor,전남,2022,3,2022Q3,서비스업,97643.72008753478
prior_year_province_anchor,전남,2022,4,2022Q4,서비스업,101806.45755569814
prior_year_province_anchor,전남,2023,1,2023Q1,서비스업,97878.24991246495
prior_year_province_anchor,전남,2023,2,2023Q2,서비스업,98455.8208410198
prior_year_province_anchor,전남,2023,3,2023Q3,서비스업,98200.96204338202
prior_year_province_anchor,전남,2023,4,2023Q4,서비스업,101035.55792797926
prior_year_province_anchor,전남,2024,1,2024Q1,서비스업,99523.11416838109
prior_year_province_anchor,전남,2024,2,2024Q2,서비스업,99177.46528099466
prior_year_province_anchor,전남,2024,3,2024Q3,서비스업,98666.04525231423
prior_year_province_anchor,전남,2024,4,2024Q4,서비스업,101228.56772682826
prior_year_province_anchor,전남,2025,1,2025Q1,서비스업,100327.19894591476
prior_year_province_anchor,전남,2025,2,2025Q2,서비스업,100154.0573200549
prior_year_province_anchor,전남,2025,3,2025Q3,서비스업,100352.26567084683
prior_year_province_anchor,전남,2025,4,2025Q4,서비스업,103176.18248932519
prior_year_province_anchor,전북,2021,1,2021Q1,서비스업,80313.78533617493
prior_year_province_anchor,전북,2021,2,2021Q2,서비스업,80940.40298287336
prior_year_province_anchor,전북,2021,3,2021Q3,서비스업,80827.99693850988
prior_year_province_anchor,전북,2021,4,2021Q4,서비스업,84307.3945906751
prior_year_province_anchor,전북,2022,1,2022Q1,서비스업,83162.57246556605
prior_year_province_anchor,전북,2022,2,2022Q2,서비스업,83860.4105558211
prior_year_province_anchor,전북,2022,3,2022Q3,서비스업,83769.8727718197
prior_year_province_anchor,전북,2022,4,2022Q4,서비스업,87064.5247568133
prior_year_province_anchor,전북,2023,1,2023Q1,서비스업,85379.77220108589
prior_year_province_anchor,전북,2023,2,2023Q2,서비스업,84781.52539296355
prior_year_province_anchor,전북,2023,3,2023Q3,서비스업,84727.56056582724
prior_year_province_anchor,전북,2023,4,2023Q4,서비스업,86913.31765056319
prior_year_province_anchor,전북,2024,1,2024Q1,서비스업,86498.33291906297
prior_year_province_anchor,전북,2024,2,2024Q2,서비스업,85492.15003202768
prior_year_province_anchor,전북,2024,3,2024Q3,서비스업,85286.29360768187
prior_year_province_anchor,전북,2024,4,2024Q4,서비스업,87343.46646950637
prior_year_province_anchor,전북,2025,1,2025Q1,서비스업,87306.21473625432
prior_year_province_anchor,전북,2025,2,2025Q2,서비스업,86540.10638188627
prior_year_province_anchor,전북,2025,3,2025Q3,서비스업,87069.64608439384
prior_year_province_anchor,전북,2025,4,2025Q4,서비스업,89483.16180306581
prior_year_province_anchor,제주,2021,1,2021Q1,서비스업,39184.07662444529
prior_year_province_anchor,제주,2021,2,2021Q2,서비스업,40197.46776868012
prior_year_province_anchor,제주,2021,3,2021Q3,서비스업,40131.847071569
prior_year_province_anchor,제주,2021,4,2021Q4,서비스업,42236.12549454282
prior_year_province_anchor,제주,2022,1,2022Q1,서비스업,40922.57559765784
prior_year_province_anchor,제주,2022,2,2022Q2,서비스업,42230.47814054869
prior_year_province_anchor,제주,2022,3,2022Q3,서비스업,42378.96246740327
prior_year_province_anchor,제주,2022,4,2022Q4,서비스업,44158.72483574752
prior_year_province_anchor,제주,2023,1,2023Q1,서비스업,43188.996802522124
prior_year_province_anchor,제주,2023,2,2023Q2,서비스업,43558.35436825589
prior_year_province_anchor,제주,2023,3,2023Q3,서비스업,43688.18892992839
prior_year_province_anchor,제주,2023,4,2023Q4,서비스업,44978.514917799104
prior_year_province_anchor,제주,2024,1,2024Q1,서비스업,44171.48060363644
prior_year_province_anchor,제주,2024,2,2024Q2,서비스업,44389.28283164785
prior_year_province_anchor,제주,2024,3,2024Q3,서비스업,44402.294038063985
prior_year_province_anchor,제주,2024,4,2024Q4,서비스업,45464.61623926303
prior_year_province_anchor,제주,2025,1,2025Q1,서비스업,44949.50678709583
prior_year_province_anchor,제주,2025,2,2025Q2,서비스업,45250.04886150096
prior_year_province_anchor,제주,2025,3,2025Q3,서비스업,45773.5262714917
prior_year_province_anchor,제주,2025,4,2025Q4,서비스업,46930.159985188424
prior_year_province_anchor,충남,2021,1,2021Q1,서비스업,98757.63402047889
prior_year_province_anchor,충남,2021,2,2021Q2,서비스업,100284.01282827473
prior_year_province_anchor,충남,2021,3,2021Q3,서비스업,100163.30932728812
prior_year_province_anchor,충남,2021,4,2021Q4,서비스업,105033.51059645085
prior_year_province_anchor,충남,2022,1,2022Q1,서비스업,101268.49403288527
prior_year_province_anchor,충남,2022,2,2022Q2,서비스업,103048.06023933706
prior_year_province_anchor,충남,2022,3,2022Q3,서비스업,103267.5378153128
prior_year_province_anchor,충남,2022,4,2022Q4,서비스업,107838.0427728827
prior_year_province_anchor,충남,2023,1,2023Q1,서비스업,106126.54119429726
prior_year_province_anchor,충남,2023,2,2023Q2,서비스업,106415.99712779814
prior_year_province_anchor,충남,2023,3,2023Q3,서비스업,106517.07346697415
prior_year_province_anchor,충남,2023,4,2023Q4,서비스업,109952.21182654907
prior_year_province_anchor,충남,2024,1,2024Q1,서비스업,106927.38817829505
prior_year_province_anchor,충남,2024,2,2024Q2,서비스업,106419.44225998246
prior_year_province_anchor,충남,2024,3,2024Q3,서비스업,106245.22750341822
prior_year_province_anchor,충남,2024,4,2024Q4,서비스업,109224.60956938451
prior_year_province_anchor,충남,2025,1,2025Q1,서비스업,108553.63808849198
prior_year_province_anchor,충남,2025,2,2025Q2,서비스업,108224.34265407352
prior_year_province_anchor,충남,2025,3,2025Q3,서비스업,109101.46724766979
prior_year_province_anchor,충남,2025,4,2025Q4,서비스업,112317.2464756293
prior_year_province_anchor,충북,2021,1,2021Q1,서비스업,76545.57717322095
prior_year_province_anchor,충북,2021,2,2021Q2,서비스업,77554.87780514508
prior_year_province_anchor,충북,2021,3,2021Q3,서비스업,77504.44452565315
prior_year_province_anchor,충북,2021,4,2021Q4,서비스업,81294.55805430554
prior_year_province_anchor,충북,2022,1,2022Q1,서비스업,79851.91177150236
prior_year_province_anchor,충북,2022,2,2022Q2,서비스업,80998.87962394608
prior_year_province_anchor,충북,2022,3,2022Q3,서비스업,81135.40164971107
prior_year_province_anchor,충북,2022,4,2022Q4,서비스업,84730.03982541226
prior_year_province_anchor,충북,2023,1,2023Q1,서비스업,83199.75926430385
prior_year_province_anchor,충북,2023,2,2023Q2,서비스업,83240.183296398
prior_year_province_anchor,충북,2023,3,2023Q3,서비스업,83398.30342071326
prior_year_province_anchor,충북,2023,4,2023Q4,서비스업,86034.78296961439
prior_year_province_anchor,충북,2024,1,2024Q1,서비스업,85073.44441642014
prior_year_province_anchor,충북,2024,2,2024Q2,서비스업,84627.42623627957
prior_year_province_anchor,충북,2024,3,2024Q3,서비스업,84527.0726599847
prior_year_province_anchor,충북,2024,4,2024Q4,서비스업,86890.40395015552
prior_year_province_anchor,충북,2025,1,2025Q1,서비스업,86377.16748102204
prior_year_province_anchor,충북,2025,2,2025Q2,서비스업,86180.47576808909
prior_year_province_anchor,충북,2025,3,2025Q3,서비스업,86954.3611834327
prior_year_province_anchor,충북,2025,4,2025Q4,서비스업,89524.43437291708
recursive_no_target_actual,강원,2021,1,2021Q1,서비스업,89374.34835225853
recursive_no_target_actual,강원,2021,2,2021Q2,서비스업,89995.15657652935
recursive_no_target_actual,강원,2021,3,2021Q3,서비스업,89106.25627897365
recursive_no_target_actual,강원,2021,4,2021Q4,서비스업,92806.3119518467
recursive_no_target_actual,강원,2022,1,2022Q1,서비스업,95194.40030559033
recursive_no_target_actual,강원,2022,2,2022Q2,서비스업,96140.0176459306
recursive_no_target_actual,강원,2022,3,2022Q3,서비스업,95596.83135172474
recursive_no_target_actual,강원,2022,4,2022Q4,서비스업,98905.84448432387
recursive_no_target_actual,강원,2023,1,2023Q1,서비스업,97583.34834039971
recursive_no_target_actual,강원,2023,2,2023Q2,서비스업,97010.44507215294
recursive_no_target_actual,강원,2023,3,2023Q3,서비스업,96464.67706775315
recursive_no_target_actual,강원,2023,4,2023Q4,서비스업,98580.6157584647
recursive_no_target_actual,강원,2024,1,2024Q1,서비스업,100000.7214440471
recursive_no_target_actual,강원,2024,2,2024Q2,서비스업,99111.12836298082
recursive_no_target_actual,강원,2024,3,2024Q3,서비스업,98127.60626085979
recursive_no_target_actual,강원,2024,4,2024Q4,서비스업,100108.49057100096
recursive_no_target_actual,강원,2025,1,2025Q1,서비스업,101067.0177751436
recursive_no_target_actual,강원,2025,2,2025Q2,서비스업,100301.14615057068
recursive_no_target_actual,강원,2025,3,2025Q3,서비스업,100120.76070903202
recursive_no_target_actual,강원,2025,4,2025Q4,서비스업,102360.57265053644
recursive_no_target_actual,경기도,2021,1,2021Q1,서비스업,650500.2086011602
recursive_no_target_actual,경기도,2021,2,2021Q2,서비스업,666279.2574897276
recursive_no_target_actual,경기도,2021,3,2021Q3,서비스업,665897.6018022608
recursive_no_target_actual,경기도,2021,4,2021Q4,서비스업,705356.8897514003
recursive_no_target_actual,경기도,2022,1,2022Q1,서비스업,678534.1536805958
recursive_no_target_actual,경기도,2022,2,2022Q2,서비스업,695520.1399088544
recursive_no_target_actual,경기도,2022,3,2022Q3,서비스업,696299.7767529575
recursive_no_target_actual,경기도,2022,4,2022Q4,서비스업,733604.1385326046
recursive_no_target_actual,경기도,2023,1,2023Q1,서비스업,711485.2198066971
recursive_no_target_actual,경기도,2023,2,2023Q2,서비스업,714626.2445287934
recursive_no_target_actual,경기도,2023,3,2023Q3,서비스업,716935.1944607892
recursive_no_target_actual,경기도,2023,4,2023Q4,서비스업,746893.3478455436
recursive_no_target_actual,경기도,2024,1,2024Q1,서비스업,726828.9339976212
recursive_no_target_actual,경기도,2024,2,2024Q2,서비스업,726014.8908879384
recursive_no_target_actual,경기도,2024,3,2024Q3,서비스업,727184.1251001268
recursive_no_target_actual,경기도,2024,4,2024Q4,서비스업,754446.70334364
recursive_no_target_actual,경기도,2025,1,2025Q1,서비스업,731596.692307671
recursive_no_target_actual,경기도,2025,2,2025Q2,서비스업,733777.2689724438
recursive_no_target_actual,경기도,2025,3,2025Q3,서비스업,743579.6023222246
recursive_no_target_actual,경기도,2025,4,2025Q4,서비스업,772421.683148334
recursive_no_target_actual,경남,2021,1,2021Q1,서비스업,139814.34790692994
recursive_no_target_actual,경남,2021,2,2021Q2,서비스업,141770.10853219774
recursive_no_target_actual,경남,2021,3,2021Q3,서비스업,141509.38615893328
recursive_no_target_actual,경남,2021,4,2021Q4,서비스업,147993.75338138975
recursive_no_target_actual,경남,2022,1,2022Q1,서비스업,145622.29120655134
recursive_no_target_actual,경남,2022,2,2022Q2,서비스업,148014.16572629233
recursive_no_target_actual,경남,2022,3,2022Q3,서비스업,148158.20512183147
recursive_no_target_actual,경남,2022,4,2022Q4,서비스업,154380.08370765136
recursive_no_target_actual,경남,2023,1,2023Q1,서비스업,150832.954009378
recursive_no_target_actual,경남,2023,2,2023Q2,서비스업,150943.68669775315
recursive_no_target_actual,경남,2023,3,2023Q3,서비스업,151036.55439078432
recursive_no_target_actual,경남,2023,4,2023Q4,서비스업,155472.97260429914
recursive_no_target_actual,경남,2024,1,2024Q1,서비스업,154602.12289136066
recursive_no_target_actual,경남,2024,2,2024Q2,서비스업,153959.00828739477
recursive_no_target_actual,경남,2024,3,2024Q3,서비스업,153779.40660891664
recursive_no_target_actual,경남,2024,4,2024Q4,서비스업,157896.5679663798
recursive_no_target_actual,경남,2025,1,2025Q1,서비스업,156173.54965106383
recursive_no_target_actual,경남,2025,2,2025Q2,서비스업,155902.55852150242
recursive_no_target_actual,경남,2025,3,2025Q3,서비스업,157156.4854056946
recursive_no_target_actual,경남,2025,4,2025Q4,서비스업,161771.99793151172
recursive_no_target_actual,경북,2021,1,2021Q1,서비스업,113893.72366218118
recursive_no_target_actual,경북,2021,2,2021Q2,서비스업,115355.59026434582
recursive_no_target_actual,경북,2021,3,2021Q3,서비스업,115102.12636198713
recursive_no_target_actual,경북,2021,4,2021Q4,서비스업,120277.49348527016
recursive_no_target_actual,경북,2022,1,2022Q1,서비스업,118428.71241388744
recursive_no_target_actual,경북,2022,2,2022Q2,서비스업,120270.69712829709
recursive_no_target_actual,경북,2022,3,2022Q3,서비스업,120426.90188522002
recursive_no_target_actual,경북,2022,4,2022Q4,서비스업,125351.3998959405
recursive_no_target_actual,경북,2023,1,2023Q1,서비스업,122900.6175048207
recursive_no_target_actual,경북,2023,2,2023Q2,서비스업,123198.12306452992
recursive_no_target_actual,경북,2023,3,2023Q3,서비스업,123259.29650698844
recursive_no_target_actual,경북,2023,4,2023Q4,서비스업,126686.18547438647
recursive_no_target_actual,경북,2024,1,2024Q1,서비스업,126154.82621908525
recursive_no_target_actual,경북,2024,2,2024Q2,서비스업,125771.85353369426
recursive_no_target_actual,경북,2024,3,2024Q3,서비스업,125533.2286208697
recursive_no_target_actual,경북,2024,4,2024Q4,서비스업,128628.3241577412
recursive_no_target_actual,경북,2025,1,2025Q1,서비스업,127419.55086369613
recursive_no_target_actual,경북,2025,2,2025Q2,서비스업,127281.84421292754
recursive_no_target_actual,경북,2025,3,2025Q3,서비스업,128196.27578115196
recursive_no_target_actual,경북,2025,4,2025Q4,서비스업,131596.72265398374
recursive_no_target_actual,광주,2021,1,2021Q1,서비스업,71671.3357845764
recursive_no_target_actual,광주,2021,2,2021Q2,서비스업,72877.89468134588
recursive_no_target_actual,광주,2021,3,2021Q3,서비스업,73038.45080504696
recursive_no_target_actual,광주,2021,4,2021Q4,서비스업,76675.6069275832
recursive_no_target_actual,광주,2022,1,2022Q1,서비스업,74355.01026964803
recursive_no_target_actual,광주,2022,2,2022Q2,서비스업,75584.3772531737
recursive_no_target_actual,광주,2022,3,2022Q3,서비스업,75618.78222198883
recursive_no_target_actual,광주,2022,4,2022Q4,서비스업,79160.65127553839
recursive_no_target_actual,광주,2023,1,2023Q1,서비스업,75565.41040665725
recursive_no_target_actual,광주,2023,2,2023Q2,서비스업,75358.69442776009
recursive_no_target_actual,광주,2023,3,2023Q3,서비스업,75572.46662807552
recursive_no_target_actual,광주,2023,4,2023Q4,서비스업,78186.24296441849
recursive_no_target_actual,광주,2024,1,2024Q1,서비스업,77177.66799304573
recursive_no_target_actual,광주,2024,2,2024Q2,서비스업,76650.37154139625
recursive_no_target_actual,광주,2024,3,2024Q3,서비스업,76819.07596843313
recursive_no_target_actual,광주,2024,4,2024Q4,서비스업,79341.75996512658
recursive_no_target_actual,광주,2025,1,2025Q1,서비스업,77961.65938982095
recursive_no_target_actual,광주,2025,2,2025Q2,서비스업,77717.0585845301
recursive_no_target_actual,광주,2025,3,2025Q3,서비스업,78634.39856662333
recursive_no_target_actual,광주,2025,4,2025Q4,서비스업,81515.27752604343
recursive_no_target_actual,대구,2021,1,2021Q1,서비스업,107254.52490419365
recursive_no_target_actual,대구,2021,2,2021Q2,서비스업,108951.8462478668
recursive_no_target_actual,대구,2021,3,2021Q3,서비스업,109012.12604349421
recursive_no_target_actual,대구,2021,4,2021Q4,서비스업,114232.39454657411
recursive_no_target_actual,대구,2022,1,2022Q1,서비스업,110468.71585205042
recursive_no_target_actual,대구,2022,2,2022Q2,서비스업,112112.09392494768
recursive_no_target_actual,대구,2022,3,2022Q3,서비스업,112096.72778099493
recursive_no_target_actual,대구,2022,4,2022Q4,서비스업,117225.22976929825
recursive_no_target_actual,대구,2023,1,2023Q1,서비스업,113195.54998464705
recursive_no_target_actual,대구,2023,2,2023Q2,서비스업,112923.35997263358
recursive_no_target_actual,대구,2023,3,2023Q3,서비스업,113085.02731300783
recursive_no_target_actual,대구,2023,4,2023Q4,서비스업,116845.83485813058
recursive_no_target_actual,대구,2024,1,2024Q1,서비스업,115585.84184842149
recursive_no_target_actual,대구,2024,2,2024Q2,서비스업,114889.74645119136
recursive_no_target_actual,대구,2024,3,2024Q3,서비스업,115010.70043565445
recursive_no_target_actual,대구,2024,4,2024Q4,서비스업,118628.73814606326
recursive_no_target_actual,대구,2025,1,2025Q1,서비스업,116742.81426055286
recursive_no_target_actual,대구,2025,2,2025Q2,서비스업,116419.62154783956
recursive_no_target_actual,대구,2025,3,2025Q3,서비스업,117673.44412306341
recursive_no_target_actual,대구,2025,4,2025Q4,서비스업,121843.38454358673
recursive_no_target_actual,대전,2021,1,2021Q1,서비스업,81651.2382375874
recursive_no_target_actual,대전,2021,2,2021Q2,서비스업,83555.05182215302
recursive_no_target_actual,대전,2021,3,2021Q3,서비스업,83405.41050262225
recursive_no_target_actual,대전,2021,4,2021Q4,서비스업,88749.9270341123
recursive_no_target_actual,대전,2022,1,2022Q1,서비스업,83401.58036450375
recursive_no_target_actual,대전,2022,2,2022Q2,서비스업,85250.71229875248
recursive_no_target_actual,대전,2022,3,2022Q3,서비스업,84839.03103373964
recursive_no_target_actual,대전,2022,4,2022Q4,서비스업,90045.14077453948
recursive_no_target_actual,대전,2023,1,2023Q1,서비스업,86245.55923461882
recursive_no_target_actual,대전,2023,2,2023Q2,서비스업,86879.70436316192
recursive_no_target_actual,대전,2023,3,2023Q3,서비스업,86648.86618737679
recursive_no_target_actual,대전,2023,4,2023Q4,서비스업,91291.10684261307
recursive_no_target_actual,대전,2024,1,2024Q1,서비스업,87958.3009955294
recursive_no_target_actual,대전,2024,2,2024Q2,서비스업,88212.99465424231
recursive_no_target_actual,대전,2024,3,2024Q3,서비스업,87807.20565843115
recursive_no_target_actual,대전,2024,4,2024Q4,서비스업,91947.41909162833
recursive_no_target_actual,대전,2025,1,2025Q1,서비스업,88502.21586957827
recursive_no_target_actual,대전,2025,2,2025Q2,서비스업,89040.3378847196
recursive_no_target_actual,대전,2025,3,2025Q3,서비스업,89728.67345520915
recursive_no_target_actual,대전,2025,4,2025Q4,서비스업,94135.6540312067
recursive_no_target_actual,부산,2021,1,2021Q1,서비스업,171168.9105458365
recursive_no_target_actual,부산,2021,2,2021Q2,서비스업,175878.4523005104
recursive_no_target_actual,부산,2021,3,2021Q3,서비스업,175999.84593368426
recursive_no_target_actual,부산,2021,4,2021Q4,서비스업,185588.81810212205
recursive_no_target_actual,부산,2022,1,2022Q1,서비스업,175582.29042989475
recursive_no_target_actual,부산,2022,2,2022Q2,서비스업,180455.56375733743
recursive_no_target_actual,부산,2022,3,2022Q3,서비스업,180736.42477738735
recursive_no_target_actual,부산,2022,4,2022Q4,서비스업,190088.50095709707
recursive_no_target_actual,부산,2023,1,2023Q1,서비스업,181762.96516659993
recursive_no_target_actual,부산,2023,2,2023Q2,서비스업,184487.6832473037
recursive_no_target_actual,부산,2023,3,2023Q3,서비스업,184783.68700175142
recursive_no_target_actual,부산,2023,4,2023Q4,서비스업,192065.34569281197
recursive_no_target_actual,부산,2024,1,2024Q1,서비스업,186739.71601405198
recursive_no_target_actual,부산,2024,2,2024Q2,서비스업,188079.77317435946
recursive_no_target_actual,부산,2024,3,2024Q3,서비스업,188404.3212294253
recursive_no_target_actual,부산,2024,4,2024Q4,서비스업,195026.04756129003
recursive_no_target_actual,부산,2025,1,2025Q1,서비스업,188680.03822241758
recursive_no_target_actual,부산,2025,2,2025Q2,서비스업,190639.01556674333
recursive_no_target_actual,부산,2025,3,2025Q3,서비스업,192832.90305048102
recursive_no_target_actual,부산,2025,4,2025Q4,서비스업,200092.89728527932
recursive_no_target_actual,서울,2021,1,2021Q1,서비스업,980242.32176081
recursive_no_target_actual,서울,2021,2,2021Q2,서비스업,1009380.6255923271
recursive_no_target_actual,서울,2021,3,2021Q3,서비스업,1009248.1577856758
recursive_no_target_actual,서울,2021,4,2021Q4,서비스업,1082641.0413688398
recursive_no_target_actual,서울,2022,1,2022Q1,서비스업,1016499.8845934952
recursive_no_target_actual,서울,2022,2,2022Q2,서비스업,1045618.1665932673
recursive_no_target_actual,서울,2022,3,2022Q3,서비스업,1040177.3388371067
recursive_no_target_actual,서울,2022,4,2022Q4,서비스업,1112376.8073795547
recursive_no_target_actual,서울,2023,1,2023Q1,서비스업,1063512.822096574
recursive_no_target_actual,서울,2023,2,2023Q2,서비스업,1068575.448750071
recursive_no_target_actual,서울,2023,3,2023Q3,서비스업,1067469.9079973768
recursive_no_target_actual,서울,2023,4,2023Q4,서비스업,1126804.6081105962
recursive_no_target_actual,서울,2024,1,2024Q1,서비스업,1079630.0672850064
recursive_no_target_actual,서울,2024,2,2024Q2,서비스업,1079826.6831429068
recursive_no_target_actual,서울,2024,3,2024Q3,서비스업,1081065.6880285204
recursive_no_target_actual,서울,2024,4,2024Q4,서비스업,1135870.3956738634
recursive_no_target_actual,서울,2025,1,2025Q1,서비스업,1087767.7539001517
recursive_no_target_actual,서울,2025,2,2025Q2,서비스업,1092673.0510411477
recursive_no_target_actual,서울,2025,3,2025Q3,서비스업,1107645.944876301
recursive_no_target_actual,서울,2025,4,2025Q4,서비스업,1166411.2814270668
recursive_no_target_actual,세종,2021,1,2021Q1,서비스업,21868.28729473139
recursive_no_target_actual,세종,2021,2,2021Q2,서비스업,21671.66307623945
recursive_no_target_actual,세종,2021,3,2021Q3,서비스업,21182.321380902984
recursive_no_target_actual,세종,2021,4,2021Q4,서비스업,21846.513829486907
recursive_no_target_actual,세종,2022,1,2022Q1,서비스업,23839.819534945298
recursive_no_target_actual,세종,2022,2,2022Q2,서비스업,23616.491845390374
recursive_no_target_actual,세종,2022,3,2022Q3,서비스업,23105.039987933524
recursive_no_target_actual,세종,2022,4,2022Q4,서비스업,23856.518057564317
recursive_no_target_actual,세종,2023,1,2023Q1,서비스업,24516.362650100713
recursive_no_target_actual,세종,2023,2,2023Q2,서비스업,24047.774315141505
recursive_no_target_actual,세종,2023,3,2023Q3,서비스업,23563.538116177766
recursive_no_target_actual,세종,2023,4,2023Q4,서비스업,24102.347945387075
recursive_no_target_actual,세종,2024,1,2024Q1,서비스업,24999.17410482732
recursive_no_target_actual,세종,2024,2,2024Q2,서비스업,24577.364322798192
recursive_no_target_actual,세종,2024,3,2024Q3,서비스업,23940.348277115892
recursive_no_target_actual,세종,2024,4,2024Q4,서비스업,24458.420786220875
recursive_no_target_actual,세종,2025,1,2025Q1,서비스업,25266.289724103743
recursive_no_target_actual,세종,2025,2,2025Q2,서비스업,24831.40882804793
recursive_no_target_actual,세종,2025,3,2025Q3,서비스업,24361.4662812998
recursive_no_target_actual,세종,2025,4,2025Q4,서비스업,24990.09784686362
recursive_no_target_actual,울산,2021,1,2021Q1,서비스업,48140.93586751646
recursive_no_target_actual,울산,2021,2,2021Q2,서비스업,49323.7310440067
recursive_no_target_actual,울산,2021,3,2021Q3,서비스업,49547.80399792756
recursive_no_target_actual,울산,2021,4,2021Q4,서비스업,52186.50682389736
recursive_no_target_actual,울산,2022,1,2022Q1,서비스업,49217.41014673644
recursive_no_target_actual,울산,2022,2,2022Q2,서비스업,50547.19947238675
recursive_no_target_actual,울산,2022,3,2022Q3,서비스업,50864.17330434845
recursive_no_target_actual,울산,2022,4,2022Q4,서비스업,53397.07760770111
recursive_no_target_actual,울산,2023,1,2023Q1,서비스업,50848.14841715341
recursive_no_target_actual,울산,2023,2,2023Q2,서비스업,51537.58508083042
recursive_no_target_actual,울산,2023,3,2023Q3,서비스업,51803.50813494055
recursive_no_target_actual,울산,2023,4,2023Q4,서비스업,53746.78199497105
recursive_no_target_actual,울산,2024,1,2024Q1,서비스업,52288.95231077523
recursive_no_target_actual,울산,2024,2,2024Q2,서비스업,52562.87019008637
recursive_no_target_actual,울산,2024,3,2024Q3,서비스업,52796.92693083882
recursive_no_target_actual,울산,2024,4,2024Q4,서비스업,54504.686644189846
recursive_no_target_actual,울산,2025,1,2025Q1,서비스업,52767.082323875664
recursive_no_target_actual,울산,2025,2,2025Q2,서비스업,53182.381355755
recursive_no_target_actual,울산,2025,3,2025Q3,서비스업,53951.26585750059
recursive_no_target_actual,울산,2025,4,2025Q4,서비스업,55779.343031486016
recursive_no_target_actual,인천,2021,1,2021Q1,서비스업,137428.28692566004
recursive_no_target_actual,인천,2021,2,2021Q2,서비스업,141309.53364092976
recursive_no_target_actual,인천,2021,3,2021Q3,서비스업,141385.06250300584
recursive_no_target_actual,인천,2021,4,2021Q4,서비스업,148343.03358017185
recursive_no_target_actual,인천,2022,1,2022Q1,서비스업,141140.71740295552
recursive_no_target_actual,인천,2022,2,2022Q2,서비스업,145298.84230764315
recursive_no_target_actual,인천,2022,3,2022Q3,서비스업,146055.8718863184
recursive_no_target_actual,인천,2022,4,2022Q4,서비스업,152965.45778413408
recursive_no_target_actual,인천,2023,1,2023Q1,서비스업,152976.3924229843
recursive_no_target_actual,인천,2023,2,2023Q2,서비스업,157486.52091988045
recursive_no_target_actual,인천,2023,3,2023Q3,서비스업,158280.53014301648
recursive_no_target_actual,인천,2023,4,2023Q4,서비스업,163617.81488250478
recursive_no_target_actual,인천,2024,1,2024Q1,서비스업,158822.8823202239
recursive_no_target_actual,인천,2024,2,2024Q2,서비스업,161401.31051874932
recursive_no_target_actual,인천,2024,3,2024Q3,서비스업,162209.3658515071
recursive_no_target_actual,인천,2024,4,2024Q4,서비스업,166710.52185416722
recursive_no_target_actual,인천,2025,1,2025Q1,서비스업,160570.66336251484
recursive_no_target_actual,인천,2025,2,2025Q2,서비스업,163561.9532771252
recursive_no_target_actual,인천,2025,3,2025Q3,서비스업,165778.67603411945
recursive_no_target_actual,인천,2025,4,2025Q4,서비스업,170450.65968548594
recursive_no_target_actual,전남,2021,1,2021Q1,서비스업,91891.19045373067
recursive_no_target_actual,전남,2021,2,2021Q2,서비스업,93195.88298854824
recursive_no_target_actual,전남,2021,3,2021Q3,서비스업,92756.19672496172
recursive_no_target_actual,전남,2021,4,2021Q4,서비스업,96925.79812275493
recursive_no_target_actual,전남,2022,1,2022Q1,서비스업,96072.5382228185
recursive_no_target_actual,전남,2022,2,2022Q2,서비스업,97775.1711605753
recursive_no_target_actual,전남,2022,3,2022Q3,서비스업,97643.72008753478
recursive_no_target_actual,전남,2022,4,2022Q4,서비스업,101806.45755569814
recursive_no_target_actual,전남,2023,1,2023Q1,서비스업,97878.24991246495
recursive_no_target_actual,전남,2023,2,2023Q2,서비스업,98455.8208410198
recursive_no_target_actual,전남,2023,3,2023Q3,서비스업,98200.96204338202
recursive_no_target_actual,전남,2023,4,2023Q4,서비스업,101035.55792797926
recursive_no_target_actual,전남,2024,1,2024Q1,서비스업,100830.20255595574
recursive_no_target_actual,전남,2024,2,2024Q2,서비스업,100701.51749552468
recursive_no_target_actual,전남,2024,3,2024Q3,서비스업,100265.14149967479
recursive_no_target_actual,전남,2024,4,2024Q4,서비스업,102865.76212535995
recursive_no_target_actual,전남,2025,1,2025Q1,서비스업,102079.45972071875
recursive_no_target_actual,전남,2025,2,2025Q2,서비스업,102141.54051909347
recursive_no_target_actual,전남,2025,3,2025Q3,서비스업,102431.33538707322
recursive_no_target_actual,전남,2025,4,2025Q4,서비스업,105321.10416892117
recursive_no_target_actual,전북,2021,1,2021Q1,서비스업,80313.78533617493
recursive_no_target_actual,전북,2021,2,2021Q2,서비스업,80940.40298287336
recursive_no_target_actual,전북,2021,3,2021Q3,서비스업,80827.99693850988
recursive_no_target_actual,전북,2021,4,2021Q4,서비스업,84307.3945906751
recursive_no_target_actual,전북,2022,1,2022Q1,서비스업,83162.57246556605
recursive_no_target_actual,전북,2022,2,2022Q2,서비스업,83860.4105558211
recursive_no_target_actual,전북,2022,3,2022Q3,서비스업,83769.8727718197
recursive_no_target_actual,전북,2022,4,2022Q4,서비스업,87064.5247568133
recursive_no_target_actual,전북,2023,1,2023Q1,서비스업,85379.77220108589
recursive_no_target_actual,전북,2023,2,2023Q2,서비스업,84781.52539296355
recursive_no_target_actual,전북,2023,3,2023Q3,서비스업,84727.56056582724
recursive_no_target_actual,전북,2023,4,2023Q4,서비스업,86913.31765056319
recursive_no_target_actual,전북,2024,1,2024Q1,서비스업,87378.0070519259
recursive_no_target_actual,전북,2024,2,2024Q2,서비스업,86455.01929319694
recursive_no_target_actual,전북,2024,3,2024Q3,서비스업,86258.22042943655
recursive_no_target_actual,전북,2024,4,2024Q4,서비스업,88392.34457299972
recursive_no_target_actual,전북,2025,1,2025Q1,서비스업,88389.12277303211
recursive_no_target_actual,전북,2025,2,2025Q2,서비스업,87657.72526761901
recursive_no_target_actual,전북,2025,3,2025Q3,서비스업,88181.43161713121
recursive_no_target_actual,전북,2025,4,2025Q4,서비스업,90674.28881293035
recursive_no_target_actual,제주,2021,1,2021Q1,서비스업,39184.07662444529
recursive_no_target_actual,제주,2021,2,2021Q2,서비스업,40197.46776868012
recursive_no_target_actual,제주,2021,3,2021Q3,서비스업,40131.847071569
recursive_no_target_actual,제주,2021,4,2021Q4,서비스업,42236.12549454282
recursive_no_target_actual,제주,2022,1,2022Q1,서비스업,40922.57559765784
recursive_no_target_actual,제주,2022,2,2022Q2,서비스업,42230.47814054869
recursive_no_target_actual,제주,2022,3,2022Q3,서비스업,42378.96246740327
recursive_no_target_actual,제주,2022,4,2022Q4,서비스업,44158.72483574752
recursive_no_target_actual,제주,2023,1,2023Q1,서비스업,43188.996802522124
recursive_no_target_actual,제주,2023,2,2023Q2,서비스업,43558.35436825589
recursive_no_target_actual,제주,2023,3,2023Q3,서비스업,43688.18892992839
recursive_no_target_actual,제주,2023,4,2023Q4,서비스업,44978.514917799104
recursive_no_target_actual,제주,2024,1,2024Q1,서비스업,44202.187662193995
recursive_no_target_actual,제주,2024,2,2024Q2,서비스업,44360.72207929421
recursive_no_target_actual,제주,2024,3,2024Q3,서비스업,44344.08523274588
recursive_no_target_actual,제주,2024,4,2024Q4,서비스업,45493.3177705901
recursive_no_target_actual,제주,2025,1,2025Q1,서비스업,44510.9521813403
recursive_no_target_actual,제주,2025,2,2025Q2,서비스업,44799.27971214287
recursive_no_target_actual,제주,2025,3,2025Q3,서비스업,45278.34656104771
recursive_no_target_actual,제주,2025,4,2025Q4,서비스업,46511.6033092706
recursive_no_target_actual,충남,2021,1,2021Q1,서비스업,98757.63402047889
recursive_no_target_actual,충남,2021,2,2021Q2,서비스업,100284.01282827473
recursive_no_target_actual,충남,2021,3,2021Q3,서비스업,100163.30932728812
recursive_no_target_actual,충남,2021,4,2021Q4,서비스업,105033.51059645085
recursive_no_target_actual,충남,2022,1,2022Q1,서비스업,101268.49403288527
recursive_no_target_actual,충남,2022,2,2022Q2,서비스업,103048.06023933706
recursive_no_target_actual,충남,2022,3,2022Q3,서비스업,103267.5378153128
recursive_no_target_actual,충남,2022,4,2022Q4,서비스업,107838.0427728827
recursive_no_target_actual,충남,2023,1,2023Q1,서비스업,106126.54119429726
recursive_no_target_actual,충남,2023,2,2023Q2,서비스업,106415.99712779814
recursive_no_target_actual,충남,2023,3,2023Q3,서비스업,106517.07346697415
recursive_no_target_actual,충남,2023,4,2023Q4,서비스업,109952.21182654907
recursive_no_target_actual,충남,2024,1,2024Q1,서비스업,108832.01395041017
recursive_no_target_actual,충남,2024,2,2024Q2,서비스업,108535.25028613272
recursive_no_target_actual,충남,2024,3,2024Q3,서비스업,108398.14686790798
recursive_no_target_actual,충남,2024,4,2024Q4,서비스업,111475.42762950774
recursive_no_target_actual,충남,2025,1,2025Q1,서비스업,109803.51921770723
recursive_no_target_actual,충남,2025,2,2025Q2,서비스업,109744.3927326978
recursive_no_target_actual,충남,2025,3,2025Q3,서비스업,110714.66004947954
recursive_no_target_actual,충남,2025,4,2025Q4,서비스업,114035.26035304075
recursive_no_target_actual,충북,2021,1,2021Q1,서비스업,76545.57717322095
recursive_no_target_actual,충북,2021,2,2021Q2,서비스업,77554.87780514508
recursive_no_target_actual,충북,2021,3,2021Q3,서비스업,77504.44452565315
recursive_no_target_actual,충북,2021,4,2021Q4,서비스업,81294.55805430554
recursive_no_target_actual,충북,2022,1,2022Q1,서비스업,79851.91177150236
recursive_no_target_actual,충북,2022,2,2022Q2,서비스업,80998.87962394608
recursive_no_target_actual,충북,2022,3,2022Q3,서비스업,81135.40164971107
recursive_no_target_actual,충북,2022,4,2022Q4,서비스업,84730.03982541226
recursive_no_target_actual,충북,2023,1,2023Q1,서비스업,83199.75926430385
recursive_no_target_actual,충북,2023,2,2023Q2,서비스업,83240.183296398
recursive_no_target_actual,충북,2023,3,2023Q3,서비스업,83398.30342071326
recursive_no_target_actual,충북,2023,4,2023Q4,서비스업,86034.78296961439
recursive_no_target_actual,충북,2024,1,2024Q1,서비스업,85229.95036009434
recursive_no_target_actual,충북,2024,2,2024Q2,서비스업,84852.86827553011
recursive_no_target_actual,충북,2024,3,2024Q3,서비스업,84784.66640538159
recursive_no_target_actual,충북,2024,4,2024Q4,서비스업,87127.36097301793
recursive_no_target_actual,충북,2025,1,2025Q1,서비스업,85943.076131283
recursive_no_target_actual,충북,2025,2,2025Q2,서비스업,85737.37571021056
recursive_no_target_actual,충북,2025,3,2025Q3,서비스업,86554.19281085127
recursive_no_target_actual,충북,2025,4,2025Q4,서비스업,89067.06860233829
recursive_no_target_actual,강원,2021,1,2021Q1,기타산업 및 순생산물세,16812.490537216006
recursive_no_target_actual,강원,2021,2,2021Q2,기타산업 및 순생산물세,18178.284605689994
recursive_no_target_actual,강원,2021,3,2021Q3,기타산업 및 순생산물세,18542.533297494196
recursive_no_target_actual,강원,2021,4,2021Q4,기타산업 및 순생산물세,19516.191316121818
recursive_no_target_actual,경기도,2021,1,2021Q1,기타산업 및 순생산물세,105838.49816681501
recursive_no_target_actual,경기도,2021,2,2021Q2,기타산업 및 순생산물세,114436.48623363048
recursive_no_target_actual,경기도,2021,3,2021Q3,기타산업 및 순생산물세,116729.51559858069
recursive_no_target_actual,경기도,2021,4,2021Q4,기타산업 및 순생산물세,122858.91696190115
recursive_no_target_actual,경남,2021,1,2021Q1,기타산업 및 순생산물세,33835.10308371824
recursive_no_target_actual,경남,2021,2,2021Q2,기타산업 및 순생산물세,36583.7608745229
recursive_no_target_actual,경남,2021,3,2021Q3,기타산업 및 순생산물세,37316.810627504085
recursive_no_target_actual,경남,2021,4,2021Q4,기타산업 및 순생산물세,39276.29541386754
recursive_no_target_actual,경북,2021,1,2021Q1,기타산업 및 순생산물세,39004.847689643335
recursive_no_target_actual,경북,2021,2,2021Q2,기타산업 및 순생산물세,42173.47933873318
recursive_no_target_actual,경북,2021,3,2021Q3,기타산업 및 순생산물세,43018.5334794939
recursive_no_target_actual,경북,2021,4,2021Q4,기타산업 및 순생산물세,45277.41253339158
recursive_no_target_actual,광주,2021,1,2021Q1,기타산업 및 순생산물세,8524.950434627879
recursive_no_target_actual,광주,2021,2,2021Q2,기타산업 및 순생산물세,9217.490704725038
recursive_no_target_actual,광주,2021,3,2021Q3,기타산업 및 순생산물세,9402.186841007479
recursive_no_target_actual,광주,2021,4,2021Q4,기타산업 및 순생산물세,9895.890396153265
recursive_no_target_actual,대구,2021,1,2021Q1,기타산업 및 순생산물세,12833.888675308111
recursive_no_target_actual,대구,2021,2,2021Q2,기타산업 및 순생산물세,13876.473590933221
recursive_no_target_actual,대구,2021,3,2021Q3,기타산업 및 순생산물세,14154.524433572735
recursive_no_target_actual,대구,2021,4,2021Q4,기타산업 및 순생산물세,14897.77056901158
recursive_no_target_actual,대전,2021,1,2021Q1,기타산업 및 순생산물세,8975.474726729948
recursive_no_target_actual,대전,2021,2,2021Q2,기타산업 및 순생산물세,9704.614179113298
recursive_no_target_actual,대전,2021,3,2021Q3,기타산업 및 순생산물세,9899.071087225524
recursive_no_target_actual,대전,2021,4,2021Q4,기타산업 및 순생산물세,10418.865755322167
recursive_no_target_actual,부산,2021,1,2021Q1,기타산업 및 순생산물세,22871.517953071452
recursive_no_target_actual,부산,2021,2,2021Q2,기타산업 및 순생산물세,24729.528429755654
recursive_no_target_actual,부산,2021,3,2021Q3,기타산업 및 순생산물세,25225.04814324137
recursive_no_target_actual,부산,2021,4,2021Q4,기타산업 및 순생산물세,26549.601266640846
recursive_no_target_actual,서울,2021,1,2021Q1,기타산업 및 순생산물세,110945.14483977355
recursive_no_target_actual,서울,2021,2,2021Q2,기타산업 및 순생산물세,119957.98088644542
recursive_no_target_actual,서울,2021,3,2021Q3,기타산업 및 순생산물세,122361.64759962277
recursive_no_target_actual,서울,2021,4,2021Q4,기타산업 및 순생산물세,128786.7890539439
recursive_no_target_actual,세종,2021,1,2021Q1,기타산업 및 순생산물세,3263.1119483436187
recursive_no_target_actual,세종,2021,2,2021Q2,기타산업 및 순생산물세,3528.196941786375
recursive_no_target_actual,세종,2021,3,2021Q3,기타산업 및 순생산물세,3598.893443043211
recursive_no_target_actual,세종,2021,4,2021Q4,기타산업 및 순생산물세,3787.8693182802217
recursive_no_target_actual,울산,2021,1,2021Q1,기타산업 및 순생산물세,32701.317286733134
recursive_no_target_actual,울산,2021,2,2021Q2,기타산업 및 순생산물세,35357.86987081577
recursive_no_target_actual,울산,2021,3,2021Q3,기타산업 및 순생산물세,36066.35574419662
recursive_no_target_actual,울산,2021,4,2021Q4,기타산업 및 순생산물세,37960.17984630886
recursive_no_target_actual,인천,2021,1,2021Q1,기타산업 및 순생산물세,25105.50946927994
recursive_no_target_actual,인천,2021,2,2021Q2,기타산업 및 순생산물세,27145.002419075703
recursive_no_target_actual,인천,2021,3,2021Q3,기타산업 및 순생산물세,27688.922367225012
recursive_no_target_actual,인천,2021,4,2021Q4,기타산업 및 순생산물세,29142.852143565204
recursive_no_target_actual,전남,2021,1,2021Q1,기타산업 및 순생산물세,42557.79645155159
recursive_no_target_actual,전남,2021,2,2021Q2,기타산업 및 순생산물세,46015.058528945
recursive_no_target_actual,전남,2021,3,2021Q3,기타산업 및 순생산물세,46937.08859041822
recursive_no_target_actual,전남,2021,4,2021Q4,기타산업 및 순생산물세,49401.72877436071
recursive_no_target_actual,전북,2021,1,2021Q1,기타산업 및 순생산물세,21902.977308836525
recursive_no_target_actual,전북,2021,2,2021Q2,기타산업 및 순생산물세,23682.306577400857
recursive_no_target_actual,전북,2021,3,2021Q3,기타산업 및 순생산물세,24156.842507321562
recursive_no_target_actual,전북,2021,4,2021Q4,기타산업 및 순생산물세,25425.304752184118
recursive_no_target_actual,제주,2021,1,2021Q1,기타산업 및 순생산물세,9358.129357296524
recursive_no_target_actual,제주,2021,2,2021Q2,기타산업 및 순생산물세,10118.354473255122
recursive_no_target_actual,제주,2021,3,2021Q3,기타산업 및 순생산물세,10321.101732418441
recursive_no_target_actual,제주,2021,4,2021Q4,기타산업 및 순생산물세,10863.056992878923
recursive_no_target_actual,충남,2021,1,2021Q1,기타산업 및 순생산물세,46368.30311113562
recursive_no_target_actual,충남,2021,2,2021Q2,기타산업 및 순생산물세,50135.11881367577
recursive_no_target_actual,충남,2021,3,2021Q3,기타산업 및 순생산물세,51139.70488092293
recursive_no_target_actual,충남,2021,4,2021Q4,기타산업 및 순생산물세,53825.02208805393
recursive_no_target_actual,충북,2021,1,2021Q1,기타산업 및 순생산물세,19210.66895991947
recursive_no_target_actual,충북,2021,2,2021Q2,기타산업 및 순생산물세,20771.28353149621
recursive_no_target_actual,충북,2021,3,2021Q3,기타산업 및 순생산물세,21187.489626711238
recursive_no_target_actual,충북,2021,4,2021Q4,기타산업 및 순생산물세,22300.03281801427
recursive_no_target_actual,강원,2022,1,2022Q1,기타산업 및 순생산물세,16491.662127181033
recursive_no_target_actual,강원,2022,2,2022Q2,기타산업 및 순생산물세,17529.092009340475
recursive_no_target_actual,강원,2022,3,2022Q3,기타산업 및 순생산물세,18293.928011288197
recursive_no_target_actual,강원,2022,4,2022Q4,기타산업 및 순생산물세,18687.375726983693
recursive_no_target_actual,경기도,2022,1,2022Q1,기타산업 및 순생산물세,106796.59179485864
recursive_no_target_actual,경기도,2022,2,2022Q2,기타산업 및 순생산물세,113514.77306648214
recursive_no_target_actual,경기도,2022,3,2022Q3,기타산업 및 순생산물세,118467.69276979071
recursive_no_target_actual,경기도,2022,4,2022Q4,기타산업 및 순생산물세,121015.57877192371
recursive_no_target_actual,경남,2022,1,2022Q1,기타산업 및 순생산물세,32994.58380692397
recursive_no_target_actual,경남,2022,2,2022Q2,기타산업 및 순생산물세,35070.15186833246
recursive_no_target_actual,경남,2022,3,2022Q3,기타산업 및 순생산물세,36600.34605799055
recursive_no_target_actual,경남,2022,4,2022Q4,기타산업 및 순생산물세,37387.51011271381
recursive_no_target_actual,경북,2022,1,2022Q1,기타산업 및 순생산물세,38120.86276959014
recursive_no_target_actual,경북,2022,2,2022Q2,기타산업 및 순생산물세,40518.90620911045
recursive_no_target_actual,경북,2022,3,2022Q3,기타산업 및 순생산물세,42286.842518176396
recursive_no_target_actual,경북,2022,4,2022Q4,기타산업 및 순생산물세,43196.30611628859
recursive_no_target_actual,광주,2022,1,2022Q1,기타산업 및 순생산물세,8408.980831278577
recursive_no_target_actual,광주,2022,2,2022Q2,기타산업 및 순생산물세,8937.95892491149
recursive_no_target_actual,광주,2022,3,2022Q3,기타산업 및 순생산물세,9327.943344301817
recursive_no_target_actual,광주,2022,4,2022Q4,기타산업 및 순생산물세,9528.559526823577
recursive_no_target_actual,대구,2022,1,2022Q1,기타산업 및 순생산물세,13381.844943486987
recursive_no_target_actual,대구,2022,2,2022Q2,기타산업 및 순생산물세,14223.647650560191
recursive_no_target_actual,대구,2022,3,2022Q3,기타산업 및 순생산물세,14844.25924848955
recursive_no_target_actual,대구,2022,4,2022Q4,기타산업 및 순생산물세,15163.514899266473
recursive_no_target_actual,대전,2022,1,2022Q1,기타산업 및 순생산물세,8557.634499510152
recursive_no_target_actual,대전,2022,2,2022Q2,기타산업 및 순생산물세,9095.963849330996
recursive_no_target_actual,대전,2022,3,2022Q3,기타산업 및 순생산물세,9492.842399610514
recursive_no_target_actual,대전,2022,4,2022Q4,기타산업 및 순생산물세,9697.005067971266
recursive_no_target_actual,부산,2022,1,2022Q1,기타산업 및 순생산물세,22739.64069474281
recursive_no_target_actual,부산,2022,2,2022Q2,기타산업 및 순생산물세,24170.107956584994
recursive_no_target_actual,부산,2022,3,2022Q3,기타산업 및 순생산물세,25224.707289300506
recursive_no_target_actual,부산,2022,4,2022Q4,기타산업 및 순생산물세,25767.215352956322
recursive_no_target_actual,서울,2022,1,2022Q1,기타산업 및 순생산물세,112170.25921238495
recursive_no_target_actual,서울,2022,2,2022Q2,기타산업 및 순생산물세,119226.47816103192
recursive_no_target_actual,서울,2022,3,2022Q3,기타산업 및 순생산물세,124428.6131509333
recursive_no_target_actual,서울,2022,4,2022Q4,기타산업 및 순생산물세,127104.7007348128
recursive_no_target_actual,세종,2022,1,2022Q1,기타산업 및 순생산물세,3325.210126335408
recursive_no_target_actual,세종,2022,2,2022Q2,기타산업 및 순생산물세,3534.3868801954013
recursive_no_target_actual,세종,2022,3,2022Q3,기타산업 및 순생산물세,3688.600591284641
recursive_no_target_actual,세종,2022,4,2022Q4,기타산업 및 순생산물세,3767.9313657284074
recursive_no_target_actual,울산,2022,1,2022Q1,기타산업 및 순생산물세,31905.098011694747
recursive_no_target_actual,울산,2022,2,2022Q2,기타산업 및 순생산물세,33912.13052396073
recursive_no_target_actual,울산,2022,3,2022Q3,기타산업 및 순생산물세,35391.79748638266
recursive_no_target_actual,울산,2022,4,2022Q4,기타산업 및 순생산물세,36152.96927337027
recursive_no_target_actual,인천,2022,1,2022Q1,기타산업 및 순생산물세,25451.807247836314
recursive_no_target_actual,인천,2022,2,2022Q2,기타산업 및 순생산물세,27052.886944366637
recursive_no_target_actual,인천,2022,3,2022Q3,기타산업 및 순생산물세,28233.268785060252
recursive_no_target_actual,인천,2022,4,2022Q4,기타산업 및 순생산물세,28840.482014676363
recursive_no_target_actual,전남,2022,1,2022Q1,기타산업 및 순생산물세,42956.73489300608
recursive_no_target_actual,전남,2022,2,2022Q2,기타산업 및 순생산물세,45658.985283193
recursive_no_target_actual,전남,2022,3,2022Q3,기타산업 및 순생산물세,47651.195475162946
recursive_no_target_actual,전남,2022,4,2022Q4,기타산업 및 순생산물세,48676.03027271402
recursive_no_target_actual,전북,2022,1,2022Q1,기타산업 및 순생산물세,21654.15548747487
recursive_no_target_actual,전북,2022,2,2022Q2,기타산업 및 순생산물세,23016.338862466993
recursive_no_target_actual,전북,2022,3,2022Q3,기타산업 및 순생산물세,24020.596503744877
recursive_no_target_actual,전북,2022,4,2022Q4,기타산업 및 순생산물세,24537.207743179624
recursive_no_target_actual,제주,2022,1,2022Q1,기타산업 및 순생산물세,9179.899416513477
recursive_no_target_actual,제주,2022,2,2022Q2,기타산업 및 순생산물세,9757.373166367517
recursive_no_target_actual,제주,2022,3,2022Q3,기타산업 및 순생산물세,10183.110579240923
recursive_no_target_actual,제주,2022,4,2022Q4,기타산업 및 순생산물세,10402.118853112166
recursive_no_target_actual,충남,2022,1,2022Q1,기타산업 및 순생산물세,46147.77251442524
recursive_no_target_actual,충남,2022,2,2022Q2,기타산업 및 순생산물세,49050.75935907171
recursive_no_target_actual,충남,2022,3,2022Q3,기타산업 및 순생산물세,51190.96072607359
recursive_no_target_actual,충남,2022,4,2022Q4,기타산업 및 순생산물세,52291.925294727385
recursive_no_target_actual,충북,2022,1,2022Q1,기타산업 및 순생산물세,18938.117027020806
recursive_no_target_actual,충북,2022,2,2022Q2,기타산업 및 순생산물세,20129.44439985622
recursive_no_target_actual,충북,2022,3,2022Q3,기타산업 및 순생산물세,21007.73996519476
recursive_no_target_actual,충북,2022,4,2022Q4,기타산업 및 순생산물세,21459.55366513557
recursive_no_target_actual,강원,2023,1,2023Q1,기타산업 및 순생산물세,16075.360668333233
recursive_no_target_actual,강원,2023,2,2023Q2,기타산업 및 순생산물세,17611.47734696039
recursive_no_target_actual,강원,2023,3,2023Q3,기타산업 및 순생산물세,18220.75707046017
recursive_no_target_actual,강원,2023,4,2023Q4,기타산업 및 순생산물세,19081.80002250511
recursive_no_target_actual,경기도,2023,1,2023Q1,기타산업 및 순생산물세,99624.31937328789
recursive_no_target_actual,경기도,2023,2,2023Q2,기타산업 및 순생산물세,109144.1417737674
recursive_no_target_actual,경기도,2023,3,2023Q3,기타산업 및 순생산물세,112920.0494509856
recursive_no_target_actual,경기도,2023,4,2023Q4,기타산업 및 순생산물세,118256.21700694117
recursive_no_target_actual,경남,2023,1,2023Q1,기타산업 및 순생산물세,32759.80066057743
recursive_no_target_actual,경남,2023,2,2023Q2,기타산업 및 순생산물세,35890.23594109619
recursive_no_target_actual,경남,2023,3,2023Q3,기타산업 및 순생산물세,37131.8803869159
recursive_no_target_actual,경남,2023,4,2023Q4,기타산업 및 순생산물세,38886.59034653462
recursive_no_target_actual,경북,2023,1,2023Q1,기타산업 및 순생산물세,35780.2426217052
recursive_no_target_actual,경북,2023,2,2023Q2,기타산업 및 순생산물세,39199.302920911934
recursive_no_target_actual,경북,2023,3,2023Q3,기타산업 및 순생산물세,40555.426542713576
recursive_no_target_actual,경북,2023,4,2023Q4,기타산업 및 순생산물세,42471.920136077635
recursive_no_target_actual,광주,2023,1,2023Q1,기타산업 및 순생산물세,7689.225933917423
recursive_no_target_actual,광주,2023,2,2023Q2,기타산업 및 순생산물세,8423.986941556308
recursive_no_target_actual,광주,2023,3,2023Q3,기타산업 및 순생산물세,8715.419870969414
recursive_no_target_actual,광주,2023,4,2023Q4,기타산업 및 순생산물세,9127.27711844772
recursive_no_target_actual,대구,2023,1,2023Q1,기타산업 및 순생산물세,12544.550619906744
recursive_no_target_actual,대구,2023,2,2023Q2,기타산업 및 순생산물세,13743.27292733721
recursive_no_target_actual,대구,2023,3,2023Q3,기타산업 및 순생산물세,14218.729776537615
recursive_no_target_actual,대구,2023,4,2023Q4,기타산업 및 순생산물세,14890.652299502794
recursive_no_target_actual,대전,2023,1,2023Q1,기타산업 및 순생산물세,8034.677038294649
recursive_no_target_actual,대전,2023,2,2023Q2,기타산업 및 순생산물세,8802.448391022048
recursive_no_target_actual,대전,2023,3,2023Q3,기타산업 및 순생산물세,9106.974423457861
recursive_no_target_actual,대전,2023,4,2023Q4,기타산업 및 순생산물세,9537.335034240861
recursive_no_target_actual,부산,2023,1,2023Q1,기타산업 및 순생산물세,21299.158086692896
recursive_no_target_actual,부산,2023,2,2023Q2,기타산업 및 순생산물세,23334.44629283165
recursive_no_target_actual,부산,2023,3,2023Q3,기타산업 및 순생산물세,24141.715592574456
recursive_no_target_actual,부산,2023,4,2023Q4,기타산업 및 순생산물세,25282.560288592056
recursive_no_target_actual,서울,2023,1,2023Q1,기타산업 및 순생산물세,103371.3841982175
recursive_no_target_actual,서울,2023,2,2023Q2,기타산업 및 순생산물세,113249.26567383864
recursive_no_target_actual,서울,2023,3,2023Q3,기타산업 및 순생산물세,117167.19259824962
recursive_no_target_actual,서울,2023,4,2023Q4,기타산업 및 순생산물세,122704.0638164699
recursive_no_target_actual,세종,2023,1,2023Q1,기타산업 및 순생산물세,2966.277793103726
recursive_no_target_actual,세종,2023,2,2023Q2,기타산업 및 순생산물세,3249.7270347996773
recursive_no_target_actual,세종,2023,3,2023Q3,기타산업 및 순생산물세,3362.1533094502965
recursive_no_target_actual,세종,2023,4,2023Q4,기타산업 및 순생산물세,3521.0357532259236
recursive_no_target_actual,울산,2023,1,2023Q1,기타산업 및 순생산물세,30222.48962345861
recursive_no_target_actual,울산,2023,2,2023Q2,기타산업 및 순생산물세,33110.46653035836
recursive_no_target_actual,울산,2023,3,2023Q3,기타산업 및 순생산물세,34255.943170116094
recursive_no_target_actual,울산,2023,4,2023Q4,기타산업 및 순생산물세,35874.74738984303
recursive_no_target_actual,인천,2023,1,2023Q1,기타산업 및 순생산물세,24051.996556660026
recursive_no_target_actual,인천,2023,2,2023Q2,기타산업 및 순생산물세,26350.338337429486
recursive_no_target_actual,인천,2023,3,2023Q3,기타산업 및 순생산물세,27261.944248737418
recursive_no_target_actual,인천,2023,4,2023Q4,기타산업 및 순생산물세,28550.238959195605
recursive_no_target_actual,전남,2023,1,2023Q1,기타산업 및 순생산물세,39389.73465354689
recursive_no_target_actual,전남,2023,2,2023Q2,기타산업 및 순생산물세,43153.707955073136
recursive_no_target_actual,전남,2023,3,2023Q3,기타산업 및 순생산물세,44646.636613633134
recursive_no_target_actual,전남,2023,4,2023Q4,기타산업 및 순생산물세,46756.465071365245
recursive_no_target_actual,전북,2023,1,2023Q1,기타산업 및 순생산물세,20716.123344583633
recursive_no_target_actual,전북,2023,2,2023Q2,기타산업 및 순생산물세,22695.698375133277
recursive_no_target_actual,전북,2023,3,2023Q3,기타산업 및 순생산물세,23480.869803867634
recursive_no_target_actual,전북,2023,4,2023Q4,기타산업 및 순생산물세,24590.48546771307
recursive_no_target_actual,제주,2023,1,2023Q1,기타산업 및 순생산물세,9119.253454161817
recursive_no_target_actual,제주,2023,2,2023Q2,기타산업 및 순생산물세,9990.663907499951
recursive_no_target_actual,제주,2023,3,2023Q3,기타산업 및 순생산물세,10336.296975255702
recursive_no_target_actual,제주,2023,4,2023Q4,기타산업 및 순생산물세,10824.7506452306
recursive_no_target_actual,충남,2023,1,2023Q1,기타산업 및 순생산물세,44136.322555249535
recursive_no_target_actual,충남,2023,2,2023Q2,기타산업 및 순생산물세,48353.86657240759
recursive_no_target_actual,충남,2023,3,2023Q3,기타산업 및 순생산물세,50026.69786730556
recursive_no_target_actual,충남,2023,4,2023Q4,기타산업 및 순생산물세,52390.76734291254
recursive_no_target_actual,충북,2023,1,2023Q1,기타산업 및 순생산물세,18138.2623526553
recursive_no_target_actual,충북,2023,2,2023Q2,기타산업 및 순생산물세,19871.504168878746
recursive_no_target_actual,충북,2023,3,2023Q3,기타산업 및 순생산물세,20558.970888848657
recursive_no_target_actual,충북,2023,4,2023Q4,기타산업 및 순생산물세,21530.50883958723
recursive_no_target_actual,강원,2024,1,2024Q1,기타산업 및 순생산물세,17560.298740950184
recursive_no_target_actual,강원,2024,2,2024Q2,기타산업 및 순생산물세,18329.056802849635
recursive_no_target_actual,강원,2024,3,2024Q3,기타산업 및 순생산물세,19488.539064093395
recursive_no_target_actual,강원,2024,4,2024Q4,기타산업 및 순생산물세,19815.283080769546
recursive_no_target_actual,경기도,2024,1,2024Q1,기타산업 및 순생산물세,102401.85774234583
recursive_no_target_actual,경기도,2024,2,2024Q2,기타산업 및 순생산물세,106884.82553544668
recursive_no_target_actual,경기도,2024,3,2024Q3,기타산업 및 순생산물세,113646.27870445081
recursive_no_target_actual,경기도,2024,4,2024Q4,기타산업 및 순생산물세,115551.66737735578
recursive_no_target_actual,경남,2024,1,2024Q1,기타산업 및 순생산물세,34653.1249920543
recursive_no_target_actual,경남,2024,2,2024Q2,기타산업 및 순생산물세,36170.17601724714
recursive_no_target_actual,경남,2024,3,2024Q3,기타산업 및 순생산물세,38458.273977178294
recursive_no_target_actual,경남,2024,4,2024Q4,기타산업 및 순생산물세,39103.06376221084
recursive_no_target_actual,경북,2024,1,2024Q1,기타산업 및 순생산물세,38392.58427519852
recursive_no_target_actual,경북,2024,2,2024Q2,기타산업 및 순생산물세,40073.34205239314
recursive_no_target_actual,경북,2024,3,2024Q3,기타산업 및 순생산물세,42608.351341647984
recursive_no_target_actual,경북,2024,4,2024Q4,기타산업 및 순생산물세,43322.72114717996
recursive_no_target_actual,광주,2024,1,2024Q1,기타산업 및 순생산물세,8322.076254580194
recursive_no_target_actual,광주,2024,2,2024Q2,기타산업 및 순생산물세,8686.401674485
recursive_no_target_actual,광주,2024,3,2024Q3,기타산업 및 순생산물세,9235.896870224564
recursive_no_target_actual,광주,2024,4,2024Q4,기타산업 및 순생산물세,9390.745524146703
recursive_no_target_actual,대구,2024,1,2024Q1,기타산업 및 순생산물세,12527.839488850595
recursive_no_target_actual,대구,2024,2,2024Q2,기타산업 및 순생산물세,13076.28560285532
recursive_no_target_actual,대구,2024,3,2024Q3,기타산업 및 순생산물세,13903.48153347793
recursive_no_target_actual,대구,2024,4,2024Q4,기타산업 및 순생산물세,14136.58671325004
recursive_no_target_actual,대전,2024,1,2024Q1,기타산업 및 순생산물세,8452.926465342547
recursive_no_target_actual,대전,2024,2,2024Q2,기타산업 및 순생산물세,8822.98027039095
recursive_no_target_actual,대전,2024,3,2024Q3,기타산업 및 순생산물세,9381.11532473982
recursive_no_target_actual,대전,2024,4,2024Q4,기타산업 및 순생산물세,9538.398705091055
recursive_no_target_actual,부산,2024,1,2024Q1,기타산업 및 순생산물세,22518.776666655558
recursive_no_target_actual,부산,2024,2,2024Q2,기타산업 및 순생산물세,23504.607908024744
recursive_no_target_actual,부산,2024,3,2024Q3,기타산업 및 순생산물세,24991.4916151344
recursive_no_target_actual,부산,2024,4,2024Q4,기타산업 및 순생산물세,25410.49790012076
recursive_no_target_actual,서울,2024,1,2024Q1,기타산업 및 순생산물세,107490.08146721854
recursive_no_target_actual,서울,2024,2,2024Q2,기타산업 및 순생산물세,112195.80247579415
recursive_no_target_actual,서울,2024,3,2024Q3,기타산업 및 순생산물세,119293.22402650192
recursive_no_target_actual,서울,2024,4,2024Q4,기타산업 및 순생산물세,121293.2891443887
recursive_no_target_actual,세종,2024,1,2024Q1,기타산업 및 순생산물세,3093.20511931188
recursive_no_target_actual,세종,2024,2,2024Q2,기타산업 및 순생산물세,3228.6200349496416
recursive_no_target_actual,세종,2024,3,2024Q3,기타산업 및 순생산물세,3432.8600948221338
recursive_no_target_actual,세종,2024,4,2024Q4,기타산업 및 순생산물세,3490.4152810975415
recursive_no_target_actual,울산,2024,1,2024Q1,기타산업 및 순생산물세,31662.65390186636
recursive_no_target_actual,울산,2024,2,2024Q2,기타산업 및 순생산물세,33048.78752107578
recursive_no_target_actual,울산,2024,3,2024Q3,기타산업 및 순생산물세,35139.428807120785
recursive_no_target_actual,울산,2024,4,2024Q4,기타산업 및 순생산물세,35728.57497525498
recursive_no_target_actual,인천,2024,1,2024Q1,기타산업 및 순생산물세,25680.844817765374
recursive_no_target_actual,인천,2024,2,2024Q2,기타산업 및 순생산물세,26805.10567353357
recursive_no_target_actual,인천,2024,3,2024Q3,기타산업 및 순생산물세,28500.77637135118
recursive_no_target_actual,인천,2024,4,2024Q4,기타산업 및 순생산물세,28978.619175233885
recursive_no_target_actual,전남,2024,1,2024Q1,기타산업 및 순생산물세,42097.62391783726
recursive_no_target_actual,전남,2024,2,2024Q2,기타산업 및 순생산물세,43940.58161753625
recursive_no_target_actual,전남,2024,3,2024Q3,기타산업 및 순생산물세,46720.22955481287
recursive_no_target_actual,전남,2024,4,2024Q4,기타산업 및 순생산물세,47503.538935498946
recursive_no_target_actual,전북,2024,1,2024Q1,기타산업 및 순생산물세,21170.325735315335
recursive_no_target_actual,전북,2024,2,2024Q2,기타산업 및 순생산물세,22097.124238128305
recursive_no_target_actual,전북,2024,3,2024Q3,기타산업 및 순생산물세,23494.97159351573
recursive_no_target_actual,전북,2024,4,2024Q4,기타산업 및 순생산물세,23888.887287499256
recursive_no_target_actual,제주,2024,1,2024Q1,기타산업 및 순생산물세,10470.985709362083
recursive_no_target_actual,제주,2024,2,2024Q2,기타산업 및 순생산물세,10929.38649165256
recursive_no_target_actual,제주,2024,3,2024Q3,기타산업 및 순생산물세,11620.771209352715
recursive_no_target_actual,제주,2024,4,2024Q4,기타산업 및 순생산물세,11815.604564963978
recursive_no_target_actual,충남,2024,1,2024Q1,기타산업 및 순생산물세,45436.57843013157
recursive_no_target_actual,충남,2024,2,2024Q2,기타산업 및 순생산물세,47425.70950862713
recursive_no_target_actual,충남,2024,3,2024Q3,기타산업 및 순생산물세,50425.82399862115
recursive_no_target_actual,충남,2024,4,2024Q4,기타산업 및 순생산물세,51271.261218072395
recursive_no_target_actual,충북,2024,1,2024Q1,기타산업 및 순생산물세,19715.255146099655
recursive_no_target_actual,충북,2024,2,2024Q2,기타산업 및 순생산물세,20578.353294915578
recursive_no_target_actual,충북,2024,3,2024Q3,기타산업 및 순생산물세,21880.124349897094
recursive_no_target_actual,충북,2024,4,2024Q4,기타산업 및 순생산물세,22246.96558370877
recursive_no_target_actual,강원,2025,1,2025Q1,기타산업 및 순생산물세,17686.596563920397
recursive_no_target_actual,강원,2025,2,2025Q2,기타산업 및 순생산물세,18011.335150806404
recursive_no_target_actual,강원,2025,3,2025Q3,기타산업 및 순생산물세,19709.34965073417
recursive_no_target_actual,강원,2025,4,2025Q4,기타산업 및 순생산물세,19645.9794702057
recursive_no_target_actual,경기도,2025,1,2025Q1,기타산업 및 순생산물세,103138.3561295176
recursive_no_target_actual,경기도,2025,2,2025Q2,기타산업 및 순생산물세,105032.05025558642
recursive_no_target_actual,경기도,2025,3,2025Q3,기타산업 및 순생산물세,114933.92275964355
recursive_no_target_actual,경기도,2025,4,2025Q4,기타산업 및 순생산물세,114564.38324853886
recursive_no_target_actual,경남,2025,1,2025Q1,기타산업 및 순생산물세,34902.35846525285
recursive_no_target_actual,경남,2025,2,2025Q2,기타산업 및 순생산물세,35543.19077722609
recursive_no_target_actual,경남,2025,3,2025Q3,기타산업 및 순생산물세,38894.01695463619
recursive_no_target_actual,경남,2025,4,2025Q4,기타산업 및 순생산물세,38768.96357035058
recursive_no_target_actual,경북,2025,1,2025Q1,기타산업 및 순생산물세,38668.712824244816
recursive_no_target_actual,경북,2025,2,2025Q2,기타산업 및 순생산물세,39378.69810116701
recursive_no_target_actual,경북,2025,3,2025Q3,기타산업 및 순생산물세,43091.1158538879
recursive_no_target_actual,경북,2025,4,2025Q4,기타산업 및 순생산물세,42952.567812515445
recursive_no_target_actual,광주,2025,1,2025Q1,기타산업 및 순생산물세,8381.930595844591
recursive_no_target_actual,광주,2025,2,2025Q2,기타산업 및 순생산물세,8535.828847960758
recursive_no_target_actual,광주,2025,3,2025Q3,기타산업 및 순생산물세,9340.54215940509
recursive_no_target_actual,광주,2025,4,2025Q4,기타산업 및 순생산물세,9310.510126214524
recursive_no_target_actual,대구,2025,1,2025Q1,기타산업 및 순생산물세,12617.942674297687
recursive_no_target_actual,대구,2025,2,2025Q2,기타산업 및 순생산물세,12849.617143642387
recursive_no_target_actual,대구,2025,3,2025Q3,기타산업 및 순생산물세,14061.011859566504
recursive_no_target_actual,대구,2025,4,2025Q4,기타산업 및 순생산물세,14015.802409445429
recursive_no_target_actual,대전,2025,1,2025Q1,기타산업 및 순생산물세,8513.721912279363
recursive_no_target_actual,대전,2025,2,2025Q2,기타산업 및 순생산물세,8670.039947405123
recursive_no_target_actual,대전,2025,3,2025Q3,기타산업 및 순생산물세,9487.405979538933
recursive_no_target_actual,대전,2025,4,2025Q4,기타산업 및 순생산물세,9456.90174473036
recursive_no_target_actual,부산,2025,1,2025Q1,기타산업 및 순생산물세,22680.73703594693
recursive_no_target_actual,부산,2025,2,2025Q2,기타산업 및 순생산물세,23097.171620631885
recursive_no_target_actual,부산,2025,3,2025Q3,기타산업 및 순생산물세,25274.65218999418
recursive_no_target_actual,부산,2025,4,2025Q4,기타산업 및 순생산물세,25193.388256863105
recursive_no_target_actual,서울,2025,1,2025Q1,기타산업 및 순생산물세,108263.1755631944
recursive_no_target_actual,서울,2025,2,2025Q2,기타산업 및 순생산물세,110250.96504644083
recursive_no_target_actual,서울,2025,3,2025Q3,기타산업 및 순생산물세,120644.84954819606
recursive_no_target_actual,서울,2025,4,2025Q4,기타산업 및 순생산물세,120256.94806838164
recursive_no_target_actual,세종,2025,1,2025Q1,기타산업 및 순생산물세,3115.452182322169
recursive_no_target_actual,세종,2025,2,2025Q2,기타산업 및 순생산물세,3172.654116879892
recursive_no_target_actual,세종,2025,3,2025Q3,기타산업 및 순생산물세,3471.7553577713197
recursive_no_target_actual,세종,2025,4,2025Q4,기타산업 및 순생산물세,3460.592850247158
recursive_no_target_actual,울산,2025,1,2025Q1,기타산업 및 순생산물세,31890.37919949696
recursive_no_target_actual,울산,2025,2,2025Q2,기타산업 및 순생산물세,32475.909413807905
recursive_no_target_actual,울산,2025,3,2025Q3,기타산업 및 순생산물세,35537.56834254743
recursive_no_target_actual,울산,2025,4,2025Q4,기타산업 및 순생산물세,35423.30672756176
recursive_no_target_actual,인천,2025,1,2025Q1,기타산업 및 순생산물세,25865.54752928338
recursive_no_target_actual,인천,2025,2,2025Q2,기타산업 및 순생산물세,26340.457516817492
recursive_no_target_actual,인천,2025,3,2025Q3,기타산업 및 순생산물세,28823.698121903057
recursive_no_target_actual,인천,2025,4,2025Q4,기타산업 및 순생산물세,28731.023173929058
recursive_no_target_actual,전남,2025,1,2025Q1,기타산업 및 순생산물세,42400.39998853377
recursive_no_target_actual,전남,2025,2,2025Q2,기타산업 및 순생산물세,43178.90171586812
recursive_no_target_actual,전남,2025,3,2025Q3,기타산업 및 순생산물세,47249.58279478955
recursive_no_target_actual,전남,2025,4,2025Q4,기타산업 및 순생산물세,47097.66430713467
recursive_no_target_actual,전북,2025,1,2025Q1,기타산업 및 순생산물세,21322.58772649123
recursive_no_target_actual,전북,2025,2,2025Q2,기타산업 및 순생산물세,21714.085716623416
recursive_no_target_actual,전북,2025,3,2025Q3,기타산업 및 순생산물세,23761.1761788677
recursive_no_target_actual,전북,2025,4,2025Q4,기타산업 및 순생산물세,23684.778425988647
recursive_no_target_actual,제주,2025,1,2025Q1,기타산업 및 순생산물세,10546.295515815475
recursive_no_target_actual,제주,2025,2,2025Q2,기타산업 및 순생산물세,10739.933058816512
recursive_no_target_actual,제주,2025,3,2025Q3,기타산업 및 순생산물세,11752.437790388703
recursive_no_target_actual,제주,2025,4,2025Q4,기타산업 및 순생산물세,11714.650947208984
recursive_no_target_actual,충남,2025,1,2025Q1,기타산업 및 순생산물세,45763.36905161224
recursive_no_target_actual,충남,2025,2,2025Q2,기타산업 및 순생산물세,46603.6173008022
recursive_no_target_actual,충남,2025,3,2025Q3,기타산업 및 순생산물세,50997.1626578383
recursive_no_target_actual,충남,2025,4,2025Q4,기타산업 및 순생산물세,50833.19482220012
recursive_no_target_actual,충북,2025,1,2025Q1,기타산업 및 순생산물세,19857.0519253565
recursive_no_target_actual,충북,2025,2,2025Q2,기타산업 및 순생산물세,20221.641627997004
recursive_no_target_actual,충북,2025,3,2025Q3,기타산업 및 순생산물세,22128.032265292124
recursive_no_target_actual,충북,2025,4,2025Q4,기타산업 및 순생산물세,22056.88545303091
prior_year_province_anchor,강원,2021,1,2021Q1,기타산업 및 순생산물세,16812.490537216006
prior_year_province_anchor,강원,2021,2,2021Q2,기타산업 및 순생산물세,18178.284605689994
prior_year_province_anchor,강원,2021,3,2021Q3,기타산업 및 순생산물세,18542.533297494196
prior_year_province_anchor,강원,2021,4,2021Q4,기타산업 및 순생산물세,19516.191316121818
prior_year_province_anchor,경기도,2021,1,2021Q1,기타산업 및 순생산물세,105838.49816681501
prior_year_province_anchor,경기도,2021,2,2021Q2,기타산업 및 순생산물세,114436.48623363048
prior_year_province_anchor,경기도,2021,3,2021Q3,기타산업 및 순생산물세,116729.51559858069
prior_year_province_anchor,경기도,2021,4,2021Q4,기타산업 및 순생산물세,122858.91696190115
prior_year_province_anchor,경남,2021,1,2021Q1,기타산업 및 순생산물세,33835.10308371824
prior_year_province_anchor,경남,2021,2,2021Q2,기타산업 및 순생산물세,36583.7608745229
prior_year_province_anchor,경남,2021,3,2021Q3,기타산업 및 순생산물세,37316.810627504085
prior_year_province_anchor,경남,2021,4,2021Q4,기타산업 및 순생산물세,39276.29541386754
prior_year_province_anchor,경북,2021,1,2021Q1,기타산업 및 순생산물세,39004.847689643335
prior_year_province_anchor,경북,2021,2,2021Q2,기타산업 및 순생산물세,42173.47933873318
prior_year_province_anchor,경북,2021,3,2021Q3,기타산업 및 순생산물세,43018.5334794939
prior_year_province_anchor,경북,2021,4,2021Q4,기타산업 및 순생산물세,45277.41253339158
prior_year_province_anchor,광주,2021,1,2021Q1,기타산업 및 순생산물세,8524.950434627879
prior_year_province_anchor,광주,2021,2,2021Q2,기타산업 및 순생산물세,9217.490704725038
prior_year_province_anchor,광주,2021,3,2021Q3,기타산업 및 순생산물세,9402.186841007479
prior_year_province_anchor,광주,2021,4,2021Q4,기타산업 및 순생산물세,9895.890396153265
prior_year_province_anchor,대구,2021,1,2021Q1,기타산업 및 순생산물세,12833.888675308111
prior_year_province_anchor,대구,2021,2,2021Q2,기타산업 및 순생산물세,13876.473590933221
prior_year_province_anchor,대구,2021,3,2021Q3,기타산업 및 순생산물세,14154.524433572735
prior_year_province_anchor,대구,2021,4,2021Q4,기타산업 및 순생산물세,14897.77056901158
prior_year_province_anchor,대전,2021,1,2021Q1,기타산업 및 순생산물세,8975.474726729948
prior_year_province_anchor,대전,2021,2,2021Q2,기타산업 및 순생산물세,9704.614179113298
prior_year_province_anchor,대전,2021,3,2021Q3,기타산업 및 순생산물세,9899.071087225524
prior_year_province_anchor,대전,2021,4,2021Q4,기타산업 및 순생산물세,10418.865755322167
prior_year_province_anchor,부산,2021,1,2021Q1,기타산업 및 순생산물세,22871.517953071452
prior_year_province_anchor,부산,2021,2,2021Q2,기타산업 및 순생산물세,24729.528429755654
prior_year_province_anchor,부산,2021,3,2021Q3,기타산업 및 순생산물세,25225.04814324137
prior_year_province_anchor,부산,2021,4,2021Q4,기타산업 및 순생산물세,26549.601266640846
prior_year_province_anchor,서울,2021,1,2021Q1,기타산업 및 순생산물세,110945.14483977355
prior_year_province_anchor,서울,2021,2,2021Q2,기타산업 및 순생산물세,119957.98088644542
prior_year_province_anchor,서울,2021,3,2021Q3,기타산업 및 순생산물세,122361.64759962277
prior_year_province_anchor,서울,2021,4,2021Q4,기타산업 및 순생산물세,128786.7890539439
prior_year_province_anchor,세종,2021,1,2021Q1,기타산업 및 순생산물세,3263.1119483436187
prior_year_province_anchor,세종,2021,2,2021Q2,기타산업 및 순생산물세,3528.196941786375
prior_year_province_anchor,세종,2021,3,2021Q3,기타산업 및 순생산물세,3598.893443043211
prior_year_province_anchor,세종,2021,4,2021Q4,기타산업 및 순생산물세,3787.8693182802217
prior_year_province_anchor,울산,2021,1,2021Q1,기타산업 및 순생산물세,32701.317286733134
prior_year_province_anchor,울산,2021,2,2021Q2,기타산업 및 순생산물세,35357.86987081577
prior_year_province_anchor,울산,2021,3,2021Q3,기타산업 및 순생산물세,36066.35574419662
prior_year_province_anchor,울산,2021,4,2021Q4,기타산업 및 순생산물세,37960.17984630886
prior_year_province_anchor,인천,2021,1,2021Q1,기타산업 및 순생산물세,25105.50946927994
prior_year_province_anchor,인천,2021,2,2021Q2,기타산업 및 순생산물세,27145.002419075703
prior_year_province_anchor,인천,2021,3,2021Q3,기타산업 및 순생산물세,27688.922367225012
prior_year_province_anchor,인천,2021,4,2021Q4,기타산업 및 순생산물세,29142.852143565204
prior_year_province_anchor,전남,2021,1,2021Q1,기타산업 및 순생산물세,42557.79645155159
prior_year_province_anchor,전남,2021,2,2021Q2,기타산업 및 순생산물세,46015.058528945
prior_year_province_anchor,전남,2021,3,2021Q3,기타산업 및 순생산물세,46937.08859041822
prior_year_province_anchor,전남,2021,4,2021Q4,기타산업 및 순생산물세,49401.72877436071
prior_year_province_anchor,전북,2021,1,2021Q1,기타산업 및 순생산물세,21902.977308836525
prior_year_province_anchor,전북,2021,2,2021Q2,기타산업 및 순생산물세,23682.306577400857
prior_year_province_anchor,전북,2021,3,2021Q3,기타산업 및 순생산물세,24156.842507321562
prior_year_province_anchor,전북,2021,4,2021Q4,기타산업 및 순생산물세,25425.304752184118
prior_year_province_anchor,제주,2021,1,2021Q1,기타산업 및 순생산물세,9358.129357296524
prior_year_province_anchor,제주,2021,2,2021Q2,기타산업 및 순생산물세,10118.354473255122
prior_year_province_anchor,제주,2021,3,2021Q3,기타산업 및 순생산물세,10321.101732418441
prior_year_province_anchor,제주,2021,4,2021Q4,기타산업 및 순생산물세,10863.056992878923
prior_year_province_anchor,충남,2021,1,2021Q1,기타산업 및 순생산물세,46368.30311113562
prior_year_province_anchor,충남,2021,2,2021Q2,기타산업 및 순생산물세,50135.11881367577
prior_year_province_anchor,충남,2021,3,2021Q3,기타산업 및 순생산물세,51139.70488092293
prior_year_province_anchor,충남,2021,4,2021Q4,기타산업 및 순생산물세,53825.02208805393
prior_year_province_anchor,충북,2021,1,2021Q1,기타산업 및 순생산물세,19210.66895991947
prior_year_province_anchor,충북,2021,2,2021Q2,기타산업 및 순생산물세,20771.28353149621
prior_year_province_anchor,충북,2021,3,2021Q3,기타산업 및 순생산물세,21187.489626711238
prior_year_province_anchor,충북,2021,4,2021Q4,기타산업 및 순생산물세,22300.03281801427
prior_year_province_anchor,강원,2022,1,2022Q1,기타산업 및 순생산물세,16491.662127181033
prior_year_province_anchor,강원,2022,2,2022Q2,기타산업 및 순생산물세,17529.092009340475
prior_year_province_anchor,강원,2022,3,2022Q3,기타산업 및 순생산물세,18293.928011288197
prior_year_province_anchor,강원,2022,4,2022Q4,기타산업 및 순생산물세,18687.375726983693
prior_year_province_anchor,경기도,2022,1,2022Q1,기타산업 및 순생산물세,106796.59179485864
prior_year_province_anchor,경기도,2022,2,2022Q2,기타산업 및 순생산물세,113514.77306648214
prior_year_province_anchor,경기도,2022,3,2022Q3,기타산업 및 순생산물세,118467.69276979071
prior_year_province_anchor,경기도,2022,4,2022Q4,기타산업 및 순생산물세,121015.57877192371
prior_year_province_anchor,경남,2022,1,2022Q1,기타산업 및 순생산물세,32994.58380692397
prior_year_province_anchor,경남,2022,2,2022Q2,기타산업 및 순생산물세,35070.15186833246
prior_year_province_anchor,경남,2022,3,2022Q3,기타산업 및 순생산물세,36600.34605799055
prior_year_province_anchor,경남,2022,4,2022Q4,기타산업 및 순생산물세,37387.51011271381
prior_year_province_anchor,경북,2022,1,2022Q1,기타산업 및 순생산물세,38120.86276959014
prior_year_province_anchor,경북,2022,2,2022Q2,기타산업 및 순생산물세,40518.90620911045
prior_year_province_anchor,경북,2022,3,2022Q3,기타산업 및 순생산물세,42286.842518176396
prior_year_province_anchor,경북,2022,4,2022Q4,기타산업 및 순생산물세,43196.30611628859
prior_year_province_anchor,광주,2022,1,2022Q1,기타산업 및 순생산물세,8408.980831278577
prior_year_province_anchor,광주,2022,2,2022Q2,기타산업 및 순생산물세,8937.95892491149
prior_year_province_anchor,광주,2022,3,2022Q3,기타산업 및 순생산물세,9327.943344301817
prior_year_province_anchor,광주,2022,4,2022Q4,기타산업 및 순생산물세,9528.559526823577
prior_year_province_anchor,대구,2022,1,2022Q1,기타산업 및 순생산물세,13381.844943486987
prior_year_province_anchor,대구,2022,2,2022Q2,기타산업 및 순생산물세,14223.647650560191
prior_year_province_anchor,대구,2022,3,2022Q3,기타산업 및 순생산물세,14844.25924848955
prior_year_province_anchor,대구,2022,4,2022Q4,기타산업 및 순생산물세,15163.514899266473
prior_year_province_anchor,대전,2022,1,2022Q1,기타산업 및 순생산물세,8557.634499510152
prior_year_province_anchor,대전,2022,2,2022Q2,기타산업 및 순생산물세,9095.963849330996
prior_year_province_anchor,대전,2022,3,2022Q3,기타산업 및 순생산물세,9492.842399610514
prior_year_province_anchor,대전,2022,4,2022Q4,기타산업 및 순생산물세,9697.005067971266
prior_year_province_anchor,부산,2022,1,2022Q1,기타산업 및 순생산물세,22739.64069474281
prior_year_province_anchor,부산,2022,2,2022Q2,기타산업 및 순생산물세,24170.107956584994
prior_year_province_anchor,부산,2022,3,2022Q3,기타산업 및 순생산물세,25224.707289300506
prior_year_province_anchor,부산,2022,4,2022Q4,기타산업 및 순생산물세,25767.215352956322
prior_year_province_anchor,서울,2022,1,2022Q1,기타산업 및 순생산물세,112170.25921238495
prior_year_province_anchor,서울,2022,2,2022Q2,기타산업 및 순생산물세,119226.47816103192
prior_year_province_anchor,서울,2022,3,2022Q3,기타산업 및 순생산물세,124428.6131509333
prior_year_province_anchor,서울,2022,4,2022Q4,기타산업 및 순생산물세,127104.7007348128
prior_year_province_anchor,세종,2022,1,2022Q1,기타산업 및 순생산물세,3325.210126335408
prior_year_province_anchor,세종,2022,2,2022Q2,기타산업 및 순생산물세,3534.3868801954013
prior_year_province_anchor,세종,2022,3,2022Q3,기타산업 및 순생산물세,3688.600591284641
prior_year_province_anchor,세종,2022,4,2022Q4,기타산업 및 순생산물세,3767.9313657284074
prior_year_province_anchor,울산,2022,1,2022Q1,기타산업 및 순생산물세,31905.098011694747
prior_year_province_anchor,울산,2022,2,2022Q2,기타산업 및 순생산물세,33912.13052396073
prior_year_province_anchor,울산,2022,3,2022Q3,기타산업 및 순생산물세,35391.79748638266
prior_year_province_anchor,울산,2022,4,2022Q4,기타산업 및 순생산물세,36152.96927337027
prior_year_province_anchor,인천,2022,1,2022Q1,기타산업 및 순생산물세,25451.807247836314
prior_year_province_anchor,인천,2022,2,2022Q2,기타산업 및 순생산물세,27052.886944366637
prior_year_province_anchor,인천,2022,3,2022Q3,기타산업 및 순생산물세,28233.268785060252
prior_year_province_anchor,인천,2022,4,2022Q4,기타산업 및 순생산물세,28840.482014676363
prior_year_province_anchor,전남,2022,1,2022Q1,기타산업 및 순생산물세,42956.73489300608
prior_year_province_anchor,전남,2022,2,2022Q2,기타산업 및 순생산물세,45658.985283193
prior_year_province_anchor,전남,2022,3,2022Q3,기타산업 및 순생산물세,47651.195475162946
prior_year_province_anchor,전남,2022,4,2022Q4,기타산업 및 순생산물세,48676.03027271402
prior_year_province_anchor,전북,2022,1,2022Q1,기타산업 및 순생산물세,21654.15548747487
prior_year_province_anchor,전북,2022,2,2022Q2,기타산업 및 순생산물세,23016.338862466993
prior_year_province_anchor,전북,2022,3,2022Q3,기타산업 및 순생산물세,24020.596503744877
prior_year_province_anchor,전북,2022,4,2022Q4,기타산업 및 순생산물세,24537.207743179624
prior_year_province_anchor,제주,2022,1,2022Q1,기타산업 및 순생산물세,9179.899416513477
prior_year_province_anchor,제주,2022,2,2022Q2,기타산업 및 순생산물세,9757.373166367517
prior_year_province_anchor,제주,2022,3,2022Q3,기타산업 및 순생산물세,10183.110579240923
prior_year_province_anchor,제주,2022,4,2022Q4,기타산업 및 순생산물세,10402.118853112166
prior_year_province_anchor,충남,2022,1,2022Q1,기타산업 및 순생산물세,46147.77251442524
prior_year_province_anchor,충남,2022,2,2022Q2,기타산업 및 순생산물세,49050.75935907171
prior_year_province_anchor,충남,2022,3,2022Q3,기타산업 및 순생산물세,51190.96072607359
prior_year_province_anchor,충남,2022,4,2022Q4,기타산업 및 순생산물세,52291.925294727385
prior_year_province_anchor,충북,2022,1,2022Q1,기타산업 및 순생산물세,18938.117027020806
prior_year_province_anchor,충북,2022,2,2022Q2,기타산업 및 순생산물세,20129.44439985622
prior_year_province_anchor,충북,2022,3,2022Q3,기타산업 및 순생산물세,21007.73996519476
prior_year_province_anchor,충북,2022,4,2022Q4,기타산업 및 순생산물세,21459.55366513557
prior_year_province_anchor,강원,2023,1,2023Q1,기타산업 및 순생산물세,16075.360668333233
prior_year_province_anchor,강원,2023,2,2023Q2,기타산업 및 순생산물세,17611.47734696039
prior_year_province_anchor,강원,2023,3,2023Q3,기타산업 및 순생산물세,18220.75707046017
prior_year_province_anchor,강원,2023,4,2023Q4,기타산업 및 순생산물세,19081.80002250511
prior_year_province_anchor,경기도,2023,1,2023Q1,기타산업 및 순생산물세,99624.31937328789
prior_year_province_anchor,경기도,2023,2,2023Q2,기타산업 및 순생산물세,109144.1417737674
prior_year_province_anchor,경기도,2023,3,2023Q3,기타산업 및 순생산물세,112920.0494509856
prior_year_province_anchor,경기도,2023,4,2023Q4,기타산업 및 순생산물세,118256.21700694117
prior_year_province_anchor,경남,2023,1,2023Q1,기타산업 및 순생산물세,32759.80066057743
prior_year_province_anchor,경남,2023,2,2023Q2,기타산업 및 순생산물세,35890.23594109619
prior_year_province_anchor,경남,2023,3,2023Q3,기타산업 및 순생산물세,37131.8803869159
prior_year_province_anchor,경남,2023,4,2023Q4,기타산업 및 순생산물세,38886.59034653462
prior_year_province_anchor,경북,2023,1,2023Q1,기타산업 및 순생산물세,35780.2426217052
prior_year_province_anchor,경북,2023,2,2023Q2,기타산업 및 순생산물세,39199.302920911934
prior_year_province_anchor,경북,2023,3,2023Q3,기타산업 및 순생산물세,40555.426542713576
prior_year_province_anchor,경북,2023,4,2023Q4,기타산업 및 순생산물세,42471.920136077635
prior_year_province_anchor,광주,2023,1,2023Q1,기타산업 및 순생산물세,7689.225933917423
prior_year_province_anchor,광주,2023,2,2023Q2,기타산업 및 순생산물세,8423.986941556308
prior_year_province_anchor,광주,2023,3,2023Q3,기타산업 및 순생산물세,8715.419870969414
prior_year_province_anchor,광주,2023,4,2023Q4,기타산업 및 순생산물세,9127.27711844772
prior_year_province_anchor,대구,2023,1,2023Q1,기타산업 및 순생산물세,12544.550619906744
prior_year_province_anchor,대구,2023,2,2023Q2,기타산업 및 순생산물세,13743.27292733721
prior_year_province_anchor,대구,2023,3,2023Q3,기타산업 및 순생산물세,14218.729776537615
prior_year_province_anchor,대구,2023,4,2023Q4,기타산업 및 순생산물세,14890.652299502794
prior_year_province_anchor,대전,2023,1,2023Q1,기타산업 및 순생산물세,8034.677038294649
prior_year_province_anchor,대전,2023,2,2023Q2,기타산업 및 순생산물세,8802.448391022048
prior_year_province_anchor,대전,2023,3,2023Q3,기타산업 및 순생산물세,9106.974423457861
prior_year_province_anchor,대전,2023,4,2023Q4,기타산업 및 순생산물세,9537.335034240861
prior_year_province_anchor,부산,2023,1,2023Q1,기타산업 및 순생산물세,21299.158086692896
prior_year_province_anchor,부산,2023,2,2023Q2,기타산업 및 순생산물세,23334.44629283165
prior_year_province_anchor,부산,2023,3,2023Q3,기타산업 및 순생산물세,24141.715592574456
prior_year_province_anchor,부산,2023,4,2023Q4,기타산업 및 순생산물세,25282.560288592056
prior_year_province_anchor,서울,2023,1,2023Q1,기타산업 및 순생산물세,103371.3841982175
prior_year_province_anchor,서울,2023,2,2023Q2,기타산업 및 순생산물세,113249.26567383864
prior_year_province_anchor,서울,2023,3,2023Q3,기타산업 및 순생산물세,117167.19259824962
prior_year_province_anchor,서울,2023,4,2023Q4,기타산업 및 순생산물세,122704.0638164699
prior_year_province_anchor,세종,2023,1,2023Q1,기타산업 및 순생산물세,2966.277793103726
prior_year_province_anchor,세종,2023,2,2023Q2,기타산업 및 순생산물세,3249.7270347996773
prior_year_province_anchor,세종,2023,3,2023Q3,기타산업 및 순생산물세,3362.1533094502965
prior_year_province_anchor,세종,2023,4,2023Q4,기타산업 및 순생산물세,3521.0357532259236
prior_year_province_anchor,울산,2023,1,2023Q1,기타산업 및 순생산물세,30222.48962345861
prior_year_province_anchor,울산,2023,2,2023Q2,기타산업 및 순생산물세,33110.46653035836
prior_year_province_anchor,울산,2023,3,2023Q3,기타산업 및 순생산물세,34255.943170116094
prior_year_province_anchor,울산,2023,4,2023Q4,기타산업 및 순생산물세,35874.74738984303
prior_year_province_anchor,인천,2023,1,2023Q1,기타산업 및 순생산물세,24051.996556660026
prior_year_province_anchor,인천,2023,2,2023Q2,기타산업 및 순생산물세,26350.338337429486
prior_year_province_anchor,인천,2023,3,2023Q3,기타산업 및 순생산물세,27261.944248737418
prior_year_province_anchor,인천,2023,4,2023Q4,기타산업 및 순생산물세,28550.238959195605
prior_year_province_anchor,전남,2023,1,2023Q1,기타산업 및 순생산물세,39389.73465354689
prior_year_province_anchor,전남,2023,2,2023Q2,기타산업 및 순생산물세,43153.707955073136
prior_year_province_anchor,전남,2023,3,2023Q3,기타산업 및 순생산물세,44646.636613633134
prior_year_province_anchor,전남,2023,4,2023Q4,기타산업 및 순생산물세,46756.465071365245
prior_year_province_anchor,전북,2023,1,2023Q1,기타산업 및 순생산물세,20716.123344583633
prior_year_province_anchor,전북,2023,2,2023Q2,기타산업 및 순생산물세,22695.698375133277
prior_year_province_anchor,전북,2023,3,2023Q3,기타산업 및 순생산물세,23480.869803867634
prior_year_province_anchor,전북,2023,4,2023Q4,기타산업 및 순생산물세,24590.48546771307
prior_year_province_anchor,제주,2023,1,2023Q1,기타산업 및 순생산물세,9119.253454161817
prior_year_province_anchor,제주,2023,2,2023Q2,기타산업 및 순생산물세,9990.663907499951
prior_year_province_anchor,제주,2023,3,2023Q3,기타산업 및 순생산물세,10336.296975255702
prior_year_province_anchor,제주,2023,4,2023Q4,기타산업 및 순생산물세,10824.7506452306
prior_year_province_anchor,충남,2023,1,2023Q1,기타산업 및 순생산물세,44136.322555249535
prior_year_province_anchor,충남,2023,2,2023Q2,기타산업 및 순생산물세,48353.86657240759
prior_year_province_anchor,충남,2023,3,2023Q3,기타산업 및 순생산물세,50026.69786730556
prior_year_province_anchor,충남,2023,4,2023Q4,기타산업 및 순생산물세,52390.76734291254
prior_year_province_anchor,충북,2023,1,2023Q1,기타산업 및 순생산물세,18138.2623526553
prior_year_province_anchor,충북,2023,2,2023Q2,기타산업 및 순생산물세,19871.504168878746
prior_year_province_anchor,충북,2023,3,2023Q3,기타산업 및 순생산물세,20558.970888848657
prior_year_province_anchor,충북,2023,4,2023Q4,기타산업 및 순생산물세,21530.50883958723
prior_year_province_anchor,강원,2024,1,2024Q1,기타산업 및 순생산물세,17560.298740950184
prior_year_province_anchor,강원,2024,2,2024Q2,기타산업 및 순생산물세,18329.056802849635
prior_year_province_anchor,강원,2024,3,2024Q3,기타산업 및 순생산물세,19488.539064093395
prior_year_province_anchor,강원,2024,4,2024Q4,기타산업 및 순생산물세,19815.283080769546
prior_year_province_anchor,경기도,2024,1,2024Q1,기타산업 및 순생산물세,102401.85774234583
prior_year_province_anchor,경기도,2024,2,2024Q2,기타산업 및 순생산물세,106884.82553544668
prior_year_province_anchor,경기도,2024,3,2024Q3,기타산업 및 순생산물세,113646.27870445081
prior_year_province_anchor,경기도,2024,4,2024Q4,기타산업 및 순생산물세,115551.66737735578
prior_year_province_anchor,경남,2024,1,2024Q1,기타산업 및 순생산물세,34653.1249920543
prior_year_province_anchor,경남,2024,2,2024Q2,기타산업 및 순생산물세,36170.17601724714
prior_year_province_anchor,경남,2024,3,2024Q3,기타산업 및 순생산물세,38458.273977178294
prior_year_province_anchor,경남,2024,4,2024Q4,기타산업 및 순생산물세,39103.06376221084
prior_year_province_anchor,경북,2024,1,2024Q1,기타산업 및 순생산물세,38392.58427519852
prior_year_province_anchor,경북,2024,2,2024Q2,기타산업 및 순생산물세,40073.34205239314
prior_year_province_anchor,경북,2024,3,2024Q3,기타산업 및 순생산물세,42608.351341647984
prior_year_province_anchor,경북,2024,4,2024Q4,기타산업 및 순생산물세,43322.72114717996
prior_year_province_anchor,광주,2024,1,2024Q1,기타산업 및 순생산물세,8322.076254580194
prior_year_province_anchor,광주,2024,2,2024Q2,기타산업 및 순생산물세,8686.401674485
prior_year_province_anchor,광주,2024,3,2024Q3,기타산업 및 순생산물세,9235.896870224564
prior_year_province_anchor,광주,2024,4,2024Q4,기타산업 및 순생산물세,9390.745524146703
prior_year_province_anchor,대구,2024,1,2024Q1,기타산업 및 순생산물세,12527.839488850595
prior_year_province_anchor,대구,2024,2,2024Q2,기타산업 및 순생산물세,13076.28560285532
prior_year_province_anchor,대구,2024,3,2024Q3,기타산업 및 순생산물세,13903.48153347793
prior_year_province_anchor,대구,2024,4,2024Q4,기타산업 및 순생산물세,14136.58671325004
prior_year_province_anchor,대전,2024,1,2024Q1,기타산업 및 순생산물세,8452.926465342547
prior_year_province_anchor,대전,2024,2,2024Q2,기타산업 및 순생산물세,8822.98027039095
prior_year_province_anchor,대전,2024,3,2024Q3,기타산업 및 순생산물세,9381.11532473982
prior_year_province_anchor,대전,2024,4,2024Q4,기타산업 및 순생산물세,9538.398705091055
prior_year_province_anchor,부산,2024,1,2024Q1,기타산업 및 순생산물세,22518.776666655558
prior_year_province_anchor,부산,2024,2,2024Q2,기타산업 및 순생산물세,23504.607908024744
prior_year_province_anchor,부산,2024,3,2024Q3,기타산업 및 순생산물세,24991.4916151344
prior_year_province_anchor,부산,2024,4,2024Q4,기타산업 및 순생산물세,25410.49790012076
prior_year_province_anchor,서울,2024,1,2024Q1,기타산업 및 순생산물세,107490.08146721854
prior_year_province_anchor,서울,2024,2,2024Q2,기타산업 및 순생산물세,112195.80247579415
prior_year_province_anchor,서울,2024,3,2024Q3,기타산업 및 순생산물세,119293.22402650192
prior_year_province_anchor,서울,2024,4,2024Q4,기타산업 및 순생산물세,121293.2891443887
prior_year_province_anchor,세종,2024,1,2024Q1,기타산업 및 순생산물세,3093.20511931188
prior_year_province_anchor,세종,2024,2,2024Q2,기타산업 및 순생산물세,3228.6200349496416
prior_year_province_anchor,세종,2024,3,2024Q3,기타산업 및 순생산물세,3432.8600948221338
prior_year_province_anchor,세종,2024,4,2024Q4,기타산업 및 순생산물세,3490.4152810975415
prior_year_province_anchor,울산,2024,1,2024Q1,기타산업 및 순생산물세,31662.65390186636
prior_year_province_anchor,울산,2024,2,2024Q2,기타산업 및 순생산물세,33048.78752107578
prior_year_province_anchor,울산,2024,3,2024Q3,기타산업 및 순생산물세,35139.428807120785
prior_year_province_anchor,울산,2024,4,2024Q4,기타산업 및 순생산물세,35728.57497525498
prior_year_province_anchor,인천,2024,1,2024Q1,기타산업 및 순생산물세,25680.844817765374
prior_year_province_anchor,인천,2024,2,2024Q2,기타산업 및 순생산물세,26805.10567353357
prior_year_province_anchor,인천,2024,3,2024Q3,기타산업 및 순생산물세,28500.77637135118
prior_year_province_anchor,인천,2024,4,2024Q4,기타산업 및 순생산물세,28978.619175233885
prior_year_province_anchor,전남,2024,1,2024Q1,기타산업 및 순생산물세,42097.62391783726
prior_year_province_anchor,전남,2024,2,2024Q2,기타산업 및 순생산물세,43940.58161753625
prior_year_province_anchor,전남,2024,3,2024Q3,기타산업 및 순생산물세,46720.22955481287
prior_year_province_anchor,전남,2024,4,2024Q4,기타산업 및 순생산물세,47503.538935498946
prior_year_province_anchor,전북,2024,1,2024Q1,기타산업 및 순생산물세,21170.325735315335
prior_year_province_anchor,전북,2024,2,2024Q2,기타산업 및 순생산물세,22097.124238128305
prior_year_province_anchor,전북,2024,3,2024Q3,기타산업 및 순생산물세,23494.97159351573
prior_year_province_anchor,전북,2024,4,2024Q4,기타산업 및 순생산물세,23888.887287499256
prior_year_province_anchor,제주,2024,1,2024Q1,기타산업 및 순생산물세,10470.985709362083
prior_year_province_anchor,제주,2024,2,2024Q2,기타산업 및 순생산물세,10929.38649165256
prior_year_province_anchor,제주,2024,3,2024Q3,기타산업 및 순생산물세,11620.771209352715
prior_year_province_anchor,제주,2024,4,2024Q4,기타산업 및 순생산물세,11815.604564963978
prior_year_province_anchor,충남,2024,1,2024Q1,기타산업 및 순생산물세,45436.57843013157
prior_year_province_anchor,충남,2024,2,2024Q2,기타산업 및 순생산물세,47425.70950862713
prior_year_province_anchor,충남,2024,3,2024Q3,기타산업 및 순생산물세,50425.82399862115
prior_year_province_anchor,충남,2024,4,2024Q4,기타산업 및 순생산물세,51271.261218072395
prior_year_province_anchor,충북,2024,1,2024Q1,기타산업 및 순생산물세,19715.255146099655
prior_year_province_anchor,충북,2024,2,2024Q2,기타산업 및 순생산물세,20578.353294915578
prior_year_province_anchor,충북,2024,3,2024Q3,기타산업 및 순생산물세,21880.124349897094
prior_year_province_anchor,충북,2024,4,2024Q4,기타산업 및 순생산물세,22246.96558370877
prior_year_province_anchor,강원,2025,1,2025Q1,기타산업 및 순생산물세,16535.48566209096
prior_year_province_anchor,강원,2025,2,2025Q2,기타산업 및 순생산물세,16839.0890279491
prior_year_province_anchor,강원,2025,3,2025Q3,기타산업 및 순생산물세,18426.590292881807
prior_year_province_anchor,강원,2025,4,2025Q4,기타산업 및 순생산물세,18367.34448446719
prior_year_province_anchor,경기도,2025,1,2025Q1,기타산업 및 순생산물세,101800.96126065191
prior_year_province_anchor,경기도,2025,2,2025Q2,기타산업 및 순생산물세,103670.09985856955
prior_year_province_anchor,경기도,2025,3,2025Q3,기타산업 및 순생산물세,113443.574800594
prior_year_province_anchor,경기도,2025,4,2025Q4,기타산업 및 순생산물세,113078.82710763087
prior_year_province_anchor,경남,2025,1,2025Q1,기타산업 및 순생산물세,35915.676294539444
prior_year_province_anchor,경남,2025,2,2025Q2,기타산업 및 순생산물세,36575.11384798804
prior_year_province_anchor,경남,2025,3,2025Q3,기타산업 및 순생산물세,40023.22433676609
prior_year_province_anchor,경남,2025,4,2025Q4,기타산업 및 순생산물세,39894.54028597308
prior_year_province_anchor,경북,2025,1,2025Q1,기타산업 및 순생산물세,39034.27083046677
prior_year_province_anchor,경북,2025,2,2025Q2,기타산업 및 순생산물세,39750.96801433705
prior_year_province_anchor,경북,2025,3,2025Q3,기타산업 및 순생산물세,43498.481427937986
prior_year_province_anchor,경북,2025,4,2025Q4,기타산업 및 순생산물세,43358.62361072685
prior_year_province_anchor,광주,2025,1,2025Q1,기타산업 및 순생산물세,8545.915669823416
prior_year_province_anchor,광주,2025,2,2025Q2,기타산업 및 순생산물세,8702.824805407288
prior_year_province_anchor,광주,2025,3,2025Q3,기타산업 및 순생산물세,9523.28162252731
prior_year_province_anchor,광주,2025,4,2025Q4,기타산업 및 순생산물세,9492.662039114495
prior_year_province_anchor,대구,2025,1,2025Q1,기타산업 및 순생산물세,12299.109708875923
prior_year_province_anchor,대구,2025,2,2025Q2,기타산업 및 순생산물세,12524.930176504153
prior_year_province_anchor,대구,2025,3,2025Q3,기타산업 및 순생산물세,13705.715102897278
prior_year_province_anchor,대구,2025,4,2025Q4,기타산업 및 순생산물세,13661.648015158033
prior_year_province_anchor,대전,2025,1,2025Q1,기타산업 및 순생산물세,8768.549438315426
prior_year_province_anchor,대전,2025,2,2025Q2,기타산업 및 순생산물세,8929.546289425116
prior_year_province_anchor,대전,2025,3,2025Q3,기타산업 및 순생산물세,9771.377222571744
prior_year_province_anchor,대전,2025,4,2025Q4,기타산업 및 순생산물세,9739.959953631918
prior_year_province_anchor,부산,2025,1,2025Q1,기타산업 및 순생산물세,22979.814861239352
prior_year_province_anchor,부산,2025,2,2025Q2,기타산업 및 순생산물세,23401.74072911174
prior_year_province_anchor,부산,2025,3,2025Q3,기타산업 및 순생산물세,25607.934481483444
prior_year_province_anchor,부산,2025,4,2025Q4,기타산업 및 순생산물세,25525.59896763799
prior_year_province_anchor,서울,2025,1,2025Q1,기타산업 및 순생산물세,108675.72295882509
prior_year_province_anchor,서울,2025,2,2025Q2,기타산업 및 순생산물세,110671.0871078811
prior_year_province_anchor,서울,2025,3,2025Q3,기타산업 및 순생산물세,121104.57852084485
prior_year_province_anchor,서울,2025,4,2025Q4,기타산업 및 순생산물세,120715.19890458723
prior_year_province_anchor,세종,2025,1,2025Q1,기타산업 및 순생산물세,3245.142796153192
prior_year_province_anchor,세종,2025,2,2025Q2,기타산업 및 순생산물세,3304.725943315367
prior_year_province_anchor,세종,2025,3,2025Q3,기타산업 및 순생산물세,3616.2782254228778
prior_year_province_anchor,세종,2025,4,2025Q4,기타산업 및 순생산물세,3604.6510429918385
prior_year_province_anchor,울산,2025,1,2025Q1,기타산업 및 순생산물세,32133.11560748932
prior_year_province_anchor,울산,2025,2,2025Q2,기타산업 및 순생산물세,32723.102636192583
prior_year_province_anchor,울산,2025,3,2025Q3,기타산업 및 순생산물세,35808.06564940883
prior_year_province_anchor,울산,2025,4,2025Q4,기타산업 및 순생산물세,35692.93432215604
prior_year_province_anchor,인천,2025,1,2025Q1,기타산업 및 순생산물세,26222.262088421357
prior_year_province_anchor,인천,2025,2,2025Q2,기타산업 및 순생산물세,26703.721610878
prior_year_province_anchor,인천,2025,3,2025Q3,기타산업 및 순생산물세,29221.208855307807
prior_year_province_anchor,인천,2025,4,2025Q4,기타산업 및 순생산물세,29127.25581711854
prior_year_province_anchor,전남,2025,1,2025Q1,기타산업 및 순생산물세,42786.326426777516
prior_year_province_anchor,전남,2025,2,2025Q2,기타산업 및 순생산물세,43571.91404006762
prior_year_province_anchor,전남,2025,3,2025Q3,기타산업 및 순생산물세,47679.64626592254
prior_year_province_anchor,전남,2025,4,2025Q4,기타산업 및 순생산물세,47526.345023367714
prior_year_province_anchor,전북,2025,1,2025Q1,기타산업 및 순생산물세,21373.74970684103
prior_year_province_anchor,전북,2025,2,2025Q2,기타산업 및 순생산물세,21766.187067594412
prior_year_province_anchor,전북,2025,3,2025Q3,기타산업 및 순생산물세,23818.189372779478
prior_year_province_anchor,전북,2025,4,2025Q4,기타산업 및 순생산물세,23741.60830911368
prior_year_province_anchor,제주,2025,1,2025Q1,기타산업 및 순생산물세,10191.315902673012
prior_year_province_anchor,제주,2025,2,2025Q2,기타산업 및 순생산물세,10378.435765603233
prior_year_province_anchor,제주,2025,3,2025Q3,기타산업 및 순생산물세,11356.860422576774
prior_year_province_anchor,제주,2025,4,2025Q4,기타산업 및 순생산물세,11320.345453388609
prior_year_province_anchor,충남,2025,1,2025Q1,기타산업 및 순생산물세,45288.999917869536
prior_year_province_anchor,충남,2025,2,2025Q2,기타산업 및 순생산물세,46120.53840983757
prior_year_province_anchor,충남,2025,3,2025Q3,기타산업 및 순생산물세,50468.541614967726
prior_year_province_anchor,충남,2025,4,2025Q4,기타산업 및 순생산물세,50306.27341993218
prior_year_province_anchor,충북,2025,1,2025Q1,기타산업 및 순생산물세,19989.716169401894
prior_year_province_anchor,충북,2025,2,2025Q2,기타산업 및 순생산물세,20356.741682628453
prior_year_province_anchor,충북,2025,3,2025Q3,기타산업 및 순생산물세,22275.8688466599
prior_year_province_anchor,충북,2025,4,2025Q4,기타산업 및 순생산물세,22204.24670512522
